source_timestamp_utc,open,high,low,close,adj_close,volume,session_date
2010-01-04 14:30:00+00:00,46.33000183105469,46.4900016784668,46.27000045776367,46.41999816894531,40.24656295776367,62822800,2010-01-04
2010-01-05 14:30:00+00:00,46.38999938964844,46.5,46.15999984741211,46.41999816894531,40.24656295776367,62935600,2010-01-05
2010-01-06 14:30:00+00:00,46.400001525878906,46.54999923706055,46.06999969482422,46.13999938964844,40.003807067871094,96033000,2010-01-06
2010-01-07 14:30:00+00:00,46.209999084472656,46.27000045776367,45.91999816894531,46.16999816894531,40.029815673828125,77094100,2010-01-07
2010-01-08 14:30:00+00:00,46.06999969482422,46.54999923706055,45.93000030517578,46.54999923706055,40.35927963256836,88886600,2010-01-08
2010-01-11 14:30:00+00:00,46.61000061035156,46.63999938964844,46.119998931884766,46.36000061035156,40.19456100463867,104673400,2010-01-11
2010-01-12 14:30:00+00:00,46.08000183105469,46.13999938964844,45.529998779296875,45.779998779296875,39.69165802001953,90673900,2010-01-12
2010-01-13 14:30:00+00:00,45.91999816894531,46.4900016784668,45.61000061035156,46.349998474121094,40.18586730957031,100661000,2010-01-13
2010-01-14 14:30:00+00:00,46.2599983215332,46.52000045776367,46.220001220703125,46.38999938964844,40.220550537109375,75209000,2010-01-14
2010-01-15 14:30:00+00:00,46.470001220703125,46.54999923706055,45.650001525878906,45.849998474121094,39.75236892700195,126849300,2010-01-15
2010-01-19 14:30:00+00:00,45.959999084472656,46.63999938964844,45.95000076293945,46.59000015258789,40.39393997192383,84388200,2010-01-19
2010-01-20 14:30:00+00:00,46.2599983215332,46.599998474121094,45.43000030517578,45.91999816894531,39.81306076049805,145680000,2010-01-20
2010-01-21 14:30:00+00:00,46.04999923706055,46.349998474121094,45.29999923706055,45.4900016784668,39.440242767333984,204939600,2010-01-21
2010-01-22 14:30:00+00:00,45.34000015258789,45.47999954223633,44.040000915527344,44.15999984741211,38.28712844848633,171098700,2010-01-22
2010-01-25 14:30:00+00:00,44.43000030517578,44.599998474121094,44.119998931884766,44.310001373291016,38.41717529296875,154218700,2010-01-25
2010-01-26 14:30:00+00:00,44.2599983215332,44.88999938964844,44.04999923706055,44.349998474121094,38.451866149902344,140816500,2010-01-26
2010-01-27 14:30:00+00:00,44.27000045776367,44.849998474121094,44.0099983215332,44.70000076293945,38.75531768798828,161632700,2010-01-27
2010-01-28 14:30:00+00:00,44.400001525878906,44.43000030517578,43.31999969482422,43.54999923706055,37.75824737548828,221439800,2010-01-28
2010-01-29 14:30:00+00:00,43.90999984741211,44.02000045776367,42.630001068115234,42.790000915527344,37.099327087402344,212099600,2010-01-29
2010-02-01 14:30:00+00:00,42.900001525878906,43.279998779296875,42.880001068115234,43.2599983215332,37.506813049316406,136827100,2010-02-01
2010-02-02 14:30:00+00:00,43.33000183105469,43.779998779296875,43.029998779296875,43.650001525878906,37.84492874145508,110727700,2010-02-02
2010-02-03 14:30:00+00:00,43.439998626708984,43.970001220703125,43.41999816894531,43.88999938964844,38.05302810668945,93581600,2010-02-03
2010-02-04 14:30:00+00:00,43.56999969482422,43.65999984741211,42.619998931884766,42.619998931884766,36.95193862915039,151652500,2010-02-04
2010-02-05 14:30:00+00:00,42.72999954223633,43.02000045776367,42.119998931884766,42.97999954223633,37.26405334472656,213618600,2010-02-05
2010-02-08 14:30:00+00:00,42.90999984741211,43.18000030517578,42.63999938964844,42.66999816894531,36.995277404785156,94354400,2010-02-08
2010-02-09 14:30:00+00:00,43.18000030517578,43.5099983215332,42.7599983215332,43.11000061035156,37.37678146362305,118956000,2010-02-09
2010-02-10 14:30:00+00:00,43.11000061035156,43.310001373291016,42.75,43.02000045776367,37.29873275756836,94102900,2010-02-10
2010-02-11 14:30:00+00:00,43.029998779296875,43.790000915527344,42.7599983215332,43.66999816894531,37.86229705810547,93050800,2010-02-11
2010-02-12 14:30:00+00:00,43.279998779296875,43.880001068115234,43.15999984741211,43.7599983215332,37.94032287597656,93938500,2010-02-12
2010-02-16 14:30:00+00:00,44.08000183105469,44.349998474121094,43.849998474121094,44.31999969482422,38.425846099853516,83861400,2010-02-16
2010-02-17 14:30:00+00:00,44.52000045776367,44.56999969482422,44.2599983215332,44.56999969482422,38.6425895690918,82691700,2010-02-17
2010-02-18 14:30:00+00:00,44.540000915527344,44.93000030517578,44.45000076293945,44.849998474121094,38.88536071777344,65752600,2010-02-18
2010-02-19 14:30:00+00:00,44.72999954223633,45.04999923706055,44.619998931884766,44.83000183105469,38.86801528930664,80416500,2010-02-19
2010-02-22 14:30:00+00:00,45.0099983215332,45.029998779296875,44.560001373291016,44.7400016784668,38.789974212646484,72055000,2010-02-22
2010-02-23 14:30:00+00:00,44.709999084472656,44.7400016784668,43.95000076293945,44.15999984741211,38.28712844848633,95814400,2010-02-23
2010-02-24 14:30:00+00:00,44.38999938964844,44.790000915527344,44.31999969482422,44.61000061035156,38.67727279663086,86591000,2010-02-24
2010-02-25 14:30:00+00:00,44.13999938964844,44.70000076293945,43.83000183105469,44.599998474121094,38.66859436035156,97961300,2010-02-25
2010-02-26 14:30:00+00:00,44.59000015258789,44.86000061035156,44.400001525878906,44.7599983215332,38.80731964111328,66222400,2010-02-26
2010-03-01 14:30:00+00:00,44.959999084472656,45.4900016784668,44.95000076293945,45.40999984741211,39.370872497558594,77290100,2010-03-01
2010-03-02 14:30:00+00:00,45.56999969482422,45.849998474121094,45.45000076293945,45.54999923706055,39.49225997924805,76368500,2010-03-02
2010-03-03 14:30:00+00:00,45.65999984741211,45.81999969482422,45.43000030517578,45.599998474121094,39.53559875488281,65735500,2010-03-03
2010-03-04 14:30:00+00:00,45.630001068115234,45.810001373291016,45.400001525878906,45.75,39.6656494140625,54470900,2010-03-04
2010-03-05 14:30:00+00:00,46.09000015258789,46.540000915527344,45.9900016784668,46.439998626708984,40.26390075683594,68136300,2010-03-05
2010-03-08 14:30:00+00:00,46.459999084472656,46.63999938964844,46.439998626708984,46.529998779296875,40.3419303894043,58712400,2010-03-08
2010-03-09 14:30:00+00:00,46.43000030517578,47.04999923706055,46.400001525878906,46.790000915527344,40.56736373901367,98002800,2010-03-09
2010-03-10 14:30:00+00:00,46.81999969482422,47.279998779296875,46.79999923706055,47.16999816894531,40.89680862426758,102578900,2010-03-10
2010-03-11 14:30:00+00:00,47.060001373291016,47.349998474121094,46.97999954223633,47.349998474121094,41.05288314819336,67510300,2010-03-11
2010-03-12 14:30:00+00:00,47.5,47.529998779296875,47.099998474121094,47.36000061035156,41.06155014038086,64068300,2010-03-12
2010-03-15 13:30:00+00:00,47.2599983215332,47.380001068115234,46.90999984741211,47.2400016784668,40.95750045776367,60150500,2010-03-15
2010-03-16 13:30:00+00:00,47.38999938964844,47.61000061035156,47.22999954223633,47.540000915527344,41.21760940551758,74950600,2010-03-16
2010-03-17 13:30:00+00:00,47.61000061035156,47.900001525878906,47.529998779296875,47.66999816894531,41.330318450927734,75643500,2010-03-17
2010-03-18 13:30:00+00:00,47.709999084472656,47.880001068115234,47.599998474121094,47.83000183105469,41.46904754638672,77829400,2010-03-18
2010-03-19 13:30:00+00:00,47.91999816894531,47.95000076293945,47.31999969482422,47.4900016784668,41.21820831298828,86337100,2010-03-19
2010-03-22 13:30:00+00:00,47.29999923706055,48.11000061035156,47.25,47.91999816894531,41.59142303466797,71902800,2010-03-22
2010-03-23 13:30:00+00:00,47.9900016784668,48.29999923706055,47.77000045776367,48.25,41.87783432006836,59182600,2010-03-23
2010-03-24 13:30:00+00:00,48.16999816894531,48.16999816894531,47.90999984741211,48.02000045776367,41.67821502685547,62995700,2010-03-24
2010-03-25 13:30:00+00:00,48.41999816894531,48.599998474121094,47.900001525878906,47.95000076293945,41.61745834350586,76294800,2010-03-25
2010-03-26 13:30:00+00:00,48.150001525878906,48.33000183105469,47.7400016784668,48.0,41.660858154296875,78067900,2010-03-26
2010-03-29 13:30:00+00:00,48.2400016784668,48.400001525878906,48.099998474121094,48.22999954223633,41.8604850769043,57993300,2010-03-29
2010-03-30 13:30:00+00:00,48.380001068115234,48.54999923706055,48.060001373291016,48.38999938964844,41.99934005737305,49437300,2010-03-30
2010-03-31 13:30:00+00:00,48.2400016784668,48.45000076293945,48.06999969482422,48.15999984741211,41.79973220825195,59947400,2010-03-31
2010-04-01 13:30:00+00:00,48.36000061035156,48.70000076293945,47.790000915527344,48.15999984741211,41.79973220825195,83728600,2010-04-01
2010-04-05 13:30:00+00:00,48.27000045776367,48.720001220703125,48.13999938964844,48.61000061035156,42.190303802490234,56220300,2010-04-05
2010-04-06 13:30:00+00:00,48.5,48.900001525878906,48.38999938964844,48.75,42.31181335449219,54097100,2010-04-06
2010-04-07 13:30:00+00:00,48.68000030517578,48.869998931884766,48.369998931884766,48.630001068115234,42.2076530456543,77211500,2010-04-07
2010-04-08 13:30:00+00:00,48.4900016784668,48.81999969482422,48.2400016784668,48.7400016784668,42.30312728881836,68314300,2010-04-08
2010-04-09 13:30:00+00:00,48.75,49.04999923706055,48.630001068115234,49.029998779296875,42.55481719970703,54227300,2010-04-09
2010-04-12 13:30:00+00:00,49.04999923706055,49.20000076293945,48.939998626708984,49.06999969482422,42.58955383300781,44280600,2010-04-12
2010-04-13 13:30:00+00:00,49.02000045776367,49.349998474121094,48.86000061035156,49.31999969482422,42.8065299987793,59376000,2010-04-13
2010-04-14 13:30:00+00:00,49.58000183105469,49.91999816894531,49.5,49.90999984741211,43.31861114501953,69004800,2010-04-14
2010-04-15 13:30:00+00:00,49.869998931884766,50.189998626708984,49.869998931884766,50.130001068115234,43.509544372558594,72254200,2010-04-15
2010-04-16 13:30:00+00:00,49.95000076293945,50.119998931884766,49.20000076293945,49.529998779296875,42.98881912231445,127388000,2010-04-16
2010-04-19 13:30:00+00:00,49.349998474121094,49.65999984741211,48.900001525878906,49.5,42.9627571105957,98251700,2010-04-19
2010-04-20 13:30:00+00:00,49.77000045776367,49.880001068115234,49.43000030517578,49.75,43.17974090576172,69543700,2010-04-20
2010-04-21 13:30:00+00:00,50.09000015258789,50.189998626708984,49.720001220703125,50.029998779296875,43.42274475097656,74748700,2010-04-21
2010-04-22 13:30:00+00:00,49.54999923706055,50.36000061035156,49.2599983215332,50.310001373291016,43.66579818725586,110477200,2010-04-22
2010-04-23 13:30:00+00:00,50.29999923706055,50.56999969482422,50.09000015258789,50.52000045776367,43.84807205200195,77205200,2010-04-23
2010-04-26 13:30:00+00:00,50.56999969482422,50.650001525878906,50.29999923706055,50.40999984741211,43.752586364746094,67361000,2010-04-26
2010-04-27 13:30:00+00:00,50.209999084472656,50.43000030517578,49.209999084472656,49.34000015258789,42.82388687133789,112608000,2010-04-27
2010-04-28 13:30:00+00:00,49.599998474121094,49.630001068115234,48.97999954223633,49.369998931884766,42.84990692138672,130082100,2010-04-28
2010-04-29 13:30:00+00:00,49.650001525878906,50.33000183105469,49.61000061035156,50.22999954223633,43.59634780883789,84180200,2010-04-29
2010-04-30 13:30:00+00:00,50.209999084472656,50.290000915527344,49.20000076293945,49.2400016784668,42.737098693847656,110897000,2010-04-30
2010-05-03 13:30:00+00:00,49.45000076293945,50.16999816894531,49.43000030517578,49.93000030517578,43.335968017578125,74169700,2010-05-03
2010-05-04 13:30:00+00:00,49.31999969482422,49.31999969482422,48.08000183105469,48.43000030517578,42.03408432006836,141136500,2010-05-04
2010-05-05 13:30:00+00:00,47.91999816894531,48.5,47.63999938964844,48.18000030517578,41.817073822021484,128560200,2010-05-05
2010-05-06 13:30:00+00:00,47.849998474121094,48.31999969482422,42.63999938964844,46.56999969482422,40.41970443725586,274356800,2010-05-06
2010-05-07 13:30:00+00:00,46.220001220703125,46.79999923706055,44.279998779296875,45.40999984741211,39.41290283203125,288200400,2010-05-07
2010-05-10 13:30:00+00:00,47.43000030517578,47.79999923706055,47.310001373291016,47.77000045776367,41.461246490478516,136041600,2010-05-10
2010-05-11 13:30:00+00:00,47.290000915527344,48.38999938964844,47.20000076293945,47.720001220703125,41.417823791503906,113016100,2010-05-11
2010-05-12 13:30:00+00:00,47.97999954223633,48.65999984741211,47.900001525878906,48.619998931884766,42.198974609375,85462400,2010-05-12
2010-05-13 13:30:00+00:00,48.40999984741211,48.790000915527344,47.72999954223633,47.849998474121094,41.53065490722656,102844300,2010-05-13
2010-05-14 13:30:00+00:00,47.4900016784668,47.52000045776367,46.380001068115234,46.93000030517578,40.73216247558594,147386100,2010-05-14
2010-05-17 13:30:00+00:00,47.02000045776367,47.27000045776367,46.06999969482422,47.08000183105469,40.862342834472656,120969600,2010-05-17
2010-05-18 13:30:00+00:00,47.47999954223633,47.58000183105469,46.220001220703125,46.43000030517578,40.29819869995117,153072100,2010-05-18
2010-05-19 13:30:00+00:00,46.2599983215332,46.630001068115234,45.54999923706055,46.060001373291016,39.97706985473633,159000300,2010-05-19
2010-05-20 13:30:00+00:00,45.15999984741211,45.279998779296875,44.25,44.349998474121094,38.492897033691406,189289800,2010-05-20
2010-05-21 13:30:00+00:00,43.65999984741211,45.63999938964844,43.4900016784668,44.84000015258789,38.91819381713867,190631100,2010-05-21
2010-05-24 13:30:00+00:00,44.81999969482422,45.33000183105469,44.63999938964844,44.65999984741211,38.76194763183594,113038000,2010-05-24
2010-05-25 13:30:00+00:00,43.68000030517578,44.7599983215332,43.22999954223633,44.70000076293945,38.79668045043945,155643000,2010-05-25
2010-05-26 13:30:00+00:00,45.0099983215332,45.56999969482422,44.119998931884766,44.20000076293945,38.362693786621094,140203200,2010-05-26
2010-05-27 13:30:00+00:00,45.20000076293945,45.88999938964844,45.09000015258789,45.869998931884766,39.81216812133789,110671600,2010-05-27
2010-05-28 13:30:00+00:00,45.95000076293945,45.9900016784668,45.20000076293945,45.599998474121094,39.577796936035156,128535300,2010-05-28
2010-06-01 13:30:00+00:00,45.43000030517578,46.25,45.130001068115234,45.18000030517578,39.213294982910156,104242700,2010-06-01
2010-06-02 13:30:00+00:00,45.439998626708984,46.279998779296875,45.130001068115234,46.25,40.1419792175293,97249300,2010-06-02
2010-06-03 13:30:00+00:00,46.380001068115234,46.77000045776367,46.08000183105469,46.689998626708984,40.523860931396484,98928400,2010-06-03
2010-06-04 13:30:00+00:00,45.70000076293945,46.290000915527344,44.939998626708984,45.09000015258789,39.13516616821289,112849900,2010-06-04
2010-06-07 13:30:00+00:00,45.31999969482422,45.459999084472656,44.220001220703125,44.27000045776367,38.423465728759766,88436600,2010-06-07
2010-06-08 13:30:00+00:00,44.349998474121094,44.47999954223633,43.59000015258789,44.189998626708984,38.35402297973633,133030100,2010-06-08
2010-06-09 13:30:00+00:00,44.5,44.90999984741211,43.689998626708984,43.81999969482422,38.03289031982422,101949200,2010-06-09
2010-06-10 13:30:00+00:00,44.36000061035156,45.119998931884766,44.2400016784668,45.06999969482422,39.117794036865234,76892300,2010-06-10
2010-06-11 13:30:00+00:00,44.61000061035156,45.540000915527344,44.61000061035156,45.5,39.49101638793945,74346800,2010-06-11
2010-06-14 13:30:00+00:00,45.91999816894531,46.2400016784668,45.40999984741211,45.4900016784668,39.482337951660156,68085000,2010-06-14
2010-06-15 13:30:00+00:00,45.72999954223633,46.77000045776367,45.45000076293945,46.709999084472656,40.54121017456055,76332600,2010-06-15
2010-06-16 13:30:00+00:00,46.58000183105469,47.13999938964844,46.5,46.900001525878906,40.70611572265625,78399700,2010-06-16
2010-06-17 13:30:00+00:00,47.15999984741211,47.18000030517578,46.63999938964844,47.04999923706055,40.8363151550293,77111900,2010-06-17
2010-06-18 13:30:00+00:00,47.04999923706055,47.34000015258789,46.86000061035156,47.0,40.87024688720703,75921400,2010-06-18
2010-06-21 13:30:00+00:00,47.599998474121094,47.68000030517578,46.33000183105469,46.599998474121094,40.52240753173828,95488100,2010-06-21
2010-06-22 13:30:00+00:00,46.79999923706055,47.13999938964844,46.150001525878906,46.2400016784668,40.20933532714844,94493400,2010-06-22
2010-06-23 13:30:00+00:00,46.290000915527344,46.470001220703125,45.689998626708984,46.04999923706055,40.04412078857422,92397600,2010-06-23
2010-06-24 13:30:00+00:00,45.849998474121094,45.9900016784668,45.20000076293945,45.349998474121094,39.43543243408203,114145900,2010-06-24
2010-06-25 13:30:00+00:00,45.5099983215332,45.65999984741211,44.95000076293945,45.27000045776367,39.443267822265625,88740300,2010-06-25
2010-06-28 13:30:00+00:00,45.27000045776367,45.54999923706055,44.810001373291016,45.11000061035156,39.303863525390625,71350000,2010-06-28
2010-06-29 13:30:00+00:00,44.41999816894531,44.459999084472656,43.06999969482422,43.369998931884766,37.787818908691406,136384200,2010-06-29
2010-06-30 13:30:00+00:00,43.22999954223633,43.66999816894531,42.63999938964844,42.709999084472656,37.2127571105957,101313200,2010-06-30
2010-07-01 13:30:00+00:00,42.84000015258789,42.959999084472656,41.77000045776367,42.59000015258789,37.108211517333984,158695000,2010-07-01
2010-07-02 13:30:00+00:00,42.65999984741211,42.81999969482422,42.09000015258789,42.470001220703125,37.0036506652832,78565300,2010-07-02
2010-07-06 13:30:00+00:00,43.099998474121094,43.369998931884766,42.25,42.599998474121094,37.116912841796875,88591900,2010-07-06
2010-07-07 13:30:00+00:00,42.7400016784668,44.0099983215332,42.70000076293945,43.959999084472656,38.30187225341797,72448400,2010-07-07
2010-07-08 13:30:00+00:00,44.310001373291016,44.380001068115234,43.68000030517578,44.20000076293945,38.510982513427734,78264600,2010-07-08
2010-07-09 13:30:00+00:00,44.18000030517578,44.630001068115234,44.08000183105469,44.619998931884766,38.87693405151367,47851200,2010-07-09
2010-07-12 13:30:00+00:00,44.58000183105469,45.029998779296875,44.459999084472656,44.75,38.990196228027344,60927500,2010-07-12
2010-07-13 13:30:00+00:00,45.13999938964844,45.5,44.79999923706055,45.33000183105469,39.49555587768555,93310500,2010-07-13
2010-07-14 13:30:00+00:00,45.41999816894531,45.810001373291016,45.2400016784668,45.560001373291016,39.695945739746094,87687100,2010-07-14
2010-07-15 13:30:00+00:00,45.470001220703125,45.7400016784668,44.9900016784668,45.599998474121094,39.73078918457031,95992500,2010-07-15
2010-07-16 13:30:00+00:00,45.439998626708984,45.630001068115234,44.29999923706055,44.34000015258789,38.63298034667969,98831900,2010-07-16
2010-07-19 13:30:00+00:00,44.470001220703125,44.810001373291016,44.099998474121094,44.720001220703125,38.96405792236328,81800800,2010-07-19
2010-07-20 13:30:00+00:00,44.0,45.2599983215332,43.86000061035156,45.2599983215332,39.43455123901367,89061200,2010-07-20
2010-07-21 13:30:00+00:00,45.7400016784668,45.7599983215332,44.560001373291016,44.63999938964844,38.894344329833984,83577000,2010-07-21
2010-07-22 13:30:00+00:00,45.27000045776367,45.97999954223633,45.2400016784668,45.77000045776367,39.87891387939453,82890300,2010-07-22
2010-07-23 13:30:00+00:00,45.459999084472656,46.099998474121094,45.380001068115234,46.060001373291016,40.131595611572266,81056100,2010-07-23
2010-07-26 13:30:00+00:00,46.119998931884766,46.459999084472656,45.90999984741211,46.439998626708984,40.46268081665039,64850900,2010-07-26
2010-07-27 13:30:00+00:00,46.63999938964844,46.720001220703125,46.209999084472656,46.41999816894531,40.445255279541016,67655600,2010-07-27
2010-07-28 13:30:00+00:00,46.369998931884766,46.58000183105469,45.880001068115234,46.04999923706055,40.122867584228516,51988200,2010-07-28
2010-07-29 13:30:00+00:00,46.31999969482422,46.40999984741211,45.25,45.709999084472656,39.82662582397461,85669500,2010-07-29
2010-07-30 13:30:00+00:00,45.33000183105469,46.09000015258789,45.06999969482422,45.810001373291016,39.91376495361328,98958100,2010-07-30
2010-08-02 13:30:00+00:00,46.38999938964844,46.790000915527344,46.209999084472656,46.66999816894531,40.66305923461914,68706800,2010-08-02
2010-08-03 13:30:00+00:00,46.63999938964844,46.70000076293945,46.25,46.470001220703125,40.48881912231445,60856600,2010-08-03
2010-08-04 13:30:00+00:00,46.68000030517578,46.9900016784668,46.5,46.939998626708984,40.898311614990234,43820600,2010-08-04
2010-08-05 13:30:00+00:00,46.709999084472656,46.91999816894531,46.52000045776367,46.83000183105469,40.802490234375,39150200,2010-08-05
2010-08-06 13:30:00+00:00,46.31999969482422,46.849998474121094,46.04999923706055,46.7599983215332,40.74148941040039,71339200,2010-08-06
2010-08-09 13:30:00+00:00,47.0,47.189998626708984,46.790000915527344,47.08000183105469,41.02029037475586,26927600,2010-08-09
2010-08-10 13:30:00+00:00,46.70000076293945,46.95000076293945,46.279998779296875,46.66999816894531,40.66305923461914,86694500,2010-08-10
2010-08-11 13:30:00+00:00,45.900001525878906,45.91999816894531,45.209999084472656,45.400001525878906,39.55655288696289,92219700,2010-08-11
2010-08-12 13:30:00+00:00,44.529998779296875,45.2400016784668,44.45000076293945,45.040000915527344,39.24287414550781,66000200,2010-08-12
2010-08-13 13:30:00+00:00,44.869998931884766,45.060001373291016,44.709999084472656,44.720001220703125,38.96405792236328,46387300,2010-08-13
2010-08-16 13:30:00+00:00,44.5,45.11000061035156,44.29999923706055,44.79999923706055,39.03376388549805,55472900,2010-08-16
2010-08-17 13:30:00+00:00,45.119998931884766,45.779998779296875,45.029998779296875,45.369998931884766,39.530391693115234,56927100,2010-08-17
2010-08-18 13:30:00+00:00,45.279998779296875,45.81999969482422,45.11000061035156,45.54999923706055,39.687232971191406,61835400,2010-08-18
2010-08-19 13:30:00+00:00,45.279998779296875,45.459999084472656,44.560001373291016,44.86000061035156,39.0860481262207,82969500,2010-08-19
2010-08-20 13:30:00+00:00,44.790000915527344,45.029998779296875,44.540000915527344,44.91999816894531,39.13831329345703,65806700,2010-08-20
2010-08-23 13:30:00+00:00,45.20000076293945,45.34000015258789,44.459999084472656,44.47999954223633,38.75495529174805,69612200,2010-08-23
2010-08-24 13:30:00+00:00,43.970001220703125,44.119998931884766,43.470001220703125,43.650001525878906,38.03178405761719,79095800,2010-08-24
2010-08-25 13:30:00+00:00,43.34000015258789,44.2599983215332,43.27000045776367,44.06999969482422,38.3977165222168,87247900,2010-08-25
2010-08-26 13:30:00+00:00,44.220001220703125,44.31999969482422,43.5,43.540000915527344,37.935935974121094,91199000,2010-08-26
2010-08-27 13:30:00+00:00,43.86000061035156,44.15999984741211,42.970001220703125,44.06999969482422,38.3977165222168,109568800,2010-08-27
2010-08-30 13:30:00+00:00,43.86000061035156,44.25,43.599998474121094,43.61000061035156,37.996925354003906,49373200,2010-08-30
2010-08-31 13:30:00+00:00,43.380001068115234,43.849998474121094,43.18000030517578,43.459999084472656,37.86623764038086,72066900,2010-08-31
2010-09-01 13:30:00+00:00,44.099998474121094,44.90999984741211,44.06999969482422,44.7599983215332,38.998905181884766,83523100,2010-09-01
2010-09-02 13:30:00+00:00,44.84000015258789,45.279998779296875,44.72999954223633,45.2599983215332,39.43455123901367,41816800,2010-09-02
2010-09-03 13:30:00+00:00,45.7599983215332,46.02000045776367,45.54999923706055,46.0099983215332,40.08802032470703,64041100,2010-09-03
2010-09-07 13:30:00+00:00,45.81999969482422,46.029998779296875,45.630001068115234,45.70000076293945,39.817928314208984,51195200,2010-09-07
2010-09-08 13:30:00+00:00,45.83000183105469,46.45000076293945,45.81999969482422,46.25,40.29713439941406,66879800,2010-09-08
2010-09-09 13:30:00+00:00,46.65999984741211,46.70000076293945,46.31999969482422,46.43000030517578,40.45397186279297,61476400,2010-09-09
2010-09-10 13:30:00+00:00,46.47999954223633,46.66999816894531,46.25,46.599998474121094,40.602081298828125,66995700,2010-09-10
2010-09-13 13:30:00+00:00,46.959999084472656,47.369998931884766,46.939998626708984,47.25,41.168426513671875,64523400,2010-09-13
2010-09-14 13:30:00+00:00,47.189998626708984,47.70000076293945,47.08000183105469,47.45000076293945,41.342681884765625,91405800,2010-09-14
2010-09-15 13:30:00+00:00,47.33000183105469,47.79999923706055,47.189998626708984,47.75,41.60406494140625,67108200,2010-09-15
2010-09-16 13:30:00+00:00,47.65999984741211,47.97999954223633,47.540000915527344,47.939998626708984,41.76959228515625,66885800,2010-09-16
2010-09-17 13:30:00+00:00,48.13999938964844,48.13999938964844,47.75,47.9900016784668,41.91108703613281,76372600,2010-09-17
2010-09-20 13:30:00+00:00,48.16999816894531,48.93000030517578,48.11000061035156,48.83000183105469,42.644676208496094,84475000,2010-09-20
2010-09-21 13:30:00+00:00,48.86000061035156,49.16999816894531,48.61000061035156,48.81999969482422,42.63594436645508,82272000,2010-09-21
2010-09-22 13:30:00+00:00,48.619998931884766,49.02000045776367,48.41999816894531,48.689998626708984,42.52241897583008,88315900,2010-09-22
2010-09-23 13:30:00+00:00,48.369998931884766,49.15999984741211,48.31999969482422,48.66999816894531,42.50495910644531,85040000,2010-09-23
2010-09-24 13:30:00+00:00,49.220001220703125,49.689998626708984,49.150001525878906,49.65999984741211,43.36956024169922,79495900,2010-09-24
2010-09-27 13:30:00+00:00,49.630001068115234,49.75,49.349998474121094,49.38999938964844,43.133750915527344,43859800,2010-09-27
2010-09-28 13:30:00+00:00,49.5099983215332,49.540000915527344,48.59000015258789,49.369998931884766,43.116275787353516,104922900,2010-09-28
2010-09-29 13:30:00+00:00,49.29999923706055,49.529998779296875,49.11000061035156,49.290000915527344,43.04642105102539,81679200,2010-09-29
2010-09-30 13:30:00+00:00,49.540000915527344,49.84000015258789,48.75,49.06999969482422,42.85429000854492,122458600,2010-09-30
2010-10-01 13:30:00+00:00,49.47999954223633,49.529998779296875,48.779998779296875,49.0099983215332,42.80189895629883,77675400,2010-10-01
2010-10-04 13:30:00+00:00,48.869998931884766,49.04999923706055,48.20000076293945,48.47999954223633,42.339019775390625,71359900,2010-10-04
2010-10-05 13:30:00+00:00,49.029998779296875,49.7599983215332,49.0,49.65999984741211,43.36956024169922,99301300,2010-10-05
2010-10-06 13:30:00+00:00,49.599998474121094,49.709999084472656,48.90999984741211,49.22999954223633,42.994014739990234,81831200,2010-10-06
2010-10-07 13:30:00+00:00,49.5099983215332,49.540000915527344,49.0,49.40999984741211,43.15121841430664,75693300,2010-10-07
2010-10-08 13:30:00+00:00,49.43000030517578,49.869998931884766,49.08000183105469,49.75,43.448150634765625,83223900,2010-10-08
2010-10-11 13:30:00+00:00,49.779998779296875,50.02000045776367,49.619998931884766,49.77000045776367,43.46562194824219,46880000,2010-10-11
2010-10-12 13:30:00+00:00,49.689998626708984,50.209999084472656,49.2599983215332,50.11000061035156,43.762542724609375,88571700,2010-10-12
2010-10-13 13:30:00+00:00,50.43000030517578,50.75,50.279998779296875,50.52000045776367,44.12062072753906,71122900,2010-10-13
2010-10-14 13:30:00+00:00,50.54999923706055,50.63999938964844,50.16999816894531,50.41999816894531,44.03327178955078,68464000,2010-10-14
2010-10-15 13:30:00+00:00,51.040000915527344,51.5,50.630001068115234,51.4900016784668,44.96775436401367,104654000,2010-10-15
2010-10-18 13:30:00+00:00,51.5,51.720001220703125,51.29999923706055,51.29999923706055,44.80180358886719,72399400,2010-10-18
2010-10-19 13:30:00+00:00,50.81999969482422,51.29999923706055,50.41999816894531,50.81999969482422,44.38261413574219,105739800,2010-10-19
2010-10-20 13:30:00+00:00,50.959999084472656,51.56999969482422,50.869998931884766,51.189998626708984,44.70574951171875,80861400,2010-10-20
2010-10-21 13:30:00+00:00,51.5099983215332,51.709999084472656,50.790000915527344,51.290000915527344,44.79307556152344,85885400,2010-10-21
2010-10-22 13:30:00+00:00,51.29999923706055,51.689998626708984,51.209999084472656,51.63999938964844,45.09873962402344,47406900,2010-10-22
2010-10-25 13:30:00+00:00,51.849998474121094,52.22999954223633,51.849998474121094,51.88999938964844,45.31707000732422,51413900,2010-10-25
2010-10-26 13:30:00+00:00,51.630001068115234,52.150001525878906,51.41999816894531,52.029998779296875,45.43935012817383,60498300,2010-10-26
2010-10-27 13:30:00+00:00,51.7599983215332,52.22999954223633,51.65999984741211,52.189998626708984,45.579071044921875,57483400,2010-10-27
2010-10-28 13:30:00+00:00,52.40999984741211,52.45000076293945,51.84000015258789,52.29999923706055,45.67513656616211,61220000,2010-10-28
2010-10-29 13:30:00+00:00,52.29999923706055,52.4900016784668,52.16999816894531,52.18000030517578,45.570335388183594,46668700,2010-10-29
2010-11-01 13:30:00+00:00,52.369998931884766,52.75,51.97999954223633,52.220001220703125,45.60525894165039,60555600,2010-11-01
2010-11-02 13:30:00+00:00,52.650001525878906,52.93000030517578,52.58000183105469,52.779998779296875,46.094337463378906,48137500,2010-11-02
2010-11-03 13:30:00+00:00,52.83000183105469,53.040000915527344,52.36000061035156,53.02000045776367,46.30393600463867,126225800,2010-11-03
2010-11-04 13:30:00+00:00,53.599998474121094,53.86000061035156,53.5,53.66999816894531,46.8715934753418,84201000,2010-11-04
2010-11-05 13:30:00+00:00,53.70000076293945,53.810001373291016,53.5099983215332,53.66999816894531,46.8715934753418,77937100,2010-11-05
2010-11-08 14:30:00+00:00,53.58000183105469,53.83000183105469,53.45000076293945,53.7400016784668,46.9327392578125,39623500,2010-11-08
2010-11-09 14:30:00+00:00,53.95000076293945,54.040000915527344,53.209999084472656,53.45000076293945,46.67947006225586,66828700,2010-11-09
2010-11-10 14:30:00+00:00,53.52000045776367,53.77000045776367,53.099998474121094,53.720001220703125,46.91526794433594,83553700,2010-11-10
2010-11-11 14:30:00+00:00,52.90999984741211,53.47999954223633,52.65999984741211,53.380001068115234,46.618343353271484,85163600,2010-11-11
2010-11-12 14:30:00+00:00,53.099998474121094,53.369998931884766,52.11000061035156,52.5099983215332,45.85855484008789,99164300,2010-11-12
2010-11-15 14:30:00+00:00,52.779998779296875,52.880001068115234,52.290000915527344,52.310001373291016,45.68387985229492,56723400,2010-11-15
2010-11-16 14:30:00+00:00,51.939998626708984,52.25,50.849998474121094,51.45000076293945,44.932804107666016,101097000,2010-11-16
2010-11-17 14:30:00+00:00,51.47999954223633,51.869998931884766,51.349998474121094,51.599998474121094,45.063812255859375,77836200,2010-11-17
2010-11-18 14:30:00+00:00,52.15999984741211,52.790000915527344,52.130001068115234,52.43000030517578,45.78866958618164,71488300,2010-11-18
2010-11-19 14:30:00+00:00,52.36000061035156,52.59000015258789,52.13999938964844,52.470001220703125,45.823604583740234,54506100,2010-11-19
2010-11-22 14:30:00+00:00,52.2599983215332,52.90999984741211,52.16999816894531,52.90999984741211,46.20786666870117,69918900,2010-11-22
2010-11-23 14:30:00+00:00,52.369998931884766,52.45000076293945,51.77000045776367,52.06999969482422,45.474281311035156,76818300,2010-11-23
2010-11-24 14:30:00+00:00,52.58000183105469,53.25,52.560001373291016,53.119998931884766,46.39127731323242,53444200,2010-11-24
2010-11-26 14:30:00+00:00,52.779998779296875,53.130001068115234,52.66999816894531,52.77000045776367,46.08562088012695,23640300,2010-11-26
2010-11-29 14:30:00+00:00,52.70000076293945,52.900001525878906,52.099998474121094,52.72999954223633,46.05066680908203,89269100,2010-11-29
2010-11-30 14:30:00+00:00,52.18000030517578,52.7400016784668,51.880001068115234,52.09000015258789,45.49174499511719,118862100,2010-11-30
2010-12-01 14:30:00+00:00,52.86000061035156,53.459999084472656,52.84000015258789,53.189998626708984,46.45241165161133,81758800,2010-12-01
2010-12-02 14:30:00+00:00,53.27000045776367,53.810001373291016,53.209999084472656,53.72999954223633,46.92401123046875,56844600,2010-12-02
2010-12-03 14:30:00+00:00,53.5,53.939998626708984,53.5,53.869998931884766,47.04627227783203,38014200,2010-12-03
2010-12-06 14:30:00+00:00,53.880001068115234,53.95000076293945,53.68000030517578,53.849998474121094,47.028812408447266,39312000,2010-12-06
2010-12-07 14:30:00+00:00,54.5,54.52000045776367,53.81999969482422,53.880001068115234,47.055015563964844,59067300,2010-12-07
2010-12-08 14:30:00+00:00,54.02000045776367,54.150001525878906,53.689998626708984,54.08000183105469,47.22968292236328,48066900,2010-12-08
2010-12-09 14:30:00+00:00,54.40999984741211,54.439998626708984,53.95000076293945,54.130001068115234,47.273338317871094,51679800,2010-12-09
2010-12-10 14:30:00+00:00,54.290000915527344,54.54999923706055,54.09000015258789,54.4900016784668,47.587738037109375,44696200,2010-12-10
2010-12-13 14:30:00+00:00,54.70000076293945,54.7400016784668,54.27000045776367,54.29999923706055,47.42180633544922,53110200,2010-12-13
2010-12-14 14:30:00+00:00,54.439998626708984,54.619998931884766,54.22999954223633,54.400001525878906,47.5091438293457,69884800,2010-12-14
2010-12-15 14:30:00+00:00,54.369998931884766,54.70000076293945,54.029998779296875,54.15999984741211,47.29953384399414,76951900,2010-12-15
2010-12-16 14:30:00+00:00,54.209999084472656,54.65999984741211,54.060001373291016,54.58000183105469,47.66633605957031,65519400,2010-12-16
2010-12-17 14:30:00+00:00,54.540000915527344,54.68000030517578,54.40999984741211,54.52000045776367,47.708351135253906,36844200,2010-12-17
2010-12-20 14:30:00+00:00,54.619998931884766,54.7599983215332,54.15999984741211,54.560001373291016,47.743343353271484,48159600,2010-12-20
2010-12-21 14:30:00+00:00,54.77000045776367,54.88999938964844,54.619998931884766,54.88999938964844,48.032108306884766,35775400,2010-12-21
2010-12-22 14:30:00+00:00,54.869998931884766,54.959999084472656,54.790000915527344,54.880001068115234,48.023345947265625,35766500,2010-12-22
2010-12-23 14:30:00+00:00,54.779998779296875,54.869998931884766,54.61000061035156,54.7400016784668,47.90084457397461,21664800,2010-12-23
2010-12-27 14:30:00+00:00,54.58000183105469,54.86000061035156,54.209999084472656,54.77000045776367,47.92710494995117,29263700,2010-12-27
2010-12-28 14:30:00+00:00,54.880001068115234,54.91999816894531,54.54999923706055,54.66999816894531,47.8395881652832,24160500,2010-12-28
2010-12-29 14:30:00+00:00,54.81999969482422,54.900001525878906,54.72999954223633,54.790000915527344,47.94462585449219,24132700,2010-12-29
2010-12-30 14:30:00+00:00,54.790000915527344,54.79999923706055,54.54999923706055,54.65999984741211,47.830841064453125,27553300,2010-12-30
2010-12-31 14:30:00+00:00,54.59000015258789,54.619998931884766,54.209999084472656,54.459999084472656,47.655826568603516,38540100,2010-12-31
2011-01-03 14:30:00+00:00,54.970001220703125,55.689998626708984,54.95000076293945,55.310001373291016,48.39964294433594,90994300,2011-01-03
2011-01-04 14:30:00+00:00,55.5099983215332,55.54999923706055,54.91999816894531,55.27000045776367,48.36461639404297,43851500,2011-01-04
2011-01-05 14:30:00+00:00,55.099998474121094,55.7599983215332,55.06999969482422,55.7400016784668,48.775909423828125,43787400,2011-01-05
2011-01-06 14:30:00+00:00,55.79999923706055,55.959999084472656,55.68000030517578,55.91999816894531,48.93341064453125,46139600,2011-01-06
2011-01-07 14:30:00+00:00,56.02000045776367,56.04999923706055,55.31999969482422,55.869998931884766,48.889671325683594,72261700,2011-01-07
2011-01-10 14:30:00+00:00,55.75,56.18000030517578,55.58000183105469,56.08000183105469,49.07343292236328,55551800,2011-01-10
2011-01-11 14:30:00+00:00,56.310001373291016,56.36000061035156,55.95000076293945,56.15999984741211,49.1434440612793,56663800,2011-01-11
2011-01-12 14:30:00+00:00,56.43000030517578,56.560001373291016,56.20000076293945,56.560001373291016,49.493473052978516,51979300,2011-01-12
2011-01-13 14:30:00+00:00,56.599998474121094,56.72999954223633,56.40999984741211,56.58000183105469,49.510955810546875,47364500,2011-01-13
2011-01-14 14:30:00+00:00,56.599998474121094,57.02000045776367,56.459999084472656,57.0,49.878482818603516,43867400,2011-01-14
2011-01-18 14:30:00+00:00,56.56999969482422,57.22999954223633,56.4900016784668,57.15999984741211,50.018489837646484,65805600,2011-01-18
2011-01-19 14:30:00+00:00,57.2599983215332,57.2599983215332,56.31999969482422,56.5099983215332,49.449710845947266,67767200,2011-01-19
2011-01-20 14:30:00+00:00,56.27000045776367,56.349998474121094,55.68000030517578,56.11000061035156,49.099674224853516,92357800,2011-01-20
2011-01-21 14:30:00+00:00,56.38999938964844,56.4900016784668,55.650001525878906,55.68000030517578,48.7234001159668,59673300,2011-01-21
2011-01-24 14:30:00+00:00,55.790000915527344,56.459999084472656,55.68000030517578,56.45000076293945,49.397212982177734,64103300,2011-01-24
2011-01-25 14:30:00+00:00,56.16999816894531,56.54999923706055,56.04999923706055,56.529998779296875,49.467220306396484,55305100,2011-01-25
2011-01-26 14:30:00+00:00,56.61000061035156,56.97999954223633,56.45000076293945,56.83000183105469,49.72971725463867,60547700,2011-01-26
2011-01-27 14:30:00+00:00,57.0099983215332,57.349998474121094,56.91999816894531,57.18000030517578,50.03599548339844,53656100,2011-01-27
2011-01-28 14:30:00+00:00,57.16999816894531,57.220001220703125,55.470001220703125,55.72999954223633,48.76715850830078,123359900,2011-01-28
2011-01-31 14:30:00+00:00,55.810001373291016,56.15999984741211,55.38999938964844,56.0,49.0034294128418,70571300,2011-01-31
2011-02-01 14:30:00+00:00,56.41999816894531,57.18000030517578,56.36000061035156,57.04999923706055,49.92223358154297,76952900,2011-02-01
2011-02-02 14:30:00+00:00,56.93000030517578,57.16999816894531,56.84000015258789,56.959999084472656,49.843482971191406,48661000,2011-02-02
2011-02-03 14:30:00+00:00,56.849998474121094,57.13999938964844,56.400001525878906,57.060001373291016,49.93098449707031,45341900,2011-02-03
2011-02-04 14:30:00+00:00,57.04999923706055,57.41999816894531,56.900001525878906,57.380001068115234,50.21101379394531,47647800,2011-02-04
2011-02-07 14:30:00+00:00,57.4900016784668,57.970001220703125,57.400001525878906,57.650001525878906,50.44729995727539,45627100,2011-02-07
2011-02-08 14:30:00+00:00,57.66999816894531,58.06999969482422,57.560001373291016,58.029998779296875,50.7797966003418,38099900,2011-02-08
2011-02-09 14:30:00+00:00,57.939998626708984,58.119998931884766,57.75,57.93000030517578,50.69228744506836,62540800,2011-02-09
2011-02-10 14:30:00+00:00,57.54999923706055,58.099998474121094,57.4900016784668,58.02000045776367,50.77104568481445,70194700,2011-02-10
2011-02-11 14:30:00+00:00,57.849998474121094,58.47999954223633,57.77000045776367,58.439998626708984,51.138580322265625,47853500,2011-02-11
2011-02-14 14:30:00+00:00,58.439998626708984,58.65999984741211,58.380001068115234,58.58000183105469,51.26109313964844,48506100,2011-02-14
2011-02-15 14:30:00+00:00,58.439998626708984,58.56999969482422,58.22999954223633,58.5,51.19110107421875,39723800,2011-02-15
2011-02-16 14:30:00+00:00,58.650001525878906,59.040000915527344,58.630001068115234,58.880001068115234,51.52361297607422,53061700,2011-02-16
2011-02-17 14:30:00+00:00,58.59000015258789,58.970001220703125,58.54999923706055,58.86000061035156,51.506103515625,38361900,2011-02-17
2011-02-18 14:30:00+00:00,58.86000061035156,58.970001220703125,58.5099983215332,58.72999954223633,51.392337799072266,44334300,2011-02-18
2011-02-22 14:30:00+00:00,57.93000030517578,58.130001068115234,56.939998626708984,57.029998779296875,49.90473937988281,92598100,2011-02-22
2011-02-23 14:30:00+00:00,57.029998779296875,57.22999954223633,56.130001068115234,56.560001373291016,49.493473052978516,97842900,2011-02-23
2011-02-24 14:30:00+00:00,56.68000030517578,57.029998779296875,56.13999938964844,56.86000061035156,49.755977630615234,98716100,2011-02-24
2011-02-25 14:30:00+00:00,57.18000030517578,57.720001220703125,57.119998931884766,57.650001525878906,50.44729995727539,54094600,2011-02-25
2011-02-28 14:30:00+00:00,57.880001068115234,58.04999923706055,57.43000030517578,57.77000045776367,50.55229568481445,51402800,2011-02-28
2011-03-01 14:30:00+00:00,58.02000045776367,58.02000045776367,56.70000076293945,56.84000015258789,49.73847198486328,91993900,2011-03-01
2011-03-02 14:30:00+00:00,56.810001373291016,57.5099983215332,56.790000915527344,57.13999938964844,50.000999450683594,61552900,2011-03-02
2011-03-03 14:30:00+00:00,57.66999816894531,58.369998931884766,57.66999816894531,58.27000045776367,50.98982620239258,64146600,2011-03-03
2011-03-04 14:30:00+00:00,58.25,58.2599983215332,57.59000015258789,57.970001220703125,50.7273063659668,62328400,2011-03-04
2011-03-07 14:30:00+00:00,58.209999084472656,58.2599983215332,56.66999816894531,57.189998626708984,50.044742584228516,98470000,2011-03-07
2011-03-08 14:30:00+00:00,57.119998931884766,57.68000030517578,56.77000045776367,57.41999816894531,50.24601745605469,62399100,2011-03-08
2011-03-09 14:30:00+00:00,57.209999084472656,57.27000045776367,56.720001220703125,57.029998779296875,49.90473937988281,84764200,2011-03-09
2011-03-10 14:30:00+00:00,56.38999938964844,56.52000045776367,55.90999984741211,56.13999938964844,49.12593078613281,102894400,2011-03-10
2011-03-11 14:30:00+00:00,55.81999969482422,56.65999984741211,55.81999969482422,56.4900016784668,49.432212829589844,81679400,2011-03-11
2011-03-14 13:30:00+00:00,56.18000030517578,56.59000015258789,55.86000061035156,56.290000915527344,49.25719451904297,73565800,2011-03-14
2011-03-15 13:30:00+00:00,54.63999938964844,55.81999969482422,54.470001220703125,55.4900016784668,48.55715560913086,101276500,2011-03-15
2011-03-16 13:30:00+00:00,55.029998779296875,55.34000015258789,53.77000045776367,54.150001525878906,47.38457107543945,176507700,2011-03-16
2011-03-17 13:30:00+00:00,55.0099983215332,55.2400016784668,54.130001068115234,54.650001525878906,47.82209396362305,94434500,2011-03-17
2011-03-18 13:30:00+00:00,55.220001220703125,55.220001220703125,54.40999984741211,54.45000076293945,47.71430969238281,94887200,2011-03-18
2011-03-21 13:30:00+00:00,55.279998779296875,55.779998779296875,54.5,55.5,48.63442611694336,57423000,2011-03-21
2011-03-22 13:30:00+00:00,55.58000183105469,55.61000061035156,55.279998779296875,55.400001525878906,48.546775817871094,36162100,2011-03-22
2011-03-23 13:30:00+00:00,55.20000076293945,55.869998931884766,54.81999969482422,55.709999084472656,48.818443298339844,60365100,2011-03-23
2011-03-24 13:30:00+00:00,56.130001068115234,56.81999969482422,55.81999969482422,56.70000076293945,49.685977935791016,69502400,2011-03-24
2011-03-25 13:30:00+00:00,56.880001068115234,57.220001220703125,56.72999954223633,56.84000015258789,49.808650970458984,74131100,2011-03-25
2011-03-28 13:30:00+00:00,57.09000015258789,57.099998474121094,56.5,56.529998779296875,49.537010192871094,37824000,2011-03-28
2011-03-29 13:30:00+00:00,56.400001525878906,57.08000183105469,56.22999954223633,57.08000183105469,50.01896667480469,47994800,2011-03-29
2011-03-30 13:30:00+00:00,57.36000061035156,57.43000030517578,57.08000183105469,57.349998474121094,50.25556945800781,44935900,2011-03-30
2011-03-31 13:30:00+00:00,57.25,57.47999954223633,57.150001525878906,57.43000030517578,50.32567596435547,50004300,2011-03-31
2011-04-01 13:30:00+00:00,57.720001220703125,57.900001525878906,57.290000915527344,57.459999084472656,50.351959228515625,68031800,2011-04-01
2011-04-04 13:30:00+00:00,57.619998931884766,57.68000030517578,57.02000045776367,57.27000045776367,50.18547058105469,48659100,2011-04-04
2011-04-05 13:30:00+00:00,57.15999984741211,57.4900016784668,57.0,57.119998931884766,50.05402374267578,55349400,2011-04-05
2011-04-06 13:30:00+00:00,57.560001373291016,57.72999954223633,56.93000030517578,57.2599983215332,50.17669677734375,49532100,2011-04-06
2011-04-07 13:30:00+00:00,57.2400016784668,57.599998474121094,56.810001373291016,57.220001220703125,50.14165115356445,60697000,2011-04-07
2011-04-08 13:30:00+00:00,57.47999954223633,57.56999969482422,56.650001525878906,56.95000076293945,49.905052185058594,42782200,2011-04-08
2011-04-11 13:30:00+00:00,57.16999816894531,57.290000915527344,56.560001373291016,56.7599983215332,49.73855972290039,42451700,2011-04-11
2011-04-12 13:30:00+00:00,56.5,56.63999938964844,56.150001525878906,56.369998931884766,49.396793365478516,50422800,2011-04-12
2011-04-13 13:30:00+00:00,56.790000915527344,57.0,56.400001525878906,56.849998474121094,49.81742477416992,49979800,2011-04-13
2011-04-14 13:30:00+00:00,56.459999084472656,56.83000183105469,56.22999954223633,56.75,49.729793548583984,53544100,2011-04-14
2011-04-15 13:30:00+00:00,56.529998779296875,56.869998931884766,56.279998779296875,56.650001525878906,49.64215087890625,68530000,2011-04-15
2011-04-18 13:30:00+00:00,56.08000183105469,56.27000045776367,55.31999969482422,56.25,49.29164505004883,69065000,2011-04-18
2011-04-19 13:30:00+00:00,56.400001525878906,56.599998474121094,56.099998474121094,56.599998474121094,49.59835433959961,38608400,2011-04-19
2011-04-20 13:30:00+00:00,57.599998474121094,57.939998626708984,57.529998779296875,57.880001068115234,50.72000503540039,67397500,2011-04-20
2011-04-21 13:30:00+00:00,58.439998626708984,58.470001220703125,58.15999984741211,58.34000015258789,51.12310791015625,43666800,2011-04-21
2011-04-25 13:30:00+00:00,58.38999938964844,58.52000045776367,58.279998779296875,58.4900016784668,51.25455093383789,25376800,2011-04-25
2011-04-26 13:30:00+00:00,58.63999938964844,59.029998779296875,58.5099983215332,58.81999969482422,51.543731689453125,49400000,2011-04-26
2011-04-27 13:30:00+00:00,58.93000030517578,59.290000915527344,58.65999984741211,59.220001220703125,51.89423751831055,56465500,2011-04-27
2011-04-28 13:30:00+00:00,59.040000915527344,59.22999954223633,58.880001068115234,59.130001068115234,51.81537628173828,48100000,2011-04-28
2011-04-29 13:30:00+00:00,59.02000045776367,59.290000915527344,58.97999954223633,59.08000183105469,51.77155685424805,44831200,2011-04-29
2011-05-02 13:30:00+00:00,59.16999816894531,59.34000015258789,58.81999969482422,58.970001220703125,51.675174713134766,48149400,2011-05-02
2011-05-03 13:30:00+00:00,58.939998626708984,59.0,58.33000183105469,58.689998626708984,51.429805755615234,38100000,2011-05-03
2011-05-04 13:30:00+00:00,58.720001220703125,58.869998931884766,58.11000061035156,58.599998474121094,51.35094451904297,53097200,2011-05-04
2011-05-05 13:30:00+00:00,58.310001373291016,58.970001220703125,58.08000183105469,58.279998779296875,51.07051467895508,72200000,2011-05-05
2011-05-06 13:30:00+00:00,58.86000061035156,59.20000076293945,58.310001373291016,58.470001220703125,51.237030029296875,72507000,2011-05-06
2011-05-09 13:30:00+00:00,58.56999969482422,58.91999816894531,58.34000015258789,58.689998626708984,51.429805755615234,40022000,2011-05-09
2011-05-10 13:30:00+00:00,58.86000061035156,59.279998779296875,58.779998779296875,59.189998626708984,51.867942810058594,38053600,2011-05-10
2011-05-11 13:30:00+00:00,59.099998474121094,59.310001373291016,58.36000061035156,58.7599983215332,51.49114990234375,61900000,2011-05-11
2011-05-12 13:30:00+00:00,58.58000183105469,59.189998626708984,58.2400016784668,59.11000061035156,51.79785919189453,66100000,2011-05-12
2011-05-13 13:30:00+00:00,58.970001220703125,59.06999969482422,58.38999938964844,58.40999984741211,51.184444427490234,63506600,2011-05-13
2011-05-16 13:30:00+00:00,58.13999938964844,58.31999969482422,57.27000045776367,57.400001525878906,50.29939270019531,73115300,2011-05-16
2011-05-17 13:30:00+00:00,57.099998474121094,57.56999969482422,56.97999954223633,57.560001373291016,50.4395866394043,63136000,2011-05-17
2011-05-18 13:30:00+00:00,57.47999954223633,58.13999938964844,57.40999984741211,58.040000915527344,50.8602180480957,42351100,2011-05-18
2011-05-19 13:30:00+00:00,58.220001220703125,58.34000015258789,57.849998474121094,58.209999084472656,51.0091667175293,35015800,2011-05-19
2011-05-20 13:30:00+00:00,58.150001525878906,58.209999084472656,57.689998626708984,57.77000045776367,50.623619079589844,44703300,2011-05-20
2011-05-23 13:30:00+00:00,56.97999954223633,57.150001525878906,56.650001525878906,56.91999816894531,49.87875747680664,43700000,2011-05-23
2011-05-24 13:30:00+00:00,57.060001373291016,57.06999969482422,56.560001373291016,56.56999969482422,49.57204818725586,39314800,2011-05-24
2011-05-25 13:30:00+00:00,56.5,57.060001373291016,56.470001220703125,56.790000915527344,49.76483917236328,41369000,2011-05-25
2011-05-26 13:30:00+00:00,56.619998931884766,57.29999923706055,56.61000061035156,57.13999938964844,50.071556091308594,40564100,2011-05-26
2011-05-27 13:30:00+00:00,57.2400016784668,57.4900016784668,57.189998626708984,57.43000030517578,50.32567596435547,30127200,2011-05-27
2011-05-31 13:30:00+00:00,57.970001220703125,58.36000061035156,57.66999816894531,58.36000061035156,51.14063262939453,47590100,2011-05-31
2011-06-01 13:30:00+00:00,58.220001220703125,58.36000061035156,57.040000915527344,57.09000015258789,50.027732849121094,51795000,2011-06-01
2011-06-02 13:30:00+00:00,57.20000076293945,57.40999984741211,56.88999938964844,57.209999084472656,50.13289260864258,50198100,2011-06-02
2011-06-03 13:30:00+00:00,56.54999923706055,56.9900016784668,56.27000045776367,56.349998474121094,49.3792724609375,57773700,2011-06-03
2011-06-06 13:30:00+00:00,56.220001220703125,56.529998779296875,55.86000061035156,55.88999938964844,48.97618103027344,50175600,2011-06-06
2011-06-07 13:30:00+00:00,56.040000915527344,56.2599983215332,55.75,55.790000915527344,48.888545989990234,46311100,2011-06-07
2011-06-08 13:30:00+00:00,55.66999816894531,55.77000045776367,55.22999954223633,55.38999938964844,48.53803634643555,46426400,2011-06-08
2011-06-09 13:30:00+00:00,55.40999984741211,55.7599983215332,55.22999954223633,55.4900016784668,48.625667572021484,45307500,2011-06-09
2011-06-10 13:30:00+00:00,55.22999954223633,55.34000015258789,54.59000015258789,54.63999938964844,47.88080596923828,53740600,2011-06-10
2011-06-13 13:30:00+00:00,54.66999816894531,54.93000030517578,54.45000076293945,54.63999938964844,47.88080596923828,37736800,2011-06-13
2011-06-14 13:30:00+00:00,55.060001373291016,55.470001220703125,55.029998779296875,55.34000015258789,48.49421310424805,40565300,2011-06-14
2011-06-15 13:30:00+00:00,54.810001373291016,55.150001525878906,54.18000030517578,54.290000915527344,47.574100494384766,59022400,2011-06-15
2011-06-16 13:30:00+00:00,54.31999969482422,54.5,53.619998931884766,54.08000183105469,47.39009475708008,66316200,2011-06-16
2011-06-17 13:30:00+00:00,54.400001525878906,54.599998474121094,53.630001068115234,53.790000915527344,47.24164962768555,70337000,2011-06-17
2011-06-20 13:30:00+00:00,53.63999938964844,54.22999954223633,53.63999938964844,54.06999969482422,47.487571716308594,37402900,2011-06-20
2011-06-21 13:30:00+00:00,54.2599983215332,55.290000915527344,54.029998779296875,55.22999954223633,48.506343841552734,55892800,2011-06-21
2011-06-22 13:30:00+00:00,55.0,55.31999969482422,54.81999969482422,54.83000183105469,48.155052185058594,36833300,2011-06-22
2011-06-23 13:30:00+00:00,54.2400016784668,55.369998931884766,54.060001373291016,55.34000015258789,48.602962493896484,80743300,2011-06-23
2011-06-24 13:30:00+00:00,55.08000183105469,55.130001068115234,54.27000045776367,54.380001068115234,47.75984191894531,56298300,2011-06-24
2011-06-27 13:30:00+00:00,54.439998626708984,55.529998779296875,54.31999969482422,55.25,48.523921966552734,49968900,2011-06-27
2011-06-28 13:30:00+00:00,55.369998931884766,56.08000183105469,55.290000915527344,56.06999969482422,49.24409484863281,47028800,2011-06-28
2011-06-29 13:30:00+00:00,56.20000076293945,56.40999984741211,55.900001525878906,56.29999923706055,49.44607162475586,65407300,2011-06-29
2011-06-30 13:30:00+00:00,56.5,57.09000015258789,56.470001220703125,57.04999923706055,50.104774475097656,50347200,2011-06-30
2011-07-01 13:30:00+00:00,57.08000183105469,57.9900016784668,56.91999816894531,57.90999984741211,50.860084533691406,53203900,2011-07-01
2011-07-05 13:30:00+00:00,57.970001220703125,58.2599983215332,57.83000183105469,58.20000076293945,51.11478805541992,43128800,2011-07-05
2011-07-06 13:30:00+00:00,58.130001068115234,58.4900016784668,57.939998626708984,58.38999938964844,51.28165054321289,49282700,2011-07-06
2011-07-07 13:30:00+00:00,58.83000183105469,59.36000061035156,58.7400016784668,59.189998626708984,51.9842643737793,54799800,2011-07-07
2011-07-08 13:30:00+00:00,58.68000030517578,59.040000915527344,58.369998931884766,59.029998779296875,51.84374237060547,69519500,2011-07-08
2011-07-11 13:30:00+00:00,58.40999984741211,58.709999084472656,57.7599983215332,57.959999084472656,50.904014587402344,52080800,2011-07-11
2011-07-12 13:30:00+00:00,57.95000076293945,58.06999969482422,57.459999084472656,57.52000045776367,50.517574310302734,84000700,2011-07-12
2011-07-13 13:30:00+00:00,57.939998626708984,58.34000015258789,57.54999923706055,57.7599983215332,50.72835922241211,82378100,2011-07-13
2011-07-14 13:30:00+00:00,57.90999984741211,58.18000030517578,56.869998931884766,57.09000015258789,50.139930725097656,98774200,2011-07-14
2011-07-15 13:30:00+00:00,57.72999954223633,57.849998474121094,57.310001373291016,57.849998474121094,50.80741500854492,68281500,2011-07-15
2011-07-18 13:30:00+00:00,57.529998779296875,57.790000915527344,56.97999954223633,57.540000915527344,50.5351448059082,59512200,2011-07-18
2011-07-19 13:30:00+00:00,58.09000015258789,58.900001525878906,58.09000015258789,58.849998474121094,51.68564224243164,73904600,2011-07-19
2011-07-20 13:30:00+00:00,59.18000030517578,59.189998626708984,58.5,58.599998474121094,51.46609115600586,57085500,2011-07-20
2011-07-21 13:30:00+00:00,58.65999984741211,59.31999969482422,58.34000015258789,58.9900016784668,51.808597564697266,70148800,2011-07-21
2011-07-22 13:30:00+00:00,58.959999084472656,59.70000076293945,58.91999816894531,59.599998474121094,52.3443489074707,43620400,2011-07-22
2011-07-25 13:30:00+00:00,59.130001068115234,59.810001373291016,59.02000045776367,59.47999954223633,52.23896026611328,48916100,2011-07-25
2011-07-26 13:30:00+00:00,59.439998626708984,59.83000183105469,59.31999969482422,59.630001068115234,52.3707160949707,40918900,2011-07-26
2011-07-27 13:30:00+00:00,59.2400016784668,59.290000915527344,57.939998626708984,58.09000015258789,51.01817321777344,83969500,2011-07-27
2011-07-28 13:30:00+00:00,58.119998931884766,58.93000030517578,57.88999938964844,58.189998626708984,51.10601043701172,61031900,2011-07-28
2011-07-29 13:30:00+00:00,57.720001220703125,58.61000061035156,57.439998626708984,58.0,50.93914031982422,82860500,2011-07-29
2011-08-01 13:30:00+00:00,58.70000076293945,58.81999969482422,57.029998779296875,57.72999954223633,50.701988220214844,85421100,2011-08-01
2011-08-02 13:30:00+00:00,57.459999084472656,57.720001220703125,56.209999084472656,56.27000045776367,49.419734954833984,90853300,2011-08-02
2011-08-03 13:30:00+00:00,56.34000015258789,56.880001068115234,55.349998474121094,56.810001373291016,49.894020080566406,103612300,2011-08-03
2011-08-04 13:30:00+00:00,56.0,56.09000015258789,54.16999816894531,54.16999816894531,47.57539367675781,132830000,2011-08-04
2011-08-05 13:30:00+00:00,54.720001220703125,55.029998779296875,52.31999969482422,53.83000183105469,47.27678680419922,214111800,2011-08-05
2011-08-08 13:30:00+00:00,52.18000030517578,53.119998931884766,50.59000015258789,50.59000015258789,44.43123245239258,204804500,2011-08-08
2011-08-09 13:30:00+00:00,51.349998474121094,53.08000183105469,49.93000030517578,53.029998779296875,46.57417297363281,193707100,2011-08-09
2011-08-10 13:30:00+00:00,51.83000183105469,53.040000915527344,50.79999923706055,50.86000061035156,44.668357849121094,205917900,2011-08-10
2011-08-11 13:30:00+00:00,51.59000015258789,53.689998626708984,51.34000015258789,53.099998474121094,46.63564682006836,143825300,2011-08-11
2011-08-12 13:30:00+00:00,53.43000030517578,53.900001525878906,52.880001068115234,53.56999969482422,47.048439025878906,90483300,2011-08-12
2011-08-15 13:30:00+00:00,53.790000915527344,54.36000061035156,53.529998779296875,54.36000061035156,47.74227523803711,73554300,2011-08-15
2011-08-16 13:30:00+00:00,53.83000183105469,54.349998474121094,53.18000030517578,53.900001525878906,47.338260650634766,89219200,2011-08-16
2011-08-17 13:30:00+00:00,53.970001220703125,54.41999816894531,53.02000045776367,53.58000183105469,47.057212829589844,84416600,2011-08-17
2011-08-18 13:30:00+00:00,52.130001068115234,52.13999938964844,50.47999954223633,50.95000076293945,44.74739456176758,130019400,2011-08-18
2011-08-19 13:30:00+00:00,50.41999816894531,51.66999816894531,49.9900016784668,50.029998779296875,43.93939971923828,96674600,2011-08-19
2011-08-22 13:30:00+00:00,51.22999954223633,51.2400016784668,50.060001373291016,50.209999084472656,44.09749221801758,77107700,2011-08-22
2011-08-23 13:30:00+00:00,50.54999923706055,52.279998779296875,50.34000015258789,52.279998779296875,45.91547393798828,75688400,2011-08-23
2011-08-24 13:30:00+00:00,52.130001068115234,52.790000915527344,51.709999084472656,52.689998626708984,46.27558517456055,80197700,2011-08-24
2011-08-25 13:30:00+00:00,52.65999984741211,52.900001525878906,51.650001525878906,51.83000183105469,45.52028274536133,93623700,2011-08-25
2011-08-26 13:30:00+00:00,51.65999984741211,53.310001373291016,51.150001525878906,53.130001068115234,46.662010192871094,91573300,2011-08-26
2011-08-29 13:30:00+00:00,53.65999984741211,54.66999816894531,53.63999938964844,54.61000061035156,47.96183776855469,45985800,2011-08-29
2011-08-30 13:30:00+00:00,54.40999984741211,55.29999923706055,54.11000061035156,54.970001220703125,48.27800369262695,61617900,2011-08-30
2011-08-31 13:30:00+00:00,55.29999923706055,55.7400016784668,54.599998474121094,55.060001373291016,48.3570442199707,60900400,2011-08-31
2011-09-01 13:30:00+00:00,55.20000076293945,55.63999938964844,54.459999084472656,54.560001373291016,47.917930603027344,57158400,2011-09-01
2011-09-02 13:30:00+00:00,53.58000183105469,54.61000061035156,52.9900016784668,53.279998779296875,46.79374313354492,58185700,2011-09-02
2011-09-06 13:30:00+00:00,52.040000915527344,53.369998931884766,51.90999984741211,53.290000915527344,46.80252456665039,52992200,2011-09-06
2011-09-07 13:30:00+00:00,54.04999923706055,54.650001525878906,53.900001525878906,54.63999938964844,47.9881706237793,48952200,2011-09-07
2011-09-08 13:30:00+00:00,54.36000061035156,55.16999816894531,54.209999084472656,54.38999938964844,47.76860809326172,61422800,2011-09-08
2011-09-09 13:30:00+00:00,54.0099983215332,54.2400016784668,52.849998474121094,53.18000030517578,46.7059211730957,63663500,2011-09-09
2011-09-12 13:30:00+00:00,52.59000015258789,53.900001525878906,52.56999969482422,53.86000061035156,47.303131103515625,65973000,2011-09-12
2011-09-13 13:30:00+00:00,54.060001373291016,54.689998626708984,53.79999923706055,54.58000183105469,47.93547821044922,59020000,2011-09-13
2011-09-14 13:30:00+00:00,54.86000061035156,55.97999954223633,54.31999969482422,55.36000061035156,48.62052536010742,90757300,2011-09-14
2011-09-15 13:30:00+00:00,55.959999084472656,56.279998779296875,55.38999938964844,56.18000030517578,49.34070587158203,83536100,2011-09-15
2011-09-16 13:30:00+00:00,56.20000076293945,56.650001525878906,56.09000015258789,56.59000015258789,49.792964935302734,91902100,2011-09-16
2011-09-19 13:30:00+00:00,55.88999938964844,56.90999984741211,55.43000030517578,56.61000061035156,49.8105583190918,73042900,2011-09-19
2011-09-20 13:30:00+00:00,56.900001525878906,57.349998474121094,56.22999954223633,56.36000061035156,49.590599060058594,66570100,2011-09-20
2011-09-21 13:30:00+00:00,56.650001525878906,56.93000030517578,55.369998931884766,55.380001068115234,48.728302001953125,79938000,2011-09-21
2011-09-22 13:30:00+00:00,53.970001220703125,54.459999084472656,52.75,53.58000183105469,47.144474029541016,151885500,2011-09-22
2011-09-23 13:30:00+00:00,53.130001068115234,54.380001068115234,53.09000015258789,54.150001525878906,47.64603805541992,85940600,2011-09-23
2011-09-26 13:30:00+00:00,54.41999816894531,54.880001068115234,53.209999084472656,54.779998779296875,48.200374603271484,96261400,2011-09-26
2011-09-27 13:30:00+00:00,55.709999084472656,56.20000076293945,54.97999954223633,55.349998474121094,48.701908111572266,81148600,2011-09-27
2011-09-28 13:30:00+00:00,55.59000015258789,55.970001220703125,54.400001525878906,54.529998779296875,47.98038864135742,76757100,2011-09-28
2011-09-29 13:30:00+00:00,55.36000061035156,55.43000030517578,52.970001220703125,53.880001068115234,47.40846633911133,116900200,2011-09-29
2011-09-30 13:30:00+00:00,53.15999984741211,53.61000061035156,52.459999084472656,52.4900016784668,46.18541717529297,104870100,2011-09-30
2011-10-03 13:30:00+00:00,52.02000045776367,52.849998474121094,51.11000061035156,51.13999938964844,44.99758529663086,99149500,2011-10-03
2011-10-04 13:30:00+00:00,50.619998931884766,52.290000915527344,50.099998474121094,52.189998626708984,45.92143630981445,137013700,2011-10-04
2011-10-05 13:30:00+00:00,52.060001373291016,53.68000030517578,51.65999984741211,53.529998779296875,47.10051727294922,108825700,2011-10-05
2011-10-06 13:30:00+00:00,53.459999084472656,54.439998626708984,53.209999084472656,54.43000030517578,47.89240646362305,71939200,2011-10-06
2011-10-07 13:30:00+00:00,54.400001525878906,54.65999984741211,53.720001220703125,54.06999969482422,47.57563781738281,72525200,2011-10-07
2011-10-10 13:30:00+00:00,54.9900016784668,55.939998626708984,54.88999938964844,55.939998626708984,49.22101974487305,48230200,2011-10-10
2011-10-11 13:30:00+00:00,55.790000915527344,56.459999084472656,55.70000076293945,56.31999969482422,49.55539321899414,66449100,2011-10-11
2011-10-12 13:30:00+00:00,56.86000061035156,57.22999954223633,56.560001373291016,56.599998474121094,49.8017692565918,85627600,2011-10-12
2011-10-13 13:30:00+00:00,56.4900016784668,57.189998626708984,56.43000030517578,57.119998931884766,50.25930404663086,63443700,2011-10-13
2011-10-14 13:30:00+00:00,57.81999969482422,58.189998626708984,57.5099983215332,58.18000030517578,51.191993713378906,65643600,2011-10-14
2011-10-17 13:30:00+00:00,57.90999984741211,58.09000015258789,56.970001220703125,57.279998779296875,50.40007781982422,65161300,2011-10-17
2011-10-18 13:30:00+00:00,57.189998626708984,58.290000915527344,56.65999984741211,57.9900016784668,51.024803161621094,91434600,2011-10-18
2011-10-19 13:30:00+00:00,57.66999816894531,57.849998474121094,56.68000030517578,56.869998931884766,50.03932189941406,67639400,2011-10-19
2011-10-20 13:30:00+00:00,56.86000061035156,56.91999816894531,55.790000915527344,56.59000015258789,49.792964935302734,80378300,2011-10-20
2011-10-21 13:30:00+00:00,57.189998626708984,57.65999984741211,56.779998779296875,57.29999923706055,50.417686462402344,60455800,2011-10-21
2011-10-24 13:30:00+00:00,57.5099983215332,58.650001525878906,57.310001373291016,58.4900016784668,51.46475601196289,61449500,2011-10-24
2011-10-25 13:30:00+00:00,58.29999923706055,58.31999969482422,57.220001220703125,57.34000015258789,50.45288848876953,65299200,2011-10-25
2011-10-26 13:30:00+00:00,57.65999984741211,57.779998779296875,56.209999084472656,57.27000045776367,50.39128112792969,98193800,2011-10-26
2011-10-27 13:30:00+00:00,58.63999938964844,59.20000076293945,58.029998779296875,58.849998474121094,51.78151321411133,104455500,2011-10-27
2011-10-28 13:30:00+00:00,58.52000045776367,59.0099983215332,58.5,58.939998626708984,51.860721588134766,42950000,2011-10-28
2011-10-31 13:30:00+00:00,58.43000030517578,58.63999938964844,57.90999984741211,57.95000076293945,50.989620208740234,60520200,2011-10-31
2011-11-01 13:30:00+00:00,56.52000045776367,57.90999984741211,56.119998931884766,56.439998626708984,49.660980224609375,99933000,2011-11-01
2011-11-02 13:30:00+00:00,57.029998779296875,57.15999984741211,56.380001068115234,56.91999816894531,50.08332061767578,65003800,2011-11-02
2011-11-03 13:30:00+00:00,57.369998931884766,58.18000030517578,56.709999084472656,58.099998474121094,51.12158966064453,78994200,2011-11-03
2011-11-04 13:30:00+00:00,57.81999969482422,58.04999923706055,57.220001220703125,57.79999923706055,50.85763168334961,61527800,2011-11-04
2011-11-07 14:30:00+00:00,57.7599983215332,58.25,57.16999816894531,58.209999084472656,51.2183952331543,65559000,2011-11-07
2011-11-08 14:30:00+00:00,58.630001068115234,58.97999954223633,57.970001220703125,58.880001068115234,51.80791473388672,62906900,2011-11-08
2011-11-09 14:30:00+00:00,57.7400016784668,57.83000183105469,56.630001068115234,56.810001373291016,49.98653793334961,69539000,2011-11-09
2011-11-10 14:30:00+00:00,57.369998931884766,57.41999816894531,56.22999954223633,56.779998779296875,49.96013641357422,66052400,2011-11-10
2011-11-11 14:30:00+00:00,57.27000045776367,58.02000045776367,57.20000076293945,57.849998474121094,50.90162658691406,54471000,2011-11-11
2011-11-14 14:30:00+00:00,57.689998626708984,58.0099983215332,57.279998779296875,57.4900016784668,50.584869384765625,44617600,2011-11-14
2011-11-15 14:30:00+00:00,57.31999969482422,58.36000061035156,57.2599983215332,58.130001068115234,51.14800262451172,52203900,2011-11-15
2011-11-16 14:30:00+00:00,57.709999084472656,58.15999984741211,57.060001373291016,57.16999816894531,50.30330276489258,68342800,2011-11-16
2011-11-17 14:30:00+00:00,57.02000045776367,57.040000915527344,55.47999954223633,55.83000183105469,49.124263763427734,101706900,2011-11-17
2011-11-18 14:30:00+00:00,55.84000015258789,55.900001525878906,55.29999923706055,55.400001525878906,48.74589920043945,60417000,2011-11-18
2011-11-21 14:30:00+00:00,54.650001525878906,54.72999954223633,53.779998779296875,54.34000015258789,47.81321716308594,52283700,2011-11-21
2011-11-22 14:30:00+00:00,54.20000076293945,54.68000030517578,53.869998931884766,54.52000045776367,47.97158432006836,51940100,2011-11-22
2011-11-23 14:30:00+00:00,54.11000061035156,54.16999816894531,53.2599983215332,53.290000915527344,46.88931655883789,48437300,2011-11-23
2011-11-25 14:30:00+00:00,53.060001373291016,53.66999816894531,52.869998931884766,52.880001068115234,46.528568267822266,25448100,2011-11-25
2011-11-28 14:30:00+00:00,54.16999816894531,54.790000915527344,54.13999938964844,54.720001220703125,48.14759063720703,46710700,2011-11-28
2011-11-29 14:30:00+00:00,54.689998626708984,55.099998474121094,54.220001220703125,54.380001068115234,47.8484001159668,52056700,2011-11-29
2011-11-30 14:30:00+00:00,55.86000061035156,56.439998626708984,55.66999816894531,56.38999938964844,49.61697769165039,66918600,2011-11-30
2011-12-01 14:30:00+00:00,56.380001068115234,56.93000030517578,56.349998474121094,56.779998779296875,49.96013641357422,45362200,2011-12-01
2011-12-02 14:30:00+00:00,57.34000015258789,57.34000015258789,56.56999969482422,56.619998931884766,49.819366455078125,36938900,2011-12-02
2011-12-05 14:30:00+00:00,57.470001220703125,57.619998931884766,56.91999816894531,57.2400016784668,50.364898681640625,40492200,2011-12-05
2011-12-06 14:30:00+00:00,57.290000915527344,57.45000076293945,56.88999938964844,57.08000183105469,50.22410583496094,38670000,2011-12-06
2011-12-07 14:30:00+00:00,56.91999816894531,57.34000015258789,56.349998474121094,57.08000183105469,50.22410583496094,44576200,2011-12-07
2011-12-08 14:30:00+00:00,56.709999084472656,57.150001525878906,56.0099983215332,56.119998931884766,49.3794059753418,51692600,2011-12-08
2011-12-09 14:30:00+00:00,56.2599983215332,57.189998626708984,56.2400016784668,57.02000045776367,50.17131423950195,55757900,2011-12-09
2011-12-12 14:30:00+00:00,56.41999816894531,57.0099983215332,55.900001525878906,56.380001068115234,49.60818099975586,55411700,2011-12-12
2011-12-13 14:30:00+00:00,56.75,56.97999954223633,55.529998779296875,55.7599983215332,49.06266403198242,68557700,2011-12-13
2011-12-14 14:30:00+00:00,55.54999923706055,55.59000015258789,54.58000183105469,54.88999938964844,48.29713439941406,63682800,2011-12-14
2011-12-15 14:30:00+00:00,55.36000061035156,55.41999816894531,54.65999984741211,54.7400016784668,48.1651611328125,58732900,2011-12-15
2011-12-16 14:30:00+00:00,54.869998931884766,55.61000061035156,54.77000045776367,54.86000061035156,48.41316604614258,60978900,2011-12-16
2011-12-19 14:30:00+00:00,55.06999969482422,55.20000076293945,54.16999816894531,54.31999969482422,47.93660354614258,46733900,2011-12-19
2011-12-20 14:30:00+00:00,55.20000076293945,56.0,55.16999816894531,55.93000030517578,49.35741424560547,81758800,2011-12-20
2011-12-21 14:30:00+00:00,55.599998474121094,55.63999938964844,54.4900016784668,55.130001068115234,48.65141296386719,78552300,2011-12-21
2011-12-22 14:30:00+00:00,55.25,55.630001068115234,55.16999816894531,55.599998474121094,49.066192626953125,40334100,2011-12-22
2011-12-23 14:30:00+00:00,55.709999084472656,56.08000183105469,55.58000183105469,56.08000183105469,49.489776611328125,26594600,2011-12-23
2011-12-27 14:30:00+00:00,55.9900016784668,56.41999816894531,55.93000030517578,56.2400016784668,49.67438888549805,21443500,2011-12-27
2011-12-28 14:30:00+00:00,56.16999816894531,56.2599983215332,55.439998626708984,55.59000015258789,49.10027313232422,38180100,2011-12-28
2011-12-29 14:30:00+00:00,55.68000030517578,56.029998779296875,55.5,55.9900016784668,49.45355987548828,28077900,2011-12-29
2011-12-30 14:30:00+00:00,55.869998931884766,56.119998931884766,55.81999969482422,55.83000183105469,49.312255859375,21832400,2011-12-30
2012-01-03 14:30:00+00:00,56.90999984741211,57.189998626708984,56.75,56.900001525878906,50.25732421875,39514100,2012-01-03
2012-01-04 14:30:00+00:00,56.810001373291016,57.220001220703125,56.560001373291016,57.13999938964844,50.469322204589844,29403400,2012-01-04
2012-01-05 14:30:00+00:00,57.02000045776367,57.65999984741211,56.79999923706055,57.61000061035156,50.884437561035156,41260600,2012-01-05
2012-01-06 14:30:00+00:00,57.619998931884766,57.939998626708984,57.400001525878906,57.810001373291016,51.06108856201172,46325200,2012-01-06
2012-01-09 14:30:00+00:00,57.959999084472656,57.97999954223633,57.43000030517578,57.619998931884766,50.89326858520508,39195500,2012-01-09
2012-01-10 14:30:00+00:00,58.22999954223633,58.400001525878906,57.63999938964844,58.040000915527344,51.264244079589844,35949900,2012-01-10
2012-01-11 14:30:00+00:00,58.029998779296875,58.290000915527344,57.810001373291016,58.15999984741211,51.370235443115234,37144100,2012-01-11
2012-01-12 14:30:00+00:00,58.290000915527344,58.470001220703125,57.86000061035156,58.38999938964844,51.57338333129883,26188300,2012-01-12
2012-01-13 14:30:00+00:00,58.08000183105469,58.20000076293945,57.68000030517578,58.18000030517578,51.38790512084961,35980400,2012-01-13
2012-01-17 14:30:00+00:00,58.689998626708984,58.959999084472656,58.4900016784668,58.709999084472656,51.85602951049805,41790800,2012-01-17
2012-01-18 14:30:00+00:00,58.81999969482422,59.4900016784668,58.68000030517578,59.4900016784668,52.54496765136719,48692700,2012-01-18
2012-01-19 14:30:00+00:00,59.7599983215332,59.970001220703125,59.650001525878906,59.86000061035156,52.87176513671875,47774500,2012-01-19
2012-01-20 14:30:00+00:00,59.599998474121094,59.79999923706055,59.560001373291016,59.77000045776367,52.79228973388672,41041700,2012-01-20
2012-01-23 14:30:00+00:00,59.779998779296875,60.209999084472656,59.439998626708984,59.790000915527344,52.8099250793457,40958300,2012-01-23
2012-01-24 14:30:00+00:00,59.52000045776367,59.84000015258789,59.40999984741211,59.68000030517578,52.71278762817383,38440200,2012-01-24
2012-01-25 14:30:00+00:00,60.2599983215332,60.58000183105469,59.83000183105469,60.43000030517578,53.37522888183594,61591800,2012-01-25
2012-01-26 14:30:00+00:00,60.689998626708984,60.79999923706055,59.93000030517578,60.220001220703125,53.18975830078125,37852700,2012-01-26
2012-01-27 14:30:00+00:00,60.09000015258789,60.5099983215332,60.060001373291016,60.400001525878906,53.34872817993164,45532300,2012-01-27
2012-01-30 14:30:00+00:00,59.88999938964844,60.540000915527344,59.65999984741211,60.45000076293945,53.39289855957031,42797800,2012-01-30
2012-01-31 14:30:00+00:00,60.75,60.86000061035156,60.13999938964844,60.529998779296875,53.46358108520508,51449600,2012-01-31
2012-02-01 14:30:00+00:00,60.880001068115234,61.2400016784668,60.65999984741211,61.02000045776367,53.89633560180664,46146700,2012-02-01
2012-02-02 14:30:00+00:00,61.220001220703125,61.40999984741211,60.970001220703125,61.209999084472656,54.064178466796875,46373600,2012-02-02
2012-02-03 14:30:00+00:00,61.779998779296875,62.119998931884766,61.68000030517578,62.04999923706055,54.80612564086914,36453800,2012-02-03
2012-02-06 14:30:00+00:00,61.81999969482422,62.02000045776367,61.65999984741211,62.0,54.76194763183594,28541300,2012-02-06
2012-02-07 14:30:00+00:00,61.95000076293945,62.25,61.66999816894531,62.130001068115234,54.87677001953125,37935700,2012-02-07
2012-02-08 14:30:00+00:00,62.13999938964844,62.459999084472656,61.90999984741211,62.459999084472656,55.168235778808594,41171100,2012-02-08
2012-02-09 14:30:00+00:00,62.70000076293945,62.97999954223633,62.31999969482422,62.90999984741211,55.565711975097656,46856400,2012-02-09
2012-02-10 14:30:00+00:00,62.459999084472656,62.63999938964844,62.25,62.470001220703125,55.17706298828125,58090500,2012-02-10
2012-02-13 14:30:00+00:00,62.939998626708984,63.130001068115234,62.650001525878906,63.04999923706055,55.689334869384766,36810200,2012-02-13
2012-02-14 14:30:00+00:00,62.90999984741211,63.220001220703125,62.689998626708984,63.209999084472656,55.83069610595703,51648200,2012-02-14
2012-02-15 14:30:00+00:00,63.5099983215332,63.86000061035156,62.66999816894531,62.77000045776367,55.44205856323242,105709100,2012-02-15
2012-02-16 14:30:00+00:00,62.790000915527344,63.70000076293945,62.630001068115234,63.630001068115234,56.20164489746094,83642300,2012-02-16
2012-02-17 14:30:00+00:00,63.63999938964844,63.689998626708984,63.150001525878906,63.43000030517578,56.02499008178711,76112300,2012-02-17
2012-02-21 14:30:00+00:00,63.5,63.88999938964844,63.209999084472656,63.61000061035156,56.18397903442383,38141300,2012-02-21
2012-02-22 14:30:00+00:00,63.4900016784668,63.68000030517578,63.22999954223633,63.31999969482422,55.9278450012207,43174700,2012-02-22
2012-02-23 14:30:00+00:00,63.400001525878906,63.810001373291016,63.09000015258789,63.7400016784668,56.298805236816406,54250000,2012-02-23
2012-02-24 14:30:00+00:00,63.91999816894531,64.06999969482422,63.79999923706055,63.959999084472656,56.493125915527344,41364900,2012-02-24
2012-02-27 14:30:00+00:00,63.61000061035156,64.26000213623047,63.33000183105469,64.05000305175781,56.57261657714844,42678500,2012-02-27
2012-02-28 14:30:00+00:00,64.11000061035156,64.69999694824219,64.02999877929688,64.69999694824219,57.14670944213867,43717500,2012-02-28
2012-02-29 14:30:00+00:00,64.75,64.95999908447266,64.19999694824219,64.41000366210938,56.890594482421875,59784400,2012-02-29
2012-03-01 14:30:00+00:00,64.6500015258789,64.9800033569336,64.45999908447266,64.91999816894531,57.34104919433594,67558900,2012-03-01
2012-03-02 14:30:00+00:00,64.83000183105469,65.08000183105469,64.66000366210938,64.87000274658203,57.296878814697266,33358200,2012-03-02
2012-03-05 14:30:00+00:00,64.83000183105469,64.91000366210938,63.9900016784668,64.19999694824219,56.705108642578125,45788800,2012-03-05
2012-03-06 14:30:00+00:00,63.56999969482422,63.720001220703125,63.22999954223633,63.56999969482422,56.148651123046875,54638600,2012-03-06
2012-03-07 14:30:00+00:00,63.869998931884766,64.20999908447266,63.77000045776367,64.05999755859375,56.58144760131836,42741800,2012-03-07
2012-03-08 14:30:00+00:00,64.44000244140625,64.94000244140625,64.30000305175781,64.75,57.190895080566406,43711100,2012-03-08
2012-03-09 14:30:00+00:00,64.86000061035156,65.13999938964844,64.81999969482422,65.0199966430664,57.42937469482422,43117200,2012-03-09
2012-03-12 13:30:00+00:00,65.0,65.11000061035156,64.72000122070312,65.05000305175781,57.455875396728516,32687300,2012-03-12
2012-03-13 13:30:00+00:00,65.4000015258789,66.26000213623047,65.2699966430664,66.26000213623047,58.52461624145508,61559100,2012-03-13
2012-03-14 13:30:00+00:00,66.33000183105469,66.73999786376953,66.08000183105469,66.48999786376953,58.72776412963867,59926900,2012-03-14
2012-03-15 13:30:00+00:00,66.69000244140625,66.81999969482422,66.3499984741211,66.68000030517578,58.89557647705078,65531200,2012-03-15
2012-03-16 13:30:00+00:00,66.66999816894531,66.66999816894531,66.36000061035156,66.5199966430664,58.85400390625,53023100,2012-03-16
2012-03-19 13:30:00+00:00,66.62999725341797,67.1500015258789,66.44999694824219,66.98999786376953,59.26981735229492,60966200,2012-03-19
2012-03-20 13:30:00+00:00,66.63999938964844,67.18000030517578,66.45999908447266,67.11000061035156,59.376007080078125,47290600,2012-03-20
2012-03-21 13:30:00+00:00,67.12000274658203,67.48999786376953,67.02999877929688,67.12000274658203,59.384830474853516,39648100,2012-03-21
2012-03-22 13:30:00+00:00,66.72000122070312,67.13999938964844,66.68000030517578,66.9800033569336,59.260986328125,56953900,2012-03-22
2012-03-23 13:30:00+00:00,67.05999755859375,67.08000183105469,66.55999755859375,66.94000244140625,59.22559356689453,45541700,2012-03-23
2012-03-26 13:30:00+00:00,67.38999938964844,68.11000061035156,67.33000183105469,68.11000061035156,60.26076889038086,40855300,2012-03-26
2012-03-27 13:30:00+00:00,68.16000366210938,68.48999786376953,68.12999725341797,68.20999908447266,60.3492317199707,37278200,2012-03-27
2012-03-28 13:30:00+00:00,68.25,68.51000213623047,67.54000091552734,67.94000244140625,60.11034393310547,44421900,2012-03-28
2012-03-29 13:30:00+00:00,67.5999984741211,67.93000030517578,67.19999694824219,67.68000030517578,59.88032531738281,53975300,2012-03-29
2012-03-30 13:30:00+00:00,67.9800033569336,68.0199966430664,67.27999877929688,67.55000305175781,59.76530838012695,39480900,2012-03-30
2012-04-02 13:30:00+00:00,67.4800033569336,68.33999633789062,67.36000061035156,68.25,60.384620666503906,40031600,2012-04-02
2012-04-03 13:30:00+00:00,68.30999755859375,68.55000305175781,67.8499984741211,68.2300033569336,60.366939544677734,45539900,2012-04-03
2012-04-04 13:30:00+00:00,67.72000122070312,67.76000213623047,66.91000366210938,67.30000305175781,59.54410171508789,54088100,2012-04-04
2012-04-05 13:30:00+00:00,67.18000030517578,67.77999877929688,67.12999725341797,67.72000122070312,59.915714263916016,42979900,2012-04-05
2012-04-09 13:30:00+00:00,66.87999725341797,67.4800033569336,66.76000213623047,67.20999908447266,59.46448516845703,36908200,2012-04-09
2012-04-10 13:30:00+00:00,67.18000030517578,67.44000244140625,65.91999816894531,66.12999725341797,58.508934020996094,69254200,2012-04-10
2012-04-11 13:30:00+00:00,66.70999908447266,66.88999938964844,66.27999877929688,66.44999694824219,58.79206466674805,62950000,2012-04-11
2012-04-12 13:30:00+00:00,66.58000183105469,67.27999877929688,66.4800033569336,67.20999908447266,59.46448516845703,57407400,2012-04-12
2012-04-13 13:30:00+00:00,66.9800033569336,67.19999694824219,66.16000366210938,66.19000244140625,58.562034606933594,55227500,2012-04-13
2012-04-16 13:30:00+00:00,66.5199966430664,66.55999755859375,65.23999786376953,65.44999694824219,57.907310485839844,57588000,2012-04-16
2012-04-17 13:30:00+00:00,65.7300033569336,66.98999786376953,65.62999725341797,66.77999877929688,59.084007263183594,47362400,2012-04-17
2012-04-18 13:30:00+00:00,66.58999633789062,67.0,66.41000366210938,66.61000061035156,58.93364334106445,42536100,2012-04-18
2012-04-19 13:30:00+00:00,66.37000274658203,67.16999816894531,65.62000274658203,65.86000061035156,58.27006149291992,81110900,2012-04-19
2012-04-20 13:30:00+00:00,66.22000122070312,66.51000213623047,65.58000183105469,65.68000030517578,58.110816955566406,59906900,2012-04-20
2012-04-23 13:30:00+00:00,65.05999755859375,65.18000030517578,64.48999786376953,65.08000183105469,57.57994079589844,70514400,2012-04-23
2012-04-24 13:30:00+00:00,64.95999908447266,65.2300033569336,64.44999694824219,64.7300033569336,57.27028274536133,49661500,2012-04-24
2012-04-25 13:30:00+00:00,66.06999969482422,66.48999786376953,65.97000122070312,66.44999694824219,58.79206466674805,57526900,2012-04-25
2012-04-26 13:30:00+00:00,66.44000244140625,66.98999786376953,66.3499984741211,66.83999633789062,59.13712692260742,41799500,2012-04-26
2012-04-27 13:30:00+00:00,67.12000274658203,67.44999694824219,66.7699966430664,67.23999786376953,59.491024017333984,46003800,2012-04-27
2012-04-30 13:30:00+00:00,67.04000091552734,67.16999816894531,66.70999908447266,66.76000213623047,59.066341400146484,37787700,2012-04-30
2012-05-01 13:30:00+00:00,66.69000244140625,67.62999725341797,66.58999633789062,66.87000274658203,59.16365432739258,37643800,2012-05-01
2012-05-02 13:30:00+00:00,66.54000091552734,67.11000061035156,66.37999725341797,67.05999755859375,59.33176803588867,38299300,2012-05-02
2012-05-03 13:30:00+00:00,67.0999984741211,67.1500015258789,66.18000030517578,66.3499984741211,58.703590393066406,51297600,2012-05-03
2012-05-04 13:30:00+00:00,65.73999786376953,66.3499984741211,64.69000244140625,64.69999694824219,57.24372100830078,107554000,2012-05-04
2012-05-07 13:30:00+00:00,64.30999755859375,65.06999969482422,64.29000091552734,64.76000213623047,57.296810150146484,50267800,2012-05-07
2012-05-08 13:30:00+00:00,64.3499984741211,64.73999786376953,63.47999954223633,64.5199966430664,57.0844841003418,72659700,2012-05-08
2012-05-09 13:30:00+00:00,63.77000045776367,64.68000030517578,63.5099983215332,64.31999969482422,56.90753936767578,85715300,2012-05-09
2012-05-10 13:30:00+00:00,64.61000061035156,64.62999725341797,63.95000076293945,64.19000244140625,56.79251480102539,49448900,2012-05-10
2012-05-11 13:30:00+00:00,63.970001220703125,64.86000061035156,63.90999984741211,64.18000030517578,56.78369903564453,47099900,2012-05-11
2012-05-14 13:30:00+00:00,63.630001068115234,64.08000183105469,63.47999954223633,63.58000183105469,56.2528190612793,46360000,2012-05-14
2012-05-15 13:30:00+00:00,63.75,64.2699966430664,63.2599983215332,63.369998931884766,56.067012786865234,66908600,2012-05-15
2012-05-16 13:30:00+00:00,63.59000015258789,63.779998779296875,62.810001373291016,62.939998626708984,55.68655776977539,52825900,2012-05-16
2012-05-17 13:30:00+00:00,62.959999084472656,63.060001373291016,61.599998474121094,61.61000061035156,54.50985336303711,62253900,2012-05-17
2012-05-18 13:30:00+00:00,61.79999923706055,61.959999084472656,60.7599983215332,60.810001373291016,53.80205154418945,79496500,2012-05-18
2012-05-21 13:30:00+00:00,60.93000030517578,62.56999969482422,60.849998474121094,62.5099983215332,55.306129455566406,61473000,2012-05-21
2012-05-22 13:30:00+00:00,62.689998626708984,62.95000076293945,61.9900016784668,62.439998626708984,55.24419021606445,62954800,2012-05-22
2012-05-23 13:30:00+00:00,61.90999984741211,62.709999084472656,61.369998931884766,62.560001373291016,55.35035705566406,56951100,2012-05-23
2012-05-24 13:30:00+00:00,62.650001525878906,62.709999084472656,61.689998626708984,62.150001525878906,54.98762893676758,83131200,2012-05-24
2012-05-25 13:30:00+00:00,62.209999084472656,62.31999969482422,61.88999938964844,62.06999969482422,54.91685104370117,32078900,2012-05-25
2012-05-29 13:30:00+00:00,62.650001525878906,63.150001525878906,62.279998779296875,62.86000061035156,55.615787506103516,44216700,2012-05-29
2012-05-30 13:30:00+00:00,62.290000915527344,62.54999923706055,61.68000030517578,62.33000183105469,55.14686584472656,56431800,2012-05-30
2012-05-31 13:30:00+00:00,62.25,62.40999984741211,61.59000015258789,62.060001373291016,54.90798568725586,55260100,2012-05-31
2012-06-01 13:30:00+00:00,60.939998626708984,61.31999969482422,60.38999938964844,60.40999984741211,53.44813919067383,71430800,2012-06-01
2012-06-04 13:30:00+00:00,60.58000183105469,60.959999084472656,60.040000915527344,60.869998931884766,53.855125427246094,74119500,2012-06-04
2012-06-05 13:30:00+00:00,60.65999984741211,61.2400016784668,60.630001068115234,61.119998931884766,54.07632064819336,47916900,2012-06-05
2012-06-06 13:30:00+00:00,61.58000183105469,62.56999969482422,61.52000045776367,62.52000045776367,55.31498336791992,58781800,2012-06-06
2012-06-07 13:30:00+00:00,63.18000030517578,63.18000030517578,62.220001220703125,62.27000045776367,55.093788146972656,38414800,2012-06-07
2012-06-08 13:30:00+00:00,62.16999816894531,62.95000076293945,61.959999084472656,62.869998931884766,55.624629974365234,39730800,2012-06-08
2012-06-11 13:30:00+00:00,63.349998474121094,63.380001068115234,61.77000045776367,61.810001373291016,54.68679428100586,51008900,2012-06-11
2012-06-12 13:30:00+00:00,62.099998474121094,62.59000015258789,61.68000030517578,62.560001373291016,55.35035705566406,48802600,2012-06-12
2012-06-13 13:30:00+00:00,62.380001068115234,62.849998474121094,61.91999816894531,62.130001068115234,54.96992111206055,50840100,2012-06-13
2012-06-14 13:30:00+00:00,62.119998931884766,62.61000061035156,61.79999923706055,62.36000061035156,55.173423767089844,65170600,2012-06-14
2012-06-15 13:30:00+00:00,62.38999938964844,63.08000183105469,62.36000061035156,62.9900016784668,55.858882904052734,41536100,2012-06-15
2012-06-18 13:30:00+00:00,62.72999954223633,63.7400016784668,62.630001068115234,63.58000183105469,56.382110595703125,32191200,2012-06-18
2012-06-19 13:30:00+00:00,63.900001525878906,64.51000213623047,63.849998474121094,64.23999786376953,56.9673957824707,36476500,2012-06-19
2012-06-20 13:30:00+00:00,64.37999725341797,64.56999969482422,63.810001373291016,64.29000091552734,57.011722564697266,51389700,2012-06-20
2012-06-21 13:30:00+00:00,64.23999786376953,64.30999755859375,62.619998931884766,62.689998626708984,55.592857360839844,42492700,2012-06-21
2012-06-22 13:30:00+00:00,62.900001525878906,63.43000030517578,62.72999954223633,63.349998474121094,56.17815017700195,29504200,2012-06-22
2012-06-25 13:30:00+00:00,62.83000183105469,62.849998474121094,61.95000076293945,62.130001068115234,55.09626388549805,33136400,2012-06-25
2012-06-26 13:30:00+00:00,62.34000015258789,62.70000076293945,62.060001373291016,62.52000045776367,55.4421272277832,30611100,2012-06-26
2012-06-27 13:30:00+00:00,62.7599983215332,63.18000030517578,62.689998626708984,62.900001525878906,55.77909469604492,35705800,2012-06-27
2012-06-28 13:30:00+00:00,62.43000030517578,62.470001220703125,61.540000915527344,62.20000076293945,55.158329010009766,49793400,2012-06-28
2012-06-29 13:30:00+00:00,63.400001525878906,64.16000366210938,63.209999084472656,64.16000366210938,56.89645004272461,44761300,2012-06-29
2012-07-02 13:30:00+00:00,64.25,64.37999725341797,63.869998931884766,64.3499984741211,57.06492614746094,33425600,2012-07-02
2012-07-03 13:30:00+00:00,64.38999938964844,64.88999938964844,64.29000091552734,64.88999938964844,57.54379653930664,15895100,2012-07-03
2012-07-05 13:30:00+00:00,64.83000183105469,65.25,64.4800033569336,64.93000030517578,57.579261779785156,37016200,2012-07-05
2012-07-06 13:30:00+00:00,64.62999725341797,64.69000244140625,63.650001525878906,64.12000274658203,56.86097717285156,40684100,2012-07-06
2012-07-09 13:30:00+00:00,64.05000305175781,64.26000213623047,63.68000030517578,64.0,56.75455856323242,35628300,2012-07-09
2012-07-10 13:30:00+00:00,64.3499984741211,64.51000213623047,63.119998931884766,63.369998931884766,56.195892333984375,47365700,2012-07-10
2012-07-11 13:30:00+00:00,63.290000915527344,63.459999084472656,62.5,63.02000045776367,55.88550567626953,43432000,2012-07-11
2012-07-12 13:30:00+00:00,62.52000045776367,62.689998626708984,61.86000061035156,62.43000030517578,55.36229705810547,57680400,2012-07-12
2012-07-13 13:30:00+00:00,62.599998474121094,63.52000045776367,62.560001373291016,63.380001068115234,56.204734802246094,32357200,2012-07-13
2012-07-16 13:30:00+00:00,63.2400016784668,63.52000045776367,62.95000076293945,63.20000076293945,56.04511260986328,27621400,2012-07-16
2012-07-17 13:30:00+00:00,63.599998474121094,63.7400016784668,62.630001068115234,63.529998779296875,56.3377685546875,42467800,2012-07-17
2012-07-18 13:30:00+00:00,63.40999984741211,64.58000183105469,63.38999938964844,64.38999938964844,57.10040283203125,44489700,2012-07-18
2012-07-19 13:30:00+00:00,64.83999633789062,65.30999755859375,64.72000122070312,65.0999984741211,57.730037689208984,53017800,2012-07-19
2012-07-20 13:30:00+00:00,65.08000183105469,65.0999984741211,64.20999908447266,64.23999786376953,56.9673957824707,40573100,2012-07-20
2012-07-23 13:30:00+00:00,62.9900016784668,63.68000030517578,62.5099983215332,63.459999084472656,56.275699615478516,48657800,2012-07-23
2012-07-24 13:30:00+00:00,63.56999969482422,63.65999984741211,62.54999923706055,62.959999084472656,55.832313537597656,57269700,2012-07-24
2012-07-25 13:30:00+00:00,62.470001220703125,62.95000076293945,62.150001525878906,62.540000915527344,55.4598503112793,46264400,2012-07-25
2012-07-26 13:30:00+00:00,63.439998626708984,63.72999954223633,62.970001220703125,63.369998931884766,56.195892333984375,41928200,2012-07-26
2012-07-27 13:30:00+00:00,63.83000183105469,64.98999786376953,63.63999938964844,64.87000274658203,57.52607727050781,42621000,2012-07-27
2012-07-30 13:30:00+00:00,65.02999877929688,65.30999755859375,64.5999984741211,64.81999969482422,57.48173522949219,37821300,2012-07-30
2012-07-31 13:30:00+00:00,64.91999816894531,65.18000030517578,64.73999786376953,64.80000305175781,57.46400451660156,34588300,2012-07-31
2012-08-01 13:30:00+00:00,65.26000213623047,65.27999877929688,64.3499984741211,64.61000061035156,57.295501708984375,30920200,2012-08-01
2012-08-02 13:30:00+00:00,64.12000274658203,65.0199966430664,63.90999984741211,64.37999725341797,57.0915412902832,40534900,2012-08-02
2012-08-03 13:30:00+00:00,65.41999816894531,65.87999725341797,65.19000244140625,65.5999984741211,58.17342758178711,42117400,2012-08-03
2012-08-06 13:30:00+00:00,65.94000244140625,66.38999938964844,65.80000305175781,66.0999984741211,58.61683654785156,23523600,2012-08-06
2012-08-07 13:30:00+00:00,66.37999725341797,66.91999816894531,66.27999877929688,66.6500015258789,59.10454177856445,28223300,2012-08-07
2012-08-08 13:30:00+00:00,66.4800033569336,66.76000213623047,66.37000274658203,66.62000274658203,59.077945709228516,20723500,2012-08-08
2012-08-09 13:30:00+00:00,66.61000061035156,66.91000366210938,66.48999786376953,66.81999969482422,59.255332946777344,20726200,2012-08-09
2012-08-10 13:30:00+00:00,66.58000183105469,66.87999725341797,66.41000366210938,66.86000061035156,59.290775299072266,20312000,2012-08-10
2012-08-13 13:30:00+00:00,66.83999633789062,67.02999877929688,66.5,67.0199966430664,59.43265914916992,19890300,2012-08-13
2012-08-14 13:30:00+00:00,67.2699966430664,67.41000366210938,66.86000061035156,67.05000305175781,59.45927047729492,24218700,2012-08-14
2012-08-15 13:30:00+00:00,67.0,67.31999969482422,66.98999786376953,67.22000122070312,59.610042572021484,29100400,2012-08-15
2012-08-16 13:30:00+00:00,67.47000122070312,68.16999816894531,67.38999938964844,68.0199966430664,60.319427490234375,35699900,2012-08-16
2012-08-17 13:30:00+00:00,68.16999816894531,68.33000183105469,68.01000213623047,68.31999969482422,60.58549880981445,22584800,2012-08-17
2012-08-20 13:30:00+00:00,68.2699966430664,68.43000030517578,68.0,68.41999816894531,60.67416763305664,26924000,2012-08-20
2012-08-21 13:30:00+00:00,68.5999984741211,68.87999725341797,67.87999725341797,68.1500015258789,60.43474197387695,41391000,2012-08-21
2012-08-22 13:30:00+00:00,68.0,68.55999755859375,67.80999755859375,68.43000030517578,60.683048248291016,44555700,2012-08-22
2012-08-23 13:30:00+00:00,68.12000274658203,68.33999633789062,67.69000244140625,67.87000274658203,60.18642044067383,28800400,2012-08-23
2012-08-24 13:30:00+00:00,67.70999908447266,68.44999694824219,67.5999984741211,68.29000091552734,60.55891036987305,38384800,2012-08-24
2012-08-27 13:30:00+00:00,68.58000183105469,68.66999816894531,68.25,68.4000015258789,60.65642547607422,20671400,2012-08-27
2012-08-28 13:30:00+00:00,68.33999633789062,68.58999633789062,68.11000061035156,68.4000015258789,60.65642547607422,27337900,2012-08-28
2012-08-29 13:30:00+00:00,68.4000015258789,68.56999969482422,68.11000061035156,68.4000015258789,60.65642547607422,26672400,2012-08-29
2012-08-30 13:30:00+00:00,68.0999984741211,68.12999725341797,67.5999984741211,67.70999908447266,60.044559478759766,24425400,2012-08-30
2012-08-31 13:30:00+00:00,68.19999694824219,68.44999694824219,67.47000122070312,68.16000366210938,60.44363021850586,42128000,2012-08-31
2012-09-04 13:30:00+00:00,68.02999877929688,68.3499984741211,67.41999816894531,68.08999633789062,60.38149642944336,32017200,2012-09-04
2012-09-05 13:30:00+00:00,68.05999755859375,68.3499984741211,67.83999633789062,68.0199966430664,60.319427490234375,26129300,2012-09-05
2012-09-06 13:30:00+00:00,68.44000244140625,69.55000305175781,68.41999816894531,69.52999877929688,61.658512115478516,43100000,2012-09-06
2012-09-07 13:30:00+00:00,69.37000274658203,69.55000305175781,69.2300033569336,69.43000030517578,61.5698127746582,32958600,2012-09-07
2012-09-10 13:30:00+00:00,69.25,69.4000015258789,68.48999786376953,68.54000091552734,60.78059768676758,25490000,2012-09-10
2012-09-11 13:30:00+00:00,68.55000305175781,68.81999969482422,68.31999969482422,68.43000030517578,60.683048248291016,29810100,2012-09-11
2012-09-12 13:30:00+00:00,68.68000030517578,68.80999755859375,68.20999908447266,68.62999725341797,60.86037826538086,42203400,2012-09-12
2012-09-13 13:30:00+00:00,68.69000244140625,69.86000061035156,68.62000274658203,69.55999755859375,61.68513107299805,45417800,2012-09-13
2012-09-14 13:30:00+00:00,69.80999755859375,70.43000030517578,69.79000091552734,70.18000030517578,62.234920501708984,38880300,2012-09-14
2012-09-17 13:30:00+00:00,70.22000122070312,70.23999786376953,69.95999908447266,70.20999908447266,62.26154327392578,31798400,2012-09-17
2012-09-18 13:30:00+00:00,70.02999877929688,70.30000305175781,70.0199966430664,70.2699966430664,62.31475067138672,27169800,2012-09-18
2012-09-19 13:30:00+00:00,70.26000213623047,70.58000183105469,70.05999755859375,70.4000015258789,62.43003845214844,36484600,2012-09-19
2012-09-20 13:30:00+00:00,70.05999755859375,70.4000015258789,69.87000274658203,70.33000183105469,62.3679313659668,42520200,2012-09-20
2012-09-21 13:30:00+00:00,70.4800033569336,70.54000091552734,70.08000183105469,70.1500015258789,62.38571548461914,23678500,2012-09-21
2012-09-24 13:30:00+00:00,69.56999969482422,69.86000061035156,69.41999816894531,69.73999786376953,62.02109146118164,32341600,2012-09-24
2012-09-25 13:30:00+00:00,69.91999816894531,70.08000183105469,68.7300033569336,68.76000213623047,61.14958190917969,41299600,2012-09-25
2012-09-26 13:30:00+00:00,68.66999816894531,68.70999908447266,67.8499984741211,68.19999694824219,60.651554107666016,32770400,2012-09-26
2012-09-27 13:30:00+00:00,68.37000274658203,69.30000305175781,68.25,69.13999938964844,61.48750686645508,25339500,2012-09-27
2012-09-28 13:30:00+00:00,68.91000366210938,69.12000274658203,68.51000213623047,68.56999969482422,60.9806022644043,30112600,2012-09-28
2012-10-01 13:30:00+00:00,68.9000015258789,69.33000183105469,68.25,68.47000122070312,60.89167785644531,37715300,2012-10-01
2012-10-02 13:30:00+00:00,68.7699966430664,68.9800033569336,68.12999725341797,68.66999816894531,61.06953048706055,33254300,2012-10-02
2012-10-03 13:30:00+00:00,68.86000061035156,69.23999786376953,68.58999633789062,69.11000061035156,61.46082305908203,38236000,2012-10-03
2012-10-04 13:30:00+00:00,69.22000122070312,69.54000091552734,69.0,69.3499984741211,61.674259185791016,26128600,2012-10-04
2012-10-05 13:30:00+00:00,69.69999694824219,69.80000305175781,68.80000305175781,68.9800033569336,61.345211029052734,25207900,2012-10-05
2012-10-08 13:30:00+00:00,68.58000183105469,68.72000122070312,68.19000244140625,68.3499984741211,60.784942626953125,30911500,2012-10-08
2012-10-09 13:30:00+00:00,68.16999816894531,68.33999633789062,67.0999984741211,67.26000213623047,59.81560134887695,67974000,2012-10-09
2012-10-10 13:30:00+00:00,67.23999786376953,67.43000030517578,66.80000305175781,66.91999816894531,59.513221740722656,45134300,2012-10-10
2012-10-11 13:30:00+00:00,67.41999816894531,67.47000122070312,66.66999816894531,66.70999908447266,59.32648468017578,30469400,2012-10-11
2012-10-12 13:30:00+00:00,66.69999694824219,67.05999755859375,66.55000305175781,66.68000030517578,59.29978561401367,24891200,2012-10-12
2012-10-15 13:30:00+00:00,66.93000030517578,67.26000213623047,66.52999877929688,67.16999816894531,59.735557556152344,22220100,2012-10-15
2012-10-16 13:30:00+00:00,67.2699966430664,68.19999694824219,67.25,68.12000274658203,60.580413818359375,33960600,2012-10-16
2012-10-17 13:30:00+00:00,67.7699966430664,68.30000305175781,67.68000030517578,68.08000183105469,60.54483413696289,33439400,2012-10-17
2012-10-18 13:30:00+00:00,67.86000061035156,68.08000183105469,67.04000091552734,67.29000091552734,59.84226608276367,61707600,2012-10-18
2012-10-19 13:30:00+00:00,67.20999908447266,67.2699966430664,65.5999984741211,65.68000030517578,58.41048812866211,75362600,2012-10-19
2012-10-22 13:30:00+00:00,65.6500015258789,66.19000244140625,65.5,66.0199966430664,58.712833404541016,38621500,2012-10-22
2012-10-23 13:30:00+00:00,65.4800033569336,65.94999694824219,65.19000244140625,65.38999938964844,58.1525764465332,52591200,2012-10-23
2012-10-24 13:30:00+00:00,65.76000213623047,65.87000274658203,65.05999755859375,65.16000366210938,57.948020935058594,39872400,2012-10-24
2012-10-25 13:30:00+00:00,65.61000061035156,65.72000122070312,64.97000122070312,65.16000366210938,57.948020935058594,52688700,2012-10-25
2012-10-26 13:30:00+00:00,65.16000366210938,65.62000274658203,64.6500015258789,65.3499984741211,58.11699676513672,54213100,2012-10-26
2012-10-31 13:30:00+00:00,65.2699966430664,65.38999938964844,64.7300033569336,64.94999694824219,57.761260986328125,38524500,2012-10-31
2012-11-01 13:30:00+00:00,65.36000061035156,66.0,65.16999816894531,65.87000274658203,58.5794563293457,26945000,2012-11-01
2012-11-02 13:30:00+00:00,66.16999816894531,66.20999908447266,65.11000061035156,65.16999816894531,57.9569206237793,44083000,2012-11-02
2012-11-05 14:30:00+00:00,65.18000030517578,65.7300033569336,65.04000091552734,65.5999984741211,58.3393440246582,28094700,2012-11-05
2012-11-06 14:30:00+00:00,65.70999908447266,66.16999816894531,65.45999908447266,65.72000122070312,58.446048736572266,29608400,2012-11-06
2012-11-07 14:30:00+00:00,65.0199966430664,65.0999984741211,63.900001525878906,64.16999816894531,57.06759262084961,70737800,2012-11-07
2012-11-08 14:30:00+00:00,64.3499984741211,64.5,63.15999984741211,63.15999984741211,56.16939163208008,58585800,2012-11-08
2012-11-09 14:30:00+00:00,63.20000076293945,64.11000061035156,63.15999984741211,63.43000030517578,56.40950393676758,51542100,2012-11-09
2012-11-12 14:30:00+00:00,63.79999923706055,63.869998931884766,63.25,63.41999816894531,56.40061950683594,32663700,2012-11-12
2012-11-13 14:30:00+00:00,62.93000030517578,63.58000183105469,62.779998779296875,62.97999954223633,56.009307861328125,43288300,2012-11-13
2012-11-14 14:30:00+00:00,63.290000915527344,63.36000061035156,62.13999938964844,62.2400016784668,55.351219177246094,82655300,2012-11-14
2012-11-15 14:30:00+00:00,62.279998779296875,62.4900016784668,61.79999923706055,62.029998779296875,55.164459228515625,55124200,2012-11-15
2012-11-16 14:30:00+00:00,62.08000183105469,62.47999954223633,61.310001373291016,62.29999923706055,55.40458297729492,70873100,2012-11-16
2012-11-19 14:30:00+00:00,62.97999954223633,63.83000183105469,62.959999084472656,63.779998779296875,56.72077560424805,55306400,2012-11-19
2012-11-20 14:30:00+00:00,63.7599983215332,63.88999938964844,63.189998626708984,63.79999923706055,56.73855209350586,52012700,2012-11-20
2012-11-21 14:30:00+00:00,63.869998931884766,64.0199966430664,63.599998474121094,63.93000030517578,56.854164123535156,19611700,2012-11-21
2012-11-23 14:30:00+00:00,64.29000091552734,64.91999816894531,64.25,64.9000015258789,57.71681213378906,16462900,2012-11-23
2012-11-26 14:30:00+00:00,64.73999786376953,65.22000122070312,64.54000091552734,65.18000030517578,57.9658203125,26430900,2012-11-26
2012-11-27 14:30:00+00:00,65.16999816894531,65.4000015258789,64.8499984741211,64.95999908447266,57.77016830444336,25828600,2012-11-27
2012-11-28 14:30:00+00:00,64.6500015258789,65.56999969482422,64.25,65.5199966430664,58.2681770324707,37295800,2012-11-28
2012-11-29 14:30:00+00:00,65.87000274658203,66.13999938964844,65.58000183105469,65.91000366210938,58.61501693725586,41136100,2012-11-29
2012-11-30 14:30:00+00:00,65.91999816894531,65.97000122070312,65.61000061035156,65.80000305175781,58.5172004699707,33497400,2012-11-30
2012-12-03 14:30:00+00:00,66.30999755859375,66.37000274658203,65.63999938964844,65.66999816894531,58.40157699584961,28240000,2012-12-03
2012-12-04 14:30:00+00:00,65.69999694824219,65.7699966430664,65.19999694824219,65.62999725341797,58.366004943847656,49584500,2012-12-04
2012-12-05 14:30:00+00:00,65.52999877929688,65.54000091552734,64.55000305175781,64.9000015258789,57.71681213378906,54076200,2012-12-05
2012-12-06 14:30:00+00:00,64.69999694824219,65.4800033569336,64.52999877929688,65.31999969482422,58.090309143066406,47512300,2012-12-06
2012-12-07 14:30:00+00:00,65.63999938964844,65.70999908447266,64.70999908447266,64.93000030517578,57.74348068237305,30089400,2012-12-07
2012-12-10 14:30:00+00:00,64.75,65.45999908447266,64.75,65.12000274658203,57.91244125366211,33219600,2012-12-10
2012-12-11 14:30:00+00:00,65.56999969482422,66.33999633789062,65.5199966430664,65.97000122070312,58.66837692260742,40750800,2012-12-11
2012-12-12 14:30:00+00:00,66.31999969482422,66.31999969482422,65.6500015258789,65.83000183105469,58.54386520385742,45917700,2012-12-12
2012-12-13 14:30:00+00:00,65.69999694824219,66.16000366210938,65.02999877929688,65.30999755859375,58.08140563964844,45467700,2012-12-13
2012-12-14 14:30:00+00:00,64.87000274658203,65.08000183105469,64.47000122070312,64.69000244140625,57.530052185058594,39630300,2012-12-14
2012-12-17 14:30:00+00:00,64.75,65.56999969482422,64.66000366210938,65.55000305175781,58.29486083984375,42302900,2012-12-17
2012-12-18 14:30:00+00:00,65.87999725341797,66.6500015258789,65.69999694824219,66.55000305175781,59.18417739868164,55596000,2012-12-18
2012-12-19 14:30:00+00:00,66.73999786376953,66.76000213623047,66.22000122070312,66.26000213623047,58.92628860473633,34832500,2012-12-19
2012-12-20 14:30:00+00:00,66.37999725341797,66.41000366210938,65.93000030517578,66.26000213623047,58.92628860473633,40754300,2012-12-20
2012-12-21 14:30:00+00:00,64.87999725341797,65.27999877929688,64.5999984741211,65.19999694824219,58.30655288696289,51152900,2012-12-21
2012-12-24 14:30:00+00:00,65.02999877929688,65.13999938964844,64.91999816894531,65.06999969482422,58.19028091430664,11418300,2012-12-24
2012-12-26 14:30:00+00:00,65.12000274658203,65.18000030517578,64.29000091552734,64.5,57.6805419921875,21751300,2012-12-26
2012-12-27 14:30:00+00:00,64.55999755859375,64.63999938964844,63.599998474121094,64.4000015258789,57.59112548828125,52933200,2012-12-27
2012-12-28 14:30:00+00:00,63.90999984741211,64.43000030517578,63.75,63.779998779296875,57.03668975830078,33082100,2012-12-28
2012-12-31 14:30:00+00:00,63.709999084472656,65.25,63.58000183105469,65.12999725341797,58.243953704833984,57544000,2012-12-31
2013-01-02 14:30:00+00:00,66.7300033569336,67.2300033569336,66.4800033569336,67.19999694824219,60.09507369995117,70695900,2013-01-02
2013-01-03 14:30:00+00:00,67.19999694824219,67.33999633789062,66.6500015258789,66.8499984741211,59.782066345214844,47366500,2013-01-03
2013-01-04 14:30:00+00:00,66.87999725341797,66.87999725341797,66.47000122070312,66.62999725341797,59.58536148071289,33972500,2013-01-04
2013-01-07 14:30:00+00:00,66.45999908447266,66.76000213623047,66.25,66.6500015258789,59.60323715209961,26766200,2013-01-07
2013-01-08 14:30:00+00:00,66.63999938964844,66.81999969482422,66.16999816894531,66.5199966430664,59.48698043823242,28734900,2013-01-08
2013-01-09 14:30:00+00:00,66.62000274658203,66.94999694824219,66.55000305175781,66.7699966430664,59.710540771484375,25600300,2013-01-09
2013-01-10 14:30:00+00:00,67.2300033569336,67.2699966430664,66.55000305175781,67.16999816894531,60.06826400756836,37528000,2013-01-10
2013-01-11 14:30:00+00:00,67.13999938964844,67.29000091552734,67.0,67.26000213623047,60.14874267578125,21158600,2013-01-11
2013-01-14 14:30:00+00:00,66.91999816894531,67.1500015258789,66.66999816894531,66.95999908447266,59.8804817199707,36768500,2013-01-14
2013-01-15 14:30:00+00:00,66.62999725341797,66.7300033569336,66.33000183105469,66.62999725341797,59.58536148071289,31675300,2013-01-15
2013-01-16 14:30:00+00:00,66.72000122070312,67.12999725341797,66.5999984741211,66.9000015258789,59.826812744140625,33822300,2013-01-16
2013-01-17 14:30:00+00:00,67.16999816894531,67.4800033569336,67.05999755859375,67.22000122070312,60.112979888916016,32024200,2013-01-17
2013-01-18 14:30:00+00:00,67.0199966430664,67.13999938964844,66.7699966430664,67.06999969482422,59.97882080078125,31992000,2013-01-18
2013-01-22 14:30:00+00:00,67.13999938964844,67.2300033569336,66.7300033569336,67.18000030517578,60.07720184326172,32123100,2013-01-22
2013-01-23 14:30:00+00:00,67.55999755859375,67.79000091552734,67.45999908447266,67.58999633789062,60.4438591003418,31975700,2013-01-23
2013-01-24 14:30:00+00:00,66.66000366210938,67.27999877929688,66.55999755859375,66.66000366210938,59.61219024658203,42596300,2013-01-24
2013-01-25 14:30:00+00:00,66.87000274658203,67.19000244140625,66.73999786376953,67.0,59.916221618652344,39240100,2013-01-25
2013-01-28 14:30:00+00:00,67.01000213623047,67.37999725341797,66.93000030517578,67.1500015258789,60.0504150390625,32926100,2013-01-28
2013-01-29 14:30:00+00:00,67.06999969482422,67.30999755859375,66.62999725341797,67.16000366210938,60.05931854248047,35554700,2013-01-29
2013-01-30 14:30:00+00:00,67.27999877929688,67.4800033569336,66.87000274658203,67.0199966430664,59.93412399291992,34445000,2013-01-30
2013-01-31 14:30:00+00:00,66.98999786376953,67.3499984741211,66.80999755859375,66.87000274658203,59.79997634887695,34870500,2013-01-31
2013-02-01 14:30:00+00:00,67.33999633789062,67.77999877929688,67.06999969482422,67.66000366210938,60.5064697265625,53120800,2013-02-01
2013-02-04 14:30:00+00:00,67.2699966430664,67.45999908447266,66.45999908447266,66.4800033569336,59.45121383666992,48483700,2013-02-04
2013-02-05 14:30:00+00:00,66.7699966430664,67.66999816894531,66.61000061035156,67.45999908447266,60.32759475708008,35120300,2013-02-05
2013-02-06 14:30:00+00:00,67.23999786376953,67.55000305175781,67.04000091552734,67.23999786376953,60.130863189697266,43593200,2013-02-06
2013-02-07 14:30:00+00:00,67.31999969482422,67.37000274658203,66.55999755859375,67.30000305175781,60.184532165527344,46017900,2013-02-07
2013-02-08 14:30:00+00:00,67.63999938964844,68.12999725341797,67.62999725341797,67.98999786376953,60.80155563354492,39837200,2013-02-08
2013-02-11 14:30:00+00:00,68.02999877929688,68.05999755859375,67.77999877929688,68.01000213623047,60.81946563720703,17650400,2013-02-11
2013-02-12 14:30:00+00:00,67.91999816894531,68.05000305175781,67.66000366210938,67.7300033569336,60.569053649902344,22057900,2013-02-12
2013-02-13 14:30:00+00:00,67.93000030517578,68.2300033569336,67.7699966430664,67.97000122070312,60.78367614746094,23494700,2013-02-13
2013-02-14 14:30:00+00:00,67.66000366210938,68.05000305175781,67.62000274658203,67.94999694824219,60.76580810546875,24478800,2013-02-14
2013-02-15 14:30:00+00:00,67.94000244140625,68.11000061035156,67.55999755859375,67.75,60.586952209472656,25333600,2013-02-15
2013-02-19 14:30:00+00:00,67.87999725341797,68.26000213623047,67.86000061035156,68.23999786376953,61.02513122558594,23436500,2013-02-19
2013-02-20 14:30:00+00:00,68.22000122070312,68.25,67.18000030517578,67.19000244140625,60.08614730834961,38200300,2013-02-20
2013-02-21 14:30:00+00:00,66.94000244140625,67.01000213623047,66.2300033569336,66.47000122070312,59.4422492980957,45855600,2013-02-21
2013-02-22 14:30:00+00:00,66.8499984741211,67.1500015258789,66.58999633789062,67.13999938964844,60.04141616821289,21968000,2013-02-22
2013-02-25 14:30:00+00:00,67.56999969482422,67.80999755859375,66.25,66.30999755859375,59.29916763305664,40927600,2013-02-25
2013-02-26 14:30:00+00:00,66.4000015258789,66.68000030517578,65.95999908447266,66.55999755859375,59.52275848388672,42088800,2013-02-26
2013-02-27 14:30:00+00:00,66.55999755859375,67.6500015258789,66.47000122070312,67.23999786376953,60.130863189697266,36339500,2013-02-27
2013-02-28 14:30:00+00:00,67.25,67.73999786376953,67.08999633789062,67.0999984741211,60.00566482543945,28557300,2013-02-28
2013-03-01 14:30:00+00:00,66.87000274658203,67.5,66.54000091552734,67.37999725341797,60.256065368652344,31617200,2013-03-01
2013-03-04 14:30:00+00:00,67.16000366210938,67.69000244140625,67.06999969482422,67.68000030517578,60.52436065673828,19380500,2013-03-04
2013-03-05 14:30:00+00:00,68.08000183105469,68.7699966430664,68.08000183105469,68.68000030517578,61.41862106323242,35581900,2013-03-05
2013-03-06 14:30:00+00:00,68.88999938964844,68.91000366210938,68.41999816894531,68.51000213623047,61.266597747802734,29071100,2013-03-06
2013-03-07 14:30:00+00:00,68.58999633789062,68.80000305175781,68.44999694824219,68.69000244140625,61.42756652832031,21775900,2013-03-07
2013-03-08 14:30:00+00:00,68.91999816894531,69.0199966430664,68.5,68.7699966430664,61.49909210205078,26159900,2013-03-08
2013-03-11 13:30:00+00:00,68.68000030517578,68.98999786376953,68.47000122070312,68.97000122070312,61.67795181274414,23187900,2013-03-11
2013-03-12 13:30:00+00:00,68.7699966430664,68.93000030517578,68.38999938964844,68.72000122070312,61.45439147949219,27575400,2013-03-12
2013-03-13 13:30:00+00:00,68.80999755859375,68.88999938964844,68.38999938964844,68.62999725341797,61.37388229370117,34297300,2013-03-13
2013-03-14 13:30:00+00:00,68.87000274658203,69.01000213623047,68.70999908447266,68.86000061035156,61.57958221435547,31530800,2013-03-14
2013-03-15 13:30:00+00:00,68.75,68.79000091552734,68.33999633789062,68.51000213623047,61.40839385986328,30752600,2013-03-15
2013-03-18 13:30:00+00:00,67.87999725341797,68.63999938964844,67.7300033569336,68.36000061035156,61.2739372253418,36163000,2013-03-18
2013-03-19 13:30:00+00:00,68.56999969482422,68.69999694824219,67.62000274658203,68.2300033569336,61.15738296508789,33125100,2013-03-19
2013-03-20 13:30:00+00:00,68.70999908447266,68.86000061035156,68.38999938964844,68.70999908447266,61.5876579284668,28035400,2013-03-20
2013-03-21 13:30:00+00:00,68.08000183105469,68.25,67.7699966430664,67.93000030517578,60.88850784301758,30050800,2013-03-21
2013-03-22 13:30:00+00:00,68.20999908447266,68.63999938964844,68.12999725341797,68.58999633789062,61.48008728027344,28837200,2013-03-22
2013-03-25 13:30:00+00:00,68.80999755859375,68.95999908447266,68.01000213623047,68.33999633789062,61.256011962890625,24909800,2013-03-25
2013-03-26 13:30:00+00:00,68.5999984741211,68.7300033569336,68.44999694824219,68.70999908447266,61.5876579284668,19725200,2013-03-26
2013-03-27 13:30:00+00:00,68.23999786376953,68.8499984741211,68.13999938964844,68.80000305175781,61.668312072753906,22539500,2013-03-27
2013-03-28 13:30:00+00:00,68.80000305175781,69.05999755859375,68.63999938964844,68.97000122070312,61.82069778442383,23662800,2013-03-28
2013-04-01 13:30:00+00:00,69.0199966430664,69.08999633789062,68.30999755859375,68.5,61.399410247802734,28112800,2013-04-01
2013-04-02 13:30:00+00:00,68.83000183105469,69.2699966430664,68.7699966430664,69.04000091552734,61.88344192504883,29431900,2013-04-02
2013-04-03 13:30:00+00:00,69.08000183105469,69.18000030517578,68.23999786376953,68.41000366210938,61.31875228881836,35131200,2013-04-03
2013-04-04 13:30:00+00:00,68.37999725341797,68.5999984741211,68.05999755859375,68.43000030517578,61.33667755126953,32287400,2013-04-04
2013-04-05 13:30:00+00:00,67.3499984741211,67.95999908447266,67.19000244140625,67.86000061035156,60.825748443603516,55610800,2013-04-05
2013-04-08 13:30:00+00:00,67.88999938964844,68.23999786376953,67.69000244140625,68.22000122070312,61.14844512939453,17891600,2013-04-08
2013-04-09 13:30:00+00:00,68.4000015258789,68.95999908447266,68.08999633789062,68.68000030517578,61.560752868652344,30931400,2013-04-09
2013-04-10 13:30:00+00:00,68.91999816894531,70.16999816894531,68.87999725341797,70.0199966430664,62.761898040771484,55271300,2013-04-10
2013-04-11 13:30:00+00:00,69.8499984741211,70.1500015258789,69.7699966430664,69.98999786376953,62.73495864868164,37233600,2013-04-11
2013-04-12 13:30:00+00:00,69.81999969482422,69.98999786376953,69.41000366210938,69.94000244140625,62.69015884399414,32783700,2013-04-12
2013-04-15 13:30:00+00:00,69.68000030517578,69.79000091552734,68.4800033569336,68.55999755859375,61.45320510864258,48795800,2013-04-15
2013-04-16 13:30:00+00:00,68.94999694824219,69.55000305175781,68.80999755859375,69.47000122070312,62.268856048583984,27682600,2013-04-16
2013-04-17 13:30:00+00:00,68.87000274658203,68.88999938964844,67.70999908447266,68.11000061035156,61.04983139038086,60204800,2013-04-17
2013-04-18 13:30:00+00:00,68.29000091552734,68.33000183105469,66.87999725341797,67.16999816894531,60.2072868347168,56798200,2013-04-18
2013-04-19 13:30:00+00:00,67.30000305175781,68.2300033569336,67.19999694824219,68.08999633789062,61.03189468383789,43062800,2013-04-19
2013-04-22 13:30:00+00:00,68.33000183105469,69.04000091552734,68.08000183105469,68.79000091552734,61.65934753417969,34412100,2013-04-22
2013-04-23 13:30:00+00:00,69.18000030517578,69.69999694824219,68.81999969482422,69.44999694824219,62.250946044921875,53078300,2013-04-23
2013-04-24 13:30:00+00:00,69.27999877929688,69.66999816894531,69.12000274658203,69.41999816894531,62.22405242919922,44500700,2013-04-24
2013-04-25 13:30:00+00:00,69.5999984741211,70.05000305175781,69.58999633789062,69.79000091552734,62.555686950683594,26437100,2013-04-25
2013-04-26 13:30:00+00:00,69.62000274658203,69.7699966430664,69.2699966430664,69.56999969482422,62.358489990234375,24079800,2013-04-26
2013-04-29 13:30:00+00:00,69.79000091552734,70.4800033569336,69.76000213623047,70.20999908447266,62.932186126708984,31664000,2013-04-29
2013-04-30 13:30:00+00:00,70.30000305175781,70.7300033569336,70.04000091552734,70.72000122070312,63.3892936706543,30135800,2013-04-30
2013-05-01 13:30:00+00:00,70.73999786376953,70.8499984741211,70.25,70.38999938964844,63.0935173034668,28537200,2013-05-01
2013-05-02 13:30:00+00:00,70.51000213623047,71.43000030517578,70.44999694824219,71.27999877929688,63.8912353515625,31744200,2013-05-02
2013-05-03 13:30:00+00:00,71.97000122070312,72.33999633789062,71.91000366210938,72.12000274658203,64.64417266845703,34061700,2013-05-03
2013-05-06 13:30:00+00:00,72.25,72.51000213623047,72.19000244140625,72.4000015258789,64.8951416015625,19244300,2013-05-06
2013-05-07 13:30:00+00:00,72.5199966430664,72.56999969482422,72.08999633789062,72.36000061035156,64.85931396484375,25838100,2013-05-07
2013-05-08 13:30:00+00:00,72.31999969482422,72.7699966430664,72.19999694824219,72.70999908447266,65.1729965209961,24252100,2013-05-08
2013-05-09 13:30:00+00:00,72.56999969482422,73.0999984741211,72.47000122070312,72.61000061035156,65.08338165283203,29337200,2013-05-09
2013-05-10 13:30:00+00:00,72.76000213623047,73.08000183105469,72.62999725341797,73.05000305175781,65.477783203125,20663700,2013-05-10
2013-05-13 13:30:00+00:00,72.93000030517578,73.31999969482422,72.86000061035156,73.13999938964844,65.5584487915039,29730100,2013-05-13
2013-05-14 13:30:00+00:00,73.16000366210938,73.73999786376953,73.12999725341797,73.5199966430664,65.89904022216797,36009800,2013-05-14
2013-05-15 13:30:00+00:00,73.37999725341797,73.73999786376953,73.19999694824219,73.66999816894531,66.03350830078125,27214400,2013-05-15
2013-05-16 13:30:00+00:00,73.7300033569336,74.0999984741211,73.55000305175781,73.58999633789062,65.9618148803711,27253400,2013-05-16
2013-05-17 13:30:00+00:00,73.97000122070312,74.33000183105469,73.7300033569336,74.30000305175781,66.59819793701172,31114500,2013-05-17
2013-05-20 13:30:00+00:00,74.16000366210938,74.43000030517578,73.88999938964844,74.19000244140625,66.49958801269531,25132400,2013-05-20
2013-05-21 13:30:00+00:00,74.1500015258789,74.54000091552734,73.88999938964844,74.2699966430664,66.5712890625,25900000,2013-05-21
2013-05-22 13:30:00+00:00,74.36000061035156,74.94999694824219,73.23999786376953,73.62000274658203,65.98869323730469,59843200,2013-05-22
2013-05-23 13:30:00+00:00,72.97000122070312,73.69999694824219,72.83000183105469,73.44999694824219,65.8362808227539,48222100,2013-05-23
2013-05-24 13:30:00+00:00,72.95999908447266,73.43000030517578,72.76000213623047,73.41000366210938,65.80045318603516,26430300,2013-05-24
2013-05-28 13:30:00+00:00,74.2699966430664,74.54000091552734,73.66000366210938,73.88999938964844,66.23069763183594,27057100,2013-05-28
2013-05-29 13:30:00+00:00,73.5999984741211,73.80000305175781,73.12000274658203,73.54000091552734,65.9169692993164,32090300,2013-05-29
2013-05-30 13:30:00+00:00,73.56999969482422,74.27999877929688,73.55000305175781,73.93000030517578,66.26654815673828,32390500,2013-05-30
2013-05-31 13:30:00+00:00,73.6500015258789,74.20999908447266,73.16999816894531,73.25,65.65705871582031,38347600,2013-05-31
2013-06-03 13:30:00+00:00,73.26000213623047,73.4000015258789,72.43000030517578,73.37999725341797,65.7735366821289,47613100,2013-06-03
2013-06-04 13:30:00+00:00,73.52999877929688,73.81999969482422,72.69999694824219,73.0,65.43292999267578,35251900,2013-06-04
2013-06-05 13:30:00+00:00,72.76000213623047,73.04000091552734,71.98999786376953,72.05000305175781,64.58143615722656,48654200,2013-06-05
2013-06-06 13:30:00+00:00,72.1500015258789,72.41000366210938,71.47000122070312,72.4000015258789,64.8951416015625,62524100,2013-06-06
2013-06-07 13:30:00+00:00,72.69999694824219,73.47000122070312,72.5199966430664,73.38999938964844,65.78252410888672,31969800,2013-06-07
2013-06-10 13:30:00+00:00,73.52999877929688,73.76000213623047,73.26000213623047,73.41999816894531,65.80941772460938,25390000,2013-06-10
2013-06-11 13:30:00+00:00,72.69000244140625,73.33999633789062,72.44000244140625,72.69000244140625,65.15508270263672,40278900,2013-06-11
2013-06-12 13:30:00+00:00,73.11000061035156,73.13999938964844,71.73999786376953,71.8499984741211,64.40215301513672,42081900,2013-06-12
2013-06-13 13:30:00+00:00,71.75,72.91999816894531,71.55000305175781,72.76000213623047,65.21781921386719,28221500,2013-06-13
2013-06-14 13:30:00+00:00,72.76000213623047,72.83999633789062,72.16999816894531,72.27999877929688,64.78758239746094,27690700,2013-06-14
2013-06-17 13:30:00+00:00,72.8499984741211,73.4000015258789,72.5999984741211,72.9800033569336,65.41504669189453,32441900,2013-06-17
2013-06-18 13:30:00+00:00,73.08000183105469,73.72000122070312,73.05999755859375,73.58000183105469,65.95285034179688,24853100,2013-06-18
2013-06-19 13:30:00+00:00,73.5999984741211,73.68000030517578,72.68000030517578,72.76000213623047,65.21781921386719,43145100,2013-06-19
2013-06-20 13:30:00+00:00,71.91999816894531,72.16000366210938,70.79000091552734,71.02999877929688,63.667171478271484,60908400,2013-06-20
2013-06-21 13:30:00+00:00,70.77999877929688,70.97000122070312,69.83999633789062,70.43000030517578,63.329063415527344,51558900,2013-06-21
2013-06-24 13:30:00+00:00,69.8499984741211,70.2699966430664,69.1500015258789,69.7300033569336,62.69963073730469,41492300,2013-06-24
2013-06-25 13:30:00+00:00,70.4000015258789,70.5199966430664,69.80999755859375,70.23999786376953,63.158241271972656,28897400,2013-06-25
2013-06-26 13:30:00+00:00,70.83999633789062,71.0,70.58999633789062,70.87000274658203,63.7247314453125,23742300,2013-06-26
2013-06-27 13:30:00+00:00,71.23999786376953,71.62000274658203,71.12999725341797,71.16999816894531,63.99445343017578,23545000,2013-06-27
2013-06-28 13:30:00+00:00,70.94999694824219,71.69000244140625,70.79000091552734,71.2699966430664,64.08436584472656,28301100,2013-06-28
2013-07-01 13:30:00+00:00,71.75,72.30000305175781,71.63999938964844,71.70999908447266,64.48001861572266,24942800,2013-07-01
2013-07-02 13:30:00+00:00,71.68000030517578,72.18000030517578,71.3499984741211,71.73999786376953,64.50698852539062,23067900,2013-07-02
2013-07-03 13:30:00+00:00,71.4800033569336,72.37000274658203,71.41999816894531,72.02999877929688,64.76774597167969,18847500,2013-07-03
2013-07-05 13:30:00+00:00,72.44000244140625,72.61000061035156,71.86000061035156,72.58000183105469,65.26229095458984,28795900,2013-07-05
2013-07-08 13:30:00+00:00,72.95999908447266,72.98999786376953,72.37999725341797,72.6500015258789,65.32521057128906,20558500,2013-07-08
2013-07-09 13:30:00+00:00,72.98999786376953,73.25,72.6500015258789,73.08999633789062,65.72087860107422,26108600,2013-07-09
2013-07-10 13:30:00+00:00,73.0199966430664,73.62000274658203,72.9800033569336,73.51000213623047,66.09854888916016,25598900,2013-07-10
2013-07-11 13:30:00+00:00,74.30000305175781,75.02999877929688,74.25,74.97000122070312,67.41131591796875,47768900,2013-07-11
2013-07-12 13:30:00+00:00,75.0199966430664,75.3499984741211,74.81999969482422,75.30000305175781,67.70808410644531,31412600,2013-07-12
2013-07-15 13:30:00+00:00,75.37999725341797,75.5199966430664,75.16999816894531,75.47000122070312,67.86094665527344,19783600,2013-07-15
2013-07-16 13:30:00+00:00,75.52999877929688,75.58999633789062,75.18000030517578,75.37000274658203,67.7710189819336,31747100,2013-07-16
2013-07-17 13:30:00+00:00,75.5999984741211,75.73999786376953,75.3499984741211,75.55999755859375,67.94185638427734,24631500,2013-07-17
2013-07-18 13:30:00+00:00,75.55000305175781,75.73999786376953,75.25,75.37000274658203,67.7710189819336,36278800,2013-07-18
2013-07-19 13:30:00+00:00,74.72000122070312,74.73999786376953,74.37000274658203,74.58999633789062,67.06963348388672,37732400,2013-07-19
2013-07-22 13:30:00+00:00,74.87000274658203,74.9800033569336,74.58000183105469,74.80999755859375,67.26746368408203,21135900,2013-07-22
2013-07-23 13:30:00+00:00,74.94999694824219,74.95999908447266,74.19999694824219,74.26000213623047,66.7729263305664,24739500,2013-07-23
2013-07-24 13:30:00+00:00,74.98999786376953,75.0199966430664,74.33000183105469,74.5,66.9887466430664,24426900,2013-07-24
2013-07-25 13:30:00+00:00,74.8499984741211,75.05999755859375,74.45999908447266,74.97000122070312,67.41131591796875,23162200,2013-07-25
2013-07-26 13:30:00+00:00,74.66999816894531,75.37999725341797,74.55000305175781,75.37000274658203,67.7710189819336,20885600,2013-07-26
2013-07-29 13:30:00+00:00,75.22000122070312,75.54000091552734,75.02999877929688,75.2300033569336,67.64511108398438,20958400,2013-07-29
2013-07-30 13:30:00+00:00,75.5,75.94999694824219,75.3499984741211,75.62999725341797,68.0047607421875,24104600,2013-07-30
2013-07-31 13:30:00+00:00,75.77999877929688,76.20999908447266,75.62999725341797,75.7699966430664,68.13070678710938,25007600,2013-07-31
2013-08-01 13:30:00+00:00,76.29000091552734,76.6500015258789,76.20999908447266,76.54000091552734,68.82305908203125,16880000,2013-08-01
2013-08-02 13:30:00+00:00,76.55000305175781,76.98999786376953,76.37999725341797,76.97000122070312,69.20966339111328,18105300,2013-08-02
2013-08-05 13:30:00+00:00,76.93000030517578,77.08000183105469,76.77999877929688,77.0199966430664,69.2546157836914,15462800,2013-08-05
2013-08-06 13:30:00+00:00,76.91999816894531,76.98999786376953,76.25,76.55999755859375,68.84103393554688,23675400,2013-08-06
2013-08-07 13:30:00+00:00,76.33999633789062,76.56999969482422,75.87000274658203,76.41999816894531,68.71513366699219,20281200,2013-08-07
2013-08-08 13:30:00+00:00,76.83999633789062,76.9800033569336,76.30000305175781,76.80000305175781,69.05684661865234,19994000,2013-08-08
2013-08-09 13:30:00+00:00,76.66999816894531,76.94000244140625,76.2699966430664,76.48999786376953,68.77809143066406,18558500,2013-08-09
2013-08-12 13:30:00+00:00,76.19999694824219,76.80999755859375,76.19000244140625,76.66999816894531,68.93992614746094,20515900,2013-08-12
2013-08-13 13:30:00+00:00,76.7699966430664,77.2699966430664,76.22000122070312,77.0999984741211,69.32658386230469,23917000,2013-08-13
2013-08-14 13:30:00+00:00,77.06999969482422,77.18000030517578,76.69999694824219,76.80999755859375,69.06581115722656,29921000,2013-08-14
2013-08-15 13:30:00+00:00,75.94999694824219,75.98999786376953,75.29000091552734,75.51000213623047,67.89690399169922,39406600,2013-08-15
2013-08-16 13:30:00+00:00,75.5199966430664,75.87000274658203,75.3499984741211,75.4800033569336,67.86991119384766,23825000,2013-08-16
2013-08-19 13:30:00+00:00,75.48999786376953,76.12999725341797,75.33000183105469,75.3499984741211,67.75300598144531,29586900,2013-08-19
2013-08-20 13:30:00+00:00,75.48999786376953,76.02999877929688,75.43000030517578,75.68000030517578,68.04974365234375,18842800,2013-08-20
2013-08-21 13:30:00+00:00,75.44000244140625,76.08999633789062,75.13999938964844,75.41999816894531,67.81598663330078,30705100,2013-08-21
2013-08-22 13:30:00+00:00,75.75,76.20999908447266,75.70999908447266,76.16000366210938,68.48137664794922,17269500,2013-08-22
2013-08-23 13:30:00+00:00,76.69999694824219,76.7699966430664,76.4000015258789,76.66999816894531,68.93992614746094,20697300,2013-08-23
2013-08-26 13:30:00+00:00,76.7300033569336,77.27999877929688,76.55000305175781,76.70999908447266,68.97590637207031,27525500,2013-08-26
2013-08-27 13:30:00+00:00,75.80000305175781,76.18000030517578,74.95999908447266,75.13999938964844,67.56422424316406,40068900,2013-08-27
2013-08-28 13:30:00+00:00,75.05000305175781,75.75,75.05000305175781,75.43000030517578,67.82496643066406,20490400,2013-08-28
2013-08-29 13:30:00+00:00,75.41000366210938,76.33999633789062,75.30000305175781,75.95999908447266,68.30152130126953,27287900,2013-08-29
2013-08-30 13:30:00+00:00,76.04000091552734,76.04000091552734,75.19999694824219,75.47000122070312,67.86094665527344,26228500,2013-08-30
2013-09-03 13:30:00+00:00,76.08999633789062,76.44000244140625,75.54000091552734,75.9000015258789,68.24756622314453,27241500,2013-09-03
2013-09-04 13:30:00+00:00,76.16000366210938,76.83999633789062,75.93000030517578,76.70999908447266,68.97590637207031,27142900,2013-09-04
2013-09-05 13:30:00+00:00,76.76000213623047,77.05999755859375,76.7300033569336,76.83999633789062,69.0927963256836,17809700,2013-09-05
2013-09-06 13:30:00+00:00,77.0999984741211,77.33999633789062,76.05000305175781,76.93000030517578,69.17369842529297,27715100,2013-09-06
2013-09-09 13:30:00+00:00,77.26000213623047,77.95999908447266,77.2300033569336,77.83000183105469,69.98297882080078,25161900,2013-09-09
2013-09-10 13:30:00+00:00,78.27999877929688,78.31999969482422,77.91999816894531,78.20999908447266,70.32470703125,27619400,2013-09-10
2013-09-11 13:30:00+00:00,77.69000244140625,78.11000061035156,77.58999633789062,78.05999755859375,70.18981170654297,28132900,2013-09-11
2013-09-12 13:30:00+00:00,78.08000183105469,78.25,77.8499984741211,78.01000213623047,70.14484405517578,18332700,2013-09-12
2013-09-13 13:30:00+00:00,78.08999633789062,78.13999938964844,77.63999938964844,78.05999755859375,70.18981170654297,16932500,2013-09-13
2013-09-16 13:30:00+00:00,78.72000122070312,78.72000122070312,77.66999816894531,77.8499984741211,70.0009765625,25704300,2013-09-16
2013-09-17 13:30:00+00:00,78.0199966430664,78.47000122070312,77.9800033569336,78.37000274658203,70.46855926513672,27174300,2013-09-17
2013-09-18 13:30:00+00:00,78.48999786376953,79.47000122070312,78.33000183105469,79.30999755859375,71.31375885009766,31714700,2013-09-18
2013-09-19 13:30:00+00:00,79.55999755859375,79.69000244140625,79.36000061035156,79.5,71.48461151123047,26435700,2013-09-19
2013-09-20 13:30:00+00:00,79.44999694824219,79.54000091552734,78.94999694824219,78.98999786376953,71.2392807006836,26328900,2013-09-20
2013-09-23 13:30:00+00:00,79.31999969482422,79.41000366210938,78.45999908447266,78.83000183105469,71.09502410888672,30319400,2013-09-23
2013-09-24 13:30:00+00:00,79.0,79.25,78.56999969482422,78.83000183105469,71.09502410888672,21871300,2013-09-24
2013-09-25 13:30:00+00:00,78.88999938964844,79.0,78.4000015258789,78.55999755859375,70.85148620605469,22746400,2013-09-25
2013-09-26 13:30:00+00:00,78.87999725341797,79.36000061035156,78.8499984741211,79.16999816894531,71.40164184570312,22421700,2013-09-26
2013-09-27 13:30:00+00:00,78.70999908447266,79.20999908447266,78.58999633789062,79.06999969482422,71.31144714355469,25151600,2013-09-27
2013-09-30 13:30:00+00:00,78.25,79.08999633789062,78.0,78.87999725341797,71.14007568359375,28031900,2013-09-30
2013-10-01 13:30:00+00:00,78.88999938964844,79.72000122070312,78.8499984741211,79.68000030517578,71.8615951538086,33129700,2013-10-01
2013-10-02 13:30:00+00:00,79.13999938964844,79.76000213623047,79.05999755859375,79.6500015258789,71.83454895019531,25503800,2013-10-02
2013-10-03 13:30:00+00:00,79.55000305175781,79.72000122070312,78.30000305175781,78.72000122070312,70.99580383300781,42998200,2013-10-03
2013-10-04 13:30:00+00:00,78.72000122070312,79.51000213623047,78.6500015258789,79.4000015258789,71.60908508300781,22852700,2013-10-04
2013-10-07 13:30:00+00:00,78.69999694824219,79.3499984741211,78.66999816894531,78.73999786376953,71.01380920410156,20227100,2013-10-07
2013-10-08 13:30:00+00:00,78.73999786376953,78.80999755859375,77.19000244140625,77.22000122070312,69.64298248291016,43660700,2013-10-08
2013-10-09 13:30:00+00:00,77.4000015258789,77.44000244140625,76.3499984741211,76.9800033569336,69.42652130126953,64526700,2013-10-09
2013-10-10 13:30:00+00:00,77.80999755859375,78.79000091552734,77.79000091552734,78.61000061035156,70.89656829833984,48062700,2013-10-10
2013-10-11 13:30:00+00:00,78.41000366210938,79.29000091552734,78.4000015258789,79.2300033569336,71.45574951171875,25214100,2013-10-11
2013-10-14 13:30:00+00:00,78.73999786376953,79.79000091552734,78.68000030517578,79.79000091552734,71.9608154296875,31471900,2013-10-14
2013-10-15 13:30:00+00:00,79.7300033569336,80.11000061035156,79.37999725341797,79.4800033569336,71.68121337890625,38684000,2013-10-15
2013-10-16 13:30:00+00:00,79.8499984741211,80.41999816894531,79.79000091552734,80.37999725341797,72.49290466308594,46735900,2013-10-16
2013-10-17 13:30:00+00:00,80.0199966430664,80.87000274658203,79.94999694824219,80.83999633789062,72.90776824951172,32193500,2013-10-17
2013-10-18 13:30:00+00:00,81.58000183105469,82.18000030517578,81.3499984741211,82.1500015258789,74.08921813964844,39628200,2013-10-18
2013-10-21 13:30:00+00:00,82.33999633789062,82.54000091552734,82.06999969482422,82.33000183105469,74.2515640258789,31176900,2013-10-21
2013-10-22 13:30:00+00:00,82.6500015258789,82.9000015258789,81.93000030517578,82.44999694824219,74.35977935791016,43944800,2013-10-22
2013-10-23 13:30:00+00:00,82.05000305175781,82.19999694824219,81.55000305175781,81.94999694824219,73.90885925292969,38021300,2013-10-23
2013-10-24 13:30:00+00:00,82.0,82.4800033569336,81.87999725341797,82.30999755859375,74.23351287841797,23155100,2013-10-24
2013-10-25 13:30:00+00:00,83.08000183105469,83.27999877929688,82.5,82.9000015258789,74.76561737060547,35824500,2013-10-25
2013-10-28 13:30:00+00:00,82.91000366210938,83.05000305175781,82.55000305175781,82.91999816894531,74.78364562988281,28618400,2013-10-28
2013-10-29 13:30:00+00:00,83.19999694824219,83.26000213623047,82.69999694824219,83.05999755859375,74.90994262695312,36878100,2013-10-29
2013-10-30 13:30:00+00:00,83.3499984741211,83.48999786376953,82.58000183105469,82.9800033569336,74.8377914428711,33535500,2013-10-30
2013-10-31 13:30:00+00:00,82.7699966430664,83.30000305175781,82.4800033569336,82.79000091552734,74.66639709472656,31309900,2013-10-31
2013-11-01 13:30:00+00:00,83.06999969482422,83.16999816894531,82.4000015258789,82.80999755859375,74.68445587158203,30867800,2013-11-01
2013-11-04 14:30:00+00:00,83.05999755859375,83.06999969482422,82.63999938964844,82.93000030517578,74.79269409179688,16834000,2013-11-04
2013-11-05 14:30:00+00:00,82.61000061035156,83.22000122070312,82.37000274658203,83.0199966430664,74.87384033203125,27975600,2013-11-05
2013-11-06 14:30:00+00:00,83.37000274658203,83.4000015258789,82.7300033569336,83.0,74.8558349609375,25576800,2013-11-06
2013-11-07 14:30:00+00:00,83.01000213623047,83.12999725341797,81.37000274658203,81.44000244140625,73.44889068603516,52173200,2013-11-07
2013-11-08 14:30:00+00:00,81.73999786376953,82.55999755859375,81.51000213623047,82.54000091552734,74.44094848632812,31470500,2013-11-08
2013-11-11 14:30:00+00:00,82.41999816894531,82.63999938964844,82.13999938964844,82.41000366210938,74.32373046875,24822900,2013-11-11
2013-11-12 14:30:00+00:00,82.16000366210938,82.66000366210938,82.12000274658203,82.54000091552734,74.44094848632812,20108500,2013-11-12
2013-11-13 14:30:00+00:00,82.0,83.55000305175781,82.0,83.54000091552734,75.34283447265625,31345900,2013-11-13
2013-11-14 14:30:00+00:00,83.31999969482422,83.86000061035156,83.13999938964844,83.80000305175781,75.57732391357422,31101200,2013-11-14
2013-11-15 14:30:00+00:00,83.81999969482422,83.95999908447266,83.61000061035156,83.95999908447266,75.72162628173828,20511300,2013-11-15
2013-11-18 14:30:00+00:00,83.94000244140625,84.11000061035156,82.9800033569336,83.13999938964844,74.9820556640625,31679600,2013-11-18
2013-11-19 14:30:00+00:00,83.08999633789062,83.48999786376953,82.76000213623047,82.9000015258789,74.76561737060547,25545300,2013-11-19
2013-11-20 14:30:00+00:00,83.12000274658203,83.43000030517578,82.45999908447266,82.69999694824219,74.58525085449219,32177400,2013-11-20
2013-11-21 14:30:00+00:00,83.05000305175781,83.61000061035156,82.9800033569336,83.54000091552734,75.34283447265625,28125000,2013-11-21
2013-11-22 14:30:00+00:00,83.68000030517578,84.0199966430664,83.62000274658203,83.98999786376953,75.7486801147461,25361300,2013-11-22
2013-11-25 14:30:00+00:00,84.29000091552734,84.37999725341797,83.9800033569336,84.19000244140625,75.9290771484375,21695100,2013-11-25
2013-11-26 14:30:00+00:00,84.20999908447266,84.83999633789062,84.02999877929688,84.62999725341797,76.32587432861328,26621000,2013-11-26
2013-11-27 14:30:00+00:00,84.80000305175781,85.23999786376953,84.7300033569336,85.22000122070312,76.85800170898438,21638100,2013-11-27
2013-11-29 14:30:00+00:00,85.55999755859375,85.83999633789062,85.47000122070312,85.7300033569336,77.31794738769531,16708900,2013-11-29
2013-12-02 14:30:00+00:00,85.83000183105469,85.95999908447266,85.3499984741211,85.4800033569336,77.09249877929688,26354600,2013-12-02
2013-12-03 14:30:00+00:00,85.41999816894531,85.63999938964844,85.08000183105469,85.41000366210938,77.02934265136719,37147000,2013-12-03
2013-12-04 14:30:00+00:00,85.05000305175781,85.7699966430664,84.77999877929688,85.48999786376953,77.10148620605469,37193200,2013-12-04
2013-12-05 14:30:00+00:00,85.55999755859375,85.66000366210938,85.16999816894531,85.37999725341797,77.0022964477539,39829300,2013-12-05
2013-12-06 14:30:00+00:00,86.0999984741211,86.18000030517578,85.58999633789062,86.0,77.56143951416016,36842900,2013-12-06
2013-12-09 14:30:00+00:00,86.3499984741211,86.52999877929688,86.19999694824219,86.3499984741211,77.87712097167969,22590000,2013-12-09
2013-12-10 14:30:00+00:00,86.20999908447266,86.44999694824219,86.12000274658203,86.29000091552734,77.82298278808594,26965900,2013-12-10
2013-12-11 14:30:00+00:00,86.27999877929688,86.4000015258789,85.05999755859375,85.18000030517578,76.82191467285156,36830600,2013-12-11
2013-12-12 14:30:00+00:00,85.20999908447266,85.41999816894531,84.9000015258789,84.95999908447266,76.6235122680664,33662600,2013-12-12
2013-12-13 14:30:00+00:00,85.36000061035156,85.4000015258789,84.70999908447266,84.8499984741211,76.52428436279297,34072000,2013-12-13
2013-12-16 14:30:00+00:00,85.2699966430664,85.80999755859375,85.20999908447266,85.31999969482422,76.94818115234375,24902500,2013-12-16
2013-12-17 14:30:00+00:00,85.31999969482422,85.52999877929688,84.98999786376953,85.1500015258789,76.79486083984375,24454900,2013-12-17
2013-12-18 14:30:00+00:00,85.25,86.22000122070312,84.05000305175781,86.13999938964844,77.68773651123047,68387200,2013-12-18
2013-12-19 14:30:00+00:00,86.0,86.01000213623047,85.5199966430664,85.9000015258789,77.4712905883789,44964100,2013-12-19
2013-12-20 14:30:00+00:00,85.79000091552734,86.68000030517578,85.7300033569336,86.5,78.26018524169922,40475400,2013-12-20
2013-12-23 14:30:00+00:00,87.20999908447266,87.41000366210938,86.94999694824219,87.41000366210938,79.0835189819336,28181800,2013-12-23
2013-12-24 14:30:00+00:00,87.43000030517578,87.51000213623047,87.2699966430664,87.44999694824219,79.11970520019531,13852500,2013-12-24
2013-12-26 14:30:00+00:00,87.61000061035156,87.80999755859375,87.44000244140625,87.73999786376953,79.3821029663086,15241100,2013-12-26
2013-12-27 14:30:00+00:00,87.8499984741211,87.9000015258789,87.41000366210938,87.5199966430664,79.18305206298828,15827400,2013-12-27
2013-12-30 14:30:00+00:00,87.38999938964844,87.51000213623047,87.13999938964844,87.38999938964844,79.06541442871094,18983700,2013-12-30
2013-12-31 14:30:00+00:00,87.55000305175781,87.95999908447266,87.5199966430664,87.95999908447266,79.58113861083984,24890500,2013-12-31
2014-01-02 14:30:00+00:00,87.55000305175781,87.58000183105469,87.0199966430664,87.2699966430664,78.95684051513672,29177500,2014-01-02
2014-01-03 14:30:00+00:00,87.2699966430664,87.3499984741211,86.62000274658203,86.63999938964844,78.38688659667969,35723700,2014-01-03
2014-01-06 14:30:00+00:00,86.66000366210938,86.76000213623047,86.0,86.31999969482422,78.09736633300781,32073100,2014-01-06
2014-01-07 14:30:00+00:00,86.72000122070312,87.25,86.55999755859375,87.12000274658203,78.82115173339844,25860600,2014-01-07
2014-01-08 14:30:00+00:00,87.13999938964844,87.55000305175781,86.94999694824219,87.30999755859375,78.9930419921875,27197400,2014-01-08
2014-01-09 14:30:00+00:00,87.62999725341797,87.63999938964844,86.72000122070312,87.0199966430664,78.73067474365234,23674700,2014-01-09
2014-01-10 14:30:00+00:00,87.2300033569336,87.4000015258789,86.58000183105469,87.30000305175781,78.98404693603516,38008900,2014-01-10
2014-01-13 14:30:00+00:00,87.18000030517578,87.4800033569336,85.68000030517578,86.01000213623047,77.81685638427734,48842300,2014-01-13
2014-01-14 14:30:00+00:00,86.30000305175781,87.72000122070312,86.30000305175781,87.6500015258789,79.30067443847656,37178900,2014-01-14
2014-01-15 14:30:00+00:00,88.02999877929688,88.54000091552734,87.94000244140625,88.37000274658203,79.95207977294922,39835600,2014-01-15
2014-01-16 14:30:00+00:00,88.30000305175781,88.51000213623047,88.16000366210938,88.37999725341797,79.96110534667969,31630100,2014-01-16
2014-01-17 14:30:00+00:00,88.11000061035156,88.37000274658203,87.66999816894531,87.87999725341797,79.50874328613281,36895800,2014-01-17
2014-01-21 14:30:00+00:00,88.44000244140625,88.58999633789062,87.80999755859375,88.55000305175781,80.11492156982422,26412700,2014-01-21
2014-01-22 14:30:00+00:00,88.77999877929688,89.0,88.5199966430664,88.77999877929688,80.32299041748047,29376900,2014-01-22
2014-01-23 14:30:00+00:00,88.51000213623047,88.5199966430664,87.86000061035156,88.4800033569336,80.05158233642578,35011900,2014-01-23
2014-01-24 14:30:00+00:00,88.05000305175781,88.18000030517578,86.70999908447266,86.73999786376953,78.47732543945312,63974600,2014-01-24
2014-01-27 14:30:00+00:00,86.73999786376953,86.88999938964844,85.25,85.9000015258789,77.71736907958984,63519300,2014-01-27
2014-01-28 14:30:00+00:00,85.5,85.94000244140625,85.30999755859375,85.8499984741211,77.67210388183594,44378800,2014-01-28
2014-01-29 14:30:00+00:00,85.11000061035156,85.73999786376953,84.76000213623047,84.93000030517578,76.83978271484375,51939300,2014-01-29
2014-01-30 14:30:00+00:00,85.97000122070312,86.80000305175781,85.87999725341797,86.5,78.26018524169922,65833600,2014-01-30
2014-01-31 14:30:00+00:00,85.54000091552734,86.68000030517578,85.44999694824219,86.2699966430664,78.05210876464844,45187000,2014-01-31
2014-02-03 14:30:00+00:00,86.11000061035156,86.5,84.06999969482422,84.29000091552734,76.2607192993164,65596900,2014-02-03
2014-02-04 14:30:00+00:00,84.72000122070312,85.25,84.45999908447266,84.91000366210938,76.82166290283203,37675500,2014-02-04
2014-02-05 14:30:00+00:00,84.62999725341797,84.98999786376953,83.73999786376953,84.69000244140625,76.62261962890625,41721800,2014-02-05
2014-02-06 14:30:00+00:00,84.94000244140625,85.87999725341797,84.91999816894531,85.7699966430664,77.59974670410156,32308600,2014-02-06
2014-02-07 14:30:00+00:00,86.25,87.36000061035156,86.0,87.30000305175781,78.98404693603516,38359400,2014-02-07
2014-02-10 14:30:00+00:00,87.2699966430664,87.83999633789062,87.20999908447266,87.80000305175781,79.43638610839844,30205400,2014-02-10
2014-02-11 14:30:00+00:00,87.98999786376953,88.97000122070312,87.88999938964844,88.80000305175781,80.34111785888672,38635500,2014-02-11
2014-02-12 14:30:00+00:00,88.9800033569336,89.16999816894531,88.69999694824219,88.97000122070312,80.49492645263672,32507200,2014-02-12
2014-02-13 14:30:00+00:00,88.31999969482422,89.69999694824219,88.30000305175781,89.62999725341797,81.0920181274414,40454500,2014-02-13
2014-02-14 14:30:00+00:00,89.5999984741211,90.01000213623047,89.33000183105469,89.80999755859375,81.2549057006836,33212400,2014-02-14
2014-02-18 14:30:00+00:00,89.95999908447266,90.41999816894531,89.73999786376953,90.25,81.65299987792969,29546600,2014-02-18
2014-02-19 14:30:00+00:00,90.08000183105469,90.29000091552734,89.44999694824219,89.62999725341797,81.0920181274414,41749900,2014-02-19
2014-02-20 14:30:00+00:00,89.69000244140625,90.22000122070312,89.30999755859375,90.05000305175781,81.4720458984375,41814800,2014-02-20
2014-02-21 14:30:00+00:00,90.33999633789062,90.47000122070312,89.81999969482422,89.93000030517578,81.36348724365234,31192200,2014-02-21
2014-02-24 14:30:00+00:00,90.13999938964844,90.81999969482422,90.04000091552734,90.41000366210938,81.79776763916016,31500400,2014-02-24
2014-02-25 14:30:00+00:00,90.54000091552734,90.72000122070312,90.0199966430664,90.30999755859375,81.70726013183594,26771700,2014-02-25
2014-02-26 14:30:00+00:00,90.55000305175781,90.83999633789062,89.87000274658203,90.2300033569336,81.63488006591797,42953700,2014-02-26
2014-02-27 14:30:00+00:00,89.87000274658203,90.52999877929688,89.7300033569336,90.44000244140625,82.16455841064453,28742400,2014-02-27
2014-02-28 14:30:00+00:00,90.41999816894531,90.95999908447266,89.54000091552734,90.33999633789062,82.07372283935547,48609800,2014-02-28
2014-03-03 14:30:00+00:00,89.48999786376953,89.91000366210938,88.87000274658203,89.66999816894531,81.46500396728516,38885700,2014-03-03
2014-03-04 14:30:00+00:00,90.6500015258789,90.9800033569336,90.55999755859375,90.80999755859375,82.50070190429688,33189000,2014-03-04
2014-03-05 14:30:00+00:00,90.95999908447266,91.22000122070312,90.7699966430664,91.05999755859375,82.72781372070312,27203300,2014-03-05
2014-03-06 14:30:00+00:00,91.2699966430664,91.33999633789062,90.6500015258789,90.9800033569336,82.65511322021484,24063900,2014-03-06
2014-03-07 14:30:00+00:00,91.2699966430664,91.36000061035156,90.06999969482422,90.52999877929688,82.24634552001953,31167800,2014-03-07
2014-03-10 13:30:00+00:00,90.4800033569336,90.66000366210938,90.02999877929688,90.61000061035156,82.31902313232422,18131700,2014-03-10
2014-03-11 13:30:00+00:00,90.83000183105469,91.05999755859375,89.94999694824219,90.22000122070312,81.96467590332031,27484300,2014-03-11
2014-03-12 13:30:00+00:00,89.80999755859375,90.61000061035156,89.4800033569336,90.55999755859375,82.27355194091797,27977200,2014-03-12
2014-03-13 13:30:00+00:00,90.9000015258789,90.93000030517578,88.87000274658203,89.27999877929688,81.11070251464844,48542000,2014-03-13
2014-03-14 13:30:00+00:00,88.98999786376953,89.37999725341797,88.62999725341797,88.66999816894531,80.55650329589844,38732300,2014-03-14
2014-03-17 13:30:00+00:00,89.23999786376953,89.91000366210938,89.19000244140625,89.44999694824219,81.26513671875,28467200,2014-03-17
2014-03-18 13:30:00+00:00,89.55999755859375,90.63999938964844,89.52999877929688,90.52999877929688,82.24634552001953,31250200,2014-03-18
2014-03-19 13:30:00+00:00,90.55999755859375,90.66000366210938,89.44999694824219,90.04000091552734,81.8011474609375,40869400,2014-03-19
2014-03-20 13:30:00+00:00,89.76000213623047,90.55999755859375,89.58000183105469,90.29000091552734,82.02828216552734,31634500,2014-03-20
2014-03-21 13:30:00+00:00,90.5999984741211,90.6500015258789,88.83000183105469,89.0,81.0412368774414,62754000,2014-03-21
2014-03-24 13:30:00+00:00,89.31999969482422,89.38999938964844,87.41000366210938,88.22000122070312,80.33097839355469,77735300,2014-03-24
2014-03-25 13:30:00+00:00,88.68000030517578,89.25,87.7699966430664,88.51000213623047,80.59502410888672,41723300,2014-03-25
2014-03-26 13:30:00+00:00,88.94999694824219,89.1500015258789,87.36000061035156,87.37000274658203,79.55699157714844,40930400,2014-03-26
2014-03-27 13:30:00+00:00,87.25,87.63999938964844,86.4000015258789,86.87999725341797,79.11078643798828,64784500,2014-03-27
2014-03-28 13:30:00+00:00,87.16000366210938,88.01000213623047,86.80999755859375,87.05000305175781,79.26558685302734,39895100,2014-03-28
2014-03-31 13:30:00+00:00,87.7300033569336,88.26000213623047,87.62000274658203,87.66999816894531,79.83019256591797,33924300,2014-03-31
2014-04-01 13:30:00+00:00,88.0999984741211,89.2699966430664,87.70999908447266,89.20999908447266,81.23243713378906,38683800,2014-04-01
2014-04-02 13:30:00+00:00,89.58999633789062,89.68000030517578,89.04000091552734,89.44000244140625,81.44186401367188,34631600,2014-04-02
2014-04-03 13:30:00+00:00,89.52999877929688,89.68000030517578,88.22000122070312,88.7300033569336,80.79535675048828,30319100,2014-04-03
2014-04-04 13:30:00+00:00,89.31999969482422,89.41000366210938,86.13999938964844,86.37000274658203,78.64640808105469,131213200,2014-04-04
2014-04-07 13:30:00+00:00,85.83000183105469,86.62999725341797,84.94999694824219,85.55000305175781,77.89973449707031,83995800,2014-04-07
2014-04-08 13:30:00+00:00,85.6500015258789,86.45999908447266,85.3499984741211,86.33999633789062,78.61904907226562,51495700,2014-04-08
2014-04-09 13:30:00+00:00,86.66000366210938,87.87000274658203,86.43000030517578,87.81999969482422,79.96673583984375,45685200,2014-04-09
2014-04-10 13:30:00+00:00,87.87999725341797,87.87999725341797,84.86000061035156,85.0999984741211,77.4899673461914,73659600,2014-04-10
2014-04-11 13:30:00+00:00,84.33999633789062,85.44000244140625,83.91000366210938,84.11000061035156,76.5885009765625,93657400,2014-04-11
2014-04-14 13:30:00+00:00,84.8499984741211,85.22000122070312,83.98999786376953,84.7699966430664,77.18949127197266,46500700,2014-04-14
2014-04-15 13:30:00+00:00,85.08000183105469,85.54000091552734,83.27999877929688,85.05000305175781,77.44446563720703,84631500,2014-04-15
2014-04-16 13:30:00+00:00,85.79000091552734,86.18000030517578,85.08999633789062,86.18000030517578,78.47338104248047,46970900,2014-04-16
2014-04-17 13:30:00+00:00,85.8499984741211,86.62999725341797,85.62999725341797,86.19999694824219,78.49162292480469,53719500,2014-04-17
2014-04-21 13:30:00+00:00,86.4000015258789,86.83999633789062,86.0,86.83999633789062,79.07435607910156,25947900,2014-04-21
2014-04-22 13:30:00+00:00,87.13999938964844,87.75,86.98999786376953,87.52999877929688,79.70265197753906,38593400,2014-04-22
2014-04-23 13:30:00+00:00,87.52999877929688,87.55999755859375,86.70999908447266,86.76000213623047,79.00151824951172,34376700,2014-04-23
2014-04-24 13:30:00+00:00,88.19000244140625,88.20999908447266,86.6500015258789,87.58999633789062,79.75727844238281,48926300,2014-04-24
2014-04-25 13:30:00+00:00,87.06999969482422,87.16999816894531,85.9800033569336,86.19000244140625,78.48252868652344,44334000,2014-04-25
2014-04-28 13:30:00+00:00,86.5999984741211,87.11000061035156,85.11000061035156,86.47000122070312,78.73746490478516,58623800,2014-04-28
2014-04-29 13:30:00+00:00,86.7300033569336,87.31999969482422,86.30999755859375,87.16000366210938,79.36577606201172,36742700,2014-04-29
2014-04-30 13:30:00+00:00,86.76000213623047,87.4800033569336,86.54000091552734,87.38999938964844,79.57518768310547,38689400,2014-04-30
2014-05-01 13:30:00+00:00,87.52999877929688,88.1500015258789,87.30999755859375,87.6500015258789,79.81193542480469,37127200,2014-05-01
2014-05-02 13:30:00+00:00,87.94999694824219,88.11000061035156,87.27999877929688,87.48999786376953,79.66624450683594,40074200,2014-05-02
2014-05-05 13:30:00+00:00,86.97000122070312,87.97000122070312,86.76000213623047,87.94999694824219,80.08511352539062,27924400,2014-05-05
2014-05-06 13:30:00+00:00,87.80999755859375,87.86000061035156,86.7699966430664,86.80999755859375,79.04705047607422,33698500,2014-05-06
2014-05-07 13:30:00+00:00,86.98999786376953,87.08000183105469,85.52999877929688,86.55999755859375,78.81940460205078,67489100,2014-05-07
2014-05-08 13:30:00+00:00,86.25,87.52999877929688,86.05000305175781,86.4800033569336,78.74656677246094,46556900,2014-05-08
2014-05-09 13:30:00+00:00,86.43000030517578,86.86000061035156,85.8499984741211,86.80000305175781,79.03797912597656,35081500,2014-05-09
2014-05-12 13:30:00+00:00,87.31999969482422,88.26000213623047,87.23999786376953,88.2300033569336,80.34005737304688,38951100,2014-05-12
2014-05-13 13:30:00+00:00,88.30999755859375,88.61000061035156,88.12000274658203,88.29000091552734,80.39470672607422,30311900,2014-05-13
2014-05-14 13:30:00+00:00,88.0199966430664,88.3499984741211,87.62000274658203,87.83000183105469,79.97584533691406,26483600,2014-05-14
2014-05-15 13:30:00+00:00,87.80999755859375,87.95999908447266,86.58000183105469,87.13999938964844,79.34754180908203,59680300,2014-05-15
2014-05-16 13:30:00+00:00,87.23999786376953,87.76000213623047,86.63999938964844,87.70999908447266,79.8665771484375,66804100,2014-05-16
2014-05-19 13:30:00+00:00,87.44999694824219,88.45999908447266,87.30000305175781,88.31999969482422,80.4220199584961,32017000,2014-05-19
2014-05-20 13:30:00+00:00,88.27999877929688,88.5999984741211,87.63999938964844,88.0,80.13063049316406,33716000,2014-05-20
2014-05-21 13:30:00+00:00,88.16000366210938,88.88999938964844,88.11000061035156,88.83999633789062,80.89551544189453,36837700,2014-05-21
2014-05-22 13:30:00+00:00,88.94000244140625,89.4800033569336,88.80000305175781,89.2300033569336,81.25064849853516,30617100,2014-05-22
2014-05-23 13:30:00+00:00,89.31999969482422,89.9000015258789,89.12000274658203,89.87999725341797,81.8425064086914,22687300,2014-05-23
2014-05-27 13:30:00+00:00,90.27999877929688,91.0199966430664,90.19999694824219,91.0,82.86236572265625,29725200,2014-05-27
2014-05-28 13:30:00+00:00,90.97000122070312,91.0999984741211,90.6500015258789,90.72000122070312,82.60739135742188,30468100,2014-05-28
2014-05-29 13:30:00+00:00,91.04000091552734,91.30999755859375,90.86000061035156,91.30000305175781,83.13553619384766,33036100,2014-05-29
2014-05-30 13:30:00+00:00,91.31999969482422,91.44999694824219,90.83000183105469,91.30999755859375,83.14463806152344,29906400,2014-05-30
2014-06-02 13:30:00+00:00,91.41999816894531,91.44000244140625,90.63999938964844,91.22000122070312,83.06269836425781,30409900,2014-06-02
2014-06-03 13:30:00+00:00,90.91999816894531,91.33000183105469,90.80000305175781,91.18000030517578,83.02628326416016,21774500,2014-06-03
2014-06-04 13:30:00+00:00,90.94999694824219,91.66999816894531,90.80999755859375,91.5199966430664,83.33587646484375,20118300,2014-06-04
2014-06-05 13:30:00+00:00,91.5999984741211,92.45999908447266,91.29000091552734,92.29000091552734,84.0370101928711,35583100,2014-06-05
2014-06-06 13:30:00+00:00,92.62999725341797,92.81999969482422,92.44999694824219,92.81999969482422,84.51959991455078,22680600,2014-06-06
2014-06-09 13:30:00+00:00,92.83999633789062,92.9800033569336,92.5,92.75,84.45586395263672,23399500,2014-06-09
2014-06-10 13:30:00+00:00,92.66999816894531,92.95999908447266,92.55999755859375,92.91000366210938,84.60155487060547,20626000,2014-06-10
2014-06-11 13:30:00+00:00,92.58999633789062,93.0199966430664,92.5,92.88999938964844,84.58334350585938,22878200,2014-06-11
2014-06-12 13:30:00+00:00,92.69000244140625,92.79000091552734,91.7300033569336,92.05000305175781,83.8184814453125,35275900,2014-06-12
2014-06-13 13:30:00+00:00,92.44999694824219,92.55000305175781,91.91999816894531,92.31999969482422,84.06433868408203,39447100,2014-06-13
2014-06-16 13:30:00+00:00,92.16000366210938,92.66999816894531,91.95999908447266,92.4000015258789,84.1371841430664,25212300,2014-06-16
2014-06-17 13:30:00+00:00,92.33000183105469,92.69999694824219,92.18000030517578,92.44999694824219,84.1827163696289,19977900,2014-06-17
2014-06-18 13:30:00+00:00,92.54000091552734,93.0999984741211,91.9800033569336,92.97000122070312,84.65618896484375,34514000,2014-06-18
2014-06-19 13:30:00+00:00,93.11000061035156,93.16999816894531,92.48999786376953,92.91000366210938,84.60155487060547,38422200,2014-06-19
2014-06-20 13:30:00+00:00,92.69999694824219,92.87000274658203,92.52999877929688,92.7699966430664,84.70108795166016,25897500,2014-06-20
2014-06-23 13:30:00+00:00,92.76000213623047,92.81999969482422,92.51000213623047,92.79000091552734,84.7193374633789,20837900,2014-06-23
2014-06-24 13:30:00+00:00,92.77999877929688,93.56999969482422,92.43000030517578,92.69999694824219,84.63716888427734,31945800,2014-06-24
2014-06-25 13:30:00+00:00,92.48999786376953,93.44999694824219,92.4800033569336,93.29000091552734,85.17587280273438,32818600,2014-06-25
2014-06-26 13:30:00+00:00,93.3499984741211,93.36000061035156,92.62000274658203,93.33999633789062,85.22149658203125,22563900,2014-06-26
2014-06-27 13:30:00+00:00,93.22000122070312,93.7699966430664,93.19000244140625,93.75,85.5958480834961,22877800,2014-06-27
2014-06-30 13:30:00+00:00,93.7300033569336,94.13999938964844,93.66999816894531,93.91000366210938,85.74195861816406,19751900,2014-06-30
2014-07-01 13:30:00+00:00,94.23999786376953,95.19000244140625,94.19999694824219,94.94000244140625,86.68234252929688,31862500,2014-07-01
2014-07-02 13:30:00+00:00,95.0,95.23999786376953,94.91000366210938,95.0999984741211,86.82842254638672,18777300,2014-07-02
2014-07-03 13:30:00+00:00,95.41000366210938,95.69999694824219,95.1500015258789,95.69999694824219,87.37622833251953,15291700,2014-07-03
2014-07-07 13:30:00+00:00,95.58999633789062,95.70999908447266,95.2300033569336,95.41000366210938,87.1114730834961,23266400,2014-07-07
2014-07-08 13:30:00+00:00,95.2300033569336,95.30000305175781,93.87000274658203,94.26000213623047,86.0615005493164,40612400,2014-07-08
2014-07-09 13:30:00+00:00,94.51000213623047,95.06999969482422,94.23999786376953,94.95999908447266,86.70061492919922,29919000,2014-07-09
2014-07-10 13:30:00+00:00,93.73999786376953,95.05000305175781,93.62999725341797,94.66000366210938,86.42670440673828,44245300,2014-07-10
2014-07-11 13:30:00+00:00,94.9000015258789,95.2699966430664,94.61000061035156,95.2699966430664,86.9836654663086,19566300,2014-07-11
2014-07-14 13:30:00+00:00,95.69999694824219,96.05999755859375,95.54000091552734,95.83999633789062,87.50406646728516,19579000,2014-07-14
2014-07-15 13:30:00+00:00,95.98999786376953,96.12999725341797,94.83000183105469,95.51000213623047,87.2027359008789,39467500,2014-07-15
2014-07-16 13:30:00+00:00,96.19999694824219,96.30000305175781,95.79000091552734,95.88999938964844,87.5497055053711,22052600,2014-07-16
2014-07-17 13:30:00+00:00,95.62999725341797,95.97000122070312,94.31999969482422,94.62000274658203,86.3901596069336,43111500,2014-07-17
2014-07-18 13:30:00+00:00,95.11000061035156,96.16999816894531,95.0,96.12000274658203,87.75970458984375,36682200,2014-07-18
2014-07-21 13:30:00+00:00,95.91999816894531,96.16000366210938,95.55000305175781,96.0,87.65016174316406,29750700,2014-07-21
2014-07-22 13:30:00+00:00,96.44999694824219,96.76000213623047,96.3499984741211,96.61000061035156,88.20711517333984,25770400,2014-07-22
2014-07-23 13:30:00+00:00,96.94999694824219,97.33999633789062,96.7699966430664,97.2300033569336,88.77316284179688,28947500,2014-07-23
2014-07-24 13:30:00+00:00,97.4000015258789,97.51000213623047,96.9800033569336,97.12000274658203,88.67272186279297,24707200,2014-07-24
2014-07-25 13:30:00+00:00,96.62000274658203,96.87000274658203,96.2300033569336,96.73999786376953,88.32579803466797,29898900,2014-07-25
2014-07-28 13:30:00+00:00,96.83999633789062,97.0199966430664,96.0199966430664,96.7699966430664,88.35317993164062,25603400,2014-07-28
2014-07-29 13:30:00+00:00,96.9800033569336,97.19999694824219,96.5199966430664,96.5999984741211,88.19795227050781,27022200,2014-07-29
2014-07-30 13:30:00+00:00,97.13999938964844,97.31999969482422,96.5999984741211,96.9800033569336,88.54490661621094,35348500,2014-07-30
2014-07-31 13:30:00+00:00,96.18000030517578,96.33999633789062,94.87999725341797,95.0199966430664,86.75536346435547,50047900,2014-07-31
2014-08-01 13:30:00+00:00,94.81999969482422,95.33999633789062,94.04000091552734,94.66999816894531,86.43582916259766,60708000,2014-08-01
2014-08-04 13:30:00+00:00,94.87000274658203,95.69000244140625,94.5199966430664,95.31999969482422,87.029296875,33230500,2014-08-04
2014-08-05 13:30:00+00:00,94.94000244140625,95.20999908447266,94.1500015258789,94.58999633789062,86.3627700805664,50331100,2014-08-05
2014-08-06 13:30:00+00:00,94.0,95.11000061035156,93.91999816894531,94.5199966430664,86.29887390136719,34431900,2014-08-06
2014-08-07 13:30:00+00:00,94.95999908447266,95.13999938964844,93.88999938964844,94.22000122070312,86.02495574951172,33274700,2014-08-07
2014-08-08 13:30:00+00:00,94.37000274658203,95.01000213623047,93.97000122070312,94.9000015258789,86.64582061767578,40236900,2014-08-08
2014-08-11 13:30:00+00:00,95.2699966430664,95.76000213623047,95.19999694824219,95.45999908447266,87.1571044921875,28277500,2014-08-11
2014-08-12 13:30:00+00:00,95.36000061035156,95.66999816894531,94.93000030517578,95.41999816894531,87.1205825805664,28152300,2014-08-12
2014-08-13 13:30:00+00:00,95.80999755859375,96.47000122070312,95.76000213623047,96.43000030517578,88.04277801513672,27996500,2014-08-13
2014-08-14 13:30:00+00:00,96.55999755859375,96.94999694824219,96.43000030517578,96.93000030517578,88.49925994873047,25006600,2014-08-14
2014-08-15 13:30:00+00:00,97.48999786376953,97.62999725341797,96.4800033569336,97.4000015258789,88.92838287353516,55205500,2014-08-15
2014-08-18 13:30:00+00:00,97.91000366210938,98.23999786376953,97.7699966430664,98.1500015258789,89.6131362915039,38938300,2014-08-18
2014-08-19 13:30:00+00:00,98.37999725341797,98.76000213623047,98.31999969482422,98.69999694824219,90.11530303955078,21363400,2014-08-19
2014-08-20 13:30:00+00:00,98.62000274658203,98.9000015258789,98.52999877929688,98.69999694824219,90.11530303955078,23435600,2014-08-20
2014-08-21 13:30:00+00:00,98.75,98.94999694824219,98.5999984741211,98.9000015258789,90.29792022705078,19339500,2014-08-21
2014-08-22 13:30:00+00:00,98.94000244140625,99.25,98.72000122070312,99.05000305175781,90.43489074707031,24692000,2014-08-22
2014-08-25 13:30:00+00:00,99.5199966430664,99.68000030517578,99.16000366210938,99.4000015258789,90.75442504882812,24124700,2014-08-25
2014-08-26 13:30:00+00:00,99.55000305175781,99.61000061035156,99.2699966430664,99.5,90.84573364257812,20100400,2014-08-26
2014-08-27 13:30:00+00:00,99.52999877929688,99.63999938964844,99.30999755859375,99.5199966430664,90.864013671875,15589100,2014-08-27
2014-08-28 13:30:00+00:00,99.18000030517578,99.52999877929688,99.08000183105469,99.41000366210938,90.76355743408203,23563900,2014-08-28
2014-08-29 13:30:00+00:00,99.62999725341797,99.91000366210938,99.2699966430664,99.77999877929688,91.10137939453125,17906300,2014-08-29
2014-09-02 13:30:00+00:00,100.0199966430664,100.0999984741211,99.66000366210938,100.06999969482422,91.36615753173828,18326800,2014-09-02
2014-09-03 13:30:00+00:00,100.33999633789062,100.33999633789062,99.30000305175781,99.4800033569336,90.82746887207031,25950700,2014-09-03
2014-09-04 13:30:00+00:00,99.70999908447266,100.22000122070312,99.13999938964844,99.38999938964844,90.74529266357422,24663500,2014-09-04
2014-09-05 13:30:00+00:00,99.54000091552734,99.94999694824219,99.02999877929688,99.88999938964844,91.20179748535156,30798200,2014-09-05
2014-09-08 13:30:00+00:00,99.91999816894531,100.33000183105469,99.62000274658203,100.08000183105469,91.37528228759766,25571300,2014-09-08
2014-09-09 13:30:00+00:00,100.08999633789062,100.45999908447266,99.05999755859375,99.25,90.61747741699219,36449200,2014-09-09
2014-09-10 13:30:00+00:00,99.37999725341797,100.11000061035156,99.0999984741211,100.06999969482422,91.36615753173828,31080100,2014-09-10
2014-09-11 13:30:00+00:00,99.63999938964844,100.04000091552734,99.23999786376953,99.98999786376953,91.29312133789062,28691900,2014-09-11
2014-09-12 13:30:00+00:00,99.9000015258789,99.93000030517578,99.16999816894531,99.4800033569336,90.82746887207031,30444400,2014-09-12
2014-09-15 13:30:00+00:00,99.58999633789062,99.5999984741211,98.22000122070312,98.5199966430664,89.9509506225586,32972200,2014-09-15
2014-09-16 13:30:00+00:00,98.1500015258789,99.56999969482422,98.05000305175781,99.37999725341797,90.73615264892578,38166900,2014-09-16
2014-09-17 13:30:00+00:00,99.36000061035156,100.0,98.93000030517578,99.52999877929688,90.87313079833984,37196500,2014-09-17
2014-09-18 13:30:00+00:00,99.83999633789062,100.29000091552734,99.7300033569336,100.27999877929688,91.55789947509766,30196700,2014-09-18
2014-09-19 13:30:00+00:00,100.45999908447266,100.55999755859375,99.58000183105469,99.9800033569336,91.50114440917969,46918000,2014-09-19
2014-09-22 13:30:00+00:00,99.73999786376953,99.75,98.62000274658203,99.05000305175781,90.65003204345703,48658000,2014-09-22
2014-09-23 13:30:00+00:00,98.6500015258789,99.22000122070312,98.58000183105469,98.77999877929688,90.40289306640625,33989600,2014-09-23
2014-09-24 13:30:00+00:00,98.87999725341797,99.88999938964844,98.54000091552734,99.83999633789062,91.37300109863281,35959000,2014-09-24
2014-09-25 13:30:00+00:00,99.5199966430664,99.6500015258789,97.69999694824219,97.73999786376953,89.45108795166016,68642500,2014-09-25
2014-09-26 13:30:00+00:00,98.05999755859375,98.95999908447266,97.88999938964844,98.77999877929688,90.40289306640625,56106200,2014-09-26
2014-09-29 13:30:00+00:00,97.80000305175781,98.91999816894531,97.75,98.6500015258789,90.28392791748047,33342700,2014-09-29
2014-09-30 13:30:00+00:00,98.91999816894531,99.30000305175781,98.31999969482422,98.79000091552734,90.41207122802734,41834300,2014-09-30
2014-10-01 13:30:00+00:00,98.51000213623047,98.61000061035156,96.9000015258789,97.20999908447266,88.96605682373047,58164900,2014-10-01
2014-10-02 13:30:00+00:00,97.16999816894531,97.51000213623047,95.97000122070312,97.20999908447266,88.96605682373047,54501300,2014-10-02
2014-10-03 13:30:00+00:00,97.77999877929688,98.56999969482422,97.44000244140625,98.16999816894531,89.84463500976562,41627800,2014-10-03
2014-10-06 13:30:00+00:00,98.4800033569336,98.72000122070312,97.66000366210938,97.95999908447266,89.65245056152344,36038700,2014-10-06
2014-10-07 13:30:00+00:00,97.5,97.77999877929688,96.55999755859375,96.56999969482422,88.3803482055664,45154000,2014-10-07
2014-10-08 13:30:00+00:00,96.62000274658203,98.76000213623047,96.05999755859375,98.44999694824219,90.10089111328125,64931600,2014-10-08
2014-10-09 13:30:00+00:00,98.31999969482422,98.56999969482422,96.70999908447266,96.86000061035156,88.6457290649414,62497100,2014-10-09
2014-10-10 13:30:00+00:00,96.29000091552734,96.83000183105469,94.41999816894531,94.44000244140625,86.43097686767578,77579400,2014-10-10
2014-10-13 13:30:00+00:00,94.2699966430664,94.98999786376953,92.87999725341797,92.95999908447266,85.07646942138672,80835900,2014-10-13
2014-10-14 13:30:00+00:00,93.54000091552734,94.16999816894531,92.70999908447266,92.97000122070312,85.08561706542969,71814500,2014-10-14
2014-10-15 13:30:00+00:00,91.56999969482422,92.76000213623047,90.23999786376953,92.37000274658203,84.53649139404297,108847800,2014-10-15
2014-10-16 13:30:00+00:00,90.41999816894531,92.58000183105469,90.38999938964844,91.79000091552734,84.00570678710938,93165800,2014-10-16
2014-10-17 13:30:00+00:00,93.0,93.88999938964844,92.45999908447266,93.0,85.11308288574219,69546700,2014-10-17
2014-10-20 13:30:00+00:00,92.98999786376953,94.47000122070312,92.80000305175781,94.38999938964844,86.38519287109375,41479300,2014-10-20
2014-10-21 13:30:00+00:00,95.55999755859375,96.87000274658203,95.31999969482422,96.87000274658203,88.6548843383789,53609800,2014-10-21
2014-10-22 13:30:00+00:00,97.16999816894531,97.30000305175781,96.30999755859375,96.37000274658203,88.1972885131836,39178000,2014-10-22
2014-10-23 13:30:00+00:00,97.33999633789062,98.36000061035156,97.16999816894531,97.81999969482422,89.52432250976562,48123800,2014-10-23
2014-10-24 13:30:00+00:00,98.02999877929688,98.69000244140625,97.63999938964844,98.62000274658203,90.25648498535156,43157600,2014-10-24
2014-10-27 13:30:00+00:00,98.43000030517578,98.87000274658203,98.0199966430664,98.69000244140625,90.3205337524414,29545700,2014-10-27
2014-10-28 13:30:00+00:00,99.1500015258789,100.19999694824219,99.08000183105469,100.18000030517578,91.68417358398438,34495100,2014-10-28
2014-10-29 13:30:00+00:00,99.8499984741211,100.12000274658203,99.0999984741211,99.80999755859375,91.34555053710938,40552800,2014-10-29
2014-10-30 13:30:00+00:00,99.36000061035156,100.26000213623047,99.13999938964844,100.0199966430664,91.53775024414062,35935800,2014-10-30
2014-10-31 13:30:00+00:00,101.68000030517578,101.75,101.06999969482422,101.4000015258789,92.80074310302734,54254100,2014-10-31
2014-11-03 14:30:00+00:00,101.58000183105469,101.97000122070312,101.43000030517578,101.69999694824219,93.07526397705078,33481000,2014-11-03
2014-11-04 14:30:00+00:00,101.37999725341797,101.62000274658203,100.66999816894531,101.36000061035156,92.76409149169922,22773300,2014-11-04
2014-11-05 14:30:00+00:00,102.02999877929688,102.02999877929688,101.0199966430664,101.37000274658203,92.77327728271484,25818600,2014-11-05
2014-11-06 14:30:00+00:00,101.36000061035156,101.72000122070312,100.91999816894531,101.69000244140625,93.06613159179688,24671900,2014-11-06
2014-11-07 14:30:00+00:00,101.87000274658203,101.91000366210938,101.06999969482422,101.5999984741211,92.98373413085938,20931700,2014-11-07
2014-11-10 14:30:00+00:00,101.6500015258789,102.08999633789062,101.37999725341797,101.95999908447266,93.31322479248047,20360000,2014-11-10
2014-11-11 14:30:00+00:00,101.9800033569336,102.27999877929688,101.69999694824219,102.27999877929688,93.60609436035156,15454000,2014-11-11
2014-11-12 14:30:00+00:00,101.87000274658203,102.56999969482422,101.87000274658203,102.45999908447266,93.77082061767578,22050300,2014-11-12
2014-11-13 14:30:00+00:00,102.6500015258789,103.27999877929688,102.41999816894531,102.9000015258789,94.17352294921875,28027800,2014-11-13
2014-11-14 14:30:00+00:00,102.87000274658203,103.22000122070312,102.52999877929688,103.22000122070312,94.46636199951172,19251300,2014-11-14
2014-11-17 14:30:00+00:00,102.9800033569336,103.20999908447266,102.41999816894531,102.91000366210938,94.1826400756836,23361600,2014-11-17
2014-11-18 14:30:00+00:00,103.0,103.81999969482422,102.98999786376953,103.68000030517578,94.88738250732422,26336800,2014-11-18
2014-11-19 14:30:00+00:00,103.56999969482422,103.56999969482422,102.7300033569336,103.20999908447266,94.4571762084961,23760200,2014-11-19
2014-11-20 14:30:00+00:00,102.7699966430664,103.76000213623047,102.69000244140625,103.66999816894531,94.8781967163086,22874000,2014-11-20
2014-11-21 14:30:00+00:00,104.58999633789062,104.69000244140625,103.54000091552734,103.87000274658203,95.06123352050781,34049100,2014-11-21
2014-11-24 14:30:00+00:00,104.1500015258789,104.7300033569336,104.05999755859375,104.68000030517578,95.80254364013672,17928300,2014-11-24
2014-11-25 14:30:00+00:00,104.83999633789062,105.1500015258789,104.56999969482422,104.83999633789062,95.94896697998047,17526000,2014-11-25
2014-11-26 14:30:00+00:00,104.94000244140625,105.58000183105469,104.83000183105469,105.5199966430664,96.57131958007812,18973800,2014-11-26
2014-11-28 14:30:00+00:00,105.80000305175781,106.25,105.7300033569336,106.01000213623047,97.01976776123047,17360400,2014-11-28
2014-12-01 14:30:00+00:00,105.72000122070312,105.91999816894531,104.41999816894531,104.80999755859375,95.92152404785156,35969500,2014-12-01
2014-12-02 14:30:00+00:00,104.91999816894531,105.41999816894531,104.69999694824219,105.2300033569336,96.305908203125,26031300,2014-12-02
2014-12-03 14:30:00+00:00,105.38999938964844,105.56999969482422,104.76000213623047,105.41999816894531,96.47978210449219,32974300,2014-12-03
2014-12-04 14:30:00+00:00,105.31999969482422,105.77999877929688,104.93000030517578,105.37000274658203,96.43405151367188,31008800,2014-12-04
2014-12-05 14:30:00+00:00,105.54000091552734,105.69999694824219,105.1500015258789,105.37999725341797,96.44317626953125,25622200,2014-12-05
2014-12-08 14:30:00+00:00,105.11000061035156,105.56999969482422,104.08000183105469,104.62999725341797,95.75682830810547,32685800,2014-12-08
2014-12-09 14:30:00+00:00,103.41000366210938,105.04000091552734,103.04000091552734,104.95999908447266,96.05879211425781,46035100,2014-12-09
2014-12-10 14:30:00+00:00,104.7699966430664,105.02999877929688,103.12000274658203,103.30999755859375,94.54872131347656,39330100,2014-12-10
2014-12-11 14:30:00+00:00,103.61000061035156,105.04000091552734,103.58999633789062,103.80000305175781,94.99717712402344,47576000,2014-12-11
2014-12-12 14:30:00+00:00,102.80999755859375,103.98999786376953,102.66000366210938,102.66999816894531,93.9630126953125,46889400,2014-12-12
2014-12-15 14:30:00+00:00,103.19999694824219,103.58000183105469,101.31999969482422,101.61000061035156,92.9928970336914,52968400,2014-12-15
2014-12-16 14:30:00+00:00,100.97000122070312,102.47000122070312,99.95999908447266,99.9800033569336,91.50114440917969,65348600,2014-12-16
2014-12-17 14:30:00+00:00,100.05000305175781,102.08999633789062,99.91999816894531,101.80000305175781,93.16677856445312,79715300,2014-12-17
2014-12-18 14:30:00+00:00,103.26000213623047,104.26000213623047,102.9800033569336,104.25,95.40902709960938,49840900,2014-12-18
2014-12-19 14:30:00+00:00,103.97000122070312,104.73999786376953,103.70999908447266,104.31999969482422,95.82884979248047,51419900,2014-12-19
2014-12-22 14:30:00+00:00,104.1500015258789,104.61000061035156,104.0999984741211,104.58000183105469,96.06767272949219,33869200,2014-12-22
2014-12-23 14:30:00+00:00,104.95999908447266,104.97000122070312,104.08999633789062,104.20999908447266,95.727783203125,30156900,2014-12-23
2014-12-24 14:30:00+00:00,104.33999633789062,104.69999694824219,104.2699966430664,104.30000305175781,95.81043243408203,14291300,2014-12-24
2014-12-26 14:30:00+00:00,104.5999984741211,105.26000213623047,104.56999969482422,105.04000091552734,96.490234375,13924300,2014-12-26
2014-12-29 14:30:00+00:00,104.94000244140625,105.25,104.87999725341797,105.0199966430664,96.47181701660156,17073800,2014-12-29
2014-12-30 14:30:00+00:00,104.72000122070312,104.95999908447266,104.18000030517578,104.31999969482422,95.82884979248047,18604000,2014-12-30
2014-12-31 14:30:00+00:00,104.5,104.91000366210938,103.0999984741211,103.25,94.84589385986328,24367100,2014-12-31
2015-01-02 14:30:00+00:00,103.76000213623047,104.19999694824219,102.44000244140625,102.94000244140625,94.56114196777344,31314600,2015-01-02
2015-01-05 14:30:00+00:00,102.48999786376953,102.61000061035156,101.13999938964844,101.43000030517578,93.17404174804688,36521300,2015-01-05
2015-01-06 14:30:00+00:00,101.58000183105469,101.75,99.62000274658203,100.06999969482422,91.92475891113281,66205500,2015-01-06
2015-01-07 14:30:00+00:00,100.7300033569336,101.5999984741211,100.48999786376953,101.36000061035156,93.10974884033203,37577400,2015-01-07
2015-01-08 14:30:00+00:00,102.22000122070312,103.5,102.11000061035156,103.30000305175781,94.89185333251953,40212600,2015-01-08
2015-01-09 14:30:00+00:00,103.62000274658203,103.6500015258789,102.0199966430664,102.62000274658203,94.26717376708984,41410100,2015-01-09
2015-01-12 14:30:00+00:00,102.81999969482422,102.93000030517578,101.29000091552734,101.55000305175781,93.28429412841797,34129800,2015-01-12
2015-01-13 14:30:00+00:00,102.54000091552734,103.62000274658203,100.69999694824219,101.5199966430664,93.2567138671875,56162300,2015-01-13
2015-01-14 14:30:00+00:00,100.5,101.4800033569336,100.06999969482422,100.95999908447266,92.74232482910156,51354200,2015-01-14
2015-01-15 14:30:00+00:00,101.43000030517578,101.58999633789062,99.52999877929688,99.6500015258789,91.53893280029297,51005400,2015-01-15
2015-01-16 14:30:00+00:00,99.5199966430664,100.94999694824219,99.36000061035156,100.81999969482422,92.61370086669922,35362200,2015-01-16
2015-01-20 14:30:00+00:00,101.43000030517578,101.87999725341797,100.29000091552734,101.62000274658203,93.34862518310547,30964100,2015-01-20
2015-01-21 14:30:00+00:00,101.31999969482422,102.62000274658203,100.95999908447266,102.13999938964844,93.82626342773438,40128800,2015-01-21
2015-01-22 14:30:00+00:00,102.54000091552734,104.13999938964844,101.63999938964844,104.02999877929688,95.56241607666016,40887200,2015-01-22
2015-01-23 14:30:00+00:00,104.0199966430664,104.58000183105469,103.72000122070312,104.26000213623047,95.77371978759766,34783000,2015-01-23
2015-01-26 14:30:00+00:00,104.13999938964844,104.33000183105469,103.61000061035156,104.13999938964844,95.66345977783203,19960900,2015-01-26
2015-01-27 14:30:00+00:00,102.5,102.55999755859375,101.0999984741211,101.44000244140625,93.18324279785156,45253200,2015-01-27
2015-01-28 14:30:00+00:00,103.06999969482422,103.18000030517578,100.9000015258789,100.91999816894531,92.70555877685547,43591700,2015-01-28
2015-01-29 14:30:00+00:00,100.83999633789062,102.08000183105469,99.95999908447266,101.88999938964844,93.59661102294922,46539700,2015-01-29
2015-01-30 14:30:00+00:00,101.80000305175781,102.58000183105469,100.95999908447266,101.0999984741211,92.87090301513672,42927600,2015-01-30
2015-02-02 14:30:00+00:00,101.33000183105469,102.06999969482422,99.75,101.9800033569336,93.67930603027344,43624700,2015-02-02
2015-02-03 14:30:00+00:00,102.3499984741211,103.02999877929688,101.68000030517578,102.95999908447266,94.57952117919922,30750400,2015-02-03
2015-02-04 14:30:00+00:00,102.54000091552734,103.55000305175781,102.30999755859375,102.87000274658203,94.49684143066406,34073200,2015-02-04
2015-02-05 14:30:00+00:00,103.12999725341797,103.83000183105469,102.87000274658203,103.76000213623047,95.31440734863281,23605500,2015-02-05
2015-02-06 14:30:00+00:00,103.91999816894531,104.16999816894531,102.76000213623047,103.12999725341797,94.73565673828125,34169300,2015-02-06
2015-02-09 14:30:00+00:00,102.7300033569336,103.29000091552734,102.55000305175781,102.80000305175781,94.43255615234375,22604700,2015-02-09
2015-02-10 14:30:00+00:00,103.37000274658203,104.54000091552734,103.20999908447266,104.4000015258789,95.90229797363281,23686500,2015-02-10
2015-02-11 14:30:00+00:00,104.5199966430664,105.0199966430664,104.31999969482422,104.77999877929688,96.25138092041016,20303600,2015-02-11
2015-02-12 14:30:00+00:00,105.45999908447266,106.04000091552734,105.30000305175781,106.0,97.37203979492188,22520300,2015-02-12
2015-02-13 14:30:00+00:00,106.30000305175781,106.93000030517578,106.0999984741211,106.91000366210938,98.20802307128906,29030200,2015-02-13
2015-02-17 14:30:00+00:00,106.91000366210938,107.08000183105469,106.63999938964844,107.01000213623047,98.29986572265625,17675300,2015-02-17
2015-02-18 14:30:00+00:00,106.87999725341797,107.22000122070312,106.73999786376953,107.16000366210938,98.43765258789062,15149600,2015-02-18
2015-02-19 14:30:00+00:00,107.08999633789062,107.76000213623047,107.05999755859375,107.69000244140625,98.92449951171875,19828100,2015-02-19
2015-02-20 14:30:00+00:00,107.62000274658203,108.47000122070312,107.27999877929688,108.41000366210938,99.58589935302734,28336700,2015-02-20
2015-02-23 14:30:00+00:00,108.3499984741211,108.55000305175781,108.11000061035156,108.5199966430664,99.68697357177734,17868000,2015-02-23
2015-02-24 14:30:00+00:00,108.37999725341797,108.7300033569336,108.05000305175781,108.5999984741211,99.76044464111328,19745000,2015-02-24
2015-02-25 14:30:00+00:00,108.44000244140625,108.86000061035156,108.08999633789062,108.33000183105469,99.51241302490234,19472300,2015-02-25
2015-02-26 14:30:00+00:00,108.44000244140625,108.94000244140625,108.13999938964844,108.87999725341797,100.01765441894531,22255500,2015-02-26
2015-02-27 14:30:00+00:00,108.83999633789062,108.91000366210938,108.2300033569336,108.4000015258789,99.57675170898438,27757600,2015-02-27
2015-03-02 14:30:00+00:00,108.61000061035156,109.41999816894531,108.58999633789062,109.37999725341797,100.47693634033203,22988600,2015-03-02
2015-03-03 14:30:00+00:00,109.05000305175781,109.16000366210938,108.18000030517578,108.87000274658203,100.00846862792969,20788900,2015-03-03
2015-03-04 14:30:00+00:00,108.51000213623047,108.66999816894531,107.86000061035156,108.44999694824219,99.62266540527344,21007400,2015-03-04
2015-03-05 14:30:00+00:00,108.7300033569336,108.97000122070312,108.19000244140625,108.63999938964844,99.7972183227539,15381000,2015-03-05
2015-03-06 14:30:00+00:00,108.5,108.70999908447266,107.13999938964844,107.41000366210938,98.66731262207031,30990400,2015-03-06
2015-03-09 13:30:00+00:00,107.62999725341797,107.98999786376953,107.19000244140625,107.72000122070312,98.95207214355469,26237100,2015-03-09
2015-03-10 13:30:00+00:00,106.94999694824219,106.9800033569336,105.72000122070312,105.72000122070312,97.11487579345703,34234500,2015-03-10
2015-03-11 13:30:00+00:00,105.87999725341797,106.01000213623047,105.06999969482422,105.11000061035156,96.55453491210938,25459700,2015-03-11
2015-03-12 13:30:00+00:00,105.02999877929688,105.91999816894531,104.95999908447266,105.80000305175781,97.18836975097656,21473200,2015-03-12
2015-03-13 13:30:00+00:00,105.69999694824219,106.12000274658203,104.68000030517578,105.33999633789062,96.76580810546875,42021100,2015-03-13
2015-03-16 13:30:00+00:00,105.7300033569336,106.73999786376953,105.62000274658203,106.69999694824219,98.01507568359375,25674100,2015-03-16
2015-03-17 13:30:00+00:00,106.41000366210938,107.04000091552734,106.16000366210938,106.87000274658203,98.17127227783203,19603800,2015-03-17
2015-03-18 13:30:00+00:00,106.58000183105469,108.41000366210938,106.02999877929688,107.91999816894531,99.13578033447266,40622200,2015-03-18
2015-03-19 13:30:00+00:00,108.02999877929688,108.37999725341797,107.87000274658203,108.08000183105469,99.28275299072266,31314000,2015-03-19
2015-03-20 13:30:00+00:00,108.72000122070312,109.06999969482422,108.51000213623047,108.52999877929688,99.92543029785156,31761400,2015-03-20
2015-03-23 13:30:00+00:00,108.47000122070312,108.7699966430664,108.27999877929688,108.31999969482422,99.73209381103516,17268500,2015-03-23
2015-03-24 13:30:00+00:00,108.30999755859375,108.80999755859375,107.91000366210938,107.93000030517578,99.37300109863281,22445300,2015-03-24
2015-03-25 13:30:00+00:00,108.0999984741211,108.19999694824219,105.41999816894531,105.45999908447266,97.09881591796875,41581400,2015-03-25
2015-03-26 13:30:00+00:00,104.58999633789062,105.69999694824219,104.23999786376953,105.0999984741211,96.76737213134766,47846300,2015-03-26
2015-03-27 13:30:00+00:00,105.08000183105469,105.7699966430664,104.91999816894531,105.5199966430664,97.1540756225586,33878400,2015-03-27
2015-03-30 13:30:00+00:00,106.16000366210938,106.81999969482422,106.16000366210938,106.7300033569336,98.26817321777344,30570200,2015-03-30
2015-03-31 13:30:00+00:00,106.43000030517578,106.6500015258789,105.56999969482422,105.5999984741211,97.22772216796875,30488100,2015-03-31
2015-04-01 13:30:00+00:00,105.5999984741211,105.62000274658203,104.37000274658203,105.05000305175781,96.72135162353516,32970500,2015-04-01
2015-04-02 13:30:00+00:00,105.1500015258789,105.45999908447266,104.77999877929688,105.12000274658203,96.7857666015625,19164200,2015-04-02
2015-04-06 13:30:00+00:00,104.5,106.2699966430664,104.33999633789062,105.9800033569336,97.57762908935547,24451100,2015-04-06
2015-04-07 13:30:00+00:00,105.91999816894531,106.69999694824219,105.80000305175781,105.80000305175781,97.41190338134766,19379400,2015-04-07
2015-04-08 13:30:00+00:00,105.83999633789062,106.79000091552734,105.83000183105469,106.63999938964844,98.18529510498047,25866900,2015-04-08
2015-04-09 13:30:00+00:00,106.58999633789062,107.3499984741211,106.2300033569336,107.30999755859375,98.80216979980469,23114700,2015-04-09
2015-04-10 13:30:00+00:00,107.2699966430664,107.76000213623047,107.02999877929688,107.75,99.207275390625,17164300,2015-04-10
2015-04-13 13:30:00+00:00,107.83000183105469,108.37999725341797,107.36000061035156,107.4800033569336,98.95869445800781,17783500,2015-04-13
2015-04-14 13:30:00+00:00,107.37000274658203,107.68000030517578,106.55999755859375,107.16999816894531,98.67324829101562,23755700,2015-04-14
2015-04-15 13:30:00+00:00,107.44999694824219,108.06999969482422,107.31999969482422,107.83999633789062,99.29013061523438,21128600,2015-04-15
2015-04-16 13:30:00+00:00,107.55000305175781,107.87999725341797,107.4000015258789,107.69000244140625,99.15201568603516,16195300,2015-04-16
2015-04-17 13:30:00+00:00,106.66000366210938,106.94999694824219,105.55000305175781,106.01000213623047,97.605224609375,46514000,2015-04-17
2015-04-20 13:30:00+00:00,106.54000091552734,107.79000091552734,106.5,107.5999984741211,99.06914520263672,28945900,2015-04-20
2015-04-21 13:30:00+00:00,108.22000122070312,108.41000366210938,107.93000030517578,108.05999755859375,99.49270629882812,22759800,2015-04-21
2015-04-22 13:30:00+00:00,108.33999633789062,108.83000183105469,107.63999938964844,108.6500015258789,100.03590393066406,21429200,2015-04-22
2015-04-23 13:30:00+00:00,108.27999877929688,109.55000305175781,108.26000213623047,109.05999755859375,100.41340637207031,29473200,2015-04-23
2015-04-24 13:30:00+00:00,110.20999908447266,110.69000244140625,110.02999877929688,110.54000091552734,101.77606964111328,32508100,2015-04-24
2015-04-27 13:30:00+00:00,110.94999694824219,111.16000366210938,110.0199966430664,110.26000213623047,101.51825714111328,31121300,2015-04-27
2015-04-28 13:30:00+00:00,110.33999633789062,110.55000305175781,109.11000061035156,110.04000091552734,101.31570434570312,36849200,2015-04-28
2015-04-29 13:30:00+00:00,109.43000030517578,110.06999969482422,108.75,109.3499984741211,100.68043518066406,34043900,2015-04-29
2015-04-30 13:30:00+00:00,108.7300033569336,109.16999816894531,107.05999755859375,107.62999725341797,99.09675598144531,44080500,2015-04-30
2015-05-01 13:30:00+00:00,108.05000305175781,109.12000274658203,108.02999877929688,109.05000305175781,100.40419006347656,32874300,2015-05-01
2015-05-04 13:30:00+00:00,109.4000015258789,109.91000366210938,109.16999816894531,109.2300033569336,100.56993865966797,23507300,2015-05-04
2015-05-05 13:30:00+00:00,108.80000305175781,109.0,107.4000015258789,107.44999694824219,98.9310531616211,47843300,2015-05-05
2015-05-06 13:30:00+00:00,107.63999938964844,107.94999694824219,106.0,106.70999908447266,98.2497329711914,42687200,2015-05-06
2015-05-07 13:30:00+00:00,106.68000030517578,107.6500015258789,106.5999984741211,107.3499984741211,98.83899688720703,29335800,2015-05-07
2015-05-08 13:30:00+00:00,108.45999908447266,108.91999816894531,108.30000305175781,108.69000244140625,100.07275390625,33023300,2015-05-08
2015-05-11 13:30:00+00:00,108.76000213623047,108.9800033569336,108.19000244140625,108.2699966430664,99.6860580444336,19679300,2015-05-11
2015-05-12 13:30:00+00:00,107.62999725341797,108.33000183105469,106.80000305175781,107.77999877929688,99.23489379882812,33665000,2015-05-12
2015-05-13 13:30:00+00:00,108.25,108.80999755859375,107.83999633789062,108.0,99.43743896484375,20738400,2015-05-13
2015-05-14 13:30:00+00:00,108.87999725341797,109.66999816894531,108.4800033569336,109.58000183105469,100.89220428466797,23904200,2015-05-14
2015-05-15 13:30:00+00:00,109.86000061035156,110.01000213623047,109.30999755859375,109.58000183105469,100.89220428466797,23937400,2015-05-15
2015-05-18 13:30:00+00:00,109.4000015258789,110.27999877929688,109.31999969482422,110.05999755859375,101.33414459228516,17631100,2015-05-18
2015-05-19 13:30:00+00:00,110.18000030517578,110.3499984741211,109.76000213623047,109.94000244140625,101.22364807128906,14212900,2015-05-19
2015-05-20 13:30:00+00:00,110.0199966430664,110.66999816894531,109.43000030517578,110.01000213623047,101.2880859375,21131900,2015-05-20
2015-05-21 13:30:00+00:00,109.81999969482422,110.7300033569336,109.66000366210938,110.58000183105469,101.81291198730469,16771800,2015-05-21
2015-05-22 13:30:00+00:00,110.44999694824219,110.87000274658203,110.37999725341797,110.47000122070312,101.71163940429688,13543800,2015-05-22
2015-05-26 13:30:00+00:00,110.2300033569336,110.37999725341797,108.76000213623047,109.19999694824219,100.54228973388672,25488400,2015-05-26
2015-05-27 13:30:00+00:00,109.52999877929688,111.08000183105469,109.29000091552734,110.95999908447266,102.16278076171875,30572700,2015-05-27
2015-05-28 13:30:00+00:00,110.75,111.01000213623047,110.37000274658203,110.70999908447266,101.93260192871094,17302400,2015-05-28
2015-05-29 13:30:00+00:00,110.63999938964844,110.79000091552734,109.79000091552734,110.05000305175781,101.32493591308594,30383000,2015-05-29
2015-06-01 13:30:00+00:00,110.63999938964844,110.72000122070312,109.5199966430664,110.41999816894531,101.66559600830078,24570200,2015-06-01
2015-06-02 13:30:00+00:00,110.01000213623047,110.61000061035156,109.47000122070312,110.06999969482422,101.34333801269531,19449600,2015-06-02
2015-06-03 13:30:00+00:00,110.56999969482422,110.80999755859375,110.12999725341797,110.4000015258789,101.64717102050781,20507200,2015-06-03
2015-06-04 13:30:00+00:00,109.77999877929688,110.4800033569336,109.20999908447266,109.55999755859375,100.87378692626953,31374600,2015-06-04
2015-06-05 13:30:00+00:00,109.43000030517578,109.69000244140625,108.62999725341797,109.30000305175781,100.63440704345703,22641700,2015-06-05
2015-06-08 13:30:00+00:00,109.25,109.33000183105469,107.97000122070312,108.19000244140625,99.61239624023438,24549200,2015-06-08
2015-06-09 13:30:00+00:00,107.93000030517578,108.4000015258789,107.19999694824219,108.01000213623047,99.44664764404297,27554600,2015-06-09
2015-06-10 13:30:00+00:00,108.37999725341797,109.80999755859375,108.26000213623047,109.48999786376953,100.80934143066406,30297900,2015-06-10
2015-06-11 13:30:00+00:00,109.86000061035156,110.1500015258789,109.45999908447266,109.6500015258789,100.9566421508789,17593500,2015-06-11
2015-06-12 13:30:00+00:00,109.06999969482422,109.30000305175781,108.5999984741211,108.75,100.12801361083984,27201800,2015-06-12
2015-06-15 13:30:00+00:00,107.94000244140625,108.37999725341797,107.30999755859375,108.20999908447266,99.63077545166016,31238800,2015-06-15
2015-06-16 13:30:00+00:00,108.0999984741211,108.9800033569336,108.05000305175781,108.80000305175781,100.17402648925781,16456900,2015-06-16
2015-06-17 13:30:00+00:00,108.9800033569336,109.44999694824219,108.43000030517578,109.0999984741211,100.45023345947266,23296700,2015-06-17
2015-06-18 13:30:00+00:00,109.5,110.87999725341797,109.44000244140625,110.69000244140625,101.91419982910156,43032400,2015-06-18
2015-06-19 13:30:00+00:00,110.48999786376953,110.58000183105469,109.80999755859375,109.88999938964844,101.41032409667969,27877600,2015-06-19
2015-06-22 13:30:00+00:00,110.69999694824219,111.02999877929688,110.44999694824219,110.69999694824219,102.15779876708984,19120900,2015-06-22
2015-06-23 13:30:00+00:00,110.81999969482422,110.88999938964844,110.33000183105469,110.79000091552734,102.24087524414062,18127900,2015-06-23
2015-06-24 13:30:00+00:00,110.66000366210938,111.12999725341797,110.19000244140625,110.22000122070312,101.71485137939453,15815900,2015-06-24
2015-06-25 13:30:00+00:00,110.6500015258789,110.76000213623047,109.81999969482422,110.0,101.51184844970703,18326700,2015-06-25
2015-06-26 13:30:00+00:00,109.9800033569336,110.2300033569336,108.86000061035156,109.2699966430664,100.83816528320312,32311700,2015-06-26
2015-06-29 13:30:00+00:00,108.05999755859375,108.66000366210938,106.63999938964844,106.69000244140625,98.45729064941406,50874900,2015-06-29
2015-06-30 13:30:00+00:00,107.48999786376953,107.72000122070312,106.73999786376953,107.06999969482422,98.80792236328125,34809900,2015-06-30
2015-07-01 13:30:00+00:00,108.12999725341797,108.3499984741211,107.41999816894531,107.91999816894531,99.59233856201172,21293000,2015-07-01
2015-07-02 13:30:00+00:00,108.2300033569336,108.31999969482422,107.62000274658203,107.94999694824219,99.62004089355469,20499400,2015-07-02
2015-07-06 13:30:00+00:00,107.2699966430664,108.31999969482422,107.04000091552734,107.69999694824219,99.38929748535156,24311000,2015-07-06
2015-07-07 13:30:00+00:00,107.81999969482422,108.06999969482422,105.83000183105469,107.97000122070312,99.63848876953125,44230800,2015-07-07
2015-07-08 13:30:00+00:00,107.19999694824219,107.33000183105469,105.88999938964844,106.08999633789062,97.90354919433594,39691500,2015-07-08
2015-07-09 13:30:00+00:00,107.5,107.5999984741211,106.0199966430664,106.02999877929688,97.84815216064453,28381000,2015-07-09
2015-07-10 13:30:00+00:00,107.44000244140625,108.05000305175781,107.05000305175781,107.6500015258789,99.3431625366211,26415800,2015-07-10
2015-07-13 13:30:00+00:00,108.58000183105469,109.62999725341797,108.56999969482422,109.54000091552734,101.08734130859375,25780700,2015-07-13
2015-07-14 13:30:00+00:00,109.69000244140625,110.55999755859375,109.62999725341797,110.26000213623047,101.75175476074219,21977200,2015-07-14
2015-07-15 13:30:00+00:00,110.47000122070312,110.80999755859375,110.06999969482422,110.37999725341797,101.86248779296875,28631500,2015-07-15
2015-07-16 13:30:00+00:00,111.29000091552734,111.95999908447266,111.06999969482422,111.94000244140625,103.3021469116211,29838900,2015-07-16
2015-07-17 13:30:00+00:00,112.83999633789062,113.58999633789062,112.6500015258789,113.58999633789062,104.82482147216797,35926800,2015-07-17
2015-07-20 13:30:00+00:00,113.83000183105469,114.38999938964844,113.4800033569336,113.9800033569336,105.1847152709961,26539000,2015-07-20
2015-07-21 13:30:00+00:00,114.0199966430664,114.19999694824219,113.58000183105469,113.91000366210938,105.1201400756836,35468900,2015-07-21
2015-07-22 13:30:00+00:00,112.16999816894531,113.16999816894531,112.16999816894531,112.62000274658203,103.9296646118164,35575000,2015-07-22
2015-07-23 13:30:00+00:00,112.7300033569336,113.0999984741211,111.91000366210938,112.19999694824219,103.54206848144531,25698300,2015-07-23
2015-07-24 13:30:00+00:00,112.80000305175781,113.0,110.93000030517578,111.0999984741211,102.52693939208984,30844700,2015-07-24
2015-07-27 13:30:00+00:00,110.47000122070312,110.94999694824219,109.94000244140625,110.18000030517578,101.67794036865234,35994800,2015-07-27
2015-07-28 13:30:00+00:00,110.66999816894531,111.3499984741211,109.79000091552734,111.12999725341797,102.55463409423828,33553500,2015-07-28
2015-07-29 13:30:00+00:00,111.37000274658203,111.79000091552734,110.94000244140625,111.55000305175781,102.9422378540039,26714100,2015-07-29
2015-07-30 13:30:00+00:00,111.29000091552734,112.2699966430664,110.62000274658203,112.08000183105469,103.43132019042969,25438100,2015-07-30
2015-07-31 13:30:00+00:00,112.43000030517578,112.48999786376953,111.72000122070312,111.94999694824219,103.31134796142578,22081700,2015-07-31
2015-08-03 13:30:00+00:00,111.97000122070312,112.27999877929688,110.86000061035156,111.5999984741211,102.9883804321289,25001800,2015-08-03
2015-08-04 13:30:00+00:00,111.55000305175781,111.75,110.93000030517578,111.38999938964844,102.79456329345703,22132300,2015-08-04
2015-08-05 13:30:00+00:00,112.01000213623047,113.0,111.87999725341797,112.25,103.58821105957031,28989900,2015-08-05
2015-08-06 13:30:00+00:00,112.3499984741211,112.5,109.94999694824219,110.44999694824219,101.92708587646484,42125400,2015-08-06
2015-08-07 13:30:00+00:00,110.18000030517578,110.56999969482422,109.4000015258789,110.30999755859375,101.79790496826172,30006800,2015-08-07
2015-08-10 13:30:00+00:00,111.01000213623047,111.80999755859375,111.0,111.56999969482422,102.960693359375,21500800,2015-08-10
2015-08-11 13:30:00+00:00,110.9800033569336,111.41000366210938,109.52999877929688,110.13999938964844,101.64102935791016,36123300,2015-08-11
2015-08-12 13:30:00+00:00,109.37999725341797,110.73999786376953,108.22000122070312,110.5199966430664,101.99171447753906,41889000,2015-08-12
2015-08-13 13:30:00+00:00,110.62999725341797,111.16000366210938,110.0999984741211,110.33999633789062,101.82561492919922,22510500,2015-08-13
2015-08-14 13:30:00+00:00,110.08000183105469,110.66999816894531,109.86000061035156,110.51000213623047,101.98246002197266,17924900,2015-08-14
2015-08-17 13:30:00+00:00,110.23999786376953,111.45999908447266,109.95999908447266,111.43000030517578,102.83150482177734,21224900,2015-08-17
2015-08-18 13:30:00+00:00,111.27999877929688,111.37000274658203,110.70999908447266,110.86000061035156,102.30545043945312,13984400,2015-08-18
2015-08-19 13:30:00+00:00,110.5199966430664,111.11000061035156,109.48999786376953,110.12999725341797,101.63180541992188,42511400,2015-08-19
2015-08-20 13:30:00+00:00,109.11000061035156,109.45999908447266,107.06999969482422,107.08000183105469,98.817138671875,57747300,2015-08-20
2015-08-21 13:30:00+00:00,105.56999969482422,106.47000122070312,102.4000015258789,102.4000015258789,94.49829864501953,97763400,2015-08-21
2015-08-24 13:30:00+00:00,94.2300033569336,102.52999877929688,84.73999786376953,98.45999908447266,90.86233520507812,150829900,2015-08-24
2015-08-25 13:30:00+00:00,102.06999969482422,102.73999786376953,98.01000213623047,98.08999633789062,90.5208740234375,75088300,2015-08-25
2015-08-26 13:30:00+00:00,100.95999908447266,103.2300033569336,98.93000030517578,103.02999877929688,95.07967376708984,104103800,2015-08-26
2015-08-27 13:30:00+00:00,104.5199966430664,105.70999908447266,103.27999877929688,105.63999938964844,97.48826599121094,69377700,2015-08-27
2015-08-28 13:30:00+00:00,105.08000183105469,106.0,104.8499984741211,105.62000274658203,97.46980285644531,49919600,2015-08-28
2015-08-31 13:30:00+00:00,105.02999877929688,105.61000061035156,104.05000305175781,104.30999755859375,96.26089477539062,39549400,2015-08-31
2015-09-01 13:30:00+00:00,101.70999908447266,103.29000091552734,100.62999725341797,101.05000305175781,93.25247955322266,73155500,2015-09-01
2015-09-02 13:30:00+00:00,102.87999725341797,103.91999816894531,101.69999694824219,103.9000015258789,95.88253784179688,43963600,2015-09-02
2015-09-03 13:30:00+00:00,104.30999755859375,105.0199966430664,103.0999984741211,103.38999938964844,95.4118881225586,45131800,2015-09-03
2015-09-04 13:30:00+00:00,101.97000122070312,102.8499984741211,101.58999633789062,102.16000366210938,94.27681732177734,49379600,2015-09-04
2015-09-08 13:30:00+00:00,104.12000274658203,105.16999816894531,103.69000244140625,105.04000091552734,96.9345703125,37343500,2015-09-08
2015-09-09 13:30:00+00:00,106.27999877929688,106.30999755859375,103.58999633789062,103.86000061035156,95.84562683105469,47146700,2015-09-09
2015-09-10 13:30:00+00:00,103.73999786376953,105.68000030517578,103.62000274658203,104.98999786376953,96.888427734375,47686700,2015-09-10
2015-09-11 13:30:00+00:00,104.51000213623047,105.56999969482422,104.20999908447266,105.56999969482422,97.42367553710938,29106100,2015-09-11
2015-09-14 13:30:00+00:00,105.95999908447266,105.9800033569336,104.8499984741211,105.25,97.1283950805664,19718800,2015-09-14
2015-09-15 13:30:00+00:00,105.5,106.81999969482422,105.11000061035156,106.48999786376953,98.27271270751953,30020200,2015-09-15
2015-09-16 13:30:00+00:00,106.51000213623047,107.19000244140625,106.13999938964844,107.08999633789062,98.82638549804688,31329100,2015-09-16
2015-09-17 13:30:00+00:00,106.9800033569336,108.7300033569336,106.63999938964844,107.12999725341797,98.86329650878906,56139800,2015-09-17
2015-09-18 13:30:00+00:00,105.2300033569336,106.5999984741211,105.16999816894531,105.3499984741211,97.45719146728516,48384000,2015-09-18
2015-09-21 13:30:00+00:00,105.93000030517578,106.55000305175781,104.7300033569336,105.68000030517578,97.7624282836914,35772600,2015-09-21
2015-09-22 13:30:00+00:00,104.05999755859375,104.41999816894531,103.12999725341797,104.0999984741211,96.30084228515625,47359700,2015-09-22
2015-09-23 13:30:00+00:00,104.37999725341797,104.66000366210938,103.63999938964844,104.18000030517578,96.3748550415039,21775100,2015-09-23
2015-09-24 13:30:00+00:00,103.16999816894531,104.19000244140625,102.2699966430664,103.80000305175781,96.0232925415039,38284300,2015-09-24
2015-09-25 13:30:00+00:00,104.91000366210938,105.01000213623047,102.27999877929688,102.91999816894531,95.20922088623047,44700000,2015-09-25
2015-09-28 13:30:00+00:00,102.4800033569336,102.55000305175781,99.69000244140625,99.98999786376953,92.4987564086914,44077500,2015-09-28
2015-09-29 13:30:00+00:00,100.23999786376953,101.26000213623047,98.75,99.47000122070312,92.0177001953125,49315500,2015-09-29
2015-09-30 13:30:00+00:00,100.88999938964844,101.87000274658203,100.5,101.76000213623047,94.13611602783203,41411400,2015-09-30
2015-10-01 13:30:00+00:00,101.94000244140625,102.2300033569336,100.58999633789062,102.22000122070312,94.56169891357422,39339100,2015-10-01
2015-10-02 13:30:00+00:00,100.80000305175781,104.01000213623047,100.4800033569336,104.01000213623047,96.21756744384766,59370900,2015-10-02
2015-10-05 13:30:00+00:00,104.77999877929688,105.77999877929688,104.55000305175781,105.5,97.5959243774414,32853500,2015-10-05
2015-10-06 13:30:00+00:00,105.25,105.5999984741211,104.18000030517578,105.0,97.1333999633789,33051500,2015-10-06
2015-10-07 13:30:00+00:00,105.66000366210938,105.86000061035156,104.29000091552734,105.62999725341797,97.71621704101562,37389300,2015-10-07
2015-10-08 13:30:00+00:00,105.2300033569336,106.2300033569336,104.20999908447266,106.05000305175781,98.10472106933594,50188900,2015-10-08
2015-10-09 13:30:00+00:00,106.0999984741211,106.7300033569336,105.80999755859375,106.52999877929688,98.54878234863281,23916200,2015-10-09
2015-10-12 13:30:00+00:00,106.7300033569336,106.98999786376953,106.3499984741211,106.79000091552734,98.7892837524414,16162000,2015-10-12
2015-10-13 13:30:00+00:00,106.18000030517578,107.26000213623047,106.0,106.0999984741211,98.15096282958984,26999600,2015-10-13
2015-10-14 13:30:00+00:00,106.0999984741211,106.62999725341797,105.48999786376953,105.93000030517578,97.99373626708984,30902600,2015-10-14
2015-10-15 13:30:00+00:00,106.31999969482422,107.68000030517578,106.18000030517578,107.66999816894531,99.6033706665039,38393800,2015-10-15
2015-10-16 13:30:00+00:00,107.9000015258789,108.18000030517578,107.37999725341797,108.12000274658203,100.0196533203125,27091100,2015-10-16
2015-10-19 13:30:00+00:00,107.9800033569336,108.80999755859375,107.73999786376953,108.73999786376953,100.59321594238281,23776300,2015-10-19
2015-10-20 13:30:00+00:00,108.55000305175781,108.77999877929688,107.80999755859375,108.18000030517578,100.07514190673828,23404700,2015-10-20
2015-10-21 13:30:00+00:00,108.7300033569336,108.83999633789062,107.4800033569336,107.5199966430664,99.464599609375,30195200,2015-10-21
2015-10-22 13:30:00+00:00,108.4800033569336,109.80000305175781,108.16999816894531,109.70999908447266,101.49054718017578,42778700,2015-10-22
2015-10-23 13:30:00+00:00,112.66000366210938,113.23999786376953,112.06999969482422,112.77999877929688,104.33052825927734,53170900,2015-10-23
2015-10-26 13:30:00+00:00,112.69999694824219,113.06999969482422,112.2699966430664,112.8499984741211,104.3952865600586,25918000,2015-10-26
2015-10-27 13:30:00+00:00,112.55000305175781,113.23999786376953,112.5199966430664,113.08000183105469,104.6080551147461,31390500,2015-10-27
2015-10-28 13:30:00+00:00,113.25,114.0199966430664,112.33999633789062,114.0199966430664,105.47760009765625,42221900,2015-10-28
2015-10-29 13:30:00+00:00,113.5,114.02999877929688,113.37999725341797,113.83999633789062,105.31107330322266,24913300,2015-10-29
2015-10-30 13:30:00+00:00,113.88999938964844,114.08000183105469,113.30000305175781,113.33000183105469,104.8393325805664,27199200,2015-10-30
2015-11-02 14:30:00+00:00,113.62999725341797,114.75,113.38999938964844,114.61000061035156,106.02342224121094,22176900,2015-11-02
2015-11-03 14:30:00+00:00,114.37999725341797,115.41999816894531,114.20999908447266,115.01000213623047,106.3934326171875,20418400,2015-11-03
2015-11-04 14:30:00+00:00,115.38999938964844,115.47000122070312,114.54000091552734,115.0199966430664,106.4027099609375,28633000,2015-11-04
2015-11-05 14:30:00+00:00,115.12000274658203,115.4000015258789,114.11000061035156,114.70999908447266,106.11591339111328,25004100,2015-11-05
2015-11-06 14:30:00+00:00,114.48999786376953,114.91999816894531,113.76000213623047,114.79000091552734,106.18992614746094,29924900,2015-11-06
2015-11-09 14:30:00+00:00,114.36000061035156,114.51000213623047,112.87000274658203,113.56999969482422,105.06132507324219,33479800,2015-11-09
2015-11-10 14:30:00+00:00,112.97000122070312,113.38999938964844,112.62999725341797,113.27999877929688,104.7930679321289,35452100,2015-11-10
2015-11-11 14:30:00+00:00,113.58999633789062,114.13999938964844,112.94999694824219,113.13999938964844,104.66353607177734,22748800,2015-11-11
2015-11-12 14:30:00+00:00,112.68000030517578,113.2300033569336,111.95999908447266,112.04000091552734,103.64595031738281,31196900,2015-11-12
2015-11-13 14:30:00+00:00,111.56999969482422,111.69000244140625,109.77999877929688,109.83999633789062,101.61077117919922,52836000,2015-11-13
2015-11-16 14:30:00+00:00,109.7300033569336,111.44000244140625,109.4800033569336,111.41999816894531,103.07242584228516,33980600,2015-11-16
2015-11-17 14:30:00+00:00,111.61000061035156,112.29000091552734,111.20999908447266,111.48999786376953,103.13713836669922,30579500,2015-11-17
2015-11-18 14:30:00+00:00,111.94000244140625,113.73999786376953,111.83000183105469,113.62999725341797,105.11685180664062,32966500,2015-11-18
2015-11-19 14:30:00+00:00,113.69000244140625,114.2300033569336,113.48999786376953,113.70999908447266,105.19084930419922,26188100,2015-11-19
2015-11-20 14:30:00+00:00,114.25,114.56999969482422,114.13999938964844,114.4800033569336,105.90316009521484,22727600,2015-11-20
2015-11-23 14:30:00+00:00,114.5199966430664,114.94000244140625,113.66000366210938,114.1500015258789,105.5978775024414,20696200,2015-11-23
2015-11-24 14:30:00+00:00,113.41000366210938,114.31999969482422,112.83999633789062,114.05000305175781,105.50537109375,26374400,2015-11-24
2015-11-25 14:30:00+00:00,114.22000122070312,114.36000061035156,113.91000366210938,114.1500015258789,105.5978775024414,14159900,2015-11-25
2015-11-27 14:30:00+00:00,114.4000015258789,114.54000091552734,113.91999816894531,114.30999755859375,105.74586486816406,8828000,2015-11-27
2015-11-30 14:30:00+00:00,114.6500015258789,114.6500015258789,113.6500015258789,114.0199966430664,105.47760009765625,25041600,2015-11-30
2015-12-01 14:30:00+00:00,114.4800033569336,115.16000366210938,114.33999633789062,115.16000366210938,106.53223419189453,28639400,2015-12-01
2015-12-02 14:30:00+00:00,115.25,115.75,114.27999877929688,114.44999694824219,105.87539672851562,22395500,2015-12-02
2015-12-03 14:30:00+00:00,114.76000213623047,114.95999908447266,111.83999633789062,112.51000213623047,104.08074951171875,42754300,2015-12-03
2015-12-04 14:30:00+00:00,112.8499984741211,115.33000183105469,112.62000274658203,115.13999938964844,106.51371765136719,40037300,2015-12-04
2015-12-07 14:30:00+00:00,115.22000122070312,115.29000091552734,114.06999969482422,114.62000274658203,106.03267669677734,25892100,2015-12-07
2015-12-08 14:30:00+00:00,113.41999816894531,115.0,113.37999725341797,114.62999725341797,106.04192352294922,30792600,2015-12-08
2015-12-09 14:30:00+00:00,114.12999725341797,114.76000213623047,112.19999694824219,112.88999938964844,104.43228149414062,48509200,2015-12-09
2015-12-10 14:30:00+00:00,113.1500015258789,114.16000366210938,112.80999755859375,113.4000015258789,104.90403747558594,30154600,2015-12-10
2015-12-11 14:30:00+00:00,112.08999633789062,112.38999938964844,110.72000122070312,110.79000091552734,102.48960876464844,56022200,2015-12-11
2015-12-14 14:30:00+00:00,110.94000244140625,111.68000030517578,109.37999725341797,111.62999725341797,103.26666259765625,53098500,2015-12-14
2015-12-15 14:30:00+00:00,112.66000366210938,113.27999877929688,112.16999816894531,112.30999755859375,103.89574432373047,48428000,2015-12-15
2015-12-16 14:30:00+00:00,113.06999969482422,114.16999816894531,111.88999938964844,113.9800033569336,105.44063568115234,44944100,2015-12-16
2015-12-17 14:30:00+00:00,114.4800033569336,114.4800033569336,112.30000305175781,112.31999969482422,103.90498352050781,45668800,2015-12-17
2015-12-18 14:30:00+00:00,111.62999725341797,111.87999725341797,109.83000183105469,109.83000183105469,101.91181945800781,53746100,2015-12-18
2015-12-21 14:30:00+00:00,110.87000274658203,111.06999969482422,110.05000305175781,111.05000305175781,103.04389953613281,26432800,2015-12-21
2015-12-22 14:30:00+00:00,111.63999938964844,111.94000244140625,111.05000305175781,111.77999877929688,103.72126007080078,26540300,2015-12-22
2015-12-23 14:30:00+00:00,112.36000061035156,112.69000244140625,112.16000366210938,112.61000061035156,104.49141693115234,25656900,2015-12-23
2015-12-24 14:30:00+00:00,112.61000061035156,112.9000015258789,112.54000091552734,112.58999633789062,104.47286224365234,11468600,2015-12-24
2015-12-28 14:30:00+00:00,112.31999969482422,112.55000305175781,111.51000213623047,112.52999877929688,104.41716766357422,19183600,2015-12-28
2015-12-29 14:30:00+00:00,113.19999694824219,114.55000305175781,113.12999725341797,114.30000305175781,106.05956268310547,27725700,2015-12-29
2015-12-30 14:30:00+00:00,114.19999694824219,114.23999786376953,113.25,113.2699966430664,105.10382080078125,19520100,2015-12-30
2015-12-31 14:30:00+00:00,112.87000274658203,113.08000183105469,111.83999633789062,111.86000061035156,103.79551696777344,29886800,2015-12-31
2016-01-04 14:30:00+00:00,109.44999694824219,109.5999984741211,108.12000274658203,109.5,101.60564422607422,50807600,2016-01-04
2016-01-05 14:30:00+00:00,110.04000091552734,110.18000030517578,108.80000305175781,109.30999755859375,101.4293212890625,38795200,2016-01-05
2016-01-06 14:30:00+00:00,107.41000366210938,108.88999938964844,107.41000366210938,108.26000213623047,100.45504760742188,41891100,2016-01-06
2016-01-07 14:30:00+00:00,105.94999694824219,107.29000091552734,104.80999755859375,104.87000274658203,97.30944061279297,61386300,2016-01-07
2016-01-08 14:30:00+00:00,105.62999725341797,106.29000091552734,103.9000015258789,104.01000213623047,96.51143646240234,69344000,2016-01-08
2016-01-11 14:30:00+00:00,104.75,105.05999755859375,102.7300033569336,104.33000183105469,96.80836486816406,50024100,2016-01-11
2016-01-12 14:30:00+00:00,105.33000183105469,106.08000183105469,104.08000183105469,105.54000091552734,97.9311294555664,46734200,2016-01-12
2016-01-13 14:30:00+00:00,105.97000122070312,106.2300033569336,101.73999786376953,101.9000015258789,94.55355072021484,69870700,2016-01-13
2016-01-14 14:30:00+00:00,102.30000305175781,104.9800033569336,100.66999816894531,104.06999969482422,96.56713104248047,78445700,2016-01-14
2016-01-15 14:30:00+00:00,100.62000274658203,101.94000244140625,99.51000213623047,100.83999633789062,93.5699691772461,91443900,2016-01-15
2016-01-19 14:30:00+00:00,102.20999908447266,102.37000274658203,99.87999725341797,101.05999755859375,93.77410125732422,56563800,2016-01-19
2016-01-20 14:30:00+00:00,99.47000122070312,101.83000183105469,97.25,100.75,93.4864730834961,86675000,2016-01-20
2016-01-21 14:30:00+00:00,101.18000030517578,102.3499984741211,99.81999969482422,100.8499984741211,93.5792465209961,61660100,2016-01-21
2016-01-22 14:30:00+00:00,102.87999725341797,103.80999755859375,102.52999877929688,103.7699966430664,96.28871154785156,42229800,2016-01-22
2016-01-25 14:30:00+00:00,103.4000015258789,103.98999786376953,102.13999938964844,102.2300033569336,94.85975646972656,38881500,2016-01-25
2016-01-26 14:30:00+00:00,102.66000366210938,103.58999633789062,101.76000213623047,103.1500015258789,95.71343231201172,36143900,2016-01-26
2016-01-27 14:30:00+00:00,102.55000305175781,102.98999786376953,100.1500015258789,100.58000183105469,93.32874298095703,54524700,2016-01-27
2016-01-28 14:30:00+00:00,102.25,102.29000091552734,100.26000213623047,102.0,94.6463623046875,47641500,2016-01-28
2016-01-29 14:30:00+00:00,101.97000122070312,104.16999816894531,101.94000244140625,104.12999725341797,96.62277221679688,54245100,2016-01-29
2016-02-01 14:30:00+00:00,103.62999725341797,104.80000305175781,103.2300033569336,104.41000366210938,96.8825912475586,32750300,2016-02-01
2016-02-02 14:30:00+00:00,103.93000030517578,103.97000122070312,101.83999633789062,102.1500015258789,94.78553009033203,44928100,2016-02-02
2016-02-03 14:30:00+00:00,102.83000183105469,102.83000183105469,99.87999725341797,101.66000366210938,94.33085632324219,61572900,2016-02-03
2016-02-04 14:30:00+00:00,101.38999938964844,102.45999908447266,100.44000244140625,101.6500015258789,94.32159423828125,49321600,2016-02-04
2016-02-05 14:30:00+00:00,101.29000091552734,101.33000183105469,97.72000122070312,98.12000274658203,91.04611206054688,70749900,2016-02-05
2016-02-08 14:30:00+00:00,96.29000091552734,97.05000305175781,94.83999633789062,96.62000274658203,89.65423583984375,91673100,2016-02-08
2016-02-09 14:30:00+00:00,95.33000183105469,97.77999877929688,95.18000030517578,96.31999969482422,89.37582397460938,73778400,2016-02-09
2016-02-10 14:30:00+00:00,97.43000030517578,98.69000244140625,96.62000274658203,96.69000244140625,89.71916961669922,59421700,2016-02-10
2016-02-11 14:30:00+00:00,95.45999908447266,97.31999969482422,95.19000244140625,96.55000305175781,89.5892562866211,76839200,2016-02-11
2016-02-12 14:30:00+00:00,97.63999938964844,98.12000274658203,96.7300033569336,98.0199966430664,90.9532699584961,49186500,2016-02-12
2016-02-16 14:30:00+00:00,99.47000122070312,100.2300033569336,98.8499984741211,100.2300033569336,93.00393676757812,40565900,2016-02-16
2016-02-17 14:30:00+00:00,100.95999908447266,102.63999938964844,100.69999694824219,102.5,95.11029815673828,41766500,2016-02-17
2016-02-18 14:30:00+00:00,102.81999969482422,102.83999633789062,101.19999694824219,101.33000183105469,94.02464294433594,38991500,2016-02-18
2016-02-19 14:30:00+00:00,100.83999633789062,101.94000244140625,100.62000274658203,101.62999725341797,94.30300903320312,28257900,2016-02-19
2016-02-22 14:30:00+00:00,102.58000183105469,103.37999725341797,102.4800033569336,103.27999877929688,95.83409881591797,23979100,2016-02-22
2016-02-23 14:30:00+00:00,102.68000030517578,102.95999908447266,101.51000213623047,101.58000183105469,94.2566146850586,29869700,2016-02-23
2016-02-24 14:30:00+00:00,100.38999938964844,102.68000030517578,99.7699966430664,102.55000305175781,95.15667724609375,40739100,2016-02-24
2016-02-25 14:30:00+00:00,102.76000213623047,103.55999755859375,101.83999633789062,103.55999755859375,96.0938720703125,29389300,2016-02-25
2016-02-26 14:30:00+00:00,104.3499984741211,104.37000274658203,103.18000030517578,103.43000030517578,95.97322845458984,30925000,2016-02-26
2016-02-29 14:30:00+00:00,103.33000183105469,104.0999984741211,102.5,102.5,95.11029815673828,27553900,2016-02-29
2016-03-01 14:30:00+00:00,103.4800033569336,105.79000091552734,103.16000366210938,105.79000091552734,98.16307067871094,37699800,2016-03-01
2016-03-02 14:30:00+00:00,105.66000366210938,105.8499984741211,105.01000213623047,105.83000183105469,98.20024108886719,29209800,2016-03-02
2016-03-03 14:30:00+00:00,105.72000122070312,105.75,104.87000274658203,105.62999725341797,98.01465606689453,25474600,2016-03-03
2016-03-04 14:30:00+00:00,105.75,106.3499984741211,104.97000122070312,105.66999816894531,98.05176544189453,31655400,2016-03-04
2016-03-07 14:30:00+00:00,105.12999725341797,105.73999786376953,104.2699966430664,105.0199966430664,97.44862365722656,25861200,2016-03-07
2016-03-08 14:30:00+00:00,104.30000305175781,105.20999908447266,103.97000122070312,104.1500015258789,96.6413345336914,28898500,2016-03-08
2016-03-09 14:30:00+00:00,104.54000091552734,104.83999633789062,103.95999908447266,104.81999969482422,97.26301574707031,31047400,2016-03-09
2016-03-10 14:30:00+00:00,105.26000213623047,105.86000061035156,103.30999755859375,104.66000366210938,97.11456298828125,44236100,2016-03-10
2016-03-11 14:30:00+00:00,105.79000091552734,106.48999786376953,105.45999908447266,106.48999786376953,98.81263732910156,31454000,2016-03-11
2016-03-14 13:30:00+00:00,106.08999633789062,106.91999816894531,106.05999755859375,106.66999816894531,98.97964477539062,25374900,2016-03-14
2016-03-15 13:30:00+00:00,106.29000091552734,106.75,105.94999694824219,106.62999725341797,98.94254302978516,26524600,2016-03-15
2016-03-16 13:30:00+00:00,106.37000274658203,107.86000061035156,106.33999633789062,107.58000183105469,99.82404327392578,31693100,2016-03-16
2016-03-17 13:30:00+00:00,107.2699966430664,107.7699966430664,106.87000274658203,107.5199966430664,99.76838684082031,29623700,2016-03-17
2016-03-18 13:30:00+00:00,107.45999908447266,107.63999938964844,106.80000305175781,107.37000274658203,99.92473602294922,37682300,2016-03-18
2016-03-21 13:30:00+00:00,107.18000030517578,107.88999938964844,107.12000274658203,107.79000091552734,100.31560516357422,17288600,2016-03-21
2016-03-22 13:30:00+00:00,107.18000030517578,108.37000274658203,107.16000366210938,108.12000274658203,100.62271881103516,18840300,2016-03-22
2016-03-23 13:30:00+00:00,107.91000366210938,107.98999786376953,106.98999786376953,107.2300033569336,99.79442596435547,20912900,2016-03-23
2016-03-24 13:30:00+00:00,106.70999908447266,107.29000091552734,106.52999877929688,107.26000213623047,99.82234954833984,19017300,2016-03-24
2016-03-28 13:30:00+00:00,107.55999755859375,107.58000183105469,106.91999816894531,107.11000061035156,99.68276977539062,13892300,2016-03-28
2016-03-29 13:30:00+00:00,106.91000366210938,108.9000015258789,106.7300033569336,108.83000183105469,101.28347778320312,29963900,2016-03-29
2016-03-30 13:30:00+00:00,109.4800033569336,110.04000091552734,109.12999725341797,109.36000061035156,101.7767333984375,23807200,2016-03-30
2016-03-31 13:30:00+00:00,109.27999877929688,109.69000244140625,109.02999877929688,109.19999694824219,101.62781524658203,21447200,2016-03-31
2016-04-01 13:30:00+00:00,108.54000091552734,110.4000015258789,108.38999938964844,110.36000061035156,102.7074203491211,26389000,2016-04-01
2016-04-04 13:30:00+00:00,110.36000061035156,110.44000244140625,109.68000030517578,109.94000244140625,102.31652069091797,17163000,2016-04-04
2016-04-05 13:30:00+00:00,109.08999633789062,109.5,108.73999786376953,108.87999725341797,101.33001708984375,20107900,2016-04-05
2016-04-06 13:30:00+00:00,108.98999786376953,110.70999908447266,108.98999786376953,110.66999816894531,102.99589538574219,25056000,2016-04-06
2016-04-07 13:30:00+00:00,110.02999877929688,110.2300033569336,108.61000061035156,109.08000183105469,101.51615905761719,28567200,2016-04-07
2016-04-08 13:30:00+00:00,109.76000213623047,110.0199966430664,108.62000274658203,109.0,101.44171142578125,22898000,2016-04-08
2016-04-11 13:30:00+00:00,109.47000122070312,110.0199966430664,108.58999633789062,108.5999984741211,101.06944274902344,25772100,2016-04-11
2016-04-12 13:30:00+00:00,108.68000030517578,109.72000122070312,108.0199966430664,109.51000213623047,101.91633605957031,28564100,2016-04-12
2016-04-13 13:30:00+00:00,110.3499984741211,111.08000183105469,110.20999908447266,110.91000366210938,103.21924591064453,25356700,2016-04-13
2016-04-14 13:30:00+00:00,110.93000030517578,111.33000183105469,110.0,110.91999816894531,103.22857666015625,17199700,2016-04-14
2016-04-15 13:30:00+00:00,110.83000183105469,111.05999755859375,110.36000061035156,110.63999938964844,102.9679946899414,21353300,2016-04-15
2016-04-18 13:30:00+00:00,110.31999969482422,111.2699966430664,110.25,111.2300033569336,103.51710510253906,17126100,2016-04-18
2016-04-19 13:30:00+00:00,111.44000244140625,111.44000244140625,109.87999725341797,110.55000305175781,102.88424682617188,42481400,2016-04-19
2016-04-20 13:30:00+00:00,110.55000305175781,111.1500015258789,110.16999816894531,110.63999938964844,102.9679946899414,18078300,2016-04-20
2016-04-21 13:30:00+00:00,110.58000183105469,111.05000305175781,110.1500015258789,110.6500015258789,102.97727966308594,20216000,2016-04-21
2016-04-22 13:30:00+00:00,109.20999908447266,109.72000122070312,108.12000274658203,108.9800033569336,101.42308807373047,39074000,2016-04-22
2016-04-25 13:30:00+00:00,108.6500015258789,108.98999786376953,108.44999694824219,108.9800033569336,101.42308807373047,14351900,2016-04-25
2016-04-26 13:30:00+00:00,109.20999908447266,109.38999938964844,108.12000274658203,108.44999694824219,100.92984008789062,19118300,2016-04-26
2016-04-27 13:30:00+00:00,107.33999633789062,107.83000183105469,106.69000244140625,107.58000183105469,100.12016296386719,33059800,2016-04-27
2016-04-28 13:30:00+00:00,107.69999694824219,108.33000183105469,106.06999969482422,106.27999877929688,98.91031646728516,29818200,2016-04-28
2016-04-29 13:30:00+00:00,106.27999877929688,106.5,104.87999725341797,105.72000122070312,98.38916015625,67502800,2016-04-29
2016-05-02 13:30:00+00:00,105.98999786376953,106.87000274658203,105.55000305175781,106.72000122070312,99.31980895996094,24813800,2016-05-02
2016-05-03 13:30:00+00:00,105.95999908447266,106.44000244140625,105.44999694824219,105.7300033569336,98.3984375,38569400,2016-05-03
2016-05-04 13:30:00+00:00,105.08999633789062,105.4800033569336,104.79000091552734,105.05000305175781,97.76560974121094,27474500,2016-05-04
2016-05-05 13:30:00+00:00,105.43000030517578,105.66000366210938,104.80999755859375,105.0199966430664,97.73770141601562,20788100,2016-05-05
2016-05-06 13:30:00+00:00,104.5,105.5999984741211,104.4000015258789,105.58000183105469,98.25887298583984,30758500,2016-05-06
2016-05-09 13:30:00+00:00,105.58999633789062,106.37000274658203,105.54000091552734,105.87999725341797,98.53804779052734,19289600,2016-05-09
2016-05-10 13:30:00+00:00,106.26000213623047,107.37999725341797,106.06999969482422,107.33000183105469,99.88750457763672,21178900,2016-05-10
2016-05-11 13:30:00+00:00,107.16999816894531,107.48999786376953,106.33000183105469,106.36000061035156,98.9847640991211,20966300,2016-05-11
2016-05-12 13:30:00+00:00,106.61000061035156,106.73999786376953,105.13999938964844,105.88999938964844,98.5473403930664,29196300,2016-05-12
2016-05-13 13:30:00+00:00,105.80000305175781,106.44999694824219,105.29000091552734,105.5,98.18436431884766,21059300,2016-05-13
2016-05-16 13:30:00+00:00,105.66000366210938,107.20999908447266,105.55999755859375,106.81999969482422,99.41288757324219,18311900,2016-05-16
2016-05-17 13:30:00+00:00,106.7300033569336,107.04000091552734,105.19999694824219,105.4800033569336,98.165771484375,29932700,2016-05-17
2016-05-18 13:30:00+00:00,105.23999786376953,106.43000030517578,105.04000091552734,105.86000061035156,98.51941680908203,27524400,2016-05-18
2016-05-19 13:30:00+00:00,105.44999694824219,105.70999908447266,104.54000091552734,105.30999755859375,98.00757598876953,27334600,2016-05-19
2016-05-20 13:30:00+00:00,105.7300033569336,106.9000015258789,105.66999816894531,106.47000122070312,99.08714294433594,29549600,2016-05-20
2016-05-23 13:30:00+00:00,106.58999633789062,106.97000122070312,106.2300033569336,106.33000183105469,98.95683288574219,15729800,2016-05-23
2016-05-24 13:30:00+00:00,106.91999816894531,108.58999633789062,106.88999938964844,108.45999908447266,100.93914031982422,29931300,2016-05-24
2016-05-25 13:30:00+00:00,108.87000274658203,109.56999969482422,108.68000030517578,109.23999786376953,101.66508483886719,37951700,2016-05-25
2016-05-26 13:30:00+00:00,109.3499984741211,109.69999694824219,109.08999633789062,109.55999755859375,101.96286010742188,21885900,2016-05-26
2016-05-27 13:30:00+00:00,109.62999725341797,110.13999938964844,109.61000061035156,110.12999725341797,102.49335479736328,19870000,2016-05-27
2016-05-31 13:30:00+00:00,110.27999877929688,110.51000213623047,109.77999877929688,110.33999633789062,102.68878173828125,24366100,2016-05-31
2016-06-01 13:30:00+00:00,110.0,110.5999984741211,109.91000366210938,110.3499984741211,102.69805145263672,19571500,2016-06-01
2016-06-02 13:30:00+00:00,110.12999725341797,110.58999633789062,109.52999877929688,110.58000183105469,102.91217041015625,15696600,2016-06-02
2016-06-03 13:30:00+00:00,110.37000274658203,110.41999816894531,109.33999633789062,110.05999755859375,102.4281997680664,20269900,2016-06-03
2016-06-06 13:30:00+00:00,110.26000213623047,110.75,110.06999969482422,110.45999908447266,102.80046844482422,12502400,2016-06-06
2016-06-07 13:30:00+00:00,110.5199966430664,110.62999725341797,110.12999725341797,110.18000030517578,102.53987884521484,12184300,2016-06-07
2016-06-08 13:30:00+00:00,110.37000274658203,110.5999984741211,109.95999908447266,110.37000274658203,102.7166976928711,14568700,2016-06-08
2016-06-09 13:30:00+00:00,109.91999816894531,110.30999755859375,109.70999908447266,110.19000244140625,102.54918670654297,17571600,2016-06-09
2016-06-10 13:30:00+00:00,109.19000244140625,109.4000015258789,108.55999755859375,108.94000244140625,101.3858642578125,32965000,2016-06-10
2016-06-13 13:30:00+00:00,108.31999969482422,108.93000030517578,107.88999938964844,108.02999877929688,100.53893280029297,25154700,2016-06-13
2016-06-14 13:30:00+00:00,107.73999786376953,108.41999816894531,107.23999786376953,108.02999877929688,100.53893280029297,24588500,2016-06-14
2016-06-15 13:30:00+00:00,108.29000091552734,108.44000244140625,107.54000091552734,107.72000122070312,100.25045776367188,24605700,2016-06-15
2016-06-16 13:30:00+00:00,107.19000244140625,108.13999938964844,106.5,108.04000091552734,100.54826354980469,32079900,2016-06-16
2016-06-17 13:30:00+00:00,107.52999877929688,107.68000030517578,106.23999786376953,106.48999786376953,99.36970520019531,29208800,2016-06-17
2016-06-20 13:30:00+00:00,107.7300033569336,108.23999786376953,107.08000183105469,107.16000366210938,99.99491882324219,20562800,2016-06-20
2016-06-21 13:30:00+00:00,107.30000305175781,107.72000122070312,107.0999984741211,107.5,100.31218719482422,22804100,2016-06-21
2016-06-22 13:30:00+00:00,107.55999755859375,108.19000244140625,107.1500015258789,107.23999786376953,100.06959533691406,22724200,2016-06-22
2016-06-23 13:30:00+00:00,108.06999969482422,108.79000091552734,107.62000274658203,108.7699966430664,101.49726867675781,18714200,2016-06-23
2016-06-24 13:30:00+00:00,104.9000015258789,106.5,104.05999755859375,104.29000091552734,97.3167953491211,68012700,2016-06-24
2016-06-27 13:30:00+00:00,103.5999984741211,103.5999984741211,101.75,102.22000122070312,95.3852310180664,48222600,2016-06-27
2016-06-28 13:30:00+00:00,103.3499984741211,104.51000213623047,103.30000305175781,104.45999908447266,97.47545623779297,28260600,2016-06-28
2016-06-29 13:30:00+00:00,105.27999877929688,106.52999877929688,105.2300033569336,106.30999755859375,99.20175170898438,31356700,2016-06-29
2016-06-30 13:30:00+00:00,106.48999786376953,107.61000061035156,106.12999725341797,107.54000091552734,100.34951782226562,36300800,2016-06-30
2016-07-01 13:30:00+00:00,107.48999786376953,108.4800033569336,107.44999694824219,108.08000183105469,100.85340118408203,19902800,2016-07-01
2016-07-05 13:30:00+00:00,107.51000213623047,107.66000366210938,106.83999633789062,107.41999816894531,100.237548828125,21167900,2016-07-05
2016-07-06 13:30:00+00:00,106.91000366210938,108.3499984741211,106.56999969482422,108.30000305175781,101.0586929321289,24579300,2016-07-06
2016-07-07 13:30:00+00:00,108.4000015258789,108.86000061035156,108.11000061035156,108.62000274658203,101.3572998046875,19161700,2016-07-07
2016-07-08 13:30:00+00:00,109.19999694824219,110.36000061035156,109.0199966430664,110.30000305175781,102.92495727539062,29457900,2016-07-08
2016-07-11 13:30:00+00:00,110.66999816894531,111.33999633789062,110.66000366210938,110.93000030517578,103.51285552978516,20218500,2016-07-11
2016-07-12 13:30:00+00:00,111.61000061035156,111.79000091552734,111.33999633789062,111.48999786376953,104.03536987304688,21906100,2016-07-12
2016-07-13 13:30:00+00:00,111.75,111.81999969482422,111.20999908447266,111.22000122070312,103.78343963623047,21107800,2016-07-13
2016-07-14 13:30:00+00:00,111.95999908447266,112.19000244140625,111.69999694824219,111.9800033569336,104.49263000488281,20871000,2016-07-14
2016-07-15 13:30:00+00:00,112.23999786376953,112.30000305175781,111.55000305175781,111.80000305175781,104.32466888427734,17999300,2016-07-15
2016-07-18 13:30:00+00:00,111.87000274658203,112.73999786376953,111.8499984741211,112.54000091552734,105.01520538330078,20713900,2016-07-18
2016-07-19 13:30:00+00:00,112.1500015258789,112.4800033569336,111.93000030517578,112.12999725341797,104.63259887695312,18936700,2016-07-19
2016-07-20 13:30:00+00:00,112.73999786376953,113.6500015258789,112.5999984741211,113.44000244140625,105.85501861572266,24997900,2016-07-20
2016-07-21 13:30:00+00:00,113.5199966430664,113.73999786376953,112.87000274658203,113.18000030517578,105.61238098144531,18885400,2016-07-21
2016-07-22 13:30:00+00:00,113.26000213623047,113.77999877929688,112.91000366210938,113.6500015258789,106.05097198486328,20003400,2016-07-22
2016-07-25 13:30:00+00:00,113.55999755859375,113.69000244140625,113.27999877929688,113.66000366210938,106.06031799316406,12968100,2016-07-25
2016-07-26 13:30:00+00:00,113.62000274658203,114.19999694824219,113.22000122070312,113.79000091552734,106.181640625,21223800,2016-07-26
2016-07-27 13:30:00+00:00,114.75,114.87999725341797,114.0999984741211,114.58000183105469,106.91877746582031,27646100,2016-07-27
2016-07-28 13:30:00+00:00,114.76000213623047,115.11000061035156,114.4000015258789,114.9800033569336,107.29203796386719,16939700,2016-07-28
2016-07-29 13:30:00+00:00,115.23999786376953,115.54000091552734,114.87000274658203,115.2300033569336,107.52532958984375,22385300,2016-07-29
2016-08-01 13:30:00+00:00,115.30999755859375,116.12999725341797,115.16999816894531,115.83999633789062,108.09453582763672,13990100,2016-08-01
2016-08-02 13:30:00+00:00,115.66999816894531,115.7699966430664,114.22000122070312,114.95999908447266,107.27337646484375,21278400,2016-08-02
2016-08-03 13:30:00+00:00,114.87000274658203,115.3499984741211,114.80000305175781,115.33999633789062,107.62797546386719,15011300,2016-08-03
2016-08-04 13:30:00+00:00,115.30000305175781,115.77999877929688,115.02999877929688,115.66999816894531,107.93592071533203,12835300,2016-08-04
2016-08-05 13:30:00+00:00,116.26000213623047,117.04000091552734,116.12999725341797,116.77999877929688,108.97168731689453,23196600,2016-08-05
2016-08-08 13:30:00+00:00,116.83999633789062,116.87000274658203,116.27999877929688,116.6500015258789,108.85038757324219,12358200,2016-08-08
2016-08-09 13:30:00+00:00,116.73999786376953,117.29000091552734,116.66999816894531,116.91999816894531,109.10234069824219,13276500,2016-08-09
2016-08-10 13:30:00+00:00,116.98999786376953,117.0199966430664,116.30999755859375,116.62000274658203,108.82238006591797,14688400,2016-08-10
2016-08-11 13:30:00+00:00,117.0199966430664,117.37000274658203,116.77999877929688,117.12000274658203,109.2889404296875,12969800,2016-08-11
2016-08-12 13:30:00+00:00,116.91999816894531,117.20999908447266,116.79000091552734,117.19999694824219,109.36360168457031,19379000,2016-08-12
2016-08-15 13:30:00+00:00,117.3499984741211,117.97000122070312,117.30999755859375,117.69999694824219,109.83015441894531,11777800,2016-08-15
2016-08-16 13:30:00+00:00,117.4800033569336,117.48999786376953,117.02999877929688,117.05000305175781,109.2236328125,14161400,2016-08-16
2016-08-17 13:30:00+00:00,117.08000183105469,117.30000305175781,116.43000030517578,117.26000213623047,109.41960144042969,15980300,2016-08-17
2016-08-18 13:30:00+00:00,117.1500015258789,117.45999908447266,116.94999694824219,117.29000091552734,109.44756317138672,10036300,2016-08-18
2016-08-19 13:30:00+00:00,117.08000183105469,117.5199966430664,116.76000213623047,117.26000213623047,109.41960144042969,18743000,2016-08-19
2016-08-22 13:30:00+00:00,117.08999633789062,117.55000305175781,116.87000274658203,117.3499984741211,109.50357818603516,14500600,2016-08-22
2016-08-23 13:30:00+00:00,117.80999755859375,118.01000213623047,117.51000213623047,117.55999755859375,109.69953918457031,11997900,2016-08-23
2016-08-24 13:30:00+00:00,117.4800033569336,117.63999938964844,116.41000366210938,116.80000305175781,108.99036407470703,17728700,2016-08-24
2016-08-25 13:30:00+00:00,116.5,116.97000122070312,116.36000061035156,116.61000061035156,108.81305694580078,24266300,2016-08-25
2016-08-26 13:30:00+00:00,116.6500015258789,117.54000091552734,116.08000183105469,116.77999877929688,108.97168731689453,23896000,2016-08-26
2016-08-29 13:30:00+00:00,116.80999755859375,117.25,116.79000091552734,116.94000244140625,109.1209945678711,11184900,2016-08-29
2016-08-30 13:30:00+00:00,116.75,117.08999633789062,116.16000366210938,116.55999755859375,108.76642608642578,19843300,2016-08-30
2016-08-31 13:30:00+00:00,116.37999725341797,116.55999755859375,115.94999694824219,116.44000244140625,108.65440368652344,16169800,2016-08-31
2016-09-01 13:30:00+00:00,116.4800033569336,116.87999725341797,115.91000366210938,116.73999786376953,108.93437194824219,20944700,2016-09-01
2016-09-02 13:30:00+00:00,117.31999969482422,117.55999755859375,116.68000030517578,117.12000274658203,109.2889404296875,18088200,2016-09-02
2016-09-06 13:30:00+00:00,117.31999969482422,117.8499984741211,117.05999755859375,117.8499984741211,109.97015380859375,18525200,2016-09-06
2016-09-07 13:30:00+00:00,117.95999908447266,118.12000274658203,117.47000122070312,117.91999816894531,110.03545379638672,17546900,2016-09-07
2016-09-08 13:30:00+00:00,117.56999969482422,117.5999984741211,116.91999816894531,117.2300033569336,109.39161682128906,20125300,2016-09-08
2016-09-09 13:30:00+00:00,116.25,116.51000213623047,114.26000213623047,114.27999877929688,106.63885498046875,50813300,2016-09-09
2016-09-12 13:30:00+00:00,113.63999938964844,116.48999786376953,113.62999725341797,116.33000183105469,108.55178833007812,39646000,2016-09-12
2016-09-13 13:30:00+00:00,115.75,116.08999633789062,114.7300033569336,115.29000091552734,107.5813217163086,45863900,2016-09-13
2016-09-14 13:30:00+00:00,115.41000366210938,116.47000122070312,115.37999725341797,115.83999633789062,108.09453582763672,28221800,2016-09-14
2016-09-15 13:30:00+00:00,115.87000274658203,117.81999969482422,115.86000061035156,117.63999938964844,109.77417755126953,38521400,2016-09-15
2016-09-16 13:30:00+00:00,117.22000122070312,117.41000366210938,116.70999908447266,117.29000091552734,109.72177124023438,27596500,2016-09-16
2016-09-19 13:30:00+00:00,117.58999633789062,117.94999694824219,116.55000305175781,116.77999877929688,109.24471282958984,16222900,2016-09-19
2016-09-20 13:30:00+00:00,117.19999694824219,117.4800033569336,116.80000305175781,117.0,109.4505386352539,18078600,2016-09-20
2016-09-21 13:30:00+00:00,117.5,118.31999969482422,116.80999755859375,118.1500015258789,110.52632141113281,31546800,2016-09-21
2016-09-22 13:30:00+00:00,118.83999633789062,119.22000122070312,118.72000122070312,119.08999633789062,111.40564727783203,22614400,2016-09-22
2016-09-23 13:30:00+00:00,119.0,119.0,118.16000366210938,118.33000183105469,110.6947021484375,22213400,2016-09-23
2016-09-26 13:30:00+00:00,117.66000366210938,117.80000305175781,117.16999816894531,117.33999633789062,109.7685775756836,16403900,2016-09-26
2016-09-27 13:30:00+00:00,117.26000213623047,118.55999755859375,117.1500015258789,118.5,110.85371398925781,20238400,2016-09-27
2016-09-28 13:30:00+00:00,118.6500015258789,118.7699966430664,118.08999633789062,118.69999694824219,111.04084014892578,14794300,2016-09-28
2016-09-29 13:30:00+00:00,118.5,118.72000122070312,117.33000183105469,117.83999633789062,110.236328125,27207500,2016-09-29
2016-09-30 13:30:00+00:00,118.1500015258789,119.06999969482422,118.02999877929688,118.72000122070312,111.0595474243164,25543200,2016-09-30
2016-10-03 13:30:00+00:00,118.56999969482422,118.69999694824219,118.08999633789062,118.55000305175781,110.9004898071289,19216400,2016-10-03
2016-10-04 13:30:00+00:00,118.9000015258789,119.16000366210938,117.91999816894531,118.37000274658203,110.73210906982422,21239700,2016-10-04
2016-10-05 13:30:00+00:00,118.72000122070312,119.16999816894531,118.66999816894531,118.79000091552734,111.1250228881836,14481300,2016-10-05
2016-10-06 13:30:00+00:00,118.63999938964844,118.9800033569336,118.1500015258789,118.7300033569336,111.06890869140625,11987100,2016-10-06
2016-10-07 13:30:00+00:00,118.83999633789062,119.01000213623047,117.88999938964844,118.47000122070312,110.82567596435547,19984200,2016-10-07
2016-10-10 13:30:00+00:00,119.08000183105469,119.4800033569336,119.02999877929688,119.22000122070312,111.52727508544922,19687300,2016-10-10
2016-10-11 13:30:00+00:00,119.12000274658203,119.13999938964844,117.0,117.5199966430664,109.93694305419922,27774400,2016-10-11
2016-10-12 13:30:00+00:00,117.62999725341797,117.81999969482422,117.05999755859375,117.41999816894531,109.8434066772461,14267800,2016-10-12
2016-10-13 13:30:00+00:00,116.62000274658203,117.31999969482422,115.94000244140625,117.0,109.4505386352539,22821000,2016-10-13
2016-10-14 13:30:00+00:00,117.58000183105469,118.05000305175781,117.06999969482422,117.13999938964844,109.58145904541016,21313300,2016-10-14
2016-10-17 13:30:00+00:00,117.04000091552734,117.30000305175781,116.66999816894531,116.81999969482422,109.28215026855469,14182700,2016-10-17
2016-10-18 13:30:00+00:00,118.20999908447266,118.41000366210938,117.80000305175781,117.86000061035156,110.25503540039062,19276700,2016-10-18
2016-10-19 13:30:00+00:00,117.7699966430664,118.0199966430664,117.63999938964844,117.8499984741211,110.24567413330078,13702900,2016-10-19
2016-10-20 13:30:00+00:00,117.7300033569336,117.97000122070312,117.02999877929688,117.70999908447266,110.11470794677734,18132200,2016-10-20
2016-10-21 13:30:00+00:00,117.80000305175781,118.22000122070312,117.41000366210938,118.1500015258789,110.52632141113281,15707800,2016-10-21
2016-10-24 13:30:00+00:00,118.91000366210938,119.6500015258789,118.88999938964844,119.56999969482422,111.8547134399414,19143000,2016-10-24
2016-10-25 13:30:00+00:00,119.63999938964844,119.66000366210938,119.01000213623047,119.19000244140625,111.49921417236328,20341800,2016-10-25
2016-10-26 13:30:00+00:00,118.41999816894531,119.02999877929688,118.02999877929688,118.37999725341797,110.7414779663086,20463700,2016-10-26
2016-10-27 13:30:00+00:00,118.88999938964844,118.98999786376953,117.66999816894531,117.83999633789062,110.236328125,19099800,2016-10-27
2016-10-28 13:30:00+00:00,117.5,118.11000061035156,116.73999786376953,117.0999984741211,109.54405212402344,35369300,2016-10-28
2016-10-31 13:30:00+00:00,117.52999877929688,117.52999877929688,116.93000030517578,116.98999786376953,109.44115447998047,18749400,2016-10-31
2016-11-01 13:30:00+00:00,117.19000244140625,117.20999908447266,115.0999984741211,116.11000061035156,108.61792755126953,23498700,2016-11-01
2016-11-02 13:30:00+00:00,116.02999877929688,116.30000305175781,114.88999938964844,115.18000030517578,107.74796295166016,26960100,2016-11-02
2016-11-03 13:30:00+00:00,114.98999786376953,115.37000274658203,113.91999816894531,114.05000305175781,106.69087982177734,36205200,2016-11-03
2016-11-04 13:30:00+00:00,113.7699966430664,114.54000091552734,113.44999694824219,113.6500015258789,106.3166732788086,26997500,2016-11-04
2016-11-07 14:30:00+00:00,115.48999786376953,116.47000122070312,115.30000305175781,116.3499984741211,108.84244537353516,26591200,2016-11-07
2016-11-08 14:30:00+00:00,116.2300033569336,117.63999938964844,115.95999908447266,117.11000061035156,109.55339813232422,20777900,2016-11-08
2016-11-09 14:30:00+00:00,115.73999786376953,117.83999633789062,115.5999984741211,117.6500015258789,110.05855560302734,70234400,2016-11-09
2016-11-10 14:30:00+00:00,118.22000122070312,118.37999725341797,114.19999694824219,115.75,108.28117370605469,72825400,2016-11-10
2016-11-11 14:30:00+00:00,115.25,116.05000305175781,114.83999633789062,115.80000305175781,108.32797241210938,41115200,2016-11-11
2016-11-14 14:30:00+00:00,115.83000183105469,115.94000244140625,114.02999877929688,114.62999725341797,107.23344421386719,35906000,2016-11-14
2016-11-15 14:30:00+00:00,115.5,116.62000274658203,115.33000183105469,116.22000122070312,108.7208251953125,31796600,2016-11-15
2016-11-16 14:30:00+00:00,115.66999816894531,116.98999786376953,115.66999816894531,116.91000366210938,109.36631774902344,16538100,2016-11-16
2016-11-17 14:30:00+00:00,116.8499984741211,117.77999877929688,116.61000061035156,117.76000213623047,110.16149139404297,20598600,2016-11-17
2016-11-18 14:30:00+00:00,117.9000015258789,118.0999984741211,117.20999908447266,117.31999969482422,109.7498779296875,16428700,2016-11-18
2016-11-21 14:30:00+00:00,117.61000061035156,118.6500015258789,117.56999969482422,118.54000091552734,110.89114379882812,20268500,2016-11-21
2016-11-22 14:30:00+00:00,119.01000213623047,119.19000244140625,118.61000061035156,118.9000015258789,111.22791290283203,18850600,2016-11-22
2016-11-23 14:30:00+00:00,118.51000213623047,118.63999938964844,117.9000015258789,118.41999816894531,110.77889251708984,22926000,2016-11-23
2016-11-25 14:30:00+00:00,118.55999755859375,118.8499984741211,118.41999816894531,118.80000305175781,111.13438415527344,7162800,2016-11-25
2016-11-28 14:30:00+00:00,118.6500015258789,119.08000183105469,118.41000366210938,118.52999877929688,110.88175964355469,13479000,2016-11-28
2016-11-29 14:30:00+00:00,118.63999938964844,119.51000213623047,118.30000305175781,118.94000244140625,111.26532745361328,18553000,2016-11-29
2016-11-30 14:30:00+00:00,119.08999633789062,119.12999725341797,117.45999908447266,117.5,109.91826629638672,30405300,2016-11-30
2016-12-01 14:30:00+00:00,117.45999908447266,117.47000122070312,115.29000091552734,115.47000122070312,108.01924896240234,39796600,2016-12-01
2016-12-02 14:30:00+00:00,115.54000091552734,116.16000366210938,115.22000122070312,115.69999694824219,108.23441314697266,32876800,2016-12-02
2016-12-05 14:30:00+00:00,116.30000305175781,117.05999755859375,115.7699966430664,116.5999984741211,109.07633209228516,21419700,2016-12-05
2016-12-06 14:30:00+00:00,116.93000030517578,117.08000183105469,116.38999938964844,116.87999725341797,109.33826446533203,27293300,2016-12-06
2016-12-07 14:30:00+00:00,116.63999938964844,118.51000213623047,116.29000091552734,118.36000061035156,110.72277069091797,26622400,2016-12-07
2016-12-08 14:30:00+00:00,118.41000366210938,118.87000274658203,118.18000030517578,118.56999969482422,110.91921997070312,18578400,2016-12-08
2016-12-09 14:30:00+00:00,119.01000213623047,119.54000091552734,119.0,119.5,111.7892074584961,21863100,2016-12-09
2016-12-12 14:30:00+00:00,118.97000122070312,119.20999908447266,118.47000122070312,118.95999908447266,111.28404235839844,23259300,2016-12-12
2016-12-13 14:30:00+00:00,119.31999969482422,121.11000061035156,119.31999969482422,120.45999908447266,112.687255859375,54477900,2016-12-13
2016-12-14 14:30:00+00:00,120.61000061035156,121.0,119.86000061035156,120.20999908447266,112.4533462524414,28746000,2016-12-14
2016-12-15 14:30:00+00:00,120.37000274658203,121.11000061035156,120.08000183105469,120.4000015258789,112.63114929199219,22762300,2016-12-15
2016-12-16 14:30:00+00:00,120.33999633789062,120.58000183105469,119.36000061035156,119.5999984741211,112.21363067626953,26283900,2016-12-16
2016-12-19 14:30:00+00:00,119.72000122070312,120.83000183105469,119.55000305175781,120.08999633789062,112.67334747314453,21138700,2016-12-19
2016-12-20 14:30:00+00:00,120.47000122070312,120.7699966430664,120.33000183105469,120.55000305175781,113.10492706298828,11461800,2016-12-20
2016-12-21 14:30:00+00:00,120.5999984741211,120.68000030517578,120.19000244140625,120.45999908447266,113.02050018310547,7079300,2016-12-21
2016-12-22 14:30:00+00:00,120.47000122070312,120.5,119.6500015258789,120.12000274658203,112.70149993896484,16645000,2016-12-22
2016-12-23 14:30:00+00:00,119.91999816894531,120.25,119.80999755859375,120.19999694824219,112.77655792236328,9007500,2016-12-23
2016-12-27 14:30:00+00:00,120.45999908447266,121.5199966430664,120.41000366210938,120.81999969482422,113.35826873779297,16110600,2016-12-27
2016-12-28 14:30:00+00:00,121.08000183105469,121.19000244140625,119.80000305175781,119.87999725341797,112.476318359375,17975200,2016-12-28
2016-12-29 14:30:00+00:00,119.8499984741211,120.12999725341797,119.33000183105469,119.70999908447266,112.31681823730469,13267500,2016-12-29
2016-12-30 14:30:00+00:00,119.94000244140625,119.94999694824219,118.13999938964844,118.4800033569336,111.16278076171875,41749000,2016-12-30
2017-01-03 14:30:00+00:00,119.2699966430664,119.98999786376953,118.88999938964844,119.54000091552734,112.15731811523438,22307600,2017-01-03
2017-01-04 14:30:00+00:00,119.66999816894531,120.41000366210938,119.66000366210938,120.19000244140625,112.76715850830078,19749100,2017-01-04
2017-01-05 14:30:00+00:00,120.0999984741211,120.94999694824219,120.0999984741211,120.87000274658203,113.40518951416016,20644300,2017-01-05
2017-01-06 14:30:00+00:00,121.0,122.25,120.69000244140625,121.93000030517578,114.39974212646484,24074300,2017-01-06
2017-01-09 14:30:00+00:00,122.02999877929688,122.55000305175781,121.94999694824219,122.33000183105469,114.77501678466797,18909200,2017-01-09
2017-01-10 14:30:00+00:00,122.37999725341797,122.97000122070312,122.0999984741211,122.5999984741211,115.02833557128906,16176600,2017-01-10
2017-01-11 14:30:00+00:00,122.6500015258789,122.93000030517578,122.0199966430664,122.93000030517578,115.33794403076172,20686000,2017-01-11
2017-01-12 14:30:00+00:00,122.48999786376953,122.81999969482422,121.5999984741211,122.73999786376953,115.1596908569336,19622500,2017-01-12
2017-01-13 14:30:00+00:00,122.80000305175781,123.37000274658203,122.80000305175781,123.16000366210938,115.55376434326172,16930800,2017-01-13
2017-01-17 14:30:00+00:00,122.83999633789062,123.02999877929688,122.43000030517578,122.79000091552734,115.20659637451172,14538500,2017-01-17
2017-01-18 14:30:00+00:00,122.97000122070312,123.16000366210938,122.66000366210938,123.04000091552734,115.44117736816406,12499700,2017-01-18
2017-01-19 14:30:00+00:00,123.22000122070312,123.6500015258789,122.72000122070312,122.9800033569336,115.38485717773438,12710700,2017-01-19
2017-01-20 14:30:00+00:00,123.5199966430664,123.83000183105469,122.91999816894531,123.25,115.63816833496094,22091000,2017-01-20
2017-01-23 14:30:00+00:00,123.16999816894531,123.52999877929688,122.56999969482422,123.3499984741211,115.73202514648438,17434200,2017-01-23
2017-01-24 14:30:00+00:00,123.58999633789062,124.37000274658203,123.37999725341797,124.18000030517578,116.5107650756836,17640900,2017-01-24
2017-01-25 14:30:00+00:00,124.95999908447266,125.45999908447266,124.8499984741211,125.43000030517578,117.68356323242188,15036200,2017-01-25
2017-01-26 14:30:00+00:00,125.5999984741211,125.81999969482422,125.33999633789062,125.55999755859375,117.80552673339844,16052200,2017-01-26
2017-01-27 14:30:00+00:00,125.83000183105469,125.91999816894531,125.38999938964844,125.80000305175781,118.03070068359375,15053000,2017-01-27
2017-01-30 14:30:00+00:00,125.37999725341797,125.37999725341797,124.12999725341797,124.81999969482422,117.11123657226562,25006700,2017-01-30
2017-01-31 14:30:00+00:00,124.37999725341797,124.5999984741211,123.8499984741211,124.56999969482422,116.87669372558594,19091100,2017-01-31
2017-02-01 14:30:00+00:00,125.44999694824219,125.68000030517578,124.86000061035156,125.43000030517578,117.68356323242188,22861900,2017-02-01
2017-02-02 14:30:00+00:00,125.20999908447266,125.69999694824219,124.86000061035156,125.31999969482422,117.58036041259766,15101400,2017-02-02
2017-02-03 14:30:00+00:00,125.44999694824219,125.80999755859375,125.33000183105469,125.68000030517578,117.9180908203125,16957200,2017-02-03
2017-02-06 14:30:00+00:00,125.47000122070312,125.8499984741211,125.3499984741211,125.83000183105469,118.05885314941406,11630100,2017-02-06
2017-02-07 14:30:00+00:00,126.08999633789062,126.55000305175781,125.97000122070312,126.29000091552734,118.49042510986328,17541100,2017-02-07
2017-02-08 14:30:00+00:00,126.12000274658203,126.68000030517578,125.87999725341797,126.5,118.68746185302734,12569100,2017-02-08
2017-02-09 14:30:00+00:00,126.62999725341797,127.23999786376953,126.55999755859375,126.95999908447266,119.11908721923828,17542700,2017-02-09
2017-02-10 14:30:00+00:00,127.23999786376953,127.55999755859375,127.0199966430664,127.37999725341797,119.51312255859375,13915700,2017-02-10
2017-02-13 14:30:00+00:00,127.7699966430664,128.25999450683594,127.72000122070312,128.10000610351562,120.18863677978516,19120200,2017-02-13
2017-02-14 14:30:00+00:00,128.14999389648438,128.5399932861328,127.73999786376953,128.52999877929688,120.59209442138672,16333500,2017-02-14
2017-02-15 14:30:00+00:00,128.44000244140625,129.35000610351562,128.3699951171875,129.2899932861328,121.3051528930664,17891400,2017-02-15
2017-02-16 14:30:00+00:00,129.3699951171875,129.6300048828125,128.9199981689453,129.25,121.26766204833984,15098300,2017-02-16
2017-02-17 14:30:00+00:00,129.05999755859375,129.82000732421875,129.0399932861328,129.80999755859375,121.79304504394531,15563700,2017-02-17
2017-02-21 14:30:00+00:00,130.05999755859375,130.52999877929688,129.99000549316406,130.4499969482422,122.39350128173828,18479600,2017-02-21
2017-02-22 14:30:00+00:00,130.3300018310547,130.58999633789062,130.11000061035156,130.5,122.44043731689453,12110900,2017-02-22
2017-02-23 14:30:00+00:00,130.6999969482422,130.6999969482422,129.49000549316406,130.00999450683594,121.98068237304688,17489000,2017-02-23
2017-02-24 14:30:00+00:00,129.4199981689453,130.25999450683594,129.3800048828125,130.25999450683594,122.21524810791016,18624500,2017-02-24
2017-02-27 14:30:00+00:00,130.02000427246094,130.42999267578125,129.8000030517578,130.4199981689453,122.36542510986328,12008700,2017-02-27
2017-02-28 14:30:00+00:00,130.38999938964844,130.4499969482422,129.66000366210938,130.02000427246094,121.99010467529297,16598600,2017-02-28
2017-03-01 14:30:00+00:00,130.85000610351562,131.67999267578125,130.60000610351562,131.44000244140625,123.32239532470703,25813800,2017-03-01
2017-03-02 14:30:00+00:00,131.41000366210938,131.42999267578125,130.6199951171875,130.77999877929688,122.70311737060547,19951400,2017-03-02
2017-03-03 14:30:00+00:00,130.69000244140625,131.05999755859375,130.33999633789062,131.02000427246094,122.9283447265625,13722700,2017-03-03
2017-03-06 14:30:00+00:00,130.58999633789062,130.9499969482422,130.2100067138672,130.72999572753906,122.6562271118164,12026200,2017-03-06
2017-03-07 14:30:00+00:00,130.47000122070312,131.0800018310547,130.27999877929688,130.50999450683594,122.44979095458984,15500900,2017-03-07
2017-03-08 14:30:00+00:00,130.58999633789062,131.14999389648438,130.4600067138672,130.74000549316406,122.66561889648438,15776000,2017-03-08
2017-03-09 14:30:00+00:00,130.7100067138672,131.02000427246094,130.13999938964844,130.83999633789062,122.75944519042969,20855300,2017-03-09
2017-03-10 14:30:00+00:00,131.44000244140625,131.60000610351562,130.82000732421875,131.38999938964844,123.2754898071289,21922600,2017-03-10
2017-03-13 13:30:00+00:00,131.33999633789062,131.63999938964844,131.27000427246094,131.61000061035156,123.48188018798828,10731600,2017-03-13
2017-03-14 13:30:00+00:00,131.30999755859375,131.36000061035156,130.75999450683594,131.2899932861328,123.18165588378906,14019700,2017-03-14
2017-03-15 13:30:00+00:00,131.55999755859375,132.41000366210938,131.13999938964844,132.10000610351562,123.9416275024414,22709100,2017-03-15
2017-03-16 13:30:00+00:00,132.35000610351562,132.35000610351562,131.7100067138672,132.00999450683594,123.85714721679688,18457300,2017-03-16
2017-03-17 13:30:00+00:00,131.89999389648438,132.0399932861328,131.6199951171875,131.69000244140625,123.81391143798828,21234500,2017-03-17
2017-03-20 13:30:00+00:00,131.64999389648438,132.11000061035156,131.4600067138672,131.80999755859375,123.92679595947266,10105200,2017-03-20
2017-03-21 13:30:00+00:00,132.30999755859375,132.42999267578125,129.72999572753906,129.80999755859375,122.04637908935547,35841900,2017-03-21
2017-03-22 13:30:00+00:00,129.85000610351562,130.82000732421875,129.67999267578125,130.69000244140625,122.87374114990234,29177900,2017-03-22
2017-03-23 13:30:00+00:00,130.52000427246094,130.8800048828125,130.13999938964844,130.36000061035156,122.56349182128906,20311700,2017-03-23
2017-03-24 13:30:00+00:00,130.77999877929688,131.2899932861328,130.1300048828125,130.6300048828125,122.81735229492188,22967600,2017-03-24
2017-03-27 13:30:00+00:00,129.6999969482422,131.07000732421875,129.39999389648438,130.83999633789062,123.01476287841797,18472400,2017-03-27
2017-03-28 13:30:00+00:00,130.83999633789062,132.02999877929688,130.5500030517578,131.63999938964844,123.76693725585938,23721900,2017-03-28
2017-03-29 13:30:00+00:00,131.72999572753906,132.3000030517578,131.58999633789062,132.25,124.34044647216797,13710000,2017-03-29
2017-03-30 13:30:00+00:00,132.1999969482422,132.61000061035156,132.0800018310547,132.47000122070312,124.5472640991211,16092400,2017-03-30
2017-03-31 13:30:00+00:00,132.27999877929688,132.74000549316406,132.1300048828125,132.3800048828125,124.4626693725586,19841400,2017-03-31
2017-04-03 13:30:00+00:00,132.49000549316406,132.80999755859375,131.55999755859375,132.3000030517578,124.38746643066406,23700300,2017-04-03
2017-04-04 13:30:00+00:00,131.9199981689453,132.52999877929688,131.8699951171875,132.50999450683594,124.58490753173828,13400000,2017-04-04
2017-04-05 13:30:00+00:00,132.6999969482422,133.47999572753906,131.72000122070312,131.97000122070312,124.07718658447266,32011200,2017-04-05
2017-04-06 13:30:00+00:00,132.10000610351562,132.38999938964844,131.6999969482422,132.0399932861328,124.14298248291016,18832200,2017-04-06
2017-04-07 13:30:00+00:00,132.0,132.3699951171875,131.5,131.97000122070312,124.07718658447266,16743100,2017-04-07
2017-04-10 13:30:00+00:00,132.10000610351562,132.57000732421875,131.66000366210938,132.02000427246094,124.12420654296875,15619300,2017-04-10
2017-04-11 13:30:00+00:00,131.89999389648438,132.10000610351562,130.5,131.4499969482422,123.58831024169922,33778400,2017-04-11
2017-04-12 13:30:00+00:00,131.42999267578125,131.5399932861328,130.77999877929688,130.9199981689453,123.0899887084961,15955200,2017-04-12
2017-04-13 13:30:00+00:00,130.74000549316406,131.50999450683594,130.3800048828125,130.39999389648438,122.60105895996094,23683000,2017-04-13
2017-04-17 13:30:00+00:00,130.77000427246094,131.5,130.72000122070312,131.47999572753906,123.616455078125,13325500,2017-04-17
2017-04-18 13:30:00+00:00,131.0399932861328,131.66000366210938,130.9499969482422,131.27999877929688,123.42847442626953,12841100,2017-04-18
2017-04-19 13:30:00+00:00,131.85000610351562,132.2899932861328,131.30999755859375,131.49000549316406,123.62590026855469,17764800,2017-04-19
2017-04-20 13:30:00+00:00,132.02000427246094,132.8800048828125,131.82000732421875,132.58999633789062,124.66010284423828,21977900,2017-04-20
2017-04-21 13:30:00+00:00,132.7100067138672,132.75999450683594,132.22000122070312,132.55999755859375,124.63189697265625,22454900,2017-04-21
2017-04-24 13:30:00+00:00,134.02999877929688,134.2899932861328,133.8000030517578,134.16000366210938,126.13626098632812,22469900,2017-04-24
2017-04-25 13:30:00+00:00,134.60000610351562,135.3699951171875,134.47999572753906,135.1300048828125,127.0482177734375,19384400,2017-04-25
2017-04-26 13:30:00+00:00,135.17999267578125,135.50999450683594,134.86000061035156,134.94000244140625,126.86956787109375,25398500,2017-04-26
2017-04-27 13:30:00+00:00,135.27000427246094,135.75,135.19000244140625,135.75,127.63114929199219,16136500,2017-04-27
2017-04-28 13:30:00+00:00,136.2899932861328,136.33999633789062,135.77000427246094,135.99000549316406,127.85677337646484,22771900,2017-04-28
2017-05-01 13:30:00+00:00,136.44000244140625,137.3800048828125,136.3800048828125,137.1999969482422,128.99436950683594,24815500,2017-05-01
2017-05-02 13:30:00+00:00,137.3699951171875,137.49000549316406,137.02000427246094,137.42999267578125,129.2106170654297,18345100,2017-05-02
2017-05-03 13:30:00+00:00,137.1199951171875,137.1699981689453,136.6199951171875,136.99000549316406,128.79696655273438,23827600,2017-05-03
2017-05-04 13:30:00+00:00,136.97000122070312,137.42999267578125,136.55999755859375,137.0399932861328,128.8439178466797,14630100,2017-05-04
2017-05-05 13:30:00+00:00,137.38999938964844,137.5399932861328,136.8800048828125,137.5399932861328,129.31410217285156,19330700,2017-05-05
2017-05-08 13:30:00+00:00,137.61000061035156,137.83999633789062,137.3300018310547,137.83999633789062,129.5961151123047,13279900,2017-05-08
2017-05-09 13:30:00+00:00,138.0500030517578,138.6300048828125,137.92999267578125,138.32000732421875,130.04739379882812,28426100,2017-05-09
2017-05-10 13:30:00+00:00,138.39999389648438,138.4499969482422,137.91000366210938,138.39999389648438,130.1226043701172,20499400,2017-05-10
2017-05-11 13:30:00+00:00,138.02000427246094,138.3300018310547,137.3800048828125,138.2899932861328,130.01918029785156,27232100,2017-05-11
2017-05-12 13:30:00+00:00,138.35000610351562,138.6300048828125,138.22999572753906,138.60000610351562,130.31069946289062,19738600,2017-05-12
2017-05-15 13:30:00+00:00,138.66000366210938,139.1199951171875,138.52999877929688,139.0399932861328,130.724365234375,20481300,2017-05-15
2017-05-16 13:30:00+00:00,139.39999389648438,139.63999938964844,138.99000549316406,139.6199951171875,131.26963806152344,21786000,2017-05-16
2017-05-17 13:30:00+00:00,138.50999450683594,138.77000427246094,136.0500030517578,136.07000732421875,127.93197631835938,55642200,2017-05-17
2017-05-18 13:30:00+00:00,136.02000427246094,137.72000122070312,135.8699951171875,137.25999450683594,129.0508270263672,41319900,2017-05-18
2017-05-19 13:30:00+00:00,137.75,138.4199981689453,137.66000366210938,137.83999633789062,129.5961151123047,36730100,2017-05-19
2017-05-22 13:30:00+00:00,138.14999389648438,139.07000732421875,138.10000610351562,139.0,130.68675231933594,19509700,2017-05-22
2017-05-23 13:30:00+00:00,139.41000366210938,139.4199981689453,138.77999877929688,139.13999938964844,130.81838989257812,19687500,2017-05-23
2017-05-24 13:30:00+00:00,139.55999755859375,139.85000610351562,139.1699981689453,139.77999877929688,131.42005920410156,15891900,2017-05-24
2017-05-25 13:30:00+00:00,140.30999755859375,141.3300018310547,140.00999450683594,140.97000122070312,132.5389404296875,23928600,2017-05-25
2017-05-26 13:30:00+00:00,141.0,141.27999877929688,140.80999755859375,141.22000122070312,132.7739715576172,13851600,2017-05-26
2017-05-30 13:30:00+00:00,141.14999389648438,141.50999450683594,141.05999755859375,141.33999633789062,132.8867950439453,20306400,2017-05-30
2017-05-31 13:30:00+00:00,141.83999633789062,141.83999633789062,140.57000732421875,141.2899932861328,132.8397674560547,33229400,2017-05-31
2017-06-01 13:30:00+00:00,141.5800018310547,141.89999389648438,140.97999572753906,141.83999633789062,133.35684204101562,20120700,2017-06-01
2017-06-02 13:30:00+00:00,142.33999633789062,143.49000549316406,142.11000061035156,143.4600067138672,134.88006591796875,37222900,2017-06-02
2017-06-05 13:30:00+00:00,143.4499969482422,143.67999267578125,143.22999572753906,143.42999267578125,134.85182189941406,15727500,2017-06-05
2017-06-06 13:30:00+00:00,143.25999450683594,143.72999572753906,142.64999389648438,142.86000061035156,134.31588745117188,22393000,2017-06-06
2017-06-07 13:30:00+00:00,143.25999450683594,143.5399932861328,142.60000610351562,143.4199981689453,134.8424072265625,18842400,2017-06-07
2017-06-08 13:30:00+00:00,143.74000549316406,143.8000030517578,142.7899932861328,143.57000732421875,134.98342895507812,25417400,2017-06-08
2017-06-09 13:30:00+00:00,143.74000549316406,143.89999389648438,138.11000061035156,139.97999572753906,131.60818481445312,109783700,2017-06-09
2017-06-12 13:30:00+00:00,138.8000030517578,139.47999572753906,137.47000122070312,139.22999572753906,130.9029541015625,104454000,2017-06-12
2017-06-13 13:30:00+00:00,140.00999450683594,140.55999755859375,139.27999877929688,140.36000061035156,131.96543884277344,51193000,2017-06-13
2017-06-14 13:30:00+00:00,140.92999267578125,140.92999267578125,138.6199951171875,139.75,131.3918914794922,60093800,2017-06-14
2017-06-15 13:30:00+00:00,138.33999633789062,139.27999877929688,137.49000549316406,139.1300048828125,130.80899047851562,55145200,2017-06-15
2017-06-16 13:30:00+00:00,138.67999267578125,138.77999877929688,137.63999938964844,138.14999389648438,130.24143981933594,48087400,2017-06-16
2017-06-19 13:30:00+00:00,139.49000549316406,140.58999633789062,139.27999877929688,140.4600067138672,132.41920471191406,39626500,2017-06-19
2017-06-20 13:30:00+00:00,140.32000732421875,140.5,139.30999755859375,139.36000061035156,131.38218688964844,40935100,2017-06-20
2017-06-21 13:30:00+00:00,139.67999267578125,140.80999755859375,139.58999633789062,140.74000549316406,132.6831512451172,35743400,2017-06-21
2017-06-22 13:30:00+00:00,140.9600067138672,141.22000122070312,140.33999633789062,140.6999969482422,132.6454620361328,24099100,2017-06-22
2017-06-23 13:30:00+00:00,140.5399932861328,141.4199981689453,140.14999389648438,141.24000549316406,133.1545867919922,21654300,2017-06-23
2017-06-26 13:30:00+00:00,142.0500030517578,142.2899932861328,140.27000427246094,140.5800018310547,132.53233337402344,34411100,2017-06-26
2017-06-27 13:30:00+00:00,140.0500030517578,140.22000122070312,138.02000427246094,138.02999877929688,130.1282958984375,65957800,2017-06-27
2017-06-28 13:30:00+00:00,138.5399932861328,140.13999938964844,137.74000549316406,140.02000427246094,132.00436401367188,57427200,2017-06-28
2017-06-29 13:30:00+00:00,139.44000244140625,139.44000244140625,136.25,137.58999633789062,129.7135009765625,88769400,2017-06-29
2017-06-30 13:30:00+00:00,137.97999572753906,138.6699981689453,137.19000244140625,137.63999938964844,129.76065063476562,68898300,2017-06-30
2017-07-03 13:30:00+00:00,138.27000427246094,138.42999267578125,136.10000610351562,136.19000244140625,128.39364624023438,32797000,2017-07-03
2017-07-05 13:30:00+00:00,136.6199951171875,137.89999389648438,136.16000366210938,137.52999877929688,129.65692138671875,42116600,2017-07-05
2017-07-06 13:30:00+00:00,136.47999572753906,137.05999755859375,135.8000030517578,136.2899932861328,128.48789978027344,48430500,2017-07-06
2017-07-07 13:30:00+00:00,136.75,138.1300048828125,136.74000549316406,137.75999450683594,129.87371826171875,36970400,2017-07-07
2017-07-10 13:30:00+00:00,137.85000610351562,138.99000549316406,137.5,138.66000366210938,130.7222137451172,24853500,2017-07-10
2017-07-11 13:30:00+00:00,138.4600067138672,139.22000122070312,137.94000244140625,139.0500030517578,131.0899200439453,31517700,2017-07-11
2017-07-12 13:30:00+00:00,140.24000549316406,140.86000061035156,139.9600067138672,140.6999969482422,132.6454620361328,36045800,2017-07-12
2017-07-13 13:30:00+00:00,140.8699951171875,141.35000610351562,140.60000610351562,141.00999450683594,132.93772888183594,31073600,2017-07-13
2017-07-14 13:30:00+00:00,141.63999938964844,142.3000030517578,141.19000244140625,142.1199951171875,133.9841766357422,34544800,2017-07-14
2017-07-17 13:30:00+00:00,142.27000427246094,142.69000244140625,141.9199981689453,142.19000244140625,134.05014038085938,25343200,2017-07-17
2017-07-18 13:30:00+00:00,142.08999633789062,143.1699981689453,141.63999938964844,143.13999938964844,134.94577026367188,25748500,2017-07-18
2017-07-19 13:30:00+00:00,143.55999755859375,144.19000244140625,143.5,143.97999572753906,135.73770141601562,33752300,2017-07-19
2017-07-20 13:30:00+00:00,144.35000610351562,144.44000244140625,143.52000427246094,144.1699981689453,135.9168243408203,36139400,2017-07-20
2017-07-21 13:30:00+00:00,143.63999938964844,144.11000061035156,143.35000610351562,144.11000061035156,135.8602294921875,39697100,2017-07-21
2017-07-24 13:30:00+00:00,144.08999633789062,144.8699951171875,143.9199981689453,144.77000427246094,136.4824676513672,26712700,2017-07-24
2017-07-25 13:30:00+00:00,144.2899932861328,144.74000549316406,144.00999450683594,144.39999389648438,136.1336669921875,28120900,2017-07-25
2017-07-26 13:30:00+00:00,144.75999450683594,144.9499969482422,144.52999877929688,144.8699951171875,136.5767822265625,18610600,2017-07-26
2017-07-27 13:30:00+00:00,145.82000732421875,145.9600067138672,142.3000030517578,143.9600067138672,135.7188720703125,80665900,2017-07-27
2017-07-28 13:30:00+00:00,143.10000610351562,144.0800018310547,142.8699951171875,143.83999633789062,135.60568237304688,38013200,2017-07-28
2017-07-31 13:30:00+00:00,144.25,144.42999267578125,142.9199981689453,143.22999572753906,135.03060913085938,33848600,2017-07-31
2017-08-01 13:30:00+00:00,143.72000122070312,143.75999450683594,143.1199951171875,143.55999755859375,135.3417205810547,20149400,2017-08-01
2017-08-02 13:30:00+00:00,144.49000549316406,144.52000427246094,142.61000061035156,143.9499969482422,135.70938110351562,41769700,2017-08-02
2017-08-03 13:30:00+00:00,144.08999633789062,144.1699981689453,143.1300048828125,143.38999938964844,135.1814727783203,27112800,2017-08-03
2017-08-04 13:30:00+00:00,143.7100067138672,143.97000122070312,143.05999755859375,143.64999389648438,135.42652893066406,29472900,2017-08-04
2017-08-07 13:30:00+00:00,143.91000366210938,144.55999755859375,143.7100067138672,144.55999755859375,136.28445434570312,17933900,2017-08-07
2017-08-08 13:30:00+00:00,144.27999877929688,145.47000122070312,143.89999389648438,144.30999755859375,136.04876708984375,30810400,2017-08-08
2017-08-09 13:30:00+00:00,143.1199951171875,144.19000244140625,142.7899932861328,144.1199951171875,135.8696746826172,36169500,2017-08-09
2017-08-10 13:30:00+00:00,143.3000030517578,143.39999389648438,140.88999938964844,141.02999877929688,132.95654296875,63331700,2017-08-10
2017-08-11 13:30:00+00:00,141.22000122070312,142.41000366210938,140.89999389648438,142.10000610351562,133.96534729003906,45862500,2017-08-11
2017-08-14 13:30:00+00:00,143.22999572753906,144.14999389648438,143.19000244140625,143.92999267578125,135.69053649902344,34161000,2017-08-14
2017-08-15 13:30:00+00:00,144.2899932861328,144.3000030517578,143.63999938964844,144.02999877929688,135.78480529785156,25509200,2017-08-15
2017-08-16 13:30:00+00:00,144.38999938964844,144.9600067138672,143.8000030517578,144.27999877929688,136.02047729492188,31913000,2017-08-16
2017-08-17 13:30:00+00:00,143.72000122070312,143.94000244140625,141.3300018310547,141.3300018310547,133.23939514160156,70191000,2017-08-17
2017-08-18 13:30:00+00:00,141.41000366210938,142.1999969482422,140.64999389648438,141.22999572753906,133.14512634277344,60751900,2017-08-18
2017-08-21 13:30:00+00:00,141.22000122070312,141.52999877929688,140.17999267578125,141.0500030517578,132.97540283203125,37111500,2017-08-21
2017-08-22 13:30:00+00:00,141.80999755859375,143.35000610351562,141.75999450683594,143.1999969482422,135.00234985351562,36294200,2017-08-22
2017-08-23 13:30:00+00:00,142.47999572753906,143.00999450683594,142.3800048828125,142.69000244140625,134.5215301513672,25702300,2017-08-23
2017-08-24 13:30:00+00:00,143.00999450683594,143.1699981689453,141.47000122070312,142.27000427246094,134.1255645751953,38160800,2017-08-24
2017-08-25 13:30:00+00:00,142.82000732421875,143.17999267578125,141.77999877929688,141.97000122070312,133.84274291992188,26380400,2017-08-25
2017-08-28 13:30:00+00:00,142.39999389648438,142.74000549316406,141.9499969482422,142.41000366210938,134.25758361816406,15362100,2017-08-28
2017-08-29 13:30:00+00:00,141.19000244140625,143.2100067138672,141.05999755859375,142.97000122070312,134.78549194335938,24498300,2017-08-29
2017-08-30 13:30:00+00:00,143.08999633789062,144.88999938964844,143.0,144.64999389648438,136.36935424804688,33642700,2017-08-30
2017-08-31 13:30:00+00:00,145.05999755859375,146.2100067138672,144.97999572753906,146.1999969482422,137.83059692382812,38480700,2017-08-31
2017-09-01 13:30:00+00:00,146.38999938964844,146.58999633789062,145.61000061035156,146.0,137.64205932617188,22293600,2017-09-01
2017-09-05 13:30:00+00:00,145.57000732421875,145.8800048828125,143.60000610351562,144.69000244140625,136.4070281982422,44794300,2017-09-05
2017-09-06 13:30:00+00:00,145.05999755859375,145.4600067138672,144.0800018310547,145.1300048828125,136.8218536376953,30722700,2017-09-06
2017-09-07 13:30:00+00:00,145.39999389648438,145.83999633789062,144.94000244140625,145.47000122070312,137.1423797607422,22721100,2017-09-07
2017-09-08 13:30:00+00:00,145.27999877929688,145.35000610351562,144.05999755859375,144.2100067138672,135.95457458496094,27890100,2017-09-08
2017-09-11 13:30:00+00:00,145.33999633789062,146.1199951171875,145.3000030517578,145.8699951171875,137.51947021484375,27126300,2017-09-11
2017-09-12 13:30:00+00:00,146.27999877929688,146.41000366210938,145.52999877929688,146.22000122070312,137.84947204589844,30256700,2017-09-12
2017-09-13 13:30:00+00:00,145.97000122070312,146.44000244140625,145.72999572753906,146.4199981689453,138.03802490234375,28450900,2017-09-13
2017-09-14 13:30:00+00:00,145.85000610351562,146.2899932861328,145.47000122070312,145.55999755859375,137.22726440429688,35296400,2017-09-14
2017-09-15 13:30:00+00:00,145.52999877929688,146.58999633789062,145.2899932861328,146.05999755859375,137.69859313964844,46422400,2017-09-15
2017-09-18 13:30:00+00:00,145.91000366210938,146.3699951171875,145.11000061035156,145.5500030517578,137.5181427001953,24858200,2017-09-18
2017-09-19 13:30:00+00:00,145.80999755859375,146.00999450683594,145.30999755859375,145.8000030517578,137.75437927246094,20871200,2017-09-19
2017-09-20 13:30:00+00:00,145.75,145.91000366210938,144.22999572753906,145.35000610351562,137.32919311523438,34236200,2017-09-20
2017-09-21 13:30:00+00:00,145.25,145.25999450683594,143.9499969482422,144.4600067138672,136.48829650878906,28841800,2017-09-21
2017-09-22 13:30:00+00:00,144.0,144.52999877929688,143.85000610351562,144.32000732421875,136.35601806640625,21702400,2017-09-22
2017-09-25 13:30:00+00:00,143.75,143.8300018310547,142.10000610351562,142.8000030517578,134.9198760986328,54947700,2017-09-25
2017-09-26 13:30:00+00:00,143.52999877929688,143.8000030517578,142.6699981689453,143.1699981689453,135.26950073242188,29628800,2017-09-26
2017-09-27 13:30:00+00:00,143.92999267578125,145.0,143.57000732421875,144.4600067138672,136.48829650878906,33249400,2017-09-27
2017-09-28 13:30:00+00:00,144.11000061035156,144.55999755859375,143.77999877929688,144.41000366210938,136.44107055664062,24149400,2017-09-28
2017-09-29 13:30:00+00:00,144.6999969482422,145.55999755859375,144.32000732421875,145.4499969482422,137.42367553710938,43102400,2017-09-29
2017-10-02 13:30:00+00:00,145.6699981689453,146.1699981689453,144.92999267578125,145.5800018310547,137.54649353027344,27351300,2017-10-02
2017-10-03 13:30:00+00:00,145.77000427246094,146.05999755859375,145.4499969482422,145.88999938964844,137.8394012451172,19715200,2017-10-03
2017-10-04 13:30:00+00:00,145.61000061035156,146.33999633789062,145.47000122070312,146.02999877929688,137.97164916992188,26381100,2017-10-04
2017-10-05 13:30:00+00:00,146.55999755859375,147.5399932861328,146.41000366210938,147.4600067138672,139.3227996826172,31562400,2017-10-05
2017-10-06 13:30:00+00:00,146.9600067138672,147.66000366210938,146.9600067138672,147.66000366210938,139.51174926757812,23561100,2017-10-06
2017-10-09 13:30:00+00:00,147.85000610351562,148.00999450683594,147.3000030517578,147.49000549316406,139.35110473632812,13704800,2017-10-09
2017-10-10 13:30:00+00:00,147.99000549316406,148.13999938964844,146.9499969482422,147.60000610351562,139.4550323486328,19223100,2017-10-10
2017-10-11 13:30:00+00:00,147.52999877929688,148.07000732421875,147.33999633789062,148.0399932861328,139.8707733154297,12439100,2017-10-11
2017-10-12 13:30:00+00:00,147.82000732421875,148.35000610351562,147.6199951171875,147.77000427246094,139.61563110351562,14513500,2017-10-12
2017-10-13 13:30:00+00:00,148.3699951171875,148.50999450683594,147.77999877929688,148.33999633789062,140.15419006347656,18409900,2017-10-13
2017-10-16 13:30:00+00:00,148.7100067138672,148.88999938964844,148.38999938964844,148.85000610351562,140.6361083984375,21809400,2017-10-16
2017-10-17 13:30:00+00:00,148.8000030517578,149.05999755859375,148.57000732421875,149.0399932861328,140.8155517578125,13138200,2017-10-17
2017-10-18 13:30:00+00:00,149.19000244140625,149.2100067138672,148.63999938964844,148.86000061035156,140.64553833007812,17218200,2017-10-18
2017-10-19 13:30:00+00:00,147.99000549316406,148.3300018310547,147.27000427246094,148.30999755859375,140.1258544921875,27680300,2017-10-19
2017-10-20 13:30:00+00:00,148.91000366210938,149.0399932861328,148.52999877929688,148.7100067138672,140.50379943847656,30173300,2017-10-20
2017-10-23 13:30:00+00:00,149.02000427246094,149.02999877929688,147.52999877929688,147.74000549316406,139.58726501464844,29297100,2017-10-23
2017-10-24 13:30:00+00:00,148.02999877929688,148.3000030517578,147.44000244140625,147.99000549316406,139.823486328125,20289500,2017-10-24
2017-10-25 13:30:00+00:00,147.6999969482422,148.17999267578125,146.3300018310547,147.42999267578125,139.29440307617188,36179100,2017-10-25
2017-10-26 13:30:00+00:00,147.33999633789062,147.7100067138672,146.9199981689453,146.9600067138672,138.850341796875,28230200,2017-10-26
2017-10-27 13:30:00+00:00,149.42999267578125,151.52000427246094,149.1999969482422,151.24000549316406,142.89418029785156,60165100,2017-10-27
2017-10-30 13:30:00+00:00,151.1300048828125,152.19000244140625,150.99000549316406,151.5800018310547,143.21543884277344,31733400,2017-10-30
2017-10-31 13:30:00+00:00,152.07000732421875,152.3699951171875,151.6300048828125,152.14999389648438,143.7539825439453,26319300,2017-10-31
2017-11-01 13:30:00+00:00,152.75999450683594,152.8300018310547,151.5,152.10000610351562,143.7067108154297,29481600,2017-11-01
2017-11-02 13:30:00+00:00,151.92999267578125,151.99000549316406,150.77000427246094,151.80999755859375,143.43270874023438,31017400,2017-11-02
2017-11-03 13:30:00+00:00,152.36000061035156,153.2899932861328,151.83999633789062,153.27000427246094,144.81216430664062,26199200,2017-11-03
2017-11-06 14:30:00+00:00,153.14999389648438,153.85000610351562,153.10000610351562,153.7899932861328,145.30343627929688,28693900,2017-11-06
2017-11-07 14:30:00+00:00,153.6699981689453,154.0800018310547,153.33999633789062,153.8800048828125,145.3884735107422,21333100,2017-11-07
2017-11-08 14:30:00+00:00,153.8000030517578,154.5399932861328,153.6199951171875,154.5,145.97425842285156,17373500,2017-11-08
2017-11-09 14:30:00+00:00,153.22999572753906,153.77000427246094,152.11000061035156,153.69000244140625,145.2089385986328,40594500,2017-11-09
2017-11-10 14:30:00+00:00,153.3300018310547,153.8000030517578,153.05999755859375,153.67999267578125,145.19947814941406,20150800,2017-11-10
2017-11-13 14:30:00+00:00,153.10000610351562,154.07000732421875,153.10000610351562,153.8699951171875,145.37901306152344,12522400,2017-11-13
2017-11-14 14:30:00+00:00,153.3300018310547,153.5,152.57000732421875,153.30999755859375,144.8499298095703,25173800,2017-11-14
2017-11-15 14:30:00+00:00,152.64999389648438,153.0,151.77999877929688,152.58999633789062,144.16964721679688,24808000,2017-11-15
2017-11-16 14:30:00+00:00,153.36000061035156,154.88999938964844,153.3300018310547,154.5399932861328,146.01205444335938,34790600,2017-11-16
2017-11-17 14:30:00+00:00,154.5800018310547,154.69000244140625,153.8000030517578,153.9499969482422,145.4546356201172,28725800,2017-11-17
2017-11-20 14:30:00+00:00,154.05999755859375,154.1999969482422,153.61000061035156,153.8300018310547,145.3412322998047,21143900,2017-11-20
2017-11-21 14:30:00+00:00,154.55999755859375,155.57000732421875,154.49000549316406,155.5,146.9190673828125,20147800,2017-11-21
2017-11-22 14:30:00+00:00,155.63999938964844,155.83999633789062,155.33999633789062,155.69000244140625,147.09860229492188,17299000,2017-11-22
2017-11-24 14:30:00+00:00,155.85000610351562,156.30999755859375,155.75999450683594,156.25999450683594,147.63714599609375,8280600,2017-11-24
2017-11-27 14:30:00+00:00,156.2100067138672,156.55999755859375,155.8300018310547,156.19000244140625,147.57106018066406,22653400,2017-11-27
2017-11-28 14:30:00+00:00,156.5399932861328,156.69000244140625,155.6999969482422,156.58999633789062,147.94895935058594,25227300,2017-11-28
2017-11-29 14:30:00+00:00,156.41000366210938,156.4499969482422,153.1199951171875,153.86000061035156,145.36961364746094,71986300,2017-11-29
2017-11-30 14:30:00+00:00,154.50999450683594,155.4499969482422,154.14999389648438,155.14999389648438,146.58837890625,56595500,2017-11-30
2017-12-01 14:30:00+00:00,154.1999969482422,155.24000549316406,152.25999450683594,154.49000549316406,145.96484375,59015800,2017-12-01
2017-12-04 14:30:00+00:00,155.4600067138672,155.6300048828125,152.55999755859375,152.7100067138672,144.28305053710938,51319100,2017-12-04
2017-12-05 14:30:00+00:00,152.67999267578125,154.5500030517578,152.10000610351562,152.80999755859375,144.37753295898438,40604200,2017-12-05
2017-12-06 14:30:00+00:00,152.24000549316406,153.74000549316406,152.05999755859375,153.5,145.0294189453125,28647800,2017-12-06
2017-12-07 14:30:00+00:00,153.49000549316406,154.4600067138672,153.3300018310547,154.02000427246094,145.52073669433594,32666200,2017-12-07
2017-12-08 14:30:00+00:00,155.14999389648438,155.52999877929688,154.4600067138672,154.6999969482422,146.16326904296875,28081700,2017-12-08
2017-12-11 14:30:00+00:00,154.77000427246094,155.9499969482422,154.75999450683594,155.89999389648438,147.2970428466797,20821500,2017-12-11
2017-12-12 14:30:00+00:00,155.8300018310547,156.14999389648438,155.36000061035156,155.69000244140625,147.09860229492188,20310300,2017-12-12
2017-12-13 14:30:00+00:00,156.32000732421875,156.49000549316406,155.75999450683594,155.99000549316406,147.38206481933594,24418500,2017-12-13
2017-12-14 14:30:00+00:00,156.25999450683594,156.66000366210938,155.7100067138672,155.8800048828125,147.27813720703125,24594700,2017-12-14
2017-12-15 14:30:00+00:00,156.49000549316406,157.82000732421875,156.22999572753906,157.64999389648438,148.95042419433594,49816200,2017-12-15
2017-12-18 14:30:00+00:00,158.36000061035156,158.77000427246094,158.07000732421875,158.63999938964844,150.19921875,26844500,2017-12-18
2017-12-19 14:30:00+00:00,158.33999633789062,158.5,157.25999450683594,157.6999969482422,149.30926513671875,31415000,2017-12-19
2017-12-20 14:30:00+00:00,158.25,158.27999877929688,156.91000366210938,157.52999877929688,149.1483154296875,38972600,2017-12-20
2017-12-21 14:30:00+00:00,157.75,158.25,157.3699951171875,157.5500030517578,149.16729736328125,18638700,2017-12-21
2017-12-22 14:30:00+00:00,157.30999755859375,157.42999267578125,156.9499969482422,157.3699951171875,148.99681091308594,23330400,2017-12-22
2017-12-26 14:30:00+00:00,156.49000549316406,156.72000122070312,155.9499969482422,156.52000427246094,148.19204711914062,21918700,2017-12-26
2017-12-27 14:30:00+00:00,156.52999877929688,156.9600067138672,156.38999938964844,156.5399932861328,148.2110137939453,22388200,2017-12-27
2017-12-28 14:30:00+00:00,157.0399932861328,157.07000732421875,156.5399932861328,156.72999572753906,148.39089965820312,25393800,2017-12-28
2017-12-29 14:30:00+00:00,156.8699951171875,156.89999389648438,155.6999969482422,155.75999450683594,147.4724884033203,33186000,2017-12-29
2018-01-02 14:30:00+00:00,156.55999755859375,158.52999877929688,156.1699981689453,158.49000549316406,150.05722045898438,32573300,2018-01-02
2018-01-03 14:30:00+00:00,158.63999938964844,160.1699981689453,158.61000061035156,160.02999877929688,151.5153350830078,29383600,2018-01-03
2018-01-04 14:30:00+00:00,160.5800018310547,160.7899932861328,160.0800018310547,160.30999755859375,151.78033447265625,24776100,2018-01-04
2018-01-05 14:30:00+00:00,161.07000732421875,162.02999877929688,160.77000427246094,161.9199981689453,153.30471801757812,26992300,2018-01-05
2018-01-08 14:30:00+00:00,161.9199981689453,162.6300048828125,161.86000061035156,162.5500030517578,153.9012451171875,23159100,2018-01-08
2018-01-09 14:30:00+00:00,162.8699951171875,163.0399932861328,162.07000732421875,162.55999755859375,153.9107208251953,24782400,2018-01-09
2018-01-10 14:30:00+00:00,161.83999633789062,162.2100067138672,161.1199951171875,162.17999267578125,153.55091857910156,34004000,2018-01-10
2018-01-11 14:30:00+00:00,162.4600067138672,163.3000030517578,162.2100067138672,163.2899932861328,154.60183715820312,20473500,2018-01-11
2018-01-12 14:30:00+00:00,163.14999389648438,164.66000366210938,162.94000244140625,164.49000549316406,155.7379913330078,37762700,2018-01-12
2018-01-16 14:30:00+00:00,165.5800018310547,166.4199981689453,163.52999877929688,164.02000427246094,155.2930450439453,41231800,2018-01-16
2018-01-17 14:30:00+00:00,164.8000030517578,166.0399932861328,164.0,165.7899932861328,156.96881103515625,33849900,2018-01-17
2018-01-18 14:30:00+00:00,165.52999877929688,166.1999969482422,165.13999938964844,165.82000732421875,156.9972686767578,26432200,2018-01-18
2018-01-19 14:30:00+00:00,166.30999755859375,166.61000061035156,165.5399932861328,166.33999633789062,157.48956298828125,38937600,2018-01-19
2018-01-22 14:30:00+00:00,166.27999877929688,168.1199951171875,166.08999633789062,168.1199951171875,159.1748809814453,26081400,2018-01-22
2018-01-23 14:30:00+00:00,168.63999938964844,169.66000366210938,168.55999755859375,169.50999450683594,160.49093627929688,37989700,2018-01-23
2018-01-24 14:30:00+00:00,169.8699951171875,170.24000549316406,167.44000244140625,168.41000366210938,159.44940185546875,54287400,2018-01-24
2018-01-25 14:30:00+00:00,169.57000732421875,169.6300048828125,167.80999755859375,168.35000610351562,159.39263916015625,28925000,2018-01-25
2018-01-26 14:30:00+00:00,169.2899932861328,170.9499969482422,168.9600067138672,170.92999267578125,161.83531188964844,32038200,2018-01-26
2018-01-29 14:30:00+00:00,170.57000732421875,170.91000366210938,169.74000549316406,170.10000610351562,161.04953002929688,37277800,2018-01-29
2018-01-30 14:30:00+00:00,168.5500030517578,169.4199981689453,167.82000732421875,168.6999969482422,159.72396850585938,44987700,2018-01-30
2018-01-31 14:30:00+00:00,169.64999389648438,169.99000549316406,168.33999633789062,169.39999389648438,160.3867950439453,42449200,2018-01-31
2018-02-01 14:30:00+00:00,168.10000610351562,169.72999572753906,167.4199981689453,167.9600067138672,159.0234375,38037900,2018-02-01
2018-02-02 14:30:00+00:00,167.3000030517578,167.6999969482422,164.47000122070312,164.61000061035156,155.8516082763672,68478100,2018-02-02
2018-02-05 14:30:00+00:00,163.07000732421875,165.75,158.0,158.1199951171875,149.70693969726562,105372200,2018-02-05
2018-02-06 14:30:00+00:00,155.80999755859375,162.50999450683594,155.10000610351562,162.30999755859375,153.6739501953125,118537900,2018-02-06
2018-02-07 14:30:00+00:00,161.7899932861328,163.5500030517578,160.1999969482422,160.2100067138672,151.68582153320312,91028300,2018-02-07
2018-02-08 14:30:00+00:00,160.6199951171875,160.8000030517578,153.4499969482422,153.4499969482422,145.28541564941406,94184800,2018-02-08
2018-02-09 14:30:00+00:00,155.6199951171875,157.24000549316406,150.1300048828125,156.10000610351562,147.79441833496094,113836600,2018-02-09
2018-02-12 14:30:00+00:00,157.6999969482422,159.9499969482422,156.4600067138672,158.8699951171875,150.41702270507812,63050600,2018-02-12
2018-02-13 14:30:00+00:00,157.9600067138672,160.00999450683594,157.72000122070312,159.69000244140625,151.19337463378906,31785600,2018-02-13
2018-02-14 14:30:00+00:00,158.75,162.92999267578125,158.0,162.67999267578125,154.0242919921875,52107400,2018-02-14
2018-02-15 14:30:00+00:00,164.13999938964844,165.6999969482422,162.44000244140625,165.6999969482422,156.8836669921875,51633900,2018-02-15
2018-02-16 14:30:00+00:00,165.16000366210938,166.75999450683594,164.67999267578125,164.9600067138672,156.18296813964844,62256300,2018-02-16
2018-02-20 14:30:00+00:00,164.3800048828125,166.67999267578125,164.30999755859375,165.2899932861328,156.4954071044922,36785600,2018-02-20
2018-02-21 14:30:00+00:00,166.10000610351562,167.72000122070312,164.72000122070312,164.82000732421875,156.0504608154297,41161800,2018-02-21
2018-02-22 14:30:00+00:00,165.5399932861328,166.4199981689453,164.3800048828125,164.8000030517578,156.031494140625,37074400,2018-02-22
2018-02-23 14:30:00+00:00,166.1300048828125,168.1699981689453,165.4499969482422,168.1699981689453,159.22218322753906,50096900,2018-02-23
2018-02-26 14:30:00+00:00,168.9600067138672,170.39999389648438,168.82000732421875,170.39999389648438,161.3335418701172,39266700,2018-02-26
2018-02-27 14:30:00+00:00,170.4499969482422,170.72999572753906,168.2100067138672,168.2899932861328,159.33578491210938,42209900,2018-02-27
2018-02-28 14:30:00+00:00,169.25,169.8000030517578,167.10000610351562,167.2100067138672,158.3132781982422,42936300,2018-02-28
2018-03-01 14:30:00+00:00,167.3000030517578,168.07000732421875,163.0,164.47999572753906,155.728515625,76809900,2018-03-01
2018-03-02 14:30:00+00:00,162.5,166.27999877929688,161.9600067138672,165.99000549316406,157.158203125,57445100,2018-03-02
2018-03-05 14:30:00+00:00,165.2100067138672,168.25999450683594,164.58999633789062,167.8300018310547,158.9002685546875,38540200,2018-03-05
2018-03-06 14:30:00+00:00,168.64999389648438,169.11000061035156,167.47999572753906,168.5399932861328,159.57254028320312,29480900,2018-03-06
2018-03-07 14:30:00+00:00,167.25,169.07000732421875,166.9600067138672,168.92999267578125,159.9417724609375,34609400,2018-03-07
2018-03-08 14:30:00+00:00,169.6300048828125,169.97999572753906,168.9499969482422,169.86000061035156,160.82229614257812,25828400,2018-03-08
2018-03-09 14:30:00+00:00,171.07000732421875,173.16000366210938,170.82000732421875,173.16000366210938,163.94667053222656,38310500,2018-03-09
2018-03-12 13:30:00+00:00,173.6699981689453,174.47999572753906,173.27999877929688,174.0800018310547,164.81773376464844,37635000,2018-03-12
2018-03-13 13:30:00+00:00,174.47999572753906,175.2100067138672,171.27000427246094,171.7100067138672,162.57386779785156,55638900,2018-03-13
2018-03-14 13:30:00+00:00,172.61000061035156,172.74000549316406,170.92999267578125,171.67999267578125,162.54544067382812,40536400,2018-03-14
2018-03-15 13:30:00+00:00,171.8000030517578,172.52999877929688,170.89999389648438,171.52999877929688,162.40342712402344,28810400,2018-03-15
2018-03-16 13:30:00+00:00,171.82000732421875,172.1999969482422,170.94000244140625,171.02000427246094,161.92056274414062,31176700,2018-03-16
2018-03-19 13:30:00+00:00,169.10000610351562,169.22000122070312,165.63999938964844,167.10000610351562,158.46578979492188,71395100,2018-03-19
2018-03-20 13:30:00+00:00,167.1699981689453,168.0399932861328,166.61000061035156,167.64999389648438,158.98739624023438,34075700,2018-03-20
2018-03-21 13:30:00+00:00,167.2100067138672,168.75999450683594,166.19000244140625,166.9199981689453,158.29510498046875,43863500,2018-03-21
2018-03-22 13:30:00+00:00,164.61000061035156,165.77000427246094,162.58999633789062,162.8000030517578,154.38796997070312,66607300,2018-03-22
2018-03-23 13:30:00+00:00,162.61000061035156,163.3000030517578,158.42999267578125,158.50999450683594,150.3196563720703,80110400,2018-03-23
2018-03-26 13:30:00+00:00,161.72000122070312,164.60000610351562,159.16000366210938,164.39999389648438,155.90530395507812,57481500,2018-03-26
2018-03-27 13:30:00+00:00,165.6199951171875,165.6199951171875,157.67999267578125,159.0800018310547,150.8602294921875,78889100,2018-03-27
2018-03-28 13:30:00+00:00,158.1699981689453,159.77999877929688,156.0399932861328,157.25,149.1247100830078,89369700,2018-03-28
2018-03-29 13:30:00+00:00,158.10000610351562,161.7100067138672,156.6300048828125,160.1300048828125,151.85597229003906,68692600,2018-03-29
2018-04-02 13:30:00+00:00,158.99000549316406,159.74000549316406,153.8800048828125,155.50999450683594,147.47470092773438,85549400,2018-04-02
2018-04-03 13:30:00+00:00,156.8699951171875,157.9199981689453,154.44000244140625,157.25999450683594,149.13421630859375,64090000,2018-04-03
2018-04-04 13:30:00+00:00,154.22000122070312,160.22999572753906,154.0399932861328,159.74000549316406,151.48609924316406,65768700,2018-04-04
2018-04-05 13:30:00+00:00,161.3300018310547,161.5800018310547,159.47999572753906,160.64999389648438,152.34902954101562,43054900,2018-04-05
2018-04-06 13:30:00+00:00,158.8800048828125,160.4600067138672,155.8800048828125,156.6300048828125,148.5368194580078,59870900,2018-04-06
2018-04-09 13:30:00+00:00,157.97999572753906,160.8800048828125,157.4600067138672,157.72999572753906,149.57992553710938,41810400,2018-04-09
2018-04-10 13:30:00+00:00,160.2100067138672,161.72999572753906,159.07000732421875,161.2100067138672,152.880126953125,48296800,2018-04-10
2018-04-11 13:30:00+00:00,160.1999969482422,162.0,160.10000610351562,160.27999877929688,151.99815368652344,41622100,2018-04-11
2018-04-12 13:30:00+00:00,161.25,162.77000427246094,161.16000366210938,162.2100067138672,153.82846069335938,30467900,2018-04-12
2018-04-13 13:30:00+00:00,163.02000427246094,163.25999450683594,160.6699981689453,161.3699951171875,153.03187561035156,44604900,2018-04-13
2018-04-16 13:30:00+00:00,162.5,163.19000244140625,161.47999572753906,162.60000610351562,154.19834899902344,28180800,2018-04-16
2018-04-17 13:30:00+00:00,164.24000549316406,166.4600067138672,163.91000366210938,166.10000610351562,157.5174560546875,35536100,2018-04-17
2018-04-18 13:30:00+00:00,166.10000610351562,167.0,165.30999755859375,166.44000244140625,157.83995056152344,29573900,2018-04-18
2018-04-19 13:30:00+00:00,165.60000610351562,165.99000549316406,164.33999633789062,164.91000366210938,156.3889923095703,34705700,2018-04-19
2018-04-20 13:30:00+00:00,164.49000549316406,164.61000061035156,161.72999572753906,162.3000030517578,153.913818359375,49197100,2018-04-20
2018-04-23 13:30:00+00:00,163.08999633789062,163.72999572753906,161.02000427246094,161.88999938964844,153.5250244140625,33040600,2018-04-23
2018-04-24 13:30:00+00:00,162.66000366210938,162.91000366210938,157.38999938964844,158.4600067138672,150.2722930908203,70256800,2018-04-24
2018-04-25 13:30:00+00:00,158.74000549316406,159.30999755859375,156.47000122070312,158.64999389648438,150.45236206054688,52089300,2018-04-25
2018-04-26 13:30:00+00:00,160.6999969482422,162.52999877929688,160.17999267578125,161.99000549316406,153.6198272705078,43005500,2018-04-26
2018-04-27 13:30:00+00:00,164.3699951171875,164.41000366210938,161.1699981689453,162.08999633789062,153.7146453857422,51043400,2018-04-27
2018-04-30 13:30:00+00:00,162.47000122070312,163.47999572753906,160.5399932861328,160.94000244140625,152.62405395507812,35615300,2018-04-30
2018-05-01 13:30:00+00:00,160.52000427246094,162.8000030517578,160.13999938964844,162.77999877929688,154.36900329589844,36513500,2018-05-01
2018-05-02 13:30:00+00:00,163.05999755859375,163.57000732421875,161.6300048828125,161.82000732421875,153.4586639404297,38646800,2018-05-02
2018-05-03 13:30:00+00:00,161.0,162.39999389648438,159.22000122070312,161.8000030517578,153.4396514892578,60337100,2018-05-03
2018-05-04 13:30:00+00:00,161.10000610351562,165.25,160.97999572753906,164.8699951171875,156.35101318359375,41543200,2018-05-04
2018-05-07 13:30:00+00:00,165.63999938964844,166.77999877929688,165.50999450683594,166.24000549316406,157.6502227783203,32500200,2018-05-07
2018-05-08 13:30:00+00:00,165.88999938964844,166.42999267578125,164.86000061035156,166.07000732421875,157.48902893066406,26040200,2018-05-08
2018-05-09 13:30:00+00:00,166.3699951171875,168.0,165.77999877929688,167.8800048828125,159.2054901123047,29122700,2018-05-09
2018-05-10 13:30:00+00:00,168.4199981689453,169.74000549316406,168.2899932861328,169.6199951171875,160.85557556152344,27067600,2018-05-10
2018-05-11 13:30:00+00:00,169.4199981689453,169.86000061035156,168.72000122070312,169.4600067138672,160.70384216308594,24688800,2018-05-11
2018-05-14 13:30:00+00:00,169.85000610351562,170.82000732421875,169.47000122070312,169.75,160.9788818359375,21821700,2018-05-14
2018-05-15 13:30:00+00:00,168.41000366210938,168.5,166.97999572753906,167.8699951171875,159.19601440429688,49361600,2018-05-15
2018-05-16 13:30:00+00:00,168.08999633789062,169.3699951171875,168.00999450683594,168.97999572753906,160.24867248535156,22941200,2018-05-16
2018-05-17 13:30:00+00:00,168.38999938964844,169.61000061035156,167.50999450683594,168.3300018310547,159.6322021484375,27480200,2018-05-17
2018-05-18 13:30:00+00:00,167.67999267578125,168.25999450683594,167.2100067138672,167.4600067138672,158.80715942382812,26217900,2018-05-18
2018-05-21 13:30:00+00:00,168.75999450683594,169.5,167.67999267578125,168.39999389648438,159.69859313964844,22954600,2018-05-21
2018-05-22 13:30:00+00:00,169.1699981689453,169.4499969482422,167.8800048828125,168.17999267578125,159.48995971679688,19477700,2018-05-22
2018-05-23 13:30:00+00:00,166.89999389648438,169.6199951171875,166.8800048828125,169.60000610351562,160.836669921875,26557800,2018-05-23
2018-05-24 13:30:00+00:00,169.5500030517578,169.85000610351562,167.83999633789062,169.5500030517578,160.78921508789062,27696500,2018-05-24
2018-05-25 13:30:00+00:00,169.52999877929688,170.3300018310547,169.2100067138672,169.72000122070312,160.95046997070312,27460500,2018-05-25
2018-05-29 13:30:00+00:00,168.9499969482422,169.9199981689453,167.9600067138672,168.97000122070312,160.2392120361328,41220500,2018-05-29
2018-05-30 13:30:00+00:00,169.5800018310547,170.47999572753906,169.22000122070312,170.17999267578125,161.38665771484375,22665800,2018-05-30
2018-05-31 13:30:00+00:00,170.17999267578125,171.1999969482422,169.6300048828125,170.07000732421875,161.28236389160156,35670900,2018-05-31
2018-06-01 13:30:00+00:00,170.9199981689453,172.83999633789062,170.8699951171875,172.74000549316406,163.81439208984375,45543300,2018-06-01
2018-06-04 13:30:00+00:00,173.17999267578125,174.33999633789062,173.07000732421875,174.3000030517578,165.2937774658203,20459600,2018-06-04
2018-06-05 13:30:00+00:00,174.7100067138672,175.1300048828125,174.07000732421875,174.83999633789062,165.80584716796875,24779300,2018-06-05
2018-06-06 13:30:00+00:00,175.02000427246094,175.88999938964844,174.13999938964844,175.86000061035156,166.77317810058594,25036600,2018-06-06
2018-06-07 13:30:00+00:00,175.88999938964844,175.92999267578125,173.5500030517578,174.42999267578125,165.41705322265625,39600300,2018-06-07
2018-06-08 13:30:00+00:00,173.61000061035156,174.8800048828125,173.17999267578125,174.44000244140625,165.42648315429688,31780300,2018-06-08
2018-06-11 13:30:00+00:00,174.30999755859375,175.33999633789062,174.27999877929688,174.91000366210938,165.8721923828125,22319700,2018-06-11
2018-06-12 13:30:00+00:00,175.14999389648438,176.0,174.9600067138672,175.8300018310547,166.74473571777344,22511800,2018-06-12
2018-06-13 13:30:00+00:00,176.10000610351562,177.13999938964844,175.42999267578125,175.82000732421875,166.7352294921875,37858600,2018-06-13
2018-06-14 13:30:00+00:00,176.6300048828125,177.88999938964844,176.5,177.60000610351562,168.4232635498047,35916000,2018-06-14
2018-06-15 13:30:00+00:00,176.92999267578125,177.3300018310547,176.11000061035156,176.97999572753906,167.83531188964844,49615700,2018-06-15
2018-06-18 13:30:00+00:00,175.49000549316406,176.64999389648438,174.94000244140625,176.5,167.7383575439453,31633200,2018-06-18
2018-06-19 13:30:00+00:00,174.27000427246094,176.0399932861328,173.7100067138672,176.0,167.26318359375,38236000,2018-06-19
2018-06-20 13:30:00+00:00,176.80999755859375,177.97999572753906,176.64999389648438,177.25,168.45114135742188,33038000,2018-06-20
2018-06-21 13:30:00+00:00,177.6999969482422,177.8800048828125,175.3699951171875,175.7100067138672,166.9875946044922,43469400,2018-06-21
2018-06-22 13:30:00+00:00,176.3000030517578,176.3699951171875,174.69000244140625,175.32000732421875,166.61692810058594,30073200,2018-06-22
2018-06-25 13:30:00+00:00,173.72999572753906,173.99000549316406,169.80999755859375,171.3699951171875,162.86300659179688,77799700,2018-06-25
2018-06-26 13:30:00+00:00,172.0,173.05999755859375,171.3699951171875,172.07000732421875,163.5282745361328,39008100,2018-06-26
2018-06-27 13:30:00+00:00,172.8000030517578,173.5800018310547,169.61000061035156,169.72999572753906,161.304443359375,52843500,2018-06-27
2018-06-28 13:30:00+00:00,169.52000427246094,171.77000427246094,169.1699981689453,171.19000244140625,162.6919708251953,46407700,2018-06-28
2018-06-29 13:30:00+00:00,172.00999450683594,172.9199981689453,171.39999389648438,171.64999389648438,163.1290740966797,36408500,2018-06-29
2018-07-02 13:30:00+00:00,170.0399932861328,172.85000610351562,169.6699981689453,172.8000030517578,164.22206115722656,31770000,2018-07-02
2018-07-03 13:30:00+00:00,173.4499969482422,173.4499969482422,170.6300048828125,170.8000030517578,162.3212890625,25512700,2018-07-03
2018-07-05 13:30:00+00:00,171.91000366210938,173.05999755859375,171.02999877929688,172.9199981689453,164.33602905273438,31626200,2018-07-05
2018-07-06 13:30:00+00:00,173.32000732421875,175.74000549316406,173.0,175.61000061035156,166.8925323486328,37005600,2018-07-06
2018-07-09 13:30:00+00:00,176.52000427246094,177.22999572753906,175.82000732421875,177.19000244140625,168.39413452148438,27362100,2018-07-09
2018-07-10 13:30:00+00:00,177.52000427246094,177.72000122070312,176.7100067138672,177.32000732421875,168.51766967773438,23902500,2018-07-10
2018-07-11 13:30:00+00:00,175.92999267578125,177.07000732421875,175.8000030517578,176.4199981689453,167.66233825683594,30280600,2018-07-11
2018-07-12 13:30:00+00:00,177.1999969482422,179.4600067138672,177.0800018310547,179.4600067138672,170.55140686035156,27930100,2018-07-12
2018-07-13 13:30:00+00:00,179.4499969482422,179.89999389648438,178.9499969482422,179.61000061035156,170.69400024414062,28049800,2018-07-13
2018-07-16 13:30:00+00:00,179.64999389648438,179.9499969482422,178.8800048828125,179.17999267578125,170.28526306152344,21405300,2018-07-16
2018-07-17 13:30:00+00:00,177.27999877929688,180.64999389648438,177.27999877929688,180.27000427246094,171.3211669921875,31034100,2018-07-17
2018-07-18 13:30:00+00:00,180.2899932861328,180.44000244140625,179.3800048828125,179.92999267578125,170.99807739257812,23220800,2018-07-18
2018-07-19 13:30:00+00:00,179.27999877929688,179.8800048828125,178.82000732421875,179.02999877929688,170.14279174804688,31094100,2018-07-19
2018-07-20 13:30:00+00:00,179.57000732421875,180.1699981689453,178.7899932861328,178.99000549316406,170.104736328125,35897300,2018-07-20
2018-07-23 13:30:00+00:00,178.4600067138672,179.63999938964844,177.74000549316406,179.55999755859375,170.6464080810547,22184700,2018-07-23
2018-07-24 13:30:00+00:00,181.41000366210938,182.0500030517578,179.55999755859375,180.3000030517578,171.34974670410156,36900300,2018-07-24
2018-07-25 13:30:00+00:00,180.3800048828125,182.92999267578125,180.2899932861328,182.82000732421875,173.74462890625,35026600,2018-07-25
2018-07-26 13:30:00+00:00,180.33999633789062,180.9199981689453,179.80999755859375,180.0500030517578,171.1121063232422,40873500,2018-07-26
2018-07-27 13:30:00+00:00,181.19000244140625,181.30999755859375,176.60000610351562,177.6199951171875,168.80274963378906,59456100,2018-07-27
2018-07-30 13:30:00+00:00,177.6300048828125,177.72999572753906,174.27000427246094,175.11000061035156,166.4173583984375,60193000,2018-07-30
2018-07-31 13:30:00+00:00,175.8000030517578,177.1300048828125,174.82000732421875,176.4499969482422,167.69081115722656,47285100,2018-07-31
2018-08-01 13:30:00+00:00,176.86000061035156,177.64999389648438,176.10000610351562,177.1199951171875,168.3275604248047,37101900,2018-08-01
2018-08-02 13:30:00+00:00,175.8699951171875,179.74000549316406,175.7899932861328,179.52999877929688,170.61793518066406,47178200,2018-08-02
2018-08-03 13:30:00+00:00,179.8699951171875,180.08999633789062,179.0800018310547,180.0800018310547,171.140625,28934400,2018-08-03
2018-08-06 13:30:00+00:00,179.9600067138672,181.19000244140625,179.74000549316406,181.13999938964844,172.14796447753906,24808800,2018-08-06
2018-08-07 13:30:00+00:00,181.64999389648438,182.13999938964844,181.25999450683594,181.8000030517578,172.77525329589844,29895700,2018-08-07
2018-08-08 13:30:00+00:00,181.5500030517578,182.35000610351562,181.05999755859375,182.02000427246094,172.98435974121094,22680700,2018-08-08
2018-08-09 13:30:00+00:00,181.91000366210938,182.6300048828125,181.63999938964844,181.91000366210938,172.87982177734375,18852900,2018-08-09
2018-08-10 13:30:00+00:00,180.67999267578125,181.22000122070312,179.83999633789062,180.52000427246094,171.55877685546875,33818500,2018-08-10
2018-08-13 13:30:00+00:00,180.85000610351562,182.00999450683594,180.24000549316406,180.32000732421875,171.3687286376953,26089200,2018-08-13
2018-08-14 13:30:00+00:00,181.00999450683594,181.66000366210938,180.0399932861328,181.4499969482422,172.44259643554688,20913000,2018-08-14
2018-08-15 13:30:00+00:00,180.00999450683594,180.5800018310547,178.1199951171875,179.22999572753906,170.3328094482422,58528000,2018-08-15
2018-08-16 13:30:00+00:00,180.61000061035156,180.99000549316406,179.47000122070312,179.82000732421875,170.89356994628906,27711800,2018-08-16
2018-08-17 13:30:00+00:00,179.35000610351562,180.30999755859375,178.27000427246094,179.86000061035156,170.9315643310547,36092600,2018-08-17
2018-08-20 13:30:00+00:00,180.25999450683594,180.3300018310547,179.0,179.6999969482422,170.7794952392578,24939000,2018-08-20
2018-08-21 13:30:00+00:00,180.24000549316406,181.44000244140625,180.1300048828125,180.36000061035156,171.40676879882812,26258700,2018-08-21
2018-08-22 13:30:00+00:00,179.97999572753906,181.27000427246094,179.75,181.05999755859375,172.0719451904297,18042400,2018-08-22
2018-08-23 13:30:00+00:00,180.74000549316406,182.0500030517578,180.5,180.8000030517578,171.8248748779297,25776200,2018-08-23
2018-08-24 13:30:00+00:00,181.39999389648438,182.6300048828125,181.36000061035156,182.47999572753906,173.42149353027344,23136100,2018-08-24
2018-08-27 13:30:00+00:00,183.39999389648438,184.33999633789062,183.11000061035156,184.33999633789062,175.18917846679688,29343600,2018-08-27
2018-08-28 13:30:00+00:00,184.8300018310547,185.02000427246094,184.22000122070312,184.61000061035156,175.44577026367188,20277000,2018-08-28
2018-08-29 13:30:00+00:00,184.92999267578125,186.83999633789062,184.86000061035156,186.74000549316406,177.47003173828125,29175600,2018-08-29
2018-08-30 13:30:00+00:00,186.3800048828125,187.52000427246094,185.7899932861328,186.41000366210938,177.1564178466797,29315500,2018-08-30
2018-08-31 13:30:00+00:00,186.17999267578125,187.17999267578125,185.97999572753906,186.64999389648438,177.38446044921875,28653200,2018-08-31
2018-09-04 13:30:00+00:00,186.0800018310547,186.39999389648438,184.85000610351562,185.85000610351562,176.62423706054688,29063500,2018-09-04
2018-09-05 13:30:00+00:00,185.52000427246094,185.5500030517578,182.82000732421875,183.4499969482422,174.34329223632812,42623300,2018-09-05
2018-09-06 13:30:00+00:00,183.52999877929688,183.75,180.5800018310547,181.80999755859375,172.78475952148438,46091400,2018-09-06
2018-09-07 13:30:00+00:00,180.5,182.6699981689453,180.44000244140625,181.11000061035156,172.1195068359375,46629500,2018-09-07
2018-09-10 13:30:00+00:00,182.14999389648438,182.25,180.72999572753906,181.72000122070312,172.6992645263672,26132000,2018-09-10
2018-09-11 13:30:00+00:00,180.99000549316406,183.4199981689453,180.52000427246094,183.1199951171875,174.0297088623047,30116500,2018-09-11
2018-09-12 13:30:00+00:00,182.85000610351562,182.97999572753906,181.00999450683594,182.5800018310547,173.5165252685547,36204000,2018-09-12
2018-09-13 13:30:00+00:00,183.72000122070312,184.8800048828125,183.63999938964844,184.52999877929688,175.36972045898438,31133200,2018-09-13
2018-09-14 13:30:00+00:00,184.66000366210938,184.9499969482422,183.25999450683594,183.99000549316406,174.85655212402344,31224100,2018-09-14
2018-09-17 13:30:00+00:00,183.67999267578125,183.80999755859375,181.1699981689453,181.33999633789062,172.33807373046875,33071200,2018-09-17
2018-09-18 13:30:00+00:00,181.49000549316406,183.72999572753906,181.39999389648438,182.83999633789062,173.7636260986328,31877300,2018-09-18
2018-09-19 13:30:00+00:00,182.8699951171875,183.3000030517578,181.50999450683594,182.6999969482422,173.63058471679688,31843400,2018-09-19
2018-09-20 13:30:00+00:00,183.9600067138672,184.97000122070312,183.52000427246094,184.72000122070312,175.55027770996094,33295800,2018-09-20
2018-09-21 13:30:00+00:00,185.22000122070312,185.47999572753906,183.47999572753906,183.7100067138672,174.5904541015625,38605400,2018-09-21
2018-09-24 13:30:00+00:00,182.0500030517578,183.9600067138672,181.3000030517578,183.88999938964844,175.07601928710938,34945600,2018-09-24
2018-09-25 13:30:00+00:00,183.80999755859375,184.27999877929688,183.17999267578125,184.13999938964844,175.31398010253906,25277500,2018-09-25
2018-09-26 13:30:00+00:00,184.3000030517578,185.99000549316406,183.91000366210938,184.27000427246094,175.43780517578125,36210600,2018-09-26
2018-09-27 13:30:00+00:00,185.02000427246094,186.49000549316406,184.9199981689453,185.8300018310547,176.92298889160156,33113300,2018-09-27
2018-09-28 13:30:00+00:00,185.30999755859375,186.27999877929688,184.97000122070312,185.7899932861328,176.88494873046875,28076800,2018-09-28
2018-10-01 13:30:00+00:00,186.8699951171875,187.52999877929688,185.6999969482422,186.1699981689453,177.24668884277344,27371300,2018-10-01
2018-10-02 13:30:00+00:00,186.00999450683594,187.17999267578125,185.32000732421875,185.75,176.8468475341797,25618600,2018-10-02
2018-10-03 13:30:00+00:00,186.52999877929688,186.97000122070312,185.66000366210938,185.9499969482422,177.03724670410156,29128700,2018-10-03
2018-10-04 13:30:00+00:00,185.1999969482422,185.32000732421875,181.05999755859375,182.3800048828125,173.63841247558594,80557300,2018-10-04
2018-10-05 13:30:00+00:00,182.36000061035156,182.97000122070312,178.42999267578125,180.14999389648438,171.51524353027344,83325600,2018-10-05
2018-10-08 13:30:00+00:00,179.52000427246094,180.63999938964844,176.92999267578125,179.0500030517578,170.4679718017578,66864500,2018-10-08
2018-10-09 13:30:00+00:00,179.17999267578125,181.02000427246094,178.75,179.6300048828125,171.02015686035156,49097900,2018-10-09
2018-10-10 13:30:00+00:00,178.50999450683594,178.6199951171875,171.5,171.72999572753906,163.4988555908203,114471100,2018-10-10
2018-10-11 13:30:00+00:00,171.02000427246094,173.39999389648438,167.80999755859375,169.60000610351562,161.47097778320312,143084500,2018-10-11
2018-10-12 13:30:00+00:00,174.1699981689453,174.86000061035156,170.92999267578125,174.32000732421875,165.9646759033203,102078400,2018-10-12
2018-10-15 13:30:00+00:00,173.7100067138672,174.0399932861328,171.55999755859375,172.2100067138672,163.95579528808594,64885300,2018-10-15
2018-10-16 13:30:00+00:00,174.02000427246094,177.64999389648438,173.6999969482422,177.22000122070312,168.72569274902344,71979700,2018-10-16
2018-10-17 13:30:00+00:00,178.0800018310547,178.25999450683594,175.47000122070312,177.2899932861328,168.7923126220703,66987600,2018-10-17
2018-10-18 13:30:00+00:00,176.6199951171875,176.67999267578125,172.44000244140625,173.17999267578125,164.87928771972656,82486200,2018-10-18
2018-10-19 13:30:00+00:00,174.5800018310547,176.07000732421875,172.38999938964844,173.02000427246094,164.7270050048828,82923700,2018-10-19
2018-10-22 13:30:00+00:00,174.05999755859375,175.25,172.58999633789062,173.91000366210938,165.57435607910156,52909300,2018-10-22
2018-10-23 13:30:00+00:00,170.63999938964844,174.1300048828125,168.82000732421875,173.27000427246094,164.96502685546875,77567000,2018-10-23
2018-10-24 13:30:00+00:00,173.07000732421875,173.36000061035156,165.0399932861328,165.33999633789062,157.4150848388672,102997400,2018-10-24
2018-10-25 13:30:00+00:00,167.91000366210938,172.0800018310547,167.16000366210938,171.05999755859375,162.86099243164062,83481100,2018-10-25
2018-10-26 13:30:00+00:00,165.1999969482422,169.9600067138672,164.22999572753906,166.66000366210938,158.67185974121094,130970900,2018-10-26
2018-10-29 13:30:00+00:00,169.2100067138672,169.86000061035156,160.08999633789062,163.22999572753906,155.40623474121094,111871900,2018-10-29
2018-10-30 13:30:00+00:00,162.75,166.0399932861328,162.00999450683594,165.9199981689453,157.96734619140625,92584000,2018-10-30
2018-10-31 13:30:00+00:00,168.6199951171875,171.25,168.5399932861328,169.82000732421875,161.68035888671875,73828600,2018-10-31
2018-11-01 13:30:00+00:00,170.07000732421875,172.24000549316406,168.77999877929688,172.05999755859375,163.8130340576172,52706800,2018-11-01
2018-11-02 13:30:00+00:00,171.52999877929688,172.5500030517578,168.22000122070312,169.3800048828125,161.2614288330078,75966800,2018-11-02
2018-11-05 14:30:00+00:00,169.60000610351562,169.66000366210938,167.0800018310547,168.9600067138672,160.86158752441406,39573500,2018-11-05
2018-11-06 14:30:00+00:00,168.97000122070312,171.19000244140625,168.72000122070312,170.24000549316406,162.08026123046875,34410400,2018-11-06
2018-11-07 14:30:00+00:00,172.27999877929688,175.5800018310547,171.8699951171875,175.5800018310547,167.16427612304688,51169600,2018-11-07
2018-11-08 14:30:00+00:00,174.75999450683594,175.3000030517578,173.6300048828125,174.4600067138672,166.09800720214844,40296500,2018-11-08
2018-11-09 14:30:00+00:00,172.8300018310547,173.25,170.16000366210938,171.52000427246094,163.29888916015625,50602700,2018-11-09
2018-11-12 14:30:00+00:00,170.32000732421875,170.63999938964844,166.17999267578125,166.3300018310547,158.35768127441406,62578400,2018-11-12
2018-11-13 14:30:00+00:00,167.11000061035156,169.47999572753906,166.0,166.47000122070312,158.49095153808594,64128100,2018-11-13
2018-11-14 14:30:00+00:00,168.1199951171875,168.6999969482422,164.25,165.1999969482422,157.28179931640625,75270700,2018-11-14
2018-11-15 14:30:00+00:00,164.89999389648438,168.5399932861328,163.4600067138672,168.08999633789062,160.0332794189453,73254300,2018-11-15
2018-11-16 14:30:00+00:00,166.4499969482422,168.30999755859375,165.77999877929688,167.5,159.4715576171875,65390700,2018-11-16
2018-11-19 14:30:00+00:00,166.6999969482422,166.89999389648438,161.5399932861328,162.05999755859375,154.29229736328125,67280500,2018-11-19
2018-11-20 14:30:00+00:00,158.3699951171875,161.3800048828125,157.1300048828125,159.16000366210938,151.5313262939453,102652800,2018-11-20
2018-11-21 14:30:00+00:00,161.35000610351562,161.97000122070312,159.22999572753906,160.3699951171875,152.68331909179688,42965800,2018-11-21
2018-11-23 14:30:00+00:00,159.08999633789062,160.83999633789062,159.08999633789062,159.2100067138672,151.57894897460938,23503700,2018-11-23
2018-11-26 14:30:00+00:00,161.44000244140625,162.97000122070312,160.75999450683594,162.88999938964844,155.08251953125,42012600,2018-11-26
2018-11-27 14:30:00+00:00,162.0,163.85000610351562,161.17999267578125,163.44000244140625,155.6061553955078,36608100,2018-11-27
2018-11-28 14:30:00+00:00,164.6199951171875,168.6999969482422,163.47000122070312,168.6999969482422,160.6140594482422,70141000,2018-11-28
2018-11-29 14:30:00+00:00,167.99000549316406,169.25999450683594,166.82000732421875,168.14999389648438,160.0904541015625,44885700,2018-11-29
2018-11-30 14:30:00+00:00,168.3800048828125,169.47000122070312,167.5399932861328,169.3699951171875,161.25192260742188,36722800,2018-11-30
2018-12-03 14:30:00+00:00,173.11000061035156,173.30999755859375,169.50999450683594,172.3300018310547,164.07008361816406,50771700,2018-12-03
2018-12-04 14:30:00+00:00,171.42999267578125,171.91000366210938,165.52000427246094,165.72000122070312,157.77688598632812,70594700,2018-12-04
2018-12-06 14:30:00+00:00,162.3800048828125,166.91000366210938,161.77000427246094,166.88999938964844,158.89083862304688,71715500,2018-12-06
2018-12-07 14:30:00+00:00,166.16000366210938,167.1199951171875,160.86000061035156,161.3800048828125,153.64495849609375,80432200,2018-12-07
2018-12-10 14:30:00+00:00,161.0800018310547,163.77999877929688,159.41000366210938,163.07000732421875,155.25392150878906,73960800,2018-12-10
2018-12-11 14:30:00+00:00,165.72999572753906,165.77000427246094,162.22999572753906,163.61000061035156,155.76803588867188,59058300,2018-12-11
2018-12-12 14:30:00+00:00,166.0,167.60000610351562,164.9600067138672,165.0500030517578,157.1390380859375,53780000,2018-12-12
2018-12-13 14:30:00+00:00,166.1300048828125,166.82000732421875,164.02999877929688,165.10000610351562,157.1865997314453,46378500,2018-12-13
2018-12-14 14:30:00+00:00,163.2100067138672,163.80999755859375,160.6999969482422,161.0800018310547,153.35935974121094,56547400,2018-12-14
2018-12-17 14:30:00+00:00,160.38999938964844,161.6699981689453,156.1699981689453,157.42999267578125,149.8842315673828,74834100,2018-12-17
2018-12-18 14:30:00+00:00,158.64999389648438,159.9499969482422,157.0399932861328,158.4199981689453,150.82676696777344,63642100,2018-12-18
2018-12-19 14:30:00+00:00,158.17999267578125,160.72000122070312,153.33999633789062,154.52999877929688,147.1232147216797,81856500,2018-12-19
2018-12-20 14:30:00+00:00,154.14999389648438,155.8699951171875,150.38999938964844,152.2899932861328,144.99061584472656,99002100,2018-12-20
2018-12-21 14:30:00+00:00,153.0500030517578,154.08999633789062,146.72000122070312,147.57000732421875,140.49684143066406,141129400,2018-12-21
2018-12-24 14:30:00+00:00,146.0800018310547,147.97999572753906,143.4600067138672,143.5,137.0128173828125,56163300,2018-12-24
2018-12-26 14:30:00+00:00,145.0800018310547,152.5399932861328,144.08999633789062,152.4600067138672,145.56777954101562,98982100,2018-12-26
2018-12-27 14:30:00+00:00,150.3699951171875,153.17999267578125,147.0800018310547,153.0500030517578,146.13107299804688,85824300,2018-12-27
2018-12-28 14:30:00+00:00,154.14999389648438,155.58999633789062,151.72000122070312,152.97000122070312,146.05467224121094,77856600,2018-12-28
2018-12-31 14:30:00+00:00,154.47000122070312,154.97999572753906,152.7100067138672,154.25999450683594,147.28636169433594,53015300,2018-12-31
