source_timestamp_utc,open,high,low,close,adj_close,volume,session_date
2010-01-04 14:30:00+00:00,112.37000274658203,113.38999938964844,111.51000213623047,113.33000183105469,84.5784912109375,118944600,2010-01-04
2010-01-05 14:30:00+00:00,113.26000213623047,113.68000030517578,112.8499984741211,113.62999725341797,84.8023452758789,111579900,2010-01-05
2010-01-06 14:30:00+00:00,113.5199966430664,113.98999786376953,113.43000030517578,113.70999908447266,84.862060546875,116074400,2010-01-06
2010-01-07 14:30:00+00:00,113.5,114.33000183105469,113.18000030517578,114.19000244140625,85.22030639648438,131091100,2010-01-07
2010-01-08 14:30:00+00:00,113.88999938964844,114.62000274658203,113.66000366210938,114.56999969482422,85.50389099121094,126402800,2010-01-08
2010-01-11 14:30:00+00:00,115.08000183105469,115.12999725341797,114.23999786376953,114.7300033569336,85.62333679199219,106375700,2010-01-11
2010-01-12 14:30:00+00:00,113.97000122070312,114.20999908447266,113.22000122070312,113.66000366210938,84.82477569580078,163333500,2010-01-12
2010-01-13 14:30:00+00:00,113.94999694824219,114.94000244140625,113.37000274658203,114.62000274658203,85.54120635986328,161822000,2010-01-13
2010-01-14 14:30:00+00:00,114.48999786376953,115.13999938964844,114.41999816894531,114.93000030517578,85.77255249023438,115718800,2010-01-14
2010-01-15 14:30:00+00:00,114.7300033569336,114.83999633789062,113.19999694824219,113.63999938964844,84.80985260009766,212283100,2010-01-15
2010-01-19 14:30:00+00:00,113.62000274658203,115.12999725341797,113.58999633789062,115.05999755859375,85.86958312988281,139172700,2010-01-19
2010-01-20 14:30:00+00:00,114.27999877929688,114.44999694824219,112.9800033569336,113.88999938964844,84.99641418457031,216490200,2010-01-20
2010-01-21 14:30:00+00:00,113.91999816894531,114.2699966430664,111.55999755859375,111.69999694824219,83.36199951171875,344859600,2010-01-21
2010-01-22 14:30:00+00:00,111.19999694824219,111.73999786376953,109.08999633789062,109.20999908447266,81.50373077392578,345942400,2010-01-22
2010-01-25 14:30:00+00:00,110.20999908447266,110.41000366210938,109.41000366210938,109.7699966430664,81.92162322998047,186937500,2010-01-25
2010-01-26 14:30:00+00:00,109.33999633789062,110.47000122070312,109.04000091552734,109.30999755859375,81.5783462524414,211168800,2010-01-26
2010-01-27 14:30:00+00:00,109.16999816894531,110.08000183105469,108.33000183105469,109.83000183105469,81.96642303466797,271863600,2010-01-27
2010-01-28 14:30:00+00:00,110.19000244140625,110.25,107.91000366210938,108.56999969482422,81.02606964111328,316104000,2010-01-28
2010-01-29 14:30:00+00:00,109.04000091552734,109.80000305175781,107.22000122070312,107.38999938964844,80.14543151855469,310677600,2010-01-29
2010-02-01 14:30:00+00:00,108.1500015258789,109.06999969482422,107.5,109.05999755859375,81.39178466796875,187865000,2010-02-01
2010-02-02 14:30:00+00:00,109.26000213623047,110.58999633789062,108.87999725341797,110.37999725341797,82.37688446044922,216327900,2010-02-02
2010-02-03 14:30:00+00:00,109.87999725341797,110.4800033569336,109.51000213623047,109.83000183105469,81.96642303466797,172730700,2010-02-03
2010-02-04 14:30:00+00:00,108.9800033569336,109.02999877929688,106.41999816894531,106.44000244140625,79.43647003173828,356715700,2010-02-04
2010-02-05 14:30:00+00:00,106.55999755859375,106.87999725341797,104.58000183105469,106.66000366210938,79.60066223144531,493585800,2010-02-05
2010-02-08 14:30:00+00:00,106.73999786376953,107.33000183105469,105.80999755859375,105.88999938964844,79.02597045898438,224166900,2010-02-08
2010-02-09 14:30:00+00:00,107.12999725341797,108.1500015258789,106.2699966430664,107.22000122070312,80.01856231689453,337820500,2010-02-09
2010-02-10 14:30:00+00:00,107.05000305175781,107.5999984741211,106.11000061035156,107.01000213623047,79.8618392944336,240511500,2010-02-10
2010-02-11 14:30:00+00:00,106.87000274658203,108.25,106.25,108.12999725341797,80.69770812988281,223591600,2010-02-11
2010-02-12 14:30:00+00:00,106.98999786376953,108.0999984741211,106.51000213623047,108.04000091552734,80.63052368164062,304622100,2010-02-12
2010-02-16 14:30:00+00:00,108.86000061035156,109.8499984741211,107.81999969482422,109.73999786376953,81.89928436279297,159317500,2010-02-16
2010-02-17 14:30:00+00:00,110.2699966430664,110.41000366210938,109.73999786376953,110.26000213623047,82.28736114501953,168845100,2010-02-17
2010-02-18 14:30:00+00:00,110.08000183105469,111.13999938964844,110.04000091552734,110.91000366210938,82.77240753173828,193708600,2010-02-18
2010-02-19 14:30:00+00:00,110.62000274658203,111.56999969482422,110.36000061035156,111.13999938964844,82.94408416748047,222684900,2010-02-19
2010-02-22 14:30:00+00:00,111.55000305175781,111.58000183105469,110.83000183105469,111.16000366210938,82.9590072631836,132346900,2010-02-22
2010-02-23 14:30:00+00:00,110.86000061035156,111.19999694824219,109.5199966430664,109.80999755859375,81.95146179199219,207497000,2010-02-23
2010-02-24 14:30:00+00:00,110.13999938964844,111.0,109.86000061035156,110.81999969482422,82.70525360107422,176350700,2010-02-24
2010-02-25 14:30:00+00:00,109.23999786376953,110.75,108.94000244140625,110.66999816894531,82.59334564208984,259634700,2010-02-25
2010-02-26 14:30:00+00:00,110.7699966430664,111.12000274658203,110.11000061035156,110.73999786376953,82.64557647705078,173589300,2010-02-26
2010-03-01 14:30:00+00:00,111.19999694824219,112.0,111.16999816894531,111.88999938964844,83.50379943847656,147709700,2010-03-01
2010-03-02 14:30:00+00:00,112.37000274658203,112.73999786376953,112.0,112.19999694824219,83.73515319824219,160992400,2010-03-02
2010-03-03 14:30:00+00:00,112.48999786376953,112.97000122070312,112.0199966430664,112.30000305175781,83.80977630615234,150785000,2010-03-03
2010-03-04 14:30:00+00:00,112.44999694824219,112.80000305175781,112.02999877929688,112.63999938964844,84.06351470947266,135770400,2010-03-04
2010-03-05 14:30:00+00:00,113.37000274658203,114.33999633789062,113.0999984741211,114.25,85.26510620117188,176118800,2010-03-05
2010-03-08 14:30:00+00:00,114.26000213623047,114.5199966430664,114.06999969482422,114.2699966430664,85.2800064086914,114631200,2010-03-08
2010-03-09 14:30:00+00:00,113.93000030517578,114.98999786376953,113.87000274658203,114.45999908447266,85.42179870605469,154556700,2010-03-09
2010-03-10 14:30:00+00:00,114.51000213623047,115.27999877929688,114.41000366210938,114.97000122070312,85.80241394042969,186088800,2010-03-10
2010-03-11 14:30:00+00:00,114.69999694824219,115.4800033569336,114.3499984741211,115.44999694824219,86.16065216064453,160791100,2010-03-11
2010-03-12 14:30:00+00:00,115.94999694824219,115.97000122070312,115.13999938964844,115.45999908447266,86.1680908203125,162074800,2010-03-12
2010-03-15 13:30:00+00:00,115.26000213623047,115.56999969482422,114.5999984741211,115.48999786376953,86.19049835205078,146816800,2010-03-15
2010-03-16 13:30:00+00:00,115.80999755859375,116.5199966430664,115.48999786376953,116.41000366210938,86.87708282470703,168673000,2010-03-16
2010-03-17 13:30:00+00:00,116.76000213623047,117.4800033569336,116.41999816894531,117.0999984741211,87.39204406738281,177468100,2010-03-17
2010-03-18 13:30:00+00:00,117.11000061035156,117.2699966430664,116.56999969482422,117.04000091552734,87.34728240966797,196509100,2010-03-18
2010-03-19 13:30:00+00:00,115.97000122070312,117.29000091552734,115.5199966430664,115.97000122070312,86.90513610839844,226641100,2010-03-19
2010-03-22 13:30:00+00:00,115.30999755859375,116.80000305175781,115.23999786376953,116.58999633789062,87.3697509765625,184477800,2010-03-22
2010-03-23 13:30:00+00:00,116.76000213623047,117.51000213623047,116.37999725341797,117.41000366210938,87.9842300415039,182941600,2010-03-23
2010-03-24 13:30:00+00:00,116.97000122070312,117.43000030517578,115.58000183105469,116.83999633789062,87.5571060180664,196072600,2010-03-24
2010-03-25 13:30:00+00:00,117.62999725341797,118.16999816894531,116.51000213623047,116.6500015258789,87.41468811035156,223396300,2010-03-25
2010-03-26 13:30:00+00:00,116.87000274658203,117.41999816894531,116.12000274658203,116.58000183105469,87.36223602294922,205808500,2010-03-26
2010-03-29 13:30:00+00:00,117.16999816894531,117.52999877929688,116.69000244140625,117.31999969482422,87.91680145263672,134513500,2010-03-29
2010-03-30 13:30:00+00:00,117.45999908447266,117.83000183105469,116.91000366210938,117.4000015258789,87.97674560546875,145772500,2010-03-30
2010-03-31 13:30:00+00:00,116.94999694824219,117.5199966430664,116.61000061035156,117.0,87.67696380615234,161078700,2010-03-31
2010-04-01 13:30:00+00:00,117.80000305175781,118.25,117.0999984741211,117.80000305175781,88.27650451660156,161215200,2010-04-01
2010-04-05 13:30:00+00:00,118.25,118.83999633789062,117.91999816894531,118.76000213623047,88.99589538574219,105847600,2010-04-05
2010-04-06 13:30:00+00:00,118.41999816894531,119.25,118.29000091552734,119.04000091552734,89.2057113647461,110384200,2010-04-06
2010-04-07 13:30:00+00:00,118.80000305175781,119.36000061035156,117.80999755859375,118.36000061035156,88.69615173339844,184576300,2010-04-07
2010-04-08 13:30:00+00:00,117.94999694824219,118.97000122070312,117.5999984741211,118.7699966430664,89.00337982177734,158704000,2010-04-08
2010-04-09 13:30:00+00:00,119.0199966430664,119.5999984741211,118.80000305175781,119.55000305175781,89.58789825439453,133006500,2010-04-09
2010-04-12 13:30:00+00:00,119.69999694824219,120.05000305175781,119.55999755859375,119.73999786376953,89.73028564453125,110279000,2010-04-12
2010-04-13 13:30:00+00:00,119.62000274658203,120.04000091552734,119.0,119.83000183105469,89.7977294921875,125043600,2010-04-13
2010-04-14 13:30:00+00:00,120.2699966430664,121.19000244140625,120.08000183105469,121.19000244140625,90.8168716430664,161609000,2010-04-14
2010-04-15 13:30:00+00:00,120.98999786376953,121.56999969482422,120.94999694824219,121.29000091552734,90.89176940917969,144615300,2010-04-15
2010-04-16 13:30:00+00:00,120.86000061035156,121.29000091552734,118.75,119.36000061035156,89.44551086425781,366786700,2010-04-16
2010-04-19 13:30:00+00:00,119.01000213623047,119.93000030517578,118.47000122070312,119.80999755859375,89.78271484375,217947800,2010-04-19
2010-04-20 13:30:00+00:00,120.55999755859375,120.9800033569336,119.87000274658203,120.87999725341797,90.58454132080078,157708000,2010-04-20
2010-04-21 13:30:00+00:00,120.94999694824219,121.2300033569336,119.98999786376953,120.66000366210938,90.41968536376953,192910100,2010-04-21
2010-04-22 13:30:00+00:00,119.80999755859375,121.16999816894531,119.12000274658203,121.0199966430664,90.68946838378906,115360300,2010-04-22
2010-04-23 13:30:00+00:00,120.94000244140625,121.86000061035156,120.62999725341797,121.80999755859375,91.28150177001953,177335500,2010-04-23
2010-04-26 13:30:00+00:00,121.8499984741211,122.12000274658203,121.2300033569336,121.3499984741211,90.93675231933594,143457300,2010-04-26
2010-04-27 13:30:00+00:00,120.6500015258789,121.33999633789062,118.25,118.4800033569336,88.78605651855469,355853300,2010-04-27
2010-04-28 13:30:00+00:00,119.05000305175781,119.68000030517578,118.2699966430664,119.37999725341797,89.46051025390625,300674100,2010-04-28
2010-04-29 13:30:00+00:00,120.0999984741211,121.11000061035156,120.06999969482422,120.86000061035156,90.56956481933594,193775000,2010-04-29
2010-04-30 13:30:00+00:00,120.87999725341797,121.01000213623047,118.77999877929688,118.80999755859375,89.03335571289062,270000900,2010-04-30
2010-05-03 13:30:00+00:00,119.37999725341797,120.68000030517578,119.19999694824219,120.3499984741211,90.18738555908203,182747900,2010-05-03
2010-05-04 13:30:00+00:00,119.01000213623047,119.02999877929688,116.91999816894531,117.5199966430664,88.066650390625,360353400,2010-05-04
2010-05-05 13:30:00+00:00,116.55999755859375,117.80000305175781,115.97000122070312,116.81999969482422,87.54212188720703,328973200,2010-05-05
2010-05-06 13:30:00+00:00,116.26000213623047,117.0,105.0,112.94000244140625,84.63448333740234,647356600,2010-05-06
2010-05-07 13:30:00+00:00,112.63999938964844,113.7699966430664,109.41000366210938,111.26000213623047,83.37557220458984,637558800,2010-05-07
2010-05-10 13:30:00+00:00,115.80999755859375,116.6500015258789,114.91000366210938,116.16000366210938,87.04753112792969,396159600,2010-05-10
2010-05-11 13:30:00+00:00,115.06999969482422,117.36000061035156,114.91000366210938,115.83000183105469,86.80022430419922,317849800,2010-05-11
2010-05-12 13:30:00+00:00,116.29000091552734,117.62000274658203,116.08999633789062,117.44999694824219,88.0141830444336,235607100,2010-05-12
2010-05-13 13:30:00+00:00,117.12999725341797,117.68000030517578,115.88999938964844,115.98999786376953,86.92012786865234,234452500,2010-05-13
2010-05-14 13:30:00+00:00,115.12000274658203,115.33000183105469,112.87000274658203,113.88999938964844,85.34646606445312,345601400,2010-05-14
2010-05-17 13:30:00+00:00,114.19999694824219,114.5199966430664,111.7699966430664,113.94999694824219,85.39140319824219,325739800,2010-05-17
2010-05-18 13:30:00+00:00,114.87999725341797,115.22000122070312,112.02999877929688,112.4000015258789,84.22985076904297,360556800,2010-05-18
2010-05-19 13:30:00+00:00,111.7699966430664,112.7699966430664,110.36000061035156,111.76000213623047,83.7502670288086,394742700,2010-05-19
2010-05-20 13:30:00+00:00,109.37999725341797,109.88999938964844,107.47000122070312,107.54000091552734,80.587890625,530418300,2010-05-20
2010-05-21 13:30:00+00:00,105.91000366210938,109.37999725341797,105.36000061035156,109.11000061035156,81.76443481445312,500909400,2010-05-21
2010-05-24 13:30:00+00:00,108.5199966430664,109.38999938964844,107.61000061035156,107.70999908447266,80.71529388427734,269823000,2010-05-24
2010-05-25 13:30:00+00:00,105.11000061035156,107.87000274658203,104.37999725341797,107.81999969482422,80.7977294921875,396505200,2010-05-25
2010-05-26 13:30:00+00:00,108.4800033569336,109.47000122070312,106.8499984741211,107.16999816894531,80.31062316894531,349719300,2010-05-26
2010-05-27 13:30:00+00:00,109.19000244140625,110.80000305175781,108.77999877929688,110.76000213623047,83.00089263916016,300870500,2010-05-27
2010-05-28 13:30:00+00:00,110.63999938964844,110.72000122070312,108.8499984741211,109.37000274658203,81.9592514038086,297933500,2010-05-28
2010-06-01 13:30:00+00:00,108.3499984741211,109.94999694824219,107.37000274658203,107.52999877929688,80.58038330078125,277909400,2010-06-01
2010-06-02 13:30:00+00:00,108.08000183105469,110.33999633789062,107.51000213623047,110.33000183105469,82.67868041992188,240243700,2010-06-02
2010-06-03 13:30:00+00:00,110.6500015258789,111.05999755859375,109.58000183105469,110.70999908447266,82.96343231201172,226618300,2010-06-03
2010-06-04 13:30:00+00:00,108.61000061035156,109.33000183105469,106.45999908447266,106.81999969482422,80.04837036132812,398475600,2010-06-04
2010-06-07 13:30:00+00:00,107.19999694824219,107.61000061035156,105.41000366210938,105.48999786376953,79.05167388916016,264609100,2010-06-07
2010-06-08 13:30:00+00:00,105.56999969482422,106.83000183105469,104.6500015258789,106.62000274658203,79.89846801757812,357774300,2010-06-08
2010-06-09 13:30:00+00:00,107.23999786376953,108.27999877929688,105.5999984741211,106.05000305175781,79.47132873535156,268023300,2010-06-09
2010-06-10 13:30:00+00:00,107.86000061035156,109.27999877929688,106.04000091552734,109.1500015258789,81.79438781738281,317890600,2010-06-10
2010-06-11 13:30:00+00:00,108.19000244140625,109.75,108.12000274658203,109.68000030517578,82.19155883789062,214128200,2010-06-11
2010-06-14 13:30:00+00:00,110.5199966430664,111.12000274658203,109.4000015258789,109.51000213623047,82.0641860961914,207196100,2010-06-14
2010-06-15 13:30:00+00:00,110.27999877929688,112.0999984741211,110.08999633789062,112.0,83.93010711669922,238268700,2010-06-15
2010-06-16 13:30:00+00:00,111.41999816894531,112.41999816894531,111.19999694824219,111.95999908447266,83.90013122558594,216374000,2010-06-16
2010-06-17 13:30:00+00:00,112.27999877929688,112.33000183105469,111.05000305175781,112.13999938964844,84.03501892089844,263185800,2010-06-17
2010-06-18 13:30:00+00:00,111.83000183105469,112.12999725341797,111.37000274658203,111.7300033569336,84.12612915039062,174006600,2010-06-18
2010-06-21 13:30:00+00:00,113.12000274658203,113.19999694824219,110.79000091552734,111.41000366210938,83.88518524169922,213140700,2010-06-21
2010-06-22 13:30:00+00:00,111.41000366210938,111.9000015258789,109.41000366210938,109.56999969482422,82.4997787475586,239355400,2010-06-22
2010-06-23 13:30:00+00:00,109.63999938964844,110.02999877929688,108.4800033569336,109.2300033569336,82.24378204345703,254639900,2010-06-23
2010-06-24 13:30:00+00:00,108.69000244140625,108.83000183105469,107.13999938964844,107.41999816894531,80.88094329833984,268523600,2010-06-24
2010-06-25 13:30:00+00:00,107.73999786376953,108.41999816894531,106.7699966430664,107.87000274658203,81.21977996826172,238726500,2010-06-25
2010-06-28 13:30:00+00:00,108.02999877929688,108.31999969482422,107.13999938964844,107.52999877929688,80.96379852294922,169218600,2010-06-28
2010-06-29 13:30:00+00:00,106.0199966430664,107.51000213623047,103.55000305175781,104.20999908447266,78.46399688720703,373649500,2010-06-29
2010-06-30 13:30:00+00:00,103.91999816894531,104.87999725341797,102.87999725341797,103.22000122070312,77.71858215332031,284101700,2010-06-30
2010-07-01 13:30:00+00:00,103.1500015258789,103.48999786376953,101.12999725341797,102.76000213623047,77.37224578857422,382924800,2010-07-01
2010-07-02 13:30:00+00:00,103.11000061035156,103.41999816894531,101.62000274658203,102.19999694824219,76.95060729980469,233385200,2010-07-02
2010-07-06 13:30:00+00:00,103.63999938964844,104.37000274658203,101.87999725341797,102.87000274658203,77.4550552368164,256935300,2010-07-06
2010-07-07 13:30:00+00:00,103.12999725341797,106.23999786376953,103.0199966430664,106.11000061035156,79.89458465576172,253769400,2010-07-07
2010-07-08 13:30:00+00:00,107.0,107.27999877929688,105.91000366210938,107.16000366210938,80.68521118164062,210842100,2010-07-08
2010-07-09 13:30:00+00:00,107.12999725341797,107.97000122070312,106.93000030517578,107.95999908447266,81.28752899169922,144999900,2010-07-09
2010-07-12 13:30:00+00:00,107.5999984741211,108.23999786376953,107.1500015258789,108.02999877929688,81.34024810791016,131283600,2010-07-12
2010-07-13 13:30:00+00:00,109.1500015258789,110.08999633789062,108.93000030517578,109.66000366210938,82.56755065917969,213025900,2010-07-13
2010-07-14 13:30:00+00:00,109.30999755859375,110.08000183105469,108.86000061035156,109.6500015258789,82.56002807617188,184426800,2010-07-14
2010-07-15 13:30:00+00:00,109.61000061035156,110.05999755859375,108.16999816894531,109.68000030517578,82.58260345458984,232337900,2010-07-15
2010-07-16 13:30:00+00:00,109.08999633789062,109.20999908447266,106.44999694824219,106.66000366210938,80.30870056152344,282693400,2010-07-16
2010-07-19 13:30:00+00:00,107.05000305175781,107.62999725341797,106.22000122070312,107.29000091552734,80.78308868408203,186709000,2010-07-19
2010-07-20 13:30:00+00:00,105.87000274658203,108.55999755859375,105.81999969482422,108.4800033569336,81.67908477783203,258162400,2010-07-20
2010-07-21 13:30:00+00:00,109.04000091552734,109.06999969482422,106.62999725341797,107.06999969482422,80.61740112304688,264527000,2010-07-21
2010-07-22 13:30:00+00:00,108.33999633789062,109.94000244140625,108.33000183105469,109.45999908447266,82.41693878173828,274781300,2010-07-22
2010-07-23 13:30:00+00:00,109.23999786376953,110.56999969482422,108.93000030517578,110.41000366210938,83.13225555419922,222020800,2010-07-23
2010-07-26 13:30:00+00:00,110.5999984741211,111.66999816894531,110.29000091552734,111.55999755859375,83.99812316894531,184445700,2010-07-26
2010-07-27 13:30:00+00:00,112.16999816894531,112.29000091552734,111.11000061035156,111.55000305175781,83.99058532714844,204855600,2010-07-27
2010-07-28 13:30:00+00:00,111.31999969482422,111.66000366210938,110.45999908447266,110.83000183105469,83.44849395751953,163056200,2010-07-28
2010-07-29 13:30:00+00:00,111.5199966430664,111.81999969482422,109.41000366210938,110.29000091552734,83.04190063476562,220149100,2010-07-29
2010-07-30 13:30:00+00:00,109.16999816894531,110.86000061035156,108.9800033569336,110.2699966430664,83.02684020996094,220070600,2010-07-30
2010-08-02 13:30:00+00:00,111.98999786376953,112.94000244140625,111.54000091552734,112.76000213623047,84.90165710449219,188263200,2010-08-02
2010-08-03 13:30:00+00:00,112.4800033569336,112.7699966430664,111.8499984741211,112.22000122070312,84.49506378173828,146657300,2010-08-03
2010-08-04 13:30:00+00:00,112.52999877929688,113.11000061035156,112.16000366210938,112.97000122070312,85.05978393554688,158171700,2010-08-04
2010-08-05 13:30:00+00:00,112.25,112.91000366210938,112.08000183105469,112.8499984741211,84.96942901611328,140473800,2010-08-05
2010-08-06 13:30:00+00:00,111.73999786376953,112.56999969482422,110.91999816894531,112.38999938964844,84.62308502197266,239728300,2010-08-06
2010-08-09 13:30:00+00:00,112.91999816894531,113.18000030517578,112.31999969482422,112.98999786376953,85.0748519897461,120800400,2010-08-09
2010-08-10 13:30:00+00:00,112.02999877929688,112.9800033569336,111.37000274658203,112.37999725341797,84.61552429199219,242916300,2010-08-10
2010-08-11 13:30:00+00:00,110.6500015258789,110.69000244140625,109.12000274658203,109.30000305175781,82.2964859008789,273406900,2010-08-11
2010-08-12 13:30:00+00:00,107.6500015258789,109.0199966430664,107.5999984741211,108.62999725341797,81.7920150756836,239542600,2010-08-12
2010-08-13 13:30:00+00:00,108.29000091552734,108.95999908447266,108.18000030517578,108.30999755859375,81.55106353759766,158698500,2010-08-13
2010-08-16 13:30:00+00:00,107.56999969482422,108.61000061035156,107.18000030517578,108.26000213623047,81.51344299316406,147895300,2010-08-16
2010-08-17 13:30:00+00:00,109.19000244140625,110.38999938964844,108.87999725341797,109.58999633789062,82.51480865478516,172270300,2010-08-17
2010-08-18 13:30:00+00:00,109.54000091552734,110.37999725341797,108.91000366210938,109.79000091552734,82.6654281616211,182922100,2010-08-18
2010-08-19 13:30:00+00:00,109.22000122070312,109.48999786376953,107.43000030517578,107.87999725341797,81.2273178100586,265847600,2010-08-19
2010-08-20 13:30:00+00:00,107.55999755859375,107.94000244140625,106.75,107.52999877929688,80.96379852294922,209714200,2010-08-20
2010-08-23 13:30:00+00:00,108.04000091552734,108.56999969482422,107.06999969482422,107.12000274658203,80.65507507324219,163490300,2010-08-23
2010-08-24 13:30:00+00:00,105.94999694824219,106.38999938964844,104.97000122070312,105.52999877929688,79.45785522460938,280677800,2010-08-24
2010-08-25 13:30:00+00:00,104.94999694824219,106.33999633789062,104.29000091552734,105.94000244140625,79.76661682128906,272234800,2010-08-25
2010-08-26 13:30:00+00:00,106.44000244140625,106.58000183105469,104.87999725341797,105.2300033569336,79.23200988769531,224439500,2010-08-26
2010-08-27 13:30:00+00:00,105.88999938964844,106.97000122070312,104.30999755859375,106.86000061035156,80.45934295654297,272649000,2010-08-27
2010-08-30 13:30:00+00:00,106.58000183105469,106.91000366210938,105.30000305175781,105.30999755859375,79.292236328125,167238600,2010-08-30
2010-08-31 13:30:00+00:00,104.91999816894531,105.9800033569336,104.48999786376953,105.30999755859375,79.292236328125,273933100,2010-08-31
2010-09-01 13:30:00+00:00,106.7300033569336,108.61000061035156,106.66000366210938,108.45999908447266,81.66401672363281,256828100,2010-09-01
2010-09-02 13:30:00+00:00,108.72000122070312,109.48999786376953,108.48999786376953,109.47000122070312,82.42446899414062,156112200,2010-09-02
2010-09-03 13:30:00+00:00,110.54000091552734,110.98999786376953,109.94999694824219,110.88999938964844,83.49368286132812,212197300,2010-09-03
2010-09-07 13:30:00+00:00,110.37000274658203,110.51000213623047,109.55000305175781,109.63999938964844,82.552490234375,141973700,2010-09-07
2010-09-08 13:30:00+00:00,109.86000061035156,110.8499984741211,109.80999755859375,110.41000366210938,83.13225555419922,149924400,2010-09-08
2010-09-09 13:30:00+00:00,111.6500015258789,111.68000030517578,110.62000274658203,110.91999816894531,83.51624298095703,147017900,2010-09-09
2010-09-10 13:30:00+00:00,111.12000274658203,111.61000061035156,110.87000274658203,111.4800033569336,83.93789672851562,127819000,2010-09-10
2010-09-13 13:30:00+00:00,112.58000183105469,112.94999694824219,112.12999725341797,112.72000122070312,84.87152862548828,178503500,2010-09-13
2010-09-14 13:30:00+00:00,112.5,113.29000091552734,112.08000183105469,112.6500015258789,84.81881713867188,209823600,2010-09-14
2010-09-15 13:30:00+00:00,112.31999969482422,113.20999908447266,111.9800033569336,113.08000183105469,85.14259338378906,168608400,2010-09-15
2010-09-16 13:30:00+00:00,112.7300033569336,113.12000274658203,112.3499984741211,113.05000305175781,85.12002563476562,199962900,2010-09-16
2010-09-17 13:30:00+00:00,113.04000091552734,113.1500015258789,112.18000030517578,112.48999786376953,85.15180969238281,195836900,2010-09-17
2010-09-20 13:30:00+00:00,112.87999725341797,114.45999908447266,112.5199966430664,114.20999908447266,86.45379638671875,214555200,2010-09-20
2010-09-21 13:30:00+00:00,114.30000305175781,114.83999633789062,113.51000213623047,113.9800033569336,86.27970123291016,268389100,2010-09-21
2010-09-22 13:30:00+00:00,113.80000305175781,114.44000244140625,113.0999984741211,113.41999816894531,85.85575866699219,191322400,2010-09-22
2010-09-23 13:30:00+00:00,112.48999786376953,113.66999816894531,112.18000030517578,112.5,85.15935516357422,202354300,2010-09-23
2010-09-24 13:30:00+00:00,113.75,114.9000015258789,113.6500015258789,114.81999969482422,86.91552734375,209671800,2010-09-24
2010-09-27 13:30:00+00:00,114.86000061035156,114.98999786376953,114.16000366210938,114.2699966430664,86.49923706054688,128761800,2010-09-27
2010-09-28 13:30:00+00:00,114.41999816894531,115.04000091552734,113.18000030517578,114.66999816894531,86.80200958251953,209207500,2010-09-28
2010-09-29 13:30:00+00:00,114.37999725341797,114.91000366210938,114.0199966430664,114.47000122070312,86.65061950683594,179665800,2010-09-29
2010-09-30 13:30:00+00:00,115.05000305175781,115.79000091552734,113.58999633789062,114.12999725341797,86.39324951171875,287106700,2010-09-30
2010-10-01 13:30:00+00:00,114.98999786376953,115.12000274658203,113.93000030517578,114.61000061035156,86.75657653808594,174638700,2010-10-01
2010-10-04 13:30:00+00:00,114.37000274658203,114.8499984741211,113.18000030517578,113.75,86.1055908203125,166153200,2010-10-04
2010-10-05 13:30:00+00:00,114.80000305175781,116.31999969482422,114.66999816894531,116.04000091552734,87.83905792236328,229634100,2010-10-05
2010-10-06 13:30:00+00:00,116.0199966430664,116.33000183105469,115.55999755859375,116.02999877929688,87.83148193359375,148626600,2010-10-06
2010-10-07 13:30:00+00:00,116.5,116.52999877929688,115.19000244140625,115.88999938964844,87.7254867553711,164860000,2010-10-07
2010-10-08 13:30:00+00:00,116.05000305175781,116.86000061035156,115.61000061035156,116.54000091552734,88.21756744384766,177760100,2010-10-08
2010-10-11 13:30:00+00:00,116.72000122070312,116.97000122070312,116.25,116.6500015258789,88.30077362060547,103098300,2010-10-11
2010-10-12 13:30:00+00:00,116.2699966430664,117.3499984741211,115.6500015258789,117.01000213623047,88.57331848144531,182210000,2010-10-12
2010-10-13 13:30:00+00:00,117.66000366210938,118.55000305175781,117.37999725341797,117.91999816894531,89.2621841430664,194347200,2010-10-13
2010-10-14 13:30:00+00:00,117.80999755859375,118.01000213623047,116.72000122070312,117.45999908447266,88.91394805908203,217764300,2010-10-14
2010-10-15 13:30:00+00:00,118.27999877929688,118.3499984741211,116.76000213623047,117.69999694824219,89.09561920166016,243705000,2010-10-15
2010-10-18 13:30:00+00:00,117.73999786376953,118.66999816894531,117.30999755859375,118.27999877929688,89.53466033935547,141204800,2010-10-18
2010-10-19 13:30:00+00:00,117.19000244140625,117.8499984741211,116.0199966430664,116.7300033569336,88.36134338378906,280604700,2010-10-19
2010-10-20 13:30:00+00:00,116.94000244140625,118.44000244140625,116.87000274658203,117.87000274658203,89.22430419921875,200051800,2010-10-20
2010-10-21 13:30:00+00:00,118.4000015258789,119.08999633789062,117.20999908447266,118.12999725341797,89.421142578125,221585500,2010-10-21
2010-10-22 13:30:00+00:00,118.30999755859375,118.52999877929688,118.0,118.3499984741211,89.58767700195312,108212400,2010-10-22
2010-10-25 13:30:00+00:00,119.13999938964844,119.76000213623047,118.61000061035156,118.69999694824219,89.85259246826172,151145700,2010-10-25
2010-10-26 13:30:00+00:00,118.0999984741211,118.83999633789062,117.87000274658203,118.72000122070312,89.86773681640625,158982900,2010-10-26
2010-10-27 13:30:00+00:00,117.88999938964844,118.51000213623047,117.26000213623047,118.37999725341797,89.61035919189453,190024000,2010-10-27
2010-10-28 13:30:00+00:00,119.05999755859375,119.11000061035156,117.83000183105469,118.4000015258789,89.62548828125,168576000,2010-10-28
2010-10-29 13:30:00+00:00,118.27999877929688,118.72000122070312,118.06999969482422,118.48999786376953,89.69361114501953,144305500,2010-10-29
2010-11-01 13:30:00+00:00,119.06999969482422,119.75,117.8499984741211,118.52999877929688,89.72392272949219,174074800,2010-11-01
2010-11-02 13:30:00+00:00,119.41999816894531,119.75,119.0999984741211,119.47000122070312,90.43548583984375,158345900,2010-11-02
2010-11-03 13:30:00+00:00,119.68000030517578,120.0199966430664,118.44999694824219,119.94999694824219,90.79878234863281,226702800,2010-11-03
2010-11-04 13:30:00+00:00,121.27999877929688,122.31999969482422,119.97000122070312,122.26000213623047,92.54739379882812,215039400,2010-11-04
2010-11-05 13:30:00+00:00,122.33999633789062,122.91999816894531,122.18000030517578,122.72000122070312,92.89561462402344,180654100,2010-11-05
2010-11-08 14:30:00+00:00,122.33999633789062,122.69000244140625,121.94000244140625,122.48999786376953,92.72151184082031,156107100,2010-11-08
2010-11-09 14:30:00+00:00,122.81999969482422,122.94999694824219,121.12000274658203,121.61000061035156,92.05537414550781,186621600,2010-11-09
2010-11-10 14:30:00+00:00,121.58000183105469,122.16000366210938,120.66000366210938,122.0999984741211,92.42630004882812,221387400,2010-11-10
2010-11-11 14:30:00+00:00,121.05000305175781,121.81999969482422,120.68000030517578,121.63999938964844,92.0781021118164,158017600,2010-11-11
2010-11-12 14:30:00+00:00,120.81999969482422,121.3499984741211,119.6500015258789,120.19999694824219,90.98804473876953,239068800,2010-11-12
2010-11-15 14:30:00+00:00,120.58000183105469,121.05000305175781,119.9800033569336,120.02999877929688,90.85936737060547,163940800,2010-11-15
2010-11-16 14:30:00+00:00,119.29000091552734,119.48999786376953,117.58999633789062,118.16000366210938,89.44383239746094,299566200,2010-11-16
2010-11-17 14:30:00+00:00,118.20999908447266,118.70999908447266,117.86000061035156,118.22000122070312,89.48928833007812,172308900,2010-11-17
2010-11-18 14:30:00+00:00,119.36000061035156,120.38999938964844,119.3499984741211,119.95999908447266,90.80638122558594,197723700,2010-11-18
2010-11-19 14:30:00+00:00,119.9000015258789,120.33999633789062,119.25,120.29000091552734,91.05619049072266,156852900,2010-11-19
2010-11-22 14:30:00+00:00,119.69000244140625,120.23999786376953,118.7699966430664,120.19000244140625,90.98050689697266,181361000,2010-11-22
2010-11-23 14:30:00+00:00,118.7699966430664,119.0199966430664,117.98999786376953,118.44999694824219,89.66336059570312,222309000,2010-11-23
2010-11-24 14:30:00+00:00,119.19999694824219,120.2300033569336,119.18000030517578,120.19999694824219,90.98804473876953,140046100,2010-11-24
2010-11-26 14:30:00+00:00,119.16000366210938,119.80999755859375,118.80000305175781,118.80000305175781,89.92829895019531,76007800,2010-11-26
2010-11-29 14:30:00+00:00,118.5,119.4800033569336,117.73999786376953,119.16000366210938,90.20077514648438,223642300,2010-11-29
2010-11-30 14:30:00+00:00,117.9800033569336,119.16999816894531,117.80999755859375,118.48999786376953,89.69361114501953,233930700,2010-11-30
2010-12-01 14:30:00+00:00,120.19999694824219,121.23999786376953,120.19000244140625,121.01000213623047,91.6011962890625,221037200,2010-12-01
2010-12-02 14:30:00+00:00,121.19999694824219,122.6500015258789,121.12999725341797,122.55999755859375,92.77449035644531,191213600,2010-12-02
2010-12-03 14:30:00+00:00,122.13999938964844,123.02999877929688,122.11000061035156,122.88999938964844,93.02433776855469,151288900,2010-12-03
2010-12-06 14:30:00+00:00,122.62999725341797,123.04000091552734,122.5,122.76000213623047,92.9259262084961,103050500,2010-12-06
2010-12-07 14:30:00+00:00,123.94000244140625,124.01000213623047,122.76000213623047,122.83000183105469,92.97889709472656,206581000,2010-12-07
2010-12-08 14:30:00+00:00,122.9800033569336,123.37999725341797,122.41000366210938,123.27999877929688,93.31956481933594,138019200,2010-12-08
2010-12-09 14:30:00+00:00,123.97000122070312,124.0199966430664,123.1500015258789,123.76000213623047,93.68284606933594,123705100,2010-12-09
2010-12-10 14:30:00+00:00,124.13999938964844,124.5999984741211,123.7300033569336,124.4800033569336,94.22793579101562,117571700,2010-12-10
2010-12-13 14:30:00+00:00,125.05000305175781,125.19999694824219,124.5199966430664,124.55999755859375,94.28844451904297,133812700,2010-12-13
2010-12-14 14:30:00+00:00,124.75,125.2300033569336,124.29000091552734,124.66999816894531,94.37173461914062,147249600,2010-12-14
2010-12-15 14:30:00+00:00,124.44000244140625,124.93000030517578,123.88999938964844,124.0999984741211,93.94023895263672,160823100,2010-12-15
2010-12-16 14:30:00+00:00,124.18000030517578,124.91000366210938,123.75,124.81999969482422,94.48526000976562,185035200,2010-12-16
2010-12-17 14:30:00+00:00,124.08000183105469,124.45999908447266,123.81999969482422,124.30000305175781,94.58647155761719,141075300,2010-12-17
2010-12-20 14:30:00+00:00,124.63999938964844,124.9000015258789,123.9800033569336,124.5999984741211,94.81475830078125,119085500,2010-12-20
2010-12-21 14:30:00+00:00,124.98999786376953,125.47000122070312,124.87000274658203,125.38999938964844,95.4159164428711,94965500,2010-12-21
2010-12-22 14:30:00+00:00,125.4800033569336,125.81999969482422,125.41000366210938,125.77999877929688,95.71269989013672,78878100,2010-12-22
2010-12-23 14:30:00+00:00,125.63999938964844,125.77999877929688,125.29000091552734,125.5999984741211,95.57572937011719,70053700,2010-12-23
2010-12-27 14:30:00+00:00,125.12999725341797,125.7699966430664,125.04000091552734,125.6500015258789,95.61376190185547,58126000,2010-12-27
2010-12-28 14:30:00+00:00,125.9000015258789,125.94999694824219,125.5,125.83000183105469,95.75074005126953,55309100,2010-12-28
2010-12-29 14:30:00+00:00,125.9800033569336,126.19999694824219,125.9000015258789,125.91999816894531,95.8192138671875,58033100,2010-12-29
2010-12-30 14:30:00+00:00,125.80000305175781,126.12999725341797,125.52999877929688,125.72000122070312,95.6670150756836,76616900,2010-12-30
2010-12-31 14:30:00+00:00,125.52999877929688,125.87000274658203,125.33000183105469,125.75,95.68986511230469,91218900,2010-12-31
2011-01-03 14:30:00+00:00,126.70999908447266,127.5999984741211,125.69999694824219,127.05000305175781,96.6791000366211,138725200,2011-01-03
2011-01-04 14:30:00+00:00,127.33000183105469,127.37000274658203,126.19000244140625,126.9800033569336,96.62586212158203,137409700,2011-01-04
2011-01-05 14:30:00+00:00,126.58000183105469,127.72000122070312,126.45999908447266,127.63999938964844,97.1280746459961,133975300,2011-01-05
2011-01-06 14:30:00+00:00,127.69000244140625,127.83000183105469,127.01000213623047,127.38999938964844,96.93780517578125,122519000,2011-01-06
2011-01-07 14:30:00+00:00,127.55999755859375,127.7699966430664,126.1500015258789,127.13999938964844,96.74762725830078,156034600,2011-01-07
2011-01-10 14:30:00+00:00,126.58000183105469,127.16000366210938,126.19999694824219,126.9800033569336,96.62586212158203,122401700,2011-01-10
2011-01-11 14:30:00+00:00,127.44000244140625,127.73999786376953,126.94999694824219,127.43000030517578,96.96825408935547,110287000,2011-01-11
2011-01-12 14:30:00+00:00,128.2100067138672,128.72000122070312,127.45999908447266,128.5800018310547,97.84336853027344,107929200,2011-01-12
2011-01-13 14:30:00+00:00,128.6300048828125,128.69000244140625,128.0500030517578,128.3699951171875,97.68357849121094,129048400,2011-01-13
2011-01-14 14:30:00+00:00,128.19000244140625,129.3300018310547,128.10000610351562,129.3000030517578,98.3912353515625,117677900,2011-01-14
2011-01-18 14:30:00+00:00,129.17999267578125,129.63999938964844,129.02999877929688,129.52000427246094,98.55866241455078,114401300,2011-01-18
2011-01-19 14:30:00+00:00,129.41000366210938,129.5399932861328,127.91000366210938,128.25,97.59224700927734,151958400,2011-01-19
2011-01-20 14:30:00+00:00,127.95999908447266,128.39999389648438,127.12999725341797,128.0800018310547,97.46288299560547,175745700,2011-01-20
2011-01-21 14:30:00+00:00,128.8800048828125,129.1699981689453,128.22999572753906,128.3699951171875,97.68357849121094,151462900,2011-01-21
2011-01-24 14:30:00+00:00,128.2899932861328,129.25,128.25999450683594,129.10000610351562,98.23905944824219,113715500,2011-01-24
2011-01-25 14:30:00+00:00,128.75999450683594,129.27999877929688,128.11000061035156,129.1699981689453,98.29232788085938,167552200,2011-01-25
2011-01-26 14:30:00+00:00,129.49000549316406,130.0500030517578,129.22999572753906,129.6699981689453,98.67280578613281,141281500,2011-01-26
2011-01-27 14:30:00+00:00,129.6999969482422,130.2100067138672,129.47000122070312,129.99000549316406,98.91632080078125,123302700,2011-01-27
2011-01-28 14:30:00+00:00,130.13999938964844,130.35000610351562,127.51000213623047,127.72000122070312,97.1889419555664,295637300,2011-01-28
2011-01-31 14:30:00+00:00,128.07000732421875,128.77999877929688,127.75,128.67999267578125,97.91944885253906,149249200,2011-01-31
2011-02-01 14:30:00+00:00,129.4600067138672,130.97000122070312,129.3800048828125,130.74000549316406,99.4870376586914,167194300,2011-02-01
2011-02-02 14:30:00+00:00,130.39999389648438,130.83999633789062,130.3300018310547,130.49000549316406,99.29676818847656,118323600,2011-02-02
2011-02-03 14:30:00+00:00,130.25999450683594,130.97999572753906,129.57000732421875,130.77999877929688,99.51746368408203,145886700,2011-02-03
2011-02-04 14:30:00+00:00,130.8300018310547,131.1999969482422,130.22999572753906,131.14999389648438,99.79902648925781,134634800,2011-02-04
2011-02-07 14:30:00+00:00,131.44000244140625,132.39999389648438,131.42999267578125,131.97000122070312,100.42298126220703,112439100,2011-02-07
2011-02-08 14:30:00+00:00,132.08999633789062,132.63999938964844,131.72999572753906,132.57000732421875,100.87954711914062,99072800,2011-02-08
2011-02-09 14:30:00+00:00,132.2100067138672,132.6300048828125,131.61000061035156,132.27000427246094,100.65128326416016,146436700,2011-02-09
2011-02-10 14:30:00+00:00,131.60000610351562,132.47000122070312,131.3000030517578,132.32000732421875,100.6893310546875,162708500,2011-02-10
2011-02-11 14:30:00+00:00,131.8000030517578,133.27999877929688,131.77000427246094,133.11000061035156,101.2905044555664,137710300,2011-02-11
2011-02-14 14:30:00+00:00,133.02999877929688,133.5399932861328,132.8800048828125,133.42999267578125,101.53399658203125,101690700,2011-02-14
2011-02-15 14:30:00+00:00,133.02000427246094,133.22000122070312,132.32000732421875,133.00999450683594,101.21439361572266,119575400,2011-02-15
2011-02-16 14:30:00+00:00,133.4600067138672,134.00999450683594,133.19000244140625,133.85000610351562,101.85359954833984,130183500,2011-02-16
2011-02-17 14:30:00+00:00,133.4600067138672,134.42999267578125,133.33999633789062,134.25,102.15801239013672,109810500,2011-02-17
2011-02-18 14:30:00+00:00,134.3699951171875,134.69000244140625,134.05999755859375,134.52999877929688,102.37103271484375,130002400,2011-02-18
2011-02-22 14:30:00+00:00,133.1199951171875,134.55999755859375,131.47000122070312,131.8300018310547,100.31649017333984,233116400,2011-02-22
2011-02-23 14:30:00+00:00,131.75,132.07000732421875,130.2100067138672,131.02000427246094,99.7000732421875,227584000,2011-02-23
2011-02-24 14:30:00+00:00,130.8800048828125,131.44000244140625,129.6999969482422,130.92999267578125,99.63157653808594,260431400,2011-02-24
2011-02-25 14:30:00+00:00,131.47999572753906,132.41000366210938,131.39999389648438,132.3300018310547,100.69693756103516,141686900,2011-02-25
2011-02-28 14:30:00+00:00,132.82000732421875,133.32000732421875,132.3800048828125,133.14999389648438,101.32090759277344,141585500,2011-02-28
2011-03-01 14:30:00+00:00,133.57000732421875,133.69000244140625,130.88999938964844,130.92999267578125,99.63157653808594,258565500,2011-03-01
2011-03-02 14:30:00+00:00,130.75,131.82000732421875,130.35000610351562,131.2100067138672,99.84466552734375,200277400,2011-03-02
2011-03-03 14:30:00+00:00,132.39999389648438,133.6199951171875,132.38999938964844,133.47000122070312,101.56442260742188,176480100,2011-03-03
2011-03-04 14:30:00+00:00,133.3699951171875,133.6300048828125,131.60000610351562,132.47000122070312,100.803466796875,277202300,2011-03-04
2011-03-07 14:30:00+00:00,132.86000061035156,133.16000366210938,130.74000549316406,131.42999267578125,100.01206970214844,216790400,2011-03-07
2011-03-08 14:30:00+00:00,131.63999938964844,133.0,131.07000732421875,132.5800018310547,100.88719177246094,174615000,2011-03-08
2011-03-09 14:30:00+00:00,132.32000732421875,132.8000030517578,131.60000610351562,132.38999938964844,100.74258422851562,153806000,2011-03-09
2011-03-10 14:30:00+00:00,131.0,131.17999267578125,129.80999755859375,129.94000244140625,98.87825775146484,301291800,2011-03-10
2011-03-11 14:30:00+00:00,129.52000427246094,131.30999755859375,129.49000549316406,130.83999633789062,99.56311798095703,225621800,2011-03-11
2011-03-14 13:30:00+00:00,129.99000549316406,130.47999572753906,129.05999755859375,130.0500030517578,98.96196746826172,234974100,2011-03-14
2011-03-15 13:30:00+00:00,126.58999633789062,129.3300018310547,126.5,128.55999755859375,97.82813262939453,359585400,2011-03-15
2011-03-16 13:30:00+00:00,128.14999389648438,128.57000732421875,125.27999877929688,126.18000030517578,96.01707458496094,468670300,2011-03-16
2011-03-17 13:30:00+00:00,128.0,128.38999938964844,127.0999984741211,127.8499984741211,97.28785705566406,254303700,2011-03-17
2011-03-18 13:30:00+00:00,128.83999633789062,128.8800048828125,127.51000213623047,127.76000213623047,97.64173889160156,230435400,2011-03-18
2011-03-21 13:30:00+00:00,129.35000610351562,130.00999450683594,129.1999969482422,129.74000549316406,99.15497589111328,153992600,2011-03-21
2011-03-22 13:30:00+00:00,129.72000122070312,129.88999938964844,129.1699981689453,129.2899932861328,98.8110122680664,129538600,2011-03-22
2011-03-23 13:30:00+00:00,128.92999267578125,130.0,128.32000732421875,129.66000366210938,99.09380340576172,148603100,2011-03-23
2011-03-24 13:30:00+00:00,130.39999389648438,131.08999633789062,129.6699981689453,130.89999389648438,100.04145812988281,159129800,2011-03-24
2011-03-25 13:30:00+00:00,131.24000549316406,131.8699951171875,130.88999938964844,131.3000030517578,100.3471908569336,155642800,2011-03-25
2011-03-28 13:30:00+00:00,131.5800018310547,131.9199981689453,130.94000244140625,130.97999572753906,100.10263061523438,109762400,2011-03-28
2011-03-29 13:30:00+00:00,130.8699951171875,131.89999389648438,130.44000244140625,131.86000061035156,100.77518463134766,129798800,2011-03-29
2011-03-30 13:30:00+00:00,132.5500030517578,133.16000366210938,132.36000061035156,132.77000427246094,101.47066497802734,135835000,2011-03-30
2011-03-31 13:30:00+00:00,132.60000610351562,132.9600067138672,132.4499969482422,132.58999633789062,101.33306884765625,132537100,2011-03-31
2011-04-01 13:30:00+00:00,133.41000366210938,133.77000427246094,132.8300018310547,133.14999389648438,101.76106262207031,153850100,2011-04-01
2011-04-04 13:30:00+00:00,133.42999267578125,133.6699981689453,132.8800048828125,133.25999450683594,101.84513092041016,100768900,2011-04-04
2011-04-05 13:30:00+00:00,133.0,133.8300018310547,132.94000244140625,133.24000549316406,101.82987213134766,120791500,2011-04-05
2011-04-06 13:30:00+00:00,133.8800048828125,134.0,133.1199951171875,133.66000366210938,102.15084075927734,120411600,2011-04-06
2011-04-07 13:30:00+00:00,133.4199981689453,133.97999572753906,132.66000366210938,133.32000732421875,101.8909912109375,170731500,2011-04-07
2011-04-08 13:30:00+00:00,133.91000366210938,133.99000549316406,132.30999755859375,132.86000061035156,101.53944396972656,147945400,2011-04-08
2011-04-11 13:30:00+00:00,133.0,133.4499969482422,132.13999938964844,132.4600067138672,101.23375701904297,121385400,2011-04-11
2011-04-12 13:30:00+00:00,131.72000122070312,131.97999572753906,130.99000549316406,131.47000122070312,100.47715759277344,161187400,2011-04-12
2011-04-13 13:30:00+00:00,132.0800018310547,132.17999267578125,130.9600067138672,131.4600067138672,100.46944427490234,162059000,2011-04-13
2011-04-14 13:30:00+00:00,130.6999969482422,131.75999450683594,130.27000427246094,131.55999755859375,100.54589080810547,161220400,2011-04-14
2011-04-15 13:30:00+00:00,131.8000030517578,132.3699951171875,131.41000366210938,132.0399932861328,100.91275787353516,170006700,2011-04-15
2011-04-18 13:30:00+00:00,130.58999633789062,132.02999877929688,129.50999450683594,130.55999755859375,99.78165435791016,210759300,2011-04-18
2011-04-19 13:30:00+00:00,130.75999450683594,131.35000610351562,130.44000244140625,131.30999755859375,100.3548583984375,124258800,2011-04-19
2011-04-20 13:30:00+00:00,132.8800048828125,133.38999938964844,132.7899932861328,133.10000610351562,101.72288513183594,156133800,2011-04-20
2011-04-21 13:30:00+00:00,133.7899932861328,133.83999633789062,133.10000610351562,133.77999877929688,102.24253845214844,135935400,2011-04-21
2011-04-25 13:30:00+00:00,133.67999267578125,133.86000061035156,133.1999969482422,133.63999938964844,102.13555145263672,65757100,2011-04-25
2011-04-26 13:30:00+00:00,134.0500030517578,135.05999755859375,133.91000366210938,134.7899932861328,103.01444244384766,146600000,2011-04-26
2011-04-27 13:30:00+00:00,135.0500030517578,135.8699951171875,134.5,135.6699981689453,103.68701934814453,143031000,2011-04-27
2011-04-28 13:30:00+00:00,135.42999267578125,136.2899932861328,135.41000366210938,136.11000061035156,104.02326965332031,124791100,2011-04-28
2011-04-29 13:30:00+00:00,136.16000366210938,136.57000732421875,135.97999572753906,136.42999267578125,104.26783752441406,115094100,2011-04-29
2011-05-02 13:30:00+00:00,137.07000732421875,137.17999267578125,135.9499969482422,136.22000122070312,104.10733795166016,126278700,2011-05-02
2011-05-03 13:30:00+00:00,135.9600067138672,136.19000244140625,135.0399932861328,135.72999572753906,103.73287200927734,138375000,2011-05-03
2011-05-04 13:30:00+00:00,135.6699981689453,135.72999572753906,134.22999572753906,134.8300018310547,103.04501342773438,182678500,2011-05-04
2011-05-05 13:30:00+00:00,134.0800018310547,134.9499969482422,133.02000427246094,133.61000061035156,102.11260986328125,226900000,2011-05-05
2011-05-06 13:30:00+00:00,134.94000244140625,135.6300048828125,133.67999267578125,134.1999969482422,102.56351470947266,222787200,2011-05-06
2011-05-09 13:30:00+00:00,134.19000244140625,135.11000061035156,133.97999572753906,134.72000122070312,102.96094512939453,114104500,2011-05-09
2011-05-10 13:30:00+00:00,135.1699981689453,136.11000061035156,135.0,135.8699951171875,103.83988189697266,114806900,2011-05-10
2011-05-11 13:30:00+00:00,135.6699981689453,135.69000244140625,133.82000732421875,134.44000244140625,102.74699401855469,193564200,2011-05-11
2011-05-12 13:30:00+00:00,134.0800018310547,135.36000061035156,133.38999938964844,135.0800018310547,103.23607635498047,171550700,2011-05-12
2011-05-13 13:30:00+00:00,135.14999389648438,135.33999633789062,133.55999755859375,134.0399932861328,102.44125366210938,157444900,2011-05-13
2011-05-16 13:30:00+00:00,133.55999755859375,134.61000061035156,132.97000122070312,133.19000244140625,101.79164123535156,141675400,2011-05-16
2011-05-17 13:30:00+00:00,132.69000244140625,133.35000610351562,132.1199951171875,133.1699981689453,101.77632904052734,192686200,2011-05-17
2011-05-18 13:30:00+00:00,133.24000549316406,134.5,132.9499969482422,134.36000061035156,102.68580627441406,135217900,2011-05-18
2011-05-19 13:30:00+00:00,134.8000030517578,135.02999877929688,133.94000244140625,134.67999267578125,102.93035888671875,119489500,2011-05-19
2011-05-20 13:30:00+00:00,134.3300018310547,134.67999267578125,133.36000061035156,133.61000061035156,102.11260986328125,182594900,2011-05-20
2011-05-23 13:30:00+00:00,131.97999572753906,132.72000122070312,131.58999633789062,132.05999755859375,100.9280014038086,168700000,2011-05-23
2011-05-24 13:30:00+00:00,132.44000244140625,132.72999572753906,131.6999969482422,131.9499969482422,100.84394836425781,147199600,2011-05-24
2011-05-25 13:30:00+00:00,131.4199981689453,132.94000244140625,131.3800048828125,132.38999938964844,101.18024444580078,151050100,2011-05-25
2011-05-26 13:30:00+00:00,132.02999877929688,133.24000549316406,131.77999877929688,133.0,101.64644622802734,164850000,2011-05-26
2011-05-27 13:30:00+00:00,133.3699951171875,133.8699951171875,132.9600067138672,133.50999450683594,102.03620147705078,120921900,2011-05-27
2011-05-31 13:30:00+00:00,134.77000427246094,134.9199981689453,133.83999633789062,134.89999389648438,103.0985107421875,164731200,2011-05-31
2011-06-01 13:30:00+00:00,134.50999450683594,134.9199981689453,131.75999450683594,131.8699951171875,100.7828140258789,233094300,2011-06-01
2011-06-02 13:30:00+00:00,131.9600067138672,132.24000549316406,130.9600067138672,131.72999572753906,100.67579650878906,200466800,2011-06-02
2011-06-03 13:30:00+00:00,130.14999389648438,131.4199981689453,130.0800018310547,130.4199981689453,99.67465209960938,234690200,2011-06-03
2011-06-06 13:30:00+00:00,130.08999633789062,130.36000061035156,128.8699951171875,129.0399932861328,98.61998748779297,179951200,2011-06-06
2011-06-07 13:30:00+00:00,129.6999969482422,130.07000732421875,128.85000610351562,128.9600067138672,98.55885314941406,161660500,2011-06-07
2011-06-08 13:30:00+00:00,128.75999450683594,129.19000244140625,128.17999267578125,128.4199981689453,98.14612579345703,198696400,2011-06-08
2011-06-09 13:30:00+00:00,128.77000427246094,129.92999267578125,128.4600067138672,129.39999389648438,98.89511108398438,160964400,2011-06-09
2011-06-10 13:30:00+00:00,128.85000610351562,128.92999267578125,127.26000213623047,127.5999984741211,97.5194320678711,238629400,2011-06-10
2011-06-13 13:30:00+00:00,127.88999938964844,128.24000549316406,127.05000305175781,127.69999694824219,97.59586334228516,207599800,2011-06-13
2011-06-14 13:30:00+00:00,128.8699951171875,129.77000427246094,128.82000732421875,129.32000732421875,98.83395385742188,160570400,2011-06-14
2011-06-15 13:30:00+00:00,128.24000549316406,129.3000030517578,126.68000030517578,127.0199966430664,97.07616424560547,300958000,2011-06-15
2011-06-16 13:30:00+00:00,127.05999755859375,127.97000122070312,126.31999969482422,127.30000305175781,97.29016876220703,308032800,2011-06-16
2011-06-17 13:30:00+00:00,127.93000030517578,127.94000244140625,126.62000274658203,127.05000305175781,97.5804672241211,233284900,2011-06-17
2011-06-20 13:30:00+00:00,126.62000274658203,127.97000122070312,126.58000183105469,127.69999694824219,98.07970428466797,159479000,2011-06-20
2011-06-21 13:30:00+00:00,128.36000061035156,129.6999969482422,127.75,129.4499969482422,99.42377471923828,193157300,2011-06-21
2011-06-22 13:30:00+00:00,129.0500030517578,129.80999755859375,128.58999633789062,128.6699981689453,98.82469177246094,176703000,2011-06-22
2011-06-23 13:30:00+00:00,127.16000366210938,128.63999938964844,126.19000244140625,128.3000030517578,98.54055786132812,334286500,2011-06-23
2011-06-24 13:30:00+00:00,128.27000427246094,128.3699951171875,126.62000274658203,126.80999755859375,97.39616394042969,226129300,2011-06-24
2011-06-27 13:30:00+00:00,126.88999938964844,128.42999267578125,126.63999938964844,127.94000244140625,98.2640609741211,168904700,2011-06-27
2011-06-28 13:30:00+00:00,128.4499969482422,129.6300048828125,128.27000427246094,129.61000061035156,99.54669952392578,165556300,2011-06-28
2011-06-29 13:30:00+00:00,130.1999969482422,130.92999267578125,129.6300048828125,130.72000122070312,100.39920806884766,244295500,2011-06-29
2011-06-30 13:30:00+00:00,131.13999938964844,132.17999267578125,130.7100067138672,131.97000122070312,101.35929870605469,223322700,2011-06-30
2011-07-01 13:30:00+00:00,132.08999633789062,134.10000610351562,131.77999877929688,133.9199981689453,102.85697937011719,202385700,2011-07-01
2011-07-05 13:30:00+00:00,133.77999877929688,134.0800018310547,133.38999938964844,133.80999755859375,102.77246856689453,165936000,2011-07-05
2011-07-06 13:30:00+00:00,133.49000549316406,134.13999938964844,133.11000061035156,133.97000122070312,102.89539337158203,143331600,2011-07-06
2011-07-07 13:30:00+00:00,135.16000366210938,135.6999969482422,134.8800048828125,135.36000061035156,103.96295166015625,170464200,2011-07-07
2011-07-08 13:30:00+00:00,133.8300018310547,135.36000061035156,133.38999938964844,134.39999389648438,103.22564697265625,194100500,2011-07-08
2011-07-11 13:30:00+00:00,132.75,133.17999267578125,131.66000366210938,131.97000122070312,101.35929870605469,195918600,2011-07-11
2011-07-12 13:30:00+00:00,131.69000244140625,132.77999877929688,131.36000061035156,131.39999389648438,100.92150115966797,214675700,2011-07-12
2011-07-13 13:30:00+00:00,132.08999633789062,133.22000122070312,131.52000427246094,131.83999633789062,101.25945281982422,204062600,2011-07-13
2011-07-14 13:30:00+00:00,132.1699981689453,132.77999877929688,130.67999267578125,130.92999267578125,100.56050872802734,226111800,2011-07-14
2011-07-15 13:30:00+00:00,131.66000366210938,131.8699951171875,130.77000427246094,131.69000244140625,101.14421081542969,220012800,2011-07-15
2011-07-18 13:30:00+00:00,131.0800018310547,131.27999877929688,129.6300048828125,130.61000061035156,100.31472778320312,196872100,2011-07-18
2011-07-19 13:30:00+00:00,131.33999633789062,132.88999938964844,131.30999755859375,132.72999572753906,101.9429931640625,166554900,2011-07-19
2011-07-20 13:30:00+00:00,133.07000732421875,133.14999389648438,132.4199981689453,132.64999389648438,101.88153839111328,137145400,2011-07-20
2011-07-21 13:30:00+00:00,133.39999389648438,134.82000732421875,132.6699981689453,134.49000549316406,103.29476165771484,245246300,2011-07-21
2011-07-22 13:30:00+00:00,134.52000427246094,134.72000122070312,133.75999450683594,134.5800018310547,103.36388397216797,126019400,2011-07-22
2011-07-25 13:30:00+00:00,133.3000030517578,134.49000549316406,133.16000366210938,133.8300018310547,102.78785705566406,136653800,2011-07-25
2011-07-26 13:30:00+00:00,133.74000549316406,133.9600067138672,133.02999877929688,133.3300018310547,102.40380096435547,131278200,2011-07-26
2011-07-27 13:30:00+00:00,132.58999633789062,132.6300048828125,130.42999267578125,130.60000610351562,100.3070297241211,249020100,2011-07-27
2011-07-28 13:30:00+00:00,130.60000610351562,131.77000427246094,130.00999450683594,130.22000122070312,100.01520538330078,207939900,2011-07-28
2011-07-29 13:30:00+00:00,128.91000366210938,130.5500030517578,127.97000122070312,129.3300018310547,99.33162689208984,307038400,2011-07-29
2011-08-01 13:30:00+00:00,130.83999633789062,130.9600067138672,127.52999877929688,128.77999877929688,98.9092025756836,325790900,2011-08-01
2011-08-02 13:30:00+00:00,127.80999755859375,128.5,125.48999786376953,125.48999786376953,96.38231658935547,346653800,2011-08-02
2011-08-03 13:30:00+00:00,125.66000366210938,126.30999755859375,123.52999877929688,126.16999816894531,96.90462493896484,370830800,2011-08-03
2011-08-04 13:30:00+00:00,124.41999816894531,124.62000274658203,120.05999755859375,120.26000213623047,92.3654556274414,520721800,2011-08-04
2011-08-05 13:30:00+00:00,121.76000213623047,122.06999969482422,116.86000061035156,120.08000183105469,92.22718811035156,655619200,2011-08-05
2011-08-08 13:30:00+00:00,116.91000366210938,120.12000274658203,112.0199966430664,112.26000213623047,86.22109985351562,702263900,2011-08-08
2011-08-09 13:30:00+00:00,114.06999969482422,117.63999938964844,110.2699966430664,117.4800033569336,90.23025512695312,717828700,2011-08-09
2011-08-10 13:30:00+00:00,115.26000213623047,116.27999877929688,111.94999694824219,112.29000091552734,86.24411010742188,662607400,2011-08-10
2011-08-11 13:30:00+00:00,113.26000213623047,118.91999816894531,112.31999969482422,117.33000183105469,90.11504364013672,487979700,2011-08-11
2011-08-12 13:30:00+00:00,118.4000015258789,119.20999908447266,117.27999877929688,118.12000274658203,90.72183227539062,313731600,2011-08-12
2011-08-15 13:30:00+00:00,119.19000244140625,120.73999786376953,119.0,120.62000274658203,92.64195251464844,258810600,2011-08-15
2011-08-16 13:30:00+00:00,119.47000122070312,120.69000244140625,118.30999755859375,119.58999633789062,91.85086059570312,294095200,2011-08-16
2011-08-17 13:30:00+00:00,120.25,121.19999694824219,118.72000122070312,119.66999816894531,91.91227722167969,238201100,2011-08-17
2011-08-18 13:30:00+00:00,116.5,119.70999908447266,113.38999938964844,114.51000213623047,87.94915008544922,512956300,2011-08-18
2011-08-19 13:30:00+00:00,112.95999908447266,115.87999725341797,112.5,112.63999938964844,86.51290130615234,428281300,2011-08-19
2011-08-22 13:30:00+00:00,115.16999816894531,115.2300033569336,112.41000366210938,112.7300033569336,86.58202362060547,275090600,2011-08-22
2011-08-23 13:30:00+00:00,113.1500015258789,116.56999969482422,112.58000183105469,116.44000244140625,89.43147277832031,331136600,2011-08-23
2011-08-24 13:30:00+00:00,116.19000244140625,118.23999786376953,115.91999816894531,118.08000183105469,90.69109344482422,246869700,2011-08-24
2011-08-25 13:30:00+00:00,118.7300033569336,119.4000015258789,115.87000274658203,116.27999877929688,89.30859375,312365400,2011-08-25
2011-08-26 13:30:00+00:00,115.69000244140625,118.51000213623047,113.8499984741211,117.97000122070312,90.6065902709961,314495900,2011-08-26
2011-08-29 13:30:00+00:00,119.55999755859375,121.43000030517578,118.05999755859375,121.36000061035156,93.21031951904297,190977200,2011-08-29
2011-08-30 13:30:00+00:00,120.83000183105469,122.43000030517578,119.26000213623047,121.68000030517578,93.45606231689453,241315700,2011-08-30
2011-08-31 13:30:00+00:00,122.45999908447266,123.51000213623047,121.30000305175781,122.22000122070312,93.87081909179688,301828400,2011-08-31
2011-09-01 13:30:00+00:00,122.29000091552734,123.4000015258789,120.77999877929688,120.94000244140625,92.88770294189453,254585900,2011-09-01
2011-09-02 13:30:00+00:00,118.41999816894531,120.87000274658203,117.43000030517578,117.8499984741211,90.51443481445312,255517200,2011-09-02
2011-09-06 13:30:00+00:00,114.38999938964844,117.16000366210938,114.37999725341797,116.98999786376953,89.85392761230469,285130500,2011-09-06
2011-09-07 13:30:00+00:00,118.76000213623047,120.33999633789062,118.36000061035156,120.29000091552734,92.38848876953125,209803200,2011-09-07
2011-09-08 13:30:00+00:00,119.56999969482422,120.94000244140625,118.7699966430664,119.04000091552734,91.42842102050781,250568200,2011-09-08
2011-09-09 13:30:00+00:00,117.68000030517578,119.05999755859375,115.27999877929688,115.91999816894531,89.03209686279297,380195100,2011-09-09
2011-09-12 13:30:00+00:00,114.47000122070312,116.76000213623047,114.05000305175781,116.66999816894531,89.60814666748047,305793500,2011-09-12
2011-09-13 13:30:00+00:00,117.05000305175781,118.18000030517578,116.22000122070312,117.73999786376953,90.42994689941406,272514700,2011-09-13
2011-09-14 13:30:00+00:00,118.33999633789062,120.80000305175781,116.72000122070312,119.37000274658203,91.68189239501953,319389500,2011-09-14
2011-09-15 13:30:00+00:00,120.6500015258789,121.47000122070312,119.4000015258789,121.43000030517578,93.26406860351562,326777200,2011-09-15
2011-09-16 13:30:00+00:00,121.29000091552734,121.97000122070312,120.31999969482422,121.5199966430664,93.8160400390625,284528300,2011-09-16
2011-09-19 13:30:00+00:00,119.52999877929688,120.93000030517578,118.72000122070312,120.30999755859375,92.88187408447266,241517000,2011-09-19
2011-09-20 13:30:00+00:00,120.81999969482422,121.98999786376953,120.01000213623047,120.16999816894531,92.77381896972656,218932200,2011-09-20
2011-09-21 13:30:00+00:00,120.2300033569336,120.5999984741211,116.44000244140625,116.62999725341797,90.0408935546875,316251300,2011-09-21
2011-09-22 13:30:00+00:00,113.25,114.20999908447266,111.30000305175781,112.86000061035156,87.13033294677734,513911300,2011-09-22
2011-09-23 13:30:00+00:00,112.11000061035156,114.16000366210938,112.0199966430664,113.54000091552734,87.65532684326172,307242500,2011-09-23
2011-09-26 13:30:00+00:00,114.61000061035156,116.4000015258789,112.9800033569336,116.23999786376953,89.73976135253906,260673700,2011-09-26
2011-09-27 13:30:00+00:00,118.52999877929688,119.55999755859375,116.83999633789062,117.54000091552734,90.74339294433594,311753900,2011-09-27
2011-09-28 13:30:00+00:00,117.77999877929688,118.48999786376953,114.97000122070312,115.13999938964844,88.89057159423828,286696800,2011-09-28
2011-09-29 13:30:00+00:00,117.05000305175781,117.62999725341797,113.93000030517578,116.05000305175781,89.59309387207031,298108900,2011-09-29
2011-09-30 13:30:00+00:00,114.44999694824219,115.44999694824219,113.06999969482422,113.1500015258789,87.354248046875,288392300,2011-09-30
2011-10-03 13:30:00+00:00,112.48999786376953,113.94999694824219,109.80999755859375,109.93000030517578,84.86832427978516,365136800,2011-10-03
2011-10-04 13:30:00+00:00,108.3499984741211,112.58000183105469,107.43000030517578,112.33999633789062,86.72889709472656,459177500,2011-10-04
2011-10-05 13:30:00+00:00,112.62000274658203,114.72000122070312,111.58000183105469,114.41999816894531,88.33467864990234,284108000,2011-10-05
2011-10-06 13:30:00+00:00,114.36000061035156,116.66000366210938,113.51000213623047,116.48999786376953,89.93279266357422,257800800,2011-10-06
2011-10-07 13:30:00+00:00,117.16999816894531,117.25,115.05999755859375,115.70999908447266,89.3305892944336,312657900,2011-10-07
2011-10-10 13:30:00+00:00,117.68000030517578,119.62999725341797,117.66999816894531,119.58000183105469,92.31832885742188,230666300,2011-10-10
2011-10-11 13:30:00+00:00,118.87000274658203,120.04000091552734,118.75,119.69999694824219,92.41097259521484,209088000,2011-10-11
2011-10-12 13:30:00+00:00,120.5999984741211,122.13999938964844,120.33000183105469,120.75,93.22158813476562,281544900,2011-10-12
2011-10-13 13:30:00+00:00,120.04000091552734,120.87000274658203,119.12000274658203,120.51000213623047,93.03627014160156,212538800,2011-10-13
2011-10-14 13:30:00+00:00,121.91000366210938,122.5999984741211,121.2300033569336,122.56999969482422,94.62667846679688,211397600,2011-10-14
2011-10-17 13:30:00+00:00,121.98999786376953,122.55000305175781,119.93000030517578,120.2300033569336,92.82014465332031,202311600,2011-10-17
2011-10-18 13:30:00+00:00,120.13999938964844,123.5,119.19999694824219,122.58000183105469,94.63438415527344,318857900,2011-10-18
2011-10-19 13:30:00+00:00,122.37999725341797,123.08000183105469,120.70999908447266,121.12999725341797,93.51493835449219,226601300,2011-10-19
2011-10-20 13:30:00+00:00,121.43000030517578,122.0999984741211,119.81999969482422,121.66000366210938,93.92414855957031,262075600,2011-10-20
2011-10-21 13:30:00+00:00,123.08999633789062,124.12000274658203,122.72000122070312,123.97000122070312,95.70751190185547,278999400,2011-10-21
2011-10-24 13:30:00+00:00,124.16999816894531,125.80000305175781,124.05999755859375,125.48999786376953,96.8809585571289,203215600,2011-10-24
2011-10-25 13:30:00+00:00,124.88999938964844,124.94999694824219,122.77999877929688,123.05000305175781,94.99726867675781,268596800,2011-10-25
2011-10-26 13:30:00+00:00,124.3499984741211,124.7699966430664,122.20999908447266,124.30000305175781,95.96227264404297,289053800,2011-10-26
2011-10-27 13:30:00+00:00,127.62999725341797,129.4199981689453,126.61000061035156,128.6300048828125,99.30510711669922,393220200,2011-10-27
2011-10-28 13:30:00+00:00,128.0,128.85000610351562,127.80000305175781,128.60000610351562,99.28197479248047,225906500,2011-10-28
2011-10-31 13:30:00+00:00,127.16000366210938,128.6199951171875,125.31999969482422,125.5,96.88870239257812,228146700,2011-10-31
2011-11-01 13:30:00+00:00,122.02999877929688,123.51000213623047,121.5199966430664,122.0,94.18663787841797,416565800,2011-11-01
2011-11-02 13:30:00+00:00,123.83000183105469,124.4000015258789,122.79000091552734,123.98999786376953,95.72293853759766,244717600,2011-11-02
2011-11-03 13:30:00+00:00,125.2699966430664,126.5,123.5999984741211,126.25,97.46768951416016,291174800,2011-11-03
2011-11-04 13:30:00+00:00,125.2300033569336,125.69999694824219,124.01000213623047,125.4800033569336,96.8732681274414,249401600,2011-11-04
2011-11-07 14:30:00+00:00,125.38999938964844,126.38999938964844,124.19999694824219,126.26000213623047,97.47543334960938,196617200,2011-11-07
2011-11-08 14:30:00+00:00,126.91999816894531,128.02000427246094,125.70999908447266,127.87999725341797,98.72605895996094,224426300,2011-11-08
2011-11-09 14:30:00+00:00,124.88999938964844,125.80000305175781,122.86000061035156,123.16000366210938,95.08216094970703,337982000,2011-11-09
2011-11-10 14:30:00+00:00,124.79000091552734,124.94000244140625,123.0199966430664,124.31999969482422,95.97769927978516,231866500,2011-11-10
2011-11-11 14:30:00+00:00,125.83000183105469,126.98999786376953,125.79000091552734,126.66000366210938,97.78421020507812,189924400,2011-11-11
2011-11-14 14:30:00+00:00,126.19000244140625,127.44999694824219,124.91999816894531,125.45999908447266,96.85781860351562,159258300,2011-11-14
2011-11-15 14:30:00+00:00,125.16999816894531,126.75,124.72000122070312,126.08000183105469,97.33647155761719,184709400,2011-11-15
2011-11-16 14:30:00+00:00,124.80999755859375,126.33999633789062,123.9000015258789,124.08000183105469,95.79244232177734,235782500,2011-11-16
2011-11-17 14:30:00+00:00,123.8499984741211,124.16000366210938,121.2300033569336,122.11000061035156,94.27153778076172,331219600,2011-11-17
2011-11-18 14:30:00+00:00,122.5,122.75,121.47000122070312,121.9800033569336,94.1711654663086,215580400,2011-11-18
2011-11-21 14:30:00+00:00,120.19999694824219,120.3499984741211,118.6500015258789,119.66000366210938,92.38007354736328,229611600,2011-11-21
2011-11-22 14:30:00+00:00,119.4000015258789,120.0999984741211,118.5199966430664,119.19000244140625,92.01724243164062,216494900,2011-11-22
2011-11-23 14:30:00+00:00,118.06999969482422,119.19000244140625,116.55999755859375,116.55999755859375,89.98681640625,224329100,2011-11-23
2011-11-25 14:30:00+00:00,116.37999725341797,117.69999694824219,116.19999694824219,116.33999633789062,89.81698608398438,99557000,2011-11-25
2011-11-28 14:30:00+00:00,119.54000091552734,120.18000030517578,118.81999969482422,119.70999908447266,92.41868591308594,210686000,2011-11-28
2011-11-29 14:30:00+00:00,120.05000305175781,121.0,119.61000061035156,120.05000305175781,92.6811752319336,199241500,2011-11-29
2011-11-30 14:30:00+00:00,123.48999786376953,125.22000122070312,120.0,124.98999786376953,96.49493408203125,324439500,2011-11-30
2011-12-01 14:30:00+00:00,124.8499984741211,125.63999938964844,124.43000030517578,124.97000122070312,96.47952270507812,176954800,2011-12-01
2011-12-02 14:30:00+00:00,126.12000274658203,126.5,124.77999877929688,124.86000061035156,96.39457702636719,221109700,2011-12-02
2011-12-05 14:30:00+00:00,126.83999633789062,127.18000030517578,125.44000244140625,126.22000122070312,97.4445571899414,225263900,2011-12-05
2011-12-06 14:30:00+00:00,126.20999908447266,127.11000061035156,125.76000213623047,126.26000213623047,97.47543334960938,178842100,2011-12-06
2011-12-07 14:30:00+00:00,125.83999633789062,127.26000213623047,124.97000122070312,126.7300033569336,97.83827209472656,237802500,2011-12-07
2011-12-08 14:30:00+00:00,125.9000015258789,126.18000030517578,123.6500015258789,123.94999694824219,95.69205474853516,240862800,2011-12-08
2011-12-09 14:30:00+00:00,124.51000213623047,126.37000274658203,124.4000015258789,126.05000305175781,97.31331634521484,209111400,2011-12-09
2011-12-12 14:30:00+00:00,124.94999694824219,124.97000122070312,123.16000366210938,124.20999908447266,95.89274597167969,215826100,2011-12-12
2011-12-13 14:30:00+00:00,124.86000061035156,125.56999969482422,122.44999694824219,123.05000305175781,94.99726867675781,245159800,2011-12-13
2011-12-14 14:30:00+00:00,122.55999755859375,123.02999877929688,121.47000122070312,121.73999786376953,93.98590087890625,238618800,2011-12-14
2011-12-15 14:30:00+00:00,123.02999877929688,123.19999694824219,121.98999786376953,122.18000030517578,94.32557678222656,199109200,2011-12-15
2011-12-16 14:30:00+00:00,122.2300033569336,122.94999694824219,121.30000305175781,121.58999633789062,94.4654541015625,220481400,2011-12-16
2011-12-19 14:30:00+00:00,122.05999755859375,122.31999969482422,120.02999877929688,120.29000091552734,93.45541381835938,183903000,2011-12-19
2011-12-20 14:30:00+00:00,122.18000030517578,124.13999938964844,120.37000274658203,123.93000030517578,96.28341674804688,225418100,2011-12-20
2011-12-21 14:30:00+00:00,123.93000030517578,124.36000061035156,122.75,124.16999816894531,96.46988677978516,194230900,2011-12-21
2011-12-22 14:30:00+00:00,124.62999725341797,125.4000015258789,124.2300033569336,125.2699966430664,97.32449340820312,119465400,2011-12-22
2011-12-23 14:30:00+00:00,125.66999816894531,126.43000030517578,125.41000366210938,126.38999938964844,98.19462585449219,92187200,2011-12-23
2011-12-27 14:30:00+00:00,126.16999816894531,126.81999969482422,126.05999755859375,126.48999786376953,98.2723159790039,86075700,2011-12-27
2011-12-28 14:30:00+00:00,126.51000213623047,126.52999877929688,124.7300033569336,124.83000183105469,96.98265838623047,119107100,2011-12-28
2011-12-29 14:30:00+00:00,125.23999786376953,126.25,124.86000061035156,126.12000274658203,97.98487854003906,123507200,2011-12-29
2011-12-30 14:30:00+00:00,126.0199966430664,126.33000183105469,125.5,125.5,97.50316619873047,95599000,2011-12-30
2012-01-03 14:30:00+00:00,127.76000213623047,128.3800048828125,127.43000030517578,127.5,99.05699157714844,193697900,2012-01-03
2012-01-04 14:30:00+00:00,127.19999694824219,127.80999755859375,126.70999908447266,127.69999694824219,99.21239471435547,127186500,2012-01-04
2012-01-05 14:30:00+00:00,127.01000213623047,128.22999572753906,126.43000030517578,128.0399932861328,99.47653198242188,173895000,2012-01-05
2012-01-06 14:30:00+00:00,128.1999969482422,128.22000122070312,127.29000091552734,127.70999908447266,99.22018432617188,148050000,2012-01-06
2012-01-09 14:30:00+00:00,128.0,128.17999267578125,127.41000366210938,128.02000427246094,99.46098327636719,99530200,2012-01-09
2012-01-10 14:30:00+00:00,129.38999938964844,129.64999389648438,128.9499969482422,129.1300048828125,100.32341003417969,115282000,2012-01-10
2012-01-11 14:30:00+00:00,128.72999572753906,129.3699951171875,128.52000427246094,129.1999969482422,100.37774658203125,111540700,2012-01-11
2012-01-12 14:30:00+00:00,129.57000732421875,129.6999969482422,128.5399932861328,129.50999450683594,100.61861419677734,118983700,2012-01-12
2012-01-13 14:30:00+00:00,128.63999938964844,129.0500030517578,127.72000122070312,128.83999633789062,100.09808349609375,179836200,2012-01-13
2012-01-17 14:30:00+00:00,130.0800018310547,130.32000732421875,128.89999389648438,129.33999633789062,100.48652648925781,132209200,2012-01-17
2012-01-18 14:30:00+00:00,129.30999755859375,130.83999633789062,129.0800018310547,130.77000427246094,101.59754943847656,163395200,2012-01-18
2012-01-19 14:30:00+00:00,131.22000122070312,131.57000732421875,130.8000030517578,131.4600067138672,102.13359832763672,126328900,2012-01-19
2012-01-20 14:30:00+00:00,131.24000549316406,131.9499969482422,130.9199981689453,131.9499969482422,102.51425170898438,138230200,2012-01-20
2012-01-23 14:30:00+00:00,131.50999450683594,132.25,130.97999572753906,131.61000061035156,102.25019073486328,129295800,2012-01-23
2012-01-24 14:30:00+00:00,130.8000030517578,131.5,130.60000610351562,131.4600067138672,102.13359832763672,103083300,2012-01-24
2012-01-25 14:30:00+00:00,131.25999450683594,132.8699951171875,130.75,132.55999755859375,102.98820495605469,198613200,2012-01-25
2012-01-26 14:30:00+00:00,133.14999389648438,133.39999389648438,131.36000061035156,131.8800048828125,102.45991516113281,184880500,2012-01-26
2012-01-27 14:30:00+00:00,131.24000549316406,132.0500030517578,131.14999389648438,131.82000732421875,102.41329193115234,135259100,2012-01-27
2012-01-30 14:30:00+00:00,130.50999450683594,131.44000244140625,130.05999755859375,131.3699951171875,102.06366729736328,147311800,2012-01-30
2012-01-31 14:30:00+00:00,132.02000427246094,132.17999267578125,130.67999267578125,131.32000732421875,102.02484130859375,157212000,2012-01-31
2012-02-01 14:30:00+00:00,132.2899932861328,133.13999938964844,132.1300048828125,132.47000122070312,102.91828918457031,166234500,2012-02-01
2012-02-02 14:30:00+00:00,132.72999572753906,133.02000427246094,132.2100067138672,132.67999267578125,103.08143615722656,113090400,2012-02-02
2012-02-03 14:30:00+00:00,134.0,134.6199951171875,133.77000427246094,134.5399932861328,104.52652740478516,160598500,2012-02-03
2012-02-06 14:30:00+00:00,133.97999572753906,134.50999450683594,133.8300018310547,134.4499969482422,104.45660400390625,107694500,2012-02-06
2012-02-07 14:30:00+00:00,134.1699981689453,135.02000427246094,133.63999938964844,134.7899932861328,104.72073364257812,135528100,2012-02-07
2012-02-08 14:30:00+00:00,134.86000061035156,135.22000122070312,134.30999755859375,135.19000244140625,105.03150177001953,139361400,2012-02-08
2012-02-09 14:30:00+00:00,135.41000366210938,135.58999633789062,134.55999755859375,135.36000061035156,105.16355895996094,148602900,2012-02-09
2012-02-10 14:30:00+00:00,134.16000366210938,134.47000122070312,133.83999633789062,134.36000061035156,104.38664245605469,167907500,2012-02-10
2012-02-13 14:30:00+00:00,135.32000732421875,135.52000427246094,134.74000549316406,135.36000061035156,105.16355895996094,115841900,2012-02-13
2012-02-14 14:30:00+00:00,135.0,135.27000427246094,134.25,135.19000244140625,105.03150177001953,165329500,2012-02-14
2012-02-15 14:30:00+00:00,135.6300048828125,135.8300018310547,134.2899932861328,134.55999755859375,104.54205322265625,195195100,2012-02-15
2012-02-16 14:30:00+00:00,134.57000732421875,136.1699981689453,134.3300018310547,136.0500030517578,105.69966125488281,186567800,2012-02-16
2012-02-17 14:30:00+00:00,136.52000427246094,136.6300048828125,135.9600067138672,136.41000366210938,105.97930145263672,129869400,2012-02-17
2012-02-21 14:30:00+00:00,136.72999572753906,137.0500030517578,136.0500030517578,136.47000122070312,106.02595520019531,134042300,2012-02-21
2012-02-22 14:30:00+00:00,136.25999450683594,136.5500030517578,135.7899932861328,136.02999877929688,105.68415069580078,124455300,2012-02-22
2012-02-23 14:30:00+00:00,135.9600067138672,136.72999572753906,135.5,136.6300048828125,106.1502685546875,137704300,2012-02-23
2012-02-24 14:30:00+00:00,136.92999267578125,137.1999969482422,136.6300048828125,136.92999267578125,106.38333892822266,105539100,2012-02-24
2012-02-27 14:30:00+00:00,136.02000427246094,137.52999877929688,135.8000030517578,137.16000366210938,106.56198120117188,145728900,2012-02-27
2012-02-28 14:30:00+00:00,137.1999969482422,137.72000122070312,136.92999267578125,137.55999755859375,106.872802734375,129355900,2012-02-28
2012-02-29 14:30:00+00:00,137.75999450683594,138.19000244140625,136.5399932861328,137.02000427246094,106.45327758789062,185934700,2012-02-29
2012-03-01 14:30:00+00:00,137.30999755859375,137.99000549316406,136.92999267578125,137.72999572753906,107.00489807128906,145023500,2012-03-01
2012-03-02 14:30:00+00:00,137.63999938964844,137.82000732421875,137.0,137.30999755859375,106.6785888671875,120638300,2012-03-02
2012-03-05 14:30:00+00:00,137.10000610351562,137.1999969482422,136.27999877929688,136.75,106.24352264404297,140765000,2012-03-05
2012-03-06 14:30:00+00:00,135.35000610351562,135.42999267578125,134.36000061035156,134.75,104.68965148925781,202129900,2012-03-06
2012-03-07 14:30:00+00:00,135.05999755859375,135.91000366210938,134.92999267578125,135.69000244140625,105.41996765136719,143692200,2012-03-07
2012-03-08 14:30:00+00:00,136.52000427246094,137.32000732421875,136.24000549316406,137.0399932861328,106.46878051757812,116968900,2012-03-08
2012-03-09 14:30:00+00:00,137.3000030517578,137.92999267578125,137.1300048828125,137.57000732421875,106.8805923461914,122836800,2012-03-09
2012-03-12 13:30:00+00:00,137.5500030517578,137.75999450683594,137.08999633789062,137.5800018310547,106.88834381103516,104003500,2012-03-12
2012-03-13 13:30:00+00:00,138.32000732421875,140.1300048828125,138.08999633789062,140.05999755859375,108.8150863647461,184090500,2012-03-13
2012-03-14 13:30:00+00:00,140.10000610351562,140.4499969482422,139.47999572753906,139.91000366210938,108.6985092163086,145163600,2012-03-14
2012-03-15 13:30:00+00:00,140.1199951171875,140.77999877929688,139.75999450683594,140.72000122070312,109.32784271240234,165118500,2012-03-15
2012-03-16 13:30:00+00:00,140.36000061035156,140.47999572753906,140.0,140.3000030517578,109.479248046875,152893500,2012-03-16
2012-03-19 13:30:00+00:00,140.2100067138672,141.27999877929688,140.11000061035156,140.85000610351562,109.90843963623047,125291100,2012-03-19
2012-03-20 13:30:00+00:00,140.0500030517578,140.61000061035156,139.63999938964844,140.44000244140625,109.58851623535156,121729700,2012-03-20
2012-03-21 13:30:00+00:00,140.52000427246094,140.64999389648438,139.9199981689453,140.2100067138672,109.40904235839844,122388400,2012-03-21
2012-03-22 13:30:00+00:00,139.17999267578125,139.5500030517578,138.74000549316406,139.1999969482422,108.62085723876953,135216700,2012-03-22
2012-03-23 13:30:00+00:00,139.32000732421875,139.80999755859375,138.5500030517578,139.64999389648438,108.97203826904297,120521000,2012-03-23
2012-03-26 13:30:00+00:00,140.64999389648438,141.61000061035156,140.60000610351562,141.61000061035156,110.50148010253906,120164000,2012-03-26
2012-03-27 13:30:00+00:00,141.74000549316406,141.8300018310547,141.0800018310547,141.1699981689453,110.15811920166016,119868500,2012-03-27
2012-03-28 13:30:00+00:00,141.10000610351562,141.32000732421875,139.63999938964844,140.47000122070312,109.6119155883789,148562100,2012-03-28
2012-03-29 13:30:00+00:00,139.63999938964844,140.49000549316406,139.08999633789062,140.22999572753906,109.42463684082031,164963700,2012-03-29
2012-03-30 13:30:00+00:00,140.9199981689453,141.0500030517578,140.0500030517578,140.80999755859375,109.87720489501953,135486800,2012-03-30
2012-04-02 13:30:00+00:00,140.63999938964844,142.2100067138672,140.36000061035156,141.83999633789062,110.680908203125,151741100,2012-04-02
2012-04-03 13:30:00+00:00,141.63999938964844,141.8800048828125,140.42999267578125,141.25999450683594,110.22836303710938,155806700,2012-04-03
2012-04-04 13:30:00+00:00,140.22000122070312,140.33999633789062,139.33999633789062,139.86000061035156,109.13591766357422,146896000,2012-04-04
2012-04-05 13:30:00+00:00,139.3800048828125,140.1999969482422,139.25999450683594,139.7899932861328,109.08129119873047,137439400,2012-04-05
2012-04-09 13:30:00+00:00,138.02999877929688,139.83999633789062,137.83999633789062,138.22000122070312,107.85619354248047,127555900,2012-04-09
2012-04-10 13:30:00+00:00,137.9499969482422,138.33999633789062,135.75999450683594,135.89999389648438,106.04582977294922,235360300,2012-04-10
2012-04-11 13:30:00+00:00,137.2899932861328,137.5399932861328,136.75,137.0,106.90421295166016,154133000,2012-04-11
2012-04-12 13:30:00+00:00,137.1300048828125,138.89999389648438,137.02999877929688,138.7899932861328,108.30097961425781,154321500,2012-04-12
2012-04-13 13:30:00+00:00,138.47000122070312,138.82000732421875,137.00999450683594,137.13999938964844,107.0134506225586,169246700,2012-04-13
2012-04-16 13:30:00+00:00,137.83999633789062,138.0399932861328,136.5800018310547,137.0500030517578,106.9432373046875,147825300,2012-04-16
2012-04-17 13:30:00+00:00,137.83999633789062,139.36000061035156,137.6999969482422,139.0800018310547,108.52725982666016,147877600,2012-04-17
2012-04-18 13:30:00+00:00,138.4600067138672,139.0800018310547,138.3800048828125,138.61000061035156,108.16050720214844,123884200,2012-04-18
2012-04-19 13:30:00+00:00,138.6300048828125,139.14999389648438,137.07000732421875,137.72000122070312,107.46601104736328,198666700,2012-04-19
2012-04-20 13:30:00+00:00,138.3300018310547,138.8300018310547,137.8699951171875,137.9499969482422,107.64550018310547,143199600,2012-04-20
2012-04-23 13:30:00+00:00,136.5399932861328,136.91000366210938,135.94000244140625,136.7899932861328,106.7403335571289,171844900,2012-04-23
2012-04-24 13:30:00+00:00,136.91000366210938,137.66000366210938,136.8000030517578,137.30999755859375,107.14608764648438,137484200,2012-04-24
2012-04-25 13:30:00+00:00,138.64999389648438,139.25,138.52999877929688,139.19000244140625,108.61309051513672,150252200,2012-04-25
2012-04-26 13:30:00+00:00,138.88999938964844,140.32000732421875,138.80999755859375,140.16000366210938,109.3699722290039,136291600,2012-04-26
2012-04-27 13:30:00+00:00,140.5800018310547,140.7899932861328,139.8000030517578,140.38999938964844,109.54946899414062,130725000,2012-04-27
2012-04-30 13:30:00+00:00,140.11000061035156,140.2100067138672,139.49000549316406,139.8699951171875,109.14371490478516,115092200,2012-04-30
2012-05-01 13:30:00+00:00,139.7899932861328,141.66000366210938,139.6300048828125,140.74000549316406,109.82254028320312,138832200,2012-05-01
2012-05-02 13:30:00+00:00,139.9199981689453,140.4600067138672,139.4600067138672,140.32000732421875,109.49481964111328,121081000,2012-05-02
2012-05-03 13:30:00+00:00,140.33999633789062,140.4499969482422,138.99000549316406,139.25,108.65991973876953,143759700,2012-05-03
2012-05-04 13:30:00+00:00,138.52000427246094,139.3000030517578,136.9199981689453,137.0,106.90421295166016,193927300,2012-05-04
2012-05-07 13:30:00+00:00,136.50999450683594,137.55999755859375,136.4600067138672,137.10000610351562,106.98221588134766,127765900,2012-05-07
2012-05-08 13:30:00+00:00,136.27999877929688,136.77000427246094,134.9199981689453,136.5500030517578,106.55302429199219,213377700,2012-05-08
2012-05-09 13:30:00+00:00,135.10000610351562,136.61000061035156,134.49000549316406,135.74000549316406,105.92098999023438,220752500,2012-05-09
2012-05-10 13:30:00+00:00,136.67999267578125,136.85000610351562,135.7100067138672,136.02000427246094,106.13943481445312,150600000,2012-05-10
2012-05-11 13:30:00+00:00,135.1699981689453,136.8699951171875,135.11000061035156,135.61000061035156,105.81953430175781,153032400,2012-05-11
2012-05-14 13:30:00+00:00,134.30999755859375,135.61000061035156,133.91000366210938,134.11000061035156,104.6490478515625,163910000,2012-05-14
2012-05-15 13:30:00+00:00,134.02000427246094,134.80999755859375,133.1300048828125,133.33999633789062,104.0482177734375,207629300,2012-05-15
2012-05-16 13:30:00+00:00,133.94000244140625,134.5500030517578,132.8000030517578,132.8300018310547,103.65025329589844,207265500,2012-05-16
2012-05-17 13:30:00+00:00,132.86000061035156,133.02000427246094,130.7899932861328,130.86000061035156,102.11299133300781,247992900,2012-05-17
2012-05-18 13:30:00+00:00,131.3699951171875,131.60000610351562,129.5500030517578,129.74000549316406,101.23905944824219,319615900,2012-05-18
2012-05-21 13:30:00+00:00,130.16000366210938,132.02000427246094,129.9499969482422,131.97000122070312,102.97917938232422,177861100,2012-05-21
2012-05-22 13:30:00+00:00,132.30999755859375,133.22999572753906,131.33999633789062,132.1999969482422,103.15865325927734,197531200,2012-05-22
2012-05-23 13:30:00+00:00,131.25,132.4600067138672,129.99000549316406,132.27000427246094,103.21321868896484,204958400,2012-05-23
2012-05-24 13:30:00+00:00,132.6300048828125,132.83999633789062,131.4199981689453,132.52999877929688,103.41615295410156,167357600,2012-05-24
2012-05-25 13:30:00+00:00,132.47999572753906,132.85000610351562,131.77999877929688,132.10000610351562,103.0805892944336,135465600,2012-05-25
2012-05-29 13:30:00+00:00,133.16000366210938,133.92999267578125,131.1699981689453,133.6999969482422,104.32914733886719,152883500,2012-05-29
2012-05-30 13:30:00+00:00,132.55999755859375,133.69000244140625,131.49000549316406,131.75999450683594,102.8152847290039,162370400,2012-05-30
2012-05-31 13:30:00+00:00,131.7100067138672,132.4499969482422,130.33999633789062,131.47000122070312,102.58899688720703,196186000,2012-05-31
2012-06-01 13:30:00+00:00,129.41000366210938,131.5,128.16000366210938,128.16000366210938,100.00611877441406,253240900,2012-06-01
2012-06-04 13:30:00+00:00,128.38999938964844,128.74000549316406,127.13999938964844,128.10000610351562,99.95929718017578,202545800,2012-06-04
2012-06-05 13:30:00+00:00,127.8499984741211,129.25999450683594,127.77999877929688,129.07000732421875,100.7162094116211,164149400,2012-06-05
2012-06-06 13:30:00+00:00,129.97000122070312,132.02999877929688,129.92999267578125,131.97000122070312,102.97917938232422,184202800,2012-06-06
2012-06-07 13:30:00+00:00,133.47000122070312,133.52999877929688,131.77999877929688,132.0500030517578,103.04158020019531,184772700,2012-06-07
2012-06-08 13:30:00+00:00,131.7100067138672,133.1300048828125,131.2899932861328,133.10000610351562,103.8609619140625,143915400,2012-06-08
2012-06-11 13:30:00+00:00,134.1699981689453,134.25,131.27999877929688,131.41000366210938,102.54219055175781,169756100,2012-06-11
2012-06-12 13:30:00+00:00,131.7899932861328,133.00999450683594,131.16000366210938,132.9199981689453,103.72048950195312,181931800,2012-06-12
2012-06-13 13:30:00+00:00,132.52999877929688,133.36000061035156,131.6199951171875,132.07000732421875,103.05719757080078,172223900,2012-06-13
2012-06-14 13:30:00+00:00,132.33999633789062,134.0,131.97999572753906,133.47000122070312,104.1496353149414,230615500,2012-06-14
2012-06-15 13:30:00+00:00,133.3800048828125,134.25999450683594,133.10000610351562,134.13999938964844,105.21483612060547,169444500,2012-06-15
2012-06-18 13:30:00+00:00,133.5800018310547,134.72999572753906,133.27999877929688,134.39999389648438,105.4187240600586,131360900,2012-06-18
2012-06-19 13:30:00+00:00,135.0800018310547,136.25,134.3699951171875,135.6999969482422,106.43838500976562,137382600,2012-06-19
2012-06-20 13:30:00+00:00,135.7100067138672,136.10000610351562,134.27000427246094,135.47999572753906,106.2658920288086,206451800,2012-06-20
2012-06-21 13:30:00+00:00,135.63999938964844,135.77999877929688,132.3300018310547,132.44000244140625,103.88140106201172,205272200,2012-06-21
2012-06-22 13:30:00+00:00,133.1300048828125,133.7100067138672,132.6199951171875,133.4600067138672,104.68145751953125,130029200,2012-06-22
2012-06-25 13:30:00+00:00,132.0500030517578,132.10000610351562,130.85000610351562,131.32000732421875,103.00289154052734,146375700,2012-06-25
2012-06-26 13:30:00+00:00,131.6999969482422,132.3800048828125,130.92999267578125,131.97999572753906,103.52056884765625,141634000,2012-06-26
2012-06-27 13:30:00+00:00,132.4199981689453,133.42999267578125,131.97000122070312,133.1699981689453,104.45393371582031,108088000,2012-06-27
2012-06-28 13:30:00+00:00,132.2899932861328,132.99000549316406,131.27999877929688,132.7899932861328,104.15589141845703,169242100,2012-06-28
2012-06-29 13:30:00+00:00,135.1999969482422,136.27000427246094,134.85000610351562,136.10000610351562,106.75216674804688,212250900,2012-06-29
2012-07-02 13:30:00+00:00,136.47999572753906,136.64999389648438,135.52000427246094,136.50999450683594,107.07373046875,129524500,2012-07-02
2012-07-03 13:30:00+00:00,136.47999572753906,137.50999450683594,136.33999633789062,137.41000366210938,107.77967834472656,80450000,2012-07-03
2012-07-05 13:30:00+00:00,136.89999389648438,137.8000030517578,136.2899932861328,136.7899932861328,107.29341125488281,126177500,2012-07-05
2012-07-06 13:30:00+00:00,135.47000122070312,135.77000427246094,134.85000610351562,135.49000549316406,106.27368927001953,151192100,2012-07-06
2012-07-09 13:30:00+00:00,135.3800048828125,135.57000732421875,134.6999969482422,135.32000732421875,106.14037322998047,103780500,2012-07-09
2012-07-10 13:30:00+00:00,136.00999450683594,136.22999572753906,133.67999267578125,134.13999938964844,105.21483612060547,167884800,2012-07-10
2012-07-11 13:30:00+00:00,134.2100067138672,134.60000610351562,133.3800048828125,134.16000366210938,105.23049926757812,141733400,2012-07-11
2012-07-12 13:30:00+00:00,133.3800048828125,134.22999572753906,132.60000610351562,133.50999450683594,104.72064971923828,143583200,2012-07-12
2012-07-13 13:30:00+00:00,133.86000061035156,135.88999938964844,133.83999633789062,135.75,106.47763061523438,129642600,2012-07-13
2012-07-16 13:30:00+00:00,135.44000244140625,135.8300018310547,134.89999389648438,135.42999267578125,106.22664642333984,97525200,2012-07-16
2012-07-17 13:30:00+00:00,135.97000122070312,136.63999938964844,134.5500030517578,136.36000061035156,106.95611572265625,138860300,2012-07-17
2012-07-18 13:30:00+00:00,136.0399932861328,137.63999938964844,135.9600067138672,137.3699951171875,107.74832153320312,113349700,2012-07-18
2012-07-19 13:30:00+00:00,137.64999389648438,138.17999267578125,137.2100067138672,137.72999572753906,108.03067779541016,129847300,2012-07-19
2012-07-20 13:30:00+00:00,136.9499969482422,137.16000366210938,136.32000732421875,136.47000122070312,107.04236602783203,142904500,2012-07-20
2012-07-23 13:30:00+00:00,134.47000122070312,136.3800048828125,133.83999633789062,135.08999633789062,105.95993041992188,145210900,2012-07-23
2012-07-24 13:30:00+00:00,135.19000244140625,135.25,133.02999877929688,133.92999267578125,105.05010223388672,173301200,2012-07-24
2012-07-25 13:30:00+00:00,134.2100067138672,134.55999755859375,133.25,133.9600067138672,105.07363891601562,129122300,2012-07-25
2012-07-26 13:30:00+00:00,135.88999938964844,136.4600067138672,135.25999450683594,136.1699981689453,106.80704498291016,156526500,2012-07-26
2012-07-27 13:30:00+00:00,136.88999938964844,139.07000732421875,136.13999938964844,138.67999267578125,108.77584075927734,236768900,2012-07-27
2012-07-30 13:30:00+00:00,138.52000427246094,139.33999633789062,138.27000427246094,138.67999267578125,108.77584075927734,106782000,2012-07-30
2012-07-31 13:30:00+00:00,138.49000549316406,138.8699951171875,137.7100067138672,137.7100067138672,108.01496124267578,120575900,2012-07-31
2012-08-01 13:30:00+00:00,138.6999969482422,138.72999572753906,137.39999389648438,137.58999633789062,107.92084503173828,138293800,2012-08-01
2012-08-02 13:30:00+00:00,136.5500030517578,137.57000732421875,135.5800018310547,136.63999938964844,107.17570495605469,199556600,2012-08-02
2012-08-03 13:30:00+00:00,138.55999755859375,139.63999938964844,136.67999267578125,139.35000610351562,109.30132293701172,157825000,2012-08-03
2012-08-06 13:30:00+00:00,139.72000122070312,140.1699981689453,139.55999755859375,139.6199951171875,109.51315307617188,86326200,2012-08-06
2012-08-07 13:30:00+00:00,140.17999267578125,140.9199981689453,140.02999877929688,140.32000732421875,110.06217956542969,109545100,2012-08-07
2012-08-08 13:30:00+00:00,139.85000610351562,140.64999389648438,139.80999755859375,140.49000549316406,110.19552612304688,89754700,2012-08-08
2012-08-09 13:30:00+00:00,140.2899932861328,140.88999938964844,140.14999389648438,140.61000061035156,110.28962707519531,90291700,2012-08-09
2012-08-10 13:30:00+00:00,140.0399932861328,140.88999938964844,139.80999755859375,140.83999633789062,110.4700698852539,99792700,2012-08-10
2012-08-13 13:30:00+00:00,140.60000610351562,140.83999633789062,140.0399932861328,140.77000427246094,110.41519165039062,79426900,2012-08-13
2012-08-14 13:30:00+00:00,141.2899932861328,141.3800048828125,140.3699951171875,140.7899932861328,110.43086242675781,102379400,2012-08-14
2012-08-15 13:30:00+00:00,140.63999938964844,141.19000244140625,140.5500030517578,140.9499969482422,110.55632781982422,71085900,2012-08-15
2012-08-16 13:30:00+00:00,141.14999389648438,142.16000366210938,140.8000030517578,141.99000549316406,111.37213134765625,112014200,2012-08-16
2012-08-17 13:30:00+00:00,142.22999572753906,142.3000030517578,141.86000061035156,142.17999267578125,111.5210952758789,90813700,2012-08-17
2012-08-20 13:30:00+00:00,141.97999572753906,142.22000122070312,141.58999633789062,142.19000244140625,111.5289535522461,78255700,2012-08-20
2012-08-21 13:30:00+00:00,142.5399932861328,143.08999633789062,141.4499969482422,141.75999450683594,111.19170379638672,105581100,2012-08-21
2012-08-22 13:30:00+00:00,141.39999389648438,142.0500030517578,141.07000732421875,141.82000732421875,111.23873138427734,133243500,2012-08-22
2012-08-23 13:30:00+00:00,141.47000122070312,141.47999572753906,140.44000244140625,140.66000366210938,110.32884979248047,111466400,2012-08-23
2012-08-24 13:30:00+00:00,140.30999755859375,141.8300018310547,140.22000122070312,141.50999450683594,110.99561309814453,99481200,2012-08-24
2012-08-27 13:30:00+00:00,141.88999938964844,142.0800018310547,141.33999633789062,141.5399932861328,111.01908874511719,68785900,2012-08-27
2012-08-28 13:30:00+00:00,141.17999267578125,141.83999633789062,140.97000122070312,141.39999389648438,110.90931701660156,75689600,2012-08-28
2012-08-29 13:30:00+00:00,141.52000427246094,141.88999938964844,141.1199951171875,141.50999450683594,110.99561309814453,65421300,2012-08-29
2012-08-30 13:30:00+00:00,140.89999389648438,140.94000244140625,140.19000244140625,140.49000549316406,110.19552612304688,96589900,2012-08-30
2012-08-31 13:30:00+00:00,141.2899932861328,141.82000732421875,140.36000061035156,141.16000366210938,110.72106170654297,151970400,2012-08-31
2012-09-04 13:30:00+00:00,141.0399932861328,141.4600067138672,140.1300048828125,141.02999877929688,110.61908721923828,120226200,2012-09-04
2012-09-05 13:30:00+00:00,141.08999633789062,141.47000122070312,140.6300048828125,140.91000366210938,110.52494812011719,100660300,2012-09-05
2012-09-06 13:30:00+00:00,141.75999450683594,143.77999877929688,141.75,143.77000427246094,112.76826477050781,158272500,2012-09-06
2012-09-07 13:30:00+00:00,144.00999450683594,144.38999938964844,143.8800048828125,144.3300018310547,113.20747375488281,107272100,2012-09-07
2012-09-10 13:30:00+00:00,144.19000244140625,144.44000244140625,143.4600067138672,143.50999450683594,112.56433868408203,86458500,2012-09-10
2012-09-11 13:30:00+00:00,143.60000610351562,144.3699951171875,143.55999755859375,143.91000366210938,112.87806701660156,88760000,2012-09-11
2012-09-12 13:30:00+00:00,144.38999938964844,144.5500030517578,143.89999389648438,144.38999938964844,113.25454711914062,87640900,2012-09-12
2012-09-13 13:30:00+00:00,144.3699951171875,147.0399932861328,143.99000549316406,146.58999633789062,114.98014068603516,225470200,2012-09-13
2012-09-14 13:30:00+00:00,146.8800048828125,148.11000061035156,146.75999450683594,147.24000549316406,115.49000549316406,169777000,2012-09-14
2012-09-17 13:30:00+00:00,146.94000244140625,147.19000244140625,146.3699951171875,146.74000549316406,115.09780883789062,119427800,2012-09-17
2012-09-18 13:30:00+00:00,146.49000549316406,146.80999755859375,146.25,146.6199951171875,115.00370025634766,98326600,2012-09-18
2012-09-19 13:30:00+00:00,146.7899932861328,147.1699981689453,146.41000366210938,146.6999969482422,115.06647491455078,128318300,2012-09-19
2012-09-20 13:30:00+00:00,146.02999877929688,146.7899932861328,145.6300048828125,146.7100067138672,115.07432556152344,154009800,2012-09-20
2012-09-21 13:30:00+00:00,146.63999938964844,146.6699981689453,145.80999755859375,145.8699951171875,115.02616119384766,108737500,2012-09-21
2012-09-24 13:30:00+00:00,145.14999389648438,145.97999572753906,145.0399932861328,145.64999389648438,114.85271453857422,95682000,2012-09-24
2012-09-25 13:30:00+00:00,145.9600067138672,146.24000549316406,144.05999755859375,144.10000610351562,113.63044738769531,133165200,2012-09-25
2012-09-26 13:30:00+00:00,144.07000732421875,144.11000061035156,142.9499969482422,143.2899932861328,112.99172973632812,146502200,2012-09-26
2012-09-27 13:30:00+00:00,143.88999938964844,144.97000122070312,143.50999450683594,144.63999938964844,114.0562744140625,111830300,2012-09-27
2012-09-28 13:30:00+00:00,144.08999633789062,144.55999755859375,143.4600067138672,143.97000122070312,113.52794647216797,150696100,2012-09-28
2012-10-01 13:30:00+00:00,144.52000427246094,145.69000244140625,144.00999450683594,144.35000610351562,113.82763671875,135911200,2012-10-01
2012-10-02 13:30:00+00:00,144.9199981689453,145.14999389648438,143.8300018310547,144.5,113.94587707519531,113422200,2012-10-02
2012-10-03 13:30:00+00:00,144.88999938964844,145.42999267578125,144.1300048828125,145.08999633789062,114.41110229492188,121283100,2012-10-03
2012-10-04 13:30:00+00:00,145.63999938964844,146.33999633789062,145.44000244140625,146.1300048828125,115.2312240600586,124311600,2012-10-04
2012-10-05 13:30:00+00:00,146.91000366210938,147.16000366210938,145.6999969482422,146.13999938964844,115.23910522460938,124842100,2012-10-05
2012-10-08 13:30:00+00:00,145.60000610351562,146.1199951171875,145.30999755859375,145.63999938964844,114.8448257446289,78415400,2012-10-08
2012-10-09 13:30:00+00:00,145.52999877929688,145.64999389648438,144.14999389648438,144.1999969482422,113.70933532714844,148872900,2012-10-09
2012-10-10 13:30:00+00:00,144.17999267578125,144.32000732421875,143.08999633789062,143.27999877929688,112.98381805419922,124247500,2012-10-10
2012-10-11 13:30:00+00:00,144.27999877929688,144.49000549316406,143.3300018310547,143.36000061035156,113.04692840576172,123601500,2012-10-11
2012-10-12 13:30:00+00:00,143.4600067138672,143.9499969482422,142.5800018310547,142.88999938964844,112.67630767822266,124181900,2012-10-12
2012-10-15 13:30:00+00:00,143.22999572753906,144.22999572753906,142.77000427246094,144.0800018310547,113.61470794677734,107689100,2012-10-15
2012-10-16 13:30:00+00:00,144.75999450683594,145.63999938964844,144.66000366210938,145.5399932861328,114.76597595214844,108815500,2012-10-16
2012-10-17 13:30:00+00:00,145.63999938964844,146.32000732421875,145.4199981689453,146.1999969482422,115.28640747070312,128834100,2012-10-17
2012-10-18 13:30:00+00:00,145.82000732421875,146.52000427246094,145.3300018310547,145.82000732421875,114.98680877685547,148108500,2012-10-18
2012-10-19 13:30:00+00:00,145.5500030517578,145.55999755859375,143.0500030517578,143.38999938964844,113.070556640625,185645200,2012-10-19
2012-10-22 13:30:00+00:00,143.14999389648438,143.6699981689453,142.27999877929688,143.41000366210938,113.08633422851562,125578600,2012-10-22
2012-10-23 13:30:00+00:00,141.86000061035156,142.05999755859375,140.8300018310547,141.4199981689453,111.5172119140625,192056300,2012-10-23
2012-10-24 13:30:00+00:00,141.92999267578125,142.10000610351562,140.8000030517578,141.02000427246094,111.20169067382812,120179400,2012-10-24
2012-10-25 13:30:00+00:00,142.02000427246094,142.27999877929688,140.57000732421875,141.42999267578125,111.5250015258789,134457400,2012-10-25
2012-10-26 13:30:00+00:00,141.3000030517578,141.83999633789062,140.38999938964844,141.35000610351562,111.46195983886719,146023500,2012-10-26
2012-10-31 13:30:00+00:00,141.85000610351562,142.02999877929688,140.67999267578125,141.35000610351562,111.46195983886719,103438500,2012-10-31
2012-11-01 13:30:00+00:00,141.64999389648438,143.00999450683594,141.52000427246094,142.8300018310547,112.62898254394531,100995600,2012-11-01
2012-11-02 13:30:00+00:00,143.67999267578125,143.72000122070312,141.41000366210938,141.55999755859375,111.62753295898438,137702200,2012-11-02
2012-11-05 14:30:00+00:00,141.35000610351562,142.1699981689453,140.92999267578125,141.85000610351562,111.85621643066406,98378500,2012-11-05
2012-11-06 14:30:00+00:00,142.27999877929688,143.52000427246094,142.1300048828125,142.9600067138672,112.73151397705078,107068100,2012-11-06
2012-11-07 14:30:00+00:00,141.66000366210938,141.67999267578125,139.05999755859375,139.72000122070312,110.17658996582031,264304500,2012-11-07
2012-11-08 14:30:00+00:00,139.6999969482422,140.41000366210938,137.92999267578125,138.0399932861328,108.85183715820312,181517300,2012-11-08
2012-11-09 14:30:00+00:00,137.6199951171875,139.44000244140625,137.5500030517578,138.16000366210938,108.94644165039062,201055300,2012-11-09
2012-11-12 14:30:00+00:00,138.58999633789062,138.80999755859375,137.9600067138672,138.27000427246094,109.03318786621094,97677500,2012-11-12
2012-11-13 14:30:00+00:00,137.5399932861328,139.25,137.36000061035156,137.7899932861328,108.65469360351562,123018300,2012-11-13
2012-11-14 14:30:00+00:00,138.2100067138672,138.42999267578125,135.6199951171875,135.92999267578125,107.18795013427734,191505000,2012-11-14
2012-11-15 14:30:00+00:00,135.97999572753906,136.49000549316406,135.17999267578125,135.6999969482422,107.0066146850586,178128400,2012-11-15
2012-11-16 14:30:00+00:00,135.89999389648438,136.63999938964844,134.6999969482422,136.3699951171875,107.5349349975586,239483900,2012-11-16
2012-11-19 14:30:00+00:00,137.89999389648438,139.14999389648438,136.41000366210938,139.1300048828125,109.71136474609375,151495800,2012-11-19
2012-11-20 14:30:00+00:00,138.91000366210938,139.4199981689453,138.0800018310547,139.19000244140625,109.7586441040039,119807400,2012-11-20
2012-11-21 14:30:00+00:00,139.30999755859375,139.57000732421875,139.02999877929688,139.4499969482422,109.96370697021484,81710800,2012-11-21
2012-11-23 14:30:00+00:00,140.1300048828125,141.39999389648438,140.0399932861328,141.35000610351562,111.46195983886719,65409200,2012-11-23
2012-11-26 14:30:00+00:00,140.64999389648438,141.36000061035156,140.19000244140625,141.0500030517578,111.22534942626953,100124400,2012-11-26
2012-11-27 14:30:00+00:00,140.91000366210938,141.38999938964844,140.24000549316406,140.3300018310547,110.65760803222656,128646200,2012-11-27
2012-11-28 14:30:00+00:00,139.75999450683594,141.5399932861328,139.0,141.4600067138672,111.5487060546875,177086500,2012-11-28
2012-11-29 14:30:00+00:00,141.99000549316406,142.50999450683594,141.3699951171875,142.1199951171875,112.06908416748047,151085900,2012-11-29
2012-11-30 14:30:00+00:00,142.13999938964844,142.4199981689453,141.66000366210938,142.14999389648438,112.09278869628906,136568300,2012-11-30
2012-12-03 14:30:00+00:00,142.8000030517578,142.9199981689453,141.33999633789062,141.4499969482422,111.54078674316406,124656300,2012-12-03
2012-12-04 14:30:00+00:00,141.44000244140625,141.8699951171875,140.8699951171875,141.25,111.3830795288086,127512200,2012-12-04
2012-12-05 14:30:00+00:00,141.3699951171875,142.16000366210938,140.3699951171875,141.5,111.5802230834961,147300500,2012-12-05
2012-12-06 14:30:00+00:00,141.3699951171875,142.0399932861328,141.16000366210938,141.97999572753906,111.95873260498047,103220600,2012-12-06
2012-12-07 14:30:00+00:00,142.52999877929688,142.69000244140625,141.6699981689453,142.41000366210938,112.29776763916016,108726400,2012-12-07
2012-12-10 14:30:00+00:00,142.2100067138672,142.80999755859375,142.14999389648438,142.47000122070312,112.34514617919922,98840700,2012-12-10
2012-12-11 14:30:00+00:00,143.05999755859375,144.11000061035156,142.99000549316406,143.44000244140625,113.11001586914062,152570400,2012-12-11
2012-12-12 14:30:00+00:00,144.0,144.5500030517578,143.30999755859375,143.50999450683594,113.16520690917969,145880100,2012-12-12
2012-12-13 14:30:00+00:00,143.4199981689453,143.8300018310547,142.27000427246094,142.6300048828125,112.4713134765625,135715000,2012-12-13
2012-12-14 14:30:00+00:00,142.32000732421875,142.5800018310547,141.8800048828125,142.10000610351562,112.05337524414062,137701700,2012-12-14
2012-12-17 14:30:00+00:00,142.47000122070312,143.85000610351562,142.42999267578125,143.77000427246094,113.3702392578125,143238200,2012-12-17
2012-12-18 14:30:00+00:00,144.0,145.5,143.7899932861328,145.3699951171875,114.63191986083984,177762800,2012-12-18
2012-12-19 14:30:00+00:00,145.52999877929688,145.5800018310547,144.24000549316406,144.2899932861328,113.78023529052734,150895400,2012-12-19
2012-12-20 14:30:00+00:00,144.3800048828125,145.13999938964844,143.97999572753906,145.1199951171875,114.43479919433594,168487000,2012-12-20
2012-12-21 14:30:00+00:00,142.1699981689453,144.08999633789062,141.94000244140625,142.7899932861328,113.39604187011719,245883800,2012-12-21
2012-12-24 14:30:00+00:00,142.47999572753906,142.55999755859375,142.19000244140625,142.35000610351562,113.04662322998047,53874600,2012-12-24
2012-12-26 14:30:00+00:00,142.63999938964844,142.7100067138672,141.35000610351562,141.75,112.57015228271484,106947700,2012-12-26
2012-12-27 14:30:00+00:00,141.7899932861328,142.0800018310547,139.9199981689453,141.55999755859375,112.41924285888672,167920600,2012-12-27
2012-12-28 14:30:00+00:00,140.63999938964844,141.4199981689453,139.8699951171875,140.02999877929688,111.20420837402344,148806700,2012-12-28
2012-12-31 14:30:00+00:00,139.66000366210938,142.55999755859375,139.5399932861328,142.41000366210938,113.09423828125,243935200,2012-12-31
2013-01-02 14:30:00+00:00,145.11000061035156,146.14999389648438,144.72999572753906,146.05999755859375,115.99285888671875,192059000,2013-01-02
2013-01-03 14:30:00+00:00,145.99000549316406,146.3699951171875,145.33999633789062,145.72999572753906,115.73082733154297,144761800,2013-01-03
2013-01-04 14:30:00+00:00,145.97000122070312,146.61000061035156,145.6699981689453,146.3699951171875,116.23902130126953,116817700,2013-01-04
2013-01-07 14:30:00+00:00,145.85000610351562,146.11000061035156,145.42999267578125,145.97000122070312,115.92142486572266,110002500,2013-01-07
2013-01-08 14:30:00+00:00,145.7100067138672,145.91000366210938,144.97999572753906,145.5500030517578,115.58786010742188,121265100,2013-01-08
2013-01-09 14:30:00+00:00,145.8699951171875,146.32000732421875,145.63999938964844,145.9199981689453,115.88170623779297,90745600,2013-01-09
2013-01-10 14:30:00+00:00,146.72999572753906,147.08999633789062,145.97000122070312,147.0800018310547,116.80290985107422,130735400,2013-01-10
2013-01-11 14:30:00+00:00,147.0399932861328,147.14999389648438,146.61000061035156,147.07000732421875,116.79502868652344,113917300,2013-01-11
2013-01-14 14:30:00+00:00,146.88999938964844,147.07000732421875,146.42999267578125,146.97000122070312,116.715576171875,89567200,2013-01-14
2013-01-15 14:30:00+00:00,146.2899932861328,147.2100067138672,146.1999969482422,147.07000732421875,116.79502868652344,93172600,2013-01-15
2013-01-16 14:30:00+00:00,146.77000427246094,147.27999877929688,146.61000061035156,147.0500030517578,116.7790756225586,104849500,2013-01-16
2013-01-17 14:30:00+00:00,147.6999969482422,148.4199981689453,147.14999389648438,148.0,117.53352355957031,133833500,2013-01-17
2013-01-18 14:30:00+00:00,147.97000122070312,148.49000549316406,147.42999267578125,148.3300018310547,117.79562377929688,169906000,2013-01-18
2013-01-22 14:30:00+00:00,148.3300018310547,149.1300048828125,147.97999572753906,149.1300048828125,118.430908203125,111797300,2013-01-22
2013-01-23 14:30:00+00:00,149.1300048828125,149.5,148.86000061035156,149.3699951171875,118.62152099609375,104596100,2013-01-23
2013-01-24 14:30:00+00:00,149.14999389648438,150.13999938964844,149.00999450683594,149.41000366210938,118.65328216552734,146426400,2013-01-24
2013-01-25 14:30:00+00:00,149.8800048828125,150.25,149.3699951171875,150.25,119.32037353515625,147211600,2013-01-25
2013-01-28 14:30:00+00:00,150.2899932861328,150.3300018310547,149.50999450683594,150.07000732421875,119.17743682861328,113357700,2013-01-28
2013-01-29 14:30:00+00:00,149.77000427246094,150.85000610351562,149.6699981689453,150.66000366210938,119.64595031738281,105694400,2013-01-29
2013-01-30 14:30:00+00:00,150.63999938964844,150.94000244140625,149.92999267578125,150.07000732421875,119.17743682861328,137447700,2013-01-30
2013-01-31 14:30:00+00:00,149.88999938964844,150.3800048828125,149.60000610351562,149.6999969482422,118.88360595703125,108975800,2013-01-31
2013-02-01 14:30:00+00:00,150.64999389648438,151.4199981689453,150.38999938964844,151.24000549316406,120.1065444946289,131173000,2013-02-01
2013-02-04 14:30:00+00:00,150.32000732421875,151.27000427246094,149.42999267578125,149.5399932861328,118.75650024414062,159073600,2013-02-04
2013-02-05 14:30:00+00:00,150.35000610351562,151.47999572753906,150.2899932861328,151.0500030517578,119.95565032958984,113912400,2013-02-05
2013-02-06 14:30:00+00:00,150.52000427246094,151.25999450683594,150.41000366210938,151.16000366210938,120.04301452636719,138762800,2013-02-06
2013-02-07 14:30:00+00:00,151.2100067138672,151.35000610351562,149.86000061035156,150.9600067138672,119.88419342041016,162490000,2013-02-07
2013-02-08 14:30:00+00:00,151.22000122070312,151.88999938964844,151.22000122070312,151.8000030517578,120.55127716064453,103133700,2013-02-08
2013-02-11 14:30:00+00:00,151.74000549316406,151.89999389648438,151.38999938964844,151.77000427246094,120.52748107910156,73775000,2013-02-11
2013-02-12 14:30:00+00:00,151.77999877929688,152.3000030517578,151.61000061035156,152.02000427246094,120.72599792480469,65392700,2013-02-12
2013-02-13 14:30:00+00:00,152.3300018310547,152.61000061035156,151.72000122070312,152.14999389648438,120.82923126220703,82322600,2013-02-13
2013-02-14 14:30:00+00:00,151.69000244140625,152.47000122070312,151.52000427246094,152.2899932861328,120.94039916992188,80834300,2013-02-14
2013-02-15 14:30:00+00:00,152.42999267578125,152.58999633789062,151.5500030517578,152.11000061035156,120.7974853515625,215226500,2013-02-15
2013-02-19 14:30:00+00:00,152.3699951171875,153.27999877929688,152.16000366210938,153.25,121.70282745361328,95105400,2013-02-19
2013-02-20 14:30:00+00:00,153.13999938964844,153.19000244140625,151.25999450683594,151.33999633789062,120.18597412109375,160574800,2013-02-20
2013-02-21 14:30:00+00:00,150.9600067138672,151.4199981689453,149.94000244140625,150.4199981689453,119.45535278320312,183257000,2013-02-21
2013-02-22 14:30:00+00:00,151.14999389648438,151.88999938964844,150.49000549316406,151.88999938964844,120.6227798461914,106356600,2013-02-22
2013-02-25 14:30:00+00:00,152.6300048828125,152.86000061035156,149.0,149.0,118.32768249511719,245824800,2013-02-25
2013-02-26 14:30:00+00:00,149.72000122070312,150.1999969482422,148.72999572753906,150.02000427246094,119.13770294189453,186596200,2013-02-26
2013-02-27 14:30:00+00:00,149.88999938964844,152.3300018310547,149.75999450683594,151.91000366210938,120.63856506347656,150781900,2013-02-27
2013-02-28 14:30:00+00:00,151.89999389648438,152.8699951171875,151.41000366210938,151.61000061035156,120.40038299560547,126866000,2013-02-28
2013-03-01 14:30:00+00:00,151.08999633789062,152.33999633789062,150.41000366210938,152.11000061035156,120.7974853515625,170634800,2013-03-01
2013-03-04 14:30:00+00:00,151.75999450683594,152.9199981689453,151.52000427246094,152.9199981689453,121.44078826904297,99010200,2013-03-04
2013-03-05 14:30:00+00:00,153.66000366210938,154.6999969482422,153.63999938964844,154.2899932861328,122.52867889404297,121431900,2013-03-05
2013-03-06 14:30:00+00:00,154.83999633789062,154.9199981689453,154.16000366210938,154.5,122.69551086425781,94469900,2013-03-06
2013-03-07 14:30:00+00:00,154.6999969482422,154.97999572753906,154.52000427246094,154.77999877929688,122.91781616210938,86101400,2013-03-07
2013-03-08 14:30:00+00:00,155.4600067138672,155.64999389648438,154.66000366210938,155.44000244140625,123.44196319580078,123477800,2013-03-08
2013-03-11 13:30:00+00:00,155.32000732421875,156.0399932861328,155.1300048828125,156.02999877929688,123.9104995727539,83746800,2013-03-11
2013-03-12 13:30:00+00:00,155.9199981689453,156.10000610351562,155.2100067138672,155.67999267578125,123.63261413574219,105755800,2013-03-12
2013-03-13 13:30:00+00:00,155.75999450683594,156.1199951171875,155.22999572753906,155.89999389648438,123.80725860595703,92550900,2013-03-13
2013-03-14 13:30:00+00:00,156.30999755859375,156.8000030517578,155.91000366210938,156.72999572753906,124.46642303466797,126329900,2013-03-14
2013-03-15 13:30:00+00:00,155.85000610351562,156.0399932861328,155.30999755859375,155.8300018310547,124.30210876464844,138601100,2013-03-15
2013-03-18 13:30:00+00:00,154.33999633789062,155.63999938964844,154.1999969482422,154.97000122070312,123.6160659790039,126704300,2013-03-18
2013-03-19 13:30:00+00:00,155.3000030517578,155.50999450683594,153.58999633789062,154.61000061035156,123.32891845703125,167567300,2013-03-19
2013-03-20 13:30:00+00:00,155.52000427246094,155.9499969482422,155.25999450683594,155.69000244140625,124.19044494628906,113759300,2013-03-20
2013-03-21 13:30:00+00:00,154.75999450683594,155.63999938964844,154.10000610351562,154.36000061035156,123.12953186035156,128605000,2013-03-21
2013-03-22 13:30:00+00:00,154.85000610351562,155.60000610351562,154.72999572753906,155.60000610351562,124.11865997314453,111163600,2013-03-22
2013-03-25 13:30:00+00:00,156.00999450683594,156.27000427246094,154.35000610351562,154.9499969482422,123.6001205444336,151322300,2013-03-25
2013-03-26 13:30:00+00:00,155.58999633789062,156.22999572753906,155.4199981689453,156.19000244140625,124.58922576904297,86856600,2013-03-26
2013-03-27 13:30:00+00:00,155.25999450683594,156.24000549316406,155.0,156.19000244140625,124.58922576904297,99950600,2013-03-27
2013-03-28 13:30:00+00:00,156.08999633789062,156.85000610351562,155.75,156.6699981689453,124.97212982177734,102932800,2013-03-28
2013-04-01 13:30:00+00:00,156.58999633789062,156.91000366210938,155.6699981689453,156.0500030517578,124.47756958007812,99194100,2013-04-01
2013-04-02 13:30:00+00:00,156.61000061035156,157.2100067138672,156.3699951171875,156.82000732421875,125.09182739257812,101504300,2013-04-02
2013-04-03 13:30:00+00:00,156.91000366210938,157.02999877929688,154.82000732421875,155.22999572753906,123.82345581054688,154167400,2013-04-03
2013-04-04 13:30:00+00:00,155.42999267578125,156.1699981689453,155.08999633789062,155.86000061035156,124.3260726928711,131885000,2013-04-04
2013-04-05 13:30:00+00:00,153.9499969482422,155.35000610351562,153.77000427246094,155.16000366210938,123.7676773071289,159666000,2013-04-05
2013-04-08 13:30:00+00:00,155.27000427246094,156.22000122070312,154.75,156.2100067138672,124.60523223876953,86571200,2013-04-08
2013-04-09 13:30:00+00:00,156.5,157.32000732421875,155.97999572753906,156.75,125.03594970703125,101922200,2013-04-09
2013-04-10 13:30:00+00:00,157.1699981689453,158.8699951171875,157.1300048828125,158.6699981689453,126.56747436523438,135711100,2013-04-10
2013-04-11 13:30:00+00:00,158.6999969482422,159.7100067138672,158.5399932861328,159.19000244140625,126.98233032226562,110142500,2013-04-11
2013-04-12 13:30:00+00:00,158.67999267578125,159.0399932861328,157.9199981689453,158.8000030517578,126.6712646484375,116359900,2013-04-12
2013-04-15 13:30:00+00:00,158.0,158.1300048828125,155.10000610351562,155.1199951171875,123.7357406616211,217259000,2013-04-15
2013-04-16 13:30:00+00:00,156.2899932861328,157.49000549316406,155.91000366210938,157.41000366210938,125.56236267089844,147507800,2013-04-16
2013-04-17 13:30:00+00:00,156.2899932861328,156.32000732421875,154.27999877929688,155.11000061035156,123.7277603149414,226834800,2013-04-17
2013-04-18 13:30:00+00:00,155.3699951171875,155.41000366210938,153.5500030517578,154.13999938964844,122.95403289794922,167583200,2013-04-18
2013-04-19 13:30:00+00:00,154.5,155.5500030517578,154.1199951171875,155.47999572753906,124.02293395996094,149687600,2013-04-19
2013-04-22 13:30:00+00:00,155.77999877929688,156.5399932861328,154.75,156.1699981689453,124.57329559326172,106553500,2013-04-22
2013-04-23 13:30:00+00:00,156.9499969482422,157.92999267578125,156.1699981689453,157.77999877929688,125.85755157470703,166141300,2013-04-23
2013-04-24 13:30:00+00:00,157.8300018310547,158.3000030517578,157.5399932861328,157.8800048828125,125.93736267089844,96781200,2013-04-24
2013-04-25 13:30:00+00:00,158.33999633789062,159.27000427246094,158.10000610351562,158.52000427246094,126.44790649414062,131060600,2013-04-25
2013-04-26 13:30:00+00:00,158.3300018310547,158.60000610351562,157.72999572753906,158.24000549316406,126.22449493408203,95918800,2013-04-26
2013-04-29 13:30:00+00:00,158.6699981689453,159.64999389648438,158.4199981689453,159.3000030517578,127.07000732421875,88572800,2013-04-29
2013-04-30 13:30:00+00:00,159.27000427246094,159.72000122070312,158.61000061035156,159.67999267578125,127.37313079833984,116010700,2013-04-30
2013-05-01 13:30:00+00:00,159.3300018310547,159.41000366210938,158.10000610351562,158.27999877929688,126.25643920898438,138874200,2013-05-01
2013-05-02 13:30:00+00:00,158.67999267578125,159.88999938964844,158.52999877929688,159.75,127.4289779663086,96407600,2013-05-02
2013-05-03 13:30:00+00:00,161.13999938964844,161.8800048828125,159.77999877929688,161.3699951171875,128.72120666503906,144202300,2013-05-03
2013-05-06 13:30:00+00:00,161.49000549316406,162.00999450683594,161.4199981689453,161.77999877929688,129.0482177734375,66882100,2013-05-06
2013-05-07 13:30:00+00:00,162.1300048828125,162.64999389648438,161.6699981689453,162.60000610351562,129.70237731933594,90359200,2013-05-07
2013-05-08 13:30:00+00:00,162.4199981689453,163.38999938964844,162.3300018310547,163.33999633789062,130.29263305664062,97419200,2013-05-08
2013-05-09 13:30:00+00:00,163.27000427246094,163.6999969482422,162.47000122070312,162.8800048828125,129.92575073242188,106738600,2013-05-09
2013-05-10 13:30:00+00:00,162.99000549316406,163.5500030517578,162.50999450683594,163.41000366210938,130.34852600097656,103203000,2013-05-10
2013-05-13 13:30:00+00:00,163.1999969482422,163.80999755859375,162.82000732421875,163.5399932861328,130.45213317871094,81843200,2013-05-13
2013-05-14 13:30:00+00:00,163.6699981689453,165.35000610351562,163.6699981689453,165.22999572753906,131.80026245117188,119000900,2013-05-14
2013-05-15 13:30:00+00:00,164.9600067138672,166.4499969482422,164.91000366210938,166.1199951171875,132.5102081298828,120718500,2013-05-15
2013-05-16 13:30:00+00:00,165.77999877929688,166.36000061035156,165.08999633789062,165.33999633789062,131.88800048828125,109913600,2013-05-16
2013-05-17 13:30:00+00:00,165.9499969482422,167.0399932861328,165.72999572753906,166.94000244140625,133.16432189941406,129801000,2013-05-17
2013-05-20 13:30:00+00:00,166.77999877929688,167.5800018310547,166.61000061035156,166.92999267578125,133.1563720703125,85071200,2013-05-20
2013-05-21 13:30:00+00:00,167.0800018310547,167.8000030517578,166.5,167.1699981689453,133.34776306152344,95804200,2013-05-21
2013-05-22 13:30:00+00:00,167.33999633789062,169.07000732421875,165.1699981689453,165.92999267578125,132.35867309570312,244031800,2013-05-22
2013-05-23 13:30:00+00:00,164.16000366210938,165.91000366210938,163.94000244140625,165.4499969482422,131.9757537841797,211064400,2013-05-23
2013-05-24 13:30:00+00:00,164.47000122070312,165.3800048828125,163.97999572753906,165.30999755859375,131.8640899658203,151573900,2013-05-24
2013-05-28 13:30:00+00:00,167.0399932861328,167.77999877929688,165.80999755859375,166.3000030517578,132.65379333496094,143679800,2013-05-28
2013-05-29 13:30:00+00:00,165.4199981689453,165.8000030517578,164.33999633789062,165.22000122070312,131.79229736328125,160363400,2013-05-29
2013-05-30 13:30:00+00:00,165.35000610351562,166.58999633789062,165.22000122070312,165.8300018310547,132.27886962890625,107793800,2013-05-30
2013-05-31 13:30:00+00:00,165.3699951171875,166.30999755859375,163.1300048828125,163.4499969482422,130.3804473876953,176850100,2013-05-31
2013-06-03 13:30:00+00:00,163.8300018310547,164.4600067138672,162.66000366210938,164.35000610351562,131.09832763671875,168390700,2013-06-03
2013-06-04 13:30:00+00:00,164.44000244140625,165.10000610351562,162.72999572753906,163.55999755859375,130.46812438964844,157631500,2013-06-04
2013-06-05 13:30:00+00:00,163.08999633789062,163.4199981689453,161.1300048828125,161.27000427246094,128.64144897460938,211737800,2013-06-05
2013-06-06 13:30:00+00:00,161.1999969482422,162.74000549316406,160.25,162.72999572753906,129.80606079101562,200225500,2013-06-06
2013-06-07 13:30:00+00:00,163.85000610351562,164.9499969482422,163.13999938964844,164.8000030517578,131.4572296142578,188337800,2013-06-07
2013-06-10 13:30:00+00:00,165.30999755859375,165.39999389648438,164.3699951171875,164.8000030517578,131.4572296142578,105667100,2013-06-10
2013-06-11 13:30:00+00:00,163.3000030517578,164.5399932861328,162.74000549316406,163.10000610351562,130.10121154785156,159505400,2013-06-11
2013-06-12 13:30:00+00:00,164.22000122070312,164.38999938964844,161.60000610351562,161.75,129.0243682861328,177361500,2013-06-12
2013-06-13 13:30:00+00:00,161.66000366210938,164.5,161.3000030517578,164.2100067138672,130.98666381835938,163587800,2013-06-13
2013-06-14 13:30:00+00:00,164.02999877929688,164.6699981689453,162.91000366210938,163.17999267578125,130.16502380371094,141197500,2013-06-14
2013-06-17 13:30:00+00:00,164.2899932861328,165.22000122070312,163.22000122070312,164.44000244140625,131.17010498046875,136295600,2013-06-17
2013-06-18 13:30:00+00:00,164.52999877929688,165.99000549316406,164.52000427246094,165.74000549316406,132.2071075439453,114695600,2013-06-18
2013-06-19 13:30:00+00:00,165.60000610351562,165.88999938964844,163.3800048828125,163.4499969482422,130.3804473876953,206149500,2013-06-19
2013-06-20 13:30:00+00:00,161.86000061035156,163.47000122070312,158.97999572753906,159.39999389648438,127.14981842041016,321255900,2013-06-20
2013-06-21 13:30:00+00:00,159.63999938964844,159.75999450683594,157.47000122070312,159.07000732421875,127.55799102783203,271956800,2013-06-21
2013-06-24 13:30:00+00:00,157.41000366210938,158.42999267578125,155.72999572753906,157.05999755859375,125.94620513916016,222329000,2013-06-24
2013-06-25 13:30:00+00:00,158.47999572753906,160.10000610351562,157.4199981689453,158.57000732421875,127.15699768066406,162262200,2013-06-25
2013-06-26 13:30:00+00:00,159.8699951171875,160.5,159.25,160.13999938964844,128.416015625,134848000,2013-06-26
2013-06-27 13:30:00+00:00,161.10000610351562,161.82000732421875,160.9499969482422,161.0800018310547,129.16983032226562,129483700,2013-06-27
2013-06-28 13:30:00+00:00,160.6300048828125,161.39999389648438,159.86000061035156,160.4199981689453,128.64051818847656,160402900,2013-06-28
2013-07-01 13:30:00+00:00,161.25999450683594,162.47999572753906,161.0800018310547,161.36000061035156,129.394287109375,131954800,2013-07-01
2013-07-02 13:30:00+00:00,161.1199951171875,162.3000030517578,160.5,161.2100067138672,129.27406311035156,154863700,2013-07-02
2013-07-03 13:30:00+00:00,160.47999572753906,161.77000427246094,160.22000122070312,161.27999877929688,129.33023071289062,75216400,2013-07-03
2013-07-05 13:30:00+00:00,162.47000122070312,163.0800018310547,161.3000030517578,163.02000427246094,130.72549438476562,122416900,2013-07-05
2013-07-08 13:30:00+00:00,163.86000061035156,164.38999938964844,163.0800018310547,163.9499969482422,131.4712371826172,108092500,2013-07-08
2013-07-09 13:30:00+00:00,164.97999572753906,165.3300018310547,164.27000427246094,165.1300048828125,132.41749572753906,119298000,2013-07-09
2013-07-10 13:30:00+00:00,164.97000122070312,165.75,164.6300048828125,165.19000244140625,132.465576171875,121410100,2013-07-10
2013-07-11 13:30:00+00:00,167.11000061035156,167.61000061035156,165.17999267578125,167.44000244140625,134.26983642578125,135592200,2013-07-11
2013-07-12 13:30:00+00:00,167.38999938964844,167.92999267578125,167.1300048828125,167.50999450683594,134.32601928710938,104212700,2013-07-12
2013-07-15 13:30:00+00:00,167.97000122070312,168.38999938964844,167.67999267578125,168.14999389648438,134.83926391601562,69450600,2013-07-15
2013-07-16 13:30:00+00:00,168.25999450683594,168.36000061035156,167.07000732421875,167.52000427246094,134.3340301513672,88702100,2013-07-16
2013-07-17 13:30:00+00:00,168.16000366210938,168.47999572753906,167.72999572753906,167.9499969482422,134.6787872314453,92873900,2013-07-17
2013-07-18 13:30:00+00:00,168.30999755859375,169.27000427246094,168.1999969482422,168.8699951171875,135.41656494140625,103620100,2013-07-18
2013-07-19 13:30:00+00:00,168.52000427246094,169.22999572753906,168.30999755859375,169.1699981689453,135.65716552734375,103831700,2013-07-19
2013-07-22 13:30:00+00:00,169.41000366210938,169.74000549316406,169.00999450683594,169.5,135.9217529296875,79428600,2013-07-22
2013-07-23 13:30:00+00:00,169.8000030517578,169.8300018310547,169.0500030517578,169.13999938964844,135.6331024169922,80829700,2013-07-23
2013-07-24 13:30:00+00:00,169.7899932861328,169.86000061035156,168.17999267578125,168.52000427246094,135.13595581054688,112914000,2013-07-24
2013-07-25 13:30:00+00:00,168.22000122070312,169.0800018310547,167.94000244140625,168.92999267578125,135.46469116210938,111088600,2013-07-25
2013-07-26 13:30:00+00:00,168.22000122070312,169.16000366210938,167.52000427246094,169.11000061035156,135.60903930664062,107814600,2013-07-26
2013-07-29 13:30:00+00:00,168.67999267578125,169.05999755859375,168.11000061035156,168.58999633789062,135.1920166015625,79695000,2013-07-29
2013-07-30 13:30:00+00:00,169.10000610351562,169.27999877929688,168.19000244140625,168.58999633789062,135.1920166015625,85209600,2013-07-30
2013-07-31 13:30:00+00:00,168.94000244140625,169.85000610351562,168.49000549316406,168.7100067138672,135.28834533691406,142388700,2013-07-31
2013-08-01 13:30:00+00:00,169.99000549316406,170.80999755859375,169.89999389648438,170.66000366210938,136.8520050048828,110438400,2013-08-01
2013-08-02 13:30:00+00:00,170.27999877929688,170.97000122070312,170.0500030517578,170.9499969482422,137.08450317382812,91116700,2013-08-02
2013-08-05 13:30:00+00:00,170.57000732421875,170.9600067138672,170.35000610351562,170.6999969482422,136.884033203125,54072700,2013-08-05
2013-08-06 13:30:00+00:00,170.3699951171875,170.74000549316406,169.35000610351562,169.72999572753906,136.1062469482422,87495000,2013-08-06
2013-08-07 13:30:00+00:00,169.19000244140625,169.42999267578125,168.5500030517578,169.17999267578125,135.6651611328125,84854700,2013-08-07
2013-08-08 13:30:00+00:00,169.97999572753906,170.17999267578125,168.92999267578125,169.8000030517578,136.16233825683594,102181300,2013-08-08
2013-08-09 13:30:00+00:00,169.5800018310547,170.10000610351562,168.72000122070312,169.30999755859375,135.76939392089844,91757700,2013-08-09
2013-08-12 13:30:00+00:00,168.4600067138672,169.30999755859375,168.3800048828125,169.11000061035156,135.60903930664062,68593300,2013-08-12
2013-08-13 13:30:00+00:00,169.41000366210938,169.89999389648438,168.41000366210938,169.61000061035156,136.010009765625,80806000,2013-08-13
2013-08-14 13:30:00+00:00,169.52999877929688,169.8000030517578,168.6999969482422,168.74000549316406,135.3123321533203,79829200,2013-08-14
2013-08-15 13:30:00+00:00,167.41000366210938,167.42999267578125,166.08999633789062,166.3800048828125,133.419921875,152931800,2013-08-15
2013-08-16 13:30:00+00:00,166.05999755859375,166.6300048828125,165.5,165.8300018310547,132.9788055419922,130868200,2013-08-16
2013-08-19 13:30:00+00:00,165.63999938964844,166.2100067138672,164.75999450683594,164.77000427246094,132.1287841796875,96437600,2013-08-19
2013-08-20 13:30:00+00:00,165.0399932861328,166.1999969482422,164.86000061035156,165.5800018310547,132.77838134765625,89294400,2013-08-20
2013-08-21 13:30:00+00:00,165.1199951171875,166.02999877929688,164.19000244140625,164.55999755859375,131.9604034423828,159530500,2013-08-21
2013-08-22 13:30:00+00:00,164.89999389648438,166.3000030517578,164.88999938964844,166.05999755859375,133.16323852539062,101471400,2013-08-22
2013-08-23 13:30:00+00:00,166.5500030517578,166.8300018310547,165.77000427246094,166.6199951171875,133.61227416992188,90888900,2013-08-23
2013-08-26 13:30:00+00:00,166.7899932861328,167.3000030517578,165.88999938964844,166.0,133.1151123046875,89702100,2013-08-26
2013-08-27 13:30:00+00:00,164.36000061035156,166.0,163.2100067138672,163.3300018310547,130.9740753173828,158619400,2013-08-27
2013-08-28 13:30:00+00:00,163.25999450683594,164.49000549316406,163.0500030517578,163.91000366210938,131.439208984375,108113000,2013-08-28
2013-08-29 13:30:00+00:00,163.5500030517578,165.0399932861328,163.39999389648438,164.1699981689453,131.64767456054688,119200500,2013-08-29
2013-08-30 13:30:00+00:00,164.50999450683594,164.52999877929688,163.1699981689453,163.64999389648438,131.23065185546875,134928900,2013-08-30
2013-09-03 13:30:00+00:00,165.22999572753906,165.5800018310547,163.6999969482422,164.38999938964844,131.82412719726562,142375100,2013-09-03
2013-09-04 13:30:00+00:00,164.42999267578125,166.02999877929688,164.1300048828125,165.75,132.91465759277344,97389400,2013-09-04
2013-09-05 13:30:00+00:00,165.85000610351562,166.39999389648438,165.72999572753906,165.9600067138672,133.0830535888672,63090500,2013-09-05
2013-09-06 13:30:00+00:00,166.50999450683594,166.97999572753906,164.47999572753906,166.0399932861328,133.14724731445312,159756500,2013-09-06
2013-09-09 13:30:00+00:00,166.4499969482422,167.72999572753906,166.4499969482422,167.6300048828125,134.42221069335938,87559300,2013-09-09
2013-09-10 13:30:00+00:00,168.63999938964844,168.89999389648438,168.25999450683594,168.8699951171875,135.41656494140625,105847200,2013-09-10
2013-09-11 13:30:00+00:00,168.63999938964844,169.39999389648438,168.35000610351562,169.39999389648438,135.841552734375,94545900,2013-09-11
2013-09-12 13:30:00+00:00,169.33999633789062,169.55999755859375,168.72000122070312,168.9499969482422,135.480712890625,83209000,2013-09-12
2013-09-13 13:30:00+00:00,169.1300048828125,169.4600067138672,168.74000549316406,169.3300018310547,135.78546142578125,72727800,2013-09-13
2013-09-16 13:30:00+00:00,171.16000366210938,171.24000549316406,170.0399932861328,170.30999755859375,136.5713653564453,106299200,2013-09-16
2013-09-17 13:30:00+00:00,170.4600067138672,171.11000061035156,170.4600067138672,171.07000732421875,137.1807861328125,82523300,2013-09-17
2013-09-18 13:30:00+00:00,171.00999450683594,173.52000427246094,170.5800018310547,173.0500030517578,138.7685546875,203460600,2013-09-18
2013-09-19 13:30:00+00:00,173.52000427246094,173.60000610351562,172.58999633789062,172.75999450683594,138.53590393066406,146616900,2013-09-19
2013-09-20 13:30:00+00:00,172.3300018310547,172.3300018310547,170.5800018310547,170.72000122070312,137.56739807128906,132867100,2013-09-20
2013-09-23 13:30:00+00:00,170.49000549316406,170.64999389648438,169.38999938964844,169.92999267578125,136.93080139160156,104616500,2013-09-23
2013-09-24 13:30:00+00:00,169.89999389648438,170.52999877929688,169.2100067138672,169.52999877929688,136.6085205078125,106333100,2013-09-24
2013-09-25 13:30:00+00:00,169.63999938964844,169.97999572753906,168.88999938964844,169.0399932861328,136.21359252929688,117306500,2013-09-25
2013-09-26 13:30:00+00:00,169.32000732421875,170.1699981689453,169.0500030517578,169.69000244140625,136.7374267578125,77146900,2013-09-26
2013-09-27 13:30:00+00:00,168.83999633789062,169.13999938964844,168.47000122070312,168.91000366210938,136.10885620117188,99141800,2013-09-27
2013-09-30 13:30:00+00:00,167.47999572753906,168.5399932861328,167.14999389648438,168.00999450683594,135.38365173339844,143937000,2013-09-30
2013-10-01 13:30:00+00:00,168.13999938964844,169.5,167.97000122070312,169.33999633789062,136.4553680419922,127160000,2013-10-01
2013-10-02 13:30:00+00:00,168.35000610351562,169.33999633789062,167.8300018310547,169.17999267578125,136.32643127441406,113350000,2013-10-02
2013-10-03 13:30:00+00:00,168.7899932861328,168.94000244140625,166.83999633789062,167.6199951171875,135.06936645507812,176698000,2013-10-03
2013-10-04 13:30:00+00:00,167.75,169.05999755859375,167.52999877929688,168.88999938964844,136.09275817871094,96878000,2013-10-04
2013-10-07 13:30:00+00:00,167.4199981689453,168.4499969482422,167.25,167.42999267578125,134.91629028320312,96295000,2013-10-07
2013-10-08 13:30:00+00:00,167.39999389648438,167.6199951171875,165.36000061035156,165.47999572753906,133.34498596191406,178015000,2013-10-08
2013-10-09 13:30:00+00:00,165.8000030517578,166.1999969482422,164.52999877929688,165.60000610351562,133.44161987304688,168973000,2013-10-09
2013-10-10 13:30:00+00:00,167.2899932861328,169.25999450683594,167.22999572753906,169.1699981689453,136.31837463378906,195955000,2013-10-10
2013-10-11 13:30:00+00:00,168.91000366210938,170.32000732421875,168.77000427246094,170.25999450683594,137.19674682617188,105040000,2013-10-11
2013-10-14 13:30:00+00:00,169.2100067138672,171.0800018310547,169.0800018310547,170.94000244140625,137.74468994140625,112106000,2013-10-14
2013-10-15 13:30:00+00:00,170.50999450683594,171.14999389648438,169.47000122070312,169.6999969482422,136.74542236328125,155485000,2013-10-15
2013-10-16 13:30:00+00:00,170.72000122070312,172.16000366210938,170.63999938964844,172.07000732421875,138.6552734375,161676000,2013-10-16
2013-10-17 13:30:00+00:00,171.3699951171875,173.32000732421875,171.33999633789062,173.22000122070312,139.58193969726562,129389000,2013-10-17
2013-10-18 13:30:00+00:00,173.86000061035156,174.50999450683594,173.50999450683594,174.38999938964844,140.52468872070312,138316000,2013-10-18
2013-10-21 13:30:00+00:00,174.4499969482422,174.75,174.00999450683594,174.39999389648438,140.53273010253906,104104000,2013-10-21
2013-10-22 13:30:00+00:00,174.91000366210938,175.92999267578125,174.42999267578125,175.41000366210938,141.3466033935547,126663000,2013-10-22
2013-10-23 13:30:00+00:00,174.80999755859375,174.88999938964844,173.9600067138672,174.57000732421875,140.6697235107422,105484000,2013-10-23
2013-10-24 13:30:00+00:00,174.9199981689453,175.3699951171875,174.50999450683594,175.14999389648438,141.13710021972656,70350000,2013-10-24
2013-10-25 13:30:00+00:00,175.50999450683594,176.0,175.1699981689453,175.9499969482422,141.78173828125,93625000,2013-10-25
2013-10-28 13:30:00+00:00,175.88999938964844,176.47000122070312,175.6999969482422,176.22999572753906,142.00735473632812,84979000,2013-10-28
2013-10-29 13:30:00+00:00,176.6300048828125,177.24000549316406,176.3800048828125,177.1699981689453,142.76483154296875,87401000,2013-10-29
2013-10-30 13:30:00+00:00,177.3800048828125,177.50999450683594,175.66000366210938,176.2899932861328,142.05577087402344,140002000,2013-10-30
2013-10-31 13:30:00+00:00,176.14999389648438,176.88999938964844,175.52999877929688,175.7899932861328,141.65284729003906,133795000,2013-10-31
2013-11-01 13:30:00+00:00,176.02000427246094,176.61000061035156,175.22000122070312,176.2100067138672,141.99134826660156,142805000,2013-11-01
2013-11-04 14:30:00+00:00,176.69000244140625,176.89999389648438,175.97999572753906,176.8300018310547,142.49087524414062,85677000,2013-11-04
2013-11-05 14:30:00+00:00,176.13999938964844,176.75,175.57000732421875,176.27000427246094,142.03964233398438,85825000,2013-11-05
2013-11-06 14:30:00+00:00,177.02999877929688,177.5,176.5399932861328,177.1699981689453,142.76483154296875,87348000,2013-11-06
2013-11-07 14:30:00+00:00,177.5,177.63999938964844,174.75999450683594,174.92999267578125,140.9598846435547,157000000,2013-11-07
2013-11-08 14:30:00+00:00,174.8699951171875,177.30999755859375,174.85000610351562,177.2899932861328,142.861572265625,136713000,2013-11-08
2013-11-11 14:30:00+00:00,177.1199951171875,177.52999877929688,176.91000366210938,177.32000732421875,142.88572692871094,62614000,2013-11-11
2013-11-12 14:30:00+00:00,176.94000244140625,177.36000061035156,176.3699951171875,176.9600067138672,142.59559631347656,83990000,2013-11-12
2013-11-13 14:30:00+00:00,176.08999633789062,178.42999267578125,176.08999633789062,178.3800048828125,143.73985290527344,103844000,2013-11-13
2013-11-14 14:30:00+00:00,178.5399932861328,179.4199981689453,178.25,179.27000427246094,144.45701599121094,103435000,2013-11-14
2013-11-15 14:30:00+00:00,179.55999755859375,180.1199951171875,179.3300018310547,180.0500030517578,145.0856475830078,102818000,2013-11-15
2013-11-18 14:30:00+00:00,180.35000610351562,180.5,179.02000427246094,179.4199981689453,144.57794189453125,104796000,2013-11-18
2013-11-19 14:30:00+00:00,179.3300018310547,179.8699951171875,178.72000122070312,179.02999877929688,144.263671875,93891000,2013-11-19
2013-11-20 14:30:00+00:00,179.38999938964844,179.92999267578125,177.97999572753906,178.47000122070312,143.81243896484375,124909000,2013-11-20
2013-11-21 14:30:00+00:00,178.97000122070312,180.0500030517578,178.86000061035156,179.91000366210938,144.9727783203125,92841000,2013-11-21
2013-11-22 14:30:00+00:00,179.97999572753906,180.8300018310547,179.77000427246094,180.80999755859375,145.697998046875,81296000,2013-11-22
2013-11-25 14:30:00+00:00,181.1300048828125,181.1699981689453,180.3699951171875,180.6300048828125,145.5529327392578,79486000,2013-11-25
2013-11-26 14:30:00+00:00,180.72000122070312,181.22000122070312,180.41000366210938,180.67999267578125,145.59320068359375,86994000,2013-11-26
2013-11-27 14:30:00+00:00,180.8699951171875,181.24000549316406,180.64999389648438,181.1199951171875,145.94772338867188,58800000,2013-11-27
2013-11-29 14:30:00+00:00,181.32000732421875,181.75,180.8000030517578,181.0,145.85105895996094,55870900,2013-11-29
2013-12-02 14:30:00+00:00,181.08999633789062,181.42999267578125,180.25,180.52999877929688,145.4723358154297,99726000,2013-12-02
2013-12-03 14:30:00+00:00,179.94000244140625,180.38999938964844,179.1699981689453,179.75,144.8438262939453,116563000,2013-12-03
2013-12-04 14:30:00+00:00,179.10000610351562,180.47999572753906,178.35000610351562,179.72999572753906,144.82766723632812,123033000,2013-12-04
2013-12-05 14:30:00+00:00,179.41000366210938,179.74000549316406,178.77000427246094,178.94000244140625,144.19105529785156,106934000,2013-12-05
2013-12-06 14:30:00+00:00,180.6699981689453,181.11000061035156,180.14999389648438,180.94000244140625,145.80271911621094,127728000,2013-12-06
2013-12-09 14:30:00+00:00,181.47000122070312,181.6699981689453,181.16000366210938,181.39999389648438,146.17340087890625,70124000,2013-12-09
2013-12-10 14:30:00+00:00,180.97999572753906,181.36000061035156,180.63999938964844,180.75,145.64959716796875,80976000,2013-12-10
2013-12-11 14:30:00+00:00,180.82000732421875,180.85000610351562,178.5,178.72000122070312,144.01388549804688,130591000,2013-12-11
2013-12-12 14:30:00+00:00,178.63999938964844,178.86000061035156,177.75999450683594,178.1300048828125,143.53842163085938,115565000,2013-12-12
2013-12-13 14:30:00+00:00,178.5,178.66000366210938,177.77000427246094,178.11000061035156,143.52232360839844,107808000,2013-12-13
2013-12-16 14:30:00+00:00,178.9499969482422,179.80999755859375,178.89999389648438,179.22000122070312,144.41673278808594,96195000,2013-12-16
2013-12-17 14:30:00+00:00,179.3800048828125,179.41000366210938,178.25,178.64999389648438,143.95741271972656,89886000,2013-12-17
2013-12-18 14:30:00+00:00,178.9199981689453,181.72999572753906,177.32000732421875,181.6999969482422,146.41514587402344,234906000,2013-12-18
2013-12-19 14:30:00+00:00,181.17999267578125,181.6999969482422,180.7100067138672,181.49000549316406,146.2459259033203,136531200,2013-12-19
2013-12-20 14:30:00+00:00,180.69000244140625,181.99000549316406,180.57000732421875,181.55999755859375,147.09661865234375,197087000,2013-12-20
2013-12-23 14:30:00+00:00,182.4499969482422,182.63999938964844,182.07000732421875,182.52999877929688,147.882568359375,85598000,2013-12-23
2013-12-24 14:30:00+00:00,182.5399932861328,183.00999450683594,182.52999877929688,182.92999267578125,148.20652770996094,45368800,2013-12-24
2013-12-26 14:30:00+00:00,183.33999633789062,183.9600067138672,183.32000732421875,183.86000061035156,148.9600372314453,63365000,2013-12-26
2013-12-27 14:30:00+00:00,184.10000610351562,184.17999267578125,183.66000366210938,183.85000610351562,148.9519805908203,61814000,2013-12-27
2013-12-30 14:30:00+00:00,183.8699951171875,184.02000427246094,183.5800018310547,183.82000732421875,148.92759704589844,56857000,2013-12-30
2013-12-31 14:30:00+00:00,184.07000732421875,184.69000244140625,183.92999267578125,184.69000244140625,149.6325225830078,86119900,2013-12-31
2014-01-02 14:30:00+00:00,183.97999572753906,184.07000732421875,182.47999572753906,182.9199981689453,148.19842529296875,119636900,2014-01-02
2014-01-03 14:30:00+00:00,183.22999572753906,183.60000610351562,182.6300048828125,182.88999938964844,148.1741485595703,81390600,2014-01-03
2014-01-06 14:30:00+00:00,183.49000549316406,183.55999755859375,182.0800018310547,182.36000061035156,147.7447509765625,108028200,2014-01-06
2014-01-07 14:30:00+00:00,183.08999633789062,183.7899932861328,182.9499969482422,183.47999572753906,148.65223693847656,86144200,2014-01-07
2014-01-08 14:30:00+00:00,183.4499969482422,183.8300018310547,182.88999938964844,183.52000427246094,148.6845245361328,96582300,2014-01-08
2014-01-09 14:30:00+00:00,184.11000061035156,184.1300048828125,182.8000030517578,183.63999938964844,148.7817840576172,90683400,2014-01-09
2014-01-10 14:30:00+00:00,183.9499969482422,184.22000122070312,183.00999450683594,184.13999938964844,149.18687438964844,102026400,2014-01-10
2014-01-13 14:30:00+00:00,183.6699981689453,184.17999267578125,181.33999633789062,181.69000244140625,147.20193481445312,149892000,2014-01-13
2014-01-14 14:30:00+00:00,182.2899932861328,183.77000427246094,181.9499969482422,183.6699981689453,148.80609130859375,105016100,2014-01-14
2014-01-15 14:30:00+00:00,184.10000610351562,184.94000244140625,183.7100067138672,184.66000366210938,149.60818481445312,98525800,2014-01-15
2014-01-16 14:30:00+00:00,184.27999877929688,184.66000366210938,183.8300018310547,184.4199981689453,149.4137725830078,72290600,2014-01-16
2014-01-17 14:30:00+00:00,184.10000610351562,184.4499969482422,183.32000732421875,183.63999938964844,148.7817840576172,107848700,2014-01-17
2014-01-21 14:30:00+00:00,184.6999969482422,184.77000427246094,183.0500030517578,184.17999267578125,149.2192840576172,88621200,2014-01-21
2014-01-22 14:30:00+00:00,184.49000549316406,184.57000732421875,183.91000366210938,184.3000030517578,149.31655883789062,61270900,2014-01-22
2014-01-23 14:30:00+00:00,183.3699951171875,183.39999389648438,181.82000732421875,182.7899932861328,148.09310913085938,132496900,2014-01-23
2014-01-24 14:30:00+00:00,181.60000610351562,181.66000366210938,178.8300018310547,178.88999938964844,144.93345642089844,208677100,2014-01-24
2014-01-27 14:30:00+00:00,179.05999755859375,179.52000427246094,177.1199951171875,178.00999450683594,144.2205047607422,180843100,2014-01-27
2014-01-28 14:30:00+00:00,178.13999938964844,179.3000030517578,178.1199951171875,179.07000732421875,145.0792694091797,110463200,2014-01-28
2014-01-29 14:30:00+00:00,177.5800018310547,178.5500030517578,176.8800048828125,177.35000610351562,143.68577575683594,216597300,2014-01-29
2014-01-30 14:30:00+00:00,178.8300018310547,179.80999755859375,178.25999450683594,179.22999572753906,145.2089080810547,118938100,2014-01-30
2014-01-31 14:30:00+00:00,177.00999450683594,179.2899932861328,176.9199981689453,178.17999267578125,144.3582305908203,194677900,2014-01-31
2014-02-03 14:30:00+00:00,177.97000122070312,178.3699951171875,173.8300018310547,174.1699981689453,141.10943603515625,254837100,2014-02-03
2014-02-04 14:30:00+00:00,174.9499969482422,175.83999633789062,174.11000061035156,175.38999938964844,142.09780883789062,165012400,2014-02-04
2014-02-05 14:30:00+00:00,174.77999877929688,175.55999755859375,173.7100067138672,175.1699981689453,141.91957092285156,164230500,2014-02-05
2014-02-06 14:30:00+00:00,175.5800018310547,177.47999572753906,175.22000122070312,177.47999572753906,143.7910614013672,132877600,2014-02-06
2014-02-07 14:30:00+00:00,178.30999755859375,179.8699951171875,177.72999572753906,179.67999267578125,145.57345581054688,170787200,2014-02-07
2014-02-10 14:30:00+00:00,179.6999969482422,180.07000732421875,179.2100067138672,180.00999450683594,145.8408660888672,92218800,2014-02-10
2014-02-11 14:30:00+00:00,180.16000366210938,182.44000244140625,180.0399932861328,181.97999572753906,147.43690490722656,117814100,2014-02-11
2014-02-12 14:30:00+00:00,182.25,182.8300018310547,181.7100067138672,182.07000732421875,147.50982666015625,94717700,2014-02-12
2014-02-13 14:30:00+00:00,180.83999633789062,183.1999969482422,180.8300018310547,183.00999450683594,148.2713623046875,100542200,2014-02-13
2014-02-14 14:30:00+00:00,182.83999633789062,184.36000061035156,182.6699981689453,184.02000427246094,149.0896759033203,96498400,2014-02-14
2014-02-18 14:30:00+00:00,184.17999267578125,184.49000549316406,183.64999389648438,184.24000549316406,149.26791381835938,80460900,2014-02-18
2014-02-19 14:30:00+00:00,183.75999450683594,184.9499969482422,182.8699951171875,183.02000427246094,148.2794647216797,126524300,2014-02-19
2014-02-20 14:30:00+00:00,183.27000427246094,184.52000427246094,182.60000610351562,184.10000610351562,149.154541015625,104998100,2014-02-20
2014-02-21 14:30:00+00:00,184.4499969482422,184.88999938964844,183.8000030517578,183.88999938964844,148.9843292236328,118116400,2014-02-21
2014-02-24 14:30:00+00:00,184.27999877929688,186.14999389648438,184.1999969482422,184.91000366210938,149.8106689453125,114063900,2014-02-24
2014-02-25 14:30:00+00:00,185.05999755859375,185.58999633789062,184.22999572753906,184.83999633789062,149.75405883789062,117085000,2014-02-25
2014-02-26 14:30:00+00:00,185.11000061035156,185.60000610351562,184.3300018310547,184.85000610351562,149.76217651367188,98677200,2014-02-26
2014-02-27 14:30:00+00:00,184.5800018310547,185.8699951171875,184.3699951171875,185.82000732421875,150.54800415039062,93880800,2014-02-27
2014-02-28 14:30:00+00:00,185.7899932861328,187.14999389648438,185.0500030517578,186.2899932861328,150.92880249023438,150842000,2014-02-28
2014-03-03 14:30:00+00:00,184.64999389648438,185.4499969482422,183.75,184.97999572753906,149.86744689941406,167748500,2014-03-03
2014-03-04 14:30:00+00:00,186.7899932861328,187.97999572753906,186.75,187.5800018310547,151.9739227294922,167545900,2014-03-04
2014-03-05 14:30:00+00:00,187.74000549316406,188.07000732421875,187.4499969482422,187.75,152.11160278320312,88376900,2014-03-05
2014-03-06 14:30:00+00:00,188.2100067138672,188.61000061035156,187.77999877929688,188.17999267578125,152.4600372314453,82516500,2014-03-06
2014-03-07 14:30:00+00:00,188.9600067138672,188.9600067138672,187.42999267578125,188.25999450683594,152.5248565673828,114513500,2014-03-07
2014-03-10 13:30:00+00:00,187.97000122070312,188.22999572753906,187.0800018310547,188.16000366210938,152.44383239746094,74939200,2014-03-10
2014-03-11 13:30:00+00:00,188.44000244140625,188.7100067138672,186.8000030517578,187.22999572753906,151.69036865234375,99009100,2014-03-11
2014-03-12 13:30:00+00:00,186.32000732421875,187.35000610351562,185.89999389648438,187.27999877929688,151.73086547851562,104824400,2014-03-12
2014-03-13 13:30:00+00:00,187.83999633789062,187.99000549316406,184.66000366210938,185.17999267578125,150.02943420410156,155014300,2014-03-13
2014-03-14 13:30:00+00:00,184.85000610351562,185.8000030517578,184.44000244140625,184.66000366210938,149.60818481445312,153919600,2014-03-14
2014-03-17 13:30:00+00:00,185.58999633789062,186.77000427246094,185.50999450683594,186.3300018310547,150.9612274169922,98359500,2014-03-17
2014-03-18 13:30:00+00:00,186.7100067138672,187.91000366210938,186.50999450683594,187.66000366210938,152.03871154785156,101804600,2014-03-18
2014-03-19 13:30:00+00:00,187.67999267578125,187.94000244140625,185.47000122070312,186.66000366210938,151.22854614257812,176267300,2014-03-19
2014-03-20 13:30:00+00:00,186.25,187.88999938964844,185.9199981689453,187.75,152.11160278320312,117241000,2014-03-20
2014-03-21 13:30:00+00:00,187.7100067138672,189.02000427246094,186.02999877929688,186.1999969482422,151.52171325683594,163128000,2014-03-21
2014-03-24 13:30:00+00:00,186.83999633789062,187.07000732421875,184.6199951171875,185.42999267578125,150.89511108398438,121411000,2014-03-24
2014-03-25 13:30:00+00:00,186.3699951171875,186.94000244140625,185.27000427246094,186.30999755859375,151.61122131347656,103852000,2014-03-25
2014-03-26 13:30:00+00:00,187.0399932861328,187.33999633789062,184.9199981689453,184.97000122070312,150.52073669433594,119843000,2014-03-26
2014-03-27 13:30:00+00:00,184.75,185.33999633789062,183.89999389648438,184.5800018310547,150.2034149169922,142383000,2014-03-27
2014-03-28 13:30:00+00:00,185.11000061035156,186.4199981689453,185.0,185.49000549316406,150.94393920898438,101642000,2014-03-28
2014-03-31 13:30:00+00:00,186.6699981689453,187.3000030517578,185.52000427246094,187.00999450683594,152.18075561523438,99745000,2014-03-31
2014-04-01 13:30:00+00:00,187.6199951171875,188.36000061035156,187.0,188.25,153.1898651123047,89193000,2014-04-01
2014-04-02 13:30:00+00:00,188.49000549316406,189.1300048828125,188.13999938964844,188.8800048828125,153.7025909423828,78774000,2014-04-02
2014-04-03 13:30:00+00:00,189.1699981689453,189.22000122070312,188.0500030517578,188.6300048828125,153.49913024902344,77435000,2014-04-03
2014-04-04 13:30:00+00:00,189.66000366210938,189.6999969482422,186.10000610351562,186.39999389648438,151.68441772460938,169381000,2014-04-04
2014-04-07 13:30:00+00:00,185.9499969482422,186.25999450683594,183.9600067138672,184.33999633789062,150.0080108642578,140803000,2014-04-07
2014-04-08 13:30:00+00:00,184.25999450683594,185.39999389648438,183.58999633789062,185.10000610351562,150.62655639648438,112660000,2014-04-08
2014-04-09 13:30:00+00:00,185.60000610351562,187.14999389648438,185.05999755859375,187.08999633789062,152.24591064453125,100254000,2014-04-09
2014-04-10 13:30:00+00:00,187.0800018310547,187.1699981689453,182.92999267578125,183.16000366210938,149.04786682128906,172959000,2014-04-10
2014-04-11 13:30:00+00:00,182.13999938964844,183.4199981689453,181.30999755859375,181.50999450683594,147.7051239013672,167251000,2014-04-11
2014-04-14 13:30:00+00:00,182.92999267578125,183.3699951171875,181.44000244140625,182.94000244140625,148.86878967285156,132382000,2014-04-14
2014-04-15 13:30:00+00:00,183.32000732421875,184.3300018310547,181.50999450683594,184.1999969482422,149.8941650390625,157093000,2014-04-15
2014-04-16 13:30:00+00:00,185.47000122070312,186.13999938964844,184.64999389648438,186.1300048828125,151.4647216796875,105197000,2014-04-16
2014-04-17 13:30:00+00:00,185.8800048828125,186.91000366210938,185.55999755859375,186.38999938964844,151.67625427246094,105255000,2014-04-17
2014-04-21 13:30:00+00:00,186.44000244140625,187.10000610351562,186.2100067138672,187.0399932861328,152.20526123046875,68329000,2014-04-21
2014-04-22 13:30:00+00:00,187.22999572753906,188.39999389648438,187.1300048828125,187.88999938964844,152.89691162109375,85790000,2014-04-22
2014-04-23 13:30:00+00:00,187.82000732421875,187.9199981689453,187.3000030517578,187.4499969482422,152.5388946533203,73869000,2014-04-23
2014-04-24 13:30:00+00:00,188.3699951171875,188.38999938964844,186.92999267578125,187.8300018310547,152.8480987548828,88170000,2014-04-24
2014-04-25 13:30:00+00:00,187.22000122070312,187.3300018310547,185.8699951171875,186.2899932861328,151.59490966796875,100380000,2014-04-25
2014-04-28 13:30:00+00:00,187.0500030517578,187.69000244140625,184.9600067138672,186.8800048828125,152.0750274658203,135121000,2014-04-28
2014-04-29 13:30:00+00:00,187.47999572753906,188.0399932861328,187.0800018310547,187.75,152.78294372558594,84098000,2014-04-29
2014-04-30 13:30:00+00:00,187.44000244140625,188.5,187.17999267578125,188.30999755859375,153.2386932373047,101508000,2014-04-30
2014-05-01 13:30:00+00:00,188.22000122070312,188.83999633789062,187.72999572753906,188.3300018310547,153.25498962402344,93019000,2014-05-01
2014-05-02 13:30:00+00:00,188.30999755859375,189.13999938964844,187.77999877929688,188.05999755859375,153.03526306152344,98122000,2014-05-02
2014-05-05 13:30:00+00:00,187.13999938964844,188.5500030517578,186.6199951171875,188.4199981689453,153.32826232910156,75883000,2014-05-05
2014-05-06 13:30:00+00:00,188.0,188.1300048828125,186.74000549316406,186.77999877929688,151.99363708496094,85454000,2014-05-06
2014-05-07 13:30:00+00:00,187.41000366210938,187.97000122070312,186.00999450683594,187.8800048828125,152.88877868652344,106500000,2014-05-07
2014-05-08 13:30:00+00:00,187.7100067138672,189.0500030517578,187.0800018310547,187.67999267578125,152.7260284423828,93618000,2014-05-08
2014-05-09 13:30:00+00:00,187.7100067138672,188.0399932861328,186.8300018310547,187.9600067138672,152.95394897460938,83679000,2014-05-09
2014-05-12 13:30:00+00:00,188.8000030517578,189.8800048828125,188.0,189.7899932861328,154.44305419921875,86940000,2014-05-12
2014-05-13 13:30:00+00:00,190.0399932861328,190.4199981689453,189.77000427246094,189.9600067138672,154.5814208984375,66454000,2014-05-13
2014-05-14 13:30:00+00:00,189.7899932861328,189.8800048828125,188.7899932861328,189.05999755859375,153.8490447998047,72367000,2014-05-14
2014-05-15 13:30:00+00:00,188.67999267578125,188.72000122070312,186.47999572753906,187.39999389648438,152.49818420410156,154956000,2014-05-15
2014-05-16 13:30:00+00:00,187.50999450683594,188.1300048828125,186.72000122070312,188.0500030517578,153.02713012695312,97458000,2014-05-16
2014-05-19 13:30:00+00:00,187.69000244140625,188.88999938964844,187.52000427246094,188.74000549316406,153.58863830566406,63839000,2014-05-19
2014-05-20 13:30:00+00:00,188.64999389648438,188.6699981689453,187.07000732421875,187.5500030517578,152.62022399902344,111644000,2014-05-20
2014-05-21 13:30:00+00:00,188.08999633789062,189.22000122070312,188.05999755859375,189.1300048828125,153.90597534179688,89093000,2014-05-21
2014-05-22 13:30:00+00:00,189.17999267578125,189.97999572753906,188.86000061035156,189.58999633789062,154.28025817871094,61549000,2014-05-22
2014-05-23 13:30:00+00:00,189.75999450683594,190.47999572753906,189.58999633789062,190.35000610351562,154.89877319335938,61092800,2014-05-23
2014-05-27 13:30:00+00:00,191.05999755859375,191.5800018310547,190.9499969482422,191.52000427246094,155.8509063720703,72010000,2014-05-27
2014-05-28 13:30:00+00:00,191.52000427246094,191.82000732421875,191.05999755859375,191.3800048828125,155.73695373535156,66723000,2014-05-28
2014-05-29 13:30:00+00:00,191.82000732421875,192.39999389648438,191.3300018310547,192.3699951171875,156.54258728027344,64377000,2014-05-29
2014-05-30 13:30:00+00:00,192.19000244140625,192.8000030517578,192.02999877929688,192.67999267578125,156.7948455810547,76316000,2014-05-30
2014-06-02 13:30:00+00:00,192.9499969482422,192.99000549316406,191.97000122070312,192.89999389648438,156.973876953125,64656000,2014-06-02
2014-06-03 13:30:00+00:00,192.42999267578125,192.89999389648438,192.25,192.8000030517578,156.89247131347656,65047000,2014-06-03
2014-06-04 13:30:00+00:00,192.47000122070312,193.3000030517578,192.27000427246094,193.19000244140625,157.2098388671875,55529000,2014-06-04
2014-06-05 13:30:00+00:00,193.41000366210938,194.64999389648438,192.6999969482422,194.4499969482422,158.23521423339844,92103000,2014-06-05
2014-06-06 13:30:00+00:00,194.8699951171875,195.42999267578125,194.77999877929688,195.3800048828125,158.9919891357422,78696000,2014-06-06
2014-06-09 13:30:00+00:00,195.35000610351562,196.0500030517578,195.1699981689453,195.5800018310547,159.15472412109375,65119000,2014-06-09
2014-06-10 13:30:00+00:00,195.33999633789062,195.63999938964844,194.9199981689453,195.60000610351562,159.1709747314453,57129000,2014-06-10
2014-06-11 13:30:00+00:00,194.89999389648438,195.1199951171875,194.47999572753906,194.9199981689453,158.61767578125,68772000,2014-06-11
2014-06-12 13:30:00+00:00,194.69000244140625,194.8000030517578,193.11000061035156,193.5399932861328,157.4946746826172,106350000,2014-06-12
2014-06-13 13:30:00+00:00,193.9199981689453,194.32000732421875,193.3000030517578,194.1300048828125,157.97476196289062,82017000,2014-06-13
2014-06-16 13:30:00+00:00,193.88999938964844,194.6999969482422,193.66000366210938,194.2899932861328,158.10496520996094,87424000,2014-06-16
2014-06-17 13:30:00+00:00,194.02000427246094,194.97000122070312,193.80999755859375,194.8300018310547,158.54440307617188,84834000,2014-06-17
2014-06-18 13:30:00+00:00,194.8300018310547,196.3699951171875,194.39999389648438,196.25999450683594,159.70809936523438,105267000,2014-06-18
2014-06-19 13:30:00+00:00,196.42999267578125,196.60000610351562,195.8000030517578,196.47999572753906,159.88710021972656,85929000,2014-06-19
2014-06-20 13:30:00+00:00,196.02999877929688,196.10000610351562,195.6999969482422,195.94000244140625,160.211669921875,100587000,2014-06-20
2014-06-23 13:30:00+00:00,195.99000549316406,196.0500030517578,195.52000427246094,195.8800048828125,160.1626434326172,70611000,2014-06-23
2014-06-24 13:30:00+00:00,195.52999877929688,196.5,194.47999572753906,194.6999969482422,159.1978302001953,96237000,2014-06-24
2014-06-25 13:30:00+00:00,194.2899932861328,195.77999877929688,194.25,195.5800018310547,159.91737365722656,82782000,2014-06-25
2014-06-26 13:30:00+00:00,195.61000061035156,195.6300048828125,194.1300048828125,195.44000244140625,159.8028564453125,84312000,2014-06-26
2014-06-27 13:30:00+00:00,194.97999572753906,195.8800048828125,194.88999938964844,195.82000732421875,160.11358642578125,71445100,2014-06-27
2014-06-30 13:30:00+00:00,195.6999969482422,196.1699981689453,195.52999877929688,195.72000122070312,160.03175354003906,70201200,2014-06-30
2014-07-01 13:30:00+00:00,196.1999969482422,197.6300048828125,196.1300048828125,197.02999877929688,161.10293579101562,90470000,2014-07-01
2014-07-02 13:30:00+00:00,197.0500030517578,197.47999572753906,196.9600067138672,197.22999572753906,161.26649475097656,52475000,2014-07-02
2014-07-03 13:30:00+00:00,197.7899932861328,198.2899932861328,197.63999938964844,198.1999969482422,162.0595703125,52938800,2014-07-03
2014-07-07 13:30:00+00:00,197.82000732421875,197.97999572753906,197.22000122070312,197.50999450683594,161.4954376220703,61696000,2014-07-07
2014-07-08 13:30:00+00:00,197.14999389648438,197.22000122070312,195.75999450683594,196.24000549316406,160.45701599121094,108143000,2014-07-08
2014-07-09 13:30:00+00:00,196.72999572753906,197.3000030517578,196.30999755859375,197.1199951171875,161.17657470703125,72992000,2014-07-09
2014-07-10 13:30:00+00:00,195.22000122070312,196.86000061035156,195.05999755859375,196.33999633789062,160.53875732421875,99040000,2014-07-10
2014-07-11 13:30:00+00:00,196.22000122070312,196.75,195.77999877929688,196.61000061035156,160.75955200195312,64243000,2014-07-11
2014-07-14 13:30:00+00:00,197.61000061035156,197.86000061035156,197.44000244140625,197.60000610351562,161.5689697265625,58658000,2014-07-14
2014-07-15 13:30:00+00:00,197.72000122070312,198.10000610351562,196.36000061035156,197.22999572753906,161.26649475097656,111307000,2014-07-15
2014-07-16 13:30:00+00:00,198.11000061035156,198.25999450683594,197.4199981689453,197.9600067138672,161.86334228515625,79986400,2014-07-16
2014-07-17 13:30:00+00:00,197.35000610351562,198.10000610351562,195.42999267578125,195.7100067138672,160.0236358642578,145398000,2014-07-17
2014-07-18 13:30:00+00:00,196.35000610351562,197.91000366210938,196.24000549316406,197.7100067138672,161.65895080566406,124330000,2014-07-18
2014-07-21 13:30:00+00:00,197.08999633789062,197.5,196.42999267578125,197.33999633789062,161.35641479492188,67592000,2014-07-21
2014-07-22 13:30:00+00:00,198.00999450683594,198.55999755859375,197.8699951171875,198.1999969482422,162.0595703125,67678000,2014-07-22
2014-07-23 13:30:00+00:00,198.5,198.85000610351562,198.10000610351562,198.63999938964844,162.4193878173828,65612000,2014-07-23
2014-07-24 13:30:00+00:00,198.8300018310547,199.05999755859375,198.4499969482422,198.64999389648438,162.4275360107422,56888000,2014-07-24
2014-07-25 13:30:00+00:00,198.08999633789062,198.25999450683594,197.3300018310547,197.72000122070312,161.66714477539062,76837000,2014-07-25
2014-07-28 13:30:00+00:00,197.75999450683594,198.08999633789062,196.6199951171875,197.8000030517578,161.73257446289062,69259000,2014-07-28
2014-07-29 13:30:00+00:00,198.1699981689453,198.4499969482422,196.9199981689453,196.9499969482422,161.0375213623047,80466000,2014-07-29
2014-07-30 13:30:00+00:00,197.64999389648438,197.91000366210938,196.16000366210938,196.97999572753906,161.06207275390625,104222000,2014-07-30
2014-07-31 13:30:00+00:00,195.61000061035156,195.77999877929688,192.97000122070312,193.08999633789062,157.88137817382812,183479000,2014-07-31
2014-08-01 13:30:00+00:00,192.55999755859375,193.75999450683594,191.57000732421875,192.5,157.39894104003906,189261000,2014-08-01
2014-08-04 13:30:00+00:00,192.8699951171875,194.3000030517578,192.0500030517578,193.88999938964844,158.5355224609375,91340000,2014-08-04
2014-08-05 13:30:00+00:00,193.10000610351562,193.60000610351562,191.30999755859375,192.00999450683594,156.9983367919922,152690000,2014-08-05
2014-08-06 13:30:00+00:00,191.11000061035156,192.88999938964844,191.0800018310547,192.07000732421875,157.0474090576172,94818000,2014-08-06
2014-08-07 13:30:00+00:00,192.94000244140625,193.1300048828125,190.5500030517578,191.02999877929688,156.1969451904297,135733000,2014-08-07
2014-08-08 13:30:00+00:00,191.4600067138672,193.3699951171875,190.9499969482422,193.24000549316406,158.0040283203125,117014000,2014-08-08
2014-08-11 13:30:00+00:00,193.97000122070312,194.66000366210938,193.7100067138672,193.8000030517578,158.46192932128906,74544000,2014-08-11
2014-08-12 13:30:00+00:00,193.61000061035156,194.14999389648438,192.94000244140625,193.52999877929688,158.24111938476562,73632000,2014-08-12
2014-08-13 13:30:00+00:00,194.2899932861328,195.05999755859375,193.9600067138672,194.83999633789062,159.312255859375,69047000,2014-08-13
2014-08-14 13:30:00+00:00,195.16000366210938,195.75999450683594,194.97999572753906,195.75999450683594,160.06454467773438,57371000,2014-08-14
2014-08-15 13:30:00+00:00,196.47000122070312,196.64999389648438,194.30999755859375,195.72000122070312,160.03175354003906,139951000,2014-08-15
2014-08-18 13:30:00+00:00,196.8000030517578,197.4499969482422,196.69000244140625,197.36000061035156,161.37277221679688,75424000,2014-08-18
2014-08-19 13:30:00+00:00,197.83999633789062,198.5399932861328,197.44000244140625,198.38999938964844,162.21499633789062,59135000,2014-08-19
2014-08-20 13:30:00+00:00,198.1199951171875,199.16000366210938,198.0800018310547,198.9199981689453,162.64833068847656,72763000,2014-08-20
2014-08-21 13:30:00+00:00,199.08999633789062,199.75999450683594,198.92999267578125,199.5,163.12254333496094,67791000,2014-08-21
2014-08-22 13:30:00+00:00,199.33999633789062,199.69000244140625,198.74000549316406,199.19000244140625,162.8690948486328,76107000,2014-08-22
2014-08-25 13:30:00+00:00,200.13999938964844,200.58999633789062,199.14999389648438,200.1999969482422,163.6949462890625,63855000,2014-08-25
2014-08-26 13:30:00+00:00,200.3300018310547,200.82000732421875,200.27999877929688,200.3300018310547,163.80123901367188,47298000,2014-08-26
2014-08-27 13:30:00+00:00,200.42999267578125,200.57000732421875,199.94000244140625,200.25,163.7357940673828,47874000,2014-08-27
2014-08-28 13:30:00+00:00,199.58999633789062,200.27000427246094,199.38999938964844,200.13999938964844,163.6458282470703,58330000,2014-08-28
2014-08-29 13:30:00+00:00,200.4499969482422,200.72999572753906,199.82000732421875,200.7100067138672,164.11192321777344,65907000,2014-08-29
2014-09-02 13:30:00+00:00,200.97000122070312,201.0,199.86000061035156,200.61000061035156,164.03018188476562,72426000,2014-09-02
2014-09-03 13:30:00+00:00,201.3800048828125,201.41000366210938,200.22000122070312,200.5,163.94024658203125,57462000,2014-09-03
2014-09-04 13:30:00+00:00,200.83999633789062,201.5800018310547,199.66000366210938,200.2100067138672,163.70310974121094,85236000,2014-09-04
2014-09-05 13:30:00+00:00,200.1699981689453,201.19000244140625,199.41000366210938,201.11000061035156,164.4390106201172,102177000,2014-09-05
2014-09-08 13:30:00+00:00,200.9199981689453,201.2100067138672,200.0,200.58999633789062,164.01382446289062,64146000,2014-09-08
2014-09-09 13:30:00+00:00,200.41000366210938,200.5500030517578,198.91000366210938,199.32000732421875,162.97543334960938,88591000,2014-09-09
2014-09-10 13:30:00+00:00,199.42999267578125,200.1999969482422,198.77000427246094,200.07000732421875,163.58859252929688,67251000,2014-09-10
2014-09-11 13:30:00+00:00,199.27000427246094,200.3300018310547,199.1199951171875,200.3000030517578,163.77670288085938,66774400,2014-09-11
2014-09-12 13:30:00+00:00,200.10000610351562,200.1199951171875,198.55999755859375,199.1300048828125,162.82003784179688,117409300,2014-09-12
2014-09-15 13:30:00+00:00,199.16000366210938,199.32000732421875,198.3800048828125,198.97999572753906,162.69735717773438,76401000,2014-09-15
2014-09-16 13:30:00+00:00,198.61000061035156,200.83999633789062,198.5,200.47999572753906,163.9239044189453,116201000,2014-09-16
2014-09-17 13:30:00+00:00,200.77000427246094,201.67999267578125,199.75,200.75,164.14466857910156,151266000,2014-09-17
2014-09-18 13:30:00+00:00,201.36000061035156,201.85000610351562,201.10000610351562,201.82000732421875,165.01954650878906,94990000,2014-09-18
2014-09-19 13:30:00+00:00,201.52000427246094,201.89999389648438,200.2899932861328,200.6999969482422,164.870849609375,121649000,2014-09-19
2014-09-22 13:30:00+00:00,200.35000610351562,200.3800048828125,198.72999572753906,199.14999389648438,163.5975341796875,125553000,2014-09-22
2014-09-23 13:30:00+00:00,198.42999267578125,199.25999450683594,197.9499969482422,198.00999450683594,162.66104125976562,111393000,2014-09-23
2014-09-24 13:30:00+00:00,198.0399932861328,199.69000244140625,197.52000427246094,199.55999755859375,163.9343719482422,107276000,2014-09-24
2014-09-25 13:30:00+00:00,199.0399932861328,199.0500030517578,196.27000427246094,196.33999633789062,161.28921508789062,150300000,2014-09-25
2014-09-26 13:30:00+00:00,196.6999969482422,198.38999938964844,196.4199981689453,197.89999389648438,162.57069396972656,103547000,2014-09-26
2014-09-29 13:30:00+00:00,196.1999969482422,197.88999938964844,196.0500030517578,197.5399932861328,162.27496337890625,95112000,2014-09-29
2014-09-30 13:30:00+00:00,197.69000244140625,198.3000030517578,196.61000061035156,197.02000427246094,161.8477783203125,131302000,2014-09-30
2014-10-01 13:30:00+00:00,196.6999969482422,196.77000427246094,193.91000366210938,194.35000610351562,159.65447998046875,177798000,2014-10-01
2014-10-02 13:30:00+00:00,194.17999267578125,195.05999755859375,192.35000610351562,194.3800048828125,159.6791229248047,157285000,2014-10-02
2014-10-03 13:30:00+00:00,195.67999267578125,196.94000244140625,195.0800018310547,196.52000427246094,161.4370880126953,121569000,2014-10-03
2014-10-06 13:30:00+00:00,197.33999633789062,197.60000610351562,195.5800018310547,196.2899932861328,161.2480926513672,104778000,2014-10-06
2014-10-07 13:30:00+00:00,195.27999877929688,195.72000122070312,193.22000122070312,193.25999450683594,158.75900268554688,147913000,2014-10-07
2014-10-08 13:30:00+00:00,193.3699951171875,196.9199981689453,192.36000061035156,196.63999938964844,161.53562927246094,186461000,2014-10-08
2014-10-09 13:30:00+00:00,196.3300018310547,196.60000610351562,192.5800018310547,192.74000549316406,158.3319091796875,210705000,2014-10-09
2014-10-10 13:30:00+00:00,192.69000244140625,193.64999389648438,190.49000549316406,190.5399932861328,156.52468872070312,221909000,2014-10-10
2014-10-13 13:30:00+00:00,190.4600067138672,191.14999389648438,187.3000030517578,187.41000366210938,153.953369140625,230939000,2014-10-13
2014-10-14 13:30:00+00:00,188.4199981689453,189.82000732421875,187.0399932861328,187.6999969482422,154.19163513183594,215847000,2014-10-14
2014-10-15 13:30:00+00:00,185.16000366210938,187.69000244140625,181.9199981689453,186.42999267578125,153.14834594726562,380715000,2014-10-15
2014-10-16 13:30:00+00:00,183.05999755859375,187.5800018310547,182.88999938964844,186.27000427246094,153.0169677734375,270391000,2014-10-16
2014-10-17 13:30:00+00:00,188.4199981689453,189.75,187.6199951171875,188.47000122070312,154.82415771484375,214625000,2014-10-17
2014-10-20 13:30:00+00:00,188.1300048828125,190.4499969482422,188.07000732421875,190.3000030517578,156.3274688720703,130011000,2014-10-20
2014-10-21 13:30:00+00:00,191.67999267578125,194.1999969482422,191.47999572753906,194.07000732421875,159.4244842529297,154949000,2014-10-21
2014-10-22 13:30:00+00:00,194.41000366210938,194.91000366210938,192.61000061035156,192.69000244140625,158.2908172607422,151822000,2014-10-22
2014-10-23 13:30:00+00:00,194.6199951171875,196.1999969482422,194.25999450683594,194.92999267578125,160.13087463378906,154944000,2014-10-23
2014-10-24 13:30:00+00:00,195.25,196.49000549316406,194.49000549316406,196.42999267578125,161.36309814453125,117927000,2014-10-24
2014-10-27 13:30:00+00:00,195.72999572753906,196.4499969482422,195.02999877929688,196.16000366210938,161.14132690429688,82954000,2014-10-27
2014-10-28 13:30:00+00:00,196.82000732421875,198.4199981689453,196.72999572753906,198.41000366210938,162.9897003173828,106736000,2014-10-28
2014-10-29 13:30:00+00:00,198.5500030517578,199.1199951171875,196.8000030517578,198.11000061035156,162.74322509765625,142557000,2014-10-29
2014-10-30 13:30:00+00:00,197.5800018310547,199.9499969482422,197.39999389648438,199.3800048828125,163.78656005859375,113330000,2014-10-30
2014-10-31 13:30:00+00:00,201.77999877929688,201.82000732421875,200.77000427246094,201.66000366210938,165.65943908691406,146903000,2014-10-31
2014-11-03 14:30:00+00:00,201.9199981689453,202.4499969482422,201.30999755859375,201.77000427246094,165.7498779296875,93600000,2014-11-03
2014-11-04 14:30:00+00:00,201.22999572753906,201.60000610351562,200.05999755859375,201.07000732421875,165.1748504638672,93343000,2014-11-04
2014-11-05 14:30:00+00:00,202.5399932861328,202.58999633789062,201.4499969482422,202.33999633789062,166.21812438964844,91709000,2014-11-05
2014-11-06 14:30:00+00:00,202.38999938964844,203.25999450683594,201.63999938964844,203.14999389648438,166.88343811035156,107089000,2014-11-06
2014-11-07 14:30:00+00:00,203.1699981689453,203.60000610351562,202.61000061035156,203.33999633789062,167.0395965576172,89540000,2014-11-07
2014-11-10 14:30:00+00:00,203.3800048828125,204.0399932861328,203.1300048828125,203.97999572753906,167.56532287597656,66319000,2014-11-10
2014-11-11 14:30:00+00:00,204.05999755859375,204.30999755859375,203.64999389648438,204.17999267578125,167.7296142578125,54499400,2014-11-11
2014-11-12 14:30:00+00:00,203.35000610351562,204.24000549316406,203.30999755859375,203.9600067138672,167.5489044189453,90120300,2014-11-12
2014-11-13 14:30:00+00:00,204.16000366210938,204.8300018310547,203.2100067138672,204.19000244140625,167.73779296875,85357900,2014-11-13
2014-11-14 14:30:00+00:00,204.10000610351562,204.49000549316406,203.72000122070312,204.24000549316406,167.77886962890625,80417500,2014-11-14
2014-11-17 14:30:00+00:00,203.85000610351562,204.5800018310547,203.64999389648438,204.3699951171875,167.88568115234375,80441000,2014-11-17
2014-11-18 14:30:00+00:00,204.44000244140625,205.9199981689453,204.44000244140625,205.5500030517578,168.85504150390625,76068100,2014-11-18
2014-11-19 14:30:00+00:00,205.30999755859375,205.5500030517578,204.3000030517578,205.22000122070312,168.5839385986328,82373000,2014-11-19
2014-11-20 14:30:00+00:00,204.25999450683594,205.7100067138672,204.17999267578125,205.5800018310547,168.879638671875,72840300,2014-11-20
2014-11-21 14:30:00+00:00,207.63999938964844,207.83999633789062,205.97999572753906,206.67999267578125,169.78330993652344,142327300,2014-11-21
2014-11-24 14:30:00+00:00,207.1699981689453,207.38999938964844,206.91000366210938,207.25999450683594,170.25979614257812,65880800,2014-11-24
2014-11-25 14:30:00+00:00,207.5399932861328,207.7899932861328,206.8000030517578,207.11000061035156,170.13648986816406,79108300,2014-11-25
2014-11-26 14:30:00+00:00,207.2899932861328,207.75999450683594,207.02999877929688,207.63999938964844,170.57188415527344,62167800,2014-11-26
2014-11-28 14:30:00+00:00,207.49000549316406,207.8699951171875,206.91000366210938,207.1999969482422,170.21044921875,57890100,2014-11-28
2014-12-01 14:30:00+00:00,206.39999389648438,206.5399932861328,205.3800048828125,205.75999450683594,169.02755737304688,103968400,2014-12-01
2014-12-02 14:30:00+00:00,205.80999755859375,207.33999633789062,205.77999877929688,207.08999633789062,170.1200714111328,74507200,2014-12-02
2014-12-03 14:30:00+00:00,207.3000030517578,208.14999389648438,207.10000610351562,207.88999938964844,170.7772979736328,68952000,2014-12-03
2014-12-04 14:30:00+00:00,207.5399932861328,208.27000427246094,206.6999969482422,207.66000366210938,170.58836364746094,91316600,2014-12-04
2014-12-05 14:30:00+00:00,207.8699951171875,208.47000122070312,207.5500030517578,208.0,170.86766052246094,91025500,2014-12-05
2014-12-08 14:30:00+00:00,207.52000427246094,208.1199951171875,205.92999267578125,206.61000061035156,169.7257843017578,108588200,2014-12-08
2014-12-09 14:30:00+00:00,204.3699951171875,206.60000610351562,203.91000366210938,206.47000122070312,169.6107940673828,125180100,2014-12-09
2014-12-10 14:30:00+00:00,205.91000366210938,205.97999572753906,202.92999267578125,203.16000366210938,166.8916778564453,159856400,2014-12-10
2014-12-11 14:30:00+00:00,203.8800048828125,206.19000244140625,203.7100067138672,204.19000244140625,167.73779296875,159012800,2014-12-11
2014-12-12 14:30:00+00:00,202.63999938964844,203.82000732421875,200.85000610351562,200.88999938964844,165.02696228027344,202330200,2014-12-12
2014-12-15 14:30:00+00:00,201.97999572753906,202.52999877929688,198.77999877929688,199.50999450683594,163.89334106445312,189965800,2014-12-15
2014-12-16 14:30:00+00:00,198.5800018310547,202.39999389648438,197.86000061035156,197.91000366210938,162.57894897460938,259543800,2014-12-16
2014-12-17 14:30:00+00:00,198.44000244140625,202.33999633789062,198.2899932861328,201.7899932861328,165.76629638671875,253910100,2014-12-17
2014-12-18 14:30:00+00:00,204.74000549316406,212.97000122070312,203.9199981689453,206.77999877929688,169.865478515625,257633900,2014-12-18
2014-12-19 14:30:00+00:00,206.42999267578125,207.3300018310547,205.61000061035156,206.52000427246094,170.5882568359375,245084600,2014-12-19
2014-12-22 14:30:00+00:00,206.75,207.47000122070312,206.4600067138672,207.47000122070312,171.3728790283203,148318900,2014-12-22
2014-12-23 14:30:00+00:00,208.1699981689453,208.22999572753906,207.39999389648438,207.75,171.60421752929688,122167900,2014-12-23
2014-12-24 14:30:00+00:00,208.02000427246094,208.33999633789062,207.72000122070312,207.77000427246094,171.6207275390625,42963400,2014-12-24
2014-12-26 14:30:00+00:00,208.30999755859375,208.85000610351562,208.25,208.44000244140625,172.1741943359375,57326700,2014-12-26
2014-12-29 14:30:00+00:00,208.22000122070312,208.97000122070312,208.13999938964844,208.72000122070312,172.40548706054688,79643900,2014-12-29
2014-12-30 14:30:00+00:00,208.2100067138672,208.3699951171875,207.50999450683594,207.60000610351562,171.4802703857422,73540800,2014-12-30
2014-12-31 14:30:00+00:00,207.99000549316406,208.19000244140625,205.38999938964844,205.5399932861328,169.7786865234375,130333800,2014-12-31
2015-01-02 14:30:00+00:00,206.3800048828125,206.8800048828125,204.17999267578125,205.42999267578125,169.68780517578125,121465900,2015-01-02
2015-01-05 14:30:00+00:00,204.1699981689453,204.3699951171875,201.35000610351562,201.72000122070312,166.62332153320312,169632600,2015-01-05
2015-01-06 14:30:00+00:00,202.08999633789062,202.72000122070312,198.86000061035156,199.82000732421875,165.053955078125,209151400,2015-01-06
2015-01-07 14:30:00+00:00,201.4199981689453,202.72000122070312,200.8800048828125,202.30999755859375,167.1106719970703,125346700,2015-01-07
2015-01-08 14:30:00+00:00,204.00999450683594,206.16000366210938,203.99000549316406,205.89999389648438,170.0760040283203,147217800,2015-01-08
2015-01-09 14:30:00+00:00,206.39999389648438,206.4199981689453,203.50999450683594,204.25,168.7131805419922,158567300,2015-01-09
2015-01-12 14:30:00+00:00,204.41000366210938,204.60000610351562,201.9199981689453,202.64999389648438,167.3915252685547,144396100,2015-01-12
2015-01-13 14:30:00+00:00,204.1199951171875,205.47999572753906,200.50999450683594,202.0800018310547,166.9207000732422,214553300,2015-01-13
2015-01-14 14:30:00+00:00,199.64999389648438,201.10000610351562,198.57000732421875,200.86000061035156,165.9129638671875,192991100,2015-01-14
2015-01-15 14:30:00+00:00,201.6300048828125,202.00999450683594,198.8800048828125,199.02000427246094,164.39312744140625,176613900,2015-01-15
2015-01-16 14:30:00+00:00,198.77000427246094,201.82000732421875,198.5500030517578,201.6300048828125,166.5489959716797,211879600,2015-01-16
2015-01-20 14:30:00+00:00,202.39999389648438,202.72000122070312,200.1699981689453,202.05999755859375,166.90411376953125,130991100,2015-01-20
2015-01-21 14:30:00+00:00,201.5,203.66000366210938,200.94000244140625,203.0800018310547,167.7466583251953,122942700,2015-01-21
2015-01-22 14:30:00+00:00,203.99000549316406,206.25999450683594,202.3300018310547,206.10000610351562,170.24127197265625,174356000,2015-01-22
2015-01-23 14:30:00+00:00,205.7899932861328,206.10000610351562,204.80999755859375,204.97000122070312,169.30789184570312,117516800,2015-01-23
2015-01-26 14:30:00+00:00,204.7100067138672,205.55999755859375,203.85000610351562,205.4499969482422,169.7043914794922,92009700,2015-01-26
2015-01-27 14:30:00+00:00,202.97000122070312,204.1199951171875,201.74000549316406,202.74000549316406,167.46591186523438,134044600,2015-01-27
2015-01-28 14:30:00+00:00,204.1699981689453,204.2899932861328,199.91000366210938,200.13999938964844,165.31825256347656,168514300,2015-01-28
2015-01-29 14:30:00+00:00,200.3800048828125,202.3000030517578,198.67999267578125,201.99000549316406,166.8463592529297,173585400,2015-01-29
2015-01-30 14:30:00+00:00,200.57000732421875,202.1699981689453,199.1300048828125,199.4499969482422,164.7482452392578,197729700,2015-01-30
2015-02-02 14:30:00+00:00,200.0500030517578,202.02999877929688,197.86000061035156,201.9199981689453,166.78855895996094,163107000,2015-02-02
2015-02-03 14:30:00+00:00,203.0,204.85000610351562,202.5500030517578,204.83999633789062,169.2004852294922,124212900,2015-02-03
2015-02-04 14:30:00+00:00,203.9199981689453,205.3800048828125,203.50999450683594,204.05999755859375,168.55624389648438,134306700,2015-02-04
2015-02-05 14:30:00+00:00,204.86000061035156,206.3000030517578,204.77000427246094,206.1199951171875,170.25778198242188,97953200,2015-02-05
2015-02-06 14:30:00+00:00,206.55999755859375,207.24000549316406,204.9199981689453,205.5500030517578,169.7869873046875,125672000,2015-02-06
2015-02-09 14:30:00+00:00,204.77000427246094,205.63999938964844,204.13999938964844,204.6300048828125,169.02708435058594,87219000,2015-02-09
2015-02-10 14:30:00+00:00,205.8800048828125,207.1199951171875,204.67999267578125,206.80999755859375,170.82765197753906,96164200,2015-02-10
2015-02-11 14:30:00+00:00,206.61000061035156,207.4499969482422,205.8300018310547,206.92999267578125,170.92684936523438,91087800,2015-02-11
2015-02-12 14:30:00+00:00,207.88999938964844,208.99000549316406,206.97000122070312,208.9199981689453,172.5706329345703,97545900,2015-02-12
2015-02-13 14:30:00+00:00,209.07000732421875,209.83999633789062,208.75999450683594,209.77999877929688,173.2810516357422,93670400,2015-02-13
2015-02-17 14:30:00+00:00,209.39999389648438,210.32000732421875,209.10000610351562,210.11000061035156,173.5535888671875,76968200,2015-02-17
2015-02-18 14:30:00+00:00,209.66000366210938,210.22000122070312,209.33999633789062,210.1300048828125,173.57012939453125,80652900,2015-02-18
2015-02-19 14:30:00+00:00,209.41000366210938,210.4199981689453,209.24000549316406,209.97999572753906,173.44618225097656,91462500,2015-02-19
2015-02-20 14:30:00+00:00,209.47999572753906,211.3300018310547,208.72999572753906,211.24000549316406,174.4870147705078,140896400,2015-02-20
2015-02-23 14:30:00+00:00,210.94000244140625,211.2100067138672,210.47999572753906,211.2100067138672,174.4622039794922,74411100,2015-02-23
2015-02-24 14:30:00+00:00,211.1199951171875,212.0500030517578,210.75999450683594,211.80999755859375,174.95782470703125,72472300,2015-02-24
2015-02-25 14:30:00+00:00,211.66000366210938,212.24000549316406,211.22000122070312,211.6300048828125,174.80917358398438,73061700,2015-02-25
2015-02-26 14:30:00+00:00,211.52000427246094,211.7100067138672,210.64999389648438,211.3800048828125,174.6026153564453,72697900,2015-02-26
2015-02-27 14:30:00+00:00,211.25999450683594,211.5800018310547,210.60000610351562,210.66000366210938,174.00790405273438,108076000,2015-02-27
2015-03-02 14:30:00+00:00,210.77999877929688,212.05999755859375,210.72000122070312,211.99000549316406,175.10646057128906,87491400,2015-03-02
2015-03-03 14:30:00+00:00,211.47000122070312,212.0500030517578,210.0800018310547,211.1199951171875,174.38787841796875,110325800,2015-03-03
2015-03-04 14:30:00+00:00,210.39999389648438,210.49000549316406,209.05999755859375,210.22999572753906,173.6527099609375,114497200,2015-03-04
2015-03-05 14:30:00+00:00,210.6199951171875,210.8000030517578,209.85000610351562,210.4600067138672,173.84275817871094,76873000,2015-03-05
2015-03-06 14:30:00+00:00,209.4199981689453,209.94000244140625,207.10000610351562,207.5,171.39773559570312,188128000,2015-03-06
2015-03-09 13:30:00+00:00,207.74000549316406,208.7899932861328,207.5500030517578,208.36000061035156,172.10806274414062,89818900,2015-03-09
2015-03-10 13:30:00+00:00,206.7100067138672,206.80999755859375,204.92999267578125,204.97999572753906,169.31617736816406,157121300,2015-03-10
2015-03-11 13:30:00+00:00,205.2899932861328,205.5,204.39999389648438,204.5,168.919677734375,110145700,2015-03-11
2015-03-12 13:30:00+00:00,205.25999450683594,207.17999267578125,205.1999969482422,207.10000610351562,171.06727600097656,93993500,2015-03-12
2015-03-13 13:30:00+00:00,206.77000427246094,207.92999267578125,204.5800018310547,205.8300018310547,170.0182647705078,162410900,2015-03-13
2015-03-16 13:30:00+00:00,206.7100067138672,208.69000244140625,205.86000061035156,208.5800018310547,172.28977966308594,136099200,2015-03-16
2015-03-17 13:30:00+00:00,207.69000244140625,208.4199981689453,206.97999572753906,207.9600067138672,171.77760314941406,94510400,2015-03-17
2015-03-18 13:30:00+00:00,207.38999938964844,211.27000427246094,206.6199951171875,210.4600067138672,173.84275817871094,228808500,2015-03-18
2015-03-19 13:30:00+00:00,209.9600067138672,210.47000122070312,209.02999877929688,209.5,173.04971313476562,117917300,2015-03-19
2015-03-20 13:30:00+00:00,209.7100067138672,211.02000427246094,209.49000549316406,210.41000366210938,174.57720947265625,177715100,2015-03-20
2015-03-23 13:30:00+00:00,210.4199981689453,211.11000061035156,210.0,210.0,174.23699951171875,71784500,2015-03-23
2015-03-24 13:30:00+00:00,209.85000610351562,210.39999389648438,208.74000549316406,208.82000732421875,173.25796508789062,77805300,2015-03-24
2015-03-25 13:30:00+00:00,209.07000732421875,209.35000610351562,205.7100067138672,205.75999450683594,170.7190399169922,159521700,2015-03-25
2015-03-26 13:30:00+00:00,204.9600067138672,206.3699951171875,204.1199951171875,205.27000427246094,170.31256103515625,153067200,2015-03-26
2015-03-27 13:30:00+00:00,205.1300048828125,205.9499969482422,204.89999389648438,205.74000549316406,170.70252990722656,118939000,2015-03-27
2015-03-30 13:30:00+00:00,206.97999572753906,208.61000061035156,206.9600067138672,208.25,172.78501892089844,96180400,2015-03-30
2015-03-31 13:30:00+00:00,207.25999450683594,208.10000610351562,206.36000061035156,206.42999267578125,171.27500915527344,126768700,2015-03-31
2015-04-01 13:30:00+00:00,206.38999938964844,206.4199981689453,204.50999450683594,205.6999969482422,170.6693115234375,137303600,2015-04-01
2015-04-02 13:30:00+00:00,205.6199951171875,206.97999572753906,205.39999389648438,206.44000244140625,171.28334045410156,86900900,2015-04-02
2015-04-06 13:30:00+00:00,205.3699951171875,208.4499969482422,205.2100067138672,207.8300018310547,172.4365234375,114368200,2015-04-06
2015-04-07 13:30:00+00:00,207.86000061035156,208.75999450683594,207.24000549316406,207.27999877929688,171.98023986816406,81236300,2015-04-07
2015-04-08 13:30:00+00:00,207.5500030517578,208.50999450683594,207.0800018310547,207.97999572753906,172.5609893798828,89351900,2015-04-08
2015-04-09 13:30:00+00:00,207.77999877929688,209.17999267578125,207.19000244140625,208.89999389648438,173.32432556152344,85548900,2015-04-09
2015-04-10 13:30:00+00:00,209.1999969482422,210.08999633789062,208.9600067138672,210.0399932861328,174.27020263671875,72722900,2015-04-10
2015-04-13 13:30:00+00:00,209.8699951171875,210.6300048828125,209.02999877929688,209.08999633789062,173.48196411132812,74436600,2015-04-13
2015-04-14 13:30:00+00:00,208.85000610351562,209.7100067138672,208.10000610351562,209.49000549316406,173.8138885498047,75099900,2015-04-14
2015-04-15 13:30:00+00:00,210.0500030517578,211.0399932861328,209.9499969482422,210.42999267578125,174.5937957763672,99529300,2015-04-15
2015-04-16 13:30:00+00:00,210.02999877929688,210.97999572753906,209.7899932861328,210.3699951171875,174.5440216064453,68934900,2015-04-16
2015-04-17 13:30:00+00:00,208.94000244140625,209.22999572753906,207.00999450683594,207.9499969482422,172.53610229492188,191113200,2015-04-17
2015-04-20 13:30:00+00:00,209.05999755859375,210.25,208.9600067138672,209.85000610351562,174.11253356933594,92189500,2015-04-20
2015-04-21 13:30:00+00:00,210.6699981689453,210.86000061035156,209.24000549316406,209.60000610351562,173.90512084960938,72559800,2015-04-21
2015-04-22 13:30:00+00:00,210.00999450683594,210.85000610351562,208.89999389648438,210.6300048828125,174.75975036621094,78264600,2015-04-22
2015-04-23 13:30:00+00:00,210.14999389648438,211.94000244140625,210.00999450683594,211.16000366210938,175.19947814941406,102585900,2015-04-23
2015-04-24 13:30:00+00:00,211.66000366210938,211.97000122070312,211.11000061035156,211.64999389648438,175.6060333251953,61327400,2015-04-24
2015-04-27 13:30:00+00:00,212.3300018310547,212.47999572753906,210.5399932861328,210.77000427246094,174.87586975097656,79358100,2015-04-27
2015-04-28 13:30:00+00:00,210.74000549316406,211.5,209.3300018310547,211.44000244140625,175.4318389892578,86863500,2015-04-28
2015-04-29 13:30:00+00:00,210.3699951171875,211.2899932861328,209.60000610351562,210.57000732421875,174.70994567871094,125684900,2015-04-29
2015-04-30 13:30:00+00:00,209.8800048828125,210.35000610351562,207.6199951171875,208.4600067138672,172.95933532714844,161304900,2015-04-30
2015-05-01 13:30:00+00:00,209.39999389648438,210.77000427246094,209.27999877929688,210.72000122070312,174.8344268798828,103399700,2015-05-01
2015-05-04 13:30:00+00:00,211.22999572753906,212.02000427246094,211.10000610351562,211.32000732421875,175.3322296142578,70927200,2015-05-04
2015-05-05 13:30:00+00:00,211.02999877929688,211.4600067138672,208.72999572753906,208.89999389648438,173.32432556152344,113326200,2015-05-05
2015-05-06 13:30:00+00:00,209.55999755859375,209.92999267578125,206.75999450683594,208.0399932861328,172.6107940673828,135060200,2015-05-06
2015-05-07 13:30:00+00:00,207.9199981689453,209.3800048828125,207.52000427246094,208.8699951171875,173.29945373535156,88244900,2015-05-07
2015-05-08 13:30:00+00:00,210.8800048828125,211.86000061035156,210.77999877929688,211.6199951171875,175.5811004638672,155877300,2015-05-08
2015-05-11 13:30:00+00:00,211.57000732421875,211.88999938964844,210.52000427246094,210.61000061035156,174.7431182861328,75708100,2015-05-11
2015-05-12 13:30:00+00:00,209.61000061035156,210.6300048828125,208.6199951171875,209.97999572753906,174.2204132080078,119727600,2015-05-12
2015-05-13 13:30:00+00:00,210.47000122070312,211.22000122070312,209.74000549316406,210.02000427246094,174.25360107421875,94667900,2015-05-13
2015-05-14 13:30:00+00:00,211.24000549316406,212.32000732421875,210.91000366210938,212.2100067138672,176.0706329345703,95934000,2015-05-14
2015-05-15 13:30:00+00:00,212.44000244140625,212.61000061035156,211.86000061035156,212.44000244140625,176.26150512695312,76510100,2015-05-15
2015-05-18 13:30:00+00:00,212.24000549316406,213.39999389648438,212.16000366210938,213.10000610351562,176.80911254882812,74549700,2015-05-18
2015-05-19 13:30:00+00:00,213.24000549316406,213.57000732421875,212.69000244140625,213.02999877929688,176.75100708007812,72114600,2015-05-19
2015-05-20 13:30:00+00:00,213.14999389648438,213.77999877929688,212.5,212.8800048828125,176.6265869140625,76857500,2015-05-20
2015-05-21 13:30:00+00:00,212.7100067138672,213.75,212.50999450683594,213.5,177.1409912109375,64764600,2015-05-21
2015-05-22 13:30:00+00:00,213.0399932861328,213.5399932861328,212.91000366210938,212.99000549316406,176.7178497314453,57433500,2015-05-22
2015-05-26 13:30:00+00:00,212.39999389648438,212.91000366210938,210.1999969482422,210.6999969482422,174.81781005859375,124308600,2015-05-26
2015-05-27 13:30:00+00:00,211.25,212.97999572753906,210.75999450683594,212.6999969482422,176.47720336914062,93214000,2015-05-27
2015-05-28 13:30:00+00:00,212.3300018310547,212.58999633789062,211.6300048828125,212.4600067138672,176.27809143066406,74974600,2015-05-28
2015-05-29 13:30:00+00:00,212.3800048828125,212.42999267578125,210.82000732421875,211.13999938964844,175.182861328125,124919600,2015-05-29
2015-06-01 13:30:00+00:00,211.94000244140625,212.33999633789062,210.6199951171875,211.57000732421875,175.53968811035156,93338800,2015-06-01
2015-06-02 13:30:00+00:00,211.02000427246094,212.19000244140625,210.27000427246094,211.36000061035156,175.3654022216797,91531000,2015-06-02
2015-06-03 13:30:00+00:00,212.0,212.6699981689453,211.3300018310547,211.9199981689453,175.8300323486328,87820900,2015-06-03
2015-06-04 13:30:00+00:00,211.07000732421875,211.86000061035156,209.75,210.1300048828125,174.34486389160156,151882800,2015-06-04
2015-06-05 13:30:00+00:00,209.9499969482422,210.5800018310547,208.97999572753906,209.77000427246094,174.04624938964844,121704700,2015-06-05
2015-06-08 13:30:00+00:00,209.63999938964844,209.82000732421875,208.38999938964844,208.47999572753906,172.975830078125,89063300,2015-06-08
2015-06-09 13:30:00+00:00,208.4499969482422,209.10000610351562,207.69000244140625,208.4499969482422,172.95098876953125,105034700,2015-06-09
2015-06-10 13:30:00+00:00,209.3699951171875,211.41000366210938,209.3000030517578,210.9499969482422,175.02523803710938,134551300,2015-06-10
2015-06-11 13:30:00+00:00,211.47999572753906,212.08999633789062,211.1999969482422,211.6300048828125,175.58946228027344,73876400,2015-06-11
2015-06-12 13:30:00+00:00,210.63999938964844,211.47999572753906,209.67999267578125,210.00999450683594,174.24533081054688,135382400,2015-06-12
2015-06-15 13:30:00+00:00,208.63999938964844,209.4499969482422,207.7899932861328,209.11000061035156,173.4986114501953,124384200,2015-06-15
2015-06-16 13:30:00+00:00,208.92999267578125,210.35000610351562,208.72000122070312,210.25,174.44451904296875,85308200,2015-06-16
2015-06-17 13:30:00+00:00,210.58999633789062,211.32000732421875,209.36000061035156,210.58999633789062,174.7265625,126708600,2015-06-17
2015-06-18 13:30:00+00:00,211.30999755859375,213.33999633789062,210.6300048828125,212.77999877929688,176.5436248779297,165867900,2015-06-18
2015-06-19 13:30:00+00:00,211.4600067138672,211.5500030517578,210.36000061035156,210.80999755859375,175.75987243652344,130478700,2015-06-19
2015-06-22 13:30:00+00:00,211.91000366210938,212.58999633789062,211.63999938964844,211.88999938964844,176.66033935546875,70696000,2015-06-22
2015-06-23 13:30:00+00:00,212.13999938964844,212.44000244140625,211.57000732421875,212.0399932861328,176.78536987304688,68476800,2015-06-23
2015-06-24 13:30:00+00:00,211.72000122070312,212.1699981689453,210.47000122070312,210.5,175.50135803222656,92307300,2015-06-24
2015-06-25 13:30:00+00:00,211.10000610351562,211.25,209.77000427246094,209.86000061035156,174.96783447265625,97107400,2015-06-25
2015-06-26 13:30:00+00:00,210.2899932861328,210.5800018310547,209.16000366210938,209.82000732421875,174.9344940185547,104174800,2015-06-26
2015-06-29 13:30:00+00:00,208.0500030517578,209.8300018310547,205.3300018310547,205.4199981689453,171.26609802246094,202621300,2015-06-29
2015-06-30 13:30:00+00:00,207.25999450683594,207.32000732421875,205.27999877929688,205.85000610351562,171.62449645996094,182925100,2015-06-30
2015-07-01 13:30:00+00:00,207.72999572753906,208.02999877929688,206.55999755859375,207.5,173.00025939941406,135979900,2015-07-01
2015-07-02 13:30:00+00:00,208.07000732421875,208.27000427246094,206.80999755859375,207.30999755859375,172.84176635742188,104373700,2015-07-02
2015-07-06 13:30:00+00:00,205.77000427246094,207.64999389648438,205.52999877929688,206.72000122070312,172.3499298095703,117975400,2015-07-06
2015-07-07 13:30:00+00:00,206.9600067138672,208.1699981689453,204.11000061035156,208.02000427246094,173.43377685546875,173820200,2015-07-07
2015-07-08 13:30:00+00:00,206.4199981689453,206.75999450683594,204.25,204.52999877929688,170.52401733398438,164020100,2015-07-08
2015-07-09 13:30:00+00:00,207.0399932861328,207.35000610351562,204.77000427246094,204.89999389648438,170.83250427246094,144113100,2015-07-09
2015-07-10 13:30:00+00:00,207.2899932861328,207.97999572753906,204.9499969482422,207.47999572753906,172.98355102539062,129456900,2015-07-10
2015-07-13 13:30:00+00:00,208.99000549316406,209.89999389648438,208.94000244140625,209.77000427246094,174.89280700683594,106069400,2015-07-13
2015-07-14 13:30:00+00:00,209.72000122070312,211.0500030517578,209.64999389648438,210.67999267578125,175.65147399902344,81709600,2015-07-14
2015-07-15 13:30:00+00:00,210.72999572753906,211.27999877929688,210.0399932861328,210.61000061035156,175.59307861328125,97914100,2015-07-15
2015-07-16 13:30:00+00:00,211.8699951171875,212.3000030517578,211.5800018310547,212.3000030517578,177.00213623046875,106683300,2015-07-16
2015-07-17 13:30:00+00:00,212.2899932861328,212.5500030517578,211.8000030517578,212.47999572753906,177.1521759033203,89030000,2015-07-17
2015-07-20 13:30:00+00:00,212.75,213.17999267578125,212.2100067138672,212.58999633789062,177.24392700195312,70446800,2015-07-20
2015-07-21 13:30:00+00:00,212.42999267578125,212.74000549316406,211.38999938964844,211.75,176.54360961914062,77965000,2015-07-21
2015-07-22 13:30:00+00:00,210.92999267578125,211.77000427246094,210.88999938964844,211.3699951171875,176.22677612304688,88667900,2015-07-22
2015-07-23 13:30:00+00:00,211.52999877929688,211.64999389648438,209.75,210.17999267578125,175.2346649169922,90509100,2015-07-23
2015-07-24 13:30:00+00:00,210.3000030517578,210.3699951171875,207.60000610351562,208.0,173.41708374023438,117755000,2015-07-24
2015-07-27 13:30:00+00:00,206.94000244140625,207.5500030517578,206.25999450683594,206.7899932861328,172.4082794189453,132361100,2015-07-27
2015-07-28 13:30:00+00:00,207.7899932861328,209.5,206.8000030517578,209.3300018310547,174.5259552001953,123544800,2015-07-28
2015-07-29 13:30:00+00:00,209.47999572753906,211.0399932861328,209.30999755859375,210.77000427246094,175.7265625,105791300,2015-07-29
2015-07-30 13:30:00+00:00,210.16000366210938,211.02000427246094,209.4199981689453,210.82000732421875,175.7681884765625,91304400,2015-07-30
2015-07-31 13:30:00+00:00,211.4199981689453,211.4499969482422,210.16000366210938,210.5,175.50135803222656,103266900,2015-07-31
2015-08-03 13:30:00+00:00,210.4600067138672,210.52999877929688,208.64999389648438,209.7899932861328,174.90948486328125,113965700,2015-08-03
2015-08-04 13:30:00+00:00,209.6999969482422,210.25,208.8000030517578,209.3800048828125,174.5676727294922,81820800,2015-08-04
2015-08-05 13:30:00+00:00,210.4499969482422,211.30999755859375,209.72999572753906,210.07000732421875,175.14292907714844,85786800,2015-08-05
2015-08-06 13:30:00+00:00,210.2899932861328,210.4199981689453,207.64999389648438,208.35000610351562,173.70889282226562,116030800,2015-08-06
2015-08-07 13:30:00+00:00,208.16000366210938,208.33999633789062,206.8699951171875,207.9499969482422,173.37533569335938,117858000,2015-08-07
2015-08-10 13:30:00+00:00,209.27999877929688,210.6699981689453,209.27999877929688,210.57000732421875,175.559814453125,80270700,2015-08-10
2015-08-11 13:30:00+00:00,208.97000122070312,209.47000122070312,207.75999450683594,208.6699981689453,173.9756622314453,126081400,2015-08-11
2015-08-12 13:30:00+00:00,207.11000061035156,209.13999938964844,205.36000061035156,208.9199981689453,174.1841278076172,172123700,2015-08-12
2015-08-13 13:30:00+00:00,208.72999572753906,209.5500030517578,208.00999450683594,208.66000366210938,173.96731567382812,89383300,2015-08-13
2015-08-14 13:30:00+00:00,208.42999267578125,209.50999450683594,208.25999450683594,209.4199981689453,174.60098266601562,72786500,2015-08-14
2015-08-17 13:30:00+00:00,208.7100067138672,210.58999633789062,208.16000366210938,210.58999633789062,175.57644653320312,79072600,2015-08-17
2015-08-18 13:30:00+00:00,210.25999450683594,210.67999267578125,209.6999969482422,209.97999572753906,175.06784057617188,71692700,2015-08-18
2015-08-19 13:30:00+00:00,209.08999633789062,210.00999450683594,207.35000610351562,208.32000732421875,173.68382263183594,172946000,2015-08-19
2015-08-20 13:30:00+00:00,206.50999450683594,208.2899932861328,203.89999389648438,203.97000122070312,170.05714416503906,194327900,2015-08-20
2015-08-21 13:30:00+00:00,201.72999572753906,203.94000244140625,197.52000427246094,197.8300018310547,164.9380340576172,346588500,2015-08-21
2015-08-24 13:30:00+00:00,187.49000549316406,197.47999572753906,182.39999389648438,189.5,157.9929656982422,507244300,2015-08-24
2015-08-25 13:30:00+00:00,195.42999267578125,195.4499969482422,186.9199981689453,187.27000427246094,156.1337432861328,369833100,2015-08-25
2015-08-26 13:30:00+00:00,192.0800018310547,194.7899932861328,188.3699951171875,194.4600067138672,162.12832641601562,339257000,2015-08-26
2015-08-27 13:30:00+00:00,197.02000427246094,199.4199981689453,195.2100067138672,199.27000427246094,166.13856506347656,274143900,2015-08-27
2015-08-28 13:30:00+00:00,198.5,199.83999633789062,197.9199981689453,199.27999877929688,166.1469268798828,160414400,2015-08-28
2015-08-31 13:30:00+00:00,198.11000061035156,199.1300048828125,197.00999450683594,197.6699981689453,164.8046112060547,163298800,2015-08-31
2015-09-01 13:30:00+00:00,193.1199951171875,194.77000427246094,190.72999572753906,191.77000427246094,159.88555908203125,256000400,2015-09-01
2015-09-02 13:30:00+00:00,194.6199951171875,195.4600067138672,192.4199981689453,195.41000366210938,162.92037963867188,160269300,2015-09-02
2015-09-03 13:30:00+00:00,196.25999450683594,198.0500030517578,194.9600067138672,195.5500030517578,163.037109375,152087800,2015-09-03
2015-09-04 13:30:00+00:00,192.85000610351562,193.86000061035156,191.61000061035156,192.58999633789062,160.56918334960938,207081000,2015-09-04
2015-09-08 13:30:00+00:00,195.94000244140625,197.61000061035156,195.1699981689453,197.42999267578125,164.60450744628906,116025700,2015-09-08
2015-09-09 13:30:00+00:00,199.32000732421875,199.47000122070312,194.35000610351562,194.7899932861328,162.4034423828125,149347700,2015-09-09
2015-09-10 13:30:00+00:00,194.55999755859375,197.22000122070312,194.25,195.85000610351562,163.28721618652344,158611100,2015-09-10
2015-09-11 13:30:00+00:00,195.3800048828125,196.82000732421875,194.52999877929688,196.74000549316406,164.0292205810547,119691200,2015-09-11
2015-09-14 13:30:00+00:00,196.9499969482422,197.00999450683594,195.42999267578125,196.00999450683594,163.42054748535156,79452000,2015-09-14
2015-09-15 13:30:00+00:00,196.61000061035156,198.99000549316406,195.9600067138672,198.4600067138672,165.46327209472656,113806200,2015-09-15
2015-09-16 13:30:00+00:00,198.82000732421875,200.41000366210938,198.41000366210938,200.17999267578125,166.89724731445312,99581600,2015-09-16
2015-09-17 13:30:00+00:00,200.02000427246094,202.88999938964844,199.27999877929688,199.72999572753906,166.5220947265625,276046600,2015-09-17
2015-09-18 13:30:00+00:00,195.7100067138672,198.67999267578125,194.9600067138672,195.4499969482422,163.8008575439453,223657500,2015-09-18
2015-09-21 13:30:00+00:00,196.44000244140625,197.67999267578125,195.2100067138672,196.4600067138672,164.6473388671875,105726200,2015-09-21
2015-09-22 13:30:00+00:00,193.8800048828125,194.4600067138672,192.55999755859375,193.91000366210938,162.51022338867188,153890900,2015-09-22
2015-09-23 13:30:00+00:00,194.11000061035156,194.6699981689453,192.91000366210938,193.60000610351562,162.2504119873047,92790600,2015-09-23
2015-09-24 13:30:00+00:00,192.14999389648438,193.4499969482422,190.55999755859375,192.89999389648438,161.66378784179688,159378800,2015-09-24
2015-09-25 13:30:00+00:00,194.63999938964844,195.0,191.80999755859375,192.85000610351562,161.62185668945312,155054800,2015-09-25
2015-09-28 13:30:00+00:00,191.77999877929688,191.91000366210938,187.63999938964844,188.00999450683594,157.56561279296875,178515900,2015-09-28
2015-09-29 13:30:00+00:00,188.27000427246094,189.74000549316406,186.92999267578125,188.1199951171875,157.65777587890625,159045600,2015-09-29
2015-09-30 13:30:00+00:00,190.3699951171875,191.8300018310547,189.44000244140625,191.6300048828125,160.59945678710938,163452000,2015-09-30
2015-10-01 13:30:00+00:00,192.0800018310547,192.49000549316406,189.82000732421875,192.1300048828125,161.0185089111328,131079000,2015-10-01
2015-10-02 13:30:00+00:00,189.77000427246094,195.02999877929688,189.1199951171875,195.0,163.42372131347656,211003300,2015-10-02
2015-10-05 13:30:00+00:00,196.4600067138672,198.74000549316406,196.3300018310547,198.47000122070312,166.33184814453125,126320800,2015-10-05
2015-10-06 13:30:00+00:00,198.30999755859375,198.97999572753906,197.0,197.7899932861328,165.76194763183594,110274500,2015-10-06
2015-10-07 13:30:00+00:00,198.89999389648438,199.8300018310547,197.47999572753906,199.41000366210938,167.11965942382812,124307300,2015-10-07
2015-10-08 13:30:00+00:00,198.9499969482422,201.5500030517578,198.58999633789062,201.2100067138672,168.62811279296875,153055200,2015-10-08
2015-10-09 13:30:00+00:00,201.3800048828125,201.89999389648438,200.5800018310547,201.3300018310547,168.7286834716797,107069200,2015-10-09
2015-10-12 13:30:00+00:00,201.4199981689453,201.75999450683594,200.91000366210938,201.52000427246094,168.8879852294922,56395600,2015-10-12
2015-10-13 13:30:00+00:00,200.64999389648438,202.16000366210938,200.0500030517578,200.25,167.8235626220703,88038700,2015-10-13
2015-10-14 13:30:00+00:00,200.17999267578125,200.8699951171875,198.94000244140625,199.2899932861328,167.01902770996094,99106200,2015-10-14
2015-10-15 13:30:00+00:00,200.0800018310547,202.36000061035156,199.63999938964844,202.35000610351562,169.5835723876953,134142200,2015-10-15
2015-10-16 13:30:00+00:00,202.8300018310547,203.2899932861328,201.9199981689453,203.27000427246094,170.3546142578125,114580100,2015-10-16
2015-10-19 13:30:00+00:00,202.5,203.3699951171875,202.1300048828125,203.3699951171875,170.43836975097656,76523900,2015-10-19
2015-10-20 13:30:00+00:00,202.85000610351562,203.83999633789062,202.5500030517578,203.11000061035156,170.22052001953125,78448500,2015-10-20
2015-10-21 13:30:00+00:00,203.61000061035156,203.7899932861328,201.64999389648438,201.85000610351562,169.16448974609375,102038000,2015-10-21
2015-10-22 13:30:00+00:00,202.97999572753906,205.50999450683594,201.85000610351562,205.25999450683594,172.02232360839844,174911700,2015-10-22
2015-10-23 13:30:00+00:00,207.25,207.9499969482422,206.3000030517578,207.50999450683594,173.90797424316406,144442300,2015-10-23
2015-10-26 13:30:00+00:00,207.3000030517578,207.3699951171875,206.55999755859375,207.0,173.4805908203125,69033000,2015-10-26
2015-10-27 13:30:00+00:00,206.1999969482422,207.0,205.7899932861328,206.60000610351562,173.14541625976562,77905800,2015-10-27
2015-10-28 13:30:00+00:00,207.0,208.97999572753906,206.2100067138672,208.9499969482422,175.11477661132812,135906700,2015-10-28
2015-10-29 13:30:00+00:00,208.35000610351562,209.27000427246094,208.2100067138672,208.8300018310547,175.01422119140625,90525500,2015-10-29
2015-10-30 13:30:00+00:00,209.05999755859375,209.44000244140625,207.74000549316406,207.92999267578125,174.2599334716797,131076900,2015-10-30
2015-11-02 14:30:00+00:00,208.32000732421875,210.6199951171875,208.1699981689453,210.38999938964844,176.32167053222656,86270800,2015-11-02
2015-11-03 14:30:00+00:00,209.97000122070312,211.66000366210938,209.6999969482422,211.0,176.8328399658203,95246100,2015-11-03
2015-11-04 14:30:00+00:00,211.35000610351562,211.5,209.72000122070312,210.36000061035156,176.2965087890625,96224500,2015-11-04
2015-11-05 14:30:00+00:00,210.42999267578125,210.97999572753906,209.08999633789062,210.14999389648438,176.12051391601562,78408700,2015-11-05
2015-11-06 14:30:00+00:00,209.74000549316406,210.32000732421875,208.4600067138672,210.0399932861328,176.02828979492188,110471500,2015-11-06
2015-11-09 14:30:00+00:00,209.30999755859375,209.49000549316406,206.9499969482422,208.0800018310547,174.3856658935547,131008700,2015-11-09
2015-11-10 14:30:00+00:00,207.50999450683594,208.60000610351562,207.19000244140625,208.55999755859375,174.7880096435547,75874600,2015-11-10
2015-11-11 14:30:00+00:00,208.8800048828125,208.94000244140625,207.66000366210938,207.74000549316406,174.10076904296875,67846000,2015-11-11
2015-11-12 14:30:00+00:00,206.5,207.05999755859375,204.82000732421875,204.83999633789062,171.67041015625,121315200,2015-11-12
2015-11-13 14:30:00+00:00,204.35000610351562,204.6699981689453,202.44000244140625,202.5399932861328,169.74281311035156,153577100,2015-11-13
2015-11-16 14:30:00+00:00,202.32000732421875,205.69000244140625,202.17999267578125,205.6199951171875,172.3240203857422,117645200,2015-11-16
2015-11-17 14:30:00+00:00,205.99000549316406,207.0399932861328,204.8800048828125,205.47000122070312,172.19837951660156,121123700,2015-11-17
2015-11-18 14:30:00+00:00,206.0399932861328,208.89999389648438,205.99000549316406,208.72999572753906,174.93043518066406,121342500,2015-11-18
2015-11-19 14:30:00+00:00,208.58999633789062,209.0500030517578,208.1999969482422,208.5500030517578,174.77960205078125,88220500,2015-11-19
2015-11-20 14:30:00+00:00,209.4499969482422,210.1199951171875,208.86000061035156,209.30999755859375,175.41653442382812,94011500,2015-11-20
2015-11-23 14:30:00+00:00,209.3800048828125,209.97999572753906,208.52000427246094,209.07000732421875,175.21536254882812,64931200,2015-11-23
2015-11-24 14:30:00+00:00,207.8699951171875,209.8300018310547,207.41000366210938,209.35000610351562,175.45001220703125,98874400,2015-11-24
2015-11-25 14:30:00+00:00,209.5,209.74000549316406,209.00999450683594,209.32000732421875,175.42494201660156,51980100,2015-11-25
2015-11-27 14:30:00+00:00,209.42999267578125,209.8000030517578,208.86000061035156,209.55999755859375,175.6260528564453,37317800,2015-11-27
2015-11-30 14:30:00+00:00,209.75,209.88999938964844,208.55999755859375,208.69000244140625,174.8969268798828,112822700,2015-11-30
2015-12-01 14:30:00+00:00,209.44000244140625,210.82000732421875,209.11000061035156,210.67999267578125,176.56468200683594,97858400,2015-12-01
2015-12-02 14:30:00+00:00,210.6199951171875,211.0,208.22999572753906,208.52999877929688,174.7628173828125,108441300,2015-12-02
2015-12-03 14:30:00+00:00,208.8300018310547,209.14999389648438,204.75,205.61000061035156,172.315673828125,166224200,2015-12-03
2015-12-04 14:30:00+00:00,205.61000061035156,209.97000122070312,205.61000061035156,209.6199951171875,175.67625427246094,192913900,2015-12-04
2015-12-07 14:30:00+00:00,209.22999572753906,209.72999572753906,207.1999969482422,208.35000610351562,174.61196899414062,102027100,2015-12-07
2015-12-08 14:30:00+00:00,206.49000549316406,208.2899932861328,205.77999877929688,206.9499969482422,173.43869018554688,103372400,2015-12-08
2015-12-09 14:30:00+00:00,206.19000244140625,208.67999267578125,204.17999267578125,205.33999633789062,172.08938598632812,162401500,2015-12-09
2015-12-10 14:30:00+00:00,205.4199981689453,207.42999267578125,205.13999938964844,205.8699951171875,172.5336151123047,116128900,2015-12-10
2015-12-11 14:30:00+00:00,203.35000610351562,204.13999938964844,201.50999450683594,201.8800048828125,169.189697265625,211173300,2015-12-11
2015-12-14 14:30:00+00:00,202.07000732421875,203.0500030517578,199.9499969482422,202.89999389648438,170.0445098876953,182385200,2015-12-14
2015-12-15 14:30:00+00:00,204.6999969482422,206.11000061035156,202.8699951171875,205.02999877929688,171.82955932617188,154069600,2015-12-15
2015-12-16 14:30:00+00:00,206.3699951171875,208.38999938964844,204.8000030517578,208.02999877929688,174.34381103515625,197017000,2015-12-16
2015-12-17 14:30:00+00:00,208.39999389648438,208.47999572753906,204.83999633789062,204.86000061035156,171.6871337890625,173092500,2015-12-17
2015-12-18 14:30:00+00:00,202.77000427246094,202.92999267578125,199.8300018310547,200.02000427246094,168.62847900390625,251393500,2015-12-18
2015-12-21 14:30:00+00:00,201.41000366210938,201.8800048828125,200.08999633789062,201.6699981689453,170.01956176757812,99094300,2015-12-21
2015-12-22 14:30:00+00:00,202.72000122070312,203.85000610351562,201.5500030517578,203.5,171.56234741210938,111026200,2015-12-22
2015-12-23 14:30:00+00:00,204.69000244140625,206.07000732421875,204.5800018310547,206.02000427246094,173.6868438720703,110987200,2015-12-23
2015-12-24 14:30:00+00:00,205.72000122070312,206.3300018310547,205.4199981689453,205.67999267578125,173.4001922607422,48539600,2015-12-24
2015-12-28 14:30:00+00:00,204.86000061035156,205.25999450683594,203.94000244140625,205.2100067138672,173.00393676757812,65899900,2015-12-28
2015-12-29 14:30:00+00:00,206.50999450683594,207.7899932861328,206.47000122070312,207.39999389648438,174.85025024414062,92640700,2015-12-29
2015-12-30 14:30:00+00:00,207.11000061035156,207.2100067138672,205.75999450683594,205.92999267578125,173.6108856201172,63317700,2015-12-30
2015-12-31 14:30:00+00:00,205.1300048828125,205.88999938964844,203.8699951171875,203.8699951171875,171.874267578125,114877900,2015-12-31
2016-01-04 14:30:00+00:00,200.49000549316406,201.02999877929688,198.58999633789062,201.02000427246094,169.4715576171875,222353500,2016-01-04
2016-01-05 14:30:00+00:00,201.39999389648438,201.89999389648438,200.0500030517578,201.36000061035156,169.75819396972656,110845800,2016-01-05
2016-01-06 14:30:00+00:00,198.33999633789062,200.05999755859375,197.60000610351562,198.82000732421875,167.61685180664062,152112600,2016-01-06
2016-01-07 14:30:00+00:00,195.3300018310547,197.44000244140625,193.58999633789062,194.0500030517578,163.59544372558594,213436100,2016-01-07
2016-01-08 14:30:00+00:00,195.19000244140625,195.85000610351562,191.5800018310547,191.9199981689453,161.79974365234375,209817200,2016-01-08
2016-01-11 14:30:00+00:00,193.00999450683594,193.41000366210938,189.82000732421875,192.11000061035156,161.95993041992188,187941300,2016-01-11
2016-01-12 14:30:00+00:00,193.82000732421875,194.5500030517578,191.13999938964844,193.66000366210938,163.2666778564453,172330500,2016-01-12
2016-01-13 14:30:00+00:00,194.4499969482422,194.86000061035156,188.3800048828125,188.8300018310547,159.19467163085938,221168900,2016-01-13
2016-01-14 14:30:00+00:00,189.5500030517578,193.25999450683594,187.66000366210938,191.92999267578125,161.8081817626953,240795600,2016-01-14
2016-01-15 14:30:00+00:00,186.77000427246094,188.75999450683594,185.52000427246094,187.80999755859375,158.33474731445312,324846400,2016-01-15
2016-01-19 14:30:00+00:00,189.9600067138672,190.11000061035156,186.1999969482422,188.05999755859375,158.54551696777344,195244400,2016-01-19
2016-01-20 14:30:00+00:00,185.02999877929688,187.5,181.02000427246094,185.64999389648438,156.5137481689453,286547800,2016-01-20
2016-01-21 14:30:00+00:00,186.2100067138672,188.8699951171875,184.63999938964844,186.69000244140625,157.3905792236328,195772900,2016-01-21
2016-01-22 14:30:00+00:00,189.77999877929688,190.75999450683594,188.8800048828125,190.52000427246094,160.61944580078125,168319600,2016-01-22
2016-01-25 14:30:00+00:00,189.9199981689453,190.14999389648438,187.41000366210938,187.63999938964844,158.19139099121094,130371700,2016-01-25
2016-01-26 14:30:00+00:00,188.4199981689453,190.52999877929688,188.02000427246094,190.1999969482422,160.349609375,141036800,2016-01-26
2016-01-27 14:30:00+00:00,189.5800018310547,191.55999755859375,187.05999755859375,188.1300048828125,158.60452270507812,185681700,2016-01-27
2016-01-28 14:30:00+00:00,189.9600067138672,190.1999969482422,187.16000366210938,189.11000061035156,159.4307403564453,143798800,2016-01-28
2016-01-29 14:30:00+00:00,190.02000427246094,193.8800048828125,189.8800048828125,193.72000122070312,163.31716918945312,210529300,2016-01-29
2016-02-01 14:30:00+00:00,192.52999877929688,194.5800018310547,191.83999633789062,193.64999389648438,163.2581787109375,136061600,2016-02-01
2016-02-02 14:30:00+00:00,191.9600067138672,191.97000122070312,189.5399932861328,190.16000366210938,160.31597900390625,182564900,2016-02-02
2016-02-03 14:30:00+00:00,191.41000366210938,191.77999877929688,187.10000610351562,191.3000030517578,161.2770538330078,205054900,2016-02-03
2016-02-04 14:30:00+00:00,190.7100067138672,192.75,189.9600067138672,191.60000610351562,161.52996826171875,139531800,2016-02-04
2016-02-05 14:30:00+00:00,190.99000549316406,191.6699981689453,187.1999969482422,187.9499969482422,158.4527587890625,180788300,2016-02-05
2016-02-08 14:30:00+00:00,185.77000427246094,186.1199951171875,182.8000030517578,185.4199981689453,156.3198699951172,191526700,2016-02-08
2016-02-09 14:30:00+00:00,183.36000061035156,186.94000244140625,183.1999969482422,185.42999267578125,156.32823181152344,184513100,2016-02-09
2016-02-10 14:30:00+00:00,186.41000366210938,188.33999633789062,185.1199951171875,185.27000427246094,156.1934051513672,148214100,2016-02-10
2016-02-11 14:30:00+00:00,182.33999633789062,184.10000610351562,181.08999633789062,182.86000061035156,154.1616668701172,219058900,2016-02-11
2016-02-12 14:30:00+00:00,184.9600067138672,186.64999389648438,183.9600067138672,186.6300048828125,157.33993530273438,127632400,2016-02-12
2016-02-16 14:30:00+00:00,188.77000427246094,189.80999755859375,187.6300048828125,189.77999877929688,159.99560546875,120250700,2016-02-16
2016-02-17 14:30:00+00:00,191.16000366210938,193.32000732421875,191.00999450683594,192.8800048828125,162.6090850830078,136009500,2016-02-17
2016-02-18 14:30:00+00:00,193.1999969482422,193.27000427246094,191.72000122070312,192.08999633789062,161.9430694580078,102343000,2016-02-18
2016-02-19 14:30:00+00:00,191.1699981689453,192.17999267578125,190.4499969482422,192.0,161.86717224121094,114793000,2016-02-19
2016-02-22 14:30:00+00:00,193.8699951171875,194.9499969482422,193.7899932861328,194.77999877929688,164.2108154296875,103640300,2016-02-22
2016-02-23 14:30:00+00:00,194.0,194.32000732421875,192.17999267578125,192.32000732421875,162.13694763183594,111455300,2016-02-23
2016-02-24 14:30:00+00:00,190.6300048828125,193.52999877929688,189.32000732421875,193.1999969482422,162.87884521484375,150812200,2016-02-24
2016-02-25 14:30:00+00:00,193.72999572753906,195.5500030517578,192.8300018310547,195.5399932861328,164.8516082763672,110728300,2016-02-25
2016-02-26 14:30:00+00:00,196.57000732421875,196.67999267578125,194.89999389648438,195.08999633789062,164.47219848632812,129833700,2016-02-26
2016-02-29 14:30:00+00:00,195.11000061035156,196.22999572753906,193.3300018310547,193.55999755859375,163.18234252929688,125918100,2016-02-29
2016-03-01 14:30:00+00:00,195.00999450683594,198.2100067138672,194.4499969482422,198.11000061035156,167.01828002929688,141799700,2016-03-01
2016-03-02 14:30:00+00:00,197.74000549316406,199.05999755859375,197.25,199.0,167.76858520507812,102415000,2016-03-02
2016-03-03 14:30:00+00:00,198.7899932861328,199.8000030517578,198.11000061035156,199.77999877929688,168.42616271972656,95172200,2016-03-03
2016-03-04 14:30:00+00:00,200.00999450683594,201.35000610351562,199.02999877929688,200.42999267578125,168.97415161132812,129293600,2016-03-04
2016-03-07 14:30:00+00:00,199.33999633789062,201.07000732421875,199.25,200.58999633789062,169.10902404785156,100219000,2016-03-07
2016-03-08 14:30:00+00:00,199.32000732421875,199.9199981689453,198.2100067138672,198.39999389648438,167.2626953125,123974900,2016-03-08
2016-03-09 14:30:00+00:00,199.36000061035156,199.7899932861328,198.42999267578125,199.3800048828125,168.08897399902344,94801200,2016-03-09
2016-03-10 14:30:00+00:00,199.9600067138672,201.07000732421875,197.3800048828125,199.5399932861328,168.2238006591797,156838700,2016-03-10
2016-03-11 14:30:00+00:00,201.25999450683594,202.80999755859375,199.52000427246094,202.75999450683594,170.93844604492188,137964500,2016-03-11
2016-03-14 13:30:00+00:00,202.16000366210938,203.0399932861328,201.77000427246094,202.5,170.71925354003906,73612000,2016-03-14
2016-03-15 13:30:00+00:00,201.36000061035156,202.52999877929688,201.0500030517578,202.1699981689453,170.44110107421875,93169100,2016-03-15
2016-03-16 13:30:00+00:00,201.60000610351562,203.82000732421875,201.5500030517578,203.33999633789062,171.42742919921875,129303200,2016-03-16
2016-03-17 13:30:00+00:00,203.24000549316406,205.22999572753906,202.77000427246094,204.6300048828125,172.5150146484375,134278500,2016-03-17
2016-03-18 13:30:00+00:00,204.1699981689453,204.77999877929688,203.8000030517578,204.3800048828125,173.19288635253906,138372400,2016-03-18
2016-03-21 13:30:00+00:00,204.07000732421875,204.94000244140625,203.8000030517578,204.6699981689453,173.4386749267578,72926700,2016-03-21
2016-03-22 13:30:00+00:00,203.75999450683594,205.22999572753906,203.57000732421875,204.55999755859375,173.34544372558594,97471900,2016-03-22
2016-03-23 13:30:00+00:00,204.11000061035156,204.3300018310547,203.00999450683594,203.2100067138672,172.201416015625,81052500,2016-03-23
2016-03-24 13:30:00+00:00,202.0,203.16000366210938,201.74000549316406,203.1199951171875,172.12513732910156,84360900,2016-03-24
2016-03-28 13:30:00+00:00,203.61000061035156,203.86000061035156,202.7100067138672,203.24000549316406,172.2269287109375,62408200,2016-03-28
2016-03-29 13:30:00+00:00,202.75999450683594,205.25,202.39999389648438,205.1199951171875,173.81997680664062,92922900,2016-03-29
2016-03-30 13:30:00+00:00,206.3000030517578,206.8699951171875,205.58999633789062,206.02000427246094,174.5826873779297,86365300,2016-03-30
2016-03-31 13:30:00+00:00,205.91000366210938,206.41000366210938,205.3300018310547,205.52000427246094,174.15890502929688,94584100,2016-03-31
2016-04-01 13:30:00+00:00,204.35000610351562,207.13999938964844,203.97999572753906,206.9199981689453,175.34536743164062,114423500,2016-04-01
2016-04-04 13:30:00+00:00,206.8300018310547,207.07000732421875,205.88999938964844,206.25,174.7775421142578,63497000,2016-04-04
2016-04-05 13:30:00+00:00,204.6699981689453,206.25999450683594,203.88999938964844,204.19000244140625,173.03192138671875,99662200,2016-04-05
2016-04-06 13:30:00+00:00,204.19000244140625,206.49000549316406,203.97999572753906,206.4199981689453,174.92160034179688,91839800,2016-04-06
2016-04-07 13:30:00+00:00,205.13999938964844,205.55999755859375,203.08999633789062,203.9499969482422,172.82850646972656,113859000,2016-04-07
2016-04-08 13:30:00+00:00,205.33999633789062,205.85000610351562,203.8699951171875,204.5,173.29461669921875,95040600,2016-04-08
2016-04-11 13:30:00+00:00,205.25,206.07000732421875,203.91000366210938,204.02000427246094,172.88787841796875,83757500,2016-04-11
2016-04-12 13:30:00+00:00,204.22000122070312,206.25,203.6999969482422,205.9199981689453,174.49790954589844,115350600,2016-04-12
2016-04-13 13:30:00+00:00,207.0,208.10000610351562,206.83999633789062,208.0,176.26052856445312,96336400,2016-04-13
2016-04-14 13:30:00+00:00,208.07000732421875,208.60000610351562,207.60000610351562,208.00999450683594,176.26904296875,65212900,2016-04-14
2016-04-15 13:30:00+00:00,208.00999450683594,208.1699981689453,207.39999389648438,207.77999877929688,176.07406616210938,75761600,2016-04-15
2016-04-18 13:30:00+00:00,207.77999877929688,209.27999877929688,207.0,209.24000549316406,177.31130981445312,82531000,2016-04-18
2016-04-19 13:30:00+00:00,209.74000549316406,210.1999969482422,208.94000244140625,209.89999389648438,177.87057495117188,88316100,2016-04-19
2016-04-20 13:30:00+00:00,209.9499969482422,210.9199981689453,209.38999938964844,210.10000610351562,178.04006958007812,81100300,2016-04-20
2016-04-21 13:30:00+00:00,210.1199951171875,210.25,208.64999389648438,208.97000122070312,177.0825653076172,85695000,2016-04-21
2016-04-22 13:30:00+00:00,208.5500030517578,209.2899932861328,207.91000366210938,208.97000122070312,177.0825653076172,99251700,2016-04-22
2016-04-25 13:30:00+00:00,208.25999450683594,208.66000366210938,207.5399932861328,208.61000061035156,176.7774658203125,66166500,2016-04-25
2016-04-26 13:30:00+00:00,209.0399932861328,209.52000427246094,208.36000061035156,208.9199981689453,177.0401153564453,75864200,2016-04-26
2016-04-27 13:30:00+00:00,208.47000122070312,209.80999755859375,208.0500030517578,209.35000610351562,177.40451049804688,77329400,2016-04-27
2016-04-28 13:30:00+00:00,208.4600067138672,209.75999450683594,206.9600067138672,207.4499969482422,175.79446411132812,97216200,2016-04-28
2016-04-29 13:30:00+00:00,206.72000122070312,207.1300048828125,205.02999877929688,206.3300018310547,174.84536743164062,142424100,2016-04-29
2016-05-02 13:30:00+00:00,206.9199981689453,208.17999267578125,206.41000366210938,207.97000122070312,176.23507690429688,62188000,2016-05-02
2016-05-03 13:30:00+00:00,206.52000427246094,206.8000030517578,205.27999877929688,206.16000366210938,174.70132446289062,106422100,2016-05-03
2016-05-04 13:30:00+00:00,204.99000549316406,205.85000610351562,204.4199981689453,205.00999450683594,173.726806640625,92243800,2016-05-04
2016-05-05 13:30:00+00:00,205.55999755859375,205.97999572753906,204.47000122070312,204.97000122070312,173.69288635253906,67619200,2016-05-05
2016-05-06 13:30:00+00:00,204.05999755859375,205.77000427246094,203.8800048828125,205.72000122070312,174.3284454345703,89315000,2016-05-06
2016-05-09 13:30:00+00:00,205.57000732421875,206.39999389648438,205.36000061035156,205.88999938964844,174.4725341796875,74374900,2016-05-09
2016-05-10 13:30:00+00:00,206.72000122070312,208.47000122070312,206.63999938964844,208.4499969482422,176.64183044433594,77472200,2016-05-10
2016-05-11 13:30:00+00:00,207.91000366210938,208.5399932861328,206.5,206.5,174.9894256591797,81727000,2016-05-11
2016-05-12 13:30:00+00:00,207.2899932861328,207.49000549316406,205.3699951171875,206.55999755859375,175.040283203125,89586300,2016-05-12
2016-05-13 13:30:00+00:00,206.2100067138672,206.86000061035156,204.3800048828125,204.75999450683594,173.51490783691406,96474600,2016-05-13
2016-05-16 13:30:00+00:00,204.9600067138672,207.33999633789062,204.88999938964844,206.77999877929688,175.2266845703125,77486800,2016-05-16
2016-05-17 13:30:00+00:00,206.4600067138672,206.8000030517578,204.22999572753906,204.85000610351562,173.59115600585938,114924900,2016-05-17
2016-05-18 13:30:00+00:00,204.44000244140625,206.3000030517578,203.6300048828125,204.91000366210938,173.64198303222656,120062100,2016-05-18
2016-05-19 13:30:00+00:00,204.05999755859375,204.5399932861328,202.77999877929688,204.1999969482422,173.0403594970703,115430500,2016-05-19
2016-05-20 13:30:00+00:00,204.9199981689453,206.10000610351562,204.86000061035156,205.49000549316406,174.13356018066406,104990400,2016-05-20
2016-05-23 13:30:00+00:00,205.50999450683594,205.83999633789062,204.99000549316406,205.2100067138672,173.89627075195312,58682600,2016-05-23
2016-05-24 13:30:00+00:00,206.1699981689453,208.24000549316406,206.13999938964844,207.8699951171875,176.15037536621094,93537800,2016-05-24
2016-05-25 13:30:00+00:00,208.6699981689453,209.77000427246094,207.8699951171875,209.27999877929688,177.34524536132812,76621400,2016-05-25
2016-05-26 13:30:00+00:00,209.44000244140625,209.7100067138672,208.97000122070312,209.33999633789062,177.39605712890625,55280700,2016-05-26
2016-05-27 13:30:00+00:00,209.52999877929688,210.25,209.47000122070312,210.24000549316406,178.15872192382812,64211200,2016-05-27
2016-05-31 13:30:00+00:00,210.55999755859375,210.69000244140625,209.17999267578125,209.83999633789062,177.81973266601562,109879400,2016-05-31
2016-06-01 13:30:00+00:00,209.1199951171875,210.47999572753906,208.88999938964844,210.27000427246094,178.18417358398438,69936200,2016-06-01
2016-06-02 13:30:00+00:00,209.8000030517578,210.92999267578125,209.24000549316406,210.91000366210938,178.72653198242188,63044700,2016-06-02
2016-06-03 13:30:00+00:00,210.25,210.69000244140625,208.86000061035156,210.27999877929688,178.19256591796875,101757100,2016-06-03
2016-06-06 13:30:00+00:00,210.6999969482422,211.77000427246094,210.50999450683594,211.35000610351562,179.0993194580078,64887000,2016-06-06
2016-06-07 13:30:00+00:00,211.52999877929688,212.33999633789062,211.5,211.67999267578125,179.37896728515625,60974800,2016-06-07
2016-06-08 13:30:00+00:00,211.83999633789062,212.52000427246094,211.69000244140625,212.3699951171875,179.9636688232422,66170900,2016-06-08
2016-06-09 13:30:00+00:00,211.50999450683594,212.22000122070312,211.19000244140625,212.0800018310547,179.71800231933594,73786900,2016-06-09
2016-06-10 13:30:00+00:00,210.4600067138672,210.86000061035156,209.42999267578125,210.07000732421875,178.0146942138672,113829200,2016-06-10
2016-06-13 13:30:00+00:00,209.36000061035156,210.3699951171875,208.35000610351562,208.4499969482422,176.64183044433594,117751200,2016-06-13
2016-06-14 13:30:00+00:00,208.0,208.74000549316406,206.9199981689453,208.0399932861328,176.29440307617188,125059300,2016-06-14
2016-06-15 13:30:00+00:00,208.0399932861328,209.36000061035156,207.52999877929688,207.75,176.04867553710938,109124500,2016-06-15
2016-06-16 13:30:00+00:00,207.75,208.57000732421875,205.58999633789062,208.3699951171875,176.57403564453125,149533100,2016-06-16
2016-06-17 13:30:00+00:00,207.1699981689453,207.1999969482422,205.75,206.52000427246094,175.91644287109375,117055700,2016-06-17
2016-06-20 13:30:00+00:00,208.82000732421875,209.61000061035156,207.75,207.85000610351562,177.0493621826172,82789600,2016-06-20
2016-06-21 13:30:00+00:00,208.3000030517578,208.9199981689453,207.77999877929688,208.44000244140625,177.55198669433594,72461700,2016-06-21
2016-06-22 13:30:00+00:00,208.64999389648438,209.5,207.92999267578125,208.10000610351562,177.26231384277344,95560500,2016-06-22
2016-06-23 13:30:00+00:00,209.80999755859375,210.8699951171875,209.27000427246094,210.80999755859375,179.57078552246094,102731400,2016-06-23
2016-06-24 13:30:00+00:00,203.6300048828125,210.85000610351562,202.72000122070312,203.24000549316406,173.12257385253906,333444400,2016-06-24
2016-06-27 13:30:00+00:00,201.58999633789062,201.60000610351562,198.64999389648438,199.60000610351562,170.02194213867188,230775800,2016-06-27
2016-06-28 13:30:00+00:00,201.47999572753906,203.22999572753906,201.1199951171875,203.1999969482422,173.08837890625,159382400,2016-06-28
2016-06-29 13:30:00+00:00,204.83999633789062,206.92999267578125,204.72000122070312,206.66000366210938,176.0357208251953,137328600,2016-06-29
2016-06-30 13:30:00+00:00,207.2100067138672,209.5399932861328,206.55999755859375,209.47999572753906,178.4377899169922,165021900,2016-06-30
2016-07-01 13:30:00+00:00,209.47999572753906,210.49000549316406,209.2899932861328,209.9199981689453,178.81265258789062,106055300,2016-07-01
2016-07-05 13:30:00+00:00,208.9499969482422,209.0800018310547,207.7100067138672,208.41000366210938,177.5263671875,109803700,2016-07-05
2016-07-06 13:30:00+00:00,207.8300018310547,209.8000030517578,207.05999755859375,209.66000366210938,178.59115600585938,96021500,2016-07-06
2016-07-07 13:30:00+00:00,209.8699951171875,210.64999389648438,208.6300048828125,209.52999877929688,178.48043823242188,85593800,2016-07-07
2016-07-08 13:30:00+00:00,211.0500030517578,212.94000244140625,210.77999877929688,212.64999389648438,181.1380615234375,133971000,2016-07-08
2016-07-11 13:30:00+00:00,213.19000244140625,214.07000732421875,212.9499969482422,213.39999389648438,181.77696228027344,73633900,2016-07-11
2016-07-12 13:30:00+00:00,214.52999877929688,215.3000030517578,213.42999267578125,214.9499969482422,183.0972442626953,101275600,2016-07-12
2016-07-13 13:30:00+00:00,215.44000244140625,215.4499969482422,214.35000610351562,214.9199981689453,183.0717010498047,87324100,2016-07-13
2016-07-14 13:30:00+00:00,216.39999389648438,216.6699981689453,215.66000366210938,216.1199951171875,184.0938262939453,91230900,2016-07-14
2016-07-15 13:30:00+00:00,216.77999877929688,217.00999450683594,215.30999755859375,215.8300018310547,183.8468475341797,107155400,2016-07-15
2016-07-18 13:30:00+00:00,215.97000122070312,216.60000610351562,215.6699981689453,216.41000366210938,184.34088134765625,58725900,2016-07-18
2016-07-19 13:30:00+00:00,215.9199981689453,216.22999572753906,215.6300048828125,216.19000244140625,184.1534423828125,54345700,2016-07-19
2016-07-20 13:30:00+00:00,216.19000244140625,217.3699951171875,216.19000244140625,217.08999633789062,184.92010498046875,58159500,2016-07-20
2016-07-21 13:30:00+00:00,216.9600067138672,217.22000122070312,215.75,216.27000427246094,184.22161865234375,67777300,2016-07-21
2016-07-22 13:30:00+00:00,216.41000366210938,217.3000030517578,216.10000610351562,217.24000549316406,185.0478973388672,62787500,2016-07-22
2016-07-25 13:30:00+00:00,217.0,217.05999755859375,215.97000122070312,216.64999389648438,184.5453338623047,55873100,2016-07-25
2016-07-26 13:30:00+00:00,216.52999877929688,217.1699981689453,215.75999450683594,216.75,184.63050842285156,70080500,2016-07-26
2016-07-27 13:30:00+00:00,217.19000244140625,217.27000427246094,215.6199951171875,216.52000427246094,184.4345703125,84083900,2016-07-27
2016-07-28 13:30:00+00:00,216.2899932861328,217.11000061035156,215.75,216.77000427246094,184.6475372314453,65035700,2016-07-28
2016-07-29 13:30:00+00:00,216.4600067138672,217.5399932861328,216.1300048828125,217.1199951171875,184.94570922851562,79519400,2016-07-29
2016-08-01 13:30:00+00:00,217.19000244140625,217.64999389648438,216.41000366210938,216.94000244140625,184.79232788085938,73311400,2016-08-01
2016-08-02 13:30:00+00:00,216.64999389648438,216.8300018310547,214.57000732421875,215.5500030517578,183.6083221435547,92295500,2016-08-02
2016-08-03 13:30:00+00:00,215.47999572753906,216.25,215.1300048828125,216.17999267578125,184.14500427246094,53993600,2016-08-03
2016-08-04 13:30:00+00:00,216.30999755859375,216.77999877929688,214.25,216.41000366210938,184.34088134765625,46585500,2016-08-04
2016-08-05 13:30:00+00:00,216.41000366210938,218.22999572753906,216.41000366210938,218.17999267578125,185.84861755371094,71892200,2016-08-05
2016-08-08 13:30:00+00:00,218.39999389648438,218.52000427246094,217.74000549316406,218.0500030517578,185.73788452148438,39906500,2016-08-08
2016-08-09 13:30:00+00:00,218.1300048828125,218.75999450683594,217.8000030517578,218.17999267578125,185.84861755371094,51251700,2016-08-09
2016-08-10 13:30:00+00:00,218.30999755859375,218.39999389648438,217.22999572753906,217.63999938964844,185.38864135742188,57941100,2016-08-10
2016-08-11 13:30:00+00:00,218.25999450683594,218.94000244140625,217.9499969482422,218.64999389648438,186.2489471435547,72504300,2016-08-11
2016-08-12 13:30:00+00:00,218.2899932861328,218.7100067138672,217.99000549316406,218.4600067138672,186.08706665039062,61313500,2016-08-12
2016-08-15 13:30:00+00:00,218.88999938964844,219.5,218.8800048828125,219.08999633789062,186.62371826171875,49813500,2016-08-15
2016-08-16 13:30:00+00:00,218.60000610351562,218.67999267578125,217.9600067138672,217.9600067138672,185.6612091064453,53213600,2016-08-16
2016-08-17 13:30:00+00:00,218.0,218.52999877929688,217.02000427246094,218.3699951171875,186.01043701171875,75134300,2016-08-17
2016-08-18 13:30:00+00:00,218.33999633789062,218.89999389648438,218.2100067138672,218.86000061035156,186.4278564453125,52989300,2016-08-18
2016-08-19 13:30:00+00:00,218.30999755859375,218.75,217.74000549316406,218.5399932861328,186.15525817871094,75443000,2016-08-19
2016-08-22 13:30:00+00:00,218.25999450683594,218.8000030517578,217.8300018310547,218.52999877929688,186.14669799804688,61368800,2016-08-22
2016-08-23 13:30:00+00:00,219.25,219.60000610351562,218.89999389648438,218.97000122070312,186.5215301513672,53399200,2016-08-23
2016-08-24 13:30:00+00:00,218.8000030517578,218.91000366210938,217.36000061035156,217.85000610351562,185.56752014160156,71728900,2016-08-24
2016-08-25 13:30:00+00:00,217.39999389648438,218.19000244140625,217.22000122070312,217.6999969482422,185.43972778320312,69224800,2016-08-25
2016-08-26 13:30:00+00:00,217.9199981689453,219.1199951171875,216.25,217.2899932861328,185.09048461914062,122506300,2016-08-26
2016-08-29 13:30:00+00:00,217.44000244140625,218.6699981689453,217.39999389648438,218.36000061035156,186.00193786621094,70502200,2016-08-29
2016-08-30 13:30:00+00:00,218.25999450683594,218.58999633789062,217.35000610351562,218.0,185.69528198242188,58114500,2016-08-30
2016-08-31 13:30:00+00:00,217.61000061035156,217.75,216.47000122070312,217.3800048828125,185.16720581054688,85269500,2016-08-31
2016-09-01 13:30:00+00:00,217.3699951171875,217.72999572753906,216.02999877929688,217.38999938964844,185.17568969726562,97844200,2016-09-01
2016-09-02 13:30:00+00:00,218.38999938964844,218.8699951171875,217.6999969482422,218.3699951171875,186.01043701171875,79293900,2016-09-02
2016-09-06 13:30:00+00:00,218.6999969482422,219.1199951171875,217.86000061035156,219.02999877929688,186.5726776123047,56702100,2016-09-06
2016-09-07 13:30:00+00:00,218.83999633789062,219.22000122070312,218.3000030517578,219.00999450683594,186.55560302734375,76554900,2016-09-07
2016-09-08 13:30:00+00:00,218.6199951171875,218.94000244140625,218.14999389648438,218.50999450683594,186.1297149658203,74102900,2016-09-08
2016-09-09 13:30:00+00:00,216.97000122070312,217.02999877929688,213.25,213.27999877929688,181.6747589111328,221589100,2016-09-09
2016-09-12 13:30:00+00:00,212.38999938964844,216.80999755859375,212.30999755859375,216.33999633789062,184.28126525878906,168110900,2016-09-12
2016-09-13 13:30:00+00:00,214.83999633789062,215.14999389648438,212.5,213.22999572753906,181.63214111328125,182828800,2016-09-13
2016-09-14 13:30:00+00:00,213.2899932861328,214.6999969482422,212.5,213.14999389648438,181.56396484375,134185500,2016-09-14
2016-09-15 13:30:00+00:00,212.9600067138672,215.72999572753906,212.75,215.27999877929688,183.37835693359375,134427900,2016-09-15
2016-09-16 13:30:00+00:00,213.47999572753906,213.69000244140625,212.57000732421875,213.3699951171875,182.66949462890625,155236400,2016-09-16
2016-09-19 13:30:00+00:00,214.1300048828125,214.8800048828125,213.02999877929688,213.41000366210938,182.7037353515625,80250500,2016-09-19
2016-09-20 13:30:00+00:00,214.41000366210938,214.58999633789062,213.3800048828125,213.4199981689453,182.71224975585938,69665300,2016-09-20
2016-09-21 13:30:00+00:00,214.24000549316406,216.02999877929688,213.44000244140625,215.82000732421875,184.7670135498047,110284400,2016-09-21
2016-09-22 13:30:00+00:00,217.0,217.52999877929688,216.7100067138672,217.17999267578125,185.93125915527344,76678700,2016-09-22
2016-09-23 13:30:00+00:00,216.72000122070312,216.8800048828125,215.8800048828125,215.99000549316406,184.91249084472656,73630900,2016-09-23
2016-09-26 13:30:00+00:00,215.02000427246094,215.22999572753906,214.00999450683594,214.24000549316406,183.414306640625,89827300,2016-09-26
2016-09-27 13:30:00+00:00,214.0500030517578,215.67999267578125,213.6199951171875,215.57000732421875,184.55291748046875,78494800,2016-09-27
2016-09-28 13:30:00+00:00,215.8300018310547,216.82000732421875,214.7100067138672,216.63999938964844,185.46897888183594,87411000,2016-09-28
2016-09-29 13:30:00+00:00,216.39999389648438,216.8699951171875,214.0399932861328,214.67999267578125,183.79100036621094,128070600,2016-09-29
2016-09-30 13:30:00+00:00,215.64999389648438,217.1199951171875,215.36000061035156,216.3000030517578,185.17787170410156,117202900,2016-09-30
2016-10-03 13:30:00+00:00,215.82000732421875,216.0399932861328,215.0399932861328,215.77999877929688,184.73269653320312,83512100,2016-10-03
2016-10-04 13:30:00+00:00,215.91000366210938,216.1699981689453,213.99000549316406,214.67999267578125,183.79100036621094,119948100,2016-10-04
2016-10-05 13:30:00+00:00,215.41000366210938,216.1300048828125,215.3300018310547,215.6300048828125,184.6042938232422,72816000,2016-10-05
2016-10-06 13:30:00+00:00,215.3699951171875,216.0399932861328,214.74000549316406,215.77999877929688,184.73269653320312,62927400,2016-10-06
2016-10-07 13:30:00+00:00,216.10000610351562,216.3000030517578,214.19000244140625,215.0399932861328,184.09918212890625,89788300,2016-10-07
2016-10-10 13:30:00+00:00,216.16000366210938,216.6999969482422,215.99000549316406,216.16000366210938,185.05807495117188,51855000,2016-10-10
2016-10-11 13:30:00+00:00,215.66000366210938,215.74000549316406,212.5800018310547,213.42999267578125,182.72084045410156,130367400,2016-10-11
2016-10-12 13:30:00+00:00,213.58999633789062,214.32000732421875,213.00999450683594,213.7100067138672,182.96054077148438,73866100,2016-10-12
2016-10-13 13:30:00+00:00,212.16000366210938,213.58999633789062,211.2100067138672,213.00999450683594,182.3612823486328,101357000,2016-10-13
2016-10-14 13:30:00+00:00,214.14999389648438,214.69000244140625,213.02999877929688,213.1199951171875,182.45542907714844,93346200,2016-10-14
2016-10-17 13:30:00+00:00,213.08999633789062,213.38999938964844,212.1699981689453,212.3800048828125,181.82196044921875,58275700,2016-10-17
2016-10-18 13:30:00+00:00,214.24000549316406,214.30999755859375,213.27000427246094,213.7100067138672,182.96054077148438,76869700,2016-10-18
2016-10-19 13:30:00+00:00,214.02000427246094,214.63999938964844,213.60000610351562,214.27999877929688,183.4485626220703,66519200,2016-10-19
2016-10-20 13:30:00+00:00,213.8699951171875,214.52999877929688,213.11000061035156,213.8800048828125,183.10606384277344,73639800,2016-10-20
2016-10-21 13:30:00+00:00,213.8800048828125,214.0800018310547,212.75999450683594,213.97999572753906,183.19171142578125,89089100,2016-10-21
2016-10-24 13:30:00+00:00,215.0,215.32000732421875,214.47999572753906,214.88999938964844,183.97080993652344,60146600,2016-10-24
2016-10-25 13:30:00+00:00,214.67999267578125,214.97999572753906,213.97999572753906,214.1699981689453,183.35443115234375,66542300,2016-10-25
2016-10-26 13:30:00+00:00,213.2100067138672,214.4199981689453,212.92999267578125,213.74000549316406,182.98629760742188,75705500,2016-10-26
2016-10-27 13:30:00+00:00,214.5800018310547,214.6199951171875,213.0800018310547,213.1699981689453,182.49826049804688,77220200,2016-10-27
2016-10-28 13:30:00+00:00,213.13999938964844,213.92999267578125,211.7100067138672,212.5399932861328,181.9589385986328,140623200,2016-10-28
2016-10-31 13:30:00+00:00,212.92999267578125,213.19000244140625,212.36000061035156,212.5500030517578,181.9674530029297,61272500,2016-10-31
2016-11-01 13:30:00+00:00,212.92999267578125,212.99000549316406,209.60000610351562,211.00999450683594,180.64901733398438,122781800,2016-11-01
2016-11-02 13:30:00+00:00,210.64999389648438,211.10000610351562,209.22999572753906,209.74000549316406,179.56178283691406,103330800,2016-11-02
2016-11-03 13:30:00+00:00,209.99000549316406,210.24000549316406,208.4600067138672,208.77999877929688,178.73992919921875,88939300,2016-11-03
2016-11-04 13:30:00+00:00,208.91000366210938,209.88999938964844,208.3800048828125,208.5500030517578,178.54307556152344,109122100,2016-11-04
2016-11-07 14:30:00+00:00,208.5500030517578,213.19000244140625,208.5500030517578,213.14999389648438,182.4811248779297,109794900,2016-11-07
2016-11-08 14:30:00+00:00,212.69000244140625,214.77000427246094,212.3800048828125,214.11000061035156,183.3030242919922,106772100,2016-11-08
2016-11-09 14:30:00+00:00,212.3699951171875,217.10000610351562,212.33999633789062,216.3800048828125,185.24635314941406,258429000,2016-11-09
2016-11-10 14:30:00+00:00,217.3000030517578,218.30999755859375,215.22000122070312,216.9199981689453,185.7086944580078,172113300,2016-11-10
2016-11-11 14:30:00+00:00,216.0800018310547,216.6999969482422,215.32000732421875,216.4199981689453,185.28060913085938,100552700,2016-11-11
2016-11-14 14:30:00+00:00,217.02999877929688,217.27000427246094,215.72000122070312,216.58999633789062,185.4261932373047,94580000,2016-11-14
2016-11-15 14:30:00+00:00,217.0399932861328,218.27999877929688,216.8000030517578,218.27999877929688,186.87298583984375,91652600,2016-11-15
2016-11-16 14:30:00+00:00,217.55999755859375,218.13999938964844,217.4199981689453,217.8699951171875,186.5220184326172,65617700,2016-11-16
2016-11-17 14:30:00+00:00,218.0500030517578,219.05999755859375,217.9199981689453,218.99000549316406,187.4808807373047,69797200,2016-11-17
2016-11-18 14:30:00+00:00,219.07000732421875,219.27000427246094,218.2899932861328,218.5,187.06134033203125,86265800,2016-11-18
2016-11-21 14:30:00+00:00,219.1699981689453,220.17999267578125,219.0,220.14999389648438,188.4739227294922,72402600,2016-11-21
2016-11-22 14:30:00+00:00,220.50999450683594,220.7899932861328,219.72999572753906,220.5800018310547,188.84214782714844,67429000,2016-11-22
2016-11-23 14:30:00+00:00,219.97999572753906,220.75999450683594,219.75,220.6999969482422,188.94483947753906,56620200,2016-11-23
2016-11-25 14:30:00+00:00,221.10000610351562,221.55999755859375,221.00999450683594,221.52000427246094,189.64686584472656,37872300,2016-11-25
2016-11-28 14:30:00+00:00,221.16000366210938,221.47999572753906,220.36000061035156,220.47999572753906,188.75643920898438,76572500,2016-11-28
2016-11-29 14:30:00+00:00,220.52000427246094,221.44000244140625,220.1699981689453,220.91000366210938,189.12461853027344,69886700,2016-11-29
2016-11-30 14:30:00+00:00,221.6300048828125,221.82000732421875,220.30999755859375,220.3800048828125,188.6708526611328,113291800,2016-11-30
2016-12-01 14:30:00+00:00,220.72999572753906,220.72999572753906,219.14999389648438,219.57000732421875,187.97743225097656,79040500,2016-12-01
2016-12-02 14:30:00+00:00,219.6699981689453,220.25,219.25999450683594,219.67999267578125,188.07154846191406,74840300,2016-12-02
2016-12-05 14:30:00+00:00,220.64999389648438,221.39999389648438,220.4199981689453,221.0,189.2016143798828,67837800,2016-12-05
2016-12-06 14:30:00+00:00,221.22000122070312,221.74000549316406,220.66000366210938,221.6999969482422,189.80096435546875,59877400,2016-12-06
2016-12-07 14:30:00+00:00,221.52000427246094,224.6699981689453,221.3800048828125,224.60000610351562,192.28363037109375,110738100,2016-12-07
2016-12-08 14:30:00+00:00,224.57000732421875,225.6999969482422,224.25999450683594,225.14999389648438,192.75448608398438,99714400,2016-12-08
2016-12-09 14:30:00+00:00,225.41000366210938,226.52999877929688,225.3699951171875,226.50999450683594,193.91885375976562,88005800,2016-12-09
2016-12-12 14:30:00+00:00,226.39999389648438,226.9600067138672,225.75999450683594,226.25,193.69630432128906,102016100,2016-12-12
2016-12-13 14:30:00+00:00,227.02000427246094,228.33999633789062,227.0,227.75999450683594,194.98898315429688,110477500,2016-12-13
2016-12-14 14:30:00+00:00,227.41000366210938,228.22999572753906,225.3699951171875,225.8800048828125,193.37953186035156,142501800,2016-12-14
2016-12-15 14:30:00+00:00,226.16000366210938,227.80999755859375,225.88999938964844,226.80999755859375,194.17572021484375,124972600,2016-12-15
2016-12-16 14:30:00+00:00,226.00999450683594,226.0800018310547,224.6699981689453,225.0399932861328,193.7959442138672,156420200,2016-12-16
2016-12-19 14:30:00+00:00,225.25,226.02000427246094,225.0800018310547,225.52999877929688,194.21791076660156,90341100,2016-12-19
2016-12-20 14:30:00+00:00,226.14999389648438,226.57000732421875,225.8800048828125,226.39999389648438,194.96710205078125,89838800,2016-12-20
2016-12-21 14:30:00+00:00,226.25,226.4499969482422,225.77000427246094,225.77000427246094,194.424560546875,67909000,2016-12-21
2016-12-22 14:30:00+00:00,225.60000610351562,225.74000549316406,224.9199981689453,225.3800048828125,194.08871459960938,56219100,2016-12-22
2016-12-23 14:30:00+00:00,225.42999267578125,225.72000122070312,225.2100067138672,225.7100067138672,194.37290954589844,36697800,2016-12-23
2016-12-27 14:30:00+00:00,226.02000427246094,226.72999572753906,226.0,226.27000427246094,194.85516357421875,42672500,2016-12-27
2016-12-28 14:30:00+00:00,226.57000732421875,226.58999633789062,224.27000427246094,224.39999389648438,193.24472045898438,64095000,2016-12-28
2016-12-29 14:30:00+00:00,224.47999572753906,224.88999938964844,223.83999633789062,224.35000610351562,193.20172119140625,48696100,2016-12-29
2016-12-30 14:30:00+00:00,224.72999572753906,224.8300018310547,222.72999572753906,223.52999877929688,192.4955596923828,108998300,2016-12-30
2017-01-03 14:30:00+00:00,225.0399932861328,225.8300018310547,223.8800048828125,225.24000549316406,193.96812438964844,91366500,2017-01-03
2017-01-04 14:30:00+00:00,225.6199951171875,226.75,225.61000061035156,226.5800018310547,195.12203979492188,78744400,2017-01-04
2017-01-05 14:30:00+00:00,226.27000427246094,226.5800018310547,225.47999572753906,226.39999389648438,194.96710205078125,78379000,2017-01-05
2017-01-06 14:30:00+00:00,226.52999877929688,227.75,225.89999389648438,227.2100067138672,195.66465759277344,71559900,2017-01-06
2017-01-09 14:30:00+00:00,226.91000366210938,227.07000732421875,226.4199981689453,226.4600067138672,195.018798828125,46939700,2017-01-09
2017-01-10 14:30:00+00:00,226.47999572753906,227.4499969482422,226.00999450683594,226.4600067138672,195.018798828125,63771900,2017-01-10
2017-01-11 14:30:00+00:00,226.36000061035156,227.10000610351562,225.58999633789062,227.10000610351562,195.56993103027344,74650000,2017-01-11
2017-01-12 14:30:00+00:00,226.5,226.75,224.9600067138672,226.52999877929688,195.07904052734375,72113200,2017-01-12
2017-01-13 14:30:00+00:00,226.72999572753906,227.39999389648438,226.69000244140625,227.0500030517578,195.52685546875,62717900,2017-01-13
2017-01-17 14:30:00+00:00,226.30999755859375,226.77999877929688,225.8000030517578,226.25,194.8379669189453,61240800,2017-01-17
2017-01-18 14:30:00+00:00,226.5399932861328,226.8000030517578,225.89999389648438,226.75,195.26849365234375,54793300,2017-01-18
2017-01-19 14:30:00+00:00,226.83999633789062,227.0,225.41000366210938,225.91000366210938,194.54505920410156,66608800,2017-01-19
2017-01-20 14:30:00+00:00,226.6999969482422,227.30999755859375,225.97000122070312,226.74000549316406,195.25990295410156,129168600,2017-01-20
2017-01-23 14:30:00+00:00,226.74000549316406,226.80999755859375,225.27000427246094,226.14999389648438,194.7517547607422,75061600,2017-01-23
2017-01-24 14:30:00+00:00,226.39999389648438,228.0800018310547,226.27000427246094,227.60000610351562,196.00051879882812,95555300,2017-01-24
2017-01-25 14:30:00+00:00,228.6999969482422,229.57000732421875,228.50999450683594,229.57000732421875,197.697021484375,84437700,2017-01-25
2017-01-26 14:30:00+00:00,229.39999389648438,229.7100067138672,229.00999450683594,229.3300018310547,197.49032592773438,59970700,2017-01-26
2017-01-27 14:30:00+00:00,229.4199981689453,229.58999633789062,228.75999450683594,228.97000122070312,197.18026733398438,59711100,2017-01-27
2017-01-30 14:30:00+00:00,228.1699981689453,228.1999969482422,226.41000366210938,227.5500030517578,195.95742797851562,79737300,2017-01-30
2017-01-31 14:30:00+00:00,226.97999572753906,227.60000610351562,226.32000732421875,227.52999877929688,195.94020080566406,75880800,2017-01-31
2017-02-01 14:30:00+00:00,227.52999877929688,228.58999633789062,226.94000244140625,227.6199951171875,196.01773071289062,79117700,2017-02-01
2017-02-02 14:30:00+00:00,227.6199951171875,228.10000610351562,226.82000732421875,227.77000427246094,196.1468963623047,69657600,2017-02-02
2017-02-03 14:30:00+00:00,228.82000732421875,229.5500030517578,228.4600067138672,229.33999633789062,197.4989013671875,80563200,2017-02-03
2017-02-06 14:30:00+00:00,228.8699951171875,229.3300018310547,228.5399932861328,228.92999267578125,197.14581298828125,57790100,2017-02-06
2017-02-07 14:30:00+00:00,229.3800048828125,229.66000366210938,228.72000122070312,228.94000244140625,197.15444946289062,57931200,2017-02-07
2017-02-08 14:30:00+00:00,228.94000244140625,229.38999938964844,228.30999755859375,229.24000549316406,197.4127655029297,51566200,2017-02-08
2017-02-09 14:30:00+00:00,229.24000549316406,230.9499969482422,229.24000549316406,230.60000610351562,198.58399963378906,65955200,2017-02-09
2017-02-10 14:30:00+00:00,231.0,231.77000427246094,230.6199951171875,231.50999450683594,199.36766052246094,66015900,2017-02-10
2017-02-13 14:30:00+00:00,232.0800018310547,233.07000732421875,232.0500030517578,232.77000427246094,200.45272827148438,55182100,2017-02-13
2017-02-14 14:30:00+00:00,232.55999755859375,233.7100067138672,232.16000366210938,233.6999969482422,201.25357055664062,71109000,2017-02-14
2017-02-15 14:30:00+00:00,233.4499969482422,235.13999938964844,233.38999938964844,234.9199981689453,202.30418395996094,86785800,2017-02-15
2017-02-16 14:30:00+00:00,234.9499969482422,235.16000366210938,233.85000610351562,234.72000122070312,202.1319580078125,84722400,2017-02-16
2017-02-17 14:30:00+00:00,233.9499969482422,235.08999633789062,233.92999267578125,235.08999633789062,202.45057678222656,77204100,2017-02-17
2017-02-21 14:30:00+00:00,235.52000427246094,236.69000244140625,235.50999450683594,236.49000549316406,203.6562042236328,88946100,2017-02-21
2017-02-22 14:30:00+00:00,236.02000427246094,236.5399932861328,235.8300018310547,236.27999877929688,203.47535705566406,62115200,2017-02-22
2017-02-23 14:30:00+00:00,236.8800048828125,236.89999389648438,235.55999755859375,236.44000244140625,203.61317443847656,74615900,2017-02-23
2017-02-24 14:30:00+00:00,235.4600067138672,236.7899932861328,235.41000366210938,236.74000549316406,203.87147521972656,82381600,2017-02-24
2017-02-27 14:30:00+00:00,236.63999938964844,237.30999755859375,236.35000610351562,237.11000061035156,204.19012451171875,56515400,2017-02-27
2017-02-28 14:30:00+00:00,236.6699981689453,236.9499969482422,236.02000427246094,236.47000122070312,203.63900756835938,96961900,2017-02-28
2017-03-01 14:30:00+00:00,238.38999938964844,240.32000732421875,238.3699951171875,239.77999877929688,206.4894561767578,149158200,2017-03-01
2017-03-02 14:30:00+00:00,239.55999755859375,239.57000732421875,238.2100067138672,238.27000427246094,205.18910217285156,70246000,2017-03-02
2017-03-03 14:30:00+00:00,238.1699981689453,238.61000061035156,237.72999572753906,238.4199981689453,205.31829833984375,81974300,2017-03-03
2017-03-06 14:30:00+00:00,237.5,238.1199951171875,237.00999450683594,237.7100067138672,204.7068634033203,55391500,2017-03-06
2017-03-07 14:30:00+00:00,237.36000061035156,237.77000427246094,236.75999450683594,237.0,204.09539794921875,65103700,2017-03-07
2017-03-08 14:30:00+00:00,237.33999633789062,237.63999938964844,236.39999389648438,236.55999755859375,203.71646118164062,78168800,2017-03-08
2017-03-09 14:30:00+00:00,236.6999969482422,237.24000549316406,235.74000549316406,236.86000061035156,203.974853515625,90683900,2017-03-09
2017-03-10 14:30:00+00:00,237.97000122070312,238.02000427246094,236.58999633789062,237.69000244140625,204.68963623046875,81991700,2017-03-10
2017-03-13 13:30:00+00:00,237.6199951171875,237.86000061035156,237.24000549316406,237.80999755859375,204.79293823242188,57256800,2017-03-13
2017-03-14 13:30:00+00:00,237.17999267578125,237.24000549316406,236.19000244140625,236.89999389648438,204.00929260253906,59880800,2017-03-14
2017-03-15 13:30:00+00:00,237.55999755859375,239.44000244140625,237.2899932861328,238.9499969482422,205.77462768554688,96081800,2017-03-15
2017-03-16 13:30:00+00:00,239.11000061035156,239.1999969482422,238.10000610351562,238.47999572753906,205.3699493408203,78344000,2017-03-16
2017-03-17 13:30:00+00:00,237.75,237.97000122070312,237.02999877929688,237.02999877929688,205.00924682617188,89002100,2017-03-17
2017-03-20 13:30:00+00:00,237.02999877929688,237.36000061035156,236.32000732421875,236.77000427246094,204.7843780517578,52537000,2017-03-20
2017-03-21 13:30:00+00:00,237.47000122070312,237.61000061035156,233.5800018310547,233.72999572753906,202.15505981445312,131809300,2017-03-21
2017-03-22 13:30:00+00:00,233.77000427246094,234.61000061035156,233.0500030517578,234.27999877929688,202.63076782226562,97569200,2017-03-22
2017-03-23 13:30:00+00:00,234.27999877929688,235.33999633789062,233.60000610351562,234.02999877929688,202.41456604003906,100410300,2017-03-23
2017-03-24 13:30:00+00:00,234.3800048828125,235.0399932861328,232.9600067138672,233.86000061035156,202.2675018310547,112504900,2017-03-24
2017-03-27 13:30:00+00:00,231.92999267578125,233.9199981689453,231.61000061035156,233.6199951171875,202.05992126464844,87454500,2017-03-27
2017-03-28 13:30:00+00:00,233.27000427246094,235.80999755859375,233.13999938964844,235.32000732421875,203.53024291992188,93483900,2017-03-28
2017-03-29 13:30:00+00:00,234.99000549316406,235.80999755859375,234.72999572753906,235.5399932861328,203.72052001953125,61950400,2017-03-29
2017-03-30 13:30:00+00:00,235.47000122070312,236.52000427246094,235.27000427246094,236.2899932861328,204.36927795410156,56737900,2017-03-30
2017-03-31 13:30:00+00:00,235.89999389648438,236.50999450683594,235.67999267578125,235.74000549316406,203.8935089111328,73733100,2017-03-31
2017-04-03 13:30:00+00:00,235.8000030517578,236.02999877929688,233.91000366210938,235.3300018310547,203.5389404296875,85546500,2017-04-03
2017-04-04 13:30:00+00:00,235.0,235.5800018310547,234.55999755859375,235.47999572753906,203.66860961914062,56466200,2017-04-04
2017-04-05 13:30:00+00:00,236.25999450683594,237.38999938964844,234.5399932861328,234.77999877929688,203.06326293945312,108800600,2017-04-05
2017-04-06 13:30:00+00:00,234.94000244140625,236.0399932861328,234.42999267578125,235.44000244140625,203.634033203125,69135800,2017-04-06
2017-04-07 13:30:00+00:00,235.14999389648438,236.0,234.63999938964844,235.1999969482422,203.4264373779297,74412300,2017-04-07
2017-04-10 13:30:00+00:00,235.36000061035156,236.25999450683594,234.72999572753906,235.33999633789062,203.54750061035156,67615300,2017-04-10
2017-04-11 13:30:00+00:00,234.89999389648438,235.17999267578125,233.33999633789062,235.05999755859375,203.30540466308594,88045300,2017-04-11
2017-04-12 13:30:00+00:00,234.74000549316406,234.9600067138672,233.77000427246094,234.02999877929688,202.41456604003906,81864400,2017-04-12
2017-04-13 13:30:00+00:00,233.63999938964844,234.49000549316406,232.50999450683594,232.50999450683594,201.09988403320312,92880400,2017-04-13
2017-04-17 13:30:00+00:00,233.11000061035156,234.57000732421875,232.8800048828125,234.57000732421875,202.88160705566406,68405400,2017-04-17
2017-04-18 13:30:00+00:00,233.72000122070312,234.49000549316406,233.0800018310547,233.8699951171875,202.2761688232422,83225800,2017-04-18
2017-04-19 13:30:00+00:00,234.52000427246094,234.9499969482422,233.17999267578125,233.44000244140625,201.90423583984375,68699900,2017-04-19
2017-04-20 13:30:00+00:00,234.14999389648438,235.85000610351562,233.77999877929688,235.33999633789062,203.54750061035156,92572200,2017-04-20
2017-04-21 13:30:00+00:00,235.25,235.30999755859375,234.1300048828125,234.58999633789062,202.89891052246094,110389800,2017-04-21
2017-04-24 13:30:00+00:00,237.17999267578125,237.41000366210938,234.55999755859375,237.1699981689453,205.13034057617188,119209900,2017-04-24
2017-04-25 13:30:00+00:00,237.91000366210938,238.9499969482422,237.80999755859375,238.5500030517578,206.32394409179688,76698300,2017-04-25
2017-04-26 13:30:00+00:00,238.50999450683594,239.52999877929688,238.35000610351562,238.39999389648438,206.1941375732422,84702500,2017-04-26
2017-04-27 13:30:00+00:00,238.77000427246094,238.9499969482422,237.97999572753906,238.60000610351562,206.3671875,57410300,2017-04-27
2017-04-28 13:30:00+00:00,238.89999389648438,238.92999267578125,237.92999267578125,238.0800018310547,205.91741943359375,63532800,2017-04-28
2017-05-01 13:30:00+00:00,238.67999267578125,239.1699981689453,238.1999969482422,238.67999267578125,206.43638610839844,66882500,2017-05-01
2017-05-02 13:30:00+00:00,238.83999633789062,238.97999572753906,238.3000030517578,238.77000427246094,206.5142364501953,57375700,2017-05-02
2017-05-03 13:30:00+00:00,238.77000427246094,238.8800048828125,237.6999969482422,238.47999572753906,206.26336669921875,73137700,2017-05-03
2017-05-04 13:30:00+00:00,238.8300018310547,238.9199981689453,237.77999877929688,238.75999450683594,206.5055389404297,61462700,2017-05-04
2017-05-05 13:30:00+00:00,239.19000244140625,239.72000122070312,238.67999267578125,239.6999969482422,207.3185577392578,62001300,2017-05-05
2017-05-08 13:30:00+00:00,239.75,239.9199981689453,239.1699981689453,239.66000366210938,207.2840118408203,48385700,2017-05-08
2017-05-09 13:30:00+00:00,239.9600067138672,240.19000244140625,239.0399932861328,239.44000244140625,207.09373474121094,51363200,2017-05-09
2017-05-10 13:30:00+00:00,239.38999938964844,239.8699951171875,239.14999389648438,239.8699951171875,207.46560668945312,54293800,2017-05-10
2017-05-11 13:30:00+00:00,239.35000610351562,239.57000732421875,238.1300048828125,239.3800048828125,207.0417938232422,62358300,2017-05-11
2017-05-12 13:30:00+00:00,239.08999633789062,239.42999267578125,238.6699981689453,238.97999572753906,206.69581604003906,53912700,2017-05-12
2017-05-15 13:30:00+00:00,239.47000122070312,240.44000244140625,239.4499969482422,240.3000030517578,207.8375244140625,61918900,2017-05-15
2017-05-16 13:30:00+00:00,240.63999938964844,240.6699981689453,239.6300048828125,240.0800018310547,207.647216796875,51241800,2017-05-16
2017-05-17 13:30:00+00:00,240.0800018310547,240.0800018310547,235.75,235.82000732421875,203.9627227783203,172174100,2017-05-17
2017-05-18 13:30:00+00:00,235.72999572753906,237.75,235.42999267578125,236.77000427246094,204.7843780517578,107047700,2017-05-18
2017-05-19 13:30:00+00:00,237.3300018310547,239.0800018310547,237.27000427246094,238.30999755859375,206.11636352539062,115011400,2017-05-19
2017-05-22 13:30:00+00:00,238.89999389648438,239.7100067138672,238.82000732421875,239.52000427246094,207.16290283203125,61010600,2017-05-22
2017-05-23 13:30:00+00:00,239.9499969482422,240.24000549316406,239.50999450683594,240.0500030517578,207.62130737304688,48341700,2017-05-23
2017-05-24 13:30:00+00:00,240.32000732421875,240.72999572753906,239.92999267578125,240.61000061035156,208.1056365966797,46927700,2017-05-24
2017-05-25 13:30:00+00:00,241.1999969482422,242.0800018310547,240.9600067138672,241.75999450683594,209.10025024414062,64071700,2017-05-25
2017-05-26 13:30:00+00:00,241.5399932861328,241.89999389648438,241.4499969482422,241.7100067138672,209.05706787109375,46629900,2017-05-26
2017-05-30 13:30:00+00:00,241.33999633789062,241.7899932861328,241.16000366210938,241.5,208.87538146972656,35201900,2017-05-30
2017-05-31 13:30:00+00:00,241.83999633789062,241.8800048828125,240.63999938964844,241.44000244140625,208.8235626220703,91796000,2017-05-31
2017-06-01 13:30:00+00:00,241.97000122070312,243.3800048828125,241.63999938964844,243.36000061035156,210.48411560058594,68962000,2017-06-01
2017-06-02 13:30:00+00:00,243.4199981689453,244.35000610351562,243.0800018310547,244.1699981689453,211.18472290039062,88666100,2017-06-02
2017-06-05 13:30:00+00:00,243.97000122070312,244.3000030517578,243.75999450683594,243.99000549316406,211.0290069580078,44698800,2017-06-05
2017-06-06 13:30:00+00:00,243.33999633789062,243.97999572753906,243.1199951171875,243.2100067138672,210.3544158935547,50375400,2017-06-06
2017-06-07 13:30:00+00:00,243.60000610351562,243.9199981689453,242.8300018310547,243.66000366210938,210.7436065673828,54144300,2017-06-07
2017-06-08 13:30:00+00:00,243.77000427246094,244.3300018310547,243.1699981689453,243.77999877929688,210.84735107421875,65950700,2017-06-08
2017-06-09 13:30:00+00:00,244.08999633789062,245.00999450683594,241.9499969482422,243.41000366210938,210.52740478515625,132256400,2017-06-09
2017-06-12 13:30:00+00:00,243.1300048828125,243.4199981689453,242.3800048828125,243.36000061035156,210.48411560058594,86108100,2017-06-12
2017-06-13 13:30:00+00:00,243.97999572753906,244.61000061035156,243.5800018310547,244.5500030517578,211.5133819580078,60067000,2017-06-13
2017-06-14 13:30:00+00:00,244.86000061035156,244.8699951171875,243.2899932861328,244.24000549316406,211.24530029296875,78602300,2017-06-14
2017-06-15 13:30:00+00:00,242.67999267578125,243.91000366210938,242.36000061035156,243.77000427246094,210.8387908935547,66464900,2017-06-15
2017-06-16 13:30:00+00:00,242.77000427246094,242.8300018310547,241.6300048828125,242.63999938964844,210.8848419189453,84553100,2017-06-16
2017-06-19 13:30:00+00:00,243.58999633789062,244.72999572753906,243.47999572753906,244.66000366210938,212.64047241210938,65123800,2017-06-19
2017-06-20 13:30:00+00:00,244.25,244.25999450683594,242.99000549316406,243.00999450683594,211.20640563964844,56906400,2017-06-20
2017-06-21 13:30:00+00:00,243.4600067138672,243.58999633789062,242.41000366210938,242.9499969482422,211.15423583984375,55977600,2017-06-21
2017-06-22 13:30:00+00:00,242.9600067138672,243.52999877929688,242.63999938964844,242.83999633789062,211.05862426757812,44148100,2017-06-22
2017-06-23 13:30:00+00:00,242.91000366210938,243.50999450683594,242.47000122070312,243.1300048828125,211.31072998046875,66986800,2017-06-23
2017-06-26 13:30:00+00:00,243.89999389648438,244.3800048828125,243.0500030517578,243.2899932861328,211.44970703125,56700500,2017-06-26
2017-06-27 13:30:00+00:00,243.0399932861328,243.3800048828125,241.30999755859375,241.3300018310547,209.7462615966797,82247700,2017-06-27
2017-06-28 13:30:00+00:00,242.5,243.72000122070312,242.22999572753906,243.49000549316406,211.62356567382812,70042600,2017-06-28
2017-06-29 13:30:00+00:00,243.66000366210938,243.72000122070312,239.9600067138672,241.35000610351562,209.76364135742188,106949700,2017-06-29
2017-06-30 13:30:00+00:00,242.27999877929688,242.7100067138672,241.5800018310547,241.8000030517578,210.15472412109375,86820700,2017-06-30
2017-07-03 13:30:00+00:00,242.8800048828125,243.3800048828125,242.2100067138672,242.2100067138672,210.5111083984375,39153800,2017-07-03
2017-07-05 13:30:00+00:00,242.6300048828125,243.00999450683594,241.6999969482422,242.77000427246094,210.99778747558594,54427600,2017-07-05
2017-07-06 13:30:00+00:00,241.88999938964844,242.02999877929688,240.33999633789062,240.5500030517578,209.06838989257812,65400800,2017-07-06
2017-07-07 13:30:00+00:00,241.2100067138672,242.27999877929688,240.55999755859375,242.11000061035156,210.4241485595703,57972300,2017-07-07
2017-07-10 13:30:00+00:00,242.11000061035156,242.8000030517578,241.75999450683594,242.3699951171875,210.65011596679688,36663300,2017-07-10
2017-07-11 13:30:00+00:00,242.3699951171875,242.5500030517578,240.85000610351562,242.19000244140625,210.4937744140625,50354600,2017-07-11
2017-07-12 13:30:00+00:00,243.3000030517578,244.1999969482422,243.3000030517578,244.00999450683594,212.07550048828125,59610400,2017-07-12
2017-07-13 13:30:00+00:00,244.02000427246094,244.5500030517578,243.75999450683594,244.4199981689453,212.431884765625,39471600,2017-07-13
2017-07-14 13:30:00+00:00,244.4199981689453,245.97000122070312,244.30999755859375,245.55999755859375,213.4226837158203,60262700,2017-07-14
2017-07-17 13:30:00+00:00,245.47000122070312,245.91000366210938,245.3300018310547,245.52999877929688,213.39654541015625,33531900,2017-07-17
2017-07-18 13:30:00+00:00,245.05999755859375,245.72000122070312,244.6699981689453,245.66000366210938,213.5095672607422,42742500,2017-07-18
2017-07-19 13:30:00+00:00,246.02000427246094,247.0,246.00999450683594,246.99000549316406,214.66554260253906,51034300,2017-07-19
2017-07-20 13:30:00+00:00,247.27999877929688,247.4199981689453,246.47000122070312,247.10000610351562,214.7611083984375,47135200,2017-07-20
2017-07-21 13:30:00+00:00,246.44000244140625,246.91000366210938,246.17999267578125,246.8800048828125,214.56996154785156,82340800,2017-07-21
2017-07-24 13:30:00+00:00,246.7899932861328,246.97999572753906,246.27999877929688,246.82000732421875,214.51771545410156,46622300,2017-07-24
2017-07-25 13:30:00+00:00,247.67999267578125,247.8000030517578,247.16000366210938,247.4199981689453,215.03921508789062,54915600,2017-07-25
2017-07-26 13:30:00+00:00,247.75,247.7899932861328,247.1300048828125,247.42999267578125,215.04795837402344,47575400,2017-07-26
2017-07-27 13:30:00+00:00,247.9600067138672,248.0,245.67999267578125,247.1999969482422,214.84800720214844,70766600,2017-07-27
2017-07-28 13:30:00+00:00,246.64999389648438,247.05999755859375,246.1300048828125,246.91000366210938,214.59593200683594,50088400,2017-07-28
2017-07-31 13:30:00+00:00,247.3699951171875,247.47999572753906,246.52999877929688,246.77000427246094,214.47433471679688,65838700,2017-07-31
2017-08-01 13:30:00+00:00,247.4600067138672,247.5,246.72000122070312,247.32000732421875,214.9523162841797,55050400,2017-08-01
2017-08-02 13:30:00+00:00,247.47000122070312,247.60000610351562,246.3699951171875,247.44000244140625,215.05662536621094,47211200,2017-08-02
2017-08-03 13:30:00+00:00,247.30999755859375,247.33999633789062,246.63999938964844,246.9600067138672,214.6394500732422,40856000,2017-08-03
2017-08-04 13:30:00+00:00,247.52000427246094,247.7899932861328,246.97000122070312,247.41000366210938,215.03053283691406,60191800,2017-08-04
2017-08-07 13:30:00+00:00,247.49000549316406,247.8699951171875,247.3699951171875,247.8699951171875,215.43032836914062,31995000,2017-08-07
2017-08-08 13:30:00+00:00,247.50999450683594,248.91000366210938,246.8300018310547,247.25999450683594,214.90017700195312,61719400,2017-08-08
2017-08-09 13:30:00+00:00,246.47000122070312,247.30999755859375,246.05999755859375,247.25,214.8914794921875,62632600,2017-08-09
2017-08-10 13:30:00+00:00,246.2899932861328,246.44000244140625,243.6999969482422,243.75999450683594,211.85824584960938,120479500,2017-08-10
2017-08-11 13:30:00+00:00,244.02000427246094,244.8000030517578,243.75,244.1199951171875,212.171142578125,74869900,2017-08-11
2017-08-14 13:30:00+00:00,245.58999633789062,246.7899932861328,245.5500030517578,246.5399932861328,214.2744140625,73291900,2017-08-14
2017-08-15 13:30:00+00:00,246.97999572753906,247.0,246.16000366210938,246.50999450683594,214.2483673095703,55242700,2017-08-15
2017-08-16 13:30:00+00:00,247.11000061035156,247.57000732421875,246.4499969482422,246.94000244140625,214.62208557128906,56715500,2017-08-16
2017-08-17 13:30:00+00:00,246.24000549316406,246.60000610351562,243.08999633789062,243.08999633789062,211.27587890625,128490400,2017-08-17
2017-08-18 13:30:00+00:00,242.89999389648438,244.19000244140625,242.1999969482422,242.7100067138672,210.94564819335938,136748000,2017-08-18
2017-08-21 13:30:00+00:00,242.63999938964844,243.1999969482422,241.8300018310547,242.89999389648438,211.11080932617188,65469700,2017-08-21
2017-08-22 13:30:00+00:00,243.57000732421875,245.6199951171875,243.5500030517578,245.44000244140625,213.31832885742188,63140100,2017-08-22
2017-08-23 13:30:00+00:00,244.3300018310547,245.0500030517578,244.16000366210938,244.55999755859375,212.5535430908203,50203800,2017-08-23
2017-08-24 13:30:00+00:00,245.0,245.17999267578125,243.75,243.99000549316406,212.05812072753906,50741700,2017-08-24
2017-08-25 13:30:00+00:00,244.89999389648438,245.61000061035156,244.38999938964844,244.55999755859375,212.5535430908203,64445900,2017-08-25
2017-08-28 13:30:00+00:00,245.1699981689453,245.1999969482422,244.08999633789062,244.57000732421875,212.56222534179688,40565600,2017-08-28
2017-08-29 13:30:00+00:00,243.05999755859375,245.14999389648438,242.92999267578125,244.85000610351562,212.8055877685547,51135700,2017-08-29
2017-08-30 13:30:00+00:00,244.8300018310547,246.32000732421875,244.6199951171875,246.00999450683594,213.81373596191406,62030800,2017-08-30
2017-08-31 13:30:00+00:00,246.72000122070312,247.77000427246094,246.0500030517578,247.49000549316406,215.1000518798828,103803900,2017-08-31
2017-09-01 13:30:00+00:00,247.9199981689453,248.3300018310547,247.6699981689453,247.83999633789062,215.40426635742188,62007000,2017-09-01
2017-09-05 13:30:00+00:00,247.25999450683594,247.52000427246094,244.9499969482422,246.05999755859375,213.8572540283203,91398800,2017-09-05
2017-09-06 13:30:00+00:00,246.83999633789062,247.27999877929688,246.22999572753906,246.89999389648438,214.5872344970703,57916900,2017-09-06
2017-09-07 13:30:00+00:00,247.25,247.27000427246094,246.39999389648438,246.8699951171875,214.56121826171875,58034700,2017-09-07
2017-09-08 13:30:00+00:00,246.5399932861328,247.11000061035156,246.3000030517578,246.5800018310547,214.30911254882812,63832800,2017-09-08
2017-09-11 13:30:00+00:00,248.0399932861328,249.3000030517578,248.02000427246094,249.2100067138672,216.59495544433594,71364800,2017-09-11
2017-09-12 13:30:00+00:00,249.6300048828125,250.08999633789062,249.4199981689453,250.0500030517578,217.3250732421875,56896000,2017-09-12
2017-09-13 13:30:00+00:00,249.72000122070312,250.2100067138672,249.58999633789062,250.1699981689453,217.4293212890625,59228000,2017-09-13
2017-09-14 13:30:00+00:00,249.8000030517578,250.32000732421875,249.60000610351562,250.08999633789062,217.35983276367188,95446300,2017-09-14
2017-09-15 13:30:00+00:00,248.69000244140625,249.2899932861328,248.57000732421875,249.19000244140625,217.6524200439453,95432400,2017-09-15
2017-09-18 13:30:00+00:00,249.61000061035156,250.1199951171875,249.27999877929688,249.72000122070312,218.11534118652344,46235200,2017-09-18
2017-09-19 13:30:00+00:00,250.0,250.07000732421875,249.60000610351562,249.97000122070312,218.33372497558594,47108100,2017-09-19
2017-09-20 13:30:00+00:00,250.07000732421875,250.19000244140625,248.9199981689453,250.05999755859375,218.4123077392578,59574100,2017-09-20
2017-09-21 13:30:00+00:00,249.8800048828125,249.97999572753906,249.19000244140625,249.38999938964844,217.82705688476562,48211400,2017-09-21
2017-09-22 13:30:00+00:00,249.0500030517578,249.6300048828125,249.02000427246094,249.44000244140625,217.87078857421875,51214000,2017-09-22
2017-09-25 13:30:00+00:00,249.14999389648438,249.5500030517578,248.0800018310547,248.92999267578125,217.4253387451172,57064400,2017-09-25
2017-09-26 13:30:00+00:00,249.4199981689453,249.6999969482422,248.80999755859375,249.0800018310547,217.5563507080078,54082000,2017-09-26
2017-09-27 13:30:00+00:00,249.8800048828125,250.49000549316406,248.8699951171875,250.0500030517578,218.4035186767578,81001400,2017-09-27
2017-09-28 13:30:00+00:00,249.72999572753906,250.44000244140625,249.6300048828125,250.35000610351562,218.66563415527344,44778800,2017-09-28
2017-09-29 13:30:00+00:00,250.33999633789062,251.32000732421875,250.1300048828125,251.22999572753906,219.43423461914062,85578000,2017-09-29
2017-10-02 13:30:00+00:00,251.49000549316406,252.32000732421875,251.2899932861328,252.32000732421875,220.38629150390625,59023000,2017-10-02
2017-10-03 13:30:00+00:00,252.32000732421875,252.88999938964844,252.22999572753906,252.86000061035156,220.85789489746094,66810200,2017-10-03
2017-10-04 13:30:00+00:00,252.69000244140625,253.44000244140625,252.55999755859375,253.16000366210938,221.12002563476562,55953600,2017-10-04
2017-10-05 13:30:00+00:00,253.5399932861328,254.67999267578125,253.1999969482422,254.66000366210938,222.43011474609375,63522800,2017-10-05
2017-10-06 13:30:00+00:00,254.14999389648438,254.6999969482422,253.85000610351562,254.3699951171875,222.1768341064453,80646000,2017-10-06
2017-10-09 13:30:00+00:00,254.6300048828125,254.6999969482422,253.64999389648438,253.9499969482422,221.80999755859375,35803100,2017-10-09
2017-10-10 13:30:00+00:00,254.60000610351562,255.0500030517578,253.97999572753906,254.6199951171875,222.39520263671875,43057400,2017-10-10
2017-10-11 13:30:00+00:00,254.50999450683594,255.02000427246094,254.32000732421875,255.02000427246094,222.74456787109375,47674300,2017-10-11
2017-10-12 13:30:00+00:00,254.66000366210938,255.05999755859375,254.3699951171875,254.63999938964844,222.41268920898438,47065100,2017-10-12
2017-10-13 13:30:00+00:00,255.13999938964844,255.27000427246094,254.63999938964844,254.9499969482422,222.68345642089844,54800400,2017-10-13
2017-10-16 13:30:00+00:00,255.2100067138672,255.50999450683594,254.82000732421875,255.2899932861328,222.9803924560547,38221700,2017-10-16
2017-10-17 13:30:00+00:00,255.22999572753906,255.52000427246094,254.97999572753906,255.47000122070312,223.13760375976562,31561000,2017-10-17
2017-10-18 13:30:00+00:00,255.89999389648438,255.9499969482422,255.5,255.72000122070312,223.3560028076172,40888300,2017-10-18
2017-10-19 13:30:00+00:00,254.8300018310547,255.8300018310547,254.35000610351562,255.7899932861328,223.41709899902344,61903800,2017-10-19
2017-10-20 13:30:00+00:00,256.70001220703125,257.1400146484375,255.77000427246094,257.1099853515625,224.57003784179688,89176400,2017-10-20
2017-10-23 13:30:00+00:00,257.4800109863281,257.510009765625,256.0199890136719,256.1099853515625,223.69662475585938,63915300,2017-10-23
2017-10-24 13:30:00+00:00,256.6000061035156,256.8299865722656,256.1499938964844,256.55999755859375,224.0896453857422,66935900,2017-10-24
2017-10-25 13:30:00+00:00,256.17999267578125,256.30999755859375,254.0,255.2899932861328,222.9803924560547,103715300,2017-10-25
2017-10-26 13:30:00+00:00,255.99000549316406,256.29998779296875,255.47999572753906,255.6199951171875,223.2686309814453,69798000,2017-10-26
2017-10-27 13:30:00+00:00,256.4700012207031,257.8900146484375,255.6300048828125,257.7099914550781,225.0940704345703,85562500,2017-10-27
2017-10-30 13:30:00+00:00,256.4700012207031,257.6000061035156,256.4100036621094,256.75,224.25558471679688,54285700,2017-10-30
2017-10-31 13:30:00+00:00,257.17999267578125,257.44000244140625,256.80999755859375,257.1499938964844,224.60499572753906,60304800,2017-10-31
2017-11-01 13:30:00+00:00,258.0400085449219,258.42999267578125,257.07000732421875,257.489990234375,224.90196228027344,54202700,2017-11-01
2017-11-02 13:30:00+00:00,257.4100036621094,257.75,256.19000244140625,257.5899963378906,224.9893035888672,56449500,2017-11-02
2017-11-03 13:30:00+00:00,257.7699890136719,258.5,257.29998779296875,258.45001220703125,225.7405242919922,59589700,2017-11-03
2017-11-06 14:30:00+00:00,258.29998779296875,259.0,258.2200012207031,258.8500061035156,226.08981323242188,49652600,2017-11-06
2017-11-07 14:30:00+00:00,258.9700012207031,259.3500061035156,258.0899963378906,258.6700134277344,225.93264770507812,57502200,2017-11-07
2017-11-08 14:30:00+00:00,258.4700012207031,259.2200012207031,258.1499938964844,259.1099853515625,226.31690979003906,50469600,2017-11-08
2017-11-09 14:30:00+00:00,257.7300109863281,258.3900146484375,256.3599853515625,258.1700134277344,225.4959259033203,95085500,2017-11-09
2017-11-10 14:30:00+00:00,257.7300109863281,258.2900085449219,257.3699951171875,258.0899963378906,225.4259796142578,59984700,2017-11-10
2017-11-13 14:30:00+00:00,257.30999755859375,258.5899963378906,257.2699890136719,258.3299865722656,225.6356201171875,50228600,2017-11-13
2017-11-14 14:30:00+00:00,257.4100036621094,257.8500061035156,256.5199890136719,257.7300109863281,225.1115264892578,61315200,2017-11-14
2017-11-15 14:30:00+00:00,256.6199951171875,257.2200012207031,255.6300048828125,256.44000244140625,223.98492431640625,80811500,2017-11-15
2017-11-16 14:30:00+00:00,257.5199890136719,259.0400085449219,257.4700012207031,258.6199951171875,225.88894653320312,67777000,2017-11-16
2017-11-17 14:30:00+00:00,258.2200012207031,258.5899963378906,257.7699890136719,257.8599853515625,225.2251434326172,75756800,2017-11-17
2017-11-20 14:30:00+00:00,258.1400146484375,258.5199890136719,257.8599853515625,258.29998779296875,225.60940551757812,48075500,2017-11-20
2017-11-21 14:30:00+00:00,259.17999267578125,260.20001220703125,258.260009765625,259.989990234375,227.08554077148438,69176800,2017-11-21
2017-11-22 14:30:00+00:00,260.0,260.1499938964844,259.57000732421875,259.760009765625,226.88470458984375,45033400,2017-11-22
2017-11-24 14:30:00+00:00,260.32000732421875,260.4800109863281,260.1600036621094,260.3599853515625,227.40872192382812,27856500,2017-11-24
2017-11-27 14:30:00+00:00,260.4100036621094,260.75,260.0,260.2300109863281,227.29519653320312,52274900,2017-11-27
2017-11-28 14:30:00+00:00,260.760009765625,262.8999938964844,260.6499938964844,262.8699951171875,229.60105895996094,98971700,2017-11-28
2017-11-29 14:30:00+00:00,263.0199890136719,263.6300048828125,262.20001220703125,262.7099914550781,229.4613037109375,77512100,2017-11-29
2017-11-30 14:30:00+00:00,263.760009765625,266.04998779296875,263.6700134277344,265.010009765625,231.47021484375,127894400,2017-11-30
2017-12-01 14:30:00+00:00,264.760009765625,265.30999755859375,260.760009765625,264.4599914550781,230.98977661132812,164390900,2017-12-01
2017-12-04 14:30:00+00:00,266.30999755859375,266.79998779296875,264.0799865722656,264.1400146484375,230.7103729248047,94040600,2017-12-04
2017-12-05 14:30:00+00:00,263.19000244140625,265.1499938964844,263.0400085449219,263.19000244140625,229.8805694580078,77994500,2017-12-05
2017-12-06 14:30:00+00:00,263.29998779296875,263.7300109863281,262.7099914550781,263.239990234375,229.92417907714844,75898600,2017-12-06
2017-12-07 14:30:00+00:00,264.07000732421875,264.42999267578125,262.94000244140625,264.07000732421875,230.64918518066406,77218600,2017-12-07
2017-12-08 14:30:00+00:00,265.1600036621094,265.5199890136719,264.0299987792969,265.510009765625,231.90696716308594,76563900,2017-12-08
2017-12-11 14:30:00+00:00,266.30999755859375,266.3800048828125,265.4800109863281,266.30999755859375,232.60569763183594,83077500,2017-12-11
2017-12-12 14:30:00+00:00,267.2099914550781,267.32000732421875,266.3500061035156,266.7799987792969,233.01620483398438,85195800,2017-12-12
2017-12-13 14:30:00+00:00,267.05999755859375,267.55999755859375,266.6499938964844,266.75,232.989990234375,102905400,2017-12-13
2017-12-14 14:30:00+00:00,267.0899963378906,267.2200012207031,265.6000061035156,265.6600036621094,232.03797912597656,100666700,2017-12-14
2017-12-15 14:30:00+00:00,265.45001220703125,267.0400085449219,265.3900146484375,266.510009765625,233.97023010253906,144610300,2017-12-15
2017-12-18 14:30:00+00:00,268.1000061035156,268.6000061035156,267.9800109863281,268.20001220703125,235.45387268066406,83653600,2017-12-18
2017-12-19 14:30:00+00:00,268.4800109863281,268.5299987792969,267.0899963378906,267.1700134277344,234.5496826171875,82382900,2017-12-19
2017-12-20 14:30:00+00:00,268.2699890136719,268.3299865722656,266.69000244140625,267.0299987792969,234.42674255371094,76751500,2017-12-20
2017-12-21 14:30:00+00:00,267.739990234375,268.3900146484375,267.29998779296875,267.5799865722656,234.90965270996094,67032300,2017-12-21
2017-12-22 14:30:00+00:00,267.6000061035156,267.6400146484375,266.8999938964844,267.510009765625,234.84814453125,78720900,2017-12-22
2017-12-26 14:30:00+00:00,267.04998779296875,267.44000244140625,266.8900146484375,267.19000244140625,234.56716918945312,45244400,2017-12-26
2017-12-27 14:30:00+00:00,267.3800048828125,267.7300109863281,267.010009765625,267.32000732421875,234.68138122558594,57751000,2017-12-27
2017-12-28 14:30:00+00:00,267.8900146484375,267.9200134277344,267.45001220703125,267.8699951171875,235.16416931152344,45116100,2017-12-28
2017-12-29 14:30:00+00:00,268.5299987792969,268.54998779296875,266.6400146484375,266.8599853515625,234.2774658203125,96007400,2017-12-29
2018-01-02 14:30:00+00:00,267.8399963378906,268.80999755859375,267.3999938964844,268.7699890136719,235.95425415039062,86655700,2018-01-02
2018-01-03 14:30:00+00:00,268.9599914550781,270.6400146484375,268.9599914550781,270.4700012207031,237.44671630859375,90070400,2018-01-03
2018-01-04 14:30:00+00:00,271.20001220703125,272.1600036621094,270.5400085449219,271.6099853515625,238.44754028320312,80636400,2018-01-04
2018-01-05 14:30:00+00:00,272.510009765625,273.55999755859375,271.95001220703125,273.4200134277344,240.0365447998047,83524000,2018-01-05
2018-01-08 14:30:00+00:00,273.30999755859375,274.1000061035156,272.9800109863281,273.9200134277344,240.4755401611328,57319200,2018-01-08
2018-01-09 14:30:00+00:00,274.3999938964844,275.25,274.0799865722656,274.5400085449219,241.01979064941406,57254000,2018-01-09
2018-01-10 14:30:00+00:00,273.67999267578125,274.4200134277344,272.9200134277344,274.1199951171875,240.65101623535156,69574300,2018-01-10
2018-01-11 14:30:00+00:00,274.75,276.1199951171875,274.55999755859375,276.1199951171875,242.40682983398438,62361500,2018-01-11
2018-01-12 14:30:00+00:00,276.4200134277344,278.1099853515625,276.0799865722656,277.9200134277344,243.9871063232422,90816100,2018-01-12
2018-01-16 14:30:00+00:00,279.3500061035156,280.0899963378906,276.17999267578125,276.9700012207031,243.15309143066406,106555100,2018-01-16
2018-01-17 14:30:00+00:00,278.0299987792969,280.04998779296875,276.9700012207031,279.6099853515625,245.4707794189453,113258800,2018-01-17
2018-01-18 14:30:00+00:00,279.4800109863281,279.9599914550781,278.5799865722656,279.1400146484375,245.05816650390625,100728000,2018-01-18
2018-01-19 14:30:00+00:00,279.79998779296875,280.4100036621094,279.1400146484375,280.4100036621094,246.1730194091797,140920100,2018-01-19
2018-01-22 14:30:00+00:00,280.1700134277344,282.69000244140625,280.1099853515625,282.69000244140625,248.17471313476562,91322400,2018-01-22
2018-01-23 14:30:00+00:00,282.739990234375,283.6199951171875,282.3699951171875,283.2900085449219,248.7014923095703,97084700,2018-01-23
2018-01-24 14:30:00+00:00,284.0199890136719,284.70001220703125,281.8399963378906,283.17999267578125,248.6049041748047,134816100,2018-01-24
2018-01-25 14:30:00+00:00,284.1600036621094,284.2699890136719,282.3999938964844,283.29998779296875,248.71029663085938,84587300,2018-01-25
2018-01-26 14:30:00+00:00,284.25,286.6300048828125,283.9599914550781,286.5799865722656,251.58969116210938,107743100,2018-01-26
2018-01-29 14:30:00+00:00,285.92999267578125,286.42999267578125,284.5,284.67999267578125,249.92172241210938,90118300,2018-01-29
2018-01-30 14:30:00+00:00,282.6000061035156,284.739990234375,281.2200012207031,281.760009765625,247.3583526611328,131796400,2018-01-30
2018-01-31 14:30:00+00:00,282.7300109863281,283.29998779296875,280.67999267578125,281.8999938964844,247.4811553955078,108364800,2018-01-31
2018-02-01 14:30:00+00:00,281.07000732421875,283.05999755859375,280.67999267578125,281.5799865722656,247.20030212402344,90102500,2018-02-01
2018-02-02 14:30:00+00:00,280.0799865722656,280.2300109863281,275.4100036621094,275.45001220703125,241.81875610351562,173174800,2018-02-02
2018-02-05 14:30:00+00:00,273.45001220703125,275.8500061035156,263.30999755859375,263.92999267578125,231.7052764892578,294681800,2018-02-05
2018-02-06 14:30:00+00:00,259.94000244140625,269.70001220703125,258.70001220703125,269.1300048828125,236.27035522460938,355026800,2018-02-06
2018-02-07 14:30:00+00:00,268.5,272.3599853515625,267.5799865722656,267.6700134277344,234.9885711669922,167376100,2018-02-07
2018-02-08 14:30:00+00:00,268.010009765625,268.1700134277344,257.5899963378906,257.6300048828125,226.17446899414062,246449500,2018-02-08
2018-02-09 14:30:00+00:00,260.79998779296875,263.6099853515625,252.9199981689453,261.5,229.5719451904297,283565300,2018-02-09
2018-02-12 14:30:00+00:00,263.8299865722656,267.010009765625,261.6600036621094,265.3399963378906,232.9430694580078,143736000,2018-02-12
2018-02-13 14:30:00+00:00,263.9700012207031,266.6199951171875,263.30999755859375,266.0,233.52243041992188,81223600,2018-02-13
2018-02-14 14:30:00+00:00,264.30999755859375,270.0,264.29998779296875,269.5899963378906,236.67417907714844,120735700,2018-02-14
2018-02-15 14:30:00+00:00,271.57000732421875,273.0400085449219,268.7699890136719,273.0299987792969,239.6941680908203,111200300,2018-02-15
2018-02-16 14:30:00+00:00,272.32000732421875,275.32000732421875,272.2699890136719,273.1099853515625,239.76438903808594,160420100,2018-02-16
2018-02-20 14:30:00+00:00,272.0299987792969,273.6700134277344,270.5,271.3999938964844,238.26318359375,86369700,2018-02-20
2018-02-21 14:30:00+00:00,271.8999938964844,274.7200012207031,269.94000244140625,270.04998779296875,237.0780029296875,98883700,2018-02-21
2018-02-22 14:30:00+00:00,271.1000061035156,273.04998779296875,269.6400146484375,270.3999938964844,237.3852996826172,110511300,2018-02-22
2018-02-23 14:30:00+00:00,271.7900085449219,274.7099914550781,271.25,274.7099914550781,241.16903686523438,92766400,2018-02-23
2018-02-26 14:30:00+00:00,275.92999267578125,278.010009765625,275.260009765625,277.8999938964844,243.96949768066406,86491400,2018-02-26
2018-02-27 14:30:00+00:00,278.1099853515625,278.9200134277344,274.3599853515625,274.42999267578125,240.92323303222656,99099200,2018-02-27
2018-02-28 14:30:00+00:00,275.67999267578125,276.19000244140625,271.2900085449219,271.6499938964844,238.48268127441406,121907800,2018-02-28
2018-03-01 14:30:00+00:00,271.4100036621094,273.1700134277344,266.0,267.70001220703125,235.01490783691406,176855100,2018-03-01
2018-03-02 14:30:00+00:00,265.79998779296875,269.7200012207031,264.82000732421875,269.0799865722656,236.2263641357422,139083200,2018-03-02
2018-03-05 14:30:00+00:00,267.7300109863281,272.8900146484375,267.6099853515625,272.19000244140625,238.95675659179688,97307400,2018-03-05
2018-03-06 14:30:00+00:00,273.29998779296875,273.3900146484375,271.17999267578125,272.8800048828125,239.5625,79213200,2018-03-06
2018-03-07 14:30:00+00:00,270.4200134277344,273.17999267578125,270.20001220703125,272.7799987792969,239.4746856689453,87063500,2018-03-07
2018-03-08 14:30:00+00:00,273.54998779296875,274.239990234375,272.4200134277344,274.1000061035156,240.6334991455078,66901200,2018-03-08
2018-03-09 14:30:00+00:00,275.70001220703125,278.8699951171875,275.3399963378906,278.8699951171875,244.82115173339844,113625300,2018-03-09
2018-03-12 13:30:00+00:00,279.20001220703125,279.9100036621094,278.0799865722656,278.5199890136719,244.51390075683594,71924800,2018-03-12
2018-03-13 13:30:00+00:00,279.8399963378906,280.4100036621094,276.0299987792969,276.7200012207031,242.93365478515625,91968900,2018-03-13
2018-03-14 13:30:00+00:00,277.80999755859375,278.0199890136719,274.6700134277344,275.29998779296875,241.68698120117188,105895100,2018-03-14
2018-03-15 13:30:00+00:00,275.8800048828125,276.6099853515625,274.42999267578125,275.0,241.42364501953125,83433000,2018-03-15
2018-03-16 13:30:00+00:00,274.5,275.3900146484375,274.1400146484375,274.20001220703125,241.6854705810547,100343700,2018-03-16
2018-03-19 13:30:00+00:00,273.3500061035156,274.3999938964844,268.6199951171875,270.489990234375,238.4154052734375,109208400,2018-03-19
2018-03-20 13:30:00+00:00,270.94000244140625,271.6700134277344,270.17999267578125,270.95001220703125,238.8207244873047,59757300,2018-03-20
2018-03-21 13:30:00+00:00,270.8999938964844,273.2699890136719,270.19000244140625,270.42999267578125,238.36244201660156,78709600,2018-03-21
2018-03-22 13:30:00+00:00,267.9100036621094,268.8699951171875,263.3599853515625,263.6700134277344,232.4040985107422,148785900,2018-03-22
2018-03-23 13:30:00+00:00,264.1700134277344,264.5400085449219,257.8299865722656,258.04998779296875,227.45040893554688,183534800,2018-03-23
2018-03-26 13:30:00+00:00,262.1300048828125,265.42999267578125,259.4100036621094,265.1099853515625,233.67327880859375,141956100,2018-03-26
2018-03-27 13:30:00+00:00,266.1700134277344,266.7699890136719,258.8399963378906,260.6000061035156,229.69815063476562,129941400,2018-03-27
2018-03-28 13:30:00+00:00,260.75,262.6400146484375,258.5799865722656,259.8299865722656,229.0194091796875,146452300,2018-03-28
2018-03-29 13:30:00+00:00,261.1199951171875,265.260009765625,259.8399963378906,263.1499938964844,231.94570922851562,111601600,2018-03-29
2018-04-02 13:30:00+00:00,262.54998779296875,263.1300048828125,254.6699981689453,257.4700012207031,226.9392852783203,186286300,2018-04-02
2018-04-03 13:30:00+00:00,258.8699951171875,261.30999755859375,256.8399963378906,260.7699890136719,229.84796142578125,119956900,2018-04-03
2018-04-04 13:30:00+00:00,256.75,264.3599853515625,256.6000061035156,263.55999755859375,232.30709838867188,123715300,2018-04-04
2018-04-05 13:30:00+00:00,265.54998779296875,266.6400146484375,264.32000732421875,265.6400146484375,234.14048767089844,82652600,2018-04-05
2018-04-06 13:30:00+00:00,263.4200134277344,265.1099853515625,258.0,259.7200012207031,228.92245483398438,179521200,2018-04-06
2018-04-09 13:30:00+00:00,261.3699951171875,264.8399963378906,259.94000244140625,261.0,230.05068969726562,105442900,2018-04-09
2018-04-10 13:30:00+00:00,264.2699890136719,266.0400085449219,262.9800109863281,265.1499938964844,233.70851135253906,103529000,2018-04-10
2018-04-11 13:30:00+00:00,263.4700012207031,265.6400146484375,263.3900146484375,263.760009765625,232.48338317871094,91140200,2018-04-11
2018-04-12 13:30:00+00:00,265.260009765625,267.0,265.05999755859375,265.92999267578125,234.39610290527344,68890500,2018-04-12
2018-04-13 13:30:00+00:00,267.4100036621094,267.5400085449219,264.010009765625,265.1499938964844,233.70851135253906,85079200,2018-04-13
2018-04-16 13:30:00+00:00,267.0,268.20001220703125,266.07000732421875,267.3299865722656,235.6300506591797,63405300,2018-04-16
2018-04-17 13:30:00+00:00,269.3299865722656,270.8699951171875,268.75,270.19000244140625,238.1509246826172,64682000,2018-04-17
2018-04-18 13:30:00+00:00,270.69000244140625,271.29998779296875,269.8699951171875,270.3900146484375,238.32723999023438,57303900,2018-04-18
2018-04-19 13:30:00+00:00,269.6499938964844,269.8800048828125,267.7200012207031,268.8900146484375,237.005126953125,77655900,2018-04-19
2018-04-20 13:30:00+00:00,268.80999755859375,269.05999755859375,265.6099853515625,266.6099853515625,234.9954376220703,99953100,2018-04-20
2018-04-23 13:30:00+00:00,267.260009765625,267.8900146484375,265.3500061035156,266.57000732421875,234.96014404296875,65558000,2018-04-23
2018-04-24 13:30:00+00:00,267.7300109863281,267.9800109863281,261.2799987792969,262.9800109863281,231.7958984375,112885500,2018-04-24
2018-04-25 13:30:00+00:00,262.9100036621094,264.1300048828125,260.8500061035156,263.6300048828125,232.3687744140625,103840900,2018-04-25
2018-04-26 13:30:00+00:00,264.7900085449219,267.25,264.2900085449219,266.30999755859375,234.73101806640625,67731900,2018-04-26
2018-04-27 13:30:00+00:00,267.0,267.3399963378906,265.5,266.55999755859375,234.95140075683594,57053600,2018-04-27
2018-04-30 13:30:00+00:00,267.260009765625,267.8900146484375,264.42999267578125,264.510009765625,233.1444854736328,82182300,2018-04-30
2018-05-01 13:30:00+00:00,263.8699951171875,265.1000061035156,262.1099853515625,264.9800109863281,233.5587615966797,74203400,2018-05-01
2018-05-02 13:30:00+00:00,264.760009765625,265.67999267578125,262.760009765625,263.20001220703125,231.98985290527344,86368900,2018-05-02
2018-05-03 13:30:00+00:00,262.260009765625,263.3599853515625,259.04998779296875,262.6199951171875,231.4785614013672,136311500,2018-05-03
2018-05-04 13:30:00+00:00,261.5199890136719,266.7900085449219,261.1499938964844,266.0199890136719,234.47532653808594,91222100,2018-05-04
2018-05-07 13:30:00+00:00,266.8900146484375,268.0199890136719,266.1099853515625,266.9200134277344,235.26870727539062,55304900,2018-05-07
2018-05-08 13:30:00+00:00,266.5,267.3299865722656,265.1499938964844,266.9200134277344,235.26870727539062,67499200,2018-05-08
2018-05-09 13:30:00+00:00,267.67999267578125,269.8699951171875,267.0899963378906,269.5,237.5427703857422,59666100,2018-05-09
2018-05-10 13:30:00+00:00,270.3399963378906,272.3900146484375,270.2200012207031,272.0199890136719,239.76394653320312,72063900,2018-05-10
2018-05-11 13:30:00+00:00,272.1600036621094,273.1499938964844,271.5799865722656,272.8500061035156,240.49551391601562,59871500,2018-05-11
2018-05-14 13:30:00+00:00,273.3399963378906,274.0799865722656,272.3599853515625,272.9800109863281,240.610107421875,54790600,2018-05-14
2018-05-15 13:30:00+00:00,271.5899963378906,271.6099853515625,270.0299987792969,271.1000061035156,238.9530487060547,87036100,2018-05-15
2018-05-16 13:30:00+00:00,271.1400146484375,272.760009765625,271.1099853515625,272.239990234375,239.9578094482422,53942600,2018-05-16
2018-05-17 13:30:00+00:00,271.94000244140625,273.2300109863281,271.1300048828125,272.010009765625,239.75511169433594,56536400,2018-05-17
2018-05-18 13:30:00+00:00,271.6199951171875,272.0299987792969,270.92999267578125,271.3299865722656,239.15574645996094,64368000,2018-05-18
2018-05-21 13:30:00+00:00,273.010009765625,273.9800109863281,272.57000732421875,273.3699951171875,240.953857421875,58025900,2018-05-21
2018-05-22 13:30:00+00:00,273.9599914550781,274.25,272.239990234375,272.6099853515625,240.28392028808594,52966400,2018-05-22
2018-05-23 13:30:00+00:00,271.1700134277344,273.3900146484375,270.989990234375,273.3599853515625,240.9449920654297,64694200,2018-05-23
2018-05-24 13:30:00+00:00,272.9100036621094,273.2200012207031,270.7799987792969,272.79998779296875,240.45135498046875,76043800,2018-05-24
2018-05-25 13:30:00+00:00,272.1499938964844,272.8599853515625,271.5799865722656,272.1499938964844,239.8784942626953,56374800,2018-05-25
2018-05-29 13:30:00+00:00,270.30999755859375,271.1700134277344,267.760009765625,269.0199890136719,237.1196746826172,115908600,2018-05-29
2018-05-30 13:30:00+00:00,270.5,273.1099853515625,270.4200134277344,272.6099853515625,240.28392028808594,69678400,2018-05-30
2018-05-31 13:30:00+00:00,272.1499938964844,272.489990234375,270.260009765625,270.94000244140625,238.8119659423828,93519900,2018-05-31
2018-06-01 13:30:00+00:00,272.4100036621094,273.94000244140625,272.3299865722656,273.6000061035156,241.1565399169922,71258400,2018-06-01
2018-06-04 13:30:00+00:00,274.5299987792969,275.19000244140625,274.260009765625,274.8999938964844,242.30239868164062,45385200,2018-06-04
2018-06-05 13:30:00+00:00,275.04998779296875,275.5299987792969,274.17999267578125,275.1000061035156,242.47872924804688,51135000,2018-06-05
2018-06-06 13:30:00+00:00,275.7900085449219,277.5199890136719,275.0899963378906,277.3999938964844,244.50595092773438,62732200,2018-06-06
2018-06-07 13:30:00+00:00,277.95001220703125,278.2799987792969,276.3399963378906,277.3699951171875,244.4794921875,72969400,2018-06-07
2018-06-08 13:30:00+00:00,276.8500061035156,278.25,276.6600036621094,278.19000244140625,245.20233154296875,72139700,2018-06-08
2018-06-11 13:30:00+00:00,278.44000244140625,279.3699951171875,278.30999755859375,278.55999755859375,245.52842712402344,58892500,2018-06-11
2018-06-12 13:30:00+00:00,279.0299987792969,279.3299865722656,278.19000244140625,278.9200134277344,245.8456573486328,72329000,2018-06-12
2018-06-13 13:30:00+00:00,279.19000244140625,279.4800109863281,277.79998779296875,278.0299987792969,245.0612335205078,79070600,2018-06-13
2018-06-14 13:30:00+00:00,279.010009765625,279.3299865722656,278.05999755859375,278.7300109863281,245.67825317382812,77097600,2018-06-14
2018-06-15 13:30:00+00:00,276.6000061035156,277.510009765625,275.3500061035156,277.1300048828125,245.3648681640625,120041600,2018-06-15
2018-06-18 13:30:00+00:00,275.489990234375,276.70001220703125,274.95001220703125,276.55999755859375,244.8601531982422,52917600,2018-06-18
2018-06-19 13:30:00+00:00,274.0,275.75,273.5299987792969,275.5,243.92172241210938,97531500,2018-06-19
2018-06-20 13:30:00+00:00,276.2699890136719,276.7200012207031,275.5899963378906,275.9700012207031,244.33773803710938,53785500,2018-06-20
2018-06-21 13:30:00+00:00,275.9599914550781,275.9800109863281,273.67999267578125,274.239990234375,242.80613708496094,71061400,2018-06-21
2018-06-22 13:30:00+00:00,275.6600036621094,275.7900085449219,274.489990234375,274.739990234375,243.24876403808594,54898500,2018-06-22
2018-06-25 13:30:00+00:00,273.44000244140625,273.6199951171875,269.1000061035156,271.0,239.93748474121094,137854200,2018-06-25
2018-06-26 13:30:00+00:00,271.6400146484375,272.55999755859375,270.7900085449219,271.6000061035156,240.46871948242188,68547400,2018-06-26
2018-06-27 13:30:00+00:00,272.260009765625,273.8699951171875,269.17999267578125,269.3500061035156,238.47659301757812,105110700,2018-06-27
2018-06-28 13:30:00+00:00,269.2900085449219,271.75,268.489990234375,270.8900146484375,239.84011840820312,76650500,2018-06-28
2018-06-29 13:30:00+00:00,272.1199951171875,273.6600036621094,271.1499938964844,271.2799987792969,240.18536376953125,97592500,2018-06-29
2018-07-02 13:30:00+00:00,269.510009765625,272.0400085449219,269.239990234375,271.8599853515625,240.69886779785156,63554800,2018-07-02
2018-07-03 13:30:00+00:00,272.8699951171875,272.9800109863281,270.4200134277344,270.8999938964844,239.8489227294922,42187100,2018-07-03
2018-07-05 13:30:00+00:00,272.1700134277344,273.17999267578125,270.9599914550781,273.1099853515625,241.80564880371094,56925900,2018-07-05
2018-07-06 13:30:00+00:00,273.1400146484375,275.8399963378906,272.7099914550781,275.4200134277344,243.850830078125,66493700,2018-07-06
2018-07-09 13:30:00+00:00,276.54998779296875,277.9599914550781,276.5,277.8999938964844,246.0465087890625,50550400,2018-07-09
2018-07-10 13:30:00+00:00,278.4100036621094,279.010009765625,278.0799865722656,278.8999938964844,246.9319305419922,51966800,2018-07-10
2018-07-11 13:30:00+00:00,277.1499938964844,278.0400085449219,276.5199890136719,276.8599853515625,245.12570190429688,77054700,2018-07-11
2018-07-12 13:30:00+00:00,278.2799987792969,279.42999267578125,277.6000061035156,279.3699951171875,247.34812927246094,60124700,2018-07-12
2018-07-13 13:30:00+00:00,279.1700134277344,279.92999267578125,278.6600036621094,279.5899963378906,247.54290771484375,48216000,2018-07-13
2018-07-16 13:30:00+00:00,279.6400146484375,279.79998779296875,278.8399963378906,279.3399963378906,247.321533203125,48201000,2018-07-16
2018-07-17 13:30:00+00:00,278.4700012207031,280.9100036621094,278.4100036621094,280.4700012207031,248.32196044921875,52315500,2018-07-17
2018-07-18 13:30:00+00:00,280.55999755859375,281.17999267578125,280.05999755859375,281.05999755859375,248.8443603515625,44593500,2018-07-18
2018-07-19 13:30:00+00:00,280.30999755859375,280.739990234375,279.4599914550781,280.0,247.90586853027344,61412100,2018-07-19
2018-07-20 13:30:00+00:00,279.7699890136719,280.4800109863281,279.5,279.67999267578125,247.62258911132812,82337700,2018-07-20
2018-07-23 13:30:00+00:00,279.45001220703125,280.42999267578125,279.05999755859375,280.20001220703125,248.0829620361328,47047600,2018-07-23
2018-07-24 13:30:00+00:00,281.7900085449219,282.55999755859375,280.6300048828125,281.6099853515625,249.3313751220703,68026900,2018-07-24
2018-07-25 13:30:00+00:00,281.3299865722656,284.3699951171875,281.2799987792969,284.010009765625,251.45623779296875,78882900,2018-07-25
2018-07-26 13:30:00+00:00,283.20001220703125,284.1099853515625,283.0899963378906,283.3399963378906,250.86305236816406,57919500,2018-07-26
2018-07-27 13:30:00+00:00,283.7099914550781,283.82000732421875,280.3800048828125,281.4200134277344,249.16314697265625,76768700,2018-07-27
2018-07-30 13:30:00+00:00,281.510009765625,281.69000244140625,279.3599853515625,279.95001220703125,247.8616485595703,63742500,2018-07-30
2018-07-31 13:30:00+00:00,280.80999755859375,282.0199890136719,280.3800048828125,281.3299865722656,249.08338928222656,68570500,2018-07-31
2018-08-01 13:30:00+00:00,281.55999755859375,282.1300048828125,280.1300048828125,280.8599853515625,248.66722106933594,53853300,2018-08-01
2018-08-02 13:30:00+00:00,279.3900146484375,282.5799865722656,279.1600036621094,282.3900146484375,250.02197265625,63426400,2018-08-02
2018-08-03 13:30:00+00:00,282.5299987792969,283.6600036621094,282.3299865722656,283.6000061035156,251.09323120117188,53935400,2018-08-03
2018-08-06 13:30:00+00:00,283.6400146484375,284.989990234375,283.20001220703125,284.6400146484375,252.01406860351562,39400900,2018-08-06
2018-08-07 13:30:00+00:00,285.3900146484375,286.010009765625,285.239990234375,285.5799865722656,252.8463592529297,43196600,2018-08-07
2018-08-08 13:30:00+00:00,285.3900146484375,285.9100036621094,284.94000244140625,285.4599914550781,252.7400360107422,42114600,2018-08-08
2018-08-09 13:30:00+00:00,285.5299987792969,285.9700012207031,284.9200134277344,285.07000732421875,252.39471435546875,35717000,2018-08-09
2018-08-10 13:30:00+00:00,283.45001220703125,284.05999755859375,282.3599853515625,283.1600036621094,250.70367431640625,77076000,2018-08-10
2018-08-13 13:30:00+00:00,283.4700012207031,284.1600036621094,281.7699890136719,282.1000061035156,249.76513671875,65732900,2018-08-13
2018-08-14 13:30:00+00:00,282.9200134277344,284.1700134277344,282.4800109863281,283.8999938964844,251.3588104248047,43842000,2018-08-14
2018-08-15 13:30:00+00:00,282.3800048828125,282.5400085449219,280.1600036621094,281.7799987792969,249.48187255859375,102925400,2018-08-15
2018-08-16 13:30:00+00:00,283.3999938964844,285.0400085449219,283.3599853515625,284.05999755859375,251.50050354003906,69967900,2018-08-16
2018-08-17 13:30:00+00:00,283.8299865722656,285.55999755859375,283.3699951171875,285.05999755859375,252.3859100341797,65618500,2018-08-17
2018-08-20 13:30:00+00:00,285.57000732421875,285.9700012207031,285.05999755859375,285.6700134277344,252.9259490966797,39807500,2018-08-20
2018-08-21 13:30:00+00:00,286.25,287.30999755859375,285.7099914550781,286.3399963378906,253.51914978027344,67272000,2018-08-21
2018-08-22 13:30:00+00:00,285.8800048828125,286.760009765625,285.5799865722656,286.1700134277344,253.36866760253906,44993300,2018-08-22
2018-08-23 13:30:00+00:00,285.9700012207031,286.94000244140625,285.42999267578125,285.7900085449219,253.03231811523438,49204900,2018-08-23
2018-08-24 13:30:00+00:00,286.44000244140625,287.6700134277344,286.3800048828125,287.510009765625,254.55508422851562,57487400,2018-08-24
2018-08-27 13:30:00+00:00,288.8599853515625,289.8999938964844,288.67999267578125,289.7799987792969,256.5648498535156,57072400,2018-08-27
2018-08-28 13:30:00+00:00,290.29998779296875,290.4200134277344,289.3999938964844,289.9200134277344,256.6889953613281,46943500,2018-08-28
2018-08-29 13:30:00+00:00,290.1600036621094,291.739990234375,289.8900146484375,291.4800109863281,258.0700378417969,61485500,2018-08-29
2018-08-30 13:30:00+00:00,290.94000244140625,291.3599853515625,289.6300048828125,290.29998779296875,257.0252685546875,61229500,2018-08-30
2018-08-31 13:30:00+00:00,289.8399963378906,290.80999755859375,289.2900085449219,290.30999755859375,257.0341491699219,66140800,2018-08-31
2018-09-04 13:30:00+00:00,289.8399963378906,290.2099914550781,288.67999267578125,289.80999755859375,256.5914306640625,57594400,2018-09-04
2018-09-05 13:30:00+00:00,289.4100036621094,289.6400146484375,287.8900146484375,289.0299987792969,255.90078735351562,72452400,2018-09-05
2018-09-06 13:30:00+00:00,289.1499938964844,289.489990234375,287.0,288.1600036621094,255.1305694580078,65909900,2018-09-06
2018-09-07 13:30:00+00:00,286.9800109863281,288.70001220703125,286.7099914550781,287.6000061035156,254.634765625,73524800,2018-09-07
2018-09-10 13:30:00+00:00,288.739990234375,289.0400085449219,287.8800048828125,288.1000061035156,255.077392578125,50210900,2018-09-10
2018-09-11 13:30:00+00:00,287.3699951171875,289.54998779296875,286.9800109863281,289.04998779296875,255.9185028076172,50530500,2018-09-11
2018-09-12 13:30:00+00:00,289.05999755859375,289.79998779296875,288.2300109863281,289.1199951171875,255.98046875,59810800,2018-09-12
2018-09-13 13:30:00+00:00,290.32000732421875,291.0400085449219,290.0,290.8299865722656,257.4944763183594,51034200,2018-09-13
2018-09-14 13:30:00+00:00,291.05999755859375,291.2699890136719,290.0,290.8800048828125,257.5387268066406,55079900,2018-09-14
2018-09-17 13:30:00+00:00,290.82000732421875,290.8599853515625,289.0299987792969,289.3399963378906,256.1752624511719,68244000,2018-09-17
2018-09-18 13:30:00+00:00,289.5799865722656,291.5799865722656,289.54998779296875,290.9100036621094,257.5653381347656,61930400,2018-09-18
2018-09-19 13:30:00+00:00,290.9700012207031,291.69000244140625,290.8299865722656,291.2200012207031,257.8398132324219,49080600,2018-09-19
2018-09-20 13:30:00+00:00,292.6400146484375,293.94000244140625,291.239990234375,293.5799865722656,259.9292907714844,100360600,2018-09-20
2018-09-21 13:30:00+00:00,293.0899963378906,293.2200012207031,291.80999755859375,291.989990234375,259.69183349609375,105479700,2018-09-21
2018-09-24 13:30:00+00:00,291.3399963378906,291.5,290.3699951171875,291.0199890136719,258.8291320800781,53409600,2018-09-24
2018-09-25 13:30:00+00:00,291.5299987792969,291.6499938964844,290.4800109863281,290.75,258.5889892578125,44370000,2018-09-25
2018-09-26 13:30:00+00:00,290.9100036621094,292.239990234375,289.4100036621094,289.8800048828125,257.81524658203125,79739700,2018-09-26
2018-09-27 13:30:00+00:00,290.4100036621094,291.9100036621094,290.1000061035156,290.69000244140625,258.5357360839844,59249500,2018-09-27
2018-09-28 13:30:00+00:00,289.989990234375,291.2799987792969,289.95001220703125,290.7200012207031,258.5623474121094,70091400,2018-09-28
2018-10-01 13:30:00+00:00,292.1099853515625,292.92999267578125,290.9800109863281,291.7300109863281,259.46063232421875,62078900,2018-10-01
2018-10-02 13:30:00+00:00,291.55999755859375,292.3599853515625,291.1400146484375,291.55999755859375,259.3093566894531,47258200,2018-10-02
2018-10-03 13:30:00+00:00,292.739990234375,293.2099914550781,291.32000732421875,291.7200012207031,259.4516906738281,64694600,2018-10-03
2018-10-04 13:30:00+00:00,291.17999267578125,291.239990234375,287.6600036621094,289.44000244140625,257.42388916015625,111545900,2018-10-04
2018-10-05 13:30:00+00:00,289.69000244140625,290.2699890136719,286.2200012207031,287.82000732421875,255.9830780029297,105951700,2018-10-05
2018-10-08 13:30:00+00:00,287.04998779296875,288.2200012207031,285.5,287.82000732421875,255.9830780029297,87742200,2018-10-08
2018-10-09 13:30:00+00:00,287.3900146484375,288.8599853515625,286.7699890136719,287.3999938964844,255.60958862304688,74339000,2018-10-09
2018-10-10 13:30:00+00:00,286.8299865722656,286.9100036621094,277.8800048828125,278.29998779296875,247.51608276367188,214731000,2018-10-10
2018-10-11 13:30:00+00:00,277.0799865722656,278.8999938964844,270.3599853515625,272.1700134277344,242.06419372558594,274840500,2018-10-11
2018-10-12 13:30:00+00:00,276.7699890136719,277.0899963378906,272.3699951171875,275.95001220703125,245.42605590820312,183186500,2018-10-12
2018-10-15 13:30:00+00:00,275.54998779296875,277.0400085449219,274.29998779296875,274.3999938964844,244.04750061035156,102263700,2018-10-15
2018-10-16 13:30:00+00:00,276.6000061035156,280.82000732421875,276.07000732421875,280.3999938964844,249.38389587402344,118255800,2018-10-16
2018-10-17 13:30:00+00:00,280.44000244140625,281.1499938964844,277.55999755859375,280.45001220703125,249.42831420898438,110626000,2018-10-17
2018-10-18 13:30:00+00:00,279.3999938964844,280.07000732421875,274.9700012207031,276.3999938964844,245.82640075683594,134557500,2018-10-18
2018-10-19 13:30:00+00:00,277.1300048828125,279.29998779296875,275.4700012207031,276.25,245.69288635253906,139901600,2018-10-19
2018-10-22 13:30:00+00:00,277.0,277.3599853515625,274.4100036621094,275.010009765625,244.59002685546875,82415800,2018-10-22
2018-10-23 13:30:00+00:00,270.95001220703125,274.8699951171875,268.6099853515625,273.6099853515625,243.3448944091797,146352700,2018-10-23
2018-10-24 13:30:00+00:00,273.3299865722656,273.760009765625,264.70001220703125,265.32000732421875,235.971923828125,177806700,2018-10-24
2018-10-25 13:30:00+00:00,267.3800048828125,271.80999755859375,266.2300109863281,270.0799865722656,240.20542907714844,138061500,2018-10-25
2018-10-26 13:30:00+00:00,265.9200134277344,271.0,262.2900085449219,265.3299865722656,235.9807891845703,201574600,2018-10-26
2018-10-29 13:30:00+00:00,268.79998779296875,270.25,259.8500061035156,263.8599853515625,234.67337036132812,160749100,2018-10-29
2018-10-30 13:30:00+00:00,263.6700134277344,268.1199951171875,263.1199951171875,267.7699890136719,238.15093994140625,157116000,2018-10-30
2018-10-31 13:30:00+00:00,270.6499938964844,273.2300109863281,270.1199951171875,270.6300048828125,240.694580078125,128296300,2018-10-31
2018-11-01 13:30:00+00:00,271.6000061035156,273.7300109863281,270.3800048828125,273.510009765625,243.2560272216797,99495000,2018-11-01
2018-11-02 13:30:00+00:00,274.75,275.2300109863281,269.5899963378906,271.8900146484375,241.81517028808594,122634100,2018-11-02
2018-11-05 14:30:00+00:00,272.44000244140625,274.010009765625,271.3500061035156,273.3900146484375,243.1492462158203,65622500,2018-11-05
2018-11-06 14:30:00+00:00,273.32000732421875,275.29998779296875,273.25,275.1199951171875,244.6879425048828,60085900,2018-11-06
2018-11-07 14:30:00+00:00,277.55999755859375,281.1000061035156,277.0799865722656,281.010009765625,249.9263458251953,102752100,2018-11-07
2018-11-08 14:30:00+00:00,280.1099853515625,281.2200012207031,279.2200012207031,280.5,249.4728546142578,65584900,2018-11-08
2018-11-09 14:30:00+00:00,279.0299987792969,279.239990234375,276.17999267578125,277.760009765625,247.035888671875,98812600,2018-11-09
2018-11-12 14:30:00+00:00,277.19000244140625,277.4599914550781,271.989990234375,272.57000732421875,242.4199676513672,99673600,2018-11-12
2018-11-13 14:30:00+00:00,273.0899963378906,275.3299865722656,271.25,272.05999755859375,241.96633911132812,98176600,2018-11-13
2018-11-14 14:30:00+00:00,274.1600036621094,274.6099853515625,268.45001220703125,270.20001220703125,240.3121337890625,125335900,2018-11-14
2018-11-15 14:30:00+00:00,268.7799987792969,273.5400085449219,267.010009765625,273.0199890136719,242.8201446533203,135101400,2018-11-15
2018-11-16 14:30:00+00:00,271.7900085449219,274.75,271.2099914550781,273.7300109863281,243.45172119140625,126668000,2018-11-16
2018-11-19 14:30:00+00:00,273.04998779296875,273.3800048828125,268.07000732421875,269.1000061035156,239.33377075195312,103061700,2018-11-19
2018-11-20 14:30:00+00:00,265.3599853515625,267.0,263.1499938964844,264.1199951171875,234.9046630859375,136021300,2018-11-20
2018-11-21 14:30:00+00:00,265.8599853515625,267.1499938964844,265.010009765625,265.0199890136719,235.705078125,75563700,2018-11-21
2018-11-23 14:30:00+00:00,263.17999267578125,264.82000732421875,263.07000732421875,263.25,234.1309051513672,42807900,2018-11-23
2018-11-26 14:30:00+00:00,265.7799987792969,267.75,265.3399963378906,267.5,237.91078186035156,79981400,2018-11-26
2018-11-27 14:30:00+00:00,266.3399963378906,268.3999938964844,265.6600036621094,268.3999938964844,238.711181640625,75502400,2018-11-27
2018-11-28 14:30:00+00:00,269.6000061035156,274.5799865722656,268.3299865722656,274.5799865722656,244.20761108398438,127629600,2018-11-28
2018-11-29 14:30:00+00:00,273.7099914550781,275.54998779296875,272.42999267578125,273.9800109863281,243.6739959716797,82346400,2018-11-29
2018-11-30 14:30:00+00:00,273.80999755859375,276.2799987792969,273.45001220703125,275.6499938964844,245.1593475341797,98204200,2018-11-30
2018-12-03 14:30:00+00:00,280.2799987792969,280.3999938964844,277.510009765625,279.29998779296875,248.4055938720703,103176300,2018-12-03
2018-12-04 14:30:00+00:00,278.3699951171875,278.8500061035156,269.8999938964844,270.25,240.3566131591797,177986000,2018-12-04
2018-12-06 14:30:00+00:00,265.9200134277344,269.9700012207031,262.44000244140625,269.8399963378906,239.9918975830078,204185400,2018-12-06
2018-12-07 14:30:00+00:00,269.4599914550781,271.2200012207031,262.6300048828125,263.57000732421875,234.41554260253906,161018900,2018-12-07
2018-12-10 14:30:00+00:00,263.3699951171875,265.1600036621094,258.6199951171875,264.07000732421875,234.86016845703125,151445900,2018-12-10
2018-12-11 14:30:00+00:00,267.6600036621094,267.8699951171875,262.4800109863281,264.1300048828125,234.91357421875,121504400,2018-12-11
2018-12-12 14:30:00+00:00,267.4700012207031,269.0,265.3699951171875,265.4599914550781,236.09642028808594,97976700,2018-12-12
2018-12-13 14:30:00+00:00,266.5199890136719,267.489990234375,264.1199951171875,265.3699951171875,236.01638793945312,96662700,2018-12-13
2018-12-14 14:30:00+00:00,262.9599914550781,264.0299987792969,259.8500061035156,260.4700012207031,231.6583709716797,116961100,2018-12-14
2018-12-17 14:30:00+00:00,259.3999938964844,260.6499938964844,253.52999877929688,255.36000061035156,227.11363220214844,165492300,2018-12-17
2018-12-18 14:30:00+00:00,257.20001220703125,257.95001220703125,253.27999877929688,255.0800018310547,226.86460876464844,134515100,2018-12-18
2018-12-19 14:30:00+00:00,255.1699981689453,259.3999938964844,249.35000610351562,251.25999450683594,223.4671173095703,214992800,2018-12-19
2018-12-20 14:30:00+00:00,249.86000061035156,251.6199951171875,244.64999389648438,247.1699981689453,219.82957458496094,252053400,2018-12-20
2018-12-21 14:30:00+00:00,246.74000549316406,249.7100067138672,239.97999572753906,240.6999969482422,215.3253631591797,255345600,2018-12-21
2018-12-24 14:30:00+00:00,239.0399932861328,240.83999633789062,234.27000427246094,234.33999633789062,209.63580322265625,147311600,2018-12-24
2018-12-26 14:30:00+00:00,235.97000122070312,246.17999267578125,233.75999450683594,246.17999267578125,220.22764587402344,218485400,2018-12-26
2018-12-27 14:30:00+00:00,242.57000732421875,248.2899932861328,238.9600067138672,248.07000732421875,221.9184112548828,186267300,2018-12-27
2018-12-28 14:30:00+00:00,249.5800018310547,251.39999389648438,246.4499969482422,247.75,221.63214111328125,153100200,2018-12-28
2018-12-31 14:30:00+00:00,249.55999755859375,250.19000244140625,247.47000122070312,249.9199981689453,223.5733642578125,144299400,2018-12-31
