open,high,low,close,session_date,source_timestamp_utc
8222.42,8240.45,8143.45,8207.85,2010-01-04,2010-01-04 01:00:00+00:00
8277.71,8283.64,8162.54,8211.4,2010-01-05,2010-01-05 01:00:00+00:00
8237.1,8327.87,8216.92,8327.62,2010-01-06,2010-01-06 01:00:00+00:00
8344.56,8369.55,8233.59,8237.42,2010-01-07,2010-01-07 01:00:00+00:00
8266.87,8290.66,8178.93,8280.9,2010-01-08,2010-01-08 01:00:00+00:00
8291.52,8357.9,8281.72,8323.82,2010-01-11,2010-01-11 01:00:00+00:00
8343.73,8356.97,8262.58,8309.37,2010-01-12,2010-01-12 01:00:00+00:00
8229.25,8257.83,8194.81,8196.56,2010-01-13,2010-01-13 01:00:00+00:00
8245.86,8313.94,8237.67,8289.98,2010-01-14,2010-01-14 01:00:00+00:00
8340.6,8380.23,8325.82,8356.89,2010-01-15,2010-01-15 01:00:00+00:00
8290.38,8367.65,8290.38,8337.82,2010-01-18,2010-01-18 01:00:00+00:00
8387.66,8395.39,8227.3,8249.0,2010-01-19,2010-01-19 01:00:00+00:00
8309.19,8309.19,8191.44,8220.93,2010-01-20,2010-01-20 01:00:00+00:00
8189.5,8208.21,8107.55,8127.87,2010-01-21,2010-01-21 01:00:00+00:00
7986.43,8015.95,7912.85,7927.31,2010-01-22,2010-01-22 01:00:00+00:00
7845.3,7938.14,7828.34,7872.99,2010-01-25,2010-01-25 01:00:00+00:00
7903.03,7922.07,7572.58,7598.81,2010-01-26,2010-01-26 01:00:00+00:00
7639.72,7656.95,7530.41,7560.03,2010-01-27,2010-01-27 01:00:00+00:00
7630.16,7756.77,7607.56,7694.58,2010-01-28,2010-01-28 01:00:00+00:00
7593.38,7649.73,7481.9,7640.44,2010-01-29,2010-01-29 01:00:00+00:00
7653.89,7661.7,7493.81,7524.67,2010-02-01,2010-02-01 01:00:00+00:00
7633.74,7635.73,7398.8,7429.61,2010-02-02,2010-02-02 01:00:00+00:00
7523.79,7550.82,7441.92,7547.98,2010-02-03,2010-02-03 01:00:00+00:00
7563.19,7578.18,7504.96,7542.04,2010-02-04,2010-02-04 01:00:00+00:00
7323.16,7352.98,7196.39,7217.83,2010-02-05,2010-02-05 01:00:00+00:00
7244.71,7249.19,7080.9,7212.87,2010-02-06,2010-02-06 01:00:00+00:00
7236.63,7253.24,7173.18,7215.88,2010-02-08,2010-02-08 01:00:00+00:00
7225.71,7381.82,7197.13,7361.04,2010-02-09,2010-02-09 01:00:00+00:00
7438.12,7496.34,7404.97,7441.84,2010-02-10,2010-02-10 01:00:00+00:00
7619.87,7619.87,7553.29,7560.04,2010-02-22,2010-02-22 01:00:00+00:00
7575.62,7597.44,7502.45,7597.44,2010-02-23,2010-02-23 01:00:00+00:00
7516.47,7585.19,7515.38,7529.67,2010-02-24,2010-02-24 01:00:00+00:00
7568.42,7568.42,7400.42,7426.96,2010-02-25,2010-02-25 01:00:00+00:00
7451.17,7479.28,7383.68,7436.1,2010-02-26,2010-02-26 01:00:00+00:00
7492.84,7620.56,7451.09,7577.75,2010-03-01,2010-03-01 01:00:00+00:00
7649.62,7664.49,7592.66,7597.62,2010-03-02,2010-03-02 01:00:00+00:00
7628.78,7670.25,7604.86,7629.52,2010-03-03,2010-03-03 01:00:00+00:00
7664.0,7664.0,7524.19,7569.8,2010-03-04,2010-03-04 01:00:00+00:00
7659.76,7694.89,7618.0,7666.26,2010-03-05,2010-03-05 01:00:00+00:00
7741.8,7763.76,7716.28,7762.27,2010-03-08,2010-03-08 01:00:00+00:00
7762.4,7770.59,7737.65,7770.59,2010-03-09,2010-03-09 01:00:00+00:00
7797.7,7803.27,7736.7,7779.08,2010-03-10,2010-03-10 01:00:00+00:00
7817.59,7818.84,7749.4,7749.66,2010-03-11,2010-03-11 01:00:00+00:00
7773.52,7773.52,7726.09,7748.33,2010-03-12,2010-03-12 01:00:00+00:00
7750.87,7766.36,7634.92,7634.92,2010-03-15,2010-03-15 01:00:00+00:00
7671.41,7695.81,7645.17,7695.63,2010-03-16,2010-03-16 01:00:00+00:00
7763.43,7849.38,7762.85,7847.84,2010-03-17,2010-03-17 01:00:00+00:00
7861.27,7922.48,7847.55,7886.34,2010-03-18,2010-03-18 01:00:00+00:00
7899.01,7899.01,7859.29,7897.91,2010-03-19,2010-03-19 01:00:00+00:00
7861.9,7872.78,7791.25,7835.98,2010-03-22,2010-03-22 01:00:00+00:00
7880.12,7889.04,7804.4,7811.87,2010-03-23,2010-03-23 01:00:00+00:00
7875.27,7881.37,7822.71,7822.71,2010-03-24,2010-03-24 01:00:00+00:00
7824.74,7856.31,7753.51,7838.1,2010-03-25,2010-03-25 01:00:00+00:00
7808.15,7909.41,7770.42,7876.86,2010-03-26,2010-03-26 01:00:00+00:00
7918.95,7961.14,7909.06,7947.45,2010-03-29,2010-03-29 01:00:00+00:00
7992.12,7994.62,7942.47,7962.22,2010-03-30,2010-03-30 01:00:00+00:00
7962.91,7974.89,7920.06,7920.06,2010-03-31,2010-03-31 01:00:00+00:00
7952.62,8026.06,7952.62,8013.09,2010-04-01,2010-04-01 01:00:00+00:00
8046.29,8050.99,8021.91,8025.93,2010-04-02,2010-04-02 01:00:00+00:00
8083.03,8128.08,8082.37,8089.65,2010-04-06,2010-04-06 01:00:00+00:00
8131.4,8133.45,8091.28,8121.78,2010-04-07,2010-04-07 01:00:00+00:00
8106.0,8149.68,8038.37,8057.6,2010-04-08,2010-04-08 01:00:00+00:00
8073.52,8094.35,8039.41,8092.03,2010-04-09,2010-04-09 01:00:00+00:00
8149.76,8152.53,8092.94,8117.75,2010-04-12,2010-04-12 01:00:00+00:00
8090.54,8104.14,8022.94,8029.73,2010-04-13,2010-04-13 01:00:00+00:00
8077.94,8102.38,8040.01,8097.13,2010-04-14,2010-04-14 01:00:00+00:00
8168.11,8190.01,8136.32,8171.94,2010-04-15,2010-04-15 01:00:00+00:00
8161.85,8162.85,8090.68,8111.57,2010-04-16,2010-04-16 01:00:00+00:00
8003.02,8042.05,7845.77,7854.22,2010-04-19,2010-04-19 01:00:00+00:00
7908.11,7923.27,7842.07,7900.42,2010-04-20,2010-04-20 01:00:00+00:00
7949.96,7998.76,7947.9,7990.53,2010-04-21,2010-04-21 01:00:00+00:00
7948.89,7985.49,7897.14,7978.69,2010-04-22,2010-04-22 01:00:00+00:00
8021.71,8030.11,7996.77,8004.89,2010-04-23,2010-04-23 01:00:00+00:00
8107.22,8168.47,8093.14,8158.14,2010-04-26,2010-04-26 01:00:00+00:00
8174.85,8174.85,8121.14,8146.44,2010-04-27,2010-04-27 01:00:00+00:00
7944.7,8092.48,7944.7,8081.55,2010-04-28,2010-04-28 01:00:00+00:00
8105.96,8107.36,8053.02,8054.05,2010-04-29,2010-04-29 01:00:00+00:00
8116.39,8163.94,7999.28,8004.25,2010-04-30,2010-04-30 01:00:00+00:00
7979.8,8022.45,7916.04,7952.17,2010-05-03,2010-05-03 01:00:00+00:00
8006.79,8010.98,7889.93,7930.77,2010-05-04,2010-05-04 01:00:00+00:00
7759.18,7785.55,7695.69,7696.9,2010-05-05,2010-05-05 01:00:00+00:00
7696.27,7702.11,7562.03,7579.48,2010-05-06,2010-05-06 01:00:00+00:00
7393.27,7572.79,7387.19,7567.1,2010-05-07,2010-05-07 01:00:00+00:00
7610.88,7664.73,7577.31,7664.73,2010-05-10,2010-05-10 01:00:00+00:00
7718.17,7743.41,7608.44,7608.44,2010-05-11,2010-05-11 01:00:00+00:00
7663.34,7674.52,7596.21,7602.7,2010-05-12,2010-05-12 01:00:00+00:00
7703.48,7787.32,7687.55,7770.57,2010-05-13,2010-05-13 01:00:00+00:00
7735.6,7772.54,7725.82,7772.13,2010-05-14,2010-05-14 01:00:00+00:00
7697.79,7697.79,7574.06,7598.72,2010-05-17,2010-05-17 01:00:00+00:00
7630.1,7637.99,7560.89,7585.3,2010-05-18,2010-05-18 01:00:00+00:00
7527.62,7588.09,7467.2,7559.16,2010-05-19,2010-05-19 01:00:00+00:00
7557.17,7557.17,7424.43,7424.43,2010-05-20,2010-05-20 01:00:00+00:00
7229.17,7277.93,7164.21,7237.71,2010-05-21,2010-05-21 01:00:00+00:00
7296.15,7344.92,7269.81,7322.73,2010-05-24,2010-05-24 01:00:00+00:00
7238.16,7241.84,7032.4,7086.37,2010-05-25,2010-05-25 01:00:00+00:00
7161.4,7174.38,7079.85,7167.35,2010-05-26,2010-05-26 01:00:00+00:00
7139.45,7254.68,7105.11,7243.16,2010-05-27,2010-05-27 01:00:00+00:00
7338.77,7364.01,7271.3,7295.32,2010-05-28,2010-05-28 01:00:00+00:00
7312.26,7373.98,7292.54,7373.98,2010-05-31,2010-05-31 01:00:00+00:00
7327.01,7348.56,7276.52,7289.33,2010-06-01,2010-06-01 01:00:00+00:00
7252.79,7304.13,7159.75,7195.71,2010-06-02,2010-06-02 01:00:00+00:00
7322.51,7361.7,7309.46,7360.28,2010-06-03,2010-06-03 01:00:00+00:00
7377.56,7377.56,7337.35,7344.59,2010-06-04,2010-06-04 01:00:00+00:00
7139.76,7172.3,7085.55,7157.83,2010-06-07,2010-06-07 01:00:00+00:00
7142.31,7179.14,7128.92,7151.99,2010-06-08,2010-06-08 01:00:00+00:00
7166.19,7193.04,7048.6,7071.67,2010-06-09,2010-06-09 01:00:00+00:00
7134.16,7182.99,7085.34,7181.77,2010-06-10,2010-06-10 01:00:00+00:00
7302.97,7321.6,7273.7,7299.49,2010-06-11,2010-06-11 01:00:00+00:00
7372.93,7393.41,7347.23,7387.4,2010-06-14,2010-06-14 01:00:00+00:00
7388.57,7489.68,7364.34,7454.06,2010-06-15,2010-06-15 01:00:00+00:00
7503.12,7534.06,7481.72,7515.78,2010-06-17,2010-06-17 01:00:00+00:00
7538.55,7538.55,7459.93,7493.11,2010-06-18,2010-06-18 01:00:00+00:00
7595.93,7645.71,7562.25,7635.56,2010-06-21,2010-06-21 01:00:00+00:00
7630.64,7639.66,7610.62,7612.68,2010-06-22,2010-06-22 01:00:00+00:00
7576.29,7615.44,7549.98,7582.15,2010-06-23,2010-06-23 01:00:00+00:00
7601.72,7607.63,7567.96,7589.89,2010-06-24,2010-06-24 01:00:00+00:00
7509.72,7537.37,7463.29,7474.71,2010-06-25,2010-06-25 01:00:00+00:00
7507.15,7536.61,7489.55,7500.79,2010-06-28,2010-06-28 01:00:00+00:00
7554.78,7584.81,7423.57,7423.57,2010-06-29,2010-06-29 01:00:00+00:00
7277.39,7337.32,7255.09,7329.37,2010-06-30,2010-06-30 01:00:00+00:00
7326.89,7327.4,7251.6,7254.06,2010-07-01,2010-07-01 01:00:00+00:00
7285.01,7378.77,7285.01,7330.74,2010-07-02,2010-07-02 01:00:00+00:00
7351.18,7447.18,7351.18,7439.96,2010-07-05,2010-07-05 01:00:00+00:00
7385.33,7548.48,7382.37,7548.48,2010-07-06,2010-07-06 01:00:00+00:00
7560.22,7565.37,7517.68,7534.46,2010-07-07,2010-07-07 01:00:00+00:00
7612.71,7622.46,7583.36,7608.85,2010-07-08,2010-07-08 01:00:00+00:00
7644.11,7652.55,7599.84,7647.25,2010-07-09,2010-07-09 01:00:00+00:00
7674.26,7705.11,7636.81,7639.55,2010-07-12,2010-07-12 01:00:00+00:00
7664.71,7671.48,7587.87,7597.42,2010-07-13,2010-07-13 01:00:00+00:00
7688.82,7720.63,7683.83,7714.51,2010-07-14,2010-07-14 01:00:00+00:00
7699.49,7732.31,7681.87,7704.52,2010-07-15,2010-07-15 01:00:00+00:00
7717.24,7719.05,7660.76,7664.57,2010-07-16,2010-07-16 01:00:00+00:00
7602.68,7666.58,7596.26,7649.83,2010-07-19,2010-07-19 01:00:00+00:00
7678.89,7730.88,7638.49,7712.03,2010-07-20,2010-07-20 01:00:00+00:00
7742.48,7752.8,7678.3,7701.29,2010-07-21,2010-07-21 01:00:00+00:00
7699.36,7718.92,7665.78,7666.34,2010-07-22,2010-07-22 01:00:00+00:00
7747.03,7782.02,7739.04,7761.22,2010-07-23,2010-07-23 01:00:00+00:00
7787.07,7807.07,7765.68,7787.45,2010-07-26,2010-07-26 01:00:00+00:00
7806.25,7806.25,7748.01,7748.01,2010-07-27,2010-07-27 01:00:00+00:00
7736.59,7786.23,7726.4,7784.81,2010-07-28,2010-07-28 01:00:00+00:00
7778.74,7799.57,7738.48,7798.99,2010-07-29,2010-07-29 01:00:00+00:00
7765.25,7781.24,7731.19,7760.63,2010-07-30,2010-07-30 01:00:00+00:00
7829.19,7917.95,7829.19,7911.68,2010-08-02,2010-08-02 01:00:00+00:00
7961.68,7970.58,7915.83,7957.53,2010-08-03,2010-08-03 01:00:00+00:00
7960.3,7978.16,7938.92,7972.66,2010-08-04,2010-08-04 01:00:00+00:00
8010.07,8018.74,7921.98,7936.85,2010-08-05,2010-08-05 01:00:00+00:00
7938.09,7963.3,7922.29,7963.3,2010-08-06,2010-08-06 01:00:00+00:00
7974.67,8040.94,7971.19,8034.49,2010-08-09,2010-08-09 01:00:00+00:00
8054.29,8054.29,7975.38,7976.74,2010-08-10,2010-08-10 01:00:00+00:00
7923.57,7956.9,7869.52,7895.03,2010-08-11,2010-08-11 01:00:00+00:00
7789.46,7837.38,7776.66,7829.79,2010-08-12,2010-08-12 01:00:00+00:00
7845.98,7906.35,7830.46,7891.58,2010-08-13,2010-08-13 01:00:00+00:00
7884.28,7941.22,7850.13,7941.22,2010-08-16,2010-08-16 01:00:00+00:00
7962.7,7973.15,7931.09,7931.09,2010-08-17,2010-08-17 01:00:00+00:00
7978.52,7984.57,7897.18,7924.1,2010-08-18,2010-08-18 01:00:00+00:00
7925.48,7948.73,7886.73,7928.94,2010-08-19,2010-08-19 01:00:00+00:00
7915.16,7941.61,7905.01,7927.31,2010-08-20,2010-08-20 01:00:00+00:00
7938.21,8013.12,7924.1,7975.93,2010-08-23,2010-08-23 01:00:00+00:00
7983.62,7990.49,7940.64,7940.64,2010-08-24,2010-08-24 01:00:00+00:00
7889.57,7889.57,7736.98,7736.98,2010-08-25,2010-08-25 01:00:00+00:00
7743.32,7758.14,7666.51,7689.74,2010-08-26,2010-08-26 01:00:00+00:00
7702.59,7722.91,7662.23,7722.91,2010-08-27,2010-08-27 01:00:00+00:00
7797.26,7806.91,7737.28,7741.2,2010-08-30,2010-08-30 01:00:00+00:00
7669.31,7687.47,7577.1,7616.28,2010-08-31,2010-08-31 01:00:00+00:00
7643.61,7679.43,7625.72,7668.25,2010-09-01,2010-09-01 01:00:00+00:00
7764.8,7780.53,7715.31,7720.82,2010-09-02,2010-09-02 01:00:00+00:00
7770.93,7830.21,7770.93,7830.21,2010-09-03,2010-09-03 01:00:00+00:00
7879.7,7902.56,7841.83,7890.95,2010-09-06,2010-09-06 01:00:00+00:00
7914.38,7922.07,7876.67,7884.4,2010-09-07,2010-09-07 01:00:00+00:00
7866.35,7898.76,7824.65,7851.31,2010-09-08,2010-09-08 01:00:00+00:00
7901.83,7903.47,7817.87,7835.54,2010-09-09,2010-09-09 01:00:00+00:00
7900.56,7911.66,7859.33,7890.11,2010-09-10,2010-09-10 01:00:00+00:00
7961.98,8091.3,7946.98,8091.3,2010-09-13,2010-09-13 01:00:00+00:00
8121.68,8132.6,8081.79,8132.6,2010-09-14,2010-09-14 01:00:00+00:00
8152.63,8163.82,8113.97,8163.82,2010-09-15,2010-09-15 01:00:00+00:00
8174.85,8182.8,8099.75,8099.75,2010-09-16,2010-09-16 01:00:00+00:00
8150.94,8197.82,8134.3,8158.33,2010-09-17,2010-09-17 01:00:00+00:00
8174.88,8195.74,8161.82,8186.96,2010-09-20,2010-09-20 01:00:00+00:00
8249.6,8251.42,8177.4,8196.4,2010-09-21,2010-09-21 01:00:00+00:00
8201.68,8223.22,8154.97,8202.54,2010-09-23,2010-09-23 01:00:00+00:00
8182.16,8190.96,8129.21,8166.62,2010-09-24,2010-09-24 01:00:00+00:00
8239.11,8240.86,8189.38,8191.54,2010-09-27,2010-09-27 01:00:00+00:00
8201.81,8211.42,8173.26,8189.44,2010-09-28,2010-09-28 01:00:00+00:00
8241.65,8286.93,8218.75,8240.89,2010-09-29,2010-09-29 01:00:00+00:00
8259.24,8267.55,8204.84,8237.78,2010-09-30,2010-09-30 01:00:00+00:00
8259.08,8260.28,8220.73,8244.18,2010-10-01,2010-10-01 01:00:00+00:00
8261.16,8300.04,8240.67,8246.1,2010-10-04,2010-10-04 01:00:00+00:00
8217.86,8217.86,8155.3,8200.43,2010-10-05,2010-10-05 01:00:00+00:00
8296.23,8301.39,8267.61,8284.03,2010-10-06,2010-10-06 01:00:00+00:00
8304.91,8310.8,8270.31,8283.92,2010-10-07,2010-10-07 01:00:00+00:00
8306.32,8309.91,8232.02,8244.19,2010-10-08,2010-10-08 01:00:00+00:00
8277.78,8277.78,8165.2,8176.76,2010-10-11,2010-10-11 01:00:00+00:00
8176.7,8180.39,8058.59,8090.22,2010-10-12,2010-10-12 01:00:00+00:00
8116.69,8143.19,8067.87,8106.66,2010-10-13,2010-10-13 01:00:00+00:00
8181.51,8252.2,8178.34,8215.45,2010-10-14,2010-10-14 01:00:00+00:00
8216.87,8242.77,8184.29,8205.3,2010-10-15,2010-10-15 01:00:00+00:00
8209.39,8209.39,8057.12,8060.54,2010-10-18,2010-10-18 01:00:00+00:00
8044.9,8074.68,8018.31,8046.23,2010-10-19,2010-10-19 01:00:00+00:00
7993.43,8131.19,7992.81,8124.62,2010-10-20,2010-10-20 01:00:00+00:00
8135.57,8171.49,8109.79,8131.23,2010-10-21,2010-10-21 01:00:00+00:00
8169.51,8174.03,8148.26,8168.06,2010-10-22,2010-10-22 01:00:00+00:00
8204.01,8307.59,8199.49,8306.98,2010-10-25,2010-10-25 01:00:00+00:00
8336.95,8353.86,8319.01,8343.23,2010-10-26,2010-10-26 01:00:00+00:00
8369.75,8372.52,8285.73,8291.04,2010-10-27,2010-10-27 01:00:00+00:00
8315.0,8386.29,8281.52,8354.05,2010-10-28,2010-10-28 01:00:00+00:00
8348.39,8348.39,8278.72,8287.09,2010-10-29,2010-10-29 01:00:00+00:00
8343.52,8407.91,8343.52,8379.75,2010-11-01,2010-11-01 01:00:00+00:00
8380.06,8390.1,8344.76,8344.76,2010-11-02,2010-11-02 01:00:00+00:00
8394.53,8398.3,8273.47,8293.9,2010-11-03,2010-11-03 01:00:00+00:00
8321.36,8367.19,8317.86,8357.85,2010-11-04,2010-11-04 01:00:00+00:00
8444.81,8458.47,8420.65,8449.34,2010-11-05,2010-11-05 01:00:00+00:00
8473.66,8473.66,8416.2,8430.58,2010-11-08,2010-11-08 01:00:00+00:00
8430.7,8457.41,8421.13,8445.63,2010-11-09,2010-11-09 01:00:00+00:00
8457.09,8471.57,8425.24,8450.63,2010-11-10,2010-11-10 01:00:00+00:00
8437.02,8458.49,8422.96,8436.95,2010-11-11,2010-11-11 01:00:00+00:00
8404.43,8416.35,8309.36,8316.05,2010-11-12,2010-11-12 01:00:00+00:00
8287.83,8301.35,8226.71,8240.65,2010-11-15,2010-11-15 01:00:00+00:00
8234.22,8324.51,8234.22,8312.21,2010-11-16,2010-11-16 01:00:00+00:00
8249.95,8284.51,8228.24,8255.54,2010-11-17,2010-11-17 01:00:00+00:00
8285.55,8286.92,8238.77,8283.45,2010-11-18,2010-11-18 01:00:00+00:00
8344.66,8372.16,8283.27,8306.12,2010-11-19,2010-11-19 01:00:00+00:00
8343.32,8391.25,8334.42,8374.91,2010-11-22,2010-11-22 01:00:00+00:00
8388.26,8396.49,8323.81,8328.63,2010-11-23,2010-11-23 01:00:00+00:00
8277.33,8337.19,8277.33,8297.05,2010-11-24,2010-11-24 01:00:00+00:00
8337.9,8355.39,8330.92,8349.99,2010-11-25,2010-11-25 01:00:00+00:00
8371.27,8371.27,8312.15,8312.15,2010-11-26,2010-11-26 01:00:00+00:00
8399.77,8401.42,8331.51,8367.17,2010-11-29,2010-11-29 01:00:00+00:00
8384.64,8443.38,8363.97,8372.48,2010-11-30,2010-11-30 01:00:00+00:00
8430.6,8520.11,8428.64,8520.11,2010-12-01,2010-12-01 01:00:00+00:00
8598.01,8641.13,8572.65,8585.77,2010-12-02,2010-12-02 01:00:00+00:00
8630.88,8659.62,8618.26,8624.01,2010-12-03,2010-12-03 01:00:00+00:00
8675.45,8718.53,8675.45,8702.23,2010-12-06,2010-12-06 01:00:00+00:00
8716.0,8716.0,8654.49,8704.39,2010-12-07,2010-12-07 01:00:00+00:00
8727.88,8729.7,8683.98,8703.79,2010-12-08,2010-12-08 01:00:00+00:00
8769.34,8782.82,8736.77,8753.84,2010-12-09,2010-12-09 01:00:00+00:00
8740.71,8744.67,8684.05,8718.83,2010-12-10,2010-12-10 01:00:00+00:00
8748.64,8764.51,8736.54,8736.59,2010-12-13,2010-12-13 01:00:00+00:00
8771.9,8789.25,8717.53,8740.43,2010-12-14,2010-12-14 01:00:00+00:00
8755.32,8756.71,8698.41,8756.71,2010-12-15,2010-12-15 01:00:00+00:00
8770.74,8797.98,8767.44,8782.2,2010-12-16,2010-12-16 01:00:00+00:00
8828.05,8860.38,8817.51,8817.9,2010-12-17,2010-12-17 01:00:00+00:00
8861.09,8861.09,8740.3,8768.72,2010-12-20,2010-12-20 01:00:00+00:00
8802.86,8827.79,8772.59,8827.79,2010-12-21,2010-12-21 01:00:00+00:00
8847.27,8865.42,8834.32,8860.49,2010-12-22,2010-12-22 01:00:00+00:00
8891.41,8914.34,8874.87,8898.87,2010-12-23,2010-12-23 01:00:00+00:00
8910.61,8911.41,8861.01,8861.1,2010-12-24,2010-12-24 01:00:00+00:00
8866.67,8908.42,8828.67,8892.31,2010-12-27,2010-12-27 01:00:00+00:00
8919.26,8919.26,8839.83,8870.76,2010-12-28,2010-12-28 01:00:00+00:00
8878.1,8893.14,8844.67,8866.35,2010-12-29,2010-12-29 01:00:00+00:00
8883.21,8920.79,8871.07,8907.91,2010-12-30,2010-12-30 01:00:00+00:00
8936.11,8990.38,8932.64,8972.5,2010-12-31,2010-12-31 01:00:00+00:00
9039.63,9041.32,8994.5,9025.3,2011-01-03,2011-01-03 01:00:00+00:00
9045.11,9046.18,8988.58,8997.19,2011-01-04,2011-01-04 01:00:00+00:00
9014.32,9027.16,8812.36,8846.31,2011-01-05,2011-01-05 01:00:00+00:00
8866.23,8883.21,8813.63,8883.21,2011-01-06,2011-01-06 01:00:00+00:00
8905.25,8907.11,8738.93,8782.72,2011-01-07,2011-01-07 01:00:00+00:00
8798.05,8817.88,8762.5,8817.88,2011-01-10,2011-01-10 01:00:00+00:00
8810.77,8935.27,8794.77,8931.36,2011-01-11,2011-01-11 01:00:00+00:00
8992.01,9000.78,8955.47,8965.0,2011-01-12,2011-01-12 01:00:00+00:00
9034.17,9034.17,8948.23,8975.58,2011-01-13,2011-01-13 01:00:00+00:00
8985.34,8998.14,8937.5,8972.51,2011-01-14,2011-01-14 01:00:00+00:00
8972.51,9006.36,8921.19,8925.09,2011-01-17,2011-01-17 01:00:00+00:00
8925.09,9003.45,8887.03,8988.0,2011-01-18,2011-01-18 01:00:00+00:00
8988.0,9092.28,8988.0,9086.02,2011-01-19,2011-01-19 01:00:00+00:00
9086.02,9086.02,9017.8,9022.17,2011-01-20,2011-01-20 01:00:00+00:00
9022.17,9022.17,8892.27,8954.38,2011-01-21,2011-01-21 01:00:00+00:00
8954.38,8993.56,8927.49,8947.79,2011-01-24,2011-01-24 01:00:00+00:00
8947.79,9032.3,8947.79,8991.39,2011-01-25,2011-01-25 01:00:00+00:00
8991.39,9072.76,8991.39,9055.59,2011-01-26,2011-01-26 01:00:00+00:00
9055.59,9126.93,9055.59,9102.33,2011-01-27,2011-01-27 01:00:00+00:00
9102.33,9154.93,9095.71,9145.35,2011-01-28,2011-01-28 01:00:00+00:00
9220.69,9220.69,9085.41,9111.46,2011-02-08,2011-02-08 01:00:00+00:00
9107.96,9129.88,8992.64,9006.82,2011-02-09,2011-02-09 01:00:00+00:00
8962.07,8979.35,8836.56,8836.56,2011-02-10,2011-02-10 01:00:00+00:00
8842.41,8842.41,8574.65,8609.86,2011-02-11,2011-02-11 01:00:00+00:00
8666.61,8715.97,8626.66,8685.47,2011-02-14,2011-02-14 01:00:00+00:00
8679.12,8753.05,8565.05,8721.93,2011-02-15,2011-02-15 01:00:00+00:00
8740.32,8767.09,8702.81,8712.96,2011-02-16,2011-02-16 01:00:00+00:00
8738.71,8745.65,8669.77,8683.88,2011-02-17,2011-02-17 01:00:00+00:00
8763.69,8874.5,8763.69,8843.84,2011-02-18,2011-02-18 01:00:00+00:00
8867.16,8867.16,8797.25,8839.22,2011-02-21,2011-02-21 01:00:00+00:00
8744.81,8744.81,8613.34,8673.67,2011-02-22,2011-02-22 01:00:00+00:00
8604.32,8673.2,8521.25,8528.94,2011-02-23,2011-02-23 01:00:00+00:00
8561.16,8633.24,8541.64,8541.64,2011-02-24,2011-02-24 01:00:00+00:00
8597.87,8635.04,8470.09,8599.65,2011-02-25,2011-02-25 01:00:00+00:00
8611.79,8734.24,8611.79,8727.56,2011-03-01,2011-03-01 01:00:00+00:00
8675.37,8709.57,8619.9,8619.9,2011-03-02,2011-03-02 01:00:00+00:00
8661.63,8758.89,8661.63,8738.37,2011-03-03,2011-03-03 01:00:00+00:00
8815.52,8829.23,8771.89,8784.4,2011-03-04,2011-03-04 01:00:00+00:00
8769.87,8769.87,8706.38,8713.79,2011-03-07,2011-03-07 01:00:00+00:00
8692.1,8768.31,8692.1,8747.75,2011-03-08,2011-03-08 01:00:00+00:00
8810.35,8824.41,8730.74,8750.02,2011-03-09,2011-03-09 01:00:00+00:00
8754.41,8754.41,8635.75,8642.9,2011-03-10,2011-03-10 01:00:00+00:00
8566.91,8593.71,8513.51,8567.82,2011-03-11,2011-03-11 01:00:00+00:00
8616.29,8616.29,8395.11,8520.02,2011-03-14,2011-03-14 01:00:00+00:00
8493.83,8519.9,8070.52,8234.78,2011-03-15,2011-03-15 01:00:00+00:00
8317.38,8372.02,8257.08,8324.58,2011-03-16,2011-03-16 01:00:00+00:00
8190.5,8282.69,8150.73,8282.69,2011-03-17,2011-03-17 01:00:00+00:00
8343.79,8399.17,8312.88,8394.75,2011-03-18,2011-03-18 01:00:00+00:00
8421.66,8508.2,8394.22,8467.71,2011-03-21,2011-03-21 01:00:00+00:00
8523.27,8552.82,8508.04,8508.04,2011-03-22,2011-03-22 01:00:00+00:00
8529.93,8551.12,8481.96,8545.08,2011-03-23,2011-03-23 01:00:00+00:00
8589.71,8603.43,8550.6,8576.4,2011-03-24,2011-03-24 01:00:00+00:00
8645.37,8658.05,8587.84,8610.39,2011-03-25,2011-03-25 01:00:00+00:00
8587.99,8604.24,8549.26,8553.06,2011-03-28,2011-03-28 01:00:00+00:00
8538.44,8596.57,8522.57,8596.57,2011-03-29,2011-03-29 01:00:00+00:00
8605.83,8671.59,8605.83,8646.31,2011-03-30,2011-03-30 01:00:00+00:00
8683.69,8685.44,8608.05,8683.3,2011-03-31,2011-03-31 01:00:00+00:00
8697.84,8705.13,8654.4,8705.13,2011-04-01,2011-04-01 01:00:00+00:00
8772.13,8860.02,8767.21,8851.98,2011-04-06,2011-04-06 01:00:00+00:00
8884.84,8901.72,8828.92,8901.72,2011-04-07,2011-04-07 01:00:00+00:00
8904.44,8929.06,8862.49,8894.54,2011-04-08,2011-04-08 01:00:00+00:00
8922.75,8922.75,8836.38,8880.27,2011-04-11,2011-04-11 01:00:00+00:00
8839.22,8839.22,8708.86,8732.59,2011-04-12,2011-04-12 01:00:00+00:00
8727.95,8780.2,8700.08,8780.2,2011-04-13,2011-04-13 01:00:00+00:00
8787.75,8835.39,8772.3,8802.73,2011-04-14,2011-04-14 01:00:00+00:00
8828.63,8834.07,8716.7,8718.12,2011-04-15,2011-04-15 01:00:00+00:00
8752.56,8764.65,8703.11,8714.48,2011-04-18,2011-04-18 01:00:00+00:00
8643.4,8658.97,8592.23,8638.55,2011-04-19,2011-04-19 01:00:00+00:00
8704.48,8813.28,8698.97,8813.28,2011-04-20,2011-04-20 01:00:00+00:00
8893.07,8992.08,8892.06,8957.65,2011-04-21,2011-04-21 01:00:00+00:00
8980.43,8992.67,8956.07,8969.43,2011-04-22,2011-04-22 01:00:00+00:00
9015.91,9037.09,8950.75,8950.75,2011-04-25,2011-04-25 01:00:00+00:00
8894.01,8966.86,8866.74,8948.14,2011-04-26,2011-04-26 01:00:00+00:00
9012.28,9060.5,9012.28,9049.25,2011-04-27,2011-04-27 01:00:00+00:00
9088.97,9099.75,9021.36,9040.77,2011-04-28,2011-04-28 01:00:00+00:00
9050.49,9058.78,8943.99,9007.87,2011-04-29,2011-04-29 01:00:00+00:00
9014.33,9018.7,8895.25,8946.08,2011-05-03,2011-05-03 01:00:00+00:00
8937.3,8947.35,8864.55,8947.35,2011-05-04,2011-05-04 01:00:00+00:00
8930.24,9029.58,8907.97,9018.61,2011-05-05,2011-05-05 01:00:00+00:00
8997.73,9018.4,8954.81,8977.23,2011-05-06,2011-05-06 01:00:00+00:00
9001.8,9081.26,8984.43,9035.48,2011-05-09,2011-05-09 01:00:00+00:00
9048.25,9055.91,9007.93,9023.28,2011-05-10,2011-05-10 01:00:00+00:00
9073.88,9082.01,9014.36,9020.4,2011-05-11,2011-05-11 01:00:00+00:00
8977.77,9052.98,8963.24,9033.68,2011-05-12,2011-05-12 01:00:00+00:00
9039.55,9059.46,8986.18,9006.61,2011-05-13,2011-05-13 01:00:00+00:00
8996.7,8996.7,8911.71,8911.71,2011-05-16,2011-05-16 01:00:00+00:00
8917.25,8928.99,8854.14,8884.09,2011-05-17,2011-05-17 01:00:00+00:00
8885.4,8946.99,8885.4,8944.84,2011-05-18,2011-05-18 01:00:00+00:00
8952.25,9026.18,8888.21,8892.88,2011-05-19,2011-05-19 01:00:00+00:00
8944.38,8944.38,8822.75,8837.03,2011-05-20,2011-05-20 01:00:00+00:00
8767.3,8776.46,8695.34,8747.51,2011-05-23,2011-05-23 01:00:00+00:00
8730.23,8756.9,8673.38,8756.61,2011-05-24,2011-05-24 01:00:00+00:00
8732.3,8763.64,8682.49,8727.09,2011-05-25,2011-05-25 01:00:00+00:00
8797.29,8807.08,8751.52,8788.4,2011-05-26,2011-05-26 01:00:00+00:00
8806.29,8860.03,8803.59,8810.0,2011-05-27,2011-05-27 01:00:00+00:00
8757.66,8844.03,8748.13,8823.68,2011-05-30,2011-05-30 01:00:00+00:00
8860.58,9003.6,8860.58,8988.84,2011-05-31,2011-05-31 01:00:00+00:00
8999.84,9089.47,8999.84,9062.35,2011-06-01,2011-06-01 01:00:00+00:00
8981.71,9036.27,8977.67,8991.36,2011-06-02,2011-06-02 01:00:00+00:00
9024.54,9052.18,8997.35,9046.28,2011-06-03,2011-06-03 01:00:00+00:00
9025.21,9059.19,8981.44,9057.1,2011-06-07,2011-06-07 01:00:00+00:00
9044.85,9070.25,9007.53,9007.53,2011-06-08,2011-06-08 01:00:00+00:00
9020.6,9045.44,8996.08,9000.94,2011-06-09,2011-06-09 01:00:00+00:00
9042.35,9053.39,8837.82,8837.82,2011-06-10,2011-06-10 01:00:00+00:00
8791.67,8811.97,8703.52,8712.95,2011-06-13,2011-06-13 01:00:00+00:00
8737.24,8836.51,8737.24,8829.21,2011-06-14,2011-06-14 01:00:00+00:00
8833.86,8876.14,8733.6,8831.45,2011-06-15,2011-06-15 01:00:00+00:00
8739.84,8739.84,8654.43,8654.43,2011-06-16,2011-06-16 01:00:00+00:00
8671.45,8702.0,8618.85,8636.1,2011-06-17,2011-06-17 01:00:00+00:00
8679.15,8685.33,8518.66,8530.68,2011-06-20,2011-06-20 01:00:00+00:00
8571.93,8617.96,8523.04,8597.62,2011-06-21,2011-06-21 01:00:00+00:00
8663.86,8679.37,8598.08,8621.04,2011-06-22,2011-06-22 01:00:00+00:00
8601.15,8619.39,8559.33,8567.28,2011-06-23,2011-06-23 01:00:00+00:00
8567.46,8569.59,8508.16,8532.83,2011-06-24,2011-06-24 01:00:00+00:00
8456.36,8519.21,8433.46,8500.16,2011-06-27,2011-06-27 01:00:00+00:00
8536.13,8572.62,8478.69,8478.86,2011-06-28,2011-06-28 01:00:00+00:00
8540.35,8598.22,8499.24,8573.38,2011-06-29,2011-06-29 01:00:00+00:00
8582.08,8652.59,8576.65,8652.59,2011-06-30,2011-06-30 01:00:00+00:00
8684.39,8744.2,8659.57,8739.82,2011-07-01,2011-07-01 01:00:00+00:00
8801.51,8808.47,8772.33,8774.72,2011-07-04,2011-07-04 01:00:00+00:00
8777.22,8794.14,8743.45,8784.44,2011-07-05,2011-07-05 01:00:00+00:00
8790.94,8842.17,8768.35,8824.44,2011-07-06,2011-07-06 01:00:00+00:00
8795.0,8795.88,8757.47,8773.42,2011-07-07,2011-07-07 01:00:00+00:00
8782.72,8839.14,8740.0,8749.55,2011-07-08,2011-07-08 01:00:00+00:00
8749.55,8749.55,8633.55,8665.85,2011-07-11,2011-07-11 01:00:00+00:00
8581.43,8595.07,8479.9,8491.01,2011-07-12,2011-07-12 01:00:00+00:00
8480.26,8539.18,8452.86,8488.06,2011-07-13,2011-07-13 01:00:00+00:00
8495.51,8531.96,8410.44,8481.35,2011-07-14,2011-07-14 01:00:00+00:00
8494.7,8579.8,8462.05,8574.91,2011-07-15,2011-07-15 01:00:00+00:00
8550.16,8580.33,8473.91,8538.57,2011-07-18,2011-07-18 01:00:00+00:00
8528.2,8554.41,8490.79,8524.57,2011-07-19,2011-07-19 01:00:00+00:00
8612.53,8706.17,8612.53,8706.17,2011-07-20,2011-07-20 01:00:00+00:00
8705.84,8725.97,8683.05,8717.14,2011-07-21,2011-07-21 01:00:00+00:00
8770.95,8794.48,8741.09,8765.32,2011-07-22,2011-07-22 01:00:00+00:00
8764.68,8786.03,8661.76,8683.51,2011-07-25,2011-07-25 01:00:00+00:00
8700.59,8794.24,8689.15,8794.24,2011-07-26,2011-07-26 01:00:00+00:00
8775.18,8819.93,8754.51,8817.49,2011-07-27,2011-07-27 01:00:00+00:00
8739.83,8790.68,8702.84,8767.2,2011-07-28,2011-07-28 01:00:00+00:00
8737.72,8771.64,8638.67,8644.18,2011-07-29,2011-07-29 01:00:00+00:00
8629.97,8707.87,8629.97,8701.38,2011-08-01,2011-08-01 01:00:00+00:00
8629.09,8629.09,8557.7,8584.72,2011-08-02,2011-08-02 01:00:00+00:00
8466.35,8472.27,8360.73,8456.86,2011-08-03,2011-08-03 01:00:00+00:00
8472.37,8496.07,8317.27,8317.27,2011-08-04,2011-08-04 01:00:00+00:00
7962.87,7975.82,7844.77,7853.13,2011-08-05,2011-08-05 01:00:00+00:00
7769.6,7799.49,7451.29,7552.8,2011-08-08,2011-08-08 01:00:00+00:00
7261.54,7599.14,7148.76,7493.12,2011-08-09,2011-08-09 01:00:00+00:00
7717.58,7751.59,7632.34,7736.32,2011-08-10,2011-08-10 01:00:00+00:00
7566.39,7761.4,7499.54,7719.09,2011-08-11,2011-08-11 01:00:00+00:00
7825.8,7853.53,7637.02,7637.02,2011-08-12,2011-08-12 01:00:00+00:00
7769.17,7819.39,7748.46,7819.39,2011-08-15,2011-08-15 01:00:00+00:00
7886.93,7896.19,7778.65,7798.59,2011-08-16,2011-08-16 01:00:00+00:00
7807.67,7821.99,7732.32,7741.76,2011-08-17,2011-08-17 01:00:00+00:00
7721.19,7721.19,7561.02,7614.97,2011-08-18,2011-08-18 01:00:00+00:00
7414.36,7429.96,7316.83,7342.96,2011-08-19,2011-08-19 01:00:00+00:00
7348.71,7468.74,7248.69,7312.59,2011-08-22,2011-08-22 01:00:00+00:00
7369.43,7564.64,7349.57,7550.23,2011-08-23,2011-08-23 01:00:00+00:00
7592.51,7594.81,7432.52,7502.93,2011-08-24,2011-08-24 01:00:00+00:00
7559.47,7564.87,7409.02,7410.87,2011-08-25,2011-08-25 01:00:00+00:00
7438.52,7503.38,7389.57,7445.1,2011-08-26,2011-08-26 01:00:00+00:00
7482.92,7608.77,7474.31,7578.01,2011-08-29,2011-08-29 01:00:00+00:00
7654.37,7675.17,7599.27,7646.19,2011-08-30,2011-08-30 01:00:00+00:00
7665.22,7741.36,7602.68,7741.36,2011-08-31,2011-08-31 01:00:00+00:00
7799.18,7886.04,7755.55,7757.76,2011-09-01,2011-09-01 01:00:00+00:00
7801.28,7801.28,7703.1,7757.06,2011-09-02,2011-09-02 01:00:00+00:00
7637.9,7637.9,7538.58,7551.57,2011-09-05,2011-09-05 01:00:00+00:00
7496.24,7522.94,7357.76,7367.19,2011-09-06,2011-09-06 01:00:00+00:00
7468.29,7529.01,7428.7,7529.01,2011-09-07,2011-09-07 01:00:00+00:00
7601.29,7626.78,7520.76,7548.37,2011-09-08,2011-09-08 01:00:00+00:00
7568.22,7651.27,7547.0,7610.57,2011-09-09,2011-09-09 01:00:00+00:00
7530.0,7538.04,7382.0,7391.37,2011-09-13,2011-09-13 01:00:00+00:00
7455.5,7477.86,7186.75,7228.47,2011-09-14,2011-09-14 01:00:00+00:00
7374.58,7430.29,7348.21,7385.68,2011-09-15,2011-09-15 01:00:00+00:00
7494.29,7606.7,7494.29,7577.4,2011-09-16,2011-09-16 01:00:00+00:00
7572.83,7572.94,7468.77,7480.88,2011-09-19,2011-09-19 01:00:00+00:00
7485.6,7544.88,7389.39,7492.85,2011-09-20,2011-09-20 01:00:00+00:00
7515.66,7574.78,7465.98,7535.88,2011-09-21,2011-09-21 01:00:00+00:00
7419.49,7419.49,7287.76,7305.5,2011-09-22,2011-09-22 01:00:00+00:00
7101.34,7126.81,6997.61,7046.22,2011-09-23,2011-09-23 01:00:00+00:00
7026.49,7058.43,6877.12,6877.12,2011-09-26,2011-09-26 01:00:00+00:00
7031.13,7119.14,7027.89,7089.95,2011-09-27,2011-09-27 01:00:00+00:00
7148.38,7154.4,7099.73,7146.98,2011-09-28,2011-09-28 01:00:00+00:00
7090.12,7218.57,7061.01,7182.61,2011-09-29,2011-09-29 01:00:00+00:00
7222.16,7251.87,7163.75,7225.38,2011-09-30,2011-09-30 01:00:00+00:00
7128.66,7128.66,6998.37,7013.97,2011-10-03,2011-10-03 01:00:00+00:00
6937.24,7047.99,6889.99,7047.87,2011-10-04,2011-10-04 01:00:00+00:00
7061.17,7091.01,6989.15,6989.15,2011-10-05,2011-10-05 01:00:00+00:00
7094.61,7170.92,7094.61,7132.0,2011-10-06,2011-10-06 01:00:00+00:00
7210.92,7253.09,7196.22,7211.96,2011-10-07,2011-10-07 01:00:00+00:00
7348.86,7398.71,7348.86,7398.71,2011-10-11,2011-10-11 01:00:00+00:00
7390.06,7407.08,7323.54,7382.35,2011-10-12,2011-10-12 01:00:00+00:00
7423.18,7444.33,7372.41,7428.33,2011-10-13,2011-10-13 01:00:00+00:00
7430.5,7430.5,7353.8,7358.08,2011-10-14,2011-10-14 01:00:00+00:00
7412.88,7475.06,7401.3,7461.12,2011-10-17,2011-10-17 01:00:00+00:00
7352.12,7379.08,7322.01,7359.48,2011-10-18,2011-10-18 01:00:00+00:00
7393.73,7393.73,7316.58,7353.37,2011-10-19,2011-10-19 01:00:00+00:00
7347.93,7361.22,7240.15,7244.32,2011-10-20,2011-10-20 01:00:00+00:00
7272.51,7272.51,7205.21,7254.51,2011-10-21,2011-10-21 01:00:00+00:00
7352.43,7472.5,7352.43,7470.3,2011-10-24,2011-10-24 01:00:00+00:00
7506.08,7506.08,7468.53,7491.21,2011-10-25,2011-10-25 01:00:00+00:00
7437.77,7548.51,7425.99,7535.82,2011-10-26,2011-10-26 01:00:00+00:00
7548.36,7590.88,7504.96,7565.21,2011-10-27,2011-10-27 01:00:00+00:00
7693.24,7743.37,7602.63,7616.06,2011-10-28,2011-10-28 01:00:00+00:00
7637.48,7658.97,7557.05,7587.69,2011-10-31,2011-10-31 01:00:00+00:00
7547.24,7656.26,7505.96,7622.01,2011-11-01,2011-11-01 01:00:00+00:00
7500.54,7599.54,7448.28,7598.45,2011-11-02,2011-11-02 01:00:00+00:00
7603.45,7603.45,7460.31,7460.31,2011-11-03,2011-11-03 01:00:00+00:00
7581.61,7635.75,7578.36,7603.23,2011-11-04,2011-11-04 01:00:00+00:00
7623.16,7638.03,7586.86,7621.72,2011-11-07,2011-11-07 01:00:00+00:00
7652.47,7683.09,7600.79,7600.79,2011-11-08,2011-11-08 01:00:00+00:00
7646.12,7654.15,7561.86,7561.86,2011-11-09,2011-11-09 01:00:00+00:00
7431.26,7434.37,7274.84,7308.68,2011-11-10,2011-11-10 01:00:00+00:00
7369.73,7385.98,7288.49,7367.29,2011-11-11,2011-11-11 01:00:00+00:00
7472.16,7544.23,7472.16,7525.65,2011-11-14,2011-11-14 01:00:00+00:00
7515.5,7528.78,7475.33,7491.06,2011-11-15,2011-11-15 01:00:00+00:00
7520.95,7541.68,7385.13,7387.52,2011-11-16,2011-11-16 01:00:00+00:00
7333.57,7392.82,7284.3,7387.81,2011-11-17,2011-11-17 01:00:00+00:00
7296.09,7327.67,7233.78,7233.78,2011-11-18,2011-11-18 01:00:00+00:00
7166.26,7183.47,7042.64,7042.64,2011-11-21,2011-11-21 01:00:00+00:00
7064.61,7082.4,6970.72,7000.03,2011-11-22,2011-11-22 01:00:00+00:00
6967.66,6981.54,6806.43,6806.43,2011-11-23,2011-11-23 01:00:00+00:00
6748.92,6885.24,6744.26,6864.39,2011-11-24,2011-11-24 01:00:00+00:00
6906.34,6950.5,6751.48,6784.52,2011-11-25,2011-11-25 01:00:00+00:00
6844.3,6920.79,6844.3,6898.78,2011-11-28,2011-11-28 01:00:00+00:00
6966.58,6998.06,6934.87,6988.65,2011-11-29,2011-11-29 01:00:00+00:00
7001.59,7001.59,6860.05,6904.12,2011-11-30,2011-11-30 01:00:00+00:00
7132.41,7199.26,7129.07,7178.69,2011-12-01,2011-12-01 01:00:00+00:00
7164.0,7186.66,7109.71,7140.68,2011-12-02,2011-12-02 01:00:00+00:00
7149.58,7149.59,7057.33,7098.08,2011-12-05,2011-12-05 01:00:00+00:00
7075.84,7075.84,6956.28,6956.28,2011-12-06,2011-12-06 01:00:00+00:00
7004.18,7046.39,6992.27,7033.0,2011-12-07,2011-12-07 01:00:00+00:00
7018.64,7018.64,6907.95,6982.9,2011-12-08,2011-12-08 01:00:00+00:00
6891.47,6927.99,6831.39,6893.3,2011-12-09,2011-12-09 01:00:00+00:00
6975.62,7002.09,6923.88,6949.04,2011-12-12,2011-12-12 01:00:00+00:00
6883.08,6919.68,6850.88,6896.31,2011-12-13,2011-12-13 01:00:00+00:00
6912.54,6926.09,6860.39,6922.57,2011-12-14,2011-12-14 01:00:00+00:00
6874.18,6874.18,6764.59,6764.59,2011-12-15,2011-12-15 01:00:00+00:00
6783.02,6810.08,6757.33,6785.09,2011-12-16,2011-12-16 01:00:00+00:00
6780.64,6780.64,6609.11,6633.33,2011-12-19,2011-12-19 01:00:00+00:00
6654.67,6696.93,6646.3,6662.64,2011-12-20,2011-12-20 01:00:00+00:00
6878.63,6966.48,6878.63,6966.48,2011-12-21,2011-12-21 01:00:00+00:00
6968.22,6989.59,6940.85,6966.35,2011-12-22,2011-12-22 01:00:00+00:00
7035.1,7122.28,7035.1,7110.73,2011-12-23,2011-12-23 01:00:00+00:00
7125.04,7125.67,7078.06,7092.58,2011-12-26,2011-12-26 01:00:00+00:00
7085.5,7107.67,7043.64,7085.03,2011-12-27,2011-12-27 01:00:00+00:00
7086.1,7093.47,7036.92,7056.67,2011-12-28,2011-12-28 01:00:00+00:00
7026.86,7074.82,6998.97,7074.82,2011-12-29,2011-12-29 01:00:00+00:00
7109.85,7139.03,7054.79,7072.08,2011-12-30,2011-12-30 01:00:00+00:00
7071.35,7073.48,6948.67,6952.21,2012-01-02,2012-01-02 01:00:00+00:00
7005.39,7073.79,7005.39,7053.38,2012-01-03,2012-01-03 01:00:00+00:00
7093.07,7116.22,7064.58,7082.97,2012-01-04,2012-01-04 01:00:00+00:00
7099.35,7130.86,7073.32,7130.86,2012-01-05,2012-01-05 01:00:00+00:00
7129.53,7139.04,7090.47,7120.51,2012-01-06,2012-01-06 01:00:00+00:00
7103.09,7103.09,7050.25,7093.04,2012-01-09,2012-01-09 01:00:00+00:00
7128.86,7181.74,7128.86,7178.87,2012-01-10,2012-01-10 01:00:00+00:00
7203.1,7212.36,7184.38,7188.21,2012-01-11,2012-01-11 01:00:00+00:00
7202.38,7209.74,7173.87,7186.58,2012-01-12,2012-01-12 01:00:00+00:00
7226.24,7249.94,7169.92,7181.54,2012-01-13,2012-01-13 01:00:00+00:00
7241.92,7258.84,7091.35,7103.62,2012-01-16,2012-01-16 01:00:00+00:00
7144.2,7221.08,7118.36,7221.08,2012-01-17,2012-01-17 01:00:00+00:00
7235.54,7245.13,7194.55,7233.69,2012-01-18,2012-01-18 01:00:00+00:00
7382.72,7443.03,7382.72,7407.41,2012-01-30,2012-01-30 01:00:00+00:00
7436.52,7517.08,7421.01,7517.08,2012-01-31,2012-01-31 01:00:00+00:00
7520.36,7566.08,7488.97,7549.21,2012-02-01,2012-02-01 01:00:00+00:00
7613.79,7652.46,7578.76,7652.46,2012-02-02,2012-02-02 01:00:00+00:00
7658.68,7674.99,7608.41,7674.99,2012-02-03,2012-02-03 01:00:00+00:00
7731.55,7787.89,7727.29,7741.24,2012-02-04,2012-02-04 01:00:00+00:00
7752.28,7752.28,7677.56,7687.98,2012-02-06,2012-02-06 01:00:00+00:00
7680.36,7751.76,7673.91,7707.44,2012-02-07,2012-02-07 01:00:00+00:00
7766.38,7869.91,7766.38,7869.91,2012-02-08,2012-02-08 01:00:00+00:00
7863.36,7910.78,7840.38,7910.78,2012-02-09,2012-02-09 01:00:00+00:00
7922.61,7941.63,7848.78,7862.27,2012-02-10,2012-02-10 01:00:00+00:00
7849.21,7917.96,7837.58,7912.91,2012-02-13,2012-02-13 01:00:00+00:00
7937.28,7937.28,7829.76,7884.08,2012-02-14,2012-02-14 01:00:00+00:00
7919.41,8011.87,7902.08,8005.24,2012-02-15,2012-02-15 01:00:00+00:00
7983.75,8010.5,7851.62,7869.7,2012-02-16,2012-02-16 01:00:00+00:00
7956.91,8013.46,7862.11,7894.36,2012-02-17,2012-02-17 01:00:00+00:00
7959.99,7985.5,7913.65,7954.82,2012-02-20,2012-02-20 01:00:00+00:00
7953.06,7973.47,7870.26,7921.5,2012-02-21,2012-02-21 01:00:00+00:00
7908.38,8018.54,7897.65,8001.68,2012-02-22,2012-02-22 01:00:00+00:00
7981.92,7991.92,7935.42,7937.3,2012-02-23,2012-02-23 01:00:00+00:00
7971.62,7974.58,7899.62,7959.34,2012-02-24,2012-02-24 01:00:00+00:00
8046.14,8121.44,8046.14,8121.44,2012-02-29,2012-02-29 01:00:00+00:00
8127.57,8151.7,8103.75,8118.34,2012-03-01,2012-03-01 01:00:00+00:00
8161.87,8170.72,8114.14,8144.04,2012-03-02,2012-03-02 01:00:00+00:00
8119.94,8134.94,8087.2,8114.44,2012-03-03,2012-03-03 01:00:00+00:00
8105.27,8115.49,7998.96,8004.74,2012-03-05,2012-03-05 01:00:00+00:00
8006.85,8028.02,7860.87,7937.97,2012-03-06,2012-03-06 01:00:00+00:00
7846.49,7937.11,7824.45,7903.08,2012-03-07,2012-03-07 01:00:00+00:00
7952.94,8000.93,7905.5,7984.56,2012-03-08,2012-03-08 01:00:00+00:00
8012.59,8027.08,7965.68,8016.01,2012-03-09,2012-03-09 01:00:00+00:00
8028.87,8028.87,7927.55,7927.55,2012-03-12,2012-03-12 01:00:00+00:00
7990.6,8045.61,7974.38,8031.51,2012-03-13,2012-03-13 01:00:00+00:00
8132.96,8170.31,8113.76,8125.26,2012-03-14,2012-03-14 01:00:00+00:00
8141.93,8142.98,8088.1,8121.62,2012-03-15,2012-03-15 01:00:00+00:00
8130.28,8130.52,8054.94,8054.94,2012-03-16,2012-03-16 01:00:00+00:00
8113.46,8123.15,7997.05,8043.92,2012-03-19,2012-03-19 01:00:00+00:00
8062.91,8062.91,7965.96,7972.7,2012-03-20,2012-03-20 01:00:00+00:00
7993.46,8013.67,7940.19,7981.94,2012-03-21,2012-03-21 01:00:00+00:00
7997.66,8075.97,7995.57,8059.94,2012-03-22,2012-03-22 01:00:00+00:00
8067.93,8076.61,8030.88,8076.61,2012-03-23,2012-03-23 01:00:00+00:00
8073.93,8073.93,7958.72,7967.62,2012-03-26,2012-03-26 01:00:00+00:00
8033.22,8033.22,7978.74,8029.46,2012-03-27,2012-03-27 01:00:00+00:00
8074.64,8085.43,8013.8,8038.07,2012-03-28,2012-03-28 01:00:00+00:00
7997.87,7997.87,7808.55,7872.66,2012-03-29,2012-03-29 01:00:00+00:00
7832.22,7933.0,7775.75,7933.0,2012-03-30,2012-03-30 01:00:00+00:00
7905.88,7928.43,7859.56,7862.9,2012-04-02,2012-04-02 01:00:00+00:00
7896.72,7907.62,7723.39,7760.85,2012-04-03,2012-04-03 01:00:00+00:00
7603.31,7667.04,7528.03,7639.82,2012-04-05,2012-04-05 01:00:00+00:00
7667.9,7713.24,7638.05,7706.26,2012-04-06,2012-04-06 01:00:00+00:00
7587.68,7650.89,7529.39,7600.87,2012-04-09,2012-04-09 01:00:00+00:00
7659.03,7692.94,7605.67,7640.68,2012-04-10,2012-04-10 01:00:00+00:00
7592.94,7666.07,7573.05,7656.67,2012-04-11,2012-04-11 01:00:00+00:00
7669.46,7673.84,7599.0,7662.92,2012-04-12,2012-04-12 01:00:00+00:00
7734.55,7788.27,7733.18,7788.27,2012-04-13,2012-04-13 01:00:00+00:00
7747.36,7749.49,7714.14,7729.86,2012-04-16,2012-04-16 01:00:00+00:00
7736.7,7752.1,7585.87,7585.87,2012-04-17,2012-04-17 01:00:00+00:00
7676.48,7683.95,7590.98,7605.0,2012-04-18,2012-04-18 01:00:00+00:00
7602.28,7632.73,7528.04,7622.69,2012-04-19,2012-04-19 01:00:00+00:00
7601.57,7605.22,7507.15,7507.15,2012-04-20,2012-04-20 01:00:00+00:00
7488.82,7521.42,7430.93,7481.09,2012-04-23,2012-04-23 01:00:00+00:00
7457.02,7533.55,7444.79,7498.84,2012-04-24,2012-04-24 01:00:00+00:00
7552.78,7569.25,7525.69,7563.18,2012-04-25,2012-04-25 01:00:00+00:00
7596.53,7600.45,7509.88,7521.35,2012-04-26,2012-04-26 01:00:00+00:00
7569.29,7598.45,7459.75,7480.5,2012-04-27,2012-04-27 01:00:00+00:00
7439.22,7501.72,7422.14,7501.72,2012-04-30,2012-04-30 01:00:00+00:00
7511.76,7679.07,7511.76,7676.81,2012-05-02,2012-05-02 01:00:00+00:00
7671.06,7681.23,7643.09,7659.53,2012-05-03,2012-05-03 01:00:00+00:00
7619.73,7704.87,7614.99,7700.95,2012-05-04,2012-05-04 01:00:00+00:00
7608.35,7608.35,7515.69,7538.08,2012-05-07,2012-05-07 01:00:00+00:00
7572.16,7572.31,7522.29,7545.71,2012-05-08,2012-05-08 01:00:00+00:00
7485.33,7513.71,7448.9,7475.71,2012-05-09,2012-05-09 01:00:00+00:00
7479.14,7523.37,7470.81,7484.01,2012-05-10,2012-05-10 01:00:00+00:00
7472.56,7473.55,7382.95,7401.37,2012-05-11,2012-05-11 01:00:00+00:00
7389.89,7412.59,7346.86,7377.18,2012-05-14,2012-05-14 01:00:00+00:00
7328.74,7396.42,7291.44,7395.64,2012-05-15,2012-05-15 01:00:00+00:00
7376.71,7399.83,7234.57,7234.57,2012-05-16,2012-05-16 01:00:00+00:00
7304.4,7356.77,7274.32,7356.77,2012-05-17,2012-05-17 01:00:00+00:00
7252.24,7253.1,7149.36,7151.19,2012-05-18,2012-05-18 01:00:00+00:00
7164.9,7220.1,7164.9,7192.23,2012-05-21,2012-05-21 01:00:00+00:00
7257.96,7274.89,7232.52,7274.89,2012-05-22,2012-05-22 01:00:00+00:00
7213.6,7213.6,7130.52,7147.75,2012-05-23,2012-05-23 01:00:00+00:00
7155.74,7190.55,7090.47,7124.89,2012-05-24,2012-05-24 01:00:00+00:00
7116.33,7139.76,7066.39,7071.63,2012-05-25,2012-05-25 01:00:00+00:00
7067.55,7136.0,7047.32,7136.0,2012-05-28,2012-05-28 01:00:00+00:00
7179.58,7349.85,7178.67,7342.29,2012-05-29,2012-05-29 01:00:00+00:00
7331.64,7331.64,7222.88,7261.8,2012-05-30,2012-05-30 01:00:00+00:00
7184.91,7301.5,7132.8,7301.5,2012-05-31,2012-05-31 01:00:00+00:00
7213.69,7218.75,7106.09,7106.09,2012-06-01,2012-06-01 01:00:00+00:00
6907.13,6937.33,6857.35,6894.66,2012-06-04,2012-06-04 01:00:00+00:00
6988.52,7037.57,6967.31,7000.45,2012-06-05,2012-06-05 01:00:00+00:00
7037.92,7076.28,7004.4,7056.15,2012-06-06,2012-06-06 01:00:00+00:00
7133.78,7139.16,7052.36,7080.31,2012-06-07,2012-06-07 01:00:00+00:00
7033.51,7063.08,6979.82,6999.65,2012-06-08,2012-06-08 01:00:00+00:00
7081.72,7137.98,7081.72,7120.23,2012-06-11,2012-06-11 01:00:00+00:00
7036.44,7076.37,7026.27,7072.08,2012-06-12,2012-06-12 01:00:00+00:00
7103.2,7109.34,7059.85,7088.83,2012-06-13,2012-06-13 01:00:00+00:00
7096.86,7114.07,7070.36,7075.1,2012-06-14,2012-06-14 01:00:00+00:00
7094.0,7166.08,7085.92,7155.83,2012-06-15,2012-06-15 01:00:00+00:00
7263.81,7302.82,7262.8,7281.5,2012-06-18,2012-06-18 01:00:00+00:00
7286.54,7288.98,7239.42,7273.13,2012-06-19,2012-06-19 01:00:00+00:00
7309.23,7334.63,7281.74,7334.63,2012-06-20,2012-06-20 01:00:00+00:00
7301.79,7311.39,7259.11,7279.05,2012-06-21,2012-06-21 01:00:00+00:00
7210.8,7229.73,7185.31,7222.05,2012-06-22,2012-06-22 01:00:00+00:00
7222.61,7222.61,7157.9,7166.38,2012-06-25,2012-06-25 01:00:00+00:00
7145.22,7156.99,7117.17,7137.93,2012-06-26,2012-06-26 01:00:00+00:00
7137.99,7199.32,7127.98,7183.01,2012-06-27,2012-06-27 01:00:00+00:00
7230.47,7236.71,7165.34,7169.61,2012-06-28,2012-06-28 01:00:00+00:00
7183.45,7296.28,7177.59,7296.28,2012-06-29,2012-06-29 01:00:00+00:00
7332.09,7359.99,7318.22,7345.16,2012-07-02,2012-07-02 01:00:00+00:00
7363.37,7431.7,7357.67,7418.36,2012-07-03,2012-07-03 01:00:00+00:00
7414.56,7442.55,7397.8,7422.59,2012-07-04,2012-07-04 01:00:00+00:00
7412.55,7426.62,7376.45,7387.78,2012-07-05,2012-07-05 01:00:00+00:00
7392.78,7406.62,7328.03,7368.59,2012-07-06,2012-07-06 01:00:00+00:00
7301.72,7333.28,7293.11,7309.96,2012-07-09,2012-07-09 01:00:00+00:00
7305.76,7328.75,7228.88,7251.35,2012-07-10,2012-07-10 01:00:00+00:00
7207.08,7261.59,7202.38,7257.91,2012-07-11,2012-07-11 01:00:00+00:00
7240.88,7242.78,7130.93,7130.93,2012-07-12,2012-07-12 01:00:00+00:00
7113.14,7153.85,7103.71,7104.27,2012-07-13,2012-07-13 01:00:00+00:00
7135.94,7147.38,7085.38,7090.04,2012-07-16,2012-07-16 01:00:00+00:00
7056.8,7133.05,7051.76,7127.0,2012-07-17,2012-07-17 01:00:00+00:00
7132.65,7132.65,7046.09,7049.05,2012-07-18,2012-07-18 01:00:00+00:00
7109.33,7163.75,7098.18,7148.57,2012-07-19,2012-07-19 01:00:00+00:00
7136.48,7164.68,7130.71,7164.68,2012-07-20,2012-07-20 01:00:00+00:00
7105.99,7105.99,6996.18,7028.73,2012-07-23,2012-07-23 01:00:00+00:00
7004.44,7015.76,6968.78,7008.35,2012-07-24,2012-07-24 01:00:00+00:00
6932.12,7036.95,6922.73,6979.13,2012-07-25,2012-07-25 01:00:00+00:00
7012.94,7023.98,6963.57,6970.69,2012-07-26,2012-07-26 01:00:00+00:00
7060.43,7124.49,7045.31,7124.49,2012-07-27,2012-07-27 01:00:00+00:00
7159.21,7184.31,7146.07,7158.88,2012-07-30,2012-07-30 01:00:00+00:00
7140.53,7270.49,7140.53,7270.49,2012-07-31,2012-07-31 01:00:00+00:00
7242.58,7273.62,7223.17,7267.96,2012-08-01,2012-08-01 01:00:00+00:00
7220.51,7235.63,7186.78,7217.51,2012-08-03,2012-08-03 01:00:00+00:00
7311.74,7340.56,7276.6,7286.33,2012-08-06,2012-08-06 01:00:00+00:00
7289.89,7300.99,7265.96,7295.46,2012-08-07,2012-08-07 01:00:00+00:00
7331.59,7357.42,7302.9,7319.8,2012-08-08,2012-08-08 01:00:00+00:00
7341.87,7435.0,7341.87,7433.7,2012-08-09,2012-08-09 01:00:00+00:00
7443.36,7458.23,7409.43,7441.12,2012-08-10,2012-08-10 01:00:00+00:00
7495.81,7495.81,7423.84,7436.3,2012-08-13,2012-08-13 01:00:00+00:00
7447.03,7520.65,7447.03,7479.25,2012-08-14,2012-08-14 01:00:00+00:00
7489.81,7489.81,7442.72,7467.74,2012-08-15,2012-08-15 01:00:00+00:00
7475.68,7515.02,7456.4,7490.21,2012-08-16,2012-08-16 01:00:00+00:00
7502.85,7516.71,7467.92,7467.92,2012-08-17,2012-08-17 01:00:00+00:00
7482.05,7485.16,7422.44,7431.91,2012-08-20,2012-08-20 01:00:00+00:00
7459.5,7536.32,7459.5,7506.81,2012-08-21,2012-08-21 01:00:00+00:00
7495.87,7501.26,7461.07,7496.58,2012-08-22,2012-08-22 01:00:00+00:00
7486.58,7519.03,7475.09,7505.17,2012-08-23,2012-08-23 01:00:00+00:00
7479.57,7494.36,7454.85,7477.53,2012-08-24,2012-08-24 01:00:00+00:00
7504.45,7523.54,7457.75,7468.22,2012-08-27,2012-08-27 01:00:00+00:00
7440.56,7445.08,7359.83,7361.94,2012-08-28,2012-08-28 01:00:00+00:00
7379.48,7405.3,7368.4,7391.15,2012-08-29,2012-08-29 01:00:00+00:00
7372.06,7404.94,7360.1,7371.44,2012-08-30,2012-08-30 01:00:00+00:00
7363.25,7406.52,7363.25,7397.06,2012-08-31,2012-08-31 01:00:00+00:00
7430.4,7462.15,7389.68,7450.53,2012-09-03,2012-09-03 01:00:00+00:00
7471.31,7479.01,7440.03,7451.35,2012-09-04,2012-09-04 01:00:00+00:00
7429.93,7429.93,7364.68,7367.44,2012-09-05,2012-09-05 01:00:00+00:00
7383.04,7390.76,7313.56,7326.72,2012-09-06,2012-09-06 01:00:00+00:00
7434.43,7446.1,7409.88,7424.91,2012-09-07,2012-09-07 01:00:00+00:00
7435.34,7482.74,7435.34,7482.74,2012-09-10,2012-09-10 01:00:00+00:00
7497.23,7509.16,7468.18,7485.13,2012-09-11,2012-09-11 01:00:00+00:00
7518.68,7571.42,7515.04,7570.45,2012-09-12,2012-09-12 01:00:00+00:00
7577.16,7594.76,7557.28,7578.8,2012-09-13,2012-09-13 01:00:00+00:00
7660.38,7738.05,7660.38,7738.05,2012-09-14,2012-09-14 01:00:00+00:00
7768.45,7778.06,7725.9,7762.22,2012-09-17,2012-09-17 01:00:00+00:00
7740.57,7757.04,7714.43,7734.26,2012-09-18,2012-09-18 01:00:00+00:00
7739.52,7781.91,7726.35,7781.91,2012-09-19,2012-09-19 01:00:00+00:00
7781.81,7785.47,7704.61,7727.55,2012-09-20,2012-09-20 01:00:00+00:00
7763.29,7765.01,7737.03,7754.59,2012-09-21,2012-09-21 01:00:00+00:00
7760.33,7781.55,7706.95,7768.3,2012-09-24,2012-09-24 01:00:00+00:00
7766.44,7789.39,7720.44,7734.13,2012-09-25,2012-09-25 01:00:00+00:00
7702.77,7708.9,7649.5,7669.63,2012-09-26,2012-09-26 01:00:00+00:00
7665.89,7699.23,7658.51,7683.8,2012-09-27,2012-09-27 01:00:00+00:00
7704.23,7721.29,7665.35,7715.16,2012-09-28,2012-09-28 01:00:00+00:00
7702.12,7707.89,7657.88,7675.72,2012-10-01,2012-10-01 01:00:00+00:00
7703.1,7726.61,7683.03,7718.68,2012-10-02,2012-10-02 01:00:00+00:00
7727.48,7727.53,7680.98,7684.63,2012-10-03,2012-10-03 01:00:00+00:00
7678.48,7689.08,7621.38,7682.34,2012-10-04,2012-10-04 01:00:00+00:00
7694.05,7721.93,7675.48,7690.65,2012-10-05,2012-10-05 01:00:00+00:00
7707.97,7707.97,7612.87,7615.89,2012-10-08,2012-10-08 01:00:00+00:00
7593.58,7631.96,7590.75,7592.01,2012-10-09,2012-10-09 01:00:00+00:00
7494.58,7501.22,7448.06,7451.72,2012-10-11,2012-10-11 01:00:00+00:00
7456.51,7478.51,7398.8,7437.04,2012-10-12,2012-10-12 01:00:00+00:00
7433.22,7433.68,7392.61,7418.9,2012-10-15,2012-10-15 01:00:00+00:00
7437.79,7471.02,7437.79,7471.02,2012-10-16,2012-10-16 01:00:00+00:00
7505.41,7518.36,7450.29,7464.4,2012-10-17,2012-10-17 01:00:00+00:00
7474.07,7495.45,7448.06,7465.41,2012-10-18,2012-10-18 01:00:00+00:00
7443.61,7449.22,7402.66,7408.76,2012-10-19,2012-10-19 01:00:00+00:00
7333.24,7373.04,7310.79,7373.04,2012-10-22,2012-10-22 01:00:00+00:00
7367.46,7375.5,7326.39,7337.48,2012-10-23,2012-10-23 01:00:00+00:00
7288.14,7348.45,7274.88,7314.88,2012-10-24,2012-10-24 01:00:00+00:00
7329.5,7339.21,7260.0,7262.08,2012-10-25,2012-10-25 01:00:00+00:00
7291.98,7298.48,7132.77,7134.06,2012-10-26,2012-10-26 01:00:00+00:00
7147.2,7165.1,7091.19,7091.67,2012-10-29,2012-10-29 01:00:00+00:00
7131.15,7206.35,7131.15,7182.59,2012-10-30,2012-10-30 01:00:00+00:00
7220.02,7222.84,7139.17,7166.05,2012-10-31,2012-10-31 01:00:00+00:00
7141.97,7188.23,7050.05,7179.64,2012-11-01,2012-11-01 01:00:00+00:00
7232.2,7235.13,7199.57,7210.47,2012-11-02,2012-11-02 01:00:00+00:00
7200.77,7216.3,7161.7,7185.36,2012-11-05,2012-11-05 01:00:00+00:00
7223.02,7236.68,7165.58,7236.68,2012-11-06,2012-11-06 01:00:00+00:00
7249.75,7287.18,7220.04,7287.18,2012-11-07,2012-11-07 01:00:00+00:00
7229.0,7242.63,7190.99,7242.63,2012-11-08,2012-11-08 01:00:00+00:00
7206.16,7302.27,7170.29,7293.22,2012-11-09,2012-11-09 01:00:00+00:00
7303.93,7307.59,7264.02,7267.75,2012-11-12,2012-11-12 01:00:00+00:00
7262.65,7262.65,7129.87,7136.05,2012-11-13,2012-11-13 01:00:00+00:00
7141.58,7165.86,7107.78,7159.75,2012-11-14,2012-11-14 01:00:00+00:00
7132.02,7158.74,7066.28,7143.84,2012-11-15,2012-11-15 01:00:00+00:00
7125.24,7194.28,7108.84,7130.07,2012-11-16,2012-11-16 01:00:00+00:00
7134.71,7162.12,7125.21,7129.04,2012-11-19,2012-11-19 01:00:00+00:00
7179.1,7189.1,7141.16,7145.77,2012-11-20,2012-11-20 01:00:00+00:00
7150.24,7169.4,7061.87,7088.49,2012-11-21,2012-11-21 01:00:00+00:00
7116.8,7134.78,7097.38,7105.76,2012-11-22,2012-11-22 01:00:00+00:00
7148.97,7326.01,7148.97,7326.01,2012-11-23,2012-11-23 01:00:00+00:00
7372.38,7407.37,7370.28,7407.37,2012-11-26,2012-11-26 01:00:00+00:00
7408.74,7436.78,7384.97,7430.2,2012-11-27,2012-11-27 01:00:00+00:00
7418.42,7434.93,7385.91,7434.93,2012-11-28,2012-11-28 01:00:00+00:00
7468.93,7521.52,7466.49,7503.55,2012-11-29,2012-11-29 01:00:00+00:00
7519.07,7590.69,7515.15,7580.17,2012-11-30,2012-11-30 01:00:00+00:00
7582.65,7628.29,7562.19,7599.91,2012-12-03,2012-12-03 01:00:00+00:00
7572.11,7600.98,7536.66,7600.98,2012-12-04,2012-12-04 01:00:00+00:00
7575.63,7650.12,7567.46,7649.05,2012-12-05,2012-12-05 01:00:00+00:00
7660.97,7673.62,7616.79,7623.26,2012-12-06,2012-12-06 01:00:00+00:00
7640.25,7672.92,7631.63,7642.26,2012-12-07,2012-12-07 01:00:00+00:00
7658.39,7669.05,7603.25,7609.5,2012-12-10,2012-12-10 01:00:00+00:00
7621.0,7630.66,7556.67,7613.69,2012-12-11,2012-12-11 01:00:00+00:00
7653.9,7696.02,7645.54,7690.19,2012-12-12,2012-12-12 01:00:00+00:00
7713.69,7757.09,7699.41,7757.09,2012-12-13,2012-12-13 01:00:00+00:00
7722.88,7723.74,7686.32,7698.77,2012-12-14,2012-12-14 01:00:00+00:00
7664.97,7683.32,7603.51,7631.28,2012-12-17,2012-12-17 01:00:00+00:00
7620.29,7643.74,7616.04,7643.74,2012-12-18,2012-12-18 01:00:00+00:00
7671.13,7685.63,7647.01,7677.47,2012-12-19,2012-12-19 01:00:00+00:00
7646.13,7646.13,7574.56,7595.46,2012-12-20,2012-12-20 01:00:00+00:00
7592.57,7608.81,7491.52,7519.93,2012-12-21,2012-12-21 01:00:00+00:00
7537.52,7546.9,7520.8,7540.14,2012-12-22,2012-12-22 01:00:00+00:00
7542.66,7566.09,7520.62,7535.52,2012-12-24,2012-12-24 01:00:00+00:00
7556.24,7654.6,7543.83,7636.57,2012-12-25,2012-12-25 01:00:00+00:00
7646.51,7683.09,7633.83,7634.19,2012-12-26,2012-12-26 01:00:00+00:00
7634.8,7661.01,7622.73,7648.41,2012-12-27,2012-12-27 01:00:00+00:00
7700.87,7708.31,7665.04,7699.5,2012-12-28,2012-12-28 01:00:00+00:00
7738.05,7793.48,7715.26,7779.22,2013-01-02,2013-01-02 01:00:00+00:00
7826.34,7855.16,7815.29,7836.84,2013-01-03,2013-01-03 01:00:00+00:00
7818.27,7818.27,7773.06,7805.99,2013-01-04,2013-01-04 01:00:00+00:00
7797.05,7797.05,7725.47,7755.09,2013-01-07,2013-01-07 01:00:00+00:00
7737.07,7751.8,7692.98,7721.66,2013-01-08,2013-01-08 01:00:00+00:00
7726.4,7763.97,7703.23,7738.64,2013-01-09,2013-01-09 01:00:00+00:00
7780.98,7825.06,7760.09,7811.64,2013-01-10,2013-01-10 01:00:00+00:00
7843.57,7845.36,7801.69,7819.15,2013-01-11,2013-01-11 01:00:00+00:00
7795.68,7823.97,7731.32,7823.97,2013-01-14,2013-01-14 01:00:00+00:00
7823.51,7823.51,7744.39,7765.02,2013-01-15,2013-01-15 01:00:00+00:00
7766.09,7769.18,7700.43,7700.43,2013-01-16,2013-01-16 01:00:00+00:00
7748.57,7774.97,7603.27,7616.64,2013-01-17,2013-01-17 01:00:00+00:00
7697.28,7732.87,7676.11,7732.87,2013-01-18,2013-01-18 01:00:00+00:00
7725.36,7739.37,7674.18,7724.92,2013-01-21,2013-01-21 01:00:00+00:00
7746.79,7759.47,7699.25,7759.1,2013-01-22,2013-01-22 01:00:00+00:00
7773.2,7773.2,7730.1,7744.18,2013-01-23,2013-01-23 01:00:00+00:00
7717.04,7724.68,7653.62,7695.99,2013-01-24,2013-01-24 01:00:00+00:00
7695.25,7704.31,7637.2,7672.58,2013-01-25,2013-01-25 01:00:00+00:00
7685.67,7717.35,7685.67,7714.67,2013-01-28,2013-01-28 01:00:00+00:00
7744.15,7802.0,7739.6,7802.0,2013-01-29,2013-01-29 01:00:00+00:00
7832.95,7847.21,7804.71,7832.98,2013-01-30,2013-01-30 01:00:00+00:00
7832.87,7850.02,7800.9,7850.02,2013-01-31,2013-01-31 01:00:00+00:00
7853.75,7866.23,7832.0,7855.97,2013-02-01,2013-02-01 01:00:00+00:00
7882.76,7929.97,7880.29,7923.16,2013-02-04,2013-02-04 01:00:00+00:00
7896.67,7896.67,7863.91,7886.94,2013-02-05,2013-02-05 01:00:00+00:00
7925.26,7941.65,7906.65,7906.65,2013-02-06,2013-02-06 01:00:00+00:00
8000.69,8005.73,7927.95,7943.53,2013-02-18,2013-02-18 01:00:00+00:00
7974.4,7974.4,7946.09,7960.88,2013-02-19,2013-02-19 01:00:00+00:00
8021.31,8029.1,7995.16,8029.1,2013-02-20,2013-02-20 01:00:00+00:00
8020.52,8020.52,7957.46,7957.46,2013-02-21,2013-02-21 01:00:00+00:00
7947.88,7970.24,7913.16,7947.72,2013-02-22,2013-02-22 01:00:00+00:00
7979.15,7997.94,7965.89,7986.89,2013-02-23,2013-02-23 01:00:00+00:00
7986.87,7995.11,7947.68,7947.68,2013-02-25,2013-02-25 01:00:00+00:00
7891.41,7927.49,7871.23,7880.9,2013-02-26,2013-02-26 01:00:00+00:00
7886.03,7912.85,7873.29,7897.98,2013-02-27,2013-02-27 01:00:00+00:00
7917.72,7964.63,7917.72,7964.63,2013-03-01,2013-03-01 01:00:00+00:00
7966.22,7966.22,7849.52,7867.34,2013-03-04,2013-03-04 01:00:00+00:00
7910.44,7939.85,7882.56,7932.71,2013-03-05,2013-03-05 01:00:00+00:00
7958.11,7982.39,7936.86,7950.3,2013-03-06,2013-03-06 01:00:00+00:00
7950.9,7984.29,7942.37,7960.51,2013-03-07,2013-03-07 01:00:00+00:00
7981.0,8029.14,7981.0,8015.14,2013-03-08,2013-03-08 01:00:00+00:00
8021.88,8089.21,8001.85,8038.72,2013-03-11,2013-03-11 01:00:00+00:00
8039.0,8063.23,7986.59,7994.71,2013-03-12,2013-03-12 01:00:00+00:00
8018.9,8047.56,7962.42,7995.51,2013-03-13,2013-03-13 01:00:00+00:00
8002.42,8002.71,7946.29,7951.76,2013-03-14,2013-03-14 01:00:00+00:00
7989.67,7999.92,7924.94,7927.49,2013-03-15,2013-03-15 01:00:00+00:00
7886.69,7888.16,7807.61,7811.34,2013-03-18,2013-03-18 01:00:00+00:00
7843.47,7863.77,7823.81,7838.47,2013-03-19,2013-03-19 01:00:00+00:00
7834.73,7844.54,7786.56,7798.03,2013-03-20,2013-03-20 01:00:00+00:00
7828.95,7843.16,7811.84,7811.84,2013-03-21,2013-03-21 01:00:00+00:00
7811.52,7832.59,7796.22,7796.22,2013-03-22,2013-03-22 01:00:00+00:00
7862.58,7877.05,7854.47,7856.12,2013-03-25,2013-03-25 01:00:00+00:00
7873.7,7876.68,7845.56,7856.36,2013-03-26,2013-03-26 01:00:00+00:00
7872.75,7894.26,7857.32,7894.12,2013-03-27,2013-03-27 01:00:00+00:00
7905.71,7905.71,7844.84,7866.88,2013-03-28,2013-03-28 01:00:00+00:00
7904.5,7931.7,7883.81,7918.61,2013-03-29,2013-03-29 01:00:00+00:00
7934.25,7937.73,7896.57,7899.24,2013-04-01,2013-04-01 01:00:00+00:00
7897.16,7924.46,7879.55,7913.18,2013-04-02,2013-04-02 01:00:00+00:00
7949.12,7954.15,7913.77,7942.35,2013-04-03,2013-04-03 01:00:00+00:00
7831.22,7843.1,7747.47,7752.79,2013-04-08,2013-04-08 01:00:00+00:00
7766.62,7781.13,7714.93,7728.54,2013-04-09,2013-04-09 01:00:00+00:00
7772.95,7772.95,7739.99,7752.8,2013-04-10,2013-04-10 01:00:00+00:00
7788.58,7857.98,7788.58,7857.98,2013-04-11,2013-04-11 01:00:00+00:00
7861.12,7864.86,7810.54,7821.63,2013-04-12,2013-04-12 01:00:00+00:00
7815.32,7835.12,7753.24,7763.53,2013-04-15,2013-04-15 01:00:00+00:00
7690.91,7801.05,7688.62,7801.05,2013-04-16,2013-04-16 01:00:00+00:00
7822.81,7822.81,7791.53,7809.07,2013-04-17,2013-04-17 01:00:00+00:00
7781.48,7826.13,7757.33,7791.35,2013-04-18,2013-04-18 01:00:00+00:00
7868.9,7933.72,7862.92,7930.8,2013-04-19,2013-04-19 01:00:00+00:00
7976.1,7996.55,7950.01,7970.38,2013-04-22,2013-04-22 01:00:00+00:00
7955.92,7968.79,7913.6,7942.77,2013-04-23,2013-04-23 01:00:00+00:00
7977.4,8025.45,7968.28,8023.71,2013-04-24,2013-04-24 01:00:00+00:00
8015.38,8026.46,7994.19,8021.75,2013-04-25,2013-04-25 01:00:00+00:00
8034.47,8081.37,8020.47,8022.06,2013-04-26,2013-04-26 01:00:00+00:00
8043.71,8046.22,8014.27,8029.74,2013-04-29,2013-04-29 01:00:00+00:00
8065.92,8115.59,8065.92,8093.66,2013-04-30,2013-04-30 01:00:00+00:00
8111.43,8139.49,8095.7,8128.51,2013-05-02,2013-05-02 01:00:00+00:00
8157.51,8175.33,8121.07,8135.03,2013-05-03,2013-05-03 01:00:00+00:00
8188.48,8197.52,8153.96,8169.05,2013-05-06,2013-05-06 01:00:00+00:00
8177.58,8181.8,8145.1,8163.06,2013-05-07,2013-05-07 01:00:00+00:00
8177.94,8284.09,8177.94,8267.09,2013-05-08,2013-05-08 01:00:00+00:00
8314.37,8322.69,8279.46,8285.89,2013-05-09,2013-05-09 01:00:00+00:00
8284.38,8297.33,8258.62,8280.26,2013-05-10,2013-05-10 01:00:00+00:00
8285.45,8296.54,8230.65,8248.32,2013-05-13,2013-05-13 01:00:00+00:00
8272.2,8295.41,8233.98,8251.82,2013-05-14,2013-05-14 01:00:00+00:00
8264.1,8320.32,8251.51,8318.59,2013-05-15,2013-05-15 01:00:00+00:00
8362.49,8414.88,8346.45,8390.05,2013-05-16,2013-05-16 01:00:00+00:00
8377.26,8402.34,8356.79,8368.19,2013-05-17,2013-05-17 01:00:00+00:00
8364.95,8385.68,8347.33,8377.05,2013-05-20,2013-05-20 01:00:00+00:00
8381.36,8420.68,8361.96,8383.05,2013-05-21,2013-05-21 01:00:00+00:00
8414.06,8439.15,8376.21,8398.84,2013-05-22,2013-05-22 01:00:00+00:00
8367.85,8373.09,8235.5,8237.83,2013-05-23,2013-05-23 01:00:00+00:00
8273.21,8277.56,8172.54,8209.78,2013-05-24,2013-05-24 01:00:00+00:00
8218.88,8280.1,8210.32,8280.1,2013-05-27,2013-05-27 01:00:00+00:00
8289.15,8303.71,8261.54,8263.05,2013-05-28,2013-05-28 01:00:00+00:00
8303.2,8344.21,8303.2,8337.9,2013-05-29,2013-05-29 01:00:00+00:00
8316.97,8316.97,8228.8,8243.29,2013-05-30,2013-05-30 01:00:00+00:00
8318.77,8334.44,8237.08,8254.8,2013-05-31,2013-05-31 01:00:00+00:00
8177.97,8225.79,8149.45,8201.02,2013-06-03,2013-06-03 01:00:00+00:00
8243.22,8250.17,8180.39,8191.22,2013-06-04,2013-06-04 01:00:00+00:00
8195.52,8216.31,8161.1,8181.91,2013-06-05,2013-06-05 01:00:00+00:00
8135.56,8162.25,8088.31,8096.14,2013-06-06,2013-06-06 01:00:00+00:00
8113.95,8146.78,8071.98,8095.2,2013-06-07,2013-06-07 01:00:00+00:00
8161.51,8190.87,8142.71,8160.55,2013-06-10,2013-06-10 01:00:00+00:00
8178.95,8178.95,8116.15,8116.15,2013-06-11,2013-06-11 01:00:00+00:00
8041.5,8057.33,7951.66,7951.66,2013-06-13,2013-06-13 01:00:00+00:00
7978.75,7989.19,7912.37,7937.74,2013-06-14,2013-06-14 01:00:00+00:00
7953.65,7999.43,7940.72,7992.89,2013-06-17,2013-06-17 01:00:00+00:00
7994.81,8024.95,7955.74,8011.02,2013-06-18,2013-06-18 01:00:00+00:00
8033.32,8056.19,8005.57,8007.39,2013-06-19,2013-06-19 01:00:00+00:00
7952.36,7962.76,7890.93,7898.91,2013-06-20,2013-06-20 01:00:00+00:00
7778.84,7815.79,7739.09,7793.31,2013-06-21,2013-06-21 01:00:00+00:00
7788.45,7815.1,7744.49,7758.03,2013-06-24,2013-06-24 01:00:00+00:00
7750.34,7792.27,7663.23,7663.23,2013-06-25,2013-06-25 01:00:00+00:00
7789.34,7821.14,7742.2,7784.8,2013-06-26,2013-06-26 01:00:00+00:00
7841.32,7884.13,7834.33,7883.9,2013-06-27,2013-06-27 01:00:00+00:00
7928.54,8062.21,7891.06,8062.21,2013-06-28,2013-06-28 01:00:00+00:00
8011.95,8063.47,7974.15,8036.0,2013-07-01,2013-07-01 01:00:00+00:00
8061.84,8064.12,8012.79,8015.86,2013-07-02,2013-07-02 01:00:00+00:00
7991.53,7995.3,7899.08,7911.42,2013-07-03,2013-07-03 01:00:00+00:00
7919.26,7927.08,7877.06,7893.72,2013-07-04,2013-07-04 01:00:00+00:00
7932.3,8018.93,7926.35,8001.82,2013-07-05,2013-07-05 01:00:00+00:00
7980.11,7992.16,7885.0,7886.34,2013-07-08,2013-07-08 01:00:00+00:00
7891.53,7975.64,7891.37,7971.18,2013-07-09,2013-07-09 01:00:00+00:00
7974.99,8057.92,7974.99,8011.69,2013-07-10,2013-07-10 01:00:00+00:00
8080.97,8179.54,8080.97,8179.54,2013-07-11,2013-07-11 01:00:00+00:00
8187.86,8220.49,8169.92,8220.49,2013-07-12,2013-07-12 01:00:00+00:00
8178.26,8254.68,8175.55,8254.68,2013-07-15,2013-07-15 01:00:00+00:00
8243.62,8260.11,8222.17,8260.11,2013-07-16,2013-07-16 01:00:00+00:00
8239.1,8260.25,8208.71,8258.95,2013-07-17,2013-07-17 01:00:00+00:00
8238.28,8265.7,8181.99,8194.88,2013-07-18,2013-07-18 01:00:00+00:00
8117.94,8139.81,8046.7,8062.03,2013-07-19,2013-07-19 01:00:00+00:00
8092.03,8137.37,8092.03,8105.45,2013-07-22,2013-07-22 01:00:00+00:00
8152.72,8220.89,8145.09,8214.65,2013-07-23,2013-07-23 01:00:00+00:00
8222.85,8233.1,8172.23,8196.19,2013-07-24,2013-07-24 01:00:00+00:00
8173.19,8203.49,8140.41,8163.58,2013-07-25,2013-07-25 01:00:00+00:00
8188.36,8222.82,8135.73,8149.4,2013-07-26,2013-07-26 01:00:00+00:00
8146.14,8163.89,8074.29,8084.5,2013-07-29,2013-07-29 01:00:00+00:00
8113.17,8176.74,8112.91,8163.55,2013-07-30,2013-07-30 01:00:00+00:00
8163.44,8170.57,8107.6,8107.94,2013-07-31,2013-07-31 01:00:00+00:00
8110.73,8113.4,8056.22,8056.22,2013-08-01,2013-08-01 01:00:00+00:00
8114.51,8162.91,8087.1,8099.88,2013-08-02,2013-08-02 01:00:00+00:00
8104.2,8143.44,8075.99,8138.63,2013-08-05,2013-08-05 01:00:00+00:00
8129.85,8129.85,8028.93,8038.91,2013-08-06,2013-08-06 01:00:00+00:00
7993.57,7993.57,7921.29,7921.29,2013-08-07,2013-08-07 01:00:00+00:00
7910.2,7932.35,7894.18,7907.67,2013-08-08,2013-08-08 01:00:00+00:00
7955.0,7955.0,7853.97,7856.14,2013-08-09,2013-08-09 01:00:00+00:00
7878.22,7908.68,7862.04,7903.38,2013-08-12,2013-08-12 01:00:00+00:00
7935.79,7986.27,7935.79,7986.27,2013-08-13,2013-08-13 01:00:00+00:00
7978.74,7981.56,7926.23,7951.33,2013-08-14,2013-08-14 01:00:00+00:00
7903.01,7916.02,7850.27,7887.26,2013-08-15,2013-08-15 01:00:00+00:00
7854.68,7949.43,7850.49,7925.0,2013-08-16,2013-08-16 01:00:00+00:00
7937.45,7944.74,7888.87,7900.21,2013-08-19,2013-08-19 01:00:00+00:00
7896.38,7924.52,7829.78,7832.65,2013-08-20,2013-08-20 01:00:00+00:00
7779.44,7825.56,7737.33,7814.38,2013-08-22,2013-08-22 01:00:00+00:00
7863.73,7895.13,7845.92,7873.31,2013-08-23,2013-08-23 01:00:00+00:00
7906.52,7913.74,7874.05,7894.97,2013-08-26,2013-08-26 01:00:00+00:00
7875.93,7895.23,7820.84,7820.84,2013-08-27,2013-08-27 01:00:00+00:00
7776.87,7834.11,7761.76,7824.54,2013-08-28,2013-08-28 01:00:00+00:00
7841.99,7931.05,7841.99,7917.66,2013-08-29,2013-08-29 01:00:00+00:00
7949.99,8021.89,7936.82,8021.89,2013-08-30,2013-08-30 01:00:00+00:00
8010.15,8052.71,7993.13,8038.86,2013-09-02,2013-09-02 01:00:00+00:00
8095.66,8102.66,8067.62,8088.37,2013-09-03,2013-09-03 01:00:00+00:00
8066.67,8094.12,8041.49,8083.44,2013-09-04,2013-09-04 01:00:00+00:00
8109.24,8169.1,8107.22,8169.1,2013-09-05,2013-09-05 01:00:00+00:00
8180.53,8182.56,8155.5,8164.2,2013-09-06,2013-09-06 01:00:00+00:00
8176.47,8192.11,8117.87,8192.11,2013-09-09,2013-09-09 01:00:00+00:00
8217.21,8238.91,8155.87,8208.77,2013-09-10,2013-09-10 01:00:00+00:00
8174.54,8208.99,8137.07,8208.99,2013-09-11,2013-09-11 01:00:00+00:00
8180.38,8226.61,8177.03,8225.36,2013-09-12,2013-09-12 01:00:00+00:00
8210.15,8228.67,8162.14,8168.2,2013-09-13,2013-09-13 01:00:00+00:00
8169.41,8176.76,8142.48,8142.48,2013-09-14,2013-09-14 01:00:00+00:00
8189.61,8255.34,8189.61,8255.34,2013-09-16,2013-09-16 01:00:00+00:00
8241.03,8249.78,8218.94,8249.78,2013-09-17,2013-09-17 01:00:00+00:00
8248.18,8263.05,8209.18,8209.18,2013-09-18,2013-09-18 01:00:00+00:00
8226.8,8293.03,8221.34,8292.83,2013-09-23,2013-09-23 01:00:00+00:00
8295.5,8310.94,8265.55,8299.12,2013-09-24,2013-09-24 01:00:00+00:00
8283.6,8285.28,8253.43,8283.9,2013-09-25,2013-09-25 01:00:00+00:00
8290.1,8290.1,8184.68,8184.68,2013-09-26,2013-09-26 01:00:00+00:00
8222.13,8244.86,8207.72,8230.68,2013-09-27,2013-09-27 01:00:00+00:00
8174.86,8204.4,8137.11,8173.87,2013-09-30,2013-09-30 01:00:00+00:00
8173.99,8222.38,8172.79,8187.02,2013-10-01,2013-10-01 01:00:00+00:00
8215.96,8228.81,8204.34,8216.52,2013-10-02,2013-10-02 01:00:00+00:00
8231.68,8376.79,8231.68,8359.02,2013-10-03,2013-10-03 01:00:00+00:00
8345.82,8376.06,8336.61,8364.55,2013-10-04,2013-10-04 01:00:00+00:00
8354.91,8361.5,8323.79,8333.66,2013-10-07,2013-10-07 01:00:00+00:00
8340.33,8375.65,8311.59,8375.65,2013-10-08,2013-10-08 01:00:00+00:00
8352.25,8378.37,8330.79,8344.73,2013-10-09,2013-10-09 01:00:00+00:00
8407.45,8433.53,8349.37,8349.37,2013-10-11,2013-10-11 01:00:00+00:00
8339.99,8343.65,8269.16,8273.96,2013-10-14,2013-10-14 01:00:00+00:00
8320.48,8368.02,8320.48,8367.88,2013-10-15,2013-10-15 01:00:00+00:00
8384.03,8384.03,8332.18,8332.18,2013-10-16,2013-10-16 01:00:00+00:00
8390.88,8415.16,8364.89,8374.68,2013-10-17,2013-10-17 01:00:00+00:00
8416.33,8441.19,8390.32,8441.19,2013-10-18,2013-10-18 01:00:00+00:00
8456.68,8459.3,8400.06,8419.32,2013-10-21,2013-10-21 01:00:00+00:00
8407.62,8425.31,8376.27,8418.27,2013-10-22,2013-10-22 01:00:00+00:00
8419.8,8438.95,8380.15,8393.62,2013-10-23,2013-10-23 01:00:00+00:00
8364.45,8413.72,8346.52,8413.72,2013-10-24,2013-10-24 01:00:00+00:00
8380.31,8390.25,8322.15,8346.62,2013-10-25,2013-10-25 01:00:00+00:00
8365.43,8414.81,8348.42,8407.83,2013-10-28,2013-10-28 01:00:00+00:00
8394.85,8432.9,8380.21,8420.98,2013-10-29,2013-10-29 01:00:00+00:00
8429.4,8465.06,8419.21,8465.06,2013-10-30,2013-10-30 01:00:00+00:00
8437.76,8469.58,8424.47,8450.06,2013-10-31,2013-10-31 01:00:00+00:00
8474.47,8476.63,8378.94,8388.18,2013-11-01,2013-11-01 01:00:00+00:00
8371.83,8371.83,8333.63,8354.14,2013-11-04,2013-11-04 01:00:00+00:00
8354.92,8372.8,8262.2,8262.2,2013-11-05,2013-11-05 01:00:00+00:00
8275.07,8297.57,8232.5,8281.97,2013-11-06,2013-11-06 01:00:00+00:00
8298.06,8298.06,8250.72,8283.71,2013-11-07,2013-11-07 01:00:00+00:00
8235.3,8266.72,8216.33,8229.59,2013-11-08,2013-11-08 01:00:00+00:00
8228.9,8242.41,8168.92,8182.56,2013-11-11,2013-11-11 01:00:00+00:00
8233.62,8233.62,8160.17,8195.26,2013-11-12,2013-11-12 01:00:00+00:00
8199.26,8199.26,8104.26,8104.26,2013-11-13,2013-11-13 01:00:00+00:00
8137.82,8161.7,8100.73,8134.91,2013-11-14,2013-11-14 01:00:00+00:00
8168.9,8210.1,8160.28,8177.12,2013-11-15,2013-11-15 01:00:00+00:00
8201.85,8226.61,8186.47,8191.46,2013-11-18,2013-11-18 01:00:00+00:00
8215.0,8260.82,8215.0,8260.21,2013-11-19,2013-11-19 01:00:00+00:00
8250.31,8262.91,8204.46,8204.46,2013-11-20,2013-11-20 01:00:00+00:00
8197.86,8203.45,8093.82,8099.45,2013-11-21,2013-11-21 01:00:00+00:00
8107.98,8142.72,8107.98,8116.78,2013-11-22,2013-11-22 01:00:00+00:00
8182.9,8217.62,8182.9,8187.51,2013-11-25,2013-11-25 01:00:00+00:00
8200.7,8281.38,8187.28,8248.02,2013-11-26,2013-11-26 01:00:00+00:00
8287.63,8312.32,8279.51,8295.88,2013-11-27,2013-11-27 01:00:00+00:00
8320.65,8377.81,8320.65,8362.43,2013-11-28,2013-11-28 01:00:00+00:00
8374.14,8414.79,8365.32,8406.83,2013-11-29,2013-11-29 01:00:00+00:00
8429.24,8437.13,8391.82,8414.61,2013-12-02,2013-12-02 01:00:00+00:00
8407.74,8418.23,8390.73,8392.55,2013-12-03,2013-12-03 01:00:00+00:00
8379.44,8435.23,8375.79,8418.0,2013-12-04,2013-12-04 01:00:00+00:00
8430.53,8437.6,8362.39,8375.54,2013-12-05,2013-12-05 01:00:00+00:00
8372.61,8410.19,8361.99,8367.72,2013-12-06,2013-12-06 01:00:00+00:00
8439.76,8477.87,8433.81,8444.62,2013-12-09,2013-12-09 01:00:00+00:00
8451.81,8459.49,8421.59,8443.39,2013-12-10,2013-12-10 01:00:00+00:00
8450.96,8501.77,8413.52,8433.77,2013-12-11,2013-12-11 01:00:00+00:00
8405.62,8406.93,8361.33,8361.33,2013-12-12,2013-12-12 01:00:00+00:00
8355.01,8391.82,8346.83,8376.94,2013-12-13,2013-12-13 01:00:00+00:00
8368.83,8374.21,8313.87,8313.87,2013-12-16,2013-12-16 01:00:00+00:00
8351.98,8384.26,8351.98,8352.93,2013-12-17,2013-12-17 01:00:00+00:00
8361.75,8375.52,8333.31,8349.04,2013-12-18,2013-12-18 01:00:00+00:00
8400.39,8426.08,8378.78,8407.4,2013-12-19,2013-12-19 01:00:00+00:00
8400.21,8439.37,8392.38,8408.53,2013-12-20,2013-12-20 01:00:00+00:00
8441.16,8477.47,8441.16,8456.46,2013-12-23,2013-12-23 01:00:00+00:00
8473.02,8478.09,8450.49,8450.49,2013-12-24,2013-12-24 01:00:00+00:00
8461.49,8484.05,8457.87,8467.76,2013-12-25,2013-12-25 01:00:00+00:00
8467.73,8492.71,8465.85,8485.89,2013-12-26,2013-12-26 01:00:00+00:00
8490.73,8543.5,8488.44,8535.04,2013-12-27,2013-12-27 01:00:00+00:00
8552.13,8623.43,8552.13,8623.43,2013-12-30,2013-12-30 01:00:00+00:00
8636.5,8647.24,8593.75,8611.51,2013-12-31,2013-12-31 01:00:00+00:00
8618.6,8632.81,8587.54,8612.54,2014-01-02,2014-01-02 01:00:00+00:00
8584.74,8584.74,8537.86,8546.54,2014-01-03,2014-01-03 01:00:00+00:00
8553.0,8568.24,8488.64,8500.01,2014-01-06,2014-01-06 01:00:00+00:00
8515.36,8547.19,8512.3,8512.3,2014-01-07,2014-01-07 01:00:00+00:00
8548.61,8587.08,8548.61,8556.01,2014-01-08,2014-01-08 01:00:00+00:00
8555.8,8569.11,8506.02,8514.68,2014-01-09,2014-01-09 01:00:00+00:00
8559.18,8559.18,8521.5,8529.35,2014-01-10,2014-01-10 01:00:00+00:00
8587.49,8607.23,8558.96,8566.2,2014-01-13,2014-01-13 01:00:00+00:00
8545.46,8568.31,8523.46,8548.14,2014-01-14,2014-01-14 01:00:00+00:00
8567.81,8619.56,8567.81,8602.55,2014-01-15,2014-01-15 01:00:00+00:00
8653.54,8668.95,8610.24,8612.11,2014-01-16,2014-01-16 01:00:00+00:00
8628.49,8628.86,8580.49,8596.0,2014-01-17,2014-01-17 01:00:00+00:00
8595.59,8636.21,8584.5,8621.56,2014-01-20,2014-01-20 01:00:00+00:00
8639.71,8650.14,8599.9,8599.9,2014-01-21,2014-01-21 01:00:00+00:00
8598.98,8633.57,8596.99,8625.3,2014-01-22,2014-01-22 01:00:00+00:00
8644.56,8647.87,8595.1,8595.1,2014-01-23,2014-01-23 01:00:00+00:00
8581.49,8608.64,8577.14,8598.31,2014-01-24,2014-01-24 01:00:00+00:00
8519.48,8519.48,8442.19,8462.57,2014-01-27,2014-01-27 01:00:00+00:00
8290.17,8313.83,8230.46,8264.48,2014-02-05,2014-02-05 01:00:00+00:00
8286.16,8333.56,8284.77,8311.01,2014-02-06,2014-02-06 01:00:00+00:00
8383.99,8409.03,8356.93,8387.35,2014-02-07,2014-02-07 01:00:00+00:00
8416.42,8447.02,8391.95,8391.95,2014-02-10,2014-02-10 01:00:00+00:00
8413.86,8439.33,8401.54,8430.56,2014-02-11,2014-02-11 01:00:00+00:00
8471.51,8510.87,8471.51,8510.87,2014-02-12,2014-02-12 01:00:00+00:00
8506.22,8511.02,8467.7,8467.7,2014-02-13,2014-02-13 01:00:00+00:00
8524.54,8566.99,8508.24,8513.68,2014-02-14,2014-02-14 01:00:00+00:00
8537.83,8558.5,8512.6,8519.55,2014-02-17,2014-02-17 01:00:00+00:00
8530.81,8556.23,8506.06,8556.23,2014-02-18,2014-02-18 01:00:00+00:00
8565.06,8577.01,8543.15,8577.01,2014-02-19,2014-02-19 01:00:00+00:00
8555.27,8567.5,8513.08,8524.62,2014-02-20,2014-02-20 01:00:00+00:00
8571.29,8612.08,8571.29,8601.86,2014-02-21,2014-02-21 01:00:00+00:00
8603.61,8612.21,8541.65,8560.61,2014-02-24,2014-02-24 01:00:00+00:00
8581.14,8598.73,8564.51,8575.62,2014-02-25,2014-02-25 01:00:00+00:00
8569.04,8626.68,8563.87,8600.86,2014-02-26,2014-02-26 01:00:00+00:00
8626.51,8647.9,8615.41,8639.58,2014-02-27,2014-02-27 01:00:00+00:00
8627.15,8628.05,8545.24,8601.98,2014-03-03,2014-03-03 01:00:00+00:00
8583.58,8595.59,8554.54,8554.54,2014-03-04,2014-03-04 01:00:00+00:00
8622.19,8652.22,8622.19,8632.93,2014-03-05,2014-03-05 01:00:00+00:00
8660.29,8719.17,8660.29,8713.79,2014-03-06,2014-03-06 01:00:00+00:00
8754.74,8787.62,8698.6,8713.96,2014-03-07,2014-03-07 01:00:00+00:00
8706.43,8712.88,8651.54,8665.24,2014-03-10,2014-03-10 01:00:00+00:00
8694.96,8716.31,8684.63,8702.33,2014-03-11,2014-03-11 01:00:00+00:00
8671.4,8684.73,8651.99,8684.73,2014-03-12,2014-03-12 01:00:00+00:00
8737.81,8768.66,8732.15,8747.79,2014-03-13,2014-03-13 01:00:00+00:00
8697.73,8709.56,8677.81,8687.63,2014-03-14,2014-03-14 01:00:00+00:00
8697.26,8708.4,8662.49,8700.1,2014-03-17,2014-03-17 01:00:00+00:00
8747.38,8759.55,8713.51,8731.94,2014-03-18,2014-03-18 01:00:00+00:00
8745.02,8749.8,8682.75,8689.46,2014-03-19,2014-03-19 01:00:00+00:00
8638.59,8638.59,8580.4,8597.33,2014-03-20,2014-03-20 01:00:00+00:00
8642.82,8642.82,8562.57,8577.17,2014-03-21,2014-03-21 01:00:00+00:00
8540.27,8605.38,8508.01,8605.38,2014-03-24,2014-03-24 01:00:00+00:00
8589.19,8689.3,8589.19,8689.3,2014-03-25,2014-03-25 01:00:00+00:00
8741.03,8746.71,8717.79,8737.27,2014-03-26,2014-03-26 01:00:00+00:00
8737.56,8780.42,8723.82,8779.57,2014-03-27,2014-03-27 01:00:00+00:00
8779.91,8812.41,8751.07,8774.64,2014-03-28,2014-03-28 01:00:00+00:00
8802.93,8849.28,8769.97,8849.28,2014-03-31,2014-03-31 01:00:00+00:00
8847.34,8873.15,8826.16,8873.15,2014-04-01,2014-04-01 01:00:00+00:00
8906.52,8922.79,8883.14,8905.45,2014-04-02,2014-04-02 01:00:00+00:00
8902.94,8913.74,8871.16,8888.54,2014-04-03,2014-04-03 01:00:00+00:00
8844.91,8876.44,8828.59,8876.44,2014-04-07,2014-04-07 01:00:00+00:00
8878.88,8899.12,8860.7,8888.25,2014-04-08,2014-04-08 01:00:00+00:00
8912.39,8936.57,8912.39,8930.57,2014-04-09,2014-04-09 01:00:00+00:00
8964.34,8978.52,8898.3,8948.1,2014-04-10,2014-04-10 01:00:00+00:00
8900.13,8909.97,8848.24,8908.05,2014-04-11,2014-04-11 01:00:00+00:00
8897.23,8899.51,8852.66,8857.42,2014-04-14,2014-04-14 01:00:00+00:00
8898.65,8918.94,8889.44,8916.71,2014-04-15,2014-04-15 01:00:00+00:00
8921.07,8968.56,8894.29,8923.82,2014-04-16,2014-04-16 01:00:00+00:00
8942.23,8962.66,8921.56,8944.16,2014-04-17,2014-04-17 01:00:00+00:00
8994.77,9002.7,8945.56,8966.66,2014-04-18,2014-04-18 01:00:00+00:00
8961.52,8965.58,8938.47,8951.19,2014-04-21,2014-04-21 01:00:00+00:00
8956.22,8989.06,8955.19,8974.71,2014-04-22,2014-04-22 01:00:00+00:00
9009.59,9022.28,8947.86,8956.92,2014-04-23,2014-04-23 01:00:00+00:00
8968.82,8971.94,8926.55,8945.45,2014-04-24,2014-04-24 01:00:00+00:00
8945.81,8951.06,8749.51,8774.12,2014-04-25,2014-04-25 01:00:00+00:00
8680.14,8825.93,8671.65,8809.71,2014-04-28,2014-04-28 01:00:00+00:00
8845.6,8884.48,8833.37,8872.11,2014-04-29,2014-04-29 01:00:00+00:00
8885.7,8890.09,8791.44,8791.44,2014-04-30,2014-04-30 01:00:00+00:00
8846.86,8875.9,8839.92,8867.32,2014-05-02,2014-05-02 01:00:00+00:00
8895.87,8911.08,8844.45,8870.43,2014-05-05,2014-05-05 01:00:00+00:00
8888.45,8927.39,8853.72,8912.39,2014-05-06,2014-05-06 01:00:00+00:00
8903.72,8911.03,8856.98,8893.22,2014-05-07,2014-05-07 01:00:00+00:00
8925.21,8941.46,8891.74,8930.9,2014-05-08,2014-05-08 01:00:00+00:00
8943.14,8945.63,8878.32,8889.69,2014-05-09,2014-05-09 01:00:00+00:00
8893.72,8898.31,8803.43,8808.61,2014-05-12,2014-05-12 01:00:00+00:00
8865.61,8886.66,8809.06,8817.94,2014-05-13,2014-05-13 01:00:00+00:00
8842.05,8875.16,8812.19,8875.16,2014-05-14,2014-05-14 01:00:00+00:00
8852.92,8880.65,8839.44,8880.65,2014-05-15,2014-05-15 01:00:00+00:00
8857.12,8896.72,8816.92,8888.45,2014-05-16,2014-05-16 01:00:00+00:00
8901.54,8912.35,8877.46,8899.9,2014-05-19,2014-05-19 01:00:00+00:00
8922.08,8930.79,8887.79,8887.79,2014-05-20,2014-05-20 01:00:00+00:00
8894.16,8905.04,8848.53,8862.42,2014-05-21,2014-05-21 01:00:00+00:00
8899.82,8969.63,8899.82,8969.63,2014-05-22,2014-05-22 01:00:00+00:00
8960.79,9008.22,8960.79,9008.22,2014-05-23,2014-05-23 01:00:00+00:00
9040.49,9053.75,9026.77,9036.12,2014-05-26,2014-05-26 01:00:00+00:00
9045.08,9059.19,9035.69,9055.29,2014-05-27,2014-05-27 01:00:00+00:00
9072.04,9125.14,9069.89,9121.71,2014-05-28,2014-05-28 01:00:00+00:00
9123.46,9131.66,9093.57,9109.0,2014-05-29,2014-05-29 01:00:00+00:00
9130.66,9139.57,9075.91,9075.91,2014-05-30,2014-05-30 01:00:00+00:00
9106.61,9128.34,9070.45,9123.46,2014-06-03,2014-06-03 01:00:00+00:00
9135.01,9140.55,9114.18,9119.96,2014-06-04,2014-06-04 01:00:00+00:00
9127.56,9140.72,9094.13,9140.72,2014-06-05,2014-06-05 01:00:00+00:00
9167.83,9174.77,9122.56,9134.46,2014-06-06,2014-06-06 01:00:00+00:00
9153.93,9166.58,9138.93,9162.74,2014-06-09,2014-06-09 01:00:00+00:00
9181.9,9222.37,9171.75,9222.37,2014-06-10,2014-06-10 01:00:00+00:00
9218.5,9229.8,9204.76,9229.8,2014-06-11,2014-06-11 01:00:00+00:00
9209.99,9220.89,9186.79,9204.65,2014-06-12,2014-06-12 01:00:00+00:00
9192.73,9207.74,9171.51,9196.39,2014-06-13,2014-06-13 01:00:00+00:00
9196.23,9214.19,9179.56,9202.93,2014-06-16,2014-06-16 01:00:00+00:00
9223.02,9249.87,9200.86,9240.6,2014-06-17,2014-06-17 01:00:00+00:00
9257.65,9316.64,9204.35,9279.93,2014-06-18,2014-06-18 01:00:00+00:00
9288.69,9324.4,9283.38,9316.81,2014-06-19,2014-06-19 01:00:00+00:00
9330.35,9339.83,9273.79,9273.79,2014-06-20,2014-06-20 01:00:00+00:00
9293.06,9302.65,9225.73,9228.35,2014-06-23,2014-06-23 01:00:00+00:00
9232.35,9276.24,9232.35,9246.2,2014-06-24,2014-06-24 01:00:00+00:00
9250.13,9255.87,9229.8,9242.16,2014-06-25,2014-06-25 01:00:00+00:00
9273.36,9320.94,9271.35,9320.94,2014-06-26,2014-06-26 01:00:00+00:00
9316.89,9330.95,9303.57,9306.83,2014-06-27,2014-06-27 01:00:00+00:00
9332.44,9393.07,9327.89,9393.07,2014-06-30,2014-06-30 01:00:00+00:00
9393.07,9463.06,9374.28,9441.92,2014-07-01,2014-07-01 01:00:00+00:00
9482.0,9547.05,9421.87,9484.96,2014-07-02,2014-07-02 01:00:00+00:00
9468.78,9538.65,9449.78,9526.23,2014-07-03,2014-07-03 01:00:00+00:00
9525.93,9550.11,9482.94,9510.05,2014-07-04,2014-07-04 01:00:00+00:00
9497.27,9520.2,9454.67,9520.2,2014-07-07,2014-07-07 01:00:00+00:00
9515.18,9540.57,9499.17,9530.98,2014-07-08,2014-07-08 01:00:00+00:00
9510.0,9522.99,9478.76,9489.98,2014-07-09,2014-07-09 01:00:00+00:00
9512.89,9568.75,9512.89,9565.12,2014-07-10,2014-07-10 01:00:00+00:00
9561.71,9591.27,9478.07,9495.84,2014-07-11,2014-07-11 01:00:00+00:00
9497.81,9545.99,9488.12,9520.3,2014-07-14,2014-07-14 01:00:00+00:00
9558.42,9593.68,9547.94,9569.17,2014-07-15,2014-07-15 01:00:00+00:00
9570.33,9574.13,9471.65,9484.73,2014-07-16,2014-07-16 01:00:00+00:00
9420.11,9461.86,9373.87,9408.24,2014-07-17,2014-07-17 01:00:00+00:00
9335.38,9421.34,9335.38,9400.97,2014-07-18,2014-07-18 01:00:00+00:00
9453.78,9480.14,9426.3,9440.97,2014-07-21,2014-07-21 01:00:00+00:00
9453.23,9499.36,9418.74,9499.36,2014-07-22,2014-07-22 01:00:00+00:00
9508.26,9538.07,9483.52,9527.54,2014-07-24,2014-07-24 01:00:00+00:00
9519.99,9528.7,9412.48,9439.29,2014-07-25,2014-07-25 01:00:00+00:00
9415.9,9460.43,9385.56,9420.18,2014-07-28,2014-07-28 01:00:00+00:00
9457.8,9483.75,9357.32,9391.88,2014-07-29,2014-07-29 01:00:00+00:00
9409.62,9456.03,9398.82,9447.02,2014-07-30,2014-07-30 01:00:00+00:00
9436.04,9438.97,9313.87,9315.85,2014-07-31,2014-07-31 01:00:00+00:00
9223.75,9274.64,9201.83,9266.51,2014-08-01,2014-08-01 01:00:00+00:00
9280.29,9330.19,9258.18,9330.19,2014-08-04,2014-08-04 01:00:00+00:00
9316.82,9316.82,9141.44,9141.44,2014-08-05,2014-08-05 01:00:00+00:00
9148.36,9163.81,9070.09,9143.97,2014-08-06,2014-08-06 01:00:00+00:00
9162.65,9172.88,9108.85,9131.44,2014-08-07,2014-08-07 01:00:00+00:00
9120.2,9120.2,9014.89,9085.96,2014-08-08,2014-08-08 01:00:00+00:00
9109.83,9184.96,9107.21,9172.91,2014-08-11,2014-08-11 01:00:00+00:00
9188.85,9198.1,9146.98,9163.12,2014-08-12,2014-08-12 01:00:00+00:00
9155.02,9231.66,9147.14,9231.31,2014-08-13,2014-08-13 01:00:00+00:00
9276.41,9282.01,9218.55,9230.61,2014-08-14,2014-08-14 01:00:00+00:00
9243.67,9243.67,9172.91,9206.81,2014-08-15,2014-08-15 01:00:00+00:00
9222.73,9222.73,9128.66,9141.31,2014-08-18,2014-08-18 01:00:00+00:00
9188.63,9255.09,9188.63,9243.78,2014-08-19,2014-08-19 01:00:00+00:00
9278.15,9294.49,9249.31,9288.05,2014-08-20,2014-08-20 01:00:00+00:00
9286.82,9289.02,9217.97,9253.38,2014-08-21,2014-08-21 01:00:00+00:00
9273.07,9380.6,9271.87,9380.1,2014-08-22,2014-08-22 01:00:00+00:00
9393.24,9409.35,9369.24,9390.62,2014-08-25,2014-08-25 01:00:00+00:00
9394.28,9418.77,9386.49,9393.96,2014-08-26,2014-08-26 01:00:00+00:00
9426.29,9491.75,9426.29,9485.59,2014-08-27,2014-08-27 01:00:00+00:00
9499.22,9502.42,9453.49,9478.37,2014-08-28,2014-08-28 01:00:00+00:00
9459.81,9470.15,9425.35,9436.27,2014-08-29,2014-08-29 01:00:00+00:00
9474.41,9532.66,9472.96,9513.06,2014-09-01,2014-09-01 01:00:00+00:00
9503.65,9503.65,9388.13,9399.72,2014-09-02,2014-09-02 01:00:00+00:00
9434.88,9455.78,9396.79,9450.35,2014-09-03,2014-09-03 01:00:00+00:00
9439.76,9439.76,9389.29,9428.89,2014-09-04,2014-09-04 01:00:00+00:00
9446.45,9451.39,9365.7,9407.94,2014-09-05,2014-09-05 01:00:00+00:00
9452.14,9465.93,9426.99,9434.77,2014-09-09,2014-09-09 01:00:00+00:00
9410.62,9410.62,9309.05,9357.61,2014-09-10,2014-09-10 01:00:00+00:00
9376.38,9381.05,9322.95,9322.95,2014-09-11,2014-09-11 01:00:00+00:00
9324.74,9333.28,9223.18,9223.18,2014-09-12,2014-09-12 01:00:00+00:00
9206.41,9242.23,9175.61,9217.46,2014-09-15,2014-09-15 01:00:00+00:00
9218.85,9219.42,9133.4,9133.4,2014-09-16,2014-09-16 01:00:00+00:00
9171.04,9252.38,9159.85,9195.17,2014-09-17,2014-09-17 01:00:00+00:00
9211.8,9237.88,9201.91,9237.03,2014-09-18,2014-09-18 01:00:00+00:00
9268.44,9289.22,9235.44,9240.45,2014-09-19,2014-09-19 01:00:00+00:00
9220.54,9220.54,9106.27,9134.65,2014-09-22,2014-09-22 01:00:00+00:00
9134.29,9147.21,9084.9,9084.9,2014-09-23,2014-09-23 01:00:00+00:00
9071.8,9123.11,9071.8,9098.49,2014-09-24,2014-09-24 01:00:00+00:00
9126.76,9149.41,8982.51,9011.59,2014-09-25,2014-09-25 01:00:00+00:00
8957.56,9001.98,8913.51,8989.82,2014-09-26,2014-09-26 01:00:00+00:00
9018.46,9018.46,8948.09,8960.76,2014-09-29,2014-09-29 01:00:00+00:00
8954.58,8998.83,8860.17,8966.92,2014-09-30,2014-09-30 01:00:00+00:00
8958.87,9014.26,8918.96,8990.26,2014-10-01,2014-10-01 01:00:00+00:00
8959.37,9010.27,8913.01,8975.19,2014-10-02,2014-10-02 01:00:00+00:00
9010.3,9113.8,8998.27,9106.28,2014-10-03,2014-10-03 01:00:00+00:00
9118.28,9122.54,9065.34,9095.14,2014-10-06,2014-10-06 01:00:00+00:00
9065.67,9074.8,8993.45,9040.81,2014-10-07,2014-10-07 01:00:00+00:00
8989.99,9038.61,8955.18,8955.18,2014-10-08,2014-10-08 01:00:00+00:00
9021.31,9054.67,8946.16,8966.44,2014-10-09,2014-10-09 01:00:00+00:00
8767.42,8795.77,8711.39,8711.39,2014-10-13,2014-10-13 01:00:00+00:00
8691.83,8768.39,8684.19,8768.39,2014-10-14,2014-10-14 01:00:00+00:00
8769.39,8776.91,8635.41,8655.51,2014-10-15,2014-10-15 01:00:00+00:00
8602.65,8676.46,8501.29,8633.69,2014-10-16,2014-10-16 01:00:00+00:00
8688.71,8699.77,8512.88,8512.88,2014-10-17,2014-10-17 01:00:00+00:00
8617.08,8679.85,8611.17,8663.14,2014-10-20,2014-10-20 01:00:00+00:00
8676.32,8676.32,8636.67,8654.64,2014-10-21,2014-10-21 01:00:00+00:00
8744.91,8775.35,8729.77,8748.83,2014-10-22,2014-10-22 01:00:00+00:00
8735.38,8751.67,8714.88,8731.07,2014-10-23,2014-10-23 01:00:00+00:00
8740.28,8750.42,8629.24,8646.01,2014-10-24,2014-10-24 01:00:00+00:00
8671.51,8689.67,8607.23,8627.78,2014-10-27,2014-10-27 01:00:00+00:00
8692.52,8788.28,8692.52,8773.55,2014-10-28,2014-10-28 01:00:00+00:00
8821.85,8903.68,8821.85,8903.68,2014-10-29,2014-10-29 01:00:00+00:00
8890.19,8892.99,8842.8,8888.07,2014-10-30,2014-10-30 01:00:00+00:00
8909.34,8974.76,8885.21,8974.76,2014-10-31,2014-10-31 01:00:00+00:00
9009.38,9029.71,8965.5,9004.86,2014-11-03,2014-11-03 01:00:00+00:00
9030.96,9046.22,8980.96,8989.18,2014-11-04,2014-11-04 01:00:00+00:00
8997.76,9013.06,8941.18,8962.6,2014-11-05,2014-11-05 01:00:00+00:00
8968.79,8979.97,8887.36,8891.02,2014-11-06,2014-11-06 01:00:00+00:00
8881.19,8925.62,8867.78,8912.62,2014-11-07,2014-11-07 01:00:00+00:00
8937.59,9062.89,8937.59,9049.98,2014-11-10,2014-11-10 01:00:00+00:00
9067.54,9069.44,9021.54,9034.14,2014-11-11,2014-11-11 01:00:00+00:00
9030.13,9030.13,8894.11,8918.95,2014-11-12,2014-11-12 01:00:00+00:00
8947.97,8980.67,8927.09,8980.67,2014-11-13,2014-11-13 01:00:00+00:00
8992.4,8996.38,8950.23,8982.88,2014-11-14,2014-11-14 01:00:00+00:00
9003.37,9024.0,8878.38,8884.39,2014-11-17,2014-11-17 01:00:00+00:00
8916.08,8944.26,8828.15,8859.07,2014-11-18,2014-11-18 01:00:00+00:00
8896.16,8988.64,8879.29,8963.24,2014-11-19,2014-11-19 01:00:00+00:00
8984.93,9078.87,8984.93,9078.87,2014-11-20,2014-11-20 01:00:00+00:00
9104.34,9111.18,9071.86,9091.53,2014-11-21,2014-11-21 01:00:00+00:00
9144.42,9165.71,9104.54,9122.33,2014-11-24,2014-11-24 01:00:00+00:00
9125.27,9153.55,9098.32,9116.24,2014-11-25,2014-11-25 01:00:00+00:00
9125.08,9146.04,9112.19,9122.39,2014-11-26,2014-11-26 01:00:00+00:00
9153.49,9217.73,9153.49,9165.31,2014-11-27,2014-11-27 01:00:00+00:00
9163.19,9201.8,9158.28,9187.15,2014-11-28,2014-11-28 01:00:00+00:00
9038.41,9164.54,8998.55,9117.71,2014-12-01,2014-12-01 01:00:00+00:00
9098.36,9104.84,9009.69,9034.79,2014-12-02,2014-12-02 01:00:00+00:00
9073.47,9188.32,9045.2,9175.26,2014-12-03,2014-12-03 01:00:00+00:00
9212.85,9251.85,9195.15,9225.11,2014-12-04,2014-12-04 01:00:00+00:00
9220.25,9240.51,9192.29,9206.57,2014-12-05,2014-12-05 01:00:00+00:00
9231.24,9241.63,9174.51,9187.29,2014-12-08,2014-12-08 01:00:00+00:00
9163.43,9177.14,9127.12,9128.9,2014-12-09,2014-12-09 01:00:00+00:00
9115.33,9140.49,9015.52,9032.16,2014-12-10,2014-12-10 01:00:00+00:00
9003.84,9046.4,8971.53,9013.07,2014-12-11,2014-12-11 01:00:00+00:00
9041.54,9084.27,9022.56,9027.33,2014-12-12,2014-12-12 01:00:00+00:00
8987.95,8997.08,8943.04,8985.63,2014-12-15,2014-12-15 01:00:00+00:00
8967.82,9031.07,8950.91,8950.91,2014-12-16,2014-12-16 01:00:00+00:00
8961.64,8972.12,8826.03,8828.36,2014-12-17,2014-12-17 01:00:00+00:00
8912.78,8946.42,8876.88,8878.63,2014-12-18,2014-12-18 01:00:00+00:00
8981.85,9035.77,8953.17,8999.52,2014-12-19,2014-12-19 01:00:00+00:00
9032.42,9099.85,9024.01,9095.0,2014-12-22,2014-12-22 01:00:00+00:00
9123.78,9138.15,9093.43,9097.71,2014-12-23,2014-12-23 01:00:00+00:00
9096.48,9186.18,9096.48,9186.18,2014-12-24,2014-12-24 01:00:00+00:00
9186.83,9198.04,9153.77,9158.7,2014-12-25,2014-12-25 01:00:00+00:00
9171.91,9214.07,9158.39,9214.07,2014-12-26,2014-12-26 01:00:00+00:00
9222.47,9228.65,9197.13,9218.5,2014-12-27,2014-12-27 01:00:00+00:00
9216.43,9313.33,9216.43,9286.28,2014-12-29,2014-12-29 01:00:00+00:00
9299.1,9338.06,9262.7,9268.43,2014-12-30,2014-12-30 01:00:00+00:00
9260.46,9307.26,9252.31,9307.26,2014-12-31,2014-12-31 01:00:00+00:00
9292.31,9292.31,9182.02,9274.11,2015-01-05,2015-01-05 01:00:00+00:00
9209.93,9209.93,9043.44,9048.34,2015-01-06,2015-01-06 01:00:00+00:00
9051.94,9108.66,9050.54,9080.09,2015-01-07,2015-01-07 01:00:00+00:00
9154.03,9246.62,9154.03,9238.03,2015-01-08,2015-01-08 01:00:00+00:00
9247.4,9284.57,9215.58,9215.58,2015-01-09,2015-01-09 01:00:00+00:00
9198.02,9229.65,9178.3,9178.3,2015-01-12,2015-01-12 01:00:00+00:00
9162.77,9253.82,9161.71,9231.8,2015-01-13,2015-01-13 01:00:00+00:00
9235.9,9242.2,9161.71,9180.23,2015-01-14,2015-01-14 01:00:00+00:00
9197.32,9219.43,9149.1,9165.09,2015-01-15,2015-01-15 01:00:00+00:00
9245.77,9256.86,9109.46,9138.29,2015-01-16,2015-01-16 01:00:00+00:00
9183.76,9247.09,9151.82,9174.06,2015-01-19,2015-01-19 01:00:00+00:00
9188.76,9259.31,9177.48,9251.69,2015-01-20,2015-01-20 01:00:00+00:00
9283.79,9319.71,9275.68,9319.71,2015-01-21,2015-01-21 01:00:00+00:00
9336.81,9386.56,9336.81,9369.51,2015-01-22,2015-01-22 01:00:00+00:00
9422.0,9471.8,9422.0,9470.94,2015-01-23,2015-01-23 01:00:00+00:00
9474.56,9478.53,9436.47,9477.67,2015-01-26,2015-01-26 01:00:00+00:00
9505.56,9523.73,9471.19,9521.59,2015-01-27,2015-01-27 01:00:00+00:00
9503.2,9515.29,9471.31,9510.92,2015-01-28,2015-01-28 01:00:00+00:00
9479.36,9482.13,9403.75,9426.9,2015-01-29,2015-01-29 01:00:00+00:00
9452.85,9466.65,9361.91,9361.91,2015-01-30,2015-01-30 01:00:00+00:00
9368.83,9410.43,9352.19,9386.99,2015-02-02,2015-02-02 01:00:00+00:00
9394.47,9460.17,9394.47,9448.73,2015-02-03,2015-02-03 01:00:00+00:00
9477.52,9533.88,9477.52,9513.92,2015-02-04,2015-02-04 01:00:00+00:00
9511.06,9517.42,9472.42,9512.05,2015-02-05,2015-02-05 01:00:00+00:00
9521.88,9521.88,9448.65,9456.18,2015-02-06,2015-02-06 01:00:00+00:00
9465.12,9465.12,9413.18,9421.5,2015-02-09,2015-02-09 01:00:00+00:00
9405.59,9435.07,9390.13,9393.7,2015-02-10,2015-02-10 01:00:00+00:00
9430.17,9488.72,9430.17,9462.22,2015-02-11,2015-02-11 01:00:00+00:00
9496.39,9500.35,9447.19,9496.31,2015-02-12,2015-02-12 01:00:00+00:00
9500.04,9542.09,9499.97,9529.51,2015-02-13,2015-02-13 01:00:00+00:00
9582.39,9638.48,9582.39,9629.37,2015-02-24,2015-02-24 01:00:00+00:00
9655.72,9699.54,9653.77,9699.54,2015-02-25,2015-02-25 01:00:00+00:00
9687.48,9688.07,9610.59,9622.1,2015-02-26,2015-02-26 01:00:00+00:00
9665.11,9690.43,9588.36,9601.36,2015-03-02,2015-03-02 01:00:00+00:00
9628.06,9642.95,9571.64,9605.77,2015-03-03,2015-03-03 01:00:00+00:00
9596.24,9635.18,9580.78,9621.73,2015-03-04,2015-03-04 01:00:00+00:00
9627.04,9631.04,9564.44,9595.09,2015-03-05,2015-03-05 01:00:00+00:00
9587.59,9645.77,9574.55,9645.77,2015-03-06,2015-03-06 01:00:00+00:00
9617.04,9617.04,9549.76,9562.98,2015-03-09,2015-03-09 01:00:00+00:00
9566.25,9583.78,9520.33,9536.53,2015-03-10,2015-03-10 01:00:00+00:00
9503.28,9561.81,9472.54,9523.18,2015-03-11,2015-03-11 01:00:00+00:00
9537.23,9608.02,9530.74,9596.0,2015-03-12,2015-03-12 01:00:00+00:00
9608.44,9633.51,9579.35,9579.35,2015-03-13,2015-03-13 01:00:00+00:00
9583.45,9590.76,9512.91,9512.91,2015-03-16,2015-03-16 01:00:00+00:00
9555.1,9629.8,9539.44,9539.44,2015-03-17,2015-03-17 01:00:00+00:00
9563.74,9653.43,9561.5,9653.43,2015-03-18,2015-03-18 01:00:00+00:00
9668.01,9745.59,9668.01,9736.73,2015-03-19,2015-03-19 01:00:00+00:00
9706.35,9749.69,9705.32,9749.69,2015-03-20,2015-03-20 01:00:00+00:00
9759.88,9775.63,9729.81,9758.09,2015-03-23,2015-03-23 01:00:00+00:00
9759.96,9768.71,9701.33,9731.66,2015-03-24,2015-03-24 01:00:00+00:00
9739.25,9743.58,9653.47,9667.83,2015-03-25,2015-03-25 01:00:00+00:00
9579.63,9619.12,9540.03,9619.12,2015-03-26,2015-03-26 01:00:00+00:00
9593.07,9608.44,9503.72,9503.72,2015-03-27,2015-03-27 01:00:00+00:00
9533.38,9556.25,9503.53,9521.87,2015-03-30,2015-03-30 01:00:00+00:00
9568.38,9594.75,9527.87,9586.44,2015-03-31,2015-03-31 01:00:00+00:00
9575.11,9575.11,9503.53,9507.66,2015-04-01,2015-04-01 01:00:00+00:00
9535.98,9628.95,9535.98,9600.32,2015-04-02,2015-04-02 01:00:00+00:00
9619.97,9653.97,9613.33,9641.9,2015-04-07,2015-04-07 01:00:00+00:00
9646.07,9654.67,9562.0,9571.97,2015-04-08,2015-04-08 01:00:00+00:00
9597.21,9663.05,9559.71,9568.04,2015-04-09,2015-04-09 01:00:00+00:00
9626.88,9648.34,9582.84,9617.7,2015-04-10,2015-04-10 01:00:00+00:00
9622.64,9666.52,9622.59,9666.52,2015-04-13,2015-04-13 01:00:00+00:00
9646.28,9664.1,9631.19,9642.22,2015-04-14,2015-04-14 01:00:00+00:00
9629.7,9654.15,9508.14,9540.06,2015-04-15,2015-04-15 01:00:00+00:00
9578.71,9656.87,9578.71,9656.87,2015-04-16,2015-04-16 01:00:00+00:00
9608.6,9615.52,9570.93,9570.93,2015-04-17,2015-04-17 01:00:00+00:00
9541.83,9572.65,9508.57,9552.85,2015-04-20,2015-04-20 01:00:00+00:00
9554.8,9598.86,9512.64,9533.98,2015-04-21,2015-04-21 01:00:00+00:00
9549.61,9630.79,9549.61,9613.0,2015-04-22,2015-04-22 01:00:00+00:00
9655.3,9814.88,9655.3,9797.49,2015-04-23,2015-04-23 01:00:00+00:00
9839.71,9961.31,9839.71,9913.28,2015-04-24,2015-04-24 01:00:00+00:00
9941.18,10002.58,9937.04,9973.12,2015-04-27,2015-04-27 01:00:00+00:00
9998.08,10014.28,9918.01,9956.83,2015-04-28,2015-04-28 01:00:00+00:00
9934.82,9978.87,9842.5,9853.83,2015-04-29,2015-04-29 01:00:00+00:00
9841.15,9894.9,9820.05,9820.05,2015-04-30,2015-04-30 01:00:00+00:00
9853.51,9871.65,9800.48,9845.04,2015-05-04,2015-05-04 01:00:00+00:00
9849.13,9855.64,9788.13,9820.13,2015-05-05,2015-05-05 01:00:00+00:00
9780.39,9829.43,9735.94,9818.2,2015-05-06,2015-05-06 01:00:00+00:00
9789.82,9789.82,9704.11,9704.11,2015-05-07,2015-05-07 01:00:00+00:00
9724.29,9760.51,9692.0,9692.0,2015-05-08,2015-05-08 01:00:00+00:00
9763.94,9797.19,9635.88,9663.72,2015-05-11,2015-05-11 01:00:00+00:00
9637.71,9702.67,9637.21,9680.73,2015-05-12,2015-05-12 01:00:00+00:00
9697.17,9743.33,9687.66,9724.11,2015-05-13,2015-05-13 01:00:00+00:00
9730.33,9734.55,9600.24,9610.83,2015-05-14,2015-05-14 01:00:00+00:00
9638.06,9644.83,9552.86,9579.48,2015-05-15,2015-05-15 01:00:00+00:00
9603.75,9612.44,9550.76,9606.1,2015-05-18,2015-05-18 01:00:00+00:00
9623.95,9722.8,9623.95,9716.77,2015-05-19,2015-05-19 01:00:00+00:00
9726.02,9736.09,9662.86,9685.31,2015-05-20,2015-05-20 01:00:00+00:00
9647.53,9647.53,9536.16,9578.56,2015-05-21,2015-05-21 01:00:00+00:00
9606.51,9674.77,9606.51,9638.8,2015-05-22,2015-05-22 01:00:00+00:00
9654.28,9654.28,9589.32,9645.17,2015-05-25,2015-05-25 01:00:00+00:00
9688.31,9724.36,9649.62,9669.41,2015-05-26,2015-05-26 01:00:00+00:00
9666.89,9710.29,9648.71,9693.54,2015-05-27,2015-05-27 01:00:00+00:00
9741.57,9766.21,9704.93,9712.84,2015-05-28,2015-05-28 01:00:00+00:00
9727.59,9747.27,9693.0,9701.07,2015-05-29,2015-05-29 01:00:00+00:00
9688.13,9692.34,9589.09,9625.69,2015-06-01,2015-06-01 01:00:00+00:00
9619.88,9657.02,9584.56,9614.26,2015-06-02,2015-06-02 01:00:00+00:00
9617.75,9645.48,9550.44,9556.52,2015-06-03,2015-06-03 01:00:00+00:00
9537.09,9558.77,9325.01,9348.63,2015-06-04,2015-06-04 01:00:00+00:00
9328.02,9371.41,9272.94,9340.13,2015-06-05,2015-06-05 01:00:00+00:00
9324.22,9419.22,9258.98,9368.43,2015-06-08,2015-06-08 01:00:00+00:00
9346.11,9363.52,9191.87,9191.87,2015-06-09,2015-06-09 01:00:00+00:00
9246.66,9334.5,9246.66,9298.5,2015-06-10,2015-06-10 01:00:00+00:00
9330.99,9358.48,9251.18,9302.49,2015-06-11,2015-06-11 01:00:00+00:00
9304.75,9339.33,9263.41,9301.93,2015-06-12,2015-06-12 01:00:00+00:00
9304.66,9324.94,9252.34,9259.48,2015-06-15,2015-06-15 01:00:00+00:00
9272.7,9272.7,9177.95,9212.78,2015-06-16,2015-06-16 01:00:00+00:00
9232.81,9242.22,9170.09,9189.83,2015-06-17,2015-06-17 01:00:00+00:00
9189.44,9243.84,9187.87,9218.37,2015-06-18,2015-06-18 01:00:00+00:00
9247.76,9371.48,9247.76,9341.77,2015-06-22,2015-06-22 01:00:00+00:00
9375.78,9438.39,9375.78,9391.14,2015-06-23,2015-06-23 01:00:00+00:00
9390.27,9409.44,9364.38,9397.31,2015-06-24,2015-06-24 01:00:00+00:00
9415.78,9500.57,9415.78,9476.34,2015-06-25,2015-06-25 01:00:00+00:00
9481.95,9489.91,9442.94,9462.57,2015-06-26,2015-06-26 01:00:00+00:00
9358.96,9358.96,9227.11,9236.1,2015-06-29,2015-06-29 01:00:00+00:00
9223.27,9323.02,9204.45,9323.02,2015-06-30,2015-06-30 01:00:00+00:00
9311.76,9404.76,9298.36,9375.23,2015-07-01,2015-07-01 01:00:00+00:00
9372.46,9400.68,9350.05,9379.24,2015-07-02,2015-07-02 01:00:00+00:00
9369.5,9369.5,9265.14,9358.23,2015-07-03,2015-07-03 01:00:00+00:00
9309.86,9347.54,9255.96,9255.96,2015-07-06,2015-07-06 01:00:00+00:00
9278.33,9332.97,9244.46,9250.16,2015-07-07,2015-07-07 01:00:00+00:00
9225.91,9225.91,8946.75,8976.11,2015-07-08,2015-07-08 01:00:00+00:00
8861.28,8946.24,8750.92,8914.13,2015-07-09,2015-07-09 01:00:00+00:00
8946.72,9041.88,8946.72,9033.92,2015-07-13,2015-07-13 01:00:00+00:00
9061.58,9124.76,9041.76,9041.76,2015-07-14,2015-07-14 01:00:00+00:00
9063.54,9089.47,9005.1,9054.2,2015-07-15,2015-07-15 01:00:00+00:00
9062.76,9085.31,9021.82,9042.21,2015-07-16,2015-07-16 01:00:00+00:00
9060.92,9079.23,9018.0,9045.98,2015-07-17,2015-07-17 01:00:00+00:00
9085.0,9124.88,8952.64,8975.0,2015-07-20,2015-07-20 01:00:00+00:00
8997.56,9010.71,8940.38,9005.96,2015-07-21,2015-07-21 01:00:00+00:00
8955.59,8968.39,8896.1,8918.7,2015-07-22,2015-07-22 01:00:00+00:00
8865.36,8895.88,8751.71,8791.12,2015-07-23,2015-07-23 01:00:00+00:00
8809.65,8811.76,8733.43,8767.86,2015-07-24,2015-07-24 01:00:00+00:00
8733.24,8733.24,8553.09,8556.68,2015-07-27,2015-07-27 01:00:00+00:00
8566.42,8635.88,8532.0,8582.49,2015-07-28,2015-07-28 01:00:00+00:00
8587.7,8619.41,8516.23,8563.48,2015-07-29,2015-07-29 01:00:00+00:00
8567.23,8697.18,8567.23,8651.49,2015-07-30,2015-07-30 01:00:00+00:00
8670.92,8676.29,8591.37,8665.34,2015-07-31,2015-07-31 01:00:00+00:00
8636.53,8636.53,8482.92,8524.41,2015-08-03,2015-08-03 01:00:00+00:00
8538.44,8590.3,8433.92,8510.86,2015-08-04,2015-08-04 01:00:00+00:00
8504.94,8563.01,8486.27,8542.27,2015-08-05,2015-08-05 01:00:00+00:00
8564.55,8586.24,8404.67,8449.56,2015-08-06,2015-08-06 01:00:00+00:00
8409.01,8458.04,8368.4,8442.29,2015-08-07,2015-08-07 01:00:00+00:00
8410.63,8484.18,8374.08,8466.84,2015-08-10,2015-08-10 01:00:00+00:00
8542.13,8586.22,8393.08,8394.14,2015-08-11,2015-08-11 01:00:00+00:00
8365.15,8376.59,8235.95,8283.38,2015-08-12,2015-08-12 01:00:00+00:00
8284.96,8348.39,8271.69,8311.74,2015-08-13,2015-08-13 01:00:00+00:00
8315.14,8343.98,8283.35,8305.64,2015-08-14,2015-08-14 01:00:00+00:00
8307.9,8308.54,8213.42,8213.42,2015-08-17,2015-08-17 01:00:00+00:00
8237.08,8277.22,8166.77,8177.22,2015-08-18,2015-08-18 01:00:00+00:00
8182.81,8182.81,7987.57,8021.84,2015-08-19,2015-08-19 01:00:00+00:00
8008.68,8063.8,7951.72,8029.81,2015-08-20,2015-08-20 01:00:00+00:00
7941.95,7941.95,7786.92,7786.92,2015-08-21,2015-08-21 01:00:00+00:00
7719.63,7719.63,7203.07,7410.34,2015-08-24,2015-08-24 01:00:00+00:00
7427.36,7677.93,7368.47,7675.64,2015-08-25,2015-08-25 01:00:00+00:00
7636.12,7762.45,7547.61,7715.59,2015-08-26,2015-08-26 01:00:00+00:00
7762.63,7856.4,7762.63,7824.55,2015-08-27,2015-08-27 01:00:00+00:00
7923.77,8039.76,7923.77,8019.18,2015-08-28,2015-08-28 01:00:00+00:00
8026.62,8174.92,7961.77,8174.92,2015-08-31,2015-08-31 01:00:00+00:00
8117.5,8119.9,8002.18,8017.56,2015-09-01,2015-09-01 01:00:00+00:00
7970.4,8068.06,7907.31,8035.29,2015-09-02,2015-09-02 01:00:00+00:00
8071.37,8101.13,8007.48,8095.95,2015-09-03,2015-09-03 01:00:00+00:00
8087.62,8128.23,7990.86,8000.6,2015-09-04,2015-09-04 01:00:00+00:00
7990.76,8053.2,7957.8,7986.56,2015-09-07,2015-09-07 01:00:00+00:00
7993.1,8031.26,7978.78,8001.5,2015-09-08,2015-09-08 01:00:00+00:00
8097.22,8296.13,8097.22,8286.92,2015-09-09,2015-09-09 01:00:00+00:00
8247.64,8274.82,8214.5,8268.68,2015-09-10,2015-09-10 01:00:00+00:00
8271.25,8313.18,8233.14,8305.82,2015-09-11,2015-09-11 01:00:00+00:00
8332.57,8360.03,8259.31,8307.29,2015-09-14,2015-09-14 01:00:00+00:00
8320.22,8327.95,8226.07,8259.99,2015-09-15,2015-09-15 01:00:00+00:00
8298.13,8342.36,8276.94,8333.29,2015-09-16,2015-09-16 01:00:00+00:00
8377.31,8467.15,8377.31,8445.5,2015-09-17,2015-09-17 01:00:00+00:00
8427.52,8488.53,8399.71,8462.14,2015-09-18,2015-09-18 01:00:00+00:00
8404.5,8404.5,8285.43,8307.04,2015-09-21,2015-09-21 01:00:00+00:00
8331.44,8365.92,8325.78,8365.92,2015-09-22,2015-09-22 01:00:00+00:00
8310.82,8310.82,8186.22,8193.42,2015-09-23,2015-09-23 01:00:00+00:00
8224.23,8257.14,8101.9,8123.1,2015-09-24,2015-09-24 01:00:00+00:00
8131.49,8152.5,8061.87,8132.35,2015-09-25,2015-09-25 01:00:00+00:00
8097.15,8181.24,8059.68,8181.24,2015-09-30,2015-09-30 01:00:00+00:00
8194.3,8317.79,8170.78,8295.94,2015-10-01,2015-10-01 01:00:00+00:00
8290.43,8320.66,8253.75,8305.03,2015-10-02,2015-10-02 01:00:00+00:00
8342.99,8364.59,8316.83,8352.36,2015-10-05,2015-10-05 01:00:00+00:00
8409.31,8482.83,8390.89,8394.1,2015-10-06,2015-10-06 01:00:00+00:00
8398.53,8495.23,8385.04,8495.23,2015-10-07,2015-10-07 01:00:00+00:00
8528.46,8544.93,8434.5,8445.96,2015-10-08,2015-10-08 01:00:00+00:00
8478.34,8578.22,8478.34,8573.72,2015-10-12,2015-10-12 01:00:00+00:00
8571.57,8574.11,8518.41,8567.92,2015-10-13,2015-10-13 01:00:00+00:00
8545.14,8553.87,8515.53,8522.51,2015-10-14,2015-10-14 01:00:00+00:00
8573.38,8652.47,8573.38,8601.52,2015-10-15,2015-10-15 01:00:00+00:00
8596.43,8627.83,8574.64,8604.95,2015-10-16,2015-10-16 01:00:00+00:00
8628.79,8670.32,8603.08,8631.5,2015-10-19,2015-10-19 01:00:00+00:00
8651.08,8663.12,8618.48,8653.6,2015-10-20,2015-10-20 01:00:00+00:00
8668.08,8690.39,8591.42,8609.23,2015-10-21,2015-10-21 01:00:00+00:00
8600.4,8631.17,8594.21,8608.46,2015-10-22,2015-10-22 01:00:00+00:00
8671.52,8740.08,8662.03,8673.81,2015-10-23,2015-10-23 01:00:00+00:00
8706.81,8757.14,8706.81,8745.36,2015-10-26,2015-10-26 01:00:00+00:00
8724.0,8733.53,8662.77,8701.32,2015-10-27,2015-10-27 01:00:00+00:00
8679.24,8714.01,8632.38,8665.99,2015-10-28,2015-10-28 01:00:00+00:00
8682.58,8704.59,8568.13,8571.08,2015-10-29,2015-10-29 01:00:00+00:00
8578.25,8586.9,8503.69,8554.31,2015-10-30,2015-10-30 01:00:00+00:00
8571.53,8614.77,8524.01,8614.77,2015-11-02,2015-11-02 01:00:00+00:00
8643.21,8728.06,8643.21,8713.19,2015-11-03,2015-11-03 01:00:00+00:00
8759.94,8864.17,8754.18,8857.02,2015-11-04,2015-11-04 01:00:00+00:00
8858.73,8871.87,8828.04,8850.18,2015-11-05,2015-11-05 01:00:00+00:00
8857.61,8857.61,8671.89,8693.57,2015-11-06,2015-11-06 01:00:00+00:00
8702.67,8746.28,8623.7,8642.48,2015-11-09,2015-11-09 01:00:00+00:00
8614.55,8614.55,8529.54,8536.9,2015-11-10,2015-11-10 01:00:00+00:00
8543.63,8557.69,8415.01,8415.01,2015-11-11,2015-11-11 01:00:00+00:00
8426.76,8467.31,8374.07,8428.09,2015-11-12,2015-11-12 01:00:00+00:00
8402.11,8453.04,8329.5,8329.5,2015-11-13,2015-11-13 01:00:00+00:00
8278.12,8312.06,8217.34,8295.4,2015-11-16,2015-11-16 01:00:00+00:00
8369.14,8471.89,8369.14,8419.42,2015-11-17,2015-11-17 01:00:00+00:00
8432.25,8455.14,8326.72,8340.47,2015-11-18,2015-11-18 01:00:00+00:00
8382.09,8477.2,8357.2,8477.2,2015-11-19,2015-11-19 01:00:00+00:00
8472.65,8484.06,8434.33,8465.45,2015-11-20,2015-11-20 01:00:00+00:00
8480.59,8503.08,8450.01,8485.73,2015-11-23,2015-11-23 01:00:00+00:00
8472.24,8497.83,8397.44,8400.14,2015-11-24,2015-11-24 01:00:00+00:00
8407.54,8426.62,8352.17,8386.13,2015-11-25,2015-11-25 01:00:00+00:00
8411.16,8510.7,8411.16,8484.9,2015-11-26,2015-11-26 01:00:00+00:00
8493.18,8505.08,8397.49,8398.4,2015-11-27,2015-11-27 01:00:00+00:00
8339.83,8339.83,8239.0,8320.61,2015-11-30,2015-11-30 01:00:00+00:00
8359.27,8463.3,8339.5,8463.3,2015-12-01,2015-12-01 01:00:00+00:00
8475.96,8497.19,8441.28,8457.4,2015-12-02,2015-12-02 01:00:00+00:00
8424.54,8484.52,8393.29,8456.06,2015-12-03,2015-12-03 01:00:00+00:00
8423.7,8423.7,8355.75,8398.6,2015-12-04,2015-12-04 01:00:00+00:00
8432.47,8535.36,8432.47,8454.27,2015-12-07,2015-12-07 01:00:00+00:00
8442.06,8453.63,8335.67,8343.86,2015-12-08,2015-12-08 01:00:00+00:00
8329.86,8343.37,8229.62,8229.62,2015-12-09,2015-12-09 01:00:00+00:00
8214.27,8228.43,8133.42,8216.17,2015-12-10,2015-12-10 01:00:00+00:00
8217.33,8253.11,8108.68,8115.89,2015-12-11,2015-12-11 01:00:00+00:00
8058.67,8068.98,7980.59,8040.16,2015-12-14,2015-12-14 01:00:00+00:00
8074.48,8140.06,8073.35,8073.35,2015-12-15,2015-12-15 01:00:00+00:00
8144.03,8204.2,8121.06,8184.66,2015-12-16,2015-12-16 01:00:00+00:00
8214.62,8319.67,8214.62,8319.67,2015-12-17,2015-12-17 01:00:00+00:00
8272.41,8317.48,8241.32,8257.32,2015-12-18,2015-12-18 01:00:00+00:00
8228.05,8289.59,8191.53,8282.17,2015-12-21,2015-12-21 01:00:00+00:00
8283.03,8316.44,8261.72,8292.74,2015-12-22,2015-12-22 01:00:00+00:00
8296.58,8359.25,8296.58,8315.7,2015-12-23,2015-12-23 01:00:00+00:00
8351.2,8393.41,8324.36,8324.36,2015-12-24,2015-12-24 01:00:00+00:00
8328.94,8364.3,8320.1,8363.28,2015-12-25,2015-12-25 01:00:00+00:00
8374.18,8394.6,8358.49,8358.49,2015-12-28,2015-12-28 01:00:00+00:00
8349.27,8351.16,8286.84,8293.91,2015-12-29,2015-12-29 01:00:00+00:00
8313.37,8342.34,8262.52,8279.99,2015-12-30,2015-12-30 01:00:00+00:00
8273.77,8338.06,8258.73,8338.06,2015-12-31,2015-12-31 01:00:00+00:00
8315.79,8326.33,8109.09,8114.26,2016-01-04,2016-01-04 01:00:00+00:00
8105.0,8142.64,8055.96,8075.11,2016-01-05,2016-01-05 01:00:00+00:00
8064.25,8076.54,7948.43,7990.39,2016-01-06,2016-01-06 01:00:00+00:00
7963.24,7980.5,7770.16,7852.06,2016-01-07,2016-01-07 01:00:00+00:00
7811.2,7906.55,7788.71,7893.97,2016-01-08,2016-01-08 01:00:00+00:00
7855.8,7855.8,7726.22,7788.42,2016-01-11,2016-01-11 01:00:00+00:00
7807.93,7851.81,7732.11,7768.45,2016-01-12,2016-01-12 01:00:00+00:00
7799.56,7865.98,7786.33,7824.61,2016-01-13,2016-01-13 01:00:00+00:00
7752.09,7752.09,7662.34,7742.88,2016-01-14,2016-01-14 01:00:00+00:00
7809.0,7842.34,7708.66,7762.01,2016-01-15,2016-01-15 01:00:00+00:00
7678.67,7834.25,7627.89,7811.18,2016-01-18,2016-01-18 01:00:00+00:00
7816.45,7854.88,7786.77,7854.88,2016-01-19,2016-01-19 01:00:00+00:00
7835.17,7835.17,7687.6,7699.12,2016-01-20,2016-01-20 01:00:00+00:00
7713.17,7748.37,7664.01,7664.01,2016-01-21,2016-01-21 01:00:00+00:00
7729.01,7774.12,7706.14,7756.18,2016-01-22,2016-01-22 01:00:00+00:00
7813.73,7899.66,7813.73,7894.15,2016-01-25,2016-01-25 01:00:00+00:00
7832.1,7848.63,7799.58,7828.67,2016-01-26,2016-01-26 01:00:00+00:00
7863.66,7888.63,7830.33,7849.83,2016-01-27,2016-01-27 01:00:00+00:00
7825.22,7921.06,7821.12,7905.1,2016-01-28,2016-01-28 01:00:00+00:00
7880.78,8080.6,7876.82,8080.6,2016-01-29,2016-01-29 01:00:00+00:00
8107.23,8149.5,8106.63,8145.21,2016-01-30,2016-01-30 01:00:00+00:00
8164.24,8166.8,8110.87,8156.96,2016-02-01,2016-02-01 01:00:00+00:00
8141.52,8156.25,8091.14,8131.24,2016-02-02,2016-02-02 01:00:00+00:00
8117.22,8117.22,8036.6,8063.0,2016-02-03,2016-02-03 01:00:00+00:00
7976.65,8074.8,7953.99,8066.51,2016-02-15,2016-02-15 01:00:00+00:00
8090.91,8227.19,8090.91,8212.07,2016-02-16,2016-02-16 01:00:00+00:00
8240.73,8253.8,8196.13,8214.25,2016-02-17,2016-02-17 01:00:00+00:00
8261.74,8337.97,8261.74,8314.67,2016-02-18,2016-02-18 01:00:00+00:00
8291.83,8325.04,8280.39,8325.04,2016-02-19,2016-02-19 01:00:00+00:00
8315.79,8396.62,8296.18,8326.68,2016-02-22,2016-02-22 01:00:00+00:00
8333.59,8361.79,8311.94,8334.64,2016-02-23,2016-02-23 01:00:00+00:00
8332.66,8382.25,8264.39,8282.86,2016-02-24,2016-02-24 01:00:00+00:00
8304.18,8388.63,8304.18,8365.86,2016-02-25,2016-02-25 01:00:00+00:00
8380.53,8432.74,8347.8,8411.16,2016-02-26,2016-02-26 01:00:00+00:00
8381.38,8489.01,8378.06,8485.69,2016-03-01,2016-03-01 01:00:00+00:00
8544.66,8586.25,8540.17,8544.05,2016-03-02,2016-03-02 01:00:00+00:00
8569.05,8630.77,8561.74,8611.79,2016-03-03,2016-03-03 01:00:00+00:00
8611.37,8648.94,8584.06,8643.55,2016-03-04,2016-03-04 01:00:00+00:00
8656.74,8727.88,8632.21,8659.55,2016-03-07,2016-03-07 01:00:00+00:00
8655.86,8668.51,8575.7,8664.31,2016-03-08,2016-03-08 01:00:00+00:00
8649.1,8657.17,8588.41,8634.11,2016-03-09,2016-03-09 01:00:00+00:00
8633.66,8680.43,8614.97,8660.7,2016-03-10,2016-03-10 01:00:00+00:00
8663.29,8707.97,8640.96,8706.14,2016-03-11,2016-03-11 01:00:00+00:00
8746.48,8777.05,8739.57,8747.9,2016-03-14,2016-03-14 01:00:00+00:00
8745.57,8759.94,8589.41,8611.18,2016-03-15,2016-03-15 01:00:00+00:00
8637.63,8699.14,8637.63,8699.14,2016-03-16,2016-03-16 01:00:00+00:00
8763.51,8826.84,8716.88,8734.54,2016-03-17,2016-03-17 01:00:00+00:00
8747.05,8810.71,8747.05,8810.71,2016-03-18,2016-03-18 01:00:00+00:00
8826.16,8840.75,8747.59,8812.7,2016-03-21,2016-03-21 01:00:00+00:00
8806.02,8814.37,8713.24,8785.68,2016-03-22,2016-03-22 01:00:00+00:00
8777.88,8814.5,8734.55,8766.09,2016-03-23,2016-03-23 01:00:00+00:00
8745.42,8765.96,8676.87,8743.38,2016-03-24,2016-03-24 01:00:00+00:00
8758.14,8765.62,8699.89,8704.97,2016-03-25,2016-03-25 01:00:00+00:00
8713.72,8737.86,8676.03,8690.45,2016-03-28,2016-03-28 01:00:00+00:00
8687.06,8711.11,8585.71,8617.35,2016-03-29,2016-03-29 01:00:00+00:00
8624.93,8744.47,8624.93,8737.04,2016-03-30,2016-03-30 01:00:00+00:00
8757.22,8803.91,8695.08,8744.83,2016-03-31,2016-03-31 01:00:00+00:00
8700.38,8704.53,8628.94,8657.55,2016-04-01,2016-04-01 01:00:00+00:00
8605.16,8605.16,8496.89,8513.3,2016-04-06,2016-04-06 01:00:00+00:00
8523.25,8529.44,8436.54,8490.25,2016-04-07,2016-04-07 01:00:00+00:00
8464.78,8546.31,8452.05,8541.5,2016-04-08,2016-04-08 01:00:00+00:00
8518.96,8568.44,8476.57,8562.59,2016-04-11,2016-04-11 01:00:00+00:00
8561.21,8613.56,8520.14,8531.18,2016-04-12,2016-04-12 01:00:00+00:00
8562.79,8653.08,8561.9,8652.08,2016-04-13,2016-04-13 01:00:00+00:00
8684.93,8719.15,8653.84,8667.71,2016-04-14,2016-04-14 01:00:00+00:00
8634.23,8700.39,8613.25,8700.39,2016-04-15,2016-04-15 01:00:00+00:00
8681.8,8686.98,8650.13,8666.01,2016-04-18,2016-04-18 01:00:00+00:00
8701.75,8743.35,8627.29,8633.72,2016-04-19,2016-04-19 01:00:00+00:00
8649.09,8695.22,8502.55,8514.48,2016-04-20,2016-04-20 01:00:00+00:00
8549.14,8568.65,8508.92,8568.65,2016-04-21,2016-04-21 01:00:00+00:00
8560.21,8580.33,8501.03,8535.75,2016-04-22,2016-04-22 01:00:00+00:00
8541.14,8560.28,8513.73,8560.28,2016-04-25,2016-04-25 01:00:00+00:00
8556.37,8622.42,8554.55,8581.57,2016-04-26,2016-04-26 01:00:00+00:00
8561.37,8597.64,8537.03,8563.05,2016-04-27,2016-04-27 01:00:00+00:00
8586.92,8595.99,8456.38,8473.87,2016-04-28,2016-04-28 01:00:00+00:00
8424.04,8424.04,8352.23,8377.9,2016-04-29,2016-04-29 01:00:00+00:00
8362.35,8363.59,8268.41,8294.12,2016-05-03,2016-05-03 01:00:00+00:00
8282.52,8285.96,8153.57,8185.47,2016-05-04,2016-05-04 01:00:00+00:00
8182.05,8207.98,8122.34,8167.96,2016-05-05,2016-05-05 01:00:00+00:00
8169.54,8170.68,8104.16,8146.43,2016-05-06,2016-05-06 01:00:00+00:00
8156.65,8177.36,8106.13,8131.83,2016-05-09,2016-05-09 01:00:00+00:00
8119.71,8168.13,8075.58,8156.29,2016-05-10,2016-05-10 01:00:00+00:00
8182.92,8204.51,8115.44,8135.56,2016-05-11,2016-05-11 01:00:00+00:00
8122.78,8162.44,8105.49,8108.05,2016-05-12,2016-05-12 01:00:00+00:00
8095.93,8095.93,7999.98,8053.69,2016-05-13,2016-05-13 01:00:00+00:00
8035.21,8091.48,8003.93,8067.6,2016-05-16,2016-05-16 01:00:00+00:00
8081.89,8151.2,8047.31,8140.48,2016-05-17,2016-05-17 01:00:00+00:00
8115.61,8159.68,8061.26,8159.68,2016-05-18,2016-05-18 01:00:00+00:00
8159.93,8166.96,8067.33,8095.98,2016-05-19,2016-05-19 01:00:00+00:00
8108.68,8165.98,8080.65,8131.26,2016-05-20,2016-05-20 01:00:00+00:00
8150.38,8356.96,8119.71,8344.44,2016-05-23,2016-05-23 01:00:00+00:00
8329.69,8354.62,8298.0,8300.66,2016-05-24,2016-05-24 01:00:00+00:00
8352.84,8417.27,8352.84,8396.2,2016-05-25,2016-05-25 01:00:00+00:00
8400.89,8410.74,8376.6,8394.12,2016-05-26,2016-05-26 01:00:00+00:00
8415.59,8463.61,8415.59,8463.61,2016-05-27,2016-05-27 01:00:00+00:00
8476.62,8563.4,8462.15,8535.87,2016-05-30,2016-05-30 01:00:00+00:00
8532.21,8545.73,8488.9,8535.59,2016-05-31,2016-05-31 01:00:00+00:00
8516.08,8603.63,8514.12,8597.16,2016-06-01,2016-06-01 01:00:00+00:00
8598.47,8635.03,8553.54,8556.02,2016-06-02,2016-06-02 01:00:00+00:00
8565.18,8601.05,8559.77,8587.36,2016-06-03,2016-06-03 01:00:00+00:00
8582.6,8594.35,8570.69,8591.57,2016-06-04,2016-06-04 01:00:00+00:00
8605.15,8664.12,8557.68,8597.11,2016-06-06,2016-06-06 01:00:00+00:00
8622.21,8692.73,8621.46,8679.9,2016-06-07,2016-06-07 01:00:00+00:00
8704.66,8754.82,8690.59,8715.48,2016-06-08,2016-06-08 01:00:00+00:00
8634.24,8634.24,8520.21,8536.22,2016-06-13,2016-06-13 01:00:00+00:00
8513.51,8577.31,8503.42,8576.12,2016-06-14,2016-06-14 01:00:00+00:00
8566.43,8608.29,8524.55,8606.37,2016-06-15,2016-06-15 01:00:00+00:00
8583.19,8584.67,8476.84,8494.14,2016-06-16,2016-06-16 01:00:00+00:00
8538.28,8607.16,8538.28,8568.08,2016-06-17,2016-06-17 01:00:00+00:00
8612.26,8642.15,8604.81,8625.92,2016-06-20,2016-06-20 01:00:00+00:00
8633.21,8684.85,8627.4,8684.85,2016-06-21,2016-06-21 01:00:00+00:00
8675.12,8716.25,8653.04,8716.25,2016-06-22,2016-06-22 01:00:00+00:00
8706.08,8711.21,8662.78,8676.68,2016-06-23,2016-06-23 01:00:00+00:00
8684.53,8691.3,8374.26,8476.99,2016-06-24,2016-06-24 01:00:00+00:00
8406.29,8468.66,8386.27,8458.87,2016-06-27,2016-06-27 01:00:00+00:00
8438.76,8505.51,8396.01,8505.51,2016-06-28,2016-06-28 01:00:00+00:00
8530.37,8609.23,8530.37,8586.56,2016-06-29,2016-06-29 01:00:00+00:00
8615.46,8666.58,8583.77,8666.58,2016-06-30,2016-06-30 01:00:00+00:00
8692.48,8755.62,8680.53,8738.24,2016-07-01,2016-07-01 01:00:00+00:00
8728.32,8782.38,8712.12,8760.58,2016-07-04,2016-07-04 01:00:00+00:00
8738.41,8747.06,8693.76,8716.07,2016-07-05,2016-07-05 01:00:00+00:00
8673.53,8673.53,8569.15,8575.75,2016-07-06,2016-07-06 01:00:00+00:00
8605.38,8653.7,8605.38,8640.91,2016-07-07,2016-07-07 01:00:00+00:00
8728.23,8795.8,8728.23,8786.47,2016-07-11,2016-07-11 01:00:00+00:00
8794.73,8841.46,8794.3,8841.46,2016-07-12,2016-07-12 01:00:00+00:00
8847.04,8865.42,8800.17,8857.75,2016-07-13,2016-07-13 01:00:00+00:00
8837.76,8877.31,8818.26,8866.36,2016-07-14,2016-07-14 01:00:00+00:00
8857.15,8949.85,8857.15,8949.85,2016-07-15,2016-07-15 01:00:00+00:00
8952.61,9008.21,8952.61,9008.21,2016-07-18,2016-07-18 01:00:00+00:00
9018.8,9034.87,8972.83,9034.87,2016-07-19,2016-07-19 01:00:00+00:00
9013.52,9034.13,8969.19,9007.68,2016-07-20,2016-07-20 01:00:00+00:00
9010.22,9075.89,9009.79,9056.56,2016-07-21,2016-07-21 01:00:00+00:00
9055.17,9060.15,9004.24,9013.14,2016-07-22,2016-07-22 01:00:00+00:00
9030.36,9085.91,8916.05,8991.67,2016-07-25,2016-07-25 01:00:00+00:00
8983.55,9024.79,8960.48,9024.79,2016-07-26,2016-07-26 01:00:00+00:00
9058.19,9084.9,9042.14,9063.39,2016-07-27,2016-07-27 01:00:00+00:00
9060.48,9081.4,9015.35,9076.64,2016-07-28,2016-07-28 01:00:00+00:00
9066.37,9071.51,8984.41,8984.41,2016-07-29,2016-07-29 01:00:00+00:00
9008.74,9080.71,9008.74,9080.71,2016-08-01,2016-08-01 01:00:00+00:00
9081.06,9086.42,9052.71,9068.76,2016-08-02,2016-08-02 01:00:00+00:00
9000.82,9033.95,8948.4,9001.71,2016-08-03,2016-08-03 01:00:00+00:00
9009.29,9035.25,8972.31,9024.71,2016-08-04,2016-08-04 01:00:00+00:00
9025.76,9101.71,9023.23,9092.12,2016-08-05,2016-08-05 01:00:00+00:00
9123.07,9153.99,9104.43,9150.26,2016-08-08,2016-08-08 01:00:00+00:00
9154.0,9168.34,9127.63,9155.08,2016-08-09,2016-08-09 01:00:00+00:00
9160.94,9200.42,9131.63,9200.42,2016-08-10,2016-08-10 01:00:00+00:00
9168.7,9187.18,9063.81,9131.83,2016-08-11,2016-08-11 01:00:00+00:00
9135.34,9173.72,9135.34,9150.39,2016-08-12,2016-08-12 01:00:00+00:00
9152.36,9162.02,9117.26,9148.51,2016-08-15,2016-08-15 01:00:00+00:00
9146.09,9165.58,9082.34,9110.36,2016-08-16,2016-08-16 01:00:00+00:00
9121.18,9133.07,9073.27,9117.7,2016-08-17,2016-08-17 01:00:00+00:00
9104.88,9128.8,9093.51,9122.5,2016-08-18,2016-08-18 01:00:00+00:00
9139.69,9175.13,9034.27,9034.27,2016-08-19,2016-08-19 01:00:00+00:00
9004.68,9012.72,8928.33,8981.81,2016-08-22,2016-08-22 01:00:00+00:00
8987.07,9046.3,8986.76,9030.93,2016-08-23,2016-08-23 01:00:00+00:00
9043.13,9054.76,9016.39,9017.38,2016-08-24,2016-08-24 01:00:00+00:00
9034.47,9115.47,9031.34,9115.47,2016-08-25,2016-08-25 01:00:00+00:00
9097.02,9131.72,9092.08,9131.72,2016-08-26,2016-08-26 01:00:00+00:00
9117.53,9136.42,9027.35,9110.17,2016-08-29,2016-08-29 01:00:00+00:00
9113.34,9134.37,9093.87,9110.56,2016-08-30,2016-08-30 01:00:00+00:00
9122.19,9130.76,9044.5,9068.85,2016-08-31,2016-08-31 01:00:00+00:00
9055.73,9069.13,8980.21,9001.15,2016-09-01,2016-09-01 01:00:00+00:00
9015.63,9038.48,8958.81,8987.55,2016-09-02,2016-09-02 01:00:00+00:00
9032.38,9100.05,9032.38,9090.13,2016-09-05,2016-09-05 01:00:00+00:00
9102.83,9181.85,9098.6,9181.85,2016-09-06,2016-09-06 01:00:00+00:00
9202.23,9278.88,9202.23,9259.07,2016-09-07,2016-09-07 01:00:00+00:00
9241.95,9273.57,9224.89,9262.89,2016-09-08,2016-09-08 01:00:00+00:00
9217.37,9217.37,9142.13,9164.88,2016-09-09,2016-09-09 01:00:00+00:00
9084.81,9084.81,9025.53,9053.69,2016-09-10,2016-09-10 01:00:00+00:00
9031.51,9031.51,8947.06,8947.06,2016-09-12,2016-09-12 01:00:00+00:00
8983.95,9014.75,8885.55,8940.83,2016-09-13,2016-09-13 01:00:00+00:00
8913.11,8965.32,8895.85,8902.3,2016-09-14,2016-09-14 01:00:00+00:00
9003.41,9155.38,9003.41,9152.88,2016-09-19,2016-09-19 01:00:00+00:00
9141.21,9173.46,9130.9,9161.58,2016-09-20,2016-09-20 01:00:00+00:00
9141.92,9228.5,9133.16,9228.5,2016-09-21,2016-09-21 01:00:00+00:00
9265.28,9290.76,9207.41,9235.26,2016-09-22,2016-09-22 01:00:00+00:00
9240.25,9284.62,9228.66,9284.62,2016-09-23,2016-09-23 01:00:00+00:00
9229.34,9229.34,9189.49,9194.52,2016-09-26,2016-09-26 01:00:00+00:00
9241.61,9303.13,9238.49,9270.9,2016-09-29,2016-09-29 01:00:00+00:00
9240.44,9240.65,9160.91,9166.85,2016-09-30,2016-09-30 01:00:00+00:00
9219.52,9256.58,9212.38,9234.2,2016-10-03,2016-10-03 01:00:00+00:00
9228.66,9287.77,9224.45,9287.77,2016-10-04,2016-10-04 01:00:00+00:00
9260.69,9276.13,9244.41,9272.28,2016-10-05,2016-10-05 01:00:00+00:00
9263.4,9284.31,9242.83,9284.31,2016-10-06,2016-10-06 01:00:00+00:00
9289.66,9289.95,9249.06,9265.81,2016-10-07,2016-10-07 01:00:00+00:00
9311.79,9327.71,9167.72,9219.82,2016-10-11,2016-10-11 01:00:00+00:00
9201.55,9258.69,9166.58,9252.6,2016-10-12,2016-10-12 01:00:00+00:00
9268.22,9285.05,9187.78,9219.17,2016-10-13,2016-10-13 01:00:00+00:00
9198.26,9216.63,9149.87,9165.17,2016-10-14,2016-10-14 01:00:00+00:00
9150.67,9182.67,9074.99,9176.22,2016-10-17,2016-10-17 01:00:00+00:00
9175.07,9222.58,9157.4,9222.58,2016-10-18,2016-10-18 01:00:00+00:00
9227.98,9298.87,9226.46,9283.99,2016-10-19,2016-10-19 01:00:00+00:00
9288.49,9331.89,9279.15,9317.24,2016-10-20,2016-10-20 01:00:00+00:00
9322.55,9348.09,9292.53,9306.57,2016-10-21,2016-10-21 01:00:00+00:00
9333.94,9343.57,9308.53,9322.5,2016-10-24,2016-10-24 01:00:00+00:00
9338.09,9399.97,9334.8,9385.65,2016-10-25,2016-10-25 01:00:00+00:00
9355.66,9372.74,9338.84,9362.25,2016-10-26,2016-10-26 01:00:00+00:00
9363.9,9370.32,9286.86,9299.55,2016-10-27,2016-10-27 01:00:00+00:00
9307.39,9320.57,9276.71,9306.92,2016-10-28,2016-10-28 01:00:00+00:00
9283.2,9314.34,9194.48,9290.12,2016-10-31,2016-10-31 01:00:00+00:00
9272.3,9289.12,9236.82,9272.7,2016-11-01,2016-11-01 01:00:00+00:00
9230.23,9230.23,9139.04,9139.04,2016-11-02,2016-11-02 01:00:00+00:00
9126.29,9154.19,9067.27,9067.27,2016-11-03,2016-11-03 01:00:00+00:00
9065.11,9098.88,9048.21,9068.15,2016-11-04,2016-11-04 01:00:00+00:00
9102.97,9191.67,9102.97,9189.84,2016-11-07,2016-11-07 01:00:00+00:00
9214.95,9230.2,9165.0,9217.43,2016-11-08,2016-11-08 01:00:00+00:00
9252.27,9296.86,8926.6,8943.2,2016-11-09,2016-11-09 01:00:00+00:00
9070.64,9179.18,9070.64,9152.18,2016-11-10,2016-11-10 01:00:00+00:00
9067.65,9067.65,8949.38,8957.76,2016-11-11,2016-11-11 01:00:00+00:00
8955.27,8991.94,8879.69,8940.4,2016-11-14,2016-11-14 01:00:00+00:00
8927.92,8981.05,8923.36,8931.03,2016-11-15,2016-11-15 01:00:00+00:00
8955.76,9032.31,8955.76,8962.22,2016-11-16,2016-11-16 01:00:00+00:00
8984.57,8998.23,8936.3,8995.26,2016-11-17,2016-11-17 01:00:00+00:00
8991.5,9025.98,8958.22,9008.79,2016-11-18,2016-11-18 01:00:00+00:00
9009.78,9049.76,8986.4,9041.11,2016-11-21,2016-11-21 01:00:00+00:00
9058.58,9161.19,9058.58,9133.39,2016-11-22,2016-11-22 01:00:00+00:00
9146.72,9202.72,9146.72,9178.23,2016-11-23,2016-11-23 01:00:00+00:00
9164.84,9183.16,9137.56,9152.11,2016-11-24,2016-11-24 01:00:00+00:00
9149.35,9191.34,9148.63,9159.07,2016-11-25,2016-11-25 01:00:00+00:00
9167.33,9241.54,9167.33,9222.24,2016-11-28,2016-11-28 01:00:00+00:00
9220.95,9249.06,9192.38,9192.38,2016-11-29,2016-11-29 01:00:00+00:00
9196.09,9240.71,9189.62,9240.71,2016-11-30,2016-11-30 01:00:00+00:00
9245.55,9278.96,9241.78,9263.53,2016-12-01,2016-12-01 01:00:00+00:00
9214.56,9214.56,9165.9,9189.49,2016-12-02,2016-12-02 01:00:00+00:00
9194.46,9212.19,9138.64,9160.66,2016-12-05,2016-12-05 01:00:00+00:00
9209.8,9280.65,9209.8,9250.77,2016-12-06,2016-12-06 01:00:00+00:00
9279.0,9299.92,9247.5,9263.89,2016-12-07,2016-12-07 01:00:00+00:00
9308.9,9376.41,9308.9,9375.86,2016-12-08,2016-12-08 01:00:00+00:00
9383.07,9399.25,9366.86,9392.68,2016-12-09,2016-12-09 01:00:00+00:00
9402.05,9430.34,9336.45,9349.94,2016-12-12,2016-12-12 01:00:00+00:00
9361.97,9382.14,9342.56,9382.14,2016-12-13,2016-12-13 01:00:00+00:00
9395.6,9413.13,9353.25,9368.52,2016-12-14,2016-12-14 01:00:00+00:00
9337.21,9370.51,9309.79,9360.35,2016-12-15,2016-12-15 01:00:00+00:00
9352.27,9379.75,9326.78,9326.78,2016-12-16,2016-12-16 01:00:00+00:00
9316.06,9317.03,9237.98,9239.32,2016-12-19,2016-12-19 01:00:00+00:00
9229.74,9258.69,9199.84,9242.41,2016-12-20,2016-12-20 01:00:00+00:00
9234.94,9263.5,9204.26,9204.26,2016-12-21,2016-12-21 01:00:00+00:00
9204.29,9209.72,9118.75,9118.75,2016-12-22,2016-12-22 01:00:00+00:00
9112.33,9128.83,9078.64,9078.64,2016-12-23,2016-12-23 01:00:00+00:00
9088.99,9127.74,9083.28,9110.54,2016-12-26,2016-12-26 01:00:00+00:00
9120.88,9132.05,9100.83,9109.27,2016-12-27,2016-12-27 01:00:00+00:00
9120.9,9203.56,9120.9,9201.4,2016-12-28,2016-12-28 01:00:00+00:00
9172.39,9196.02,9149.16,9153.09,2016-12-29,2016-12-29 01:00:00+00:00
9186.3,9259.09,9186.3,9253.5,2016-12-30,2016-12-30 01:00:00+00:00
9252.56,9273.65,9235.95,9272.88,2017-01-03,2017-01-03 01:00:00+00:00
9279.52,9299.62,9266.03,9286.96,2017-01-04,2017-01-04 01:00:00+00:00
9282.56,9358.42,9282.45,9358.14,2017-01-05,2017-01-05 01:00:00+00:00
9371.41,9381.11,9351.25,9372.22,2017-01-06,2017-01-06 01:00:00+00:00
9376.48,9404.9,9328.19,9342.42,2017-01-09,2017-01-09 01:00:00+00:00
9344.19,9353.6,9319.45,9349.64,2017-01-10,2017-01-10 01:00:00+00:00
9370.17,9384.0,9333.49,9345.74,2017-01-11,2017-01-11 01:00:00+00:00
9356.12,9430.58,9356.12,9410.18,2017-01-12,2017-01-12 01:00:00+00:00
9373.7,9387.68,9352.08,9378.83,2017-01-13,2017-01-13 01:00:00+00:00
9356.54,9359.01,9281.21,9292.33,2017-01-16,2017-01-16 01:00:00+00:00
9301.96,9354.53,9294.68,9354.53,2017-01-17,2017-01-17 01:00:00+00:00
9344.74,9350.95,9322.44,9341.97,2017-01-18,2017-01-18 01:00:00+00:00
9324.83,9337.64,9287.54,9318.12,2017-01-19,2017-01-19 01:00:00+00:00
9326.8,9350.07,9317.62,9331.46,2017-01-20,2017-01-20 01:00:00+00:00
9363.66,9427.46,9363.66,9424.05,2017-01-23,2017-01-23 01:00:00+00:00
9423.05,9468.34,9416.06,9447.95,2017-01-24,2017-01-24 01:00:00+00:00
9502.25,9521.34,9413.77,9428.97,2017-02-02,2017-02-02 01:00:00+00:00
9450.06,9478.01,9423.93,9455.56,2017-02-03,2017-02-03 01:00:00+00:00
9467.67,9548.68,9467.67,9538.01,2017-02-06,2017-02-06 01:00:00+00:00
9527.42,9555.8,9512.56,9554.56,2017-02-07,2017-02-07 01:00:00+00:00
9540.77,9564.07,9505.79,9543.25,2017-02-08,2017-02-08 01:00:00+00:00
9555.52,9600.09,9540.51,9590.18,2017-02-09,2017-02-09 01:00:00+00:00
9612.67,9688.15,9612.67,9665.59,2017-02-10,2017-02-10 01:00:00+00:00
9690.39,9711.43,9681.1,9710.32,2017-02-13,2017-02-13 01:00:00+00:00
9726.74,9760.01,9698.29,9718.78,2017-02-14,2017-02-14 01:00:00+00:00
9724.13,9813.98,9723.04,9799.76,2017-02-15,2017-02-15 01:00:00+00:00
9826.89,9869.59,9753.16,9771.25,2017-02-16,2017-02-16 01:00:00+00:00
9779.16,9791.59,9754.54,9759.76,2017-02-17,2017-02-17 01:00:00+00:00
9771.21,9791.35,9770.75,9779.92,2017-02-18,2017-02-18 01:00:00+00:00
9795.81,9817.14,9743.36,9753.2,2017-02-20,2017-02-20 01:00:00+00:00
9761.27,9775.49,9721.36,9763.93,2017-02-21,2017-02-21 01:00:00+00:00
9786.25,9820.07,9770.1,9778.78,2017-02-22,2017-02-22 01:00:00+00:00
9774.08,9810.56,9748.94,9769.31,2017-02-23,2017-02-23 01:00:00+00:00
9757.67,9784.39,9740.18,9750.47,2017-02-24,2017-02-24 01:00:00+00:00
9751.12,9758.78,9674.78,9674.78,2017-03-01,2017-03-01 01:00:00+00:00
9727.6,9774.6,9646.34,9691.8,2017-03-02,2017-03-02 01:00:00+00:00
9672.26,9679.82,9633.88,9648.21,2017-03-03,2017-03-03 01:00:00+00:00
9647.0,9688.5,9647.0,9682.63,2017-03-06,2017-03-06 01:00:00+00:00
9690.26,9738.07,9690.2,9738.07,2017-03-07,2017-03-07 01:00:00+00:00
9744.26,9773.49,9712.5,9753.45,2017-03-08,2017-03-08 01:00:00+00:00
9740.05,9743.78,9650.32,9658.61,2017-03-09,2017-03-09 01:00:00+00:00
9653.79,9656.65,9562.75,9627.89,2017-03-10,2017-03-10 01:00:00+00:00
9656.56,9697.34,9656.56,9697.34,2017-03-13,2017-03-13 01:00:00+00:00
9720.53,9767.66,9720.53,9744.21,2017-03-14,2017-03-14 01:00:00+00:00
9741.29,9749.01,9714.58,9740.31,2017-03-15,2017-03-15 01:00:00+00:00
9768.85,9842.17,9768.85,9837.83,2017-03-16,2017-03-16 01:00:00+00:00
9845.59,9908.69,9835.51,9908.69,2017-03-17,2017-03-17 01:00:00+00:00
9905.81,9916.18,9869.35,9912.97,2017-03-20,2017-03-20 01:00:00+00:00
9923.18,9976.61,9918.39,9972.49,2017-03-21,2017-03-21 01:00:00+00:00
9911.96,9922.66,9843.07,9922.66,2017-03-22,2017-03-22 01:00:00+00:00
9921.97,9945.24,9897.45,9930.74,2017-03-23,2017-03-23 01:00:00+00:00
9914.12,9932.68,9892.31,9902.98,2017-03-24,2017-03-24 01:00:00+00:00
9907.6,9917.85,9859.53,9876.77,2017-03-27,2017-03-27 01:00:00+00:00
9909.99,9924.14,9799.28,9876.45,2017-03-28,2017-03-28 01:00:00+00:00
9887.0,9906.76,9831.63,9856.25,2017-03-29,2017-03-29 01:00:00+00:00
9869.28,9878.62,9836.33,9848.15,2017-03-30,2017-03-30 01:00:00+00:00
9846.38,9869.65,9811.52,9811.52,2017-03-31,2017-03-31 01:00:00+00:00
9856.44,9949.48,9856.44,9949.48,2017-04-05,2017-04-05 01:00:00+00:00
9946.66,9946.66,9879.85,9897.8,2017-04-06,2017-04-06 01:00:00+00:00
9892.98,9900.88,9788.52,9873.37,2017-04-07,2017-04-07 01:00:00+00:00
9880.29,9898.64,9859.03,9882.54,2017-04-10,2017-04-10 01:00:00+00:00
9881.53,9896.59,9820.41,9832.42,2017-04-11,2017-04-11 01:00:00+00:00
9831.56,9837.19,9789.59,9817.68,2017-04-12,2017-04-12 01:00:00+00:00
9808.83,9868.45,9800.8,9836.68,2017-04-13,2017-04-13 01:00:00+00:00
9806.15,9808.33,9730.94,9732.93,2017-04-14,2017-04-14 01:00:00+00:00
9740.81,9762.47,9670.11,9716.4,2017-04-17,2017-04-17 01:00:00+00:00
9735.76,9771.07,9727.26,9746.56,2017-04-18,2017-04-18 01:00:00+00:00
9725.39,9725.39,9631.64,9639.94,2017-04-19,2017-04-19 01:00:00+00:00
9639.93,9664.24,9622.25,9632.69,2017-04-20,2017-04-20 01:00:00+00:00
9657.05,9718.82,9657.05,9717.41,2017-04-21,2017-04-21 01:00:00+00:00
9742.91,9772.96,9683.7,9717.95,2017-04-24,2017-04-24 01:00:00+00:00
9737.82,9841.71,9737.82,9841.71,2017-04-25,2017-04-25 01:00:00+00:00
9859.11,9865.88,9827.47,9856.45,2017-04-26,2017-04-26 01:00:00+00:00
9859.45,9863.52,9823.85,9860.62,2017-04-27,2017-04-27 01:00:00+00:00
9868.38,9897.04,9845.84,9872.0,2017-04-28,2017-04-28 01:00:00+00:00
9926.44,9951.14,9925.75,9941.27,2017-05-02,2017-05-02 01:00:00+00:00
9957.62,9979.91,9937.99,9955.33,2017-05-03,2017-05-03 01:00:00+00:00
9962.73,9973.76,9938.96,9967.64,2017-05-04,2017-05-04 01:00:00+00:00
9954.94,9960.99,9899.94,9899.94,2017-05-05,2017-05-05 01:00:00+00:00
9934.13,9964.86,9900.07,9937.25,2017-05-08,2017-05-08 01:00:00+00:00
9967.01,10001.94,9899.08,9915.48,2017-05-09,2017-05-09 01:00:00+00:00
9935.22,9971.98,9932.17,9968.32,2017-05-10,2017-05-10 01:00:00+00:00
9968.51,10018.79,9964.3,10001.48,2017-05-11,2017-05-11 01:00:00+00:00
9981.77,10008.25,9961.37,9986.82,2017-05-12,2017-05-12 01:00:00+00:00
9978.28,10036.82,9978.28,10036.82,2017-05-15,2017-05-15 01:00:00+00:00
10037.58,10058.59,9991.08,10031.49,2017-05-16,2017-05-16 01:00:00+00:00
10019.62,10029.62,9967.97,10013.67,2017-05-17,2017-05-17 01:00:00+00:00
9952.64,9969.45,9895.65,9969.45,2017-05-18,2017-05-18 01:00:00+00:00
9970.4,9979.73,9947.14,9947.62,2017-05-19,2017-05-19 01:00:00+00:00
9965.08,9997.26,9960.94,9997.26,2017-05-22,2017-05-22 01:00:00+00:00
9994.68,10038.2,9992.58,10007.84,2017-05-23,2017-05-23 01:00:00+00:00
10014.15,10059.74,10014.15,10044.42,2017-05-24,2017-05-24 01:00:00+00:00
10059.91,10108.49,10059.2,10108.49,2017-05-25,2017-05-25 01:00:00+00:00
10090.18,10121.88,10072.84,10101.95,2017-05-26,2017-05-26 01:00:00+00:00
10095.95,10116.13,10025.88,10040.72,2017-05-31,2017-05-31 01:00:00+00:00
10064.44,10100.37,10059.93,10087.42,2017-06-01,2017-06-01 01:00:00+00:00
10117.76,10152.53,10117.06,10152.53,2017-06-02,2017-06-02 01:00:00+00:00
10155.56,10164.98,10140.28,10158.15,2017-06-03,2017-06-03 01:00:00+00:00
10164.89,10226.84,10164.89,10226.84,2017-06-05,2017-06-05 01:00:00+00:00
10213.17,10221.64,10190.39,10206.18,2017-06-06,2017-06-06 01:00:00+00:00
10216.14,10242.39,10183.15,10209.99,2017-06-07,2017-06-07 01:00:00+00:00
10215.93,10235.7,10211.0,10225.78,2017-06-08,2017-06-08 01:00:00+00:00
10238.55,10268.37,10198.8,10199.65,2017-06-09,2017-06-09 01:00:00+00:00
10137.04,10158.64,10109.96,10109.96,2017-06-12,2017-06-12 01:00:00+00:00
10109.7,10146.67,10109.7,10128.15,2017-06-13,2017-06-13 01:00:00+00:00
10142.8,10165.31,10033.25,10072.46,2017-06-14,2017-06-14 01:00:00+00:00
10079.14,10089.07,10046.8,10088.35,2017-06-15,2017-06-15 01:00:00+00:00
10078.69,10159.47,10073.12,10156.73,2017-06-16,2017-06-16 01:00:00+00:00
10162.22,10250.6,10162.22,10250.6,2017-06-19,2017-06-19 01:00:00+00:00
10286.79,10354.37,10286.79,10324.46,2017-06-20,2017-06-20 01:00:00+00:00
10310.97,10379.82,10274.75,10349.72,2017-06-21,2017-06-21 01:00:00+00:00
10369.08,10403.36,10368.93,10399.06,2017-06-22,2017-06-22 01:00:00+00:00
10403.56,10422.33,10374.01,10377.7,2017-06-23,2017-06-23 01:00:00+00:00
10341.86,10513.96,10341.86,10513.96,2017-06-26,2017-06-26 01:00:00+00:00
10513.0,10545.7,10489.1,10512.06,2017-06-27,2017-06-27 01:00:00+00:00
10459.17,10459.17,10382.81,10390.55,2017-06-28,2017-06-28 01:00:00+00:00
10442.18,10476.51,10390.9,10421.65,2017-06-29,2017-06-29 01:00:00+00:00
10367.26,10395.07,10329.84,10395.07,2017-06-30,2017-06-30 01:00:00+00:00
10368.99,10412.79,10363.5,10412.79,2017-07-03,2017-07-03 01:00:00+00:00
10397.93,10421.72,10347.78,10347.78,2017-07-04,2017-07-04 01:00:00+00:00
10352.39,10404.79,10304.74,10404.79,2017-07-05,2017-07-05 01:00:00+00:00
10380.66,10381.2,10336.32,10368.2,2017-07-06,2017-07-06 01:00:00+00:00
10343.3,10343.3,10294.69,10297.25,2017-07-07,2017-07-07 01:00:00+00:00
10310.74,10331.11,10283.95,10289.91,2017-07-10,2017-07-10 01:00:00+00:00
10313.08,10415.57,10313.08,10415.57,2017-07-11,2017-07-11 01:00:00+00:00
10396.97,10450.87,10393.54,10420.68,2017-07-12,2017-07-12 01:00:00+00:00
10418.74,10485.28,10418.74,10460.15,2017-07-13,2017-07-13 01:00:00+00:00
10450.92,10466.34,10423.4,10443.91,2017-07-14,2017-07-14 01:00:00+00:00
10467.27,10490.05,10436.31,10457.54,2017-07-17,2017-07-17 01:00:00+00:00
10447.47,10481.26,10429.85,10481.26,2017-07-18,2017-07-18 01:00:00+00:00
10472.81,10537.42,10472.81,10506.1,2017-07-19,2017-07-19 01:00:00+00:00
10513.12,10534.52,10483.54,10499.36,2017-07-20,2017-07-20 01:00:00+00:00
10468.47,10477.72,10428.56,10436.7,2017-07-21,2017-07-21 01:00:00+00:00
10426.13,10461.28,10406.81,10461.28,2017-07-24,2017-07-24 01:00:00+00:00
10455.14,10473.98,10442.85,10463.15,2017-07-25,2017-07-25 01:00:00+00:00
10477.15,10500.11,10416.57,10419.11,2017-07-26,2017-07-26 01:00:00+00:00
10427.83,10516.23,10427.83,10508.37,2017-07-27,2017-07-27 01:00:00+00:00
10480.67,10480.67,10410.53,10423.05,2017-07-28,2017-07-28 01:00:00+00:00
10396.76,10427.33,10366.17,10427.33,2017-07-31,2017-07-31 01:00:00+00:00
10408.53,10470.03,10408.53,10437.29,2017-08-01,2017-08-01 01:00:00+00:00
10479.26,10519.27,10479.26,10519.27,2017-08-02,2017-08-02 01:00:00+00:00
10464.1,10478.62,10427.72,10469.88,2017-08-03,2017-08-03 01:00:00+00:00
10470.96,10510.7,10466.25,10506.56,2017-08-04,2017-08-04 01:00:00+00:00
10521.69,10592.31,10521.69,10579.38,2017-08-07,2017-08-07 01:00:00+00:00
10598.59,10619.42,10533.72,10568.97,2017-08-08,2017-08-08 01:00:00+00:00
10523.51,10536.19,10457.52,10470.38,2017-08-09,2017-08-09 01:00:00+00:00
10470.03,10477.79,10303.47,10329.74,2017-08-10,2017-08-10 01:00:00+00:00
10267.05,10338.06,10238.5,10329.57,2017-08-11,2017-08-11 01:00:00+00:00
10347.66,10365.22,10225.28,10225.28,2017-08-14,2017-08-14 01:00:00+00:00
10271.03,10336.22,10271.03,10311.16,2017-08-15,2017-08-15 01:00:00+00:00
10302.83,10322.38,10245.72,10290.39,2017-08-16,2017-08-16 01:00:00+00:00
10302.54,10372.41,10302.54,10369.37,2017-08-17,2017-08-17 01:00:00+00:00
10324.83,10330.39,10259.83,10321.33,2017-08-18,2017-08-18 01:00:00+00:00
10316.09,10336.37,10282.72,10326.39,2017-08-21,2017-08-21 01:00:00+00:00
10353.37,10410.47,10353.37,10392.07,2017-08-22,2017-08-22 01:00:00+00:00
10418.32,10458.91,10378.01,10406.81,2017-08-23,2017-08-23 01:00:00+00:00
10414.66,10488.96,10410.73,10488.96,2017-08-24,2017-08-24 01:00:00+00:00
10497.86,10519.84,10478.72,10515.51,2017-08-25,2017-08-25 01:00:00+00:00
10502.8,10542.37,10498.88,10525.98,2017-08-28,2017-08-28 01:00:00+00:00
10518.69,10518.69,10463.22,10496.57,2017-08-29,2017-08-29 01:00:00+00:00
10511.59,10574.53,10511.59,10569.4,2017-08-30,2017-08-30 01:00:00+00:00
10586.65,10609.48,10551.95,10585.78,2017-08-31,2017-08-31 01:00:00+00:00
10576.27,10619.52,10568.72,10594.82,2017-09-01,2017-09-01 01:00:00+00:00
10585.44,10610.04,10555.34,10569.87,2017-09-04,2017-09-04 01:00:00+00:00
10584.1,10617.84,10564.26,10617.84,2017-09-05,2017-09-05 01:00:00+00:00
10593.87,10604.92,10519.71,10547.86,2017-09-06,2017-09-06 01:00:00+00:00
10564.79,10604.02,10509.91,10538.51,2017-09-07,2017-09-07 01:00:00+00:00
10553.9,10609.95,10550.72,10609.95,2017-09-08,2017-09-08 01:00:00+00:00
10630.16,10656.25,10565.78,10572.16,2017-09-11,2017-09-11 01:00:00+00:00
10610.33,10646.55,10586.28,10610.35,2017-09-12,2017-09-12 01:00:00+00:00
10596.36,10620.31,10532.88,10532.88,2017-09-13,2017-09-13 01:00:00+00:00
10533.99,10572.71,10508.72,10553.57,2017-09-14,2017-09-14 01:00:00+00:00
10556.82,10580.78,10520.15,10580.41,2017-09-15,2017-09-15 01:00:00+00:00
10590.8,10642.4,10581.81,10631.57,2017-09-18,2017-09-18 01:00:00+00:00
10653.34,10664.18,10561.21,10576.14,2017-09-19,2017-09-19 01:00:00+00:00
10568.58,10589.19,10490.71,10519.17,2017-09-20,2017-09-20 01:00:00+00:00
10506.85,10603.08,10493.95,10578.44,2017-09-21,2017-09-21 01:00:00+00:00
10571.65,10579.02,10446.45,10449.68,2017-09-22,2017-09-22 01:00:00+00:00
10442.05,10447.09,10322.1,10335.89,2017-09-25,2017-09-25 01:00:00+00:00
10333.44,10374.54,10257.02,10257.02,2017-09-26,2017-09-26 01:00:00+00:00
10322.44,10357.23,10315.97,10326.68,2017-09-27,2017-09-27 01:00:00+00:00
10351.42,10365.59,10288.24,10296.45,2017-09-28,2017-09-28 01:00:00+00:00
10319.69,10338.95,10273.6,10329.94,2017-09-29,2017-09-29 01:00:00+00:00
10362.55,10400.4,10362.55,10383.94,2017-09-30,2017-09-30 01:00:00+00:00
10425.1,10472.81,10414.53,10465.16,2017-10-02,2017-10-02 01:00:00+00:00
10462.7,10495.34,10445.86,10469.35,2017-10-03,2017-10-03 01:00:00+00:00
10473.28,10530.93,10473.28,10518.27,2017-10-05,2017-10-05 01:00:00+00:00
10538.21,10557.67,10511.5,10532.81,2017-10-06,2017-10-06 01:00:00+00:00
10576.12,10668.49,10576.12,10641.19,2017-10-11,2017-10-11 01:00:00+00:00
10668.39,10711.44,10668.39,10711.44,2017-10-12,2017-10-12 01:00:00+00:00
10712.48,10724.09,10675.83,10724.09,2017-10-13,2017-10-13 01:00:00+00:00
10735.14,10774.21,10723.37,10774.21,2017-10-16,2017-10-16 01:00:00+00:00
10790.35,10798.52,10723.15,10723.15,2017-10-17,2017-10-17 01:00:00+00:00
10773.85,10790.31,10684.32,10720.28,2017-10-18,2017-10-18 01:00:00+00:00
10745.77,10798.54,10745.77,10760.29,2017-10-19,2017-10-19 01:00:00+00:00
10737.87,10753.77,10702.56,10728.88,2017-10-20,2017-10-20 01:00:00+00:00
10759.47,10792.27,10731.9,10735.21,2017-10-23,2017-10-23 01:00:00+00:00
10749.9,10766.64,10726.25,10743.78,2017-10-24,2017-10-24 01:00:00+00:00
10771.4,10794.55,10740.07,10750.57,2017-10-25,2017-10-25 01:00:00+00:00
10735.35,10756.51,10716.52,10734.76,2017-10-26,2017-10-26 01:00:00+00:00
10757.35,10803.6,10701.08,10709.11,2017-10-27,2017-10-27 01:00:00+00:00
10777.6,10842.25,10743.13,10756.87,2017-10-30,2017-10-30 01:00:00+00:00
10768.9,10829.33,10747.37,10793.8,2017-10-31,2017-10-31 01:00:00+00:00
10816.04,10843.41,10785.32,10806.36,2017-11-01,2017-11-01 01:00:00+00:00
10797.63,10827.67,10788.51,10788.51,2017-11-02,2017-11-02 01:00:00+00:00
10797.91,10835.7,10765.31,10800.77,2017-11-03,2017-11-03 01:00:00+00:00
10856.56,10858.5,10769.19,10786.19,2017-11-06,2017-11-06 01:00:00+00:00
10820.83,10842.61,10807.89,10840.34,2017-11-07,2017-11-07 01:00:00+00:00
10839.44,10844.74,10806.01,10818.99,2017-11-08,2017-11-08 01:00:00+00:00
10802.95,10831.38,10721.87,10743.27,2017-11-09,2017-11-09 01:00:00+00:00
10713.67,10742.61,10659.29,10732.67,2017-11-10,2017-11-10 01:00:00+00:00
10728.22,10749.39,10683.92,10683.92,2017-11-13,2017-11-13 01:00:00+00:00
10716.59,10735.08,10654.58,10687.18,2017-11-14,2017-11-14 01:00:00+00:00
10662.08,10669.59,10600.26,10630.65,2017-11-15,2017-11-15 01:00:00+00:00
10629.16,10666.66,10609.23,10625.04,2017-11-16,2017-11-16 01:00:00+00:00
10673.43,10729.45,10673.43,10701.64,2017-11-17,2017-11-17 01:00:00+00:00
10706.79,10728.39,10656.18,10664.55,2017-11-20,2017-11-20 01:00:00+00:00
10688.22,10787.58,10687.26,10779.24,2017-11-21,2017-11-21 01:00:00+00:00
10815.4,10882.65,10801.1,10822.59,2017-11-22,2017-11-22 01:00:00+00:00
10837.61,10872.29,10809.09,10854.57,2017-11-23,2017-11-23 01:00:00+00:00
10847.79,10873.91,10833.78,10854.09,2017-11-24,2017-11-24 01:00:00+00:00
10836.82,10856.0,10746.74,10750.93,2017-11-27,2017-11-27 01:00:00+00:00
10733.56,10752.58,10692.53,10707.07,2017-11-28,2017-11-28 01:00:00+00:00
10735.24,10762.91,10697.62,10713.55,2017-11-29,2017-11-29 01:00:00+00:00
10623.2,10650.18,10560.44,10560.44,2017-11-30,2017-11-30 01:00:00+00:00
10591.62,10665.92,10495.15,10600.37,2017-12-01,2017-12-01 01:00:00+00:00
10617.27,10665.43,10565.68,10651.11,2017-12-04,2017-12-04 01:00:00+00:00
10607.62,10635.71,10540.74,10566.85,2017-12-05,2017-12-05 01:00:00+00:00
10541.03,10541.03,10376.65,10393.92,2017-12-06,2017-12-06 01:00:00+00:00
10404.42,10418.97,10322.76,10355.76,2017-12-07,2017-12-07 01:00:00+00:00
10406.35,10419.28,10336.26,10398.62,2017-12-08,2017-12-08 01:00:00+00:00
10438.33,10504.67,10438.33,10473.09,2017-12-11,2017-12-11 01:00:00+00:00
10488.73,10495.24,10408.06,10443.28,2017-12-12,2017-12-12 01:00:00+00:00
10447.11,10489.17,10444.7,10470.7,2017-12-13,2017-12-13 01:00:00+00:00
10494.6,10577.53,10494.6,10538.01,2017-12-14,2017-12-14 01:00:00+00:00
10517.21,10520.66,10436.11,10491.44,2017-12-15,2017-12-15 01:00:00+00:00
10478.74,10526.41,10472.39,10506.52,2017-12-18,2017-12-18 01:00:00+00:00
10508.33,10544.0,10452.08,10467.34,2017-12-19,2017-12-19 01:00:00+00:00
10470.36,10514.31,10470.36,10504.52,2017-12-20,2017-12-20 01:00:00+00:00
10526.97,10545.78,10488.97,10488.97,2017-12-21,2017-12-21 01:00:00+00:00
10503.1,10537.27,10486.52,10537.27,2017-12-22,2017-12-22 01:00:00+00:00
10546.64,10556.65,10514.54,10522.49,2017-12-25,2017-12-25 01:00:00+00:00
10526.14,10528.92,10408.12,10421.91,2017-12-26,2017-12-26 01:00:00+00:00
10419.81,10497.77,10419.81,10486.67,2017-12-27,2017-12-27 01:00:00+00:00
10513.29,10592.04,10513.29,10567.64,2017-12-28,2017-12-28 01:00:00+00:00
10590.95,10659.98,10590.95,10642.86,2017-12-29,2017-12-29 01:00:00+00:00
10664.82,10710.73,10650.77,10710.73,2018-01-02,2018-01-02 01:00:00+00:00
10759.61,10813.16,10759.61,10801.57,2018-01-03,2018-01-03 01:00:00+00:00
10834.58,10853.46,10794.25,10848.63,2018-01-04,2018-01-04 01:00:00+00:00
10856.92,10879.8,10815.68,10879.8,2018-01-05,2018-01-05 01:00:00+00:00
10899.09,10918.47,10869.12,10915.75,2018-01-08,2018-01-08 01:00:00+00:00
10922.35,10931.0,10860.77,10914.89,2018-01-09,2018-01-09 01:00:00+00:00
10915.32,10934.75,10819.25,10831.09,2018-01-10,2018-01-10 01:00:00+00:00
10824.54,10844.08,10770.1,10810.06,2018-01-11,2018-01-11 01:00:00+00:00
10818.24,10899.98,10818.24,10883.96,2018-01-12,2018-01-12 01:00:00+00:00
10932.37,10962.55,10911.89,10956.31,2018-01-15,2018-01-15 01:00:00+00:00
10955.81,10986.11,10920.5,10986.11,2018-01-16,2018-01-16 01:00:00+00:00
10976.13,11030.22,10942.95,11004.8,2018-01-17,2018-01-17 01:00:00+00:00
11048.06,11122.82,11048.06,11071.57,2018-01-18,2018-01-18 01:00:00+00:00
11123.58,11150.85,11095.85,11150.85,2018-01-19,2018-01-19 01:00:00+00:00
11169.79,11231.46,11142.38,11231.46,2018-01-22,2018-01-22 01:00:00+00:00
11243.49,11270.18,11201.52,11253.11,2018-01-23,2018-01-23 01:00:00+00:00
11228.71,11228.71,11107.32,11152.16,2018-01-24,2018-01-24 01:00:00+00:00
11154.36,11268.61,11131.85,11165.95,2018-01-25,2018-01-25 01:00:00+00:00
11152.53,11178.3,11089.48,11147.1,2018-01-26,2018-01-26 01:00:00+00:00
11202.27,11246.18,11161.83,11221.81,2018-01-29,2018-01-29 01:00:00+00:00
11189.57,11189.57,11076.78,11076.78,2018-01-30,2018-01-30 01:00:00+00:00
11054.36,11158.29,11007.89,11103.79,2018-01-31,2018-01-31 01:00:00+00:00
11139.4,11212.1,11139.4,11160.25,2018-02-01,2018-02-01 01:00:00+00:00
11151.65,11153.32,11070.43,11126.23,2018-02-02,2018-02-02 01:00:00+00:00
10970.3,10970.3,10855.43,10946.25,2018-02-05,2018-02-05 01:00:00+00:00
10761.01,10761.01,10300.4,10404.0,2018-02-06,2018-02-06 01:00:00+00:00
10547.64,10697.82,10547.64,10551.54,2018-02-07,2018-02-07 01:00:00+00:00
10559.44,10609.5,10512.93,10528.52,2018-02-08,2018-02-08 01:00:00+00:00
10371.01,10392.31,10189.04,10371.75,2018-02-09,2018-02-09 01:00:00+00:00
10429.09,10473.51,10416.01,10421.09,2018-02-12,2018-02-12 01:00:00+00:00
10559.79,10720.48,10559.79,10714.44,2018-02-21,2018-02-21 01:00:00+00:00
10698.47,10698.47,10620.8,10662.38,2018-02-22,2018-02-22 01:00:00+00:00
10688.97,10799.29,10688.97,10794.55,2018-02-23,2018-02-23 01:00:00+00:00
10827.98,10890.69,10827.98,10836.7,2018-02-26,2018-02-26 01:00:00+00:00
10896.16,10937.9,10815.47,10815.47,2018-02-27,2018-02-27 01:00:00+00:00
10779.1,10805.55,10709.69,10785.79,2018-03-01,2018-03-01 01:00:00+00:00
10719.29,10719.29,10638.98,10698.17,2018-03-02,2018-03-02 01:00:00+00:00
10727.45,10756.37,10642.9,10642.9,2018-03-05,2018-03-05 01:00:00+00:00
10711.15,10784.34,10711.15,10784.34,2018-03-06,2018-03-06 01:00:00+00:00
10762.99,10818.05,10745.32,10745.32,2018-03-07,2018-03-07 01:00:00+00:00
10788.43,10852.33,10788.43,10823.24,2018-03-08,2018-03-08 01:00:00+00:00
10847.74,10882.76,10845.38,10864.82,2018-03-09,2018-03-09 01:00:00+00:00
10908.99,11016.56,10908.99,11002.1,2018-03-12,2018-03-12 01:00:00+00:00
11022.15,11095.63,11014.87,11095.63,2018-03-13,2018-03-13 01:00:00+00:00
11063.73,11070.29,11015.47,11038.8,2018-03-14,2018-03-14 01:00:00+00:00
11039.6,11052.11,11008.18,11018.45,2018-03-15,2018-03-15 01:00:00+00:00
11010.24,11054.86,10933.46,11027.7,2018-03-16,2018-03-16 01:00:00+00:00
11004.81,11066.0,10983.25,11046.9,2018-03-19,2018-03-19 01:00:00+00:00
11016.85,11020.78,10981.04,11010.84,2018-03-20,2018-03-20 01:00:00+00:00
11037.35,11072.31,11011.07,11011.07,2018-03-21,2018-03-21 01:00:00+00:00
11045.9,11120.2,10975.33,11005.84,2018-03-22,2018-03-22 01:00:00+00:00
10863.67,10863.67,10758.06,10823.33,2018-03-23,2018-03-23 01:00:00+00:00
10783.57,10840.05,10781.43,10840.05,2018-03-26,2018-03-26 01:00:00+00:00
10901.69,10986.79,10901.69,10986.79,2018-03-27,2018-03-27 01:00:00+00:00
10939.97,10939.97,10853.48,10865.66,2018-03-28,2018-03-28 01:00:00+00:00
10855.66,10889.6,10815.46,10845.92,2018-03-29,2018-03-29 01:00:00+00:00
10905.3,10969.22,10905.3,10906.22,2018-03-30,2018-03-30 01:00:00+00:00
10925.71,10947.16,10905.69,10919.49,2018-03-31,2018-03-31 01:00:00+00:00
10936.26,10969.88,10882.05,10888.27,2018-04-02,2018-04-02 01:00:00+00:00
10837.54,10837.54,10775.45,10821.53,2018-04-03,2018-04-03 01:00:00+00:00
10880.14,10904.75,10829.02,10893.53,2018-04-09,2018-04-09 01:00:00+00:00
10885.64,10975.67,10874.83,10927.18,2018-04-10,2018-04-10 01:00:00+00:00
10961.7,11016.35,10953.31,10974.02,2018-04-11,2018-04-11 01:00:00+00:00
10984.12,11008.2,10920.62,10955.29,2018-04-12,2018-04-12 01:00:00+00:00
10975.58,10988.23,10938.37,10965.39,2018-04-13,2018-04-13 01:00:00+00:00
10962.36,10974.94,10921.17,10954.55,2018-04-16,2018-04-16 01:00:00+00:00
10953.51,10965.2,10799.07,10810.45,2018-04-17,2018-04-17 01:00:00+00:00
10842.88,10917.6,10809.89,10847.89,2018-04-18,2018-04-18 01:00:00+00:00
10891.66,10983.96,10889.71,10971.22,2018-04-19,2018-04-19 01:00:00+00:00
10802.42,10831.56,10770.05,10779.38,2018-04-20,2018-04-20 01:00:00+00:00
10756.89,10774.73,10687.25,10697.13,2018-04-23,2018-04-23 01:00:00+00:00
10680.38,10692.19,10540.15,10579.5,2018-04-24,2018-04-24 01:00:00+00:00
10541.83,10573.73,10489.2,10559.97,2018-04-25,2018-04-25 01:00:00+00:00
10583.08,10618.68,10478.98,10488.58,2018-04-26,2018-04-26 01:00:00+00:00
10546.29,10573.61,10495.67,10553.43,2018-04-27,2018-04-27 01:00:00+00:00
10553.41,10660.61,10539.63,10657.88,2018-04-30,2018-04-30 01:00:00+00:00
10665.52,10683.9,10601.1,10618.81,2018-05-02,2018-05-02 01:00:00+00:00
10578.98,10578.98,10509.03,10514.18,2018-05-03,2018-05-03 01:00:00+00:00
10516.45,10566.37,10500.97,10529.37,2018-05-04,2018-05-04 01:00:00+00:00
10581.78,10632.62,10555.56,10604.91,2018-05-07,2018-05-07 01:00:00+00:00
10610.44,10691.38,10609.04,10691.38,2018-05-08,2018-05-08 01:00:00+00:00
10692.89,10748.6,10689.81,10703.35,2018-05-09,2018-05-09 01:00:00+00:00
10731.68,10782.06,10731.68,10760.21,2018-05-10,2018-05-10 01:00:00+00:00
10808.4,10874.63,10808.4,10858.98,2018-05-11,2018-05-11 01:00:00+00:00
10938.3,10970.24,10908.86,10952.39,2018-05-14,2018-05-14 01:00:00+00:00
10965.08,10978.38,10874.73,10874.73,2018-05-15,2018-05-15 01:00:00+00:00
10873.54,10915.74,10865.07,10897.57,2018-05-16,2018-05-16 01:00:00+00:00
10911.74,10938.63,10833.81,10833.81,2018-05-17,2018-05-17 01:00:00+00:00
10844.09,10893.35,10819.07,10830.84,2018-05-18,2018-05-18 01:00:00+00:00
10861.66,10979.1,10861.66,10966.2,2018-05-21,2018-05-21 01:00:00+00:00
10986.77,11034.12,10938.73,10938.73,2018-05-22,2018-05-22 01:00:00+00:00
10974.52,10991.86,10886.18,10886.18,2018-05-23,2018-05-23 01:00:00+00:00
10910.61,10942.64,10883.52,10936.93,2018-05-24,2018-05-24 01:00:00+00:00
10946.62,10977.81,10918.12,10942.3,2018-05-25,2018-05-25 01:00:00+00:00
10976.49,10999.43,10965.18,10987.77,2018-05-28,2018-05-28 01:00:00+00:00
10979.68,10986.53,10929.56,10964.12,2018-05-29,2018-05-29 01:00:00+00:00
10925.21,10925.21,10799.75,10821.17,2018-05-30,2018-05-30 01:00:00+00:00
10856.03,10909.61,10853.65,10874.96,2018-05-31,2018-05-31 01:00:00+00:00
10882.68,10954.67,10876.97,10949.08,2018-06-01,2018-06-01 01:00:00+00:00
11002.15,11109.5,11002.15,11109.5,2018-06-04,2018-06-04 01:00:00+00:00
11130.03,11131.08,11054.62,11100.11,2018-06-05,2018-06-05 01:00:00+00:00
11111.14,11207.15,11111.14,11201.83,2018-06-06,2018-06-06 01:00:00+00:00
11228.64,11261.68,11188.99,11251.75,2018-06-07,2018-06-07 01:00:00+00:00
11243.59,11243.59,11122.98,11156.42,2018-06-08,2018-06-08 01:00:00+00:00
11168.99,11186.67,11118.81,11149.23,2018-06-11,2018-06-11 01:00:00+00:00
11140.02,11160.05,11088.53,11144.79,2018-06-12,2018-06-12 01:00:00+00:00
11153.2,11188.01,11119.24,11173.21,2018-06-13,2018-06-13 01:00:00+00:00
11143.04,11143.04,11013.98,11013.98,2018-06-14,2018-06-14 01:00:00+00:00
10998.2,11087.47,10981.61,11087.47,2018-06-15,2018-06-15 01:00:00+00:00
11008.77,11008.77,10904.19,10904.19,2018-06-19,2018-06-19 01:00:00+00:00
10904.8,10969.2,10842.56,10927.44,2018-06-20,2018-06-20 01:00:00+00:00
10949.85,10992.31,10941.07,10941.07,2018-06-21,2018-06-21 01:00:00+00:00
10901.25,10914.83,10828.86,10899.28,2018-06-22,2018-06-22 01:00:00+00:00
10834.07,10851.16,10786.46,10786.46,2018-06-25,2018-06-25 01:00:00+00:00
10730.9,10752.99,10651.42,10742.17,2018-06-26,2018-06-26 01:00:00+00:00
10766.88,10800.34,10701.03,10701.03,2018-06-27,2018-06-27 01:00:00+00:00
10669.42,10723.84,10633.01,10654.28,2018-06-28,2018-06-28 01:00:00+00:00
10667.64,10836.91,10667.64,10836.91,2018-06-29,2018-06-29 01:00:00+00:00
10852.17,10886.2,10777.94,10777.94,2018-07-02,2018-07-02 01:00:00+00:00
10802.88,10873.48,10707.68,10715.72,2018-07-03,2018-07-03 01:00:00+00:00
10714.25,10752.05,10680.44,10721.87,2018-07-04,2018-07-04 01:00:00+00:00
10690.91,10709.8,10585.27,10611.81,2018-07-05,2018-07-05 01:00:00+00:00
10645.66,10665.72,10523.58,10608.57,2018-07-06,2018-07-06 01:00:00+00:00
10638.9,10746.74,10638.9,10720.28,2018-07-09,2018-07-09 01:00:00+00:00
10737.62,10776.47,10728.24,10756.89,2018-07-10,2018-07-10 01:00:00+00:00
10693.64,10693.64,10635.03,10676.84,2018-07-11,2018-07-11 01:00:00+00:00
10644.91,10752.57,10643.65,10738.38,2018-07-12,2018-07-12 01:00:00+00:00
10769.7,10864.54,10769.7,10864.54,2018-07-13,2018-07-13 01:00:00+00:00
10867.97,10890.2,10817.45,10817.45,2018-07-16,2018-07-16 01:00:00+00:00
10802.75,10818.84,10758.83,10778.99,2018-07-17,2018-07-17 01:00:00+00:00
10811.43,10872.74,10788.37,10842.46,2018-07-18,2018-07-18 01:00:00+00:00
10868.56,10896.25,10826.14,10835.38,2018-07-19,2018-07-19 01:00:00+00:00
10932.51,10963.95,10893.73,10932.11,2018-07-20,2018-07-20 01:00:00+00:00
10929.46,10984.84,10901.75,10946.89,2018-07-23,2018-07-23 01:00:00+00:00
10937.77,10995.39,10917.61,10995.39,2018-07-24,2018-07-24 01:00:00+00:00
10957.66,10992.29,10956.0,10965.79,2018-07-25,2018-07-25 01:00:00+00:00
10969.35,11018.19,10966.33,11010.61,2018-07-26,2018-07-26 01:00:00+00:00
11023.07,11075.78,11009.16,11075.78,2018-07-27,2018-07-27 01:00:00+00:00
11072.7,11080.41,11001.15,11033.54,2018-07-30,2018-07-30 01:00:00+00:00
10997.73,11057.51,10976.46,11057.51,2018-07-31,2018-07-31 01:00:00+00:00
11062.36,11100.02,11058.28,11098.13,2018-08-01,2018-08-01 01:00:00+00:00
11095.67,11095.67,10919.13,10929.77,2018-08-02,2018-08-02 01:00:00+00:00
10957.3,11012.43,10957.3,11012.43,2018-08-03,2018-08-03 01:00:00+00:00
10997.26,11054.49,10994.97,11024.1,2018-08-06,2018-08-06 01:00:00+00:00
11024.97,11030.09,10983.44,10983.44,2018-08-07,2018-08-07 01:00:00+00:00
11026.07,11095.5,11026.07,11075.25,2018-08-08,2018-08-08 01:00:00+00:00
11063.62,11063.62,11001.96,11028.07,2018-08-09,2018-08-09 01:00:00+00:00
11009.96,11033.89,10972.25,10983.68,2018-08-10,2018-08-10 01:00:00+00:00
10939.68,10939.68,10693.73,10748.92,2018-08-13,2018-08-13 01:00:00+00:00
10797.95,10829.85,10755.53,10824.23,2018-08-14,2018-08-14 01:00:00+00:00
10827.28,10827.28,10688.59,10716.75,2018-08-15,2018-08-15 01:00:00+00:00
10663.57,10725.71,10606.26,10683.9,2018-08-16,2018-08-16 01:00:00+00:00
10702.6,10757.01,10688.55,10690.96,2018-08-17,2018-08-17 01:00:00+00:00
10698.76,10729.9,10663.44,10699.05,2018-08-20,2018-08-20 01:00:00+00:00
10697.01,10792.2,10697.01,10792.2,2018-08-21,2018-08-21 01:00:00+00:00
10790.24,10828.21,10774.69,10804.2,2018-08-22,2018-08-22 01:00:00+00:00
10817.33,10863.13,10802.79,10863.13,2018-08-23,2018-08-23 01:00:00+00:00
10865.91,10865.91,10770.32,10809.35,2018-08-24,2018-08-24 01:00:00+00:00
10847.17,10916.69,10847.17,10902.21,2018-08-27,2018-08-27 01:00:00+00:00
10946.33,11005.55,10946.33,10989.55,2018-08-28,2018-08-28 01:00:00+00:00
11029.12,11099.57,11029.11,11099.57,2018-08-29,2018-08-29 01:00:00+00:00
11153.97,11186.05,11080.07,11093.75,2018-08-30,2018-08-30 01:00:00+00:00
11037.26,11063.94,10987.68,11063.94,2018-08-31,2018-08-31 01:00:00+00:00
11087.86,11097.11,10952.85,10964.22,2018-09-03,2018-09-03 01:00:00+00:00
10981.39,11028.27,10956.49,11021.38,2018-09-04,2018-09-04 01:00:00+00:00
11042.41,11058.06,10989.93,10995.13,2018-09-05,2018-09-05 01:00:00+00:00
11016.92,11016.92,10905.34,10924.3,2018-09-06,2018-09-06 01:00:00+00:00
10922.55,10922.55,10807.56,10846.99,2018-09-07,2018-09-07 01:00:00+00:00
10869.8,10877.72,10689.29,10725.8,2018-09-10,2018-09-10 01:00:00+00:00
10723.0,10765.42,10669.59,10752.3,2018-09-11,2018-09-11 01:00:00+00:00
10762.91,10779.93,10667.25,10722.57,2018-09-12,2018-09-12 01:00:00+00:00
10726.67,10758.84,10701.25,10727.23,2018-09-13,2018-09-13 01:00:00+00:00
10776.53,10882.04,10770.47,10868.14,2018-09-14,2018-09-14 01:00:00+00:00
10881.78,10883.98,10806.73,10828.61,2018-09-17,2018-09-17 01:00:00+00:00
10794.22,10806.56,10750.81,10760.21,2018-09-18,2018-09-18 01:00:00+00:00
10808.5,10882.75,10808.5,10857.27,2018-09-19,2018-09-19 01:00:00+00:00
10886.19,10908.36,10814.54,10831.41,2018-09-20,2018-09-20 01:00:00+00:00
10857.1,10972.41,10835.84,10972.41,2018-09-21,2018-09-21 01:00:00+00:00
10959.56,11003.49,10941.77,10978.85,2018-09-25,2018-09-25 01:00:00+00:00
10974.08,11007.35,10947.29,10974.19,2018-09-26,2018-09-26 01:00:00+00:00
10973.77,11051.09,10961.27,11034.19,2018-09-27,2018-09-27 01:00:00+00:00
11050.09,11073.95,10966.96,11006.34,2018-09-28,2018-09-28 01:00:00+00:00
11014.19,11062.43,11012.95,11051.8,2018-10-01,2018-10-01 01:00:00+00:00
11048.89,11064.34,10906.42,10919.63,2018-10-02,2018-10-02 01:00:00+00:00
10918.74,10926.73,10839.46,10863.94,2018-10-03,2018-10-03 01:00:00+00:00
10826.19,10826.19,10707.76,10718.91,2018-10-04,2018-10-04 01:00:00+00:00
10665.29,10669.63,10446.94,10517.12,2018-10-05,2018-10-05 01:00:00+00:00
10467.85,10507.83,10403.13,10455.93,2018-10-08,2018-10-08 01:00:00+00:00
10464.39,10503.1,10428.97,10466.83,2018-10-09,2018-10-09 01:00:00+00:00
10272.04,10272.04,9797.93,9806.11,2018-10-11,2018-10-11 01:00:00+00:00
9811.58,10046.01,9740.76,10045.81,2018-10-12,2018-10-12 01:00:00+00:00
9989.63,9989.63,9890.47,9901.12,2018-10-15,2018-10-15 01:00:00+00:00
9891.97,10011.19,9888.73,9981.1,2018-10-16,2018-10-16 01:00:00+00:00
10048.43,10127.01,9978.25,9979.14,2018-10-17,2018-10-17 01:00:00+00:00
9975.46,10019.5,9919.79,9953.73,2018-10-18,2018-10-18 01:00:00+00:00
9879.47,9919.26,9762.91,9919.26,2018-10-19,2018-10-19 01:00:00+00:00
9871.3,9984.15,9822.15,9974.28,2018-10-22,2018-10-22 01:00:00+00:00
9912.28,9912.28,9775.2,9775.2,2018-10-23,2018-10-23 01:00:00+00:00
9774.29,9809.19,9667.85,9759.4,2018-10-24,2018-10-24 01:00:00+00:00
9622.95,9622.95,9475.61,9520.79,2018-10-25,2018-10-25 01:00:00+00:00
9570.19,9629.07,9400.69,9489.18,2018-10-26,2018-10-26 01:00:00+00:00
9515.43,9554.35,9459.12,9516.32,2018-10-29,2018-10-29 01:00:00+00:00
9508.81,9574.83,9481.66,9526.11,2018-10-30,2018-10-30 01:00:00+00:00
9588.86,9802.13,9588.86,9802.13,2018-10-31,2018-10-31 01:00:00+00:00
9812.2,9869.59,9742.61,9844.74,2018-11-01,2018-11-01 01:00:00+00:00
9871.4,9906.59,9817.29,9906.59,2018-11-02,2018-11-02 01:00:00+00:00
9856.85,9889.81,9786.25,9889.81,2018-11-05,2018-11-05 01:00:00+00:00
9888.41,9899.97,9782.86,9824.95,2018-11-06,2018-11-06 01:00:00+00:00
9818.15,9912.53,9817.95,9908.35,2018-11-07,2018-11-07 01:00:00+00:00
9958.47,10014.42,9938.55,9945.31,2018-11-08,2018-11-08 01:00:00+00:00
9921.78,9921.78,9798.45,9830.01,2018-11-09,2018-11-09 01:00:00+00:00
9806.8,9875.84,9764.46,9831.21,2018-11-12,2018-11-12 01:00:00+00:00
9727.17,9777.35,9616.16,9775.84,2018-11-13,2018-11-13 01:00:00+00:00
9799.69,9823.25,9763.89,9791.88,2018-11-14,2018-11-14 01:00:00+00:00
9806.58,9844.39,9755.12,9826.46,2018-11-15,2018-11-15 01:00:00+00:00
9819.05,9851.29,9770.87,9797.09,2018-11-16,2018-11-16 01:00:00+00:00
9795.47,9836.02,9779.4,9828.69,2018-11-19,2018-11-19 01:00:00+00:00
9788.95,9800.03,9726.8,9743.99,2018-11-20,2018-11-20 01:00:00+00:00
9698.52,9753.69,9632.47,9741.52,2018-11-21,2018-11-21 01:00:00+00:00
9769.33,9792.99,9702.77,9714.71,2018-11-22,2018-11-22 01:00:00+00:00
9730.64,9738.8,9654.91,9667.3,2018-11-23,2018-11-23 01:00:00+00:00
9679.98,9847.35,9679.98,9765.36,2018-11-26,2018-11-26 01:00:00+00:00
9728.95,9781.4,9688.74,9778.62,2018-11-27,2018-11-27 01:00:00+00:00
9774.03,9890.89,9767.14,9884.31,2018-11-28,2018-11-28 01:00:00+00:00
9959.87,10001.85,9885.36,9885.36,2018-11-29,2018-11-29 01:00:00+00:00
9899.24,9957.63,9888.03,9888.03,2018-11-30,2018-11-30 01:00:00+00:00
9979.21,10148.75,9979.21,10137.87,2018-12-03,2018-12-03 01:00:00+00:00
10120.43,10126.02,10061.7,10083.54,2018-12-04,2018-12-04 01:00:00+00:00
9971.98,9971.98,9895.29,9916.74,2018-12-05,2018-12-05 01:00:00+00:00
9850.08,9850.08,9664.75,9684.72,2018-12-06,2018-12-06 01:00:00+00:00
9719.46,9785.2,9719.46,9760.88,2018-12-07,2018-12-07 01:00:00+00:00
9722.97,9722.97,9626.47,9647.54,2018-12-10,2018-12-10 01:00:00+00:00
9661.72,9720.96,9661.72,9707.04,2018-12-11,2018-12-11 01:00:00+00:00
9741.45,9835.56,9741.45,9816.45,2018-12-12,2018-12-12 01:00:00+00:00
9827.32,9871.96,9815.5,9858.76,2018-12-13,2018-12-13 01:00:00+00:00
9818.95,9818.95,9718.94,9774.16,2018-12-14,2018-12-14 01:00:00+00:00
9762.49,9826.88,9733.98,9787.53,2018-12-17,2018-12-17 01:00:00+00:00
9756.46,9756.67,9701.1,9718.82,2018-12-18,2018-12-18 01:00:00+00:00
9720.92,9783.21,9720.92,9783.21,2018-12-19,2018-12-19 01:00:00+00:00
9729.29,9741.55,9658.5,9674.52,2018-12-20,2018-12-20 01:00:00+00:00
9648.98,9683.95,9585.32,9676.67,2018-12-21,2018-12-21 01:00:00+00:00
9639.24,9652.19,9625.31,9646.16,2018-12-22,2018-12-22 01:00:00+00:00
9646.53,9658.95,9613.29,9639.7,2018-12-24,2018-12-24 01:00:00+00:00
9559.7,9559.7,9479.06,9527.09,2018-12-25,2018-12-25 01:00:00+00:00
9544.87,9591.91,9473.3,9478.99,2018-12-26,2018-12-26 01:00:00+00:00
9555.01,9670.97,9555.01,9641.56,2018-12-27,2018-12-27 01:00:00+00:00
9649.97,9727.41,9630.77,9727.41,2018-12-28,2018-12-28 01:00:00+00:00
