source_timestamp_utc,open,high,low,close,adj_close,volume,session_date
2010-01-04 14:30:00+00:00,24.094999313354492,24.21500015258789,23.795000076293945,23.975000381469727,21.932458877563477,551000,2010-01-04
2010-01-05 14:30:00+00:00,23.979999542236328,24.219999313354492,23.834999084472656,24.024999618530273,21.978195190429688,309800,2010-01-05
2010-01-06 14:30:00+00:00,24.06999969482422,24.135000228881836,23.905000686645508,24.03499984741211,21.987342834472656,522200,2010-01-06
2010-01-07 14:30:00+00:00,24.020000457763672,24.020000457763672,23.625,23.809999465942383,21.78152084350586,809000,2010-01-07
2010-01-08 14:30:00+00:00,23.815000534057617,24.1299991607666,23.764999389648438,24.1299991607666,22.074251174926758,359600,2010-01-08
2010-01-11 14:30:00+00:00,24.239999771118164,24.2450008392334,23.799999237060547,23.96500015258789,21.923311233520508,357800,2010-01-11
2010-01-12 14:30:00+00:00,23.7450008392334,23.7450008392334,22.975000381469727,23.170000076293945,21.1960391998291,856400,2010-01-12
2010-01-13 14:30:00+00:00,23.290000915527344,23.46500015258789,22.704999923706055,23.440000534057617,21.443035125732422,261400,2010-01-13
2010-01-14 14:30:00+00:00,23.3799991607666,23.405000686645508,23.079999923706055,23.31999969482422,21.333253860473633,161400,2010-01-14
2010-01-15 14:30:00+00:00,23.344999313354492,23.344999313354492,22.55500030517578,22.6200008392334,20.69289207458496,295800,2010-01-15
2010-01-19 14:30:00+00:00,22.700000762939453,23.34000015258789,22.68000030517578,22.924999237060547,20.971912384033203,245200,2010-01-19
2010-01-20 14:30:00+00:00,22.899999618530273,23.084999084472656,22.739999771118164,23.084999084472656,21.1182804107666,358200,2010-01-20
2010-01-21 14:30:00+00:00,23.1299991607666,23.459999084472656,22.850000381469727,23.104999542236328,21.136585235595703,313400,2010-01-21
2010-01-22 14:30:00+00:00,23.0,23.0,21.989999771118164,22.1200008392334,20.235492706298828,609000,2010-01-22
2010-01-25 14:30:00+00:00,22.25,22.5,22.114999771118164,22.34000015258789,20.43674659729004,355800,2010-01-25
2010-01-26 14:30:00+00:00,22.25,22.450000762939453,22.049999237060547,22.184999465942383,20.294954299926758,109400,2010-01-26
2010-01-27 14:30:00+00:00,22.155000686645508,22.56999969482422,21.9950008392334,22.485000610351562,20.569400787353516,338200,2010-01-27
2010-01-28 14:30:00+00:00,22.454999923706055,22.459999084472656,21.405000686645508,21.799999237060547,19.9427547454834,475600,2010-01-28
2010-01-29 14:30:00+00:00,21.985000610351562,22.155000686645508,20.80500030517578,21.03499984741211,19.242929458618164,589000,2010-01-29
2010-02-01 14:30:00+00:00,21.104999542236328,21.825000762939453,21.040000915527344,21.809999465942383,19.951904296875,702000,2010-02-01
2010-02-02 14:30:00+00:00,21.8700008392334,22.209999084472656,21.75,22.104999542236328,20.221763610839844,339400,2010-02-02
2010-02-03 14:30:00+00:00,22.040000915527344,22.280000686645508,21.959999084472656,22.21500015258789,20.322399139404297,437600,2010-02-03
2010-02-04 14:30:00+00:00,21.90999984741211,21.969999313354492,21.094999313354492,21.155000686645508,19.35270881652832,470000,2010-02-04
2010-02-05 14:30:00+00:00,21.25,21.594999313354492,20.90999984741211,21.4950008392334,19.663738250732422,523000,2010-02-05
2010-02-08 14:30:00+00:00,21.475000381469727,21.905000686645508,21.274999618530273,21.459999084472656,19.631723403930664,439000,2010-02-08
2010-02-09 14:30:00+00:00,21.885000228881836,21.94499969482422,21.489999771118164,21.665000915527344,19.819255828857422,430800,2010-02-09
2010-02-10 14:30:00+00:00,21.635000228881836,21.889999389648438,21.485000610351562,21.795000076293945,19.938180923461914,201000,2010-02-10
2010-02-11 14:30:00+00:00,21.825000762939453,22.315000534057617,21.645000457763672,22.260000228881836,20.36356544494629,245000,2010-02-11
2010-02-12 14:30:00+00:00,21.950000762939453,22.670000076293945,21.834999084472656,22.415000915527344,20.505359649658203,573000,2010-02-12
2010-02-16 14:30:00+00:00,22.639999389648438,22.954999923706055,22.5049991607666,22.924999237060547,20.971912384033203,436600,2010-02-16
2010-02-17 14:30:00+00:00,23.059999465942383,23.06999969482422,22.649999618530273,22.954999923706055,20.999353408813477,713200,2010-02-17
2010-02-18 14:30:00+00:00,22.885000228881836,23.114999771118164,22.7549991607666,23.110000610351562,21.141149520874023,184800,2010-02-18
2010-02-19 14:30:00+00:00,23.045000076293945,23.389999389648438,22.934999465942383,23.2450008392334,21.264644622802734,354200,2010-02-19
2010-02-22 14:30:00+00:00,23.364999771118164,23.415000915527344,23.139999389648438,23.225000381469727,21.24635124206543,362000,2010-02-22
2010-02-23 14:30:00+00:00,23.170000076293945,23.190000534057617,22.5,22.65999984741211,20.729494094848633,209200,2010-02-23
2010-02-24 14:30:00+00:00,22.795000076293945,23.204999923706055,22.795000076293945,23.05500030517578,21.090831756591797,356800,2010-02-24
2010-02-25 14:30:00+00:00,22.729999542236328,22.979999542236328,22.424999237060547,22.934999465942383,20.981056213378906,302000,2010-02-25
2010-02-26 14:30:00+00:00,22.9950008392334,22.9950008392334,22.665000915527344,22.96500015258789,21.00851058959961,183400,2010-02-26
2010-03-01 14:30:00+00:00,22.989999771118164,23.545000076293945,22.989999771118164,23.510000228881836,21.5070743560791,440600,2010-03-01
2010-03-02 14:30:00+00:00,23.610000610351562,23.895000457763672,23.530000686645508,23.584999084472656,21.575679779052734,601200,2010-03-02
2010-03-03 14:30:00+00:00,23.68000030517578,23.885000228881836,23.34000015258789,23.43000030517578,21.433881759643555,200200,2010-03-03
2010-03-04 14:30:00+00:00,23.46500015258789,23.530000686645508,23.18000030517578,23.520000457763672,21.516220092773438,205400,2010-03-04
2010-03-05 14:30:00+00:00,23.700000762939453,23.889999389648438,23.485000610351562,23.764999389648438,21.740341186523438,211200,2010-03-05
2010-03-08 14:30:00+00:00,23.80500030517578,23.829999923706055,23.625,23.725000381469727,21.70376205444336,210400,2010-03-08
2010-03-09 14:30:00+00:00,23.610000610351562,23.84000015258789,23.545000076293945,23.700000762939453,21.680891036987305,229200,2010-03-09
2010-03-10 14:30:00+00:00,23.739999771118164,24.21500015258789,23.725000381469727,24.110000610351562,22.05596160888672,312800,2010-03-10
2010-03-11 14:30:00+00:00,24.030000686645508,24.030000686645508,23.6200008392334,23.834999084472656,21.80438804626465,140000,2010-03-11
2010-03-12 14:30:00+00:00,24.03499984741211,24.03499984741211,23.760000228881836,23.815000534057617,21.786094665527344,143200,2010-03-12
2010-03-15 13:30:00+00:00,23.7450008392334,23.834999084472656,23.469999313354492,23.610000610351562,21.59855079650879,232800,2010-03-15
2010-03-16 13:30:00+00:00,23.729999542236328,24.270000457763672,23.639999389648438,24.21500015258789,22.15201187133789,164600,2010-03-16
2010-03-17 13:30:00+00:00,24.274999618530273,24.80500030517578,24.270000457763672,24.649999618530273,22.54994773864746,279200,2010-03-17
2010-03-18 13:30:00+00:00,24.774999618530273,24.774999618530273,24.225000381469727,24.3700008392334,22.29380989074707,201400,2010-03-18
2010-03-19 13:30:00+00:00,23.96500015258789,24.334999084472656,23.860000610351562,23.96500015258789,21.962064743041992,311800,2010-03-19
2010-03-22 13:30:00+00:00,24.049999237060547,24.440000534057617,23.7549991607666,24.405000686645508,22.36528205871582,335400,2010-03-22
2010-03-23 13:30:00+00:00,24.5,24.799999237060547,24.46500015258789,24.799999237060547,22.727262496948242,749800,2010-03-23
2010-03-24 13:30:00+00:00,24.709999084472656,24.709999084472656,24.084999084472656,24.1200008392334,22.104108810424805,811800,2010-03-24
2010-03-25 13:30:00+00:00,24.344999313354492,24.510000228881836,24.030000686645508,24.030000686645508,22.021631240844727,617600,2010-03-25
2010-03-26 13:30:00+00:00,24.1299991607666,24.25,23.700000762939453,23.920000076293945,21.92082405090332,621800,2010-03-26
2010-03-29 13:30:00+00:00,24.065000534057617,24.209999084472656,24.010000228881836,24.075000762939453,22.0628662109375,824800,2010-03-29
2010-03-30 13:30:00+00:00,24.139999389648438,24.315000534057617,23.920000076293945,24.19499969482422,22.17283821105957,420600,2010-03-30
2010-03-31 13:30:00+00:00,24.135000228881836,24.2450008392334,23.934999465942383,23.989999771118164,21.98496437072754,283200,2010-03-31
2010-04-01 13:30:00+00:00,24.25,24.530000686645508,23.80500030517578,23.954999923706055,21.952899932861328,683600,2010-04-01
2010-04-05 13:30:00+00:00,24.040000915527344,24.735000610351562,24.040000915527344,24.69499969482422,22.63104248046875,923200,2010-04-05
2010-04-06 13:30:00+00:00,24.594999313354492,24.614999771118164,24.350000381469727,24.524999618530273,22.475248336791992,677000,2010-04-06
2010-04-07 13:30:00+00:00,24.469999313354492,24.815000534057617,24.354999542236328,24.690000534057617,22.62646484375,271400,2010-04-07
2010-04-08 13:30:00+00:00,24.55500030517578,24.55500030517578,24.145000457763672,24.315000534057617,22.28281021118164,372600,2010-04-08
2010-04-09 13:30:00+00:00,24.385000228881836,24.645000457763672,24.295000076293945,24.645000457763672,22.58522605895996,193400,2010-04-09
2010-04-12 13:30:00+00:00,24.665000915527344,24.969999313354492,24.604999542236328,24.844999313354492,22.76850700378418,145400,2010-04-12
2010-04-13 13:30:00+00:00,24.790000915527344,25.084999084472656,24.770000457763672,25.045000076293945,22.951793670654297,252800,2010-04-13
2010-04-14 13:30:00+00:00,25.530000686645508,26.114999771118164,25.4950008392334,26.110000610351562,23.927791595458984,139600,2010-04-14
2010-04-15 13:30:00+00:00,26.059999465942383,26.329999923706055,25.975000381469727,26.260000228881836,24.065242767333984,319200,2010-04-15
2010-04-16 13:30:00+00:00,26.079999923706055,26.079999923706055,25.454999923706055,25.795000076293945,23.639114379882812,561800,2010-04-16
2010-04-19 13:30:00+00:00,25.65999984741211,25.764999389648438,24.950000762939453,25.485000610351562,23.35502052307129,560000,2010-04-19
2010-04-20 13:30:00+00:00,25.735000610351562,25.985000610351562,25.665000915527344,25.899999618530273,23.735342025756836,733400,2010-04-20
2010-04-21 13:30:00+00:00,26.06999969482422,26.184999465942383,25.239999771118164,25.600000381469727,23.46041488647461,223800,2010-04-21
2010-04-22 13:30:00+00:00,25.229999542236328,25.780000686645508,24.75,25.739999771118164,23.588706970214844,251000,2010-04-22
2010-04-23 13:30:00+00:00,25.78499984741211,25.78499984741211,25.31999969482422,25.7450008392334,23.593290328979492,104800,2010-04-23
2010-04-26 13:30:00+00:00,25.80500030517578,26.084999084472656,25.770000457763672,25.940000534057617,23.771991729736328,191200,2010-04-26
2010-04-27 13:30:00+00:00,25.7549991607666,25.81999969482422,25.0049991607666,25.05500030517578,22.960966110229492,442000,2010-04-27
2010-04-28 13:30:00+00:00,25.315000534057617,25.475000381469727,24.895000457763672,25.25,23.13966178894043,289600,2010-04-28
2010-04-29 13:30:00+00:00,25.420000076293945,25.575000762939453,25.190000534057617,25.575000762939453,23.43750762939453,196200,2010-04-29
2010-04-30 13:30:00+00:00,25.524999618530273,25.524999618530273,24.46500015258789,24.46500015258789,22.42026710510254,446200,2010-04-30
2010-05-03 13:30:00+00:00,24.6200008392334,25.100000381469727,24.584999084472656,24.93000030517578,22.846405029296875,746600,2010-05-03
2010-05-04 13:30:00+00:00,24.565000534057617,24.59000015258789,23.71500015258789,24.03499984741211,22.026206970214844,1221800,2010-05-04
2010-05-05 13:30:00+00:00,23.665000915527344,24.225000381469727,23.28499984741211,23.795000076293945,21.8062686920166,1087600,2010-05-05
2010-05-06 13:30:00+00:00,23.645000457763672,25.5,17.565000534057617,22.969999313354492,21.050214767456055,1442000,2010-05-06
2010-05-07 13:30:00+00:00,22.90999984741211,23.190000534057617,21.834999084472656,22.69499969482422,20.798198699951172,1341400,2010-05-07
2010-05-10 13:30:00+00:00,23.19499969482422,23.920000076293945,23.19499969482422,23.854999542236328,21.861257553100586,790800,2010-05-10
2010-05-11 13:30:00+00:00,23.440000534057617,24.06999969482422,23.334999084472656,23.645000457763672,21.668807983398438,1195400,2010-05-11
2010-05-12 13:30:00+00:00,23.844999313354492,24.3700008392334,23.825000762939453,24.344999313354492,22.3102970123291,263800,2010-05-12
2010-05-13 13:30:00+00:00,24.200000762939453,24.479999542236328,23.684999465942383,23.795000076293945,21.8062686920166,643000,2010-05-13
2010-05-14 13:30:00+00:00,23.475000381469727,23.4950008392334,22.645000457763672,23.114999771118164,21.1830997467041,542600,2010-05-14
2010-05-17 13:30:00+00:00,23.114999771118164,23.424999237060547,22.6200008392334,23.420000076293945,21.462614059448242,1447600,2010-05-17
2010-05-18 13:30:00+00:00,23.639999389648438,23.655000686645508,22.524999618530273,22.674999237060547,20.77988052368164,1977200,2010-05-18
2010-05-19 13:30:00+00:00,22.559999465942383,23.03499984741211,22.239999771118164,22.770000457763672,20.866933822631836,1889000,2010-05-19
2010-05-20 13:30:00+00:00,22.229999542236328,22.565000534057617,21.78499984741211,22.09000015258789,20.243772506713867,1278800,2010-05-20
2010-05-21 13:30:00+00:00,21.69499969482422,22.844999313354492,21.559999465942383,22.434999465942383,20.5599365234375,966200,2010-05-21
2010-05-24 13:30:00+00:00,22.350000381469727,22.704999923706055,22.149999618530273,22.149999618530273,20.298748016357422,809200,2010-05-24
2010-05-25 13:30:00+00:00,21.514999389648438,22.209999084472656,21.18000030517578,22.184999465942383,20.330825805664062,1007200,2010-05-25
2010-05-26 13:30:00+00:00,22.399999618530273,22.850000381469727,22.170000076293945,22.219999313354492,20.362905502319336,697400,2010-05-26
2010-05-27 13:30:00+00:00,22.719999313354492,23.229999542236328,22.674999237060547,23.209999084472656,21.27016258239746,255600,2010-05-27
2010-05-28 13:30:00+00:00,23.200000762939453,23.200000762939453,22.53499984741211,22.780000686645508,20.876094818115234,544200,2010-05-28
2010-06-01 13:30:00+00:00,22.575000762939453,23.020000457763672,22.270000457763672,22.270000457763672,20.408721923828125,835000,2010-06-01
2010-06-02 13:30:00+00:00,22.375,22.979999542236328,22.290000915527344,22.979999542236328,21.059383392333984,218400,2010-06-02
2010-06-03 13:30:00+00:00,23.075000762939453,23.325000762939453,22.864999771118164,23.235000610351562,21.293079376220703,529800,2010-06-03
2010-06-04 13:30:00+00:00,22.735000610351562,23.1200008392334,22.184999465942383,22.28499984741211,20.4224796295166,246400,2010-06-04
2010-06-07 13:30:00+00:00,22.344999313354492,22.46500015258789,21.364999771118164,21.434999465942383,19.64352035522461,699600,2010-06-07
2010-06-08 13:30:00+00:00,21.475000381469727,21.549999237060547,20.854999542236328,21.389999389648438,19.60226821899414,477800,2010-06-08
2010-06-09 13:30:00+00:00,21.459999084472656,22.024999618530273,21.0049991607666,21.059999465942383,19.299856185913086,717600,2010-06-09
2010-06-10 13:30:00+00:00,21.510000228881836,21.790000915527344,21.399999618530273,21.7549991607666,19.936769485473633,379800,2010-06-10
2010-06-11 13:30:00+00:00,21.475000381469727,22.1200008392334,21.475000381469727,22.104999542236328,20.257518768310547,242600,2010-06-11
2010-06-14 13:30:00+00:00,22.344999313354492,22.600000381469727,22.1200008392334,22.125,20.275835037231445,199800,2010-06-14
2010-06-15 13:30:00+00:00,22.34000015258789,23.30500030517578,22.34000015258789,23.25,21.306819915771484,229800,2010-06-15
2010-06-16 13:30:00+00:00,22.969999313354492,23.5,22.895000457763672,23.350000381469727,21.398460388183594,378800,2010-06-16
2010-06-17 13:30:00+00:00,23.514999389648438,23.514999389648438,23.0,23.375,21.421375274658203,144600,2010-06-17
2010-06-18 13:30:00+00:00,23.375,23.479999542236328,23.18000030517578,23.264999389648438,21.367185592651367,107000,2010-06-18
2010-06-21 13:30:00+00:00,23.584999084472656,23.610000610351562,22.860000610351562,23.010000228881836,21.13298797607422,164400,2010-06-21
2010-06-22 13:30:00+00:00,23.100000381469727,23.395000457763672,22.5049991607666,22.559999465942383,20.71969985961914,240600,2010-06-22
2010-06-23 13:30:00+00:00,22.53499984741211,22.8700008392334,22.2549991607666,22.65999984741211,20.811534881591797,219000,2010-06-23
2010-06-24 13:30:00+00:00,22.530000686645508,22.530000686645508,22.014999389648438,22.049999237060547,20.251296997070312,50200,2010-06-24
2010-06-25 13:30:00+00:00,22.149999618530273,22.21500015258789,21.7450008392334,22.125,20.320178985595703,51200,2010-06-25
2010-06-28 13:30:00+00:00,22.139999389648438,22.454999923706055,21.979999542236328,22.274999618530273,20.45793914794922,110800,2010-06-28
2010-06-29 13:30:00+00:00,21.80500030517578,21.844999313354492,21.18000030517578,21.334999084472656,19.59461784362793,97200,2010-06-29
2010-06-30 13:30:00+00:00,21.270000457763672,21.549999237060547,20.875,20.96500015258789,19.254806518554688,269800,2010-06-30
2010-07-01 13:30:00+00:00,20.915000915527344,21.135000228881836,20.344999313354492,20.954999923706055,19.245616912841797,271400,2010-07-01
2010-07-02 13:30:00+00:00,20.96500015258789,21.075000762939453,20.5,20.790000915527344,19.09408187866211,109400,2010-07-02
2010-07-06 13:30:00+00:00,21.225000381469727,21.309999465942383,20.59000015258789,20.799999237060547,19.103267669677734,196600,2010-07-06
2010-07-07 13:30:00+00:00,21.024999618530273,21.899999618530273,20.975000381469727,21.8700008392334,20.085979461669922,142000,2010-07-07
2010-07-08 13:30:00+00:00,22.0049991607666,22.09000015258789,21.540000915527344,21.875,20.0905704498291,198800,2010-07-08
2010-07-09 13:30:00+00:00,21.825000762939453,22.1200008392334,21.770000457763672,22.1200008392334,20.315580368041992,66000,2010-07-09
2010-07-12 13:30:00+00:00,22.170000076293945,22.459999084472656,22.075000762939453,22.264999389648438,20.448749542236328,96400,2010-07-12
2010-07-13 13:30:00+00:00,22.604999542236328,22.84000015258789,22.40999984741211,22.7450008392334,20.889604568481445,205400,2010-07-13
2010-07-14 13:30:00+00:00,22.920000076293945,23.15999984741211,22.614999771118164,22.760000228881836,20.903385162353516,84000,2010-07-14
2010-07-15 13:30:00+00:00,22.665000915527344,22.774999618530273,22.28499984741211,22.729999542236328,20.875825881958008,94600,2010-07-15
2010-07-16 13:30:00+00:00,22.565000534057617,22.565000534057617,22.03499984741211,22.059999465942383,20.260475158691406,86400,2010-07-16
2010-07-19 13:30:00+00:00,22.229999542236328,22.639999389648438,22.135000228881836,22.635000228881836,20.7885799407959,104000,2010-07-19
2010-07-20 13:30:00+00:00,22.149999618530273,22.655000686645508,21.799999237060547,22.610000610351562,20.76561737060547,461800,2010-07-20
2010-07-21 13:30:00+00:00,22.799999237060547,22.799999237060547,22.09000015258789,22.125,20.320178985595703,95600,2010-07-21
2010-07-22 13:30:00+00:00,22.469999313354492,22.889999389648438,22.344999313354492,22.825000762939453,20.963077545166016,103800,2010-07-22
2010-07-23 13:30:00+00:00,22.520000457763672,22.934999465942383,22.469999313354492,22.915000915527344,21.045734405517578,184000,2010-07-23
2010-07-26 13:30:00+00:00,22.915000915527344,23.30500030517578,22.709999084472656,23.280000686645508,21.380962371826172,232400,2010-07-26
2010-07-27 13:30:00+00:00,23.43000030517578,23.5,23.100000381469727,23.165000915527344,21.27534294128418,193600,2010-07-27
2010-07-28 13:30:00+00:00,23.0,23.165000915527344,22.565000534057617,22.670000076293945,20.82071876525879,184000,2010-07-28
2010-07-29 13:30:00+00:00,22.7450008392334,22.7450008392334,21.760000228881836,21.9950008392334,20.200790405273438,165600,2010-07-29
2010-07-30 13:30:00+00:00,21.760000228881836,21.969999313354492,21.440000534057617,21.81999969482422,20.040063858032227,330600,2010-07-30
2010-08-02 13:30:00+00:00,22.190000534057617,22.295000076293945,21.850000381469727,22.165000915527344,20.356922149658203,430400,2010-08-02
2010-08-03 13:30:00+00:00,22.100000381469727,22.125,21.834999084472656,21.920000076293945,20.131908416748047,41800,2010-08-03
2010-08-04 13:30:00+00:00,22.084999084472656,22.19499969482422,21.774999618530273,22.15999984741211,20.352325439453125,258000,2010-08-04
2010-08-05 13:30:00+00:00,22.09000015258789,22.354999542236328,22.09000015258789,22.200000762939453,20.389068603515625,63000,2010-08-05
2010-08-06 13:30:00+00:00,22.045000076293945,22.46500015258789,22.020000457763672,22.2549991607666,20.439577102661133,98400,2010-08-06
2010-08-09 13:30:00+00:00,22.459999084472656,22.5,22.15999984741211,22.424999237060547,20.595701217651367,45200,2010-08-09
2010-08-10 13:30:00+00:00,22.05500030517578,22.05500030517578,21.735000610351562,21.920000076293945,20.131908416748047,165400,2010-08-10
2010-08-11 13:30:00+00:00,21.469999313354492,21.469999313354492,20.920000076293945,21.084999084472656,19.365020751953125,301000,2010-08-11
2010-08-12 13:30:00+00:00,20.530000686645508,20.93000030517578,20.34000015258789,20.7549991607666,19.061935424804688,331800,2010-08-12
2010-08-13 13:30:00+00:00,20.69499969482422,20.985000610351562,20.639999389648438,20.639999389648438,18.956323623657227,125800,2010-08-13
2010-08-16 13:30:00+00:00,20.454999923706055,20.834999084472656,20.395000457763672,20.71500015258789,19.025196075439453,299800,2010-08-16
2010-08-17 13:30:00+00:00,20.905000686645508,21.19499969482422,20.78499984741211,20.96500015258789,19.254806518554688,71800,2010-08-17
2010-08-18 13:30:00+00:00,21.045000076293945,21.30500030517578,20.920000076293945,21.225000381469727,19.493593215942383,202200,2010-08-18
2010-08-19 13:30:00+00:00,21.06999969482422,21.2450008392334,20.80500030517578,20.934999465942383,19.227251052856445,204600,2010-08-19
2010-08-20 13:30:00+00:00,20.860000610351562,21.174999237060547,20.834999084472656,21.040000915527344,19.323678970336914,180400,2010-08-20
2010-08-23 13:30:00+00:00,21.165000915527344,21.204999923706055,20.770000457763672,20.790000915527344,19.09408187866211,91200,2010-08-23
2010-08-24 13:30:00+00:00,20.520000457763672,20.635000228881836,20.204999923706055,20.5,18.82774543762207,234000,2010-08-24
2010-08-25 13:30:00+00:00,20.309999465942383,20.69499969482422,20.165000915527344,20.6299991607666,18.947126388549805,169000,2010-08-25
2010-08-26 13:30:00+00:00,20.645000457763672,20.774999618530273,20.28499984741211,20.364999771118164,18.703744888305664,63000,2010-08-26
2010-08-27 13:30:00+00:00,20.475000381469727,20.885000228881836,19.94499969482422,20.8700008392334,19.167556762695312,179400,2010-08-27
2010-08-30 13:30:00+00:00,20.700000762939453,20.764999389648438,20.290000915527344,20.325000762939453,18.66701316833496,129000,2010-08-30
2010-08-31 13:30:00+00:00,20.184999465942383,20.434999465942383,19.860000610351562,19.975000381469727,18.345561981201172,99400,2010-08-31
2010-09-01 13:30:00+00:00,20.399999618530273,20.729999542236328,20.28499984741211,20.520000457763672,18.846099853515625,92800,2010-09-01
2010-09-02 13:30:00+00:00,20.625,21.0049991607666,20.575000762939453,20.96500015258789,19.254806518554688,102400,2010-09-02
2010-09-03 13:30:00+00:00,21.209999084472656,21.46500015258789,21.040000915527344,21.420000076293945,19.672683715820312,135400,2010-09-03
2010-09-07 13:30:00+00:00,21.309999465942383,21.315000534057617,20.915000915527344,20.959999084472656,19.250211715698242,72400,2010-09-07
2010-09-08 13:30:00+00:00,20.934999465942383,21.03499984741211,20.645000457763672,20.975000381469727,19.263986587524414,243000,2010-09-08
2010-09-09 13:30:00+00:00,21.18000030517578,21.19499969482422,20.8799991607666,20.899999618530273,19.195104598999023,61200,2010-09-09
2010-09-10 13:30:00+00:00,20.829999923706055,20.860000610351562,20.28499984741211,20.540000915527344,18.864469528198242,39200,2010-09-10
2010-09-13 13:30:00+00:00,20.725000381469727,21.25,20.725000381469727,21.204999923706055,19.47522735595703,73200,2010-09-13
2010-09-14 13:30:00+00:00,21.21500015258789,21.739999771118164,20.985000610351562,21.6200008392334,19.856369018554688,277400,2010-09-14
2010-09-15 13:30:00+00:00,21.405000686645508,21.600000381469727,21.264999389648438,21.559999465942383,19.801273345947266,40800,2010-09-15
2010-09-16 13:30:00+00:00,21.479999542236328,21.780000686645508,21.454999923706055,21.7450008392334,19.971172332763672,105000,2010-09-16
2010-09-17 13:30:00+00:00,21.7549991607666,21.844999313354492,21.600000381469727,21.674999237060547,19.955062866210938,61800,2010-09-17
2010-09-20 13:30:00+00:00,21.75,21.864999771118164,21.565000534057617,21.825000762939453,20.093158721923828,249800,2010-09-20
2010-09-21 13:30:00+00:00,21.7450008392334,22.100000381469727,21.7450008392334,21.915000915527344,20.176021575927734,270800,2010-09-21
2010-09-22 13:30:00+00:00,21.799999237060547,21.809999465942383,21.364999771118164,21.514999389648438,19.807758331298828,342400,2010-09-22
2010-09-23 13:30:00+00:00,21.350000381469727,22.0,21.295000076293945,21.635000228881836,19.918231964111328,143800,2010-09-23
2010-09-24 13:30:00+00:00,21.924999237060547,22.575000762939453,21.924999237060547,22.53499984741211,20.746822357177734,111800,2010-09-24
2010-09-27 13:30:00+00:00,22.55500030517578,22.665000915527344,22.354999542236328,22.485000610351562,20.70079231262207,297200,2010-09-27
2010-09-28 13:30:00+00:00,22.549999237060547,22.864999771118164,22.295000076293945,22.860000610351562,21.04603385925293,111800,2010-09-28
2010-09-29 13:30:00+00:00,22.735000610351562,23.059999465942383,22.735000610351562,22.915000915527344,21.09667205810547,98400,2010-09-29
2010-09-30 13:30:00+00:00,23.049999237060547,23.184999465942383,22.524999618530273,22.69499969482422,20.894123077392578,109400,2010-09-30
2010-10-01 13:30:00+00:00,22.905000686645508,22.905000686645508,22.420000076293945,22.575000762939453,20.783647537231445,69400,2010-10-01
2010-10-04 13:30:00+00:00,22.43000030517578,22.53499984741211,22.065000534057617,22.31999969482422,20.548885345458984,155000,2010-10-04
2010-10-05 13:30:00+00:00,22.614999771118164,22.75,22.545000076293945,22.704999923706055,20.90333366394043,98000,2010-10-05
2010-10-06 13:30:00+00:00,22.65999984741211,22.684999465942383,22.139999389648438,22.25,20.484439849853516,72600,2010-10-06
2010-10-07 13:30:00+00:00,22.344999313354492,22.399999618530273,22.09000015258789,22.344999313354492,20.571895599365234,46000,2010-10-07
2010-10-08 13:30:00+00:00,22.28499984741211,22.674999237060547,22.225000381469727,22.59000015258789,20.79745101928711,43600,2010-10-08
2010-10-11 13:30:00+00:00,22.649999618530273,22.979999542236328,22.649999618530273,22.795000076293945,20.98619270324707,378400,2010-10-11
2010-10-12 13:30:00+00:00,22.799999237060547,23.049999237060547,22.59000015258789,22.96500015258789,21.142698287963867,340800,2010-10-12
2010-10-13 13:30:00+00:00,23.114999771118164,23.114999771118164,22.78499984741211,22.905000686645508,21.08746337890625,96400,2010-10-13
2010-10-14 13:30:00+00:00,22.8700008392334,23.030000686645508,22.764999389648438,22.80500030517578,20.995397567749023,79200,2010-10-14
2010-10-15 13:30:00+00:00,22.9950008392334,23.09000015258789,22.809999465942383,23.05500030517578,21.225555419921875,182400,2010-10-15
2010-10-18 13:30:00+00:00,23.0049991607666,23.0049991607666,22.799999237060547,22.954999923706055,21.13348960876465,252400,2010-10-18
2010-10-19 13:30:00+00:00,22.559999465942383,22.920000076293945,22.420000076293945,22.584999084472656,20.792856216430664,57600,2010-10-19
2010-10-20 13:30:00+00:00,22.59000015258789,22.739999771118164,22.389999389648438,22.6200008392334,20.8250732421875,166600,2010-10-20
2010-10-21 13:30:00+00:00,22.639999389648438,22.645000457763672,22.260000228881836,22.469999313354492,20.686981201171875,354400,2010-10-21
2010-10-22 13:30:00+00:00,22.760000228881836,23.045000076293945,22.670000076293945,23.024999618530273,21.19794273376465,142800,2010-10-22
2010-10-25 13:30:00+00:00,23.174999237060547,23.440000534057617,23.139999389648438,23.309999465942383,21.460330963134766,214000,2010-10-25
2010-10-26 13:30:00+00:00,23.174999237060547,23.420000076293945,23.05500030517578,23.329999923706055,21.478744506835938,214800,2010-10-26
2010-10-27 13:30:00+00:00,23.21500015258789,23.975000381469727,23.21500015258789,23.954999923706055,22.05414581298828,305400,2010-10-27
2010-10-28 13:30:00+00:00,24.040000915527344,24.1200008392334,23.69499969482422,24.075000762939453,22.16462516784668,70400,2010-10-28
2010-10-29 13:30:00+00:00,24.020000457763672,24.360000610351562,24.020000457763672,24.280000686645508,22.353361129760742,52000,2010-10-29
2010-11-01 13:30:00+00:00,24.440000534057617,24.440000534057617,24.09000015258789,24.21500015258789,22.29351234436035,134200,2010-11-01
2010-11-02 13:30:00+00:00,24.43000030517578,24.55500030517578,24.34000015258789,24.415000915527344,22.47764015197754,24800,2010-11-02
2010-11-03 13:30:00+00:00,24.56999969482422,24.6200008392334,24.229999542236328,24.6200008392334,22.66637420654297,77800,2010-11-03
2010-11-04 13:30:00+00:00,24.860000610351562,25.354999542236328,24.860000610351562,25.354999542236328,23.343046188354492,29600,2010-11-04
2010-11-05 13:30:00+00:00,25.485000610351562,25.700000762939453,25.405000686645508,25.690000534057617,23.651470184326172,54200,2010-11-05
2010-11-08 14:30:00+00:00,25.59000015258789,25.81999969482422,25.4950008392334,25.690000534057617,23.651470184326172,147000,2010-11-08
2010-11-09 14:30:00+00:00,25.774999618530273,25.774999618530273,25.360000610351562,25.434999465942383,23.41670799255371,148000,2010-11-09
2010-11-10 14:30:00+00:00,25.30500030517578,25.40999984741211,25.084999084472656,25.40999984741211,23.393688201904297,193800,2010-11-10
2010-11-11 14:30:00+00:00,24.8799991607666,25.229999542236328,24.485000610351562,25.15999984741211,23.16352653503418,87600,2010-11-11
2010-11-12 14:30:00+00:00,25.045000076293945,25.454999923706055,24.834999084472656,25.084999084472656,23.094478607177734,43800,2010-11-12
2010-11-15 14:30:00+00:00,25.110000610351562,25.280000686645508,24.924999237060547,24.924999237060547,22.947172164916992,19800,2010-11-15
2010-11-16 14:30:00+00:00,24.790000915527344,24.905000686645508,24.43000030517578,24.549999237060547,22.6019344329834,415400,2010-11-16
2010-11-17 14:30:00+00:00,24.43000030517578,24.770000457763672,24.43000030517578,24.575000762939453,22.624948501586914,37200,2010-11-17
2010-11-18 14:30:00+00:00,24.94499969482422,25.125,24.885000228881836,25.05500030517578,23.066858291625977,118400,2010-11-18
2010-11-19 14:30:00+00:00,25.165000915527344,25.524999618530273,25.1299991607666,25.475000381469727,23.453535079956055,102000,2010-11-19
2010-11-22 14:30:00+00:00,25.34000015258789,25.69499969482422,25.34000015258789,25.69499969482422,23.656068801879883,51800,2010-11-22
2010-11-23 14:30:00+00:00,25.334999084472656,25.565000534057617,25.334999084472656,25.524999618530273,23.499553680419922,491000,2010-11-23
2010-11-24 14:30:00+00:00,25.649999618530273,26.25,25.649999618530273,26.235000610351562,24.153228759765625,63200,2010-11-24
2010-11-26 14:30:00+00:00,26.065000534057617,26.139999389648438,25.96500015258789,26.020000457763672,23.955284118652344,45000,2010-11-26
2010-11-29 14:30:00+00:00,25.875,26.0049991607666,25.65999984741211,25.90999984741211,23.854015350341797,93400,2010-11-29
2010-11-30 14:30:00+00:00,25.684999465942383,25.7549991607666,25.56999969482422,25.6200008392334,23.587024688720703,67800,2010-11-30
2010-12-01 14:30:00+00:00,26.059999465942383,26.5,26.059999465942383,26.475000381469727,24.374177932739258,125600,2010-12-01
2010-12-02 14:30:00+00:00,26.5,27.104999542236328,26.5,27.06999969482422,24.921974182128906,213400,2010-12-02
2010-12-03 14:30:00+00:00,27.0,27.43000030517578,26.989999771118164,27.3700008392334,25.198158264160156,295000,2010-12-03
2010-12-06 14:30:00+00:00,27.440000534057617,27.530000686645508,27.19499969482422,27.434999465942383,25.25800132751465,104000,2010-12-06
2010-12-07 14:30:00+00:00,27.815000534057617,27.950000762939453,27.450000762939453,27.475000381469727,25.294830322265625,505400,2010-12-07
2010-12-08 14:30:00+00:00,27.53499984741211,27.7450008392334,27.375,27.735000610351562,25.534191131591797,64000,2010-12-08
2010-12-09 14:30:00+00:00,27.924999237060547,27.924999237060547,27.690000534057617,27.7450008392334,25.54340362548828,101600,2010-12-09
2010-12-10 14:30:00+00:00,27.795000076293945,27.844999313354492,27.635000228881836,27.770000457763672,25.56641960144043,95200,2010-12-10
2010-12-13 14:30:00+00:00,27.950000762939453,27.950000762939453,27.415000915527344,27.415000915527344,25.23958969116211,87400,2010-12-13
2010-12-14 14:30:00+00:00,27.44499969482422,27.44499969482422,27.114999771118164,27.155000686645508,25.00022315979004,1855000,2010-12-14
2010-12-15 14:30:00+00:00,27.139999389648438,27.260000228881836,26.895000457763672,26.93000030517578,24.793073654174805,34200,2010-12-15
2010-12-16 14:30:00+00:00,27.040000915527344,27.184999465942383,26.915000915527344,27.18000030517578,25.023242950439453,99000,2010-12-16
2010-12-17 14:30:00+00:00,27.184999465942383,27.270000457763672,27.05500030517578,27.190000534057617,25.08782958984375,35800,2010-12-17
2010-12-20 14:30:00+00:00,27.334999084472656,27.334999084472656,27.0049991607666,27.104999542236328,25.0093994140625,52600,2010-12-20
2010-12-21 14:30:00+00:00,27.264999389648438,27.334999084472656,27.145000457763672,27.264999389648438,25.15703010559082,266800,2010-12-21
2010-12-22 14:30:00+00:00,27.184999465942383,27.274999618530273,26.975000381469727,27.274999618530273,25.166257858276367,38200,2010-12-22
2010-12-23 14:30:00+00:00,27.25,27.274999618530273,27.165000915527344,27.18000030517578,25.078609466552734,80600,2010-12-23
2010-12-27 14:30:00+00:00,27.18000030517578,27.309999465942383,26.8700008392334,27.28499984741211,25.17548179626465,75800,2010-12-27
2010-12-28 14:30:00+00:00,27.28499984741211,27.28499984741211,27.045000076293945,27.165000915527344,25.064756393432617,11200,2010-12-28
2010-12-29 14:30:00+00:00,27.084999084472656,27.309999465942383,27.084999084472656,27.229999542236328,25.124731063842773,33800,2010-12-29
2010-12-30 14:30:00+00:00,27.225000381469727,27.385000228881836,27.204999923706055,27.34000015258789,25.226228713989258,22600,2010-12-30
2010-12-31 14:30:00+00:00,27.31999969482422,27.31999969482422,27.204999923706055,27.299999237060547,25.1893253326416,42000,2010-12-31
2011-01-03 14:30:00+00:00,27.5,27.975000381469727,27.489999771118164,27.690000534057617,25.549165725708008,71600,2011-01-03
2011-01-04 14:30:00+00:00,27.899999618530273,27.969999313354492,27.549999237060547,27.969999313354492,25.807518005371094,114800,2011-01-04
2011-01-05 14:30:00+00:00,27.889999389648438,28.295000076293945,27.80500030517578,28.28499984741211,26.09816551208496,46600,2011-01-05
2011-01-06 14:30:00+00:00,28.44499969482422,28.780000686645508,28.389999389648438,28.725000381469727,26.504150390625,94200,2011-01-06
2011-01-07 14:30:00+00:00,28.780000686645508,29.010000228881836,28.3799991607666,28.875,26.64255142211914,106200,2011-01-07
2011-01-10 14:30:00+00:00,28.885000228881836,29.309999465942383,28.719999313354492,29.25,26.988557815551758,414000,2011-01-10
2011-01-11 14:30:00+00:00,29.3799991607666,29.399999618530273,29.06999969482422,29.28499984741211,27.020854949951172,313600,2011-01-11
2011-01-12 14:30:00+00:00,29.459999084472656,29.864999771118164,29.295000076293945,29.850000381469727,27.54216766357422,232600,2011-01-12
2011-01-13 14:30:00+00:00,29.915000915527344,30.065000534057617,29.709999084472656,29.950000762939453,27.634443283081055,243600,2011-01-13
2011-01-14 14:30:00+00:00,29.96500015258789,30.424999237060547,29.8799991607666,30.415000915527344,28.06348991394043,134800,2011-01-14
2011-01-18 14:30:00+00:00,30.385000228881836,30.5049991607666,30.264999389648438,30.424999237060547,28.072715759277344,244800,2011-01-18
2011-01-19 14:30:00+00:00,30.239999771118164,30.260000228881836,29.604999542236328,29.665000915527344,27.37147331237793,175200,2011-01-19
2011-01-20 14:30:00+00:00,29.479999542236328,29.479999542236328,28.850000381469727,29.270000457763672,27.007015228271484,352400,2011-01-20
2011-01-21 14:30:00+00:00,29.6299991607666,29.709999084472656,29.045000076293945,29.104999542236328,26.85477066040039,93800,2011-01-21
2011-01-24 14:30:00+00:00,29.155000686645508,29.834999084472656,29.145000457763672,29.834999084472656,27.528324127197266,242200,2011-01-24
2011-01-25 14:30:00+00:00,29.78499984741211,29.78499984741211,29.364999771118164,29.53499984741211,27.25152015686035,174600,2011-01-25
2011-01-26 14:30:00+00:00,29.549999237060547,29.559999465942383,29.204999923706055,29.5049991607666,27.223848342895508,99400,2011-01-26
2011-01-27 14:30:00+00:00,29.799999237060547,30.174999237060547,29.700000762939453,30.084999084472656,27.758995056152344,198800,2011-01-27
2011-01-28 14:30:00+00:00,30.2450008392334,30.2450008392334,29.094999313354492,29.31999969482422,27.05314064025879,137200,2011-01-28
2011-01-31 14:30:00+00:00,29.375,29.674999237060547,29.239999771118164,29.600000381469727,27.311492919921875,81600,2011-01-31
2011-02-01 14:30:00+00:00,29.934999465942383,30.375,29.875,30.329999923706055,27.985065460205078,346600,2011-02-01
2011-02-02 14:30:00+00:00,30.21500015258789,30.665000915527344,30.190000534057617,30.485000610351562,28.128074645996094,129000,2011-02-02
2011-02-03 14:30:00+00:00,30.524999618530273,30.524999618530273,30.155000686645508,30.40999984741211,28.05887794494629,148400,2011-02-03
2011-02-04 14:30:00+00:00,30.5,30.899999618530273,30.44499969482422,30.875,28.48792839050293,123000,2011-02-04
2011-02-07 14:30:00+00:00,31.045000076293945,31.204999923706055,30.80500030517578,30.899999618530273,28.5109920501709,675000,2011-02-07
2011-02-08 14:30:00+00:00,30.940000534057617,30.940000534057617,30.545000076293945,30.75,28.372587203979492,378600,2011-02-08
2011-02-09 14:30:00+00:00,30.729999542236328,30.9950008392334,30.614999771118164,30.729999542236328,28.354137420654297,307200,2011-02-09
2011-02-10 14:30:00+00:00,30.344999313354492,30.834999084472656,30.190000534057617,30.795000076293945,28.414106369018555,258000,2011-02-10
2011-02-11 14:30:00+00:00,30.75,31.280000686645508,30.56999969482422,31.165000915527344,28.755491256713867,203000,2011-02-11
2011-02-14 14:30:00+00:00,31.31999969482422,31.78499984741211,31.290000915527344,31.545000076293945,29.106115341186523,246000,2011-02-14
2011-02-15 14:30:00+00:00,31.549999237060547,31.584999084472656,31.045000076293945,31.2549991607666,28.838552474975586,143800,2011-02-15
2011-02-16 14:30:00+00:00,31.434999465942383,31.575000762939453,31.295000076293945,31.510000228881836,29.073827743530273,115600,2011-02-16
2011-02-17 14:30:00+00:00,31.43000030517578,31.969999313354492,31.344999313354492,31.8700008392334,29.405988693237305,358200,2011-02-17
2011-02-18 14:30:00+00:00,32.029998779296875,32.029998779296875,31.579999923706055,31.684999465942383,29.235301971435547,84000,2011-02-18
2011-02-22 14:30:00+00:00,31.184999465942383,31.264999389648438,30.389999389648438,30.424999237060547,28.072715759277344,221600,2011-02-22
2011-02-23 14:30:00+00:00,30.329999923706055,30.364999771118164,29.280000686645508,29.799999237060547,27.496034622192383,338200,2011-02-23
2011-02-24 14:30:00+00:00,29.75,30.360000610351562,29.635000228881836,30.219999313354492,27.88356590270996,249200,2011-02-24
2011-02-25 14:30:00+00:00,30.59000015258789,30.985000610351562,30.514999389648438,30.915000915527344,28.52483558654785,239000,2011-02-25
2011-02-28 14:30:00+00:00,31.15999984741211,31.165000915527344,30.100000381469727,30.454999923706055,28.100400924682617,107200,2011-02-28
2011-03-01 14:30:00+00:00,30.479999542236328,30.614999771118164,29.75,29.80500030517578,27.500648498535156,285800,2011-03-01
2011-03-02 14:30:00+00:00,29.799999237060547,30.575000762939453,29.799999237060547,30.065000534057617,27.740549087524414,218200,2011-03-02
2011-03-03 14:30:00+00:00,30.450000762939453,30.719999313354492,30.350000381469727,30.655000686645508,28.284929275512695,153800,2011-03-03
2011-03-04 14:30:00+00:00,30.69499969482422,30.69499969482422,30.155000686645508,30.28499984741211,27.943544387817383,185600,2011-03-04
2011-03-07 14:30:00+00:00,30.3700008392334,30.3799991607666,29.145000457763672,29.549999237060547,27.26535987854004,273000,2011-03-07
2011-03-08 14:30:00+00:00,29.5,29.7450008392334,29.18000030517578,29.485000610351562,27.20538902282715,189400,2011-03-08
2011-03-09 14:30:00+00:00,29.260000228881836,29.260000228881836,28.5049991607666,28.55500030517578,26.347286224365234,724600,2011-03-09
2011-03-10 14:30:00+00:00,28.100000381469727,28.290000915527344,27.825000762939453,27.985000610351562,25.821361541748047,799200,2011-03-10
2011-03-11 14:30:00+00:00,27.735000610351562,28.3799991607666,27.709999084472656,28.30500030517578,26.116619110107422,113600,2011-03-11
2011-03-14 13:30:00+00:00,28.170000076293945,28.549999237060547,28.040000915527344,28.229999542236328,26.047420501708984,171200,2011-03-14
2011-03-15 13:30:00+00:00,27.34000015258789,28.165000915527344,27.114999771118164,27.959999084472656,25.798297882080078,226800,2011-03-15
2011-03-16 13:30:00+00:00,27.8700008392334,28.399999618530273,27.334999084472656,27.5,25.373863220214844,543800,2011-03-16
2011-03-17 13:30:00+00:00,27.875,28.0049991607666,27.594999313354492,27.6200008392334,25.484577178955078,170800,2011-03-17
2011-03-18 13:30:00+00:00,27.899999618530273,27.934999465942383,27.55500030517578,27.625,25.51922607421875,198600,2011-03-18
2011-03-21 13:30:00+00:00,27.940000534057617,28.389999389648438,27.940000534057617,28.28499984741211,26.1289119720459,305600,2011-03-21
2011-03-22 13:30:00+00:00,28.229999542236328,28.31999969482422,28.014999389648438,28.065000534057617,25.925676345825195,185400,2011-03-22
2011-03-23 13:30:00+00:00,27.940000534057617,28.434999465942383,27.71500015258789,28.364999771118164,26.202816009521484,103800,2011-03-23
2011-03-24 13:30:00+00:00,28.514999389648438,29.219999313354492,28.514999389648438,29.030000686645508,26.817113876342773,230400,2011-03-24
2011-03-25 13:30:00+00:00,29.075000762939453,29.450000762939453,29.065000534057617,29.06999969482422,26.854074478149414,69400,2011-03-25
2011-03-28 13:30:00+00:00,29.135000228881836,29.399999618530273,29.075000762939453,29.100000381469727,26.881784439086914,71800,2011-03-28
2011-03-29 13:30:00+00:00,28.9950008392334,29.375,28.774999618530273,29.360000610351562,27.121971130371094,34000,2011-03-29
2011-03-30 13:30:00+00:00,29.614999771118164,29.614999771118164,29.235000610351562,29.405000686645508,27.163530349731445,50000,2011-03-30
2011-03-31 13:30:00+00:00,29.3700008392334,29.469999313354492,29.135000228881836,29.28499984741211,27.05268669128418,303400,2011-03-31
2011-04-01 13:30:00+00:00,29.420000076293945,29.475000381469727,28.790000915527344,28.895000457763672,26.69241714477539,173600,2011-04-01
2011-04-04 13:30:00+00:00,28.850000381469727,28.950000762939453,28.325000762939453,28.489999771118164,26.318283081054688,194000,2011-04-04
2011-04-05 13:30:00+00:00,28.915000915527344,29.520000457763672,28.915000915527344,29.235000610351562,27.006488800048828,157600,2011-04-05
2011-04-06 13:30:00+00:00,29.475000381469727,29.579999923706055,29.209999084472656,29.459999084472656,27.2143497467041,33400,2011-04-06
2011-04-07 13:30:00+00:00,29.415000915527344,29.610000610351562,29.229999542236328,29.469999313354492,27.22357940673828,40800,2011-04-07
2011-04-08 13:30:00+00:00,29.604999542236328,29.649999618530273,29.139999389648438,29.264999389648438,27.034210205078125,36200,2011-04-08
2011-04-11 13:30:00+00:00,29.299999237060547,29.299999237060547,28.829999923706055,28.905000686645508,26.701650619506836,50400,2011-04-11
2011-04-12 13:30:00+00:00,28.514999389648438,28.56999969482422,28.084999084472656,28.30500030517578,26.147384643554688,86200,2011-04-12
2011-04-13 13:30:00+00:00,28.5,28.625,28.280000686645508,28.514999389648438,26.341379165649414,109000,2011-04-13
2011-04-14 13:30:00+00:00,28.280000686645508,28.485000610351562,28.149999618530273,28.485000610351562,26.31366539001465,28600,2011-04-14
2011-04-15 13:30:00+00:00,28.440000534057617,28.625,28.15999984741211,28.6200008392334,26.438379287719727,34600,2011-04-15
2011-04-18 13:30:00+00:00,28.049999237060547,28.2549991607666,27.905000686645508,28.149999618530273,26.004207611083984,143400,2011-04-18
2011-04-19 13:30:00+00:00,28.0,28.28499984741211,27.94499969482422,28.28499984741211,26.1289119720459,84000,2011-04-19
2011-04-20 13:30:00+00:00,28.94499969482422,29.434999465942383,28.7450008392334,29.434999465942383,27.191253662109375,94400,2011-04-20
2011-04-21 13:30:00+00:00,29.6200008392334,29.75,29.475000381469727,29.729999542236328,27.463768005371094,23000,2011-04-21
2011-04-25 13:30:00+00:00,29.55500030517578,29.815000534057617,29.55500030517578,29.739999771118164,27.47298812866211,30400,2011-04-25
2011-04-26 13:30:00+00:00,29.75,30.360000610351562,29.75,30.299999237060547,27.99030876159668,103600,2011-04-26
2011-04-27 13:30:00+00:00,30.264999389648438,30.329999923706055,30.0,30.315000534057617,28.004165649414062,62800,2011-04-27
2011-04-28 13:30:00+00:00,30.200000762939453,30.434999465942383,30.174999237060547,30.31999969482422,28.00878143310547,160800,2011-04-28
2011-04-29 13:30:00+00:00,30.670000076293945,30.9950008392334,30.649999618530273,30.8799991607666,28.526100158691406,118000,2011-04-29
2011-05-02 13:30:00+00:00,30.950000762939453,30.950000762939453,30.549999237060547,30.549999237060547,28.22126579284668,32000,2011-05-02
2011-05-03 13:30:00+00:00,30.360000610351562,30.375,29.725000381469727,29.915000915527344,27.634660720825195,41800,2011-05-03
2011-05-04 13:30:00+00:00,29.8799991607666,30.094999313354492,29.520000457763672,29.809999465942383,27.537668228149414,54000,2011-05-04
2011-05-05 13:30:00+00:00,29.6299991607666,30.25,29.6200008392334,29.920000076293945,27.639278411865234,51200,2011-05-05
2011-05-06 13:30:00+00:00,30.2549991607666,30.56999969482422,30.135000228881836,30.2450008392334,27.93950843811035,205800,2011-05-06
2011-05-09 13:30:00+00:00,30.25,30.344999313354492,29.989999771118164,30.34000015258789,28.027259826660156,35200,2011-05-09
2011-05-10 13:30:00+00:00,30.395000457763672,30.575000762939453,30.299999237060547,30.559999465942383,28.23049545288086,67200,2011-05-10
2011-05-11 13:30:00+00:00,30.55500030517578,30.604999542236328,30.079999923706055,30.25,27.94412612915039,26400,2011-05-11
2011-05-12 13:30:00+00:00,30.114999771118164,30.690000534057617,29.985000610351562,30.655000686645508,28.31825065612793,41400,2011-05-12
2011-05-13 13:30:00+00:00,30.700000762939453,30.700000762939453,30.15999984741211,30.165000915527344,27.865604400634766,41000,2011-05-13
2011-05-16 13:30:00+00:00,30.110000610351562,30.295000076293945,29.53499984741211,29.540000915527344,27.288244247436523,40000,2011-05-16
2011-05-17 13:30:00+00:00,29.3700008392334,29.3700008392334,28.905000686645508,29.174999237060547,26.951072692871094,253000,2011-05-17
2011-05-18 13:30:00+00:00,29.200000762939453,29.979999542236328,29.200000762939453,29.875,27.59770965576172,21200,2011-05-18
2011-05-19 13:30:00+00:00,29.96500015258789,29.96500015258789,29.485000610351562,29.774999618530273,27.505334854125977,822600,2011-05-19
2011-05-20 13:30:00+00:00,29.674999237060547,29.739999771118164,29.420000076293945,29.610000610351562,27.35291290283203,15600,2011-05-20
2011-05-23 13:30:00+00:00,29.110000610351562,29.135000228881836,28.954999923706055,28.985000610351562,26.775548934936523,47800,2011-05-23
2011-05-24 13:30:00+00:00,29.100000381469727,29.100000381469727,28.600000381469727,28.6200008392334,26.438379287719727,340000,2011-05-24
2011-05-25 13:30:00+00:00,28.514999389648438,28.96500015258789,28.5,28.864999771118164,26.664697647094727,289800,2011-05-25
2011-05-26 13:30:00+00:00,28.93000030517578,29.295000076293945,28.924999237060547,29.219999313354492,26.992631912231445,19200,2011-05-26
2011-05-27 13:30:00+00:00,29.375,29.575000762939453,29.375,29.485000610351562,27.237436294555664,21800,2011-05-27
2011-05-31 13:30:00+00:00,29.774999618530273,29.924999237060547,29.614999771118164,29.924999237060547,27.643898010253906,75000,2011-05-31
2011-06-01 13:30:00+00:00,29.795000076293945,29.795000076293945,28.934999465942383,28.94499969482422,26.738609313964844,23200,2011-06-01
2011-06-02 13:30:00+00:00,29.024999618530273,29.21500015258789,28.815000534057617,28.924999237060547,26.720121383666992,53600,2011-06-02
2011-06-03 13:30:00+00:00,28.55500030517578,28.795000076293945,28.219999313354492,28.264999389648438,26.110427856445312,210000,2011-06-03
2011-06-06 13:30:00+00:00,28.19499969482422,28.329999923706055,27.979999542236328,28.010000228881836,25.87487030029297,82000,2011-06-06
2011-06-07 13:30:00+00:00,28.09000015258789,28.485000610351562,28.09000015258789,28.204999923706055,26.055009841918945,147600,2011-06-07
2011-06-08 13:30:00+00:00,28.135000228881836,28.135000228881836,27.545000076293945,27.625,25.51922607421875,68000,2011-06-08
2011-06-09 13:30:00+00:00,27.6299991607666,27.8799991607666,27.575000762939453,27.69499969482422,25.58388900756836,88000,2011-06-09
2011-06-10 13:30:00+00:00,27.53499984741211,27.53499984741211,27.0,27.2450008392334,25.16819190979004,66400,2011-06-10
2011-06-13 13:30:00+00:00,27.344999313354492,27.350000381469727,26.719999313354492,26.854999542236328,24.80791664123535,677600,2011-06-13
2011-06-14 13:30:00+00:00,27.065000534057617,27.520000457763672,27.065000534057617,27.3700008392334,25.283653259277344,164600,2011-06-14
2011-06-15 13:30:00+00:00,27.1200008392334,27.21500015258789,26.65999984741211,26.75,24.710920333862305,775400,2011-06-15
2011-06-16 13:30:00+00:00,26.700000762939453,26.735000610351562,26.075000762939453,26.299999237060547,24.29522132873535,67200,2011-06-16
2011-06-17 13:30:00+00:00,26.44499969482422,26.5049991607666,25.950000762939453,26.040000915527344,24.072893142700195,221000,2011-06-17
2011-06-20 13:30:00+00:00,25.969999313354492,26.135000228881836,25.954999923706055,26.020000457763672,24.05440330505371,39400,2011-06-20
2011-06-21 13:30:00+00:00,26.219999313354492,26.809999465942383,26.114999771118164,26.770000457763672,24.74774932861328,61200,2011-06-21
2011-06-22 13:30:00+00:00,26.704999923706055,26.905000686645508,26.670000076293945,26.670000076293945,24.655303955078125,22800,2011-06-22
2011-06-23 13:30:00+00:00,26.399999618530273,27.18000030517578,26.19499969482422,27.18000030517578,25.126781463623047,42400,2011-06-23
2011-06-24 13:30:00+00:00,27.075000762939453,27.149999618530273,26.719999313354492,26.7549991607666,24.733877182006836,126800,2011-06-24
2011-06-27 13:30:00+00:00,26.725000381469727,27.045000076293945,26.690000534057617,26.94499969482422,24.909528732299805,83000,2011-06-27
2011-06-28 13:30:00+00:00,27.0049991607666,27.434999465942383,27.0049991607666,27.434999465942383,25.362503051757812,59200,2011-06-28
2011-06-29 13:30:00+00:00,27.55500030517578,27.600000381469727,27.219999313354492,27.420000076293945,25.3486385345459,27000,2011-06-29
2011-06-30 13:30:00+00:00,27.5,28.100000381469727,27.5,28.0,25.884828567504883,65400,2011-06-30
2011-07-01 13:30:00+00:00,28.030000686645508,28.584999084472656,27.905000686645508,28.530000686645508,26.374786376953125,28000,2011-07-01
2011-07-05 13:30:00+00:00,28.510000228881836,28.524999618530273,28.229999542236328,28.360000610351562,26.217632293701172,28600,2011-07-05
2011-07-06 13:30:00+00:00,28.31999969482422,28.354999542236328,28.0,28.239999771118164,26.106693267822266,129000,2011-07-06
2011-07-07 13:30:00+00:00,28.530000686645508,28.96500015258789,28.469999313354492,28.850000381469727,26.670621871948242,133800,2011-07-07
2011-07-08 13:30:00+00:00,28.53499984741211,28.53499984741211,28.21500015258789,28.454999923706055,26.305452346801758,42200,2011-07-08
2011-07-11 13:30:00+00:00,28.084999084472656,28.364999771118164,27.760000228881836,27.829999923706055,25.727676391601562,190600,2011-07-11
2011-07-12 13:30:00+00:00,27.604999542236328,27.604999542236328,26.71500015258789,26.774999618530273,24.75236701965332,266800,2011-07-12
2011-07-13 13:30:00+00:00,26.885000228881836,27.264999389648438,26.764999389648438,26.834999084472656,24.80784034729004,274600,2011-07-13
2011-07-14 13:30:00+00:00,26.854999542236328,27.229999542236328,26.424999237060547,26.524999618530273,24.52126121520996,161600,2011-07-14
2011-07-15 13:30:00+00:00,26.655000686645508,26.665000915527344,26.299999237060547,26.6299991607666,24.61832046508789,22800,2011-07-15
2011-07-18 13:30:00+00:00,26.454999923706055,26.524999618530273,25.8700008392334,26.09000015258789,24.11911392211914,297200,2011-07-18
2011-07-19 13:30:00+00:00,26.549999237060547,27.020000457763672,26.549999237060547,26.959999084472656,24.92339324951172,39600,2011-07-19
2011-07-20 13:30:00+00:00,27.135000228881836,27.21500015258789,26.700000762939453,26.8799991607666,24.84943389892578,31000,2011-07-20
2011-07-21 13:30:00+00:00,26.905000686645508,26.985000610351562,26.559999465942383,26.959999084472656,24.92339324951172,39600,2011-07-21
2011-07-22 13:30:00+00:00,27.0049991607666,27.875,27.0049991607666,27.799999237060547,25.699934005737305,26000,2011-07-22
2011-07-25 13:30:00+00:00,27.385000228881836,27.454999923706055,27.1299991607666,27.174999237060547,25.122146606445312,27600,2011-07-25
2011-07-26 13:30:00+00:00,27.229999542236328,27.709999084472656,27.229999542236328,27.31999969482422,25.256202697753906,18000,2011-07-26
2011-07-27 13:30:00+00:00,27.174999237060547,27.174999237060547,26.235000610351562,26.30500030517578,24.317869186401367,150800,2011-07-27
2011-07-28 13:30:00+00:00,26.2549991607666,26.6299991607666,26.0049991607666,26.149999618530273,24.174570083618164,410200,2011-07-28
2011-07-29 13:30:00+00:00,25.8799991607666,26.145000457763672,25.635000228881836,25.895000457763672,23.938840866088867,123400,2011-07-29
2011-08-01 13:30:00+00:00,26.184999465942383,26.399999618530273,25.360000610351562,25.670000076293945,23.730833053588867,143200,2011-08-01
2011-08-02 13:30:00+00:00,25.5,25.725000381469727,24.920000076293945,24.94499969482422,23.060604095458984,41000,2011-08-02
2011-08-03 13:30:00+00:00,24.94499969482422,25.34000015258789,24.565000534057617,25.30500030517578,23.393413543701172,167800,2011-08-03
2011-08-04 13:30:00+00:00,24.69499969482422,24.934999465942383,23.565000534057617,23.56999969482422,21.789478302001953,608000,2011-08-04
2011-08-05 13:30:00+00:00,23.799999237060547,23.799999237060547,22.204999923706055,22.825000762939453,21.10076332092285,58400,2011-08-05
2011-08-08 13:30:00+00:00,21.975000381469727,22.44499969482422,21.334999084472656,21.3799991607666,19.76491928100586,319200,2011-08-08
2011-08-09 13:30:00+00:00,21.7450008392334,22.280000686645508,20.854999542236328,22.280000686645508,20.596920013427734,142800,2011-08-09
2011-08-10 13:30:00+00:00,21.725000381469727,22.614999771118164,21.545000076293945,21.809999465942383,20.16243553161621,94000,2011-08-10
2011-08-11 13:30:00+00:00,21.9950008392334,23.360000610351562,21.9950008392334,23.049999237060547,21.308757781982422,59200,2011-08-11
2011-08-12 13:30:00+00:00,23.28499984741211,23.454999923706055,22.829999923706055,23.0,21.262540817260742,49200,2011-08-12
2011-08-15 13:30:00+00:00,23.15999984741211,23.655000686645508,23.15999984741211,23.655000686645508,21.868053436279297,77600,2011-08-15
2011-08-16 13:30:00+00:00,23.350000381469727,23.420000076293945,22.854999542236328,23.045000076293945,21.30414581298828,16400,2011-08-16
2011-08-17 13:30:00+00:00,23.045000076293945,23.3799991607666,22.704999923706055,22.889999389648438,21.160844802856445,16800,2011-08-17
2011-08-18 13:30:00+00:00,22.280000686645508,22.280000686645508,21.25,21.395000457763672,19.778783798217773,71600,2011-08-18
2011-08-19 13:30:00+00:00,21.25,21.799999237060547,20.975000381469727,21.020000457763672,19.432106018066406,160000,2011-08-19
2011-08-22 13:30:00+00:00,21.68000030517578,21.68000030517578,21.030000686645508,21.100000381469727,19.506074905395508,35600,2011-08-22
2011-08-23 13:30:00+00:00,21.514999389648438,22.405000686645508,21.514999389648438,22.399999618530273,20.707860946655273,43200,2011-08-23
2011-08-24 13:30:00+00:00,22.329999923706055,22.399999618530273,21.924999237060547,22.299999237060547,20.615413665771484,97400,2011-08-24
2011-08-25 13:30:00+00:00,22.43000030517578,22.43000030517578,21.795000076293945,21.81999969482422,20.171680450439453,44000,2011-08-25
2011-08-26 13:30:00+00:00,21.485000610351562,22.30500030517578,21.31999969482422,22.25,20.56919288635254,104200,2011-08-26
2011-08-29 13:30:00+00:00,22.78499984741211,23.19499969482422,22.704999923706055,23.170000076293945,21.41969108581543,69400,2011-08-29
2011-08-30 13:30:00+00:00,23.059999465942383,23.350000381469727,22.875,23.219999313354492,21.465919494628906,65800,2011-08-30
2011-08-31 13:30:00+00:00,23.28499984741211,23.479999542236328,22.825000762939453,22.975000381469727,21.239423751831055,88000,2011-08-31
2011-09-01 13:30:00+00:00,23.155000686645508,23.15999984741211,22.510000228881836,22.510000228881836,20.80955696105957,31000,2011-09-01
2011-09-02 13:30:00+00:00,22.075000762939453,22.145000457763672,21.69499969482422,21.80500030517578,20.157812118530273,18000,2011-09-02
2011-09-06 13:30:00+00:00,21.09000015258789,21.735000610351562,21.09000015258789,21.69499969482422,20.056121826171875,20200,2011-09-06
2011-09-07 13:30:00+00:00,21.985000610351562,22.614999771118164,21.985000610351562,22.584999084472656,20.878889083862305,159800,2011-09-07
2011-09-08 13:30:00+00:00,22.690000534057617,23.049999237060547,22.260000228881836,22.43000030517578,20.7356014251709,218200,2011-09-08
2011-09-09 13:30:00+00:00,22.184999465942383,22.639999389648438,21.899999618530273,22.040000915527344,20.37506103515625,988600,2011-09-09
2011-09-12 13:30:00+00:00,21.889999389648438,22.8700008392334,21.889999389648438,22.864999771118164,21.137733459472656,52800,2011-09-12
2011-09-13 13:30:00+00:00,23.139999389648438,23.479999542236328,22.8700008392334,23.364999771118164,21.599966049194336,250000,2011-09-13
2011-09-14 13:30:00+00:00,23.725000381469727,24.395000457763672,23.450000762939453,24.09000015258789,22.270206451416016,644400,2011-09-14
2011-09-15 13:30:00+00:00,24.31999969482422,24.540000915527344,24.075000762939453,24.510000228881836,22.658470153808594,348000,2011-09-15
2011-09-16 13:30:00+00:00,24.5,24.6299991607666,24.309999465942383,24.350000381469727,22.548280715942383,28400,2011-09-16
2011-09-19 13:30:00+00:00,24.104999542236328,24.200000762939453,23.735000610351562,23.94499969482422,22.17324447631836,66000,2011-09-19
2011-09-20 13:30:00+00:00,24.049999237060547,24.1200008392334,23.514999389648438,23.549999237060547,21.80746841430664,47000,2011-09-20
2011-09-21 13:30:00+00:00,23.655000686645508,23.90999984741211,23.170000076293945,23.19499969482422,21.478734970092773,346400,2011-09-21
2011-09-22 13:30:00+00:00,22.604999542236328,22.6299991607666,21.93000030517578,22.290000915527344,20.640705108642578,58200,2011-09-22
2011-09-23 13:30:00+00:00,22.110000610351562,22.739999771118164,22.110000610351562,22.684999465942383,21.0064697265625,75800,2011-09-23
2011-09-26 13:30:00+00:00,22.584999084472656,22.850000381469727,22.114999771118164,22.809999465942383,21.122220993041992,792400,2011-09-26
2011-09-27 13:30:00+00:00,23.15999984741211,23.665000915527344,23.049999237060547,23.170000076293945,21.45557975769043,44200,2011-09-27
2011-09-28 13:30:00+00:00,23.25,23.25,22.204999923706055,22.204999923706055,20.56198501586914,83200,2011-09-28
2011-09-29 13:30:00+00:00,22.649999618530273,22.649999618530273,21.479999542236328,21.954999923706055,20.330486297607422,35800,2011-09-29
2011-09-30 13:30:00+00:00,21.600000381469727,21.770000457763672,21.19499969482422,21.19499969482422,19.62671661376953,30400,2011-09-30
2011-10-03 13:30:00+00:00,21.020000457763672,21.225000381469727,20.1200008392334,20.1200008392334,18.631267547607422,74400,2011-10-03
2011-10-04 13:30:00+00:00,20.21500015258789,21.399999618530273,20.045000076293945,21.399999618530273,19.816547393798828,39200,2011-10-04
2011-10-05 13:30:00+00:00,21.399999618530273,22.15999984741211,21.145000457763672,22.059999465942383,20.427715301513672,67400,2011-10-05
2011-10-06 13:30:00+00:00,21.80500030517578,22.440000534057617,21.80500030517578,22.424999237060547,20.76570701599121,130200,2011-10-06
2011-10-07 13:30:00+00:00,22.65999984741211,22.709999084472656,22.170000076293945,22.344999313354492,20.691633224487305,31000,2011-10-07
2011-10-10 13:30:00+00:00,22.799999237060547,23.05500030517578,22.645000457763672,22.96500015258789,21.26575469970703,120800,2011-10-10
2011-10-11 13:30:00+00:00,22.8700008392334,23.094999313354492,22.80500030517578,22.8799991607666,21.187042236328125,18400,2011-10-11
2011-10-12 13:30:00+00:00,23.09000015258789,23.46500015258789,23.09000015258789,23.200000762939453,21.48336410522461,67600,2011-10-12
2011-10-13 13:30:00+00:00,23.135000228881836,24.15999984741211,23.135000228881836,24.049999237060547,22.270469665527344,56000,2011-10-13
2011-10-14 13:30:00+00:00,24.344999313354492,24.424999237060547,23.834999084472656,24.239999771118164,22.446413040161133,30600,2011-10-14
2011-10-17 13:30:00+00:00,24.09000015258789,24.09000015258789,23.360000610351562,23.434999465942383,21.700979232788086,36800,2011-10-17
2011-10-18 13:30:00+00:00,23.524999618530273,24.145000457763672,23.385000228881836,24.075000762939453,22.293624877929688,37600,2011-10-18
2011-10-19 13:30:00+00:00,23.985000610351562,23.985000610351562,23.18000030517578,23.235000610351562,21.515775680541992,47200,2011-10-19
2011-10-20 13:30:00+00:00,23.075000762939453,23.075000762939453,22.4950008392334,22.979999542236328,21.279640197753906,20200,2011-10-20
2011-10-21 13:30:00+00:00,23.43000030517578,23.69499969482422,23.395000457763672,23.485000610351562,21.747278213500977,18000,2011-10-21
2011-10-24 13:30:00+00:00,23.514999389648438,24.549999237060547,23.514999389648438,24.530000686645508,22.714954376220703,271200,2011-10-24
2011-10-25 13:30:00+00:00,24.489999771118164,24.489999771118164,23.860000610351562,23.8700008392334,22.103792190551758,71400,2011-10-25
2011-10-26 13:30:00+00:00,24.225000381469727,24.56999969482422,23.7450008392334,24.360000610351562,22.557537078857422,53000,2011-10-26
2011-10-27 13:30:00+00:00,25.03499984741211,25.625,24.899999618530273,25.399999618530273,23.520580291748047,59400,2011-10-27
2011-10-28 13:30:00+00:00,25.149999618530273,25.440000534057617,25.149999618530273,25.344999313354492,23.46965789794922,46000,2011-10-28
2011-10-31 13:30:00+00:00,25.059999465942383,25.059999465942383,24.6200008392334,24.635000228881836,22.812192916870117,123600,2011-10-31
2011-11-01 13:30:00+00:00,23.899999618530273,23.985000610351562,23.5,23.684999465942383,21.932476043701172,34000,2011-11-01
2011-11-02 13:30:00+00:00,24.0,24.125,23.700000762939453,23.809999465942383,22.048229217529297,12800,2011-11-02
2011-11-03 13:30:00+00:00,23.8700008392334,24.719999313354492,23.700000762939453,24.690000534057617,22.863115310668945,17200,2011-11-03
2011-11-04 13:30:00+00:00,24.385000228881836,25.075000762939453,24.385000228881836,25.03499984741211,23.182588577270508,44800,2011-11-04
2011-11-07 14:30:00+00:00,24.864999771118164,24.950000762939453,24.385000228881836,24.690000534057617,22.863115310668945,14000,2011-11-07
2011-11-08 14:30:00+00:00,24.899999618530273,24.94499969482422,24.5,24.885000228881836,23.043689727783203,23800,2011-11-08
2011-11-09 14:30:00+00:00,24.274999618530273,24.290000915527344,23.55500030517578,23.584999084472656,21.83988380432129,19400,2011-11-09
2011-11-10 14:30:00+00:00,23.924999237060547,23.924999237060547,23.334999084472656,23.674999237060547,21.923215866088867,57600,2011-11-10
2011-11-11 14:30:00+00:00,23.96500015258789,24.600000381469727,23.96500015258789,24.469999313354492,22.65939712524414,21600,2011-11-11
2011-11-14 14:30:00+00:00,24.469999313354492,24.5049991607666,24.0049991607666,24.145000457763672,22.358448028564453,9800,2011-11-14
2011-11-15 14:30:00+00:00,23.985000610351562,24.6299991607666,23.979999542236328,24.485000610351562,22.67328643798828,9800,2011-11-15
2011-11-16 14:30:00+00:00,24.385000228881836,24.90999984741211,23.81999969482422,23.825000762939453,22.062124252319336,77600,2011-11-16
2011-11-17 14:30:00+00:00,23.6200008392334,23.6200008392334,22.7549991607666,23.0049991607666,21.302793502807617,36400,2011-11-17
2011-11-18 14:30:00+00:00,23.200000762939453,23.200000762939453,22.854999542236328,22.864999771118164,21.173154830932617,32000,2011-11-18
2011-11-21 14:30:00+00:00,22.510000228881836,22.510000228881836,22.0049991607666,22.239999771118164,20.594402313232422,62800,2011-11-21
2011-11-22 14:30:00+00:00,22.170000076293945,22.280000686645508,21.93000030517578,21.93000030517578,20.307340621948242,14000,2011-11-22
2011-11-23 14:30:00+00:00,21.639999389648438,21.639999389648438,21.174999237060547,21.174999237060547,19.60820198059082,128600,2011-11-23
2011-11-25 14:30:00+00:00,21.059999465942383,21.274999618530273,20.93000030517578,20.93000030517578,19.381328582763672,8400,2011-11-25
2011-11-28 14:30:00+00:00,21.395000457763672,21.764999389648438,21.395000457763672,21.6200008392334,20.020273208618164,65600,2011-11-28
2011-11-29 14:30:00+00:00,21.635000228881836,21.764999389648438,21.420000076293945,21.475000381469727,19.886009216308594,19400,2011-11-29
2011-11-30 14:30:00+00:00,22.075000762939453,22.825000762939453,22.075000762939453,22.825000762939453,21.136119842529297,12000,2011-11-30
2011-12-01 14:30:00+00:00,22.774999618530273,22.9950008392334,22.649999618530273,22.940000534057617,21.242599487304688,7000,2011-12-01
2011-12-02 14:30:00+00:00,23.28499984741211,23.354999542236328,22.93000030517578,22.93000030517578,21.23335075378418,14800,2011-12-02
2011-12-05 14:30:00+00:00,23.25,23.469999313354492,23.079999923706055,23.15999984741211,21.446321487426758,21400,2011-12-05
2011-12-06 14:30:00+00:00,23.170000076293945,23.235000610351562,22.940000534057617,23.135000228881836,21.423173904418945,23400,2011-12-06
2011-12-07 14:30:00+00:00,23.0,23.204999923706055,22.815000534057617,23.125,21.41391944885254,7800,2011-12-07
2011-12-08 14:30:00+00:00,22.985000610351562,23.149999618530273,22.399999618530273,22.399999618530273,20.7425594329834,22800,2011-12-08
2011-12-09 14:30:00+00:00,22.325000762939453,22.774999618530273,22.125,22.69499969482422,21.015731811523438,636400,2011-12-09
2011-12-12 14:30:00+00:00,22.364999771118164,22.364999771118164,21.829999923706055,22.084999084472656,20.450868606567383,464200,2011-12-12
2011-12-13 14:30:00+00:00,22.360000610351562,22.360000610351562,21.360000610351562,21.489999771118164,19.89989471435547,60600,2011-12-13
2011-12-14 14:30:00+00:00,21.440000534057617,21.440000534057617,20.989999771118164,21.0049991607666,19.450773239135742,45600,2011-12-14
2011-12-15 14:30:00+00:00,21.295000076293945,21.395000457763672,21.030000686645508,21.15999984741211,19.594310760498047,1250400,2011-12-15
2011-12-16 14:30:00+00:00,21.1299991607666,21.46500015258789,21.045000076293945,21.200000762939453,19.71847915649414,408400,2011-12-16
2011-12-19 14:30:00+00:00,21.30500030517578,21.30500030517578,20.625,20.645000457763672,19.202268600463867,240200,2011-12-19
2011-12-20 14:30:00+00:00,21.030000686645508,21.764999389648438,21.030000686645508,21.719999313354492,20.2021427154541,36400,2011-12-20
2011-12-21 14:30:00+00:00,21.684999465942383,21.684999465942383,21.084999084472656,21.5,19.997514724731445,1509200,2011-12-21
2011-12-22 14:30:00+00:00,21.649999618530273,22.46500015258789,21.649999618530273,22.375,20.811368942260742,1208800,2011-12-22
2011-12-23 14:30:00+00:00,22.524999618530273,22.55500030517578,22.350000381469727,22.44499969482422,20.876480102539062,10400,2011-12-23
2011-12-27 14:30:00+00:00,22.385000228881836,22.55500030517578,22.274999618530273,22.389999389648438,20.825319290161133,104000,2011-12-27
2011-12-28 14:30:00+00:00,22.34000015258789,22.34000015258789,21.969999313354492,22.010000228881836,20.47187614440918,50200,2011-12-28
2011-12-29 14:30:00+00:00,22.03499984741211,22.25,21.979999542236328,22.229999542236328,20.676496505737305,124200,2011-12-29
2011-12-30 14:30:00+00:00,22.299999237060547,22.325000762939453,22.15999984741211,22.15999984741211,20.61139678955078,45000,2011-12-30
2012-01-03 14:30:00+00:00,22.594999313354492,22.905000686645508,22.459999084472656,22.540000915527344,20.96484375,135600,2012-01-03
2012-01-04 14:30:00+00:00,22.440000534057617,22.46500015258789,22.200000762939453,22.344999313354492,20.78346824645996,39800,2012-01-04
2012-01-05 14:30:00+00:00,22.225000381469727,22.850000381469727,22.225000381469727,22.78499984741211,21.192720413208008,110200,2012-01-05
2012-01-06 14:30:00+00:00,22.75,22.80500030517578,22.510000228881836,22.670000076293945,21.085750579833984,70400,2012-01-06
2012-01-09 14:30:00+00:00,22.795000076293945,23.239999771118164,22.795000076293945,23.1200008392334,21.504308700561523,59600,2012-01-09
2012-01-10 14:30:00+00:00,23.450000762939453,23.450000762939453,23.19499969482422,23.364999771118164,21.732187271118164,46000,2012-01-10
2012-01-11 14:30:00+00:00,23.225000381469727,23.55500030517578,23.204999923706055,23.524999618530273,21.881004333496094,113600,2012-01-11
2012-01-12 14:30:00+00:00,23.559999465942383,23.739999771118164,23.375,23.729999542236328,22.071674346923828,23600,2012-01-12
2012-01-13 14:30:00+00:00,23.53499984741211,23.53499984741211,23.135000228881836,23.15999984741211,21.541505813598633,38600,2012-01-13
2012-01-17 14:30:00+00:00,23.385000228881836,23.55500030517578,23.25,23.270000457763672,21.643821716308594,234400,2012-01-17
2012-01-18 14:30:00+00:00,23.80500030517578,24.719999313354492,23.80500030517578,24.649999618530273,22.927385330200195,353400,2012-01-18
2012-01-19 14:30:00+00:00,24.729999542236328,25.059999465942383,24.729999542236328,24.954999923706055,23.211071014404297,275600,2012-01-19
2012-01-20 14:30:00+00:00,24.864999771118164,25.260000228881836,24.864999771118164,25.21500015258789,23.452903747558594,141400,2012-01-20
2012-01-23 14:30:00+00:00,25.260000228881836,25.395000457763672,25.049999237060547,25.190000534057617,23.429651260375977,357200,2012-01-23
2012-01-24 14:30:00+00:00,25.09000015258789,25.46500015258789,25.075000762939453,25.459999084472656,23.680784225463867,254200,2012-01-24
2012-01-25 14:30:00+00:00,25.68000030517578,25.68000030517578,25.209999084472656,25.540000915527344,23.755184173583984,95000,2012-01-25
2012-01-26 14:30:00+00:00,25.790000915527344,25.93000030517578,25.295000076293945,25.399999618530273,23.62497329711914,36400,2012-01-26
2012-01-27 14:30:00+00:00,25.25,25.485000610351562,25.09000015258789,25.454999923706055,23.676122665405273,47200,2012-01-27
2012-01-30 14:30:00+00:00,25.100000381469727,25.329999923706055,24.920000076293945,25.19499969482422,23.434295654296875,24200,2012-01-30
2012-01-31 14:30:00+00:00,25.325000762939453,25.434999465942383,24.8799991607666,24.985000610351562,23.23897933959961,22200,2012-01-31
2012-02-01 14:30:00+00:00,25.415000915527344,25.610000610351562,25.05500030517578,25.545000076293945,23.759841918945312,51400,2012-02-01
2012-02-02 14:30:00+00:00,25.65999984741211,25.93000030517578,25.549999237060547,25.84000015258789,24.034231185913086,38600,2012-02-02
2012-02-03 14:30:00+00:00,26.260000228881836,26.584999084472656,26.190000534057617,26.514999389648438,24.662046432495117,59800,2012-02-03
2012-02-06 14:30:00+00:00,26.3799991607666,26.3799991607666,26.059999465942383,26.149999618530273,24.322553634643555,29400,2012-02-06
2012-02-07 14:30:00+00:00,26.024999618530273,26.315000534057617,25.905000686645508,26.229999542236328,24.39697265625,34200,2012-02-07
2012-02-08 14:30:00+00:00,26.360000610351562,26.7549991607666,26.30500030517578,26.55500030517578,24.699256896972656,49400,2012-02-08
2012-02-09 14:30:00+00:00,26.7549991607666,26.7549991607666,26.389999389648438,26.690000534057617,24.824827194213867,23800,2012-02-09
2012-02-10 14:30:00+00:00,26.405000686645508,26.405000686645508,26.0,26.104999542236328,24.28070831298828,20800,2012-02-10
2012-02-13 14:30:00+00:00,26.53499984741211,26.53499984741211,25.809999465942383,26.139999389648438,24.31326675415039,11400,2012-02-13
2012-02-14 14:30:00+00:00,25.934999465942383,26.05500030517578,25.790000915527344,26.03499984741211,24.215595245361328,145800,2012-02-14
2012-02-15 14:30:00+00:00,26.21500015258789,26.485000610351562,26.149999618530273,26.190000534057617,24.359773635864258,39600,2012-02-15
2012-02-16 14:30:00+00:00,26.19499969482422,26.940000534057617,26.19499969482422,26.889999389648438,25.010848999023438,42800,2012-02-16
2012-02-17 14:30:00+00:00,26.979999542236328,27.114999771118164,26.75,26.78499984741211,24.913190841674805,105400,2012-02-17
2012-02-21 14:30:00+00:00,26.94499969482422,26.979999542236328,26.389999389648438,26.454999923706055,24.60625457763672,95400,2012-02-21
2012-02-22 14:30:00+00:00,26.420000076293945,26.469999313354492,26.18000030517578,26.209999084472656,24.378374099731445,73000,2012-02-22
2012-02-23 14:30:00+00:00,26.364999771118164,26.364999771118164,25.950000762939453,26.364999771118164,24.522533416748047,49400,2012-02-23
2012-02-24 14:30:00+00:00,26.645000457763672,26.645000457763672,26.295000076293945,26.34000015258789,24.499286651611328,8600,2012-02-24
2012-02-27 14:30:00+00:00,26.139999389648438,26.540000915527344,25.860000610351562,26.385000228881836,24.541139602661133,72200,2012-02-27
2012-02-28 14:30:00+00:00,26.424999237060547,26.860000610351562,26.424999237060547,26.649999618530273,24.787614822387695,67200,2012-02-28
2012-02-29 14:30:00+00:00,26.625,26.625,26.065000534057617,26.075000762939453,24.2528076171875,43200,2012-02-29
2012-03-01 14:30:00+00:00,26.165000915527344,26.375,25.93000030517578,26.010000228881836,24.19234848022461,124000,2012-03-01
2012-03-02 14:30:00+00:00,26.024999618530273,26.165000915527344,25.514999389648438,25.520000457763672,23.736587524414062,68000,2012-03-02
2012-03-05 14:30:00+00:00,25.5,25.5,24.71500015258789,24.790000915527344,23.057600021362305,42000,2012-03-05
2012-03-06 14:30:00+00:00,24.56999969482422,24.56999969482422,24.219999313354492,24.4950008392334,22.783214569091797,43200,2012-03-06
2012-03-07 14:30:00+00:00,24.829999923706055,24.8799991607666,24.614999771118164,24.799999237060547,23.06689453125,23200,2012-03-07
2012-03-08 14:30:00+00:00,25.020000457763672,25.315000534057617,24.940000534057617,25.239999771118164,23.476154327392578,8200,2012-03-08
2012-03-09 14:30:00+00:00,25.309999465942383,25.524999618530273,25.309999465942383,25.475000381469727,23.694734573364258,7000,2012-03-09
2012-03-12 13:30:00+00:00,25.450000762939453,25.450000762939453,25.114999771118164,25.165000915527344,23.406402587890625,30400,2012-03-12
2012-03-13 13:30:00+00:00,25.30500030517578,25.770000457763672,25.30500030517578,25.75,23.950519561767578,24600,2012-03-13
2012-03-14 13:30:00+00:00,25.825000762939453,26.139999389648438,25.684999465942383,25.709999084472656,23.91330337524414,94600,2012-03-14
2012-03-15 13:30:00+00:00,25.844999313354492,26.2549991607666,25.760000228881836,26.2450008392334,24.41092300415039,15600,2012-03-15
2012-03-16 13:30:00+00:00,26.3799991607666,26.3799991607666,26.09000015258789,26.200000762939453,24.39044189453125,55600,2012-03-16
2012-03-19 13:30:00+00:00,26.30500030517578,26.55500030517578,26.30500030517578,26.399999618530273,24.576631546020508,10200,2012-03-19
2012-03-20 13:30:00+00:00,26.235000610351562,26.315000534057617,26.040000915527344,26.239999771118164,24.427671432495117,32400,2012-03-20
2012-03-21 13:30:00+00:00,26.31999969482422,26.354999542236328,26.110000610351562,26.25,24.43699073791504,12800,2012-03-21
2012-03-22 13:30:00+00:00,26.06999969482422,26.1200008392334,25.950000762939453,26.030000686645508,24.232181549072266,14800,2012-03-22
2012-03-23 13:30:00+00:00,25.940000534057617,26.135000228881836,25.844999313354492,26.135000228881836,24.329936981201172,4200,2012-03-23
2012-03-26 13:30:00+00:00,26.375,26.584999084472656,26.270000457763672,26.540000915527344,24.706960678100586,15000,2012-03-26
2012-03-27 13:30:00+00:00,26.55500030517578,26.739999771118164,26.514999389648438,26.520000457763672,24.688339233398438,9800,2012-03-27
2012-03-28 13:30:00+00:00,26.475000381469727,26.559999465942383,26.010000228881836,26.18000030517578,24.371828079223633,48000,2012-03-28
2012-03-29 13:30:00+00:00,26.084999084472656,26.264999389648438,25.825000762939453,26.239999771118164,24.427671432495117,24000,2012-03-29
2012-03-30 13:30:00+00:00,26.524999618530273,26.530000686645508,26.0,26.25,24.43699073791504,89800,2012-03-30
2012-04-02 13:30:00+00:00,26.155000686645508,26.2450008392334,25.729999542236328,26.170000076293945,24.362516403198242,346400,2012-04-02
2012-04-03 13:30:00+00:00,26.264999389648438,26.264999389648438,25.600000381469727,25.674999237060547,23.90169906616211,365000,2012-04-03
2012-04-04 13:30:00+00:00,25.405000686645508,25.405000686645508,24.864999771118164,25.125,23.38968849182129,59600,2012-04-04
2012-04-05 13:30:00+00:00,24.989999771118164,25.104999542236328,24.889999389648438,25.020000457763672,23.291946411132812,117200,2012-04-05
2012-04-09 13:30:00+00:00,24.584999084472656,24.6299991607666,24.395000457763672,24.514999389648438,22.82181739807129,139000,2012-04-09
2012-04-10 13:30:00+00:00,24.69499969482422,24.719999313354492,24.174999237060547,24.184999465942383,22.514616012573242,81200,2012-04-10
2012-04-11 13:30:00+00:00,24.510000228881836,24.8799991607666,24.5049991607666,24.670000076293945,22.966115951538086,42200,2012-04-11
2012-04-12 13:30:00+00:00,24.899999618530273,25.354999542236328,24.8799991607666,25.264999389648438,23.520017623901367,25000,2012-04-12
2012-04-13 13:30:00+00:00,25.184999465942383,25.184999465942383,24.604999542236328,24.604999542236328,22.905597686767578,75000,2012-04-13
2012-04-16 13:30:00+00:00,24.729999542236328,24.899999618530273,24.334999084472656,24.549999237060547,22.854402542114258,930200,2012-04-16
2012-04-17 13:30:00+00:00,24.9950008392334,25.25,24.9950008392334,25.139999389648438,23.40365219116211,45000,2012-04-17
2012-04-18 13:30:00+00:00,24.905000686645508,24.954999923706055,24.719999313354492,24.920000076293945,23.198848724365234,22000,2012-04-18
2012-04-19 13:30:00+00:00,25.0,25.44499969482422,24.655000686645508,24.739999771118164,23.03128433227539,1047800,2012-04-19
2012-04-20 13:30:00+00:00,24.5,24.510000228881836,23.90999984741211,23.90999984741211,22.258609771728516,73600,2012-04-20
2012-04-23 13:30:00+00:00,23.674999237060547,23.674999237060547,23.184999465942383,23.459999084472656,21.83968734741211,962000,2012-04-23
2012-04-24 13:30:00+00:00,23.610000610351562,23.610000610351562,23.28499984741211,23.295000076293945,21.686079025268555,29000,2012-04-24
2012-04-25 13:30:00+00:00,23.704999923706055,23.860000610351562,23.565000534057617,23.829999923706055,22.184131622314453,11000,2012-04-25
2012-04-26 13:30:00+00:00,23.815000534057617,24.190000534057617,23.815000534057617,24.165000915527344,22.495990753173828,23600,2012-04-26
2012-04-27 13:30:00+00:00,24.100000381469727,24.385000228881836,24.03499984741211,24.329999923706055,22.649600982666016,16000,2012-04-27
2012-04-30 13:30:00+00:00,24.25,24.40999984741211,24.25,24.360000610351562,22.67753028869629,958600,2012-04-30
2012-05-01 13:30:00+00:00,24.389999389648438,24.6299991607666,24.344999313354492,24.350000381469727,22.668230056762695,11800,2012-05-01
2012-05-02 13:30:00+00:00,24.145000457763672,24.295000076293945,24.049999237060547,24.295000076293945,22.61701774597168,58400,2012-05-02
2012-05-03 13:30:00+00:00,24.235000610351562,24.28499984741211,23.475000381469727,23.514999389648438,21.890880584716797,871200,2012-05-03
2012-05-04 13:30:00+00:00,23.354999542236328,23.385000228881836,23.114999771118164,23.125,21.5278263092041,378800,2012-05-04
2012-05-07 13:30:00+00:00,23.020000457763672,23.184999465942383,23.0049991607666,23.0049991607666,21.416112899780273,18400,2012-05-07
2012-05-08 13:30:00+00:00,22.825000762939453,22.875,22.405000686645508,22.8700008392334,21.290433883666992,515200,2012-05-08
2012-05-09 13:30:00+00:00,22.545000076293945,22.905000686645508,22.344999313354492,22.905000686645508,21.32301902770996,1052400,2012-05-09
2012-05-10 13:30:00+00:00,23.024999618530273,23.024999618530273,22.5,22.735000610351562,21.16475486755371,8600,2012-05-10
2012-05-11 13:30:00+00:00,22.875,23.165000915527344,22.8700008392334,22.875,21.295085906982422,22000,2012-05-11
2012-05-14 13:30:00+00:00,22.559999465942383,22.709999084472656,22.475000381469727,22.59000015258789,21.029775619506836,54600,2012-05-14
2012-05-15 13:30:00+00:00,22.6299991607666,22.844999313354492,22.43000030517578,22.469999313354492,20.918062210083008,207800,2012-05-15
2012-05-16 13:30:00+00:00,22.565000534057617,22.760000228881836,22.264999389648438,22.290000915527344,20.7504940032959,1848400,2012-05-16
2012-05-17 13:30:00+00:00,22.325000762939453,22.325000762939453,21.889999389648438,21.889999389648438,20.378122329711914,95600,2012-05-17
2012-05-18 13:30:00+00:00,21.94499969482422,21.94499969482422,21.25,21.290000915527344,19.819561004638672,249000,2012-05-18
2012-05-21 13:30:00+00:00,21.3700008392334,21.924999237060547,21.264999389648438,21.899999618530273,20.387426376342773,48000,2012-05-21
2012-05-22 13:30:00+00:00,21.920000076293945,21.920000076293945,21.4950008392334,21.600000381469727,20.108154296875,90400,2012-05-22
2012-05-23 13:30:00+00:00,21.264999389648438,21.799999237060547,21.239999771118164,21.760000228881836,20.257095336914062,113600,2012-05-23
2012-05-24 13:30:00+00:00,21.834999084472656,21.834999084472656,21.354999542236328,21.5049991607666,20.019710540771484,125600,2012-05-24
2012-05-25 13:30:00+00:00,21.614999771118164,21.84000015258789,21.604999542236328,21.7549991607666,20.252443313598633,19800,2012-05-25
2012-05-29 13:30:00+00:00,22.0,22.28499984741211,21.94499969482422,22.239999771118164,20.703950881958008,106600,2012-05-29
2012-05-30 13:30:00+00:00,21.790000915527344,21.875,21.700000762939453,21.780000686645508,20.275718688964844,68400,2012-05-30
2012-05-31 13:30:00+00:00,21.729999542236328,21.815000534057617,21.325000762939453,21.709999084472656,20.210548400878906,51600,2012-05-31
2012-06-01 13:30:00+00:00,21.040000915527344,21.235000610351562,20.75,20.774999618530273,19.340129852294922,26200,2012-06-01
2012-06-04 13:30:00+00:00,20.954999923706055,20.954999923706055,20.4950008392334,20.815000534057617,19.37737464904785,16400,2012-06-04
2012-06-05 13:30:00+00:00,20.895000457763672,21.385000228881836,20.895000457763672,21.364999771118164,19.889375686645508,4600,2012-06-05
2012-06-06 13:30:00+00:00,21.584999084472656,22.170000076293945,21.584999084472656,22.084999084472656,20.559656143188477,327200,2012-06-06
2012-06-07 13:30:00+00:00,22.420000076293945,22.459999084472656,21.670000076293945,21.700000762939453,20.201250076293945,117400,2012-06-07
2012-06-08 13:30:00+00:00,21.56999969482422,22.05500030517578,21.56999969482422,21.985000610351562,20.46656036376953,61800,2012-06-08
2012-06-11 13:30:00+00:00,22.325000762939453,22.325000762939453,21.360000610351562,21.364999771118164,19.889375686645508,59800,2012-06-11
2012-06-12 13:30:00+00:00,21.594999313354492,22.010000228881836,21.514999389648438,22.010000228881836,20.489831924438477,22600,2012-06-12
2012-06-13 13:30:00+00:00,21.774999618530273,22.079999923706055,21.655000686645508,21.729999542236328,20.229175567626953,8000,2012-06-13
2012-06-14 13:30:00+00:00,21.645000457763672,21.670000076293945,21.395000457763672,21.540000915527344,20.052291870117188,23600,2012-06-14
2012-06-15 13:30:00+00:00,21.559999465942383,21.975000381469727,21.53499984741211,21.950000762939453,20.45867156982422,191600,2012-06-15
2012-06-18 13:30:00+00:00,21.81999969482422,22.354999542236328,21.78499984741211,22.239999771118164,20.72896957397461,115400,2012-06-18
2012-06-19 13:30:00+00:00,22.360000610351562,22.6299991607666,22.360000610351562,22.520000457763672,20.989946365356445,23200,2012-06-19
2012-06-20 13:30:00+00:00,22.53499984741211,22.799999237060547,22.450000762939453,22.639999389648438,21.10178565979004,37000,2012-06-20
2012-06-21 13:30:00+00:00,22.545000076293945,22.545000076293945,21.709999084472656,21.739999771118164,20.262937545776367,41600,2012-06-21
2012-06-22 13:30:00+00:00,21.924999237060547,22.204999923706055,21.84000015258789,22.174999237060547,20.668380737304688,34000,2012-06-22
2012-06-25 13:30:00+00:00,21.729999542236328,21.780000686645508,21.334999084472656,21.360000610351562,19.908756256103516,53200,2012-06-25
2012-06-26 13:30:00+00:00,21.424999237060547,21.440000534057617,21.06999969482422,21.219999313354492,19.778270721435547,39400,2012-06-26
2012-06-27 13:30:00+00:00,21.31999969482422,21.65999984741211,21.31999969482422,21.600000381469727,20.1324462890625,33400,2012-06-27
2012-06-28 13:30:00+00:00,21.385000228881836,21.545000076293945,21.155000686645508,21.485000610351562,20.025270462036133,47200,2012-06-28
2012-06-29 13:30:00+00:00,21.979999542236328,22.329999923706055,21.94499969482422,22.290000915527344,20.77557373046875,24400,2012-06-29
2012-07-02 13:30:00+00:00,22.43000030517578,22.43000030517578,22.049999237060547,22.2450008392334,20.73363494873047,45000,2012-07-02
2012-07-03 13:30:00+00:00,22.309999465942383,22.594999313354492,22.309999465942383,22.545000076293945,21.013246536254883,18600,2012-07-03
2012-07-05 13:30:00+00:00,22.475000381469727,22.68000030517578,22.274999618530273,22.594999313354492,21.059852600097656,33400,2012-07-05
2012-07-06 13:30:00+00:00,22.280000686645508,22.280000686645508,21.68000030517578,21.850000381469727,20.365463256835938,534000,2012-07-06
2012-07-09 13:30:00+00:00,21.645000457763672,21.649999618530273,21.469999313354492,21.56999969482422,20.10448455810547,19800,2012-07-09
2012-07-10 13:30:00+00:00,21.579999923706055,21.700000762939453,20.889999389648438,21.040000915527344,19.610492706298828,680600,2012-07-10
2012-07-11 13:30:00+00:00,21.075000762939453,21.184999465942383,20.795000076293945,20.94499969482422,19.521957397460938,663400,2012-07-11
2012-07-12 13:30:00+00:00,20.725000381469727,20.7450008392334,20.375,20.6299991607666,19.228349685668945,36400,2012-07-12
2012-07-13 13:30:00+00:00,20.815000534057617,20.860000610351562,20.729999542236328,20.790000915527344,19.377485275268555,12600,2012-07-13
2012-07-16 13:30:00+00:00,20.594999313354492,20.665000915527344,20.405000686645508,20.579999923706055,19.1817626953125,39200,2012-07-16
2012-07-17 13:30:00+00:00,20.625,20.625,20.155000686645508,20.40999984741211,19.0233097076416,18800,2012-07-17
2012-07-18 13:30:00+00:00,20.399999618530273,21.344999313354492,20.399999618530273,21.110000610351562,19.67574119567871,909400,2012-07-18
2012-07-19 13:30:00+00:00,21.299999237060547,21.645000457763672,21.299999237060547,21.514999389648438,20.05322265625,24400,2012-07-19
2012-07-20 13:30:00+00:00,21.31999969482422,21.31999969482422,20.924999237060547,20.94499969482422,19.521957397460938,393200,2012-07-20
2012-07-23 13:30:00+00:00,20.450000762939453,20.690000534057617,20.235000610351562,20.625,19.22369956970215,398200,2012-07-23
2012-07-24 13:30:00+00:00,20.655000686645508,20.655000686645508,20.149999618530273,20.274999618530273,18.897472381591797,84600,2012-07-24
2012-07-25 13:30:00+00:00,20.5049991607666,21.059999465942383,20.5049991607666,20.635000228881836,19.233015060424805,909400,2012-07-25
2012-07-26 13:30:00+00:00,21.1299991607666,21.350000381469727,21.010000228881836,21.15999984741211,19.72234344482422,36600,2012-07-26
2012-07-27 13:30:00+00:00,21.239999771118164,21.790000915527344,21.155000686645508,21.684999465942383,20.21167755126953,57600,2012-07-27
2012-07-30 13:30:00+00:00,21.84000015258789,21.93000030517578,21.290000915527344,21.450000762939453,19.99264144897461,1187200,2012-07-30
2012-07-31 13:30:00+00:00,21.489999771118164,21.975000381469727,21.489999771118164,21.7450008392334,20.267597198486328,637400,2012-07-31
2012-08-01 13:30:00+00:00,21.94499969482422,21.9950008392334,21.55500030517578,21.600000381469727,20.1324462890625,54600,2012-08-01
2012-08-02 13:30:00+00:00,21.520000457763672,22.014999389648438,21.520000457763672,21.719999313354492,20.24429702758789,65200,2012-08-02
2012-08-03 13:30:00+00:00,22.075000762939453,22.209999084472656,22.030000686645508,22.084999084472656,20.584495544433594,20400,2012-08-03
2012-08-06 13:30:00+00:00,22.2450008392334,22.559999465942383,22.235000610351562,22.475000381469727,20.947998046875,48000,2012-08-06
2012-08-07 13:30:00+00:00,22.704999923706055,23.235000610351562,22.704999923706055,22.989999771118164,21.428014755249023,837600,2012-08-07
2012-08-08 13:30:00+00:00,22.889999389648438,23.05500030517578,22.885000228881836,23.045000076293945,21.479276657104492,31200,2012-08-08
2012-08-09 13:30:00+00:00,22.975000381469727,23.295000076293945,22.975000381469727,23.2549991607666,21.675016403198242,59800,2012-08-09
2012-08-10 13:30:00+00:00,23.145000457763672,23.354999542236328,23.139999389648438,23.34000015258789,21.754234313964844,35000,2012-08-10
2012-08-13 13:30:00+00:00,23.280000686645508,23.280000686645508,22.94499969482422,23.19499969482422,21.619089126586914,20800,2012-08-13
2012-08-14 13:30:00+00:00,23.334999084472656,23.3799991607666,22.825000762939453,22.895000457763672,21.339473724365234,37800,2012-08-14
2012-08-15 13:30:00+00:00,22.989999771118164,23.219999313354492,22.96500015258789,23.104999542236328,21.535194396972656,21000,2012-08-15
2012-08-16 13:30:00+00:00,23.135000228881836,23.549999237060547,23.135000228881836,23.489999771118164,21.8940372467041,106200,2012-08-16
2012-08-17 13:30:00+00:00,23.454999923706055,23.485000610351562,23.350000381469727,23.475000381469727,21.88006591796875,25000,2012-08-17
2012-08-20 13:30:00+00:00,23.389999389648438,23.389999389648438,23.114999771118164,23.299999237060547,21.716949462890625,50200,2012-08-20
2012-08-21 13:30:00+00:00,23.44499969482422,23.764999389648438,23.264999389648438,23.354999542236328,21.768211364746094,34000,2012-08-21
2012-08-22 13:30:00+00:00,23.045000076293945,23.309999465942383,23.0,23.155000686645508,21.581802368164062,62800,2012-08-22
2012-08-23 13:30:00+00:00,22.8700008392334,23.104999542236328,22.809999465942383,22.954999923706055,21.3953857421875,28400,2012-08-23
2012-08-24 13:30:00+00:00,22.940000534057617,23.15999984741211,22.795000076293945,23.06999969482422,21.502580642700195,115600,2012-08-24
2012-08-27 13:30:00+00:00,23.1299991607666,23.1299991607666,22.8700008392334,22.934999465942383,21.37674903869629,55400,2012-08-27
2012-08-28 13:30:00+00:00,22.895000457763672,23.104999542236328,22.8799991607666,22.989999771118164,21.428014755249023,52800,2012-08-28
2012-08-29 13:30:00+00:00,23.065000534057617,23.114999771118164,22.885000228881836,23.0,21.437328338623047,11800,2012-08-29
2012-08-30 13:30:00+00:00,22.6200008392334,22.639999389648438,22.440000534057617,22.459999084472656,20.934019088745117,127400,2012-08-30
2012-08-31 13:30:00+00:00,22.6200008392334,22.735000610351562,22.604999542236328,22.704999923706055,21.162376403808594,13400,2012-08-31
2012-09-04 13:30:00+00:00,22.424999237060547,22.604999542236328,22.19499969482422,22.53499984741211,21.003925323486328,4600,2012-09-04
2012-09-05 13:30:00+00:00,22.399999618530273,22.56999969482422,22.329999923706055,22.34000015258789,20.822172164916992,15600,2012-09-05
2012-09-06 13:30:00+00:00,22.729999542236328,23.395000457763672,22.684999465942383,23.375,21.786848068237305,64000,2012-09-06
2012-09-07 13:30:00+00:00,23.25,23.389999389648438,23.145000457763672,23.389999389648438,21.800838470458984,110200,2012-09-07
2012-09-10 13:30:00+00:00,23.325000762939453,23.450000762939453,23.059999465942383,23.09000015258789,21.52121925354004,40600,2012-09-10
2012-09-11 13:30:00+00:00,23.15999984741211,23.375,23.1299991607666,23.290000915527344,21.707626342773438,70000,2012-09-11
2012-09-12 13:30:00+00:00,23.405000686645508,23.53499984741211,23.25,23.454999923706055,21.86142921447754,73400,2012-09-12
2012-09-13 13:30:00+00:00,23.274999618530273,23.739999771118164,23.184999465942383,23.594999313354492,21.991905212402344,98200,2012-09-13
2012-09-14 13:30:00+00:00,23.899999618530273,24.299999237060547,23.899999618530273,24.174999237060547,22.53249740600586,14200,2012-09-14
2012-09-17 13:30:00+00:00,24.139999389648438,24.139999389648438,23.670000076293945,23.78499984741211,22.16899871826172,71400,2012-09-17
2012-09-18 13:30:00+00:00,23.670000076293945,23.809999465942383,23.625,23.7549991607666,22.141035079956055,19200,2012-09-18
2012-09-19 13:30:00+00:00,23.75,23.770000457763672,23.665000915527344,23.665000915527344,22.057161331176758,26000,2012-09-19
2012-09-20 13:30:00+00:00,23.43000030517578,23.43000030517578,23.040000915527344,23.155000686645508,21.581802368164062,31600,2012-09-20
2012-09-21 13:30:00+00:00,23.280000686645508,23.280000686645508,22.954999923706055,22.959999084472656,21.431514739990234,66400,2012-09-21
2012-09-24 13:30:00+00:00,22.729999542236328,22.80500030517578,22.524999618530273,22.584999084472656,21.08148956298828,60200,2012-09-24
2012-09-25 13:30:00+00:00,22.760000228881836,22.760000228881836,21.829999923706055,21.84000015258789,20.386077880859375,118600,2012-09-25
2012-09-26 13:30:00+00:00,21.764999389648438,21.764999389648438,21.344999313354492,21.614999771118164,20.17606544494629,409600,2012-09-26
2012-09-27 13:30:00+00:00,21.75,22.15999984741211,21.665000915527344,22.110000610351562,20.638107299804688,48200,2012-09-27
2012-09-28 13:30:00+00:00,21.959999084472656,21.959999084472656,21.71500015258789,21.71500015258789,20.26940155029297,77400,2012-09-28
2012-10-01 13:30:00+00:00,21.71500015258789,21.899999618530273,21.514999389648438,21.559999465942383,20.12472152709961,35400,2012-10-01
2012-10-02 13:30:00+00:00,21.80500030517578,21.80500030517578,21.40999984741211,21.635000228881836,20.19472885131836,133600,2012-10-02
2012-10-03 13:30:00+00:00,21.704999923706055,21.704999923706055,21.415000915527344,21.489999771118164,20.05937957763672,56200,2012-10-03
2012-10-04 13:30:00+00:00,21.44499969482422,21.68000030517578,21.364999771118164,21.614999771118164,20.17606544494629,626600,2012-10-04
2012-10-05 13:30:00+00:00,21.71500015258789,21.924999237060547,21.55500030517578,21.56999969482422,20.134056091308594,102600,2012-10-05
2012-10-08 13:30:00+00:00,21.454999923706055,21.454999923706055,21.200000762939453,21.25,19.835355758666992,15400,2012-10-08
2012-10-09 13:30:00+00:00,21.200000762939453,21.200000762939453,20.790000915527344,20.899999618530273,19.508657455444336,78600,2012-10-09
2012-10-10 13:30:00+00:00,20.84000015258789,20.8700008392334,20.575000762939453,20.614999771118164,19.24262809753418,36800,2012-10-10
2012-10-11 13:30:00+00:00,20.7549991607666,20.829999923706055,20.645000457763672,20.69499969482422,19.317304611206055,40000,2012-10-11
2012-10-12 13:30:00+00:00,20.559999465942383,20.6299991607666,20.420000076293945,20.44499969482422,19.083946228027344,10400,2012-10-12
2012-10-15 13:30:00+00:00,20.649999618530273,20.719999313354492,20.479999542236328,20.71500015258789,19.335975646972656,62600,2012-10-15
2012-10-16 13:30:00+00:00,21.05500030517578,21.31999969482422,21.010000228881836,21.30500030517578,19.886688232421875,38400,2012-10-16
2012-10-17 13:30:00+00:00,21.25,21.469999313354492,21.145000457763672,21.3799991607666,19.956708908081055,45800,2012-10-17
2012-10-18 13:30:00+00:00,21.30500030517578,21.30500030517578,21.03499984741211,21.03499984741211,19.63466453552246,114800,2012-10-18
2012-10-19 13:30:00+00:00,20.8799991607666,20.895000457763672,20.28499984741211,20.385000228881836,19.027942657470703,152200,2012-10-19
2012-10-22 13:30:00+00:00,20.415000915527344,20.510000228881836,20.299999237060547,20.424999237060547,19.065279006958008,58600,2012-10-22
2012-10-23 13:30:00+00:00,20.155000686645508,20.635000228881836,20.03499984741211,20.6200008392334,19.247303009033203,83600,2012-10-23
2012-10-24 13:30:00+00:00,20.780000686645508,20.780000686645508,20.364999771118164,20.415000915527344,19.055946350097656,43600,2012-10-24
2012-10-25 13:30:00+00:00,20.575000762939453,20.59000015258789,20.354999542236328,20.514999389648438,19.149282455444336,16600,2012-10-25
2012-10-26 13:30:00+00:00,20.825000762939453,20.825000762939453,20.6299991607666,20.7549991607666,19.37331199645996,85000,2012-10-26
2012-10-31 13:30:00+00:00,20.860000610351562,20.860000610351562,20.684999465942383,20.774999618530273,19.3919734954834,46800,2012-10-31
2012-11-01 13:30:00+00:00,20.84000015258789,21.454999923706055,20.84000015258789,21.40999984741211,19.98470115661621,114800,2012-11-01
2012-11-02 13:30:00+00:00,21.469999313354492,21.469999313354492,20.78499984741211,20.78499984741211,19.401309967041016,9000,2012-11-02
2012-11-05 14:30:00+00:00,20.885000228881836,21.31999969482422,20.80500030517578,21.274999618530273,19.858692169189453,40200,2012-11-05
2012-11-06 14:30:00+00:00,21.34000015258789,21.625,21.2450008392334,21.530000686645508,20.096715927124023,22800,2012-11-06
2012-11-07 14:30:00+00:00,21.274999618530273,21.274999618530273,20.80500030517578,20.864999771118164,19.47598648071289,30000,2012-11-07
2012-11-08 14:30:00+00:00,20.924999237060547,21.010000228881836,20.65999984741211,20.65999984741211,19.284635543823242,49600,2012-11-08
2012-11-09 14:30:00+00:00,20.610000610351562,20.975000381469727,20.59000015258789,20.645000457763672,19.270633697509766,14400,2012-11-09
2012-11-12 14:30:00+00:00,20.65999984741211,20.68000030517578,20.5,20.625,19.25196647644043,7200,2012-11-12
2012-11-13 14:30:00+00:00,20.46500015258789,20.645000457763672,20.375,20.479999542236328,19.116622924804688,25400,2012-11-13
2012-11-14 14:30:00+00:00,20.530000686645508,20.530000686645508,20.084999084472656,20.104999542236328,18.766584396362305,149400,2012-11-14
2012-11-15 14:30:00+00:00,20.204999923706055,20.204999923706055,19.71500015258789,19.78499984741211,18.467884063720703,24400,2012-11-15
2012-11-16 14:30:00+00:00,19.799999237060547,19.799999237060547,19.329999923706055,19.71500015258789,18.402551651000977,73600,2012-11-16
2012-11-19 14:30:00+00:00,19.959999084472656,20.405000686645508,19.959999084472656,20.399999618530273,19.041942596435547,15600,2012-11-19
2012-11-20 14:30:00+00:00,20.200000762939453,20.399999618530273,20.18000030517578,20.354999542236328,18.99993896484375,19600,2012-11-20
2012-11-21 14:30:00+00:00,20.389999389648438,20.489999771118164,20.334999084472656,20.46500015258789,19.102622985839844,17200,2012-11-21
2012-11-23 14:30:00+00:00,20.59000015258789,20.924999237060547,20.59000015258789,20.864999771118164,19.47598648071289,6600,2012-11-23
2012-11-26 14:30:00+00:00,21.045000076293945,21.079999923706055,20.899999618530273,21.049999237060547,19.648672103881836,7800,2012-11-26
2012-11-27 14:30:00+00:00,21.094999313354492,21.30500030517578,21.075000762939453,21.104999542236328,19.700010299682617,22000,2012-11-27
2012-11-28 14:30:00+00:00,20.954999923706055,21.415000915527344,20.700000762939453,21.415000915527344,19.98937225341797,19200,2012-11-28
2012-11-29 14:30:00+00:00,21.65999984741211,21.719999313354492,21.524999618530273,21.700000762939453,20.255403518676758,15400,2012-11-29
2012-11-30 14:30:00+00:00,21.75,21.760000228881836,21.665000915527344,21.704999923706055,20.26007080078125,20800,2012-11-30
2012-12-03 14:30:00+00:00,21.84000015258789,21.84000015258789,21.59000015258789,21.600000381469727,20.162057876586914,11600,2012-12-03
2012-12-04 14:30:00+00:00,21.655000686645508,21.78499984741211,21.565000534057617,21.78499984741211,20.33474349975586,15000,2012-12-04
2012-12-05 14:30:00+00:00,21.78499984741211,21.885000228881836,21.635000228881836,21.809999465942383,20.358078002929688,68200,2012-12-05
2012-12-06 14:30:00+00:00,21.96500015258789,22.049999237060547,21.815000534057617,22.010000228881836,20.54476547241211,5000,2012-12-06
2012-12-07 14:30:00+00:00,22.040000915527344,22.059999465942383,21.920000076293945,21.985000610351562,20.52142333984375,13400,2012-12-07
2012-12-10 14:30:00+00:00,22.15999984741211,22.204999923706055,22.135000228881836,22.165000915527344,20.6894474029541,25600,2012-12-10
2012-12-11 14:30:00+00:00,22.459999084472656,22.764999389648438,22.459999084472656,22.764999389648438,21.24951171875,26800,2012-12-11
2012-12-12 14:30:00+00:00,22.774999618530273,22.875,22.65999984741211,22.65999984741211,21.1514892578125,17800,2012-12-12
2012-12-13 14:30:00+00:00,22.684999465942383,22.684999465942383,22.350000381469727,22.415000915527344,20.922800064086914,4800,2012-12-13
2012-12-14 14:30:00+00:00,22.44499969482422,22.44499969482422,22.19499969482422,22.30500030517578,20.82012367248535,7400,2012-12-14
2012-12-17 14:30:00+00:00,22.5,22.5,22.270000457763672,22.3700008392334,20.88079833984375,6200,2012-12-17
2012-12-18 14:30:00+00:00,22.53499984741211,22.850000381469727,22.440000534057617,22.850000381469727,21.328847885131836,8200,2012-12-18
2012-12-19 14:30:00+00:00,23.03499984741211,23.100000381469727,22.94499969482422,22.94499969482422,21.417518615722656,6400,2012-12-19
2012-12-20 14:30:00+00:00,22.940000534057617,23.010000228881836,22.735000610351562,22.875,21.352176666259766,8200,2012-12-20
2012-12-21 14:30:00+00:00,22.354999542236328,22.514999389648438,22.334999084472656,22.514999389648438,21.083890914916992,10600,2012-12-21
2012-12-24 14:30:00+00:00,22.360000610351562,22.424999237060547,22.354999542236328,22.3799991607666,20.957468032836914,5200,2012-12-24
2012-12-26 14:30:00+00:00,22.479999542236328,22.489999771118164,22.264999389648438,22.270000457763672,20.854461669921875,13600,2012-12-26
2012-12-27 14:30:00+00:00,22.1299991607666,22.274999618530273,21.924999237060547,22.270000457763672,20.854461669921875,21800,2012-12-27
2012-12-28 14:30:00+00:00,22.045000076293945,22.299999237060547,22.045000076293945,22.079999923706055,20.67653465270996,7000,2012-12-28
2012-12-31 14:30:00+00:00,22.079999923706055,22.584999084472656,22.045000076293945,22.53499984741211,21.10262107849121,38400,2012-12-31
2013-01-02 14:30:00+00:00,23.15999984741211,23.4950008392334,23.15999984741211,23.4950008392334,22.001605987548828,36800,2013-01-02
2013-01-03 14:30:00+00:00,23.424999237060547,23.700000762939453,23.399999618530273,23.469999313354492,21.978178024291992,32000,2013-01-03
2013-01-04 14:30:00+00:00,23.44499969482422,23.489999771118164,23.315000534057617,23.40999984741211,21.921998977661133,38200,2013-01-04
2013-01-07 14:30:00+00:00,23.354999542236328,23.424999237060547,23.25,23.299999237060547,21.81899070739746,12400,2013-01-07
2013-01-08 14:30:00+00:00,23.25,23.270000457763672,22.934999465942383,22.934999465942383,21.477195739746094,33200,2013-01-08
2013-01-09 14:30:00+00:00,23.100000381469727,23.145000457763672,22.989999771118164,23.139999389648438,21.66916275024414,36200,2013-01-09
2013-01-10 14:30:00+00:00,23.44499969482422,23.44499969482422,23.274999618530273,23.40999984741211,21.921998977661133,10400,2013-01-10
2013-01-11 14:30:00+00:00,23.44499969482422,23.469999313354492,23.34000015258789,23.450000762939453,21.95945930480957,6600,2013-01-11
2013-01-14 14:30:00+00:00,23.315000534057617,23.315000534057617,23.174999237060547,23.295000076293945,21.814311981201172,38000,2013-01-14
2013-01-15 14:30:00+00:00,23.155000686645508,23.2450008392334,23.024999618530273,23.170000076293945,21.697256088256836,24000,2013-01-15
2013-01-16 14:30:00+00:00,23.25,23.56999969482422,23.225000381469727,23.55500030517578,22.057785034179688,1170400,2013-01-16
2013-01-17 14:30:00+00:00,23.625,23.885000228881836,23.625,23.81999969482422,22.30594253540039,550800,2013-01-17
2013-01-18 14:30:00+00:00,23.6299991607666,23.69499969482422,23.530000686645508,23.559999465942383,22.062471389770508,24600,2013-01-18
2013-01-22 14:30:00+00:00,23.655000686645508,23.655000686645508,23.44499969482422,23.549999237060547,22.053102493286133,10400,2013-01-22
2013-01-23 14:30:00+00:00,23.7450008392334,23.854999542236328,23.670000076293945,23.84000015258789,22.324670791625977,113000,2013-01-23
2013-01-24 14:30:00+00:00,23.71500015258789,23.93000030517578,23.700000762939453,23.735000610351562,22.226354598999023,47000,2013-01-24
2013-01-25 14:30:00+00:00,24.040000915527344,24.079999923706055,23.895000457763672,23.969999313354492,22.446407318115234,55200,2013-01-25
2013-01-28 14:30:00+00:00,24.165000915527344,24.184999465942383,24.079999923706055,24.1200008392334,22.586875915527344,33000,2013-01-28
2013-01-29 14:30:00+00:00,23.899999618530273,23.959999084472656,23.770000457763672,23.795000076293945,22.282527923583984,53000,2013-01-29
2013-01-30 14:30:00+00:00,23.90999984741211,23.950000762939453,23.795000076293945,23.795000076293945,22.282527923583984,9000,2013-01-30
2013-01-31 14:30:00+00:00,23.905000686645508,24.100000381469727,23.850000381469727,23.899999618530273,22.380855560302734,110400,2013-01-31
2013-02-01 14:30:00+00:00,24.139999389648438,24.5049991607666,24.139999389648438,24.5049991607666,22.947404861450195,21600,2013-02-01
2013-02-04 14:30:00+00:00,24.375,24.44499969482422,24.0,24.030000686645508,22.50259780883789,14400,2013-02-04
2013-02-05 14:30:00+00:00,24.170000076293945,24.34000015258789,24.145000457763672,24.260000228881836,22.71797752380371,76000,2013-02-05
2013-02-06 14:30:00+00:00,24.280000686645508,24.450000762939453,24.260000228881836,24.424999237060547,22.872480392456055,59800,2013-02-06
2013-02-07 14:30:00+00:00,24.260000228881836,24.260000228881836,23.940000534057617,24.06999969482422,22.5400447845459,61000,2013-02-07
2013-02-08 14:30:00+00:00,24.360000610351562,24.56999969482422,24.360000610351562,24.55500030517578,22.994220733642578,63400,2013-02-08
2013-02-11 14:30:00+00:00,24.485000610351562,24.68000030517578,24.44499969482422,24.655000686645508,23.087860107421875,50800,2013-02-11
2013-02-12 14:30:00+00:00,24.670000076293945,24.8799991607666,24.670000076293945,24.8700008392334,23.289196014404297,217600,2013-02-12
2013-02-13 14:30:00+00:00,24.920000076293945,24.94499969482422,24.575000762939453,24.774999618530273,23.200241088867188,911600,2013-02-13
2013-02-14 14:30:00+00:00,24.834999084472656,25.2549991607666,24.834999084472656,25.235000610351562,23.630996704101562,421200,2013-02-14
2013-02-15 14:30:00+00:00,25.3799991607666,25.3799991607666,24.850000381469727,24.899999618530273,23.317293167114258,925400,2013-02-15
2013-02-19 14:30:00+00:00,24.875,25.309999465942383,24.875,25.28499984741211,23.677825927734375,66600,2013-02-19
2013-02-20 14:30:00+00:00,25.360000610351562,25.360000610351562,24.594999313354492,24.594999313354492,23.03168296813965,77200,2013-02-20
2013-02-21 14:30:00+00:00,24.315000534057617,24.364999771118164,23.78499984741211,23.9950008392334,22.46981430053711,82800,2013-02-21
2013-02-22 14:30:00+00:00,24.225000381469727,24.459999084472656,24.200000762939453,24.354999542236328,22.80694007873535,31000,2013-02-22
2013-02-25 14:30:00+00:00,24.540000915527344,24.540000915527344,23.770000457763672,23.770000457763672,22.259113311767578,77000,2013-02-25
2013-02-26 14:30:00+00:00,23.889999389648438,23.920000076293945,23.68000030517578,23.854999542236328,22.33871078491211,91600,2013-02-26
2013-02-27 14:30:00+00:00,23.899999618530273,24.30500030517578,23.8700008392334,24.184999465942383,22.647737503051758,195200,2013-02-27
2013-02-28 14:30:00+00:00,24.30500030517578,24.415000915527344,24.15999984741211,24.15999984741211,22.624324798583984,25000,2013-02-28
2013-03-01 14:30:00+00:00,24.040000915527344,24.040000915527344,23.469999313354492,23.735000610351562,22.226354598999023,779800,2013-03-01
2013-03-04 14:30:00+00:00,23.69499969482422,23.725000381469727,23.469999313354492,23.600000381469727,22.099918365478516,482800,2013-03-04
2013-03-05 14:30:00+00:00,23.795000076293945,24.084999084472656,23.795000076293945,24.084999084472656,22.554100036621094,67000,2013-03-05
2013-03-06 14:30:00+00:00,24.145000457763672,24.209999084472656,24.049999237060547,24.165000915527344,22.629013061523438,14800,2013-03-06
2013-03-07 14:30:00+00:00,24.174999237060547,24.415000915527344,24.174999237060547,24.354999542236328,22.80694007873535,60800,2013-03-07
2013-03-08 14:30:00+00:00,24.53499984741211,24.610000610351562,24.31999969482422,24.524999618530273,22.966129302978516,49600,2013-03-08
2013-03-11 13:30:00+00:00,24.46500015258789,24.709999084472656,24.43000030517578,24.65999984741211,23.09254264831543,22600,2013-03-11
2013-03-12 13:30:00+00:00,24.6200008392334,24.78499984741211,24.614999771118164,24.770000457763672,23.195556640625,217600,2013-03-12
2013-03-13 13:30:00+00:00,24.829999923706055,24.979999542236328,24.69499969482422,24.924999237060547,23.3407039642334,40000,2013-03-13
2013-03-14 13:30:00+00:00,25.145000457763672,25.219999313354492,25.100000381469727,25.125,23.527992248535156,48000,2013-03-14
2013-03-15 13:30:00+00:00,25.0049991607666,25.0049991607666,24.684999465942383,24.739999771118164,23.1946964263916,26800,2013-03-15
2013-03-18 13:30:00+00:00,24.44499969482422,24.69499969482422,24.334999084472656,24.459999084472656,22.93218421936035,47400,2013-03-18
2013-03-19 13:30:00+00:00,24.639999389648438,24.670000076293945,24.229999542236328,24.530000686645508,22.997819900512695,29200,2013-03-19
2013-03-20 13:30:00+00:00,24.725000381469727,24.940000534057617,24.69499969482422,24.915000915527344,23.358768463134766,71400,2013-03-20
2013-03-21 13:30:00+00:00,24.700000762939453,24.729999542236328,24.475000381469727,24.475000381469727,22.94624137878418,21600,2013-03-21
2013-03-22 13:30:00+00:00,24.55500030517578,24.65999984741211,24.530000686645508,24.56999969482422,23.03531837463379,17200,2013-03-22
2013-03-25 13:30:00+00:00,24.649999618530273,24.655000686645508,24.325000762939453,24.53499984741211,23.002500534057617,24200,2013-03-25
2013-03-26 13:30:00+00:00,24.700000762939453,24.790000915527344,24.6200008392334,24.78499984741211,23.236892700195312,19600,2013-03-26
2013-03-27 13:30:00+00:00,24.625,24.854999542236328,24.420000076293945,24.834999084472656,23.283761978149414,500200,2013-03-27
2013-03-28 13:30:00+00:00,24.825000762939453,25.0,24.770000457763672,24.969999313354492,23.41033172607422,40600,2013-03-28
2013-04-01 13:30:00+00:00,24.959999084472656,25.030000686645508,24.280000686645508,24.334999084472656,22.814998626708984,29600,2013-04-01
2013-04-02 13:30:00+00:00,24.364999771118164,24.405000686645508,23.895000457763672,23.94499969482422,22.449352264404297,153400,2013-04-02
2013-04-03 13:30:00+00:00,23.985000610351562,23.985000610351562,23.40999984741211,23.485000610351562,22.018089294433594,149800,2013-04-03
2013-04-04 13:30:00+00:00,23.469999313354492,23.799999237060547,23.440000534057617,23.790000915527344,22.304035186767578,32600,2013-04-04
2013-04-05 13:30:00+00:00,23.405000686645508,23.665000915527344,23.219999313354492,23.665000915527344,22.186847686767578,323400,2013-04-05
2013-04-08 13:30:00+00:00,23.665000915527344,23.940000534057617,23.424999237060547,23.940000534057617,22.444664001464844,23600,2013-04-08
2013-04-09 13:30:00+00:00,23.875,24.549999237060547,23.809999465942383,24.415000915527344,22.889997482299805,191000,2013-04-09
2013-04-10 13:30:00+00:00,24.549999237060547,24.915000915527344,24.549999237060547,24.915000915527344,23.358768463134766,224800,2013-04-10
2013-04-11 13:30:00+00:00,24.68000030517578,24.975000381469727,24.68000030517578,24.764999389648438,23.218135833740234,155800,2013-04-11
2013-04-12 13:30:00+00:00,24.65999984741211,24.71500015258789,24.34000015258789,24.6299991607666,23.091567993164062,226000,2013-04-12
2013-04-15 13:30:00+00:00,24.440000534057617,24.5049991607666,23.975000381469727,24.030000686645508,22.5290470123291,368600,2013-04-15
2013-04-16 13:30:00+00:00,24.204999923706055,24.55500030517578,24.09000015258789,24.55500030517578,23.021251678466797,171000,2013-04-16
2013-04-17 13:30:00+00:00,24.1299991607666,24.1299991607666,23.405000686645508,23.510000228881836,22.04153060913086,143400,2013-04-17
2013-04-18 13:30:00+00:00,23.684999465942383,23.764999389648438,22.94499969482422,23.05500030517578,21.614948272705078,208200,2013-04-18
2013-04-19 13:30:00+00:00,22.90999984741211,23.065000534057617,22.549999237060547,22.954999923706055,21.52118682861328,1196400,2013-04-19
2013-04-22 13:30:00+00:00,23.05500030517578,23.3799991607666,22.655000686645508,23.280000686645508,21.825891494750977,364400,2013-04-22
2013-04-23 13:30:00+00:00,23.485000610351562,23.854999542236328,23.459999084472656,23.80500030517578,22.318103790283203,992600,2013-04-23
2013-04-24 13:30:00+00:00,23.920000076293945,24.09000015258789,23.735000610351562,24.040000915527344,22.538419723510742,524800,2013-04-24
2013-04-25 13:30:00+00:00,24.219999313354492,24.5,24.219999313354492,24.354999542236328,22.833744049072266,87000,2013-04-25
2013-04-26 13:30:00+00:00,24.200000762939453,24.28499984741211,24.03499984741211,24.09000015258789,22.585298538208008,62200,2013-04-26
2013-04-29 13:30:00+00:00,24.145000457763672,24.485000610351562,24.145000457763672,24.399999618530273,22.875932693481445,74800,2013-04-29
2013-04-30 13:30:00+00:00,24.420000076293945,24.7450008392334,24.364999771118164,24.735000610351562,23.190011978149414,161200,2013-04-30
2013-05-01 13:30:00+00:00,24.71500015258789,24.795000076293945,24.360000610351562,24.40999984741211,22.88530921936035,361600,2013-05-01
2013-05-02 13:30:00+00:00,24.579999923706055,24.825000762939453,24.415000915527344,24.790000915527344,23.2415714263916,269800,2013-05-02
2013-05-03 13:30:00+00:00,25.1200008392334,25.469999313354492,25.114999771118164,25.329999923706055,23.747852325439453,412000,2013-05-03
2013-05-06 13:30:00+00:00,25.434999465942383,25.81999969482422,25.43000030517578,25.665000915527344,24.061914443969727,842000,2013-05-06
2013-05-07 13:30:00+00:00,25.81999969482422,25.81999969482422,25.354999542236328,25.514999389648438,23.921287536621094,199800,2013-05-07
2013-05-08 13:30:00+00:00,25.450000762939453,25.885000228881836,25.450000762939453,25.8799991607666,24.263486862182617,247600,2013-05-08
2013-05-09 13:30:00+00:00,25.815000534057617,26.125,25.815000534057617,26.0,24.375986099243164,135000,2013-05-09
2013-05-10 13:30:00+00:00,26.15999984741211,26.420000076293945,26.1299991607666,26.399999618530273,24.751007080078125,86400,2013-05-10
2013-05-13 13:30:00+00:00,26.334999084472656,26.405000686645508,26.200000762939453,26.229999542236328,24.59162712097168,23800,2013-05-13
2013-05-14 13:30:00+00:00,26.334999084472656,26.440000534057617,26.334999084472656,26.420000076293945,24.7697696685791,18600,2013-05-14
2013-05-15 13:30:00+00:00,26.454999923706055,26.739999771118164,26.43000030517578,26.655000686645508,24.99008560180664,112200,2013-05-15
2013-05-16 13:30:00+00:00,26.524999618530273,26.78499984741211,26.46500015258789,26.479999542236328,24.826013565063477,88400,2013-05-16
2013-05-17 13:30:00+00:00,26.649999618530273,26.860000610351562,26.594999313354492,26.829999923706055,25.154151916503906,75400,2013-05-17
2013-05-20 13:30:00+00:00,26.895000457763672,27.165000915527344,26.8799991607666,27.024999618530273,25.336973190307617,148800,2013-05-20
2013-05-21 13:30:00+00:00,27.139999389648438,27.190000534057617,27.0,27.06999969482422,25.37915802001953,124600,2013-05-21
2013-05-22 13:30:00+00:00,27.19499969482422,27.280000686645508,26.334999084472656,26.475000381469727,24.82131576538086,212000,2013-05-22
2013-05-23 13:30:00+00:00,26.065000534057617,26.454999923706055,25.93000030517578,26.40999984741211,24.760372161865234,124200,2013-05-23
2013-05-24 13:30:00+00:00,26.395000457763672,26.40999984741211,26.139999389648438,26.334999084472656,24.69007110595703,62200,2013-05-24
2013-05-28 13:30:00+00:00,26.739999771118164,26.834999084472656,26.440000534057617,26.524999618530273,24.868206024169922,53000,2013-05-28
2013-05-29 13:30:00+00:00,26.385000228881836,26.729999542236328,26.334999084472656,26.604999542236328,24.943204879760742,78200,2013-05-29
2013-05-30 13:30:00+00:00,26.725000381469727,27.299999237060547,26.725000381469727,27.264999389648438,25.561979293823242,54400,2013-05-30
2013-05-31 13:30:00+00:00,27.309999465942383,27.530000686645508,27.1200008392334,27.1200008392334,25.426044464111328,60200,2013-05-31
2013-06-03 13:30:00+00:00,27.145000457763672,27.30500030517578,26.729999542236328,27.104999542236328,25.41197967529297,381400,2013-06-03
2013-06-04 13:30:00+00:00,27.4950008392334,27.524999618530273,26.979999542236328,27.1200008392334,25.426044464111328,325000,2013-06-04
2013-06-05 13:30:00+00:00,26.895000457763672,27.079999923706055,26.645000457763672,26.719999313354492,25.051027297973633,45800,2013-06-05
2013-06-06 13:30:00+00:00,26.719999313354492,26.96500015258789,26.40999984741211,26.75,25.079143524169922,44000,2013-06-06
2013-06-07 13:30:00+00:00,26.920000076293945,26.920000076293945,26.690000534057617,26.905000686645508,25.22446632385254,7600,2013-06-07
2013-06-10 13:30:00+00:00,26.985000610351562,27.174999237060547,26.934999465942383,27.145000457763672,25.44947052001953,42400,2013-06-10
2013-06-11 13:30:00+00:00,26.75,26.8799991607666,26.405000686645508,26.405000686645508,24.755699157714844,76000,2013-06-11
2013-06-12 13:30:00+00:00,26.604999542236328,26.610000610351562,25.875,25.920000076293945,24.30099105834961,65600,2013-06-12
2013-06-13 13:30:00+00:00,25.905000686645508,26.53499984741211,25.764999389648438,26.5,24.84476661682129,23200,2013-06-13
2013-06-14 13:30:00+00:00,26.469999313354492,26.6299991607666,26.334999084472656,26.420000076293945,24.7697696685791,16800,2013-06-14
2013-06-17 13:30:00+00:00,26.719999313354492,26.920000076293945,26.610000610351562,26.770000457763672,25.097904205322266,82800,2013-06-17
2013-06-18 13:30:00+00:00,26.81999969482422,27.290000915527344,26.81999969482422,27.235000610351562,25.533855438232422,69000,2013-06-18
2013-06-19 13:30:00+00:00,27.295000076293945,27.315000534057617,26.90999984741211,26.940000534057617,25.25728416442871,280400,2013-06-19
2013-06-20 13:30:00+00:00,26.540000915527344,26.579999923706055,26.075000762939453,26.165000915527344,24.53068733215332,233200,2013-06-20
2013-06-21 13:30:00+00:00,26.274999618530273,26.3799991607666,25.924999237060547,26.229999542236328,24.628816604614258,151000,2013-06-21
2013-06-24 13:30:00+00:00,26.014999389648438,26.014999389648438,25.53499984741211,25.729999542236328,24.15932846069336,59600,2013-06-24
2013-06-25 13:30:00+00:00,25.979999542236328,26.200000762939453,25.799999237060547,26.200000762939453,24.600645065307617,34000,2013-06-25
2013-06-26 13:30:00+00:00,26.450000762939453,26.53499984741211,26.209999084472656,26.375,24.76495933532715,335600,2013-06-26
2013-06-27 13:30:00+00:00,26.6299991607666,26.684999465942383,26.420000076293945,26.584999084472656,24.962141036987305,372800,2013-06-27
2013-06-28 13:30:00+00:00,26.454999923706055,26.78499984741211,26.3799991607666,26.65999984741211,25.03256607055664,16400,2013-06-28
2013-07-01 13:30:00+00:00,26.829999923706055,27.065000534057617,26.809999465942383,26.829999923706055,25.192188262939453,448600,2013-07-01
2013-07-02 13:30:00+00:00,27.03499984741211,27.135000228881836,26.635000228881836,26.850000381469727,25.210954666137695,897200,2013-07-02
2013-07-03 13:30:00+00:00,26.80500030517578,27.1299991607666,26.670000076293945,26.975000381469727,25.32832908630371,28600,2013-07-03
2013-07-05 13:30:00+00:00,27.25,27.434999465942383,27.110000610351562,27.424999237060547,25.7508602142334,242200,2013-07-05
2013-07-08 13:30:00+00:00,27.559999465942383,27.559999465942383,26.770000457763672,26.81999969482422,25.18279266357422,75600,2013-07-08
2013-07-09 13:30:00+00:00,26.989999771118164,27.2450008392334,26.96500015258789,27.09000015258789,25.436309814453125,37200,2013-07-09
2013-07-10 13:30:00+00:00,27.299999237060547,27.299999237060547,27.104999542236328,27.280000686645508,25.614715576171875,7000,2013-07-10
2013-07-11 13:30:00+00:00,27.684999465942383,27.920000076293945,27.6299991607666,27.905000686645508,26.201560974121094,24800,2013-07-11
2013-07-12 13:30:00+00:00,28.05500030517578,28.170000076293945,27.985000610351562,28.084999084472656,26.370569229125977,36600,2013-07-12
2013-07-15 13:30:00+00:00,28.219999313354492,28.344999313354492,28.125,28.309999465942383,26.58184242248535,30200,2013-07-15
2013-07-16 13:30:00+00:00,28.450000762939453,28.545000076293945,28.219999313354492,28.364999771118164,26.633474349975586,42200,2013-07-16
2013-07-17 13:30:00+00:00,28.469999313354492,28.565000534057617,28.350000381469727,28.520000457763672,26.77902603149414,28600,2013-07-17
2013-07-18 13:30:00+00:00,28.565000534057617,28.565000534057617,28.309999465942383,28.350000381469727,26.61939239501953,133000,2013-07-18
2013-07-19 13:30:00+00:00,28.174999237060547,28.350000381469727,28.135000228881836,28.344999313354492,26.614704132080078,375600,2013-07-19
2013-07-22 13:30:00+00:00,28.600000381469727,28.600000381469727,28.260000228881836,28.3700008392334,26.638172149658203,18800,2013-07-22
2013-07-23 13:30:00+00:00,28.594999313354492,28.764999389648438,28.31999969482422,28.31999969482422,26.59122085571289,352000,2013-07-23
2013-07-24 13:30:00+00:00,28.625,28.625,27.854999542236328,27.899999618530273,26.196866989135742,1019600,2013-07-24
2013-07-25 13:30:00+00:00,27.93000030517578,28.264999389648438,27.93000030517578,28.239999771118164,26.51611328125,15800,2013-07-25
2013-07-26 13:30:00+00:00,27.899999618530273,27.94499969482422,27.790000915527344,27.899999618530273,26.196866989135742,17000,2013-07-26
2013-07-29 13:30:00+00:00,27.895000457763672,28.024999618530273,27.75,27.850000381469727,26.149925231933594,138000,2013-07-29
2013-07-30 13:30:00+00:00,27.8700008392334,28.184999465942383,27.8700008392334,28.165000915527344,26.445690155029297,23000,2013-07-30
2013-07-31 13:30:00+00:00,28.3700008392334,28.520000457763672,28.325000762939453,28.405000686645508,26.671037673950195,9800,2013-07-31
2013-08-01 13:30:00+00:00,28.530000686645508,28.645000457763672,28.489999771118164,28.639999389648438,26.891693115234375,2200,2013-08-01
2013-08-02 13:30:00+00:00,28.4950008392334,28.4950008392334,28.290000915527344,28.334999084472656,26.60531234741211,12600,2013-08-02
2013-08-05 13:30:00+00:00,28.315000534057617,28.469999313354492,28.315000534057617,28.46500015258789,26.727373123168945,3200,2013-08-05
2013-08-06 13:30:00+00:00,28.350000381469727,28.350000381469727,28.075000762939453,28.145000457763672,26.42690658569336,26200,2013-08-06
2013-08-07 13:30:00+00:00,27.9950008392334,27.9950008392334,27.600000381469727,27.75,26.05601692199707,1005400,2013-08-07
2013-08-08 13:30:00+00:00,27.934999465942383,27.934999465942383,27.639999389648438,27.770000457763672,26.074796676635742,53600,2013-08-08
2013-08-09 13:30:00+00:00,27.65999984741211,27.7549991607666,27.545000076293945,27.604999542236328,25.919876098632812,21800,2013-08-09
2013-08-12 13:30:00+00:00,27.290000915527344,27.934999465942383,27.03499984741211,27.899999618530273,26.196866989135742,19000,2013-08-12
2013-08-13 13:30:00+00:00,27.959999084472656,28.15999984741211,27.71500015258789,28.135000228881836,26.417526245117188,226000,2013-08-13
2013-08-14 13:30:00+00:00,27.8700008392334,28.045000076293945,27.674999237060547,27.780000686645508,26.084190368652344,19800,2013-08-14
2013-08-15 13:30:00+00:00,27.53499984741211,27.53499984741211,27.19499969482422,27.219999313354492,25.55837631225586,643800,2013-08-15
2013-08-16 13:30:00+00:00,27.19499969482422,27.540000915527344,27.19499969482422,27.399999618530273,25.72739028930664,40600,2013-08-16
2013-08-19 13:30:00+00:00,27.34000015258789,27.53499984741211,27.110000610351562,27.110000610351562,25.455097198486328,43600,2013-08-19
2013-08-20 13:30:00+00:00,27.204999923706055,27.530000686645508,27.204999923706055,27.434999465942383,25.760255813598633,43000,2013-08-20
2013-08-21 13:30:00+00:00,27.329999923706055,27.524999618530273,27.139999389648438,27.299999237060547,25.63349151611328,167400,2013-08-21
2013-08-22 13:30:00+00:00,27.440000534057617,27.635000228881836,27.440000534057617,27.520000457763672,25.840068817138672,121200,2013-08-22
2013-08-23 13:30:00+00:00,27.594999313354492,27.594999313354492,27.3700008392334,27.549999237060547,25.86823081970215,122600,2013-08-23
2013-08-26 13:30:00+00:00,27.559999465942383,27.80500030517578,27.545000076293945,27.635000228881836,25.948040008544922,437600,2013-08-26
2013-08-27 13:30:00+00:00,27.299999237060547,27.299999237060547,26.795000076293945,26.815000534057617,25.178098678588867,217200,2013-08-27
2013-08-28 13:30:00+00:00,27.0049991607666,27.44499969482422,27.0049991607666,27.30500030517578,25.63817596435547,1168800,2013-08-28
2013-08-29 13:30:00+00:00,27.325000762939453,27.739999771118164,27.325000762939453,27.6299991607666,25.94334602355957,10800,2013-08-29
2013-08-30 13:30:00+00:00,27.524999618530273,27.524999618530273,27.09000015258789,27.094999313354492,25.441003799438477,58600,2013-08-30
2013-09-03 13:30:00+00:00,27.594999313354492,27.7450008392334,27.184999465942383,27.274999618530273,25.610015869140625,36800,2013-09-03
2013-09-04 13:30:00+00:00,27.55500030517578,28.0,27.55500030517578,27.96500015258789,26.257896423339844,18200,2013-09-04
2013-09-05 13:30:00+00:00,28.0,28.21500015258789,28.0,28.145000457763672,26.42690658569336,31600,2013-09-05
2013-09-06 13:30:00+00:00,28.389999389648438,28.389999389648438,27.75,28.075000762939453,26.361190795898438,61200,2013-09-06
2013-09-09 13:30:00+00:00,28.2450008392334,28.5,28.2450008392334,28.395000457763672,26.661649703979492,78400,2013-09-09
2013-09-10 13:30:00+00:00,28.579999923706055,28.889999389648438,28.579999923706055,28.8799991607666,27.117034912109375,13600,2013-09-10
2013-09-11 13:30:00+00:00,28.80500030517578,28.915000915527344,28.56999969482422,28.75,26.994979858398438,1039800,2013-09-11
2013-09-12 13:30:00+00:00,28.549999237060547,28.799999237060547,28.524999618530273,28.524999618530273,26.78371238708496,28800,2013-09-12
2013-09-13 13:30:00+00:00,28.594999313354492,28.6200008392334,28.334999084472656,28.610000610351562,26.863523483276367,67000,2013-09-13
2013-09-16 13:30:00+00:00,28.8700008392334,28.885000228881836,28.684999465942383,28.690000534057617,26.93864631652832,17000,2013-09-16
2013-09-17 13:30:00+00:00,28.809999465942383,28.96500015258789,28.729999542236328,28.950000762939453,27.182767868041992,7000,2013-09-17
2013-09-18 13:30:00+00:00,29.045000076293945,29.15999984741211,28.829999923706055,29.155000686645508,27.375267028808594,15200,2013-09-18
2013-09-19 13:30:00+00:00,29.204999923706055,29.204999923706055,28.94499969482422,29.030000686645508,27.257883071899414,564600,2013-09-19
2013-09-20 13:30:00+00:00,29.059999465942383,29.165000915527344,28.81999969482422,28.850000381469727,27.124847412109375,19800,2013-09-20
2013-09-23 13:30:00+00:00,28.985000610351562,28.985000610351562,28.65999984741211,28.764999389648438,27.044933319091797,16600,2013-09-23
2013-09-24 13:30:00+00:00,28.520000457763672,28.950000762939453,28.520000457763672,28.78499984741211,27.063739776611328,13200,2013-09-24
2013-09-25 13:30:00+00:00,28.545000076293945,28.924999237060547,28.540000915527344,28.725000381469727,27.007328033447266,9400,2013-09-25
2013-09-26 13:30:00+00:00,28.790000915527344,28.934999465942383,28.600000381469727,28.68000030517578,26.965015411376953,118600,2013-09-26
2013-09-27 13:30:00+00:00,28.565000534057617,28.6200008392334,28.489999771118164,28.559999465942383,26.852190017700195,60000,2013-09-27
2013-09-30 13:30:00+00:00,28.30500030517578,28.760000228881836,28.190000534057617,28.665000915527344,26.95091438293457,17000,2013-09-30
2013-10-01 13:30:00+00:00,28.90999984741211,29.094999313354492,28.770000457763672,28.9950008392334,27.261178970336914,68800,2013-10-01
2013-10-02 13:30:00+00:00,28.850000381469727,29.0049991607666,28.725000381469727,28.905000686645508,27.176559448242188,14600,2013-10-02
2013-10-03 13:30:00+00:00,28.915000915527344,28.915000915527344,28.375,28.78499984741211,27.063739776611328,1095000,2013-10-03
2013-10-04 13:30:00+00:00,29.06999969482422,29.170000076293945,29.05500030517578,29.059999465942383,27.322294235229492,162000,2013-10-04
2013-10-07 13:30:00+00:00,28.854999542236328,29.020000457763672,28.825000762939453,28.834999084472656,27.110748291015625,5800,2013-10-07
2013-10-08 13:30:00+00:00,28.915000915527344,28.954999923706055,28.06999969482422,28.239999771118164,26.55132484436035,594400,2013-10-08
2013-10-09 13:30:00+00:00,28.010000228881836,28.229999542236328,27.780000686645508,28.114999771118164,26.433795928955078,561800,2013-10-09
2013-10-10 13:30:00+00:00,28.424999237060547,28.860000610351562,28.424999237060547,28.78499984741211,27.063739776611328,72800,2013-10-10
2013-10-11 13:30:00+00:00,28.815000534057617,29.084999084472656,28.729999542236328,28.985000610351562,27.251781463623047,117800,2013-10-11
2013-10-14 13:30:00+00:00,28.885000228881836,29.415000915527344,28.84000015258789,29.395000457763672,27.63726043701172,247000,2013-10-14
2013-10-15 13:30:00+00:00,29.3700008392334,29.454999923706055,28.989999771118164,29.065000534057617,27.326997756958008,111600,2013-10-15
2013-10-16 13:30:00+00:00,29.270000457763672,29.385000228881836,29.184999465942383,29.350000381469727,27.594947814941406,865200,2013-10-16
2013-10-17 13:30:00+00:00,29.204999923706055,29.364999771118164,28.975000381469727,29.350000381469727,27.594947814941406,46600,2013-10-17
2013-10-18 13:30:00+00:00,29.354999542236328,29.549999237060547,29.165000915527344,29.549999237060547,27.782987594604492,567600,2013-10-18
2013-10-21 13:30:00+00:00,29.584999084472656,29.790000915527344,29.364999771118164,29.670000076293945,27.89580535888672,39400,2013-10-21
2013-10-22 13:30:00+00:00,29.690000534057617,29.690000534057617,29.264999389648438,29.575000762939453,27.806486129760742,167000,2013-10-22
2013-10-23 13:30:00+00:00,28.989999771118164,28.989999771118164,28.239999771118164,28.360000610351562,26.664146423339844,1942600,2013-10-23
2013-10-24 13:30:00+00:00,28.200000762939453,28.405000686645508,28.135000228881836,28.209999084472656,26.523113250732422,1095000,2013-10-24
2013-10-25 13:30:00+00:00,28.3799991607666,28.56999969482422,28.25,28.290000915527344,26.59833526611328,46000,2013-10-25
2013-10-28 13:30:00+00:00,28.344999313354492,28.395000457763672,28.21500015258789,28.3799991607666,26.682947158813477,137200,2013-10-28
2013-10-29 13:30:00+00:00,28.475000381469727,28.729999542236328,28.475000381469727,28.700000762939453,26.98381805419922,82200,2013-10-29
2013-10-30 13:30:00+00:00,28.760000228881836,28.760000228881836,28.204999923706055,28.31999969482422,26.626537322998047,185400,2013-10-30
2013-10-31 13:30:00+00:00,28.3700008392334,29.0,28.3700008392334,28.875,27.148351669311523,66000,2013-10-31
2013-11-01 13:30:00+00:00,28.959999084472656,29.15999984741211,28.75,28.844999313354492,27.120147705078125,100000,2013-11-01
2013-11-04 14:30:00+00:00,29.03499984741211,29.165000915527344,28.829999923706055,28.96500015258789,27.232973098754883,1006200,2013-11-04
2013-11-05 14:30:00+00:00,28.854999542236328,29.03499984741211,28.65999984741211,28.895000457763672,27.16716194152832,65200,2013-11-05
2013-11-06 14:30:00+00:00,29.114999771118164,29.114999771118164,28.739999771118164,28.899999618530273,27.171857833862305,44000,2013-11-06
2013-11-07 14:30:00+00:00,28.924999237060547,28.924999237060547,28.219999313354492,28.235000610351562,26.54662322998047,79600,2013-11-07
2013-11-08 14:30:00+00:00,28.31999969482422,28.614999771118164,28.15999984741211,28.610000610351562,26.899198532104492,133600,2013-11-08
2013-11-11 14:30:00+00:00,28.5,28.6200008392334,28.344999313354492,28.549999237060547,26.842790603637695,77800,2013-11-11
2013-11-12 14:30:00+00:00,28.6299991607666,28.795000076293945,28.565000534057617,28.795000076293945,27.07312774658203,44200,2013-11-12
2013-11-13 14:30:00+00:00,28.709999084472656,29.170000076293945,28.69499969482422,29.170000076293945,27.42570686340332,168200,2013-11-13
2013-11-14 14:30:00+00:00,29.1200008392334,29.170000076293945,28.764999389648438,28.850000381469727,27.124847412109375,44000,2013-11-14
2013-11-15 14:30:00+00:00,28.895000457763672,28.96500015258789,28.670000076293945,28.875,27.148351669311523,16600,2013-11-15
2013-11-18 14:30:00+00:00,28.969999313354492,29.065000534057617,28.635000228881836,28.649999618530273,26.936805725097656,28200,2013-11-18
2013-11-19 14:30:00+00:00,28.71500015258789,28.71500015258789,27.975000381469727,28.010000228881836,26.3350772857666,147200,2013-11-19
2013-11-20 14:30:00+00:00,28.174999237060547,28.239999771118164,27.90999984741211,28.014999389648438,26.339780807495117,37600,2013-11-20
2013-11-21 14:30:00+00:00,28.204999923706055,28.674999237060547,28.204999923706055,28.635000228881836,26.92269515991211,32200,2013-11-21
2013-11-22 14:30:00+00:00,28.665000915527344,28.690000534057617,28.5049991607666,28.665000915527344,26.95091438293457,223600,2013-11-22
2013-11-25 14:30:00+00:00,28.729999542236328,28.729999542236328,28.510000228881836,28.674999237060547,26.960315704345703,12400,2013-11-25
2013-11-26 14:30:00+00:00,28.709999084472656,28.934999465942383,28.645000457763672,28.889999389648438,27.162456512451172,12400,2013-11-26
2013-11-27 14:30:00+00:00,28.815000534057617,29.139999389648438,28.75,29.139999389648438,27.397504806518555,16800,2013-11-27
2013-11-29 14:30:00+00:00,29.25,29.3799991607666,29.110000610351562,29.110000610351562,27.36929702758789,8000,2013-11-29
2013-12-02 14:30:00+00:00,29.014999389648438,29.149999618530273,28.920000076293945,28.920000076293945,27.1906681060791,10800,2013-12-02
2013-12-03 14:30:00+00:00,29.0,29.239999771118164,28.924999237060547,29.024999618530273,27.28937530517578,37400,2013-12-03
2013-12-04 14:30:00+00:00,28.889999389648438,29.219999313354492,28.84000015258789,29.09000015258789,27.350488662719727,15400,2013-12-04
2013-12-05 14:30:00+00:00,29.190000534057617,29.3799991607666,29.190000534057617,29.274999618530273,27.524436950683594,17600,2013-12-05
2013-12-06 14:30:00+00:00,29.575000762939453,29.584999084472656,29.3799991607666,29.3799991607666,27.62315559387207,31400,2013-12-06
2013-12-09 14:30:00+00:00,29.415000915527344,29.520000457763672,29.329999923706055,29.334999084472656,27.580846786499023,31000,2013-12-09
2013-12-10 14:30:00+00:00,29.40999984741211,29.7450008392334,29.40999984741211,29.434999465942383,27.674867630004883,18800,2013-12-10
2013-12-11 14:30:00+00:00,29.5049991607666,29.510000228881836,28.979999542236328,29.010000228881836,27.27528190612793,31800,2013-12-11
2013-12-12 14:30:00+00:00,29.139999389648438,29.139999389648438,28.774999618530273,28.795000076293945,27.07312774658203,16400,2013-12-12
2013-12-13 14:30:00+00:00,28.84000015258789,28.844999313354492,28.594999313354492,28.75,27.03083038330078,35600,2013-12-13
2013-12-16 14:30:00+00:00,29.170000076293945,29.4950008392334,29.170000076293945,29.405000686645508,27.646657943725586,23200,2013-12-16
2013-12-17 14:30:00+00:00,29.475000381469727,29.924999237060547,29.475000381469727,29.829999923706055,28.046239852905273,22800,2013-12-17
2013-12-18 14:30:00+00:00,29.854999542236328,29.885000228881836,29.2450008392334,29.8700008392334,28.0838565826416,27600,2013-12-18
2013-12-19 14:30:00+00:00,29.764999389648438,29.764999389648438,29.479999542236328,29.59000015258789,27.820589065551758,202200,2013-12-19
2013-12-20 14:30:00+00:00,29.639999389648438,29.829999923706055,29.639999389648438,29.700000762939453,27.972232818603516,151000,2013-12-20
2013-12-23 14:30:00+00:00,29.934999465942383,30.094999313354492,29.934999465942383,30.094999313354492,28.344255447387695,34400,2013-12-23
2013-12-24 14:30:00+00:00,30.204999923706055,30.260000228881836,30.170000076293945,30.190000534057617,28.433731079101562,8200,2013-12-24
2013-12-26 14:30:00+00:00,30.274999618530273,30.280000686645508,30.149999618530273,30.18000030517578,28.424306869506836,10600,2013-12-26
2013-12-27 14:30:00+00:00,30.2450008392334,30.295000076293945,30.174999237060547,30.174999237060547,28.419591903686523,14800,2013-12-27
2013-12-30 14:30:00+00:00,30.190000534057617,30.389999389648438,30.190000534057617,30.3799991607666,28.6126651763916,4800,2013-12-30
2013-12-31 14:30:00+00:00,30.43000030517578,30.610000610351562,30.43000030517578,30.55500030517578,28.777496337890625,14200,2013-12-31
2014-01-02 14:30:00+00:00,30.389999389648438,30.389999389648438,30.05500030517578,30.190000534057617,28.433731079101562,13800,2014-01-02
2014-01-03 14:30:00+00:00,30.264999389648438,30.30500030517578,30.104999542236328,30.25,28.490238189697266,18600,2014-01-03
2014-01-06 14:30:00+00:00,30.329999923706055,30.329999923706055,30.0049991607666,30.06999969482422,28.320703506469727,27800,2014-01-06
2014-01-07 14:30:00+00:00,30.18000030517578,30.415000915527344,30.18000030517578,30.274999618530273,28.513774871826172,37400,2014-01-07
2014-01-08 14:30:00+00:00,30.3700008392334,30.540000915527344,30.315000534057617,30.44499969482422,28.67388343811035,33200,2014-01-08
2014-01-09 14:30:00+00:00,30.4950008392334,30.55500030517578,30.049999237060547,30.184999465942383,28.42902374267578,38600,2014-01-09
2014-01-10 14:30:00+00:00,30.225000381469727,30.344999313354492,30.18000030517578,30.31999969482422,28.5561580657959,52200,2014-01-10
2014-01-13 14:30:00+00:00,30.31999969482422,30.424999237060547,29.885000228881836,29.954999923706055,28.21239471435547,46200,2014-01-13
2014-01-14 14:30:00+00:00,30.145000457763672,30.795000076293945,30.145000457763672,30.774999618530273,28.98469352722168,51400,2014-01-14
2014-01-15 14:30:00+00:00,30.889999389648438,31.219999313354492,30.889999389648438,31.110000610351562,29.300209045410156,57000,2014-01-15
2014-01-16 14:30:00+00:00,31.075000762939453,31.125,30.954999923706055,31.059999465942383,29.253116607666016,66200,2014-01-16
2014-01-17 14:30:00+00:00,31.010000228881836,31.280000686645508,30.969999313354492,31.030000686645508,29.224857330322266,57800,2014-01-17
2014-01-21 14:30:00+00:00,31.21500015258789,31.28499984741211,31.09000015258789,31.28499984741211,29.465023040771484,29600,2014-01-21
2014-01-22 14:30:00+00:00,31.225000381469727,31.475000381469727,31.170000076293945,31.43000030517578,29.601594924926758,21800,2014-01-22
2014-01-23 14:30:00+00:00,31.344999313354492,31.344999313354492,30.885000228881836,30.985000610351562,29.182477951049805,42200,2014-01-23
2014-01-24 14:30:00+00:00,30.860000610351562,30.860000610351562,30.19499969482422,30.28499984741211,28.523195266723633,34400,2014-01-24
2014-01-27 14:30:00+00:00,30.264999389648438,30.489999771118164,29.829999923706055,30.114999771118164,28.363088607788086,46800,2014-01-27
2014-01-28 14:30:00+00:00,30.075000762939453,30.229999542236328,29.815000534057617,30.209999084472656,28.452560424804688,36000,2014-01-28
2014-01-29 14:30:00+00:00,30.020000457763672,30.4950008392334,30.020000457763672,30.165000915527344,28.410181045532227,19800,2014-01-29
2014-01-30 14:30:00+00:00,30.40999984741211,30.700000762939453,30.2450008392334,30.610000610351562,28.829296112060547,36200,2014-01-30
2014-01-31 14:30:00+00:00,30.190000534057617,30.59000015258789,30.100000381469727,30.360000610351562,28.593839645385742,34000,2014-01-31
2014-02-03 14:30:00+00:00,30.344999313354492,30.40999984741211,29.344999313354492,29.405000686645508,27.694385528564453,59400,2014-02-03
2014-02-04 14:30:00+00:00,29.545000076293945,29.760000228881836,29.545000076293945,29.700000762939453,27.972232818603516,23200,2014-02-04
2014-02-05 14:30:00+00:00,29.56999969482422,29.725000381469727,29.19499969482422,29.565000534057617,27.8450870513916,36800,2014-02-05
2014-02-06 14:30:00+00:00,29.719999313354492,30.030000686645508,29.719999313354492,29.954999923706055,28.21239471435547,31000,2014-02-06
2014-02-07 14:30:00+00:00,30.079999923706055,30.5,30.079999923706055,30.489999771118164,28.71626853942871,44400,2014-02-07
2014-02-10 14:30:00+00:00,30.360000610351562,30.65999984741211,30.360000610351562,30.639999389648438,28.8575439453125,15200,2014-02-10
2014-02-11 14:30:00+00:00,30.729999542236328,31.06999969482422,30.69499969482422,31.020000457763672,29.21544647216797,49800,2014-02-11
2014-02-12 14:30:00+00:00,31.43000030517578,31.56999969482422,31.264999389648438,31.56999969482422,29.733448028564453,36600,2014-02-12
2014-02-13 14:30:00+00:00,31.350000381469727,31.985000610351562,31.350000381469727,31.920000076293945,30.063081741333008,71600,2014-02-13
2014-02-14 14:30:00+00:00,31.834999084472656,31.985000610351562,31.670000076293945,31.985000610351562,30.12430763244629,37200,2014-02-14
2014-02-18 14:30:00+00:00,32.03499984741211,32.29999923706055,31.93000030517578,32.2599983215332,30.38330841064453,68200,2014-02-18
2014-02-19 14:30:00+00:00,32.310001373291016,32.43000030517578,32.16999816894531,32.18000030517578,30.307960510253906,23800,2014-02-19
2014-02-20 14:30:00+00:00,32.26499938964844,32.560001373291016,32.209999084472656,32.55500030517578,30.66114044189453,29600,2014-02-20
2014-02-21 14:30:00+00:00,32.564998626708984,32.564998626708984,32.25,32.27000045776367,30.39272689819336,49200,2014-02-21
2014-02-24 14:30:00+00:00,32.69499969482422,33.119998931884766,32.69499969482422,33.03499984741211,31.11321449279785,31400,2014-02-24
2014-02-25 14:30:00+00:00,33.01499938964844,33.01499938964844,32.65999984741211,32.915000915527344,31.000198364257812,26200,2014-02-25
2014-02-26 14:30:00+00:00,32.935001373291016,33.435001373291016,32.935001373291016,33.334999084472656,31.395767211914062,46400,2014-02-26
2014-02-27 14:30:00+00:00,33.33000183105469,33.369998931884766,33.119998931884766,33.310001373291016,31.372228622436523,50800,2014-02-27
2014-02-28 14:30:00+00:00,33.459999084472656,33.59000015258789,33.165000915527344,33.334999084472656,31.395767211914062,45600,2014-02-28
2014-03-03 14:30:00+00:00,33.0,33.2599983215332,32.849998474121094,33.150001525878906,31.221532821655273,164000,2014-03-03
2014-03-04 14:30:00+00:00,33.61000061035156,34.05500030517578,33.61000061035156,33.974998474121094,31.998533248901367,48800,2014-03-04
2014-03-05 14:30:00+00:00,34.01499938964844,34.14500045776367,33.92499923706055,34.06999969482422,32.08800506591797,514000,2014-03-05
2014-03-06 14:30:00+00:00,34.2400016784668,34.244998931884766,34.005001068115234,34.154998779296875,32.16807556152344,94800,2014-03-06
2014-03-07 14:30:00+00:00,34.29999923706055,34.30500030517578,34.02000045776367,34.064998626708984,32.08330535888672,28400,2014-03-07
2014-03-10 13:30:00+00:00,34.099998474121094,34.099998474121094,33.76499938964844,33.849998474121094,31.88080406188965,70000,2014-03-10
2014-03-11 13:30:00+00:00,33.939998626708984,34.150001525878906,33.45500183105469,33.51499938964844,31.565288543701172,13800,2014-03-11
2014-03-12 13:30:00+00:00,33.42499923706055,33.755001068115234,33.2400016784668,33.73500061035156,31.772506713867188,26200,2014-03-12
2014-03-13 13:30:00+00:00,33.90999984741211,33.97999954223633,33.08000183105469,33.314998626708984,31.376934051513672,537600,2014-03-13
2014-03-14 13:30:00+00:00,33.224998474121094,33.6150016784668,33.224998474121094,33.4900016784668,31.541744232177734,176000,2014-03-14
2014-03-17 13:30:00+00:00,33.720001220703125,33.939998626708984,33.66999816894531,33.790000915527344,31.824304580688477,44400,2014-03-17
2014-03-18 13:30:00+00:00,33.9900016784668,34.494998931884766,33.83000183105469,34.46500015258789,32.460025787353516,106000,2014-03-18
2014-03-19 13:30:00+00:00,34.459999084472656,34.724998474121094,34.345001220703125,34.46500015258789,32.460025787353516,59000,2014-03-19
2014-03-20 13:30:00+00:00,34.459999084472656,35.095001220703125,34.459999084472656,35.025001525878906,32.98746109008789,197000,2014-03-20
2014-03-21 13:30:00+00:00,35.189998626708984,35.189998626708984,34.45500183105469,34.47999954223633,32.514076232910156,59800,2014-03-21
2014-03-24 13:30:00+00:00,34.625,34.625,34.01499938964844,34.42499923706055,32.462215423583984,111400,2014-03-24
2014-03-25 13:30:00+00:00,34.79499816894531,34.8849983215332,34.25,34.45500183105469,32.49049758911133,156400,2014-03-25
2014-03-26 13:30:00+00:00,34.790000915527344,34.849998474121094,33.8650016784668,33.869998931884766,31.938854217529297,52000,2014-03-26
2014-03-27 13:30:00+00:00,33.79999923706055,34.099998474121094,33.47999954223633,33.63999938964844,31.721960067749023,147200,2014-03-27
2014-03-28 13:30:00+00:00,33.65999984741211,34.19499969482422,33.625,33.68000030517578,31.75968360900879,105000,2014-03-28
2014-03-31 13:30:00+00:00,33.88999938964844,34.46500015258789,33.88999938964844,34.43000030517578,32.46692657470703,225400,2014-03-31
2014-04-01 13:30:00+00:00,34.72999954223633,35.08000183105469,34.599998474121094,35.07500076293945,33.07515335083008,91000,2014-04-01
2014-04-02 13:30:00+00:00,35.22999954223633,35.26499938964844,34.974998474121094,35.18000030517578,33.174171447753906,111800,2014-04-02
2014-04-03 13:30:00+00:00,35.3849983215332,35.57500076293945,34.939998626708984,35.09000015258789,33.08927917480469,127800,2014-04-03
2014-04-04 13:30:00+00:00,35.3849983215332,35.3849983215332,33.7599983215332,33.96500015258789,32.02843475341797,228400,2014-04-04
2014-04-07 13:30:00+00:00,33.94499969482422,34.209999084472656,33.39500045776367,33.685001373291016,31.764400482177734,208400,2014-04-07
2014-04-08 13:30:00+00:00,33.724998474121094,34.345001220703125,33.724998474121094,34.310001373291016,32.35376739501953,50400,2014-04-08
2014-04-09 13:30:00+00:00,34.4900016784668,34.685001373291016,34.25,34.685001373291016,32.707393646240234,50800,2014-04-09
2014-04-10 13:30:00+00:00,34.709999084472656,34.709999084472656,33.4900016784668,33.505001068115234,31.594675064086914,176600,2014-04-10
2014-04-11 13:30:00+00:00,33.244998931884766,33.60499954223633,32.689998626708984,32.85499954223633,30.981727600097656,242200,2014-04-11
2014-04-14 13:30:00+00:00,33.130001068115234,33.32500076293945,32.654998779296875,33.005001068115234,31.12317657470703,289200,2014-04-14
2014-04-15 13:30:00+00:00,33.10499954223633,33.400001525878906,32.56999969482422,33.32500076293945,31.424936294555664,106000,2014-04-15
2014-04-16 13:30:00+00:00,33.23500061035156,33.30500030517578,32.755001068115234,33.22999954223633,31.335338592529297,179000,2014-04-16
2014-04-17 13:30:00+00:00,33.25,33.875,33.1150016784668,33.6349983215332,31.717254638671875,68800,2014-04-17
2014-04-21 13:30:00+00:00,33.82500076293945,34.01499938964844,33.52000045776367,34.0,32.06144714355469,105800,2014-04-21
2014-04-22 13:30:00+00:00,33.974998474121094,34.70500183105469,33.959999084472656,34.599998474121094,32.62723159790039,76000,2014-04-22
2014-04-23 13:30:00+00:00,34.60499954223633,34.75,34.47999954223633,34.52000045776367,32.55180740356445,39800,2014-04-23
2014-04-24 13:30:00+00:00,34.80500030517578,34.92499923706055,34.29499816894531,34.849998474121094,32.86296463012695,98800,2014-04-24
2014-04-25 13:30:00+00:00,34.60499954223633,34.79999923706055,33.779998779296875,33.880001068115234,31.948274612426758,83800,2014-04-25
2014-04-28 13:30:00+00:00,34.03499984741211,34.03499984741211,32.814998626708984,33.494998931884766,31.585241317749023,141000,2014-04-28
2014-04-29 13:30:00+00:00,33.66999816894531,33.72999954223633,33.31999969482422,33.55500030517578,31.641817092895508,62200,2014-04-29
2014-04-30 13:30:00+00:00,33.185001373291016,33.55500030517578,33.09000015258789,33.525001525878906,31.613515853881836,70000,2014-04-30
2014-05-01 13:30:00+00:00,33.54499816894531,34.084999084472656,33.34000015258789,33.5,31.589954376220703,133600,2014-05-01
2014-05-02 13:30:00+00:00,33.57500076293945,33.79499816894531,33.44499969482422,33.53499984741211,31.622968673706055,21400,2014-05-02
2014-05-05 13:30:00+00:00,33.3849983215332,33.70500183105469,33.099998474121094,33.57500076293945,31.66066551208496,113800,2014-05-05
2014-05-06 13:30:00+00:00,33.52000045776367,33.755001068115234,33.220001220703125,33.220001220703125,31.325908660888672,58200,2014-05-06
2014-05-07 13:30:00+00:00,33.30500030517578,33.375,32.84000015258789,33.23500061035156,31.340051651000977,67600,2014-05-07
2014-05-08 13:30:00+00:00,33.185001373291016,33.959999084472656,33.03499984741211,33.21500015258789,31.32119369506836,81600,2014-05-08
2014-05-09 13:30:00+00:00,33.209999084472656,33.290000915527344,32.834999084472656,33.25,31.354204177856445,121400,2014-05-09
2014-05-12 13:30:00+00:00,33.47999954223633,34.18000030517578,33.47999954223633,34.06999969482422,32.12744903564453,250000,2014-05-12
2014-05-13 13:30:00+00:00,34.06999969482422,34.244998931884766,33.724998474121094,33.724998474121094,31.80211067199707,250000,2014-05-13
2014-05-14 13:30:00+00:00,33.60499954223633,33.70000076293945,33.185001373291016,33.189998626708984,31.297624588012695,1681600,2014-05-14
2014-05-15 13:30:00+00:00,33.095001220703125,33.17499923706055,32.44499969482422,32.82500076293945,30.95343589782715,1037000,2014-05-15
2014-05-16 13:30:00+00:00,32.77000045776367,33.06999969482422,32.619998931884766,33.060001373291016,31.175046920776367,122400,2014-05-16
2014-05-19 13:30:00+00:00,33.06999969482422,33.77000045776367,33.060001373291016,33.67499923706055,31.754980087280273,568800,2014-05-19
2014-05-20 13:30:00+00:00,33.56999969482422,33.56999969482422,33.0,33.20000076293945,31.30706787109375,121400,2014-05-20
2014-05-21 13:30:00+00:00,33.349998474121094,33.505001068115234,33.10499954223633,33.36000061035156,31.45793914794922,294000,2014-05-21
2014-05-22 13:30:00+00:00,33.4900016784668,33.8650016784668,33.4900016784668,33.689998626708984,31.769113540649414,489800,2014-05-22
2014-05-23 13:30:00+00:00,33.79499816894531,34.20000076293945,33.6150016784668,34.185001373291016,32.23590087890625,635600,2014-05-23
2014-05-27 13:30:00+00:00,34.35499954223633,34.790000915527344,34.35499954223633,34.70500183105469,32.72624588012695,270400,2014-05-27
2014-05-28 13:30:00+00:00,34.724998474121094,34.95000076293945,34.53499984741211,34.880001068115234,32.89128112792969,183600,2014-05-28
2014-05-29 13:30:00+00:00,35.0,35.19499969482422,34.935001373291016,34.974998474121094,32.980857849121094,859200,2014-05-29
2014-05-30 13:30:00+00:00,35.08000183105469,35.08000183105469,34.755001068115234,34.95500183105469,32.96198654174805,121000,2014-05-30
2014-06-02 13:30:00+00:00,35.14500045776367,35.14500045776367,34.630001068115234,34.915000915527344,32.92428970336914,164400,2014-06-02
2014-06-03 13:30:00+00:00,34.915000915527344,35.17499923706055,34.81999969482422,35.095001220703125,33.0940055847168,24400,2014-06-03
2014-06-04 13:30:00+00:00,35.220001220703125,35.61000061035156,35.19499969482422,35.595001220703125,33.56549072265625,51400,2014-06-04
2014-06-05 13:30:00+00:00,35.630001068115234,35.96500015258789,35.33000183105469,35.8849983215332,33.838966369628906,75200,2014-06-05
2014-06-06 13:30:00+00:00,36.0,36.244998931884766,36.0,36.029998779296875,33.97569274902344,39800,2014-06-06
2014-06-09 13:30:00+00:00,36.314998626708984,36.7400016784668,36.310001373291016,36.4900016784668,34.40947723388672,231600,2014-06-09
2014-06-10 13:30:00+00:00,36.4900016784668,36.880001068115234,36.4900016784668,36.84000015258789,34.73951721191406,72400,2014-06-10
2014-06-11 13:30:00+00:00,36.904998779296875,37.525001525878906,36.904998779296875,37.400001525878906,35.2675895690918,138800,2014-06-11
2014-06-12 13:30:00+00:00,37.39500045776367,37.595001220703125,37.095001220703125,37.244998931884766,35.12141036987305,278200,2014-06-12
2014-06-13 13:30:00+00:00,37.5,37.56999969482422,37.125,37.5099983215332,35.371307373046875,168200,2014-06-13
2014-06-16 13:30:00+00:00,37.650001525878906,37.845001220703125,37.435001373291016,37.810001373291016,35.65420913696289,208600,2014-06-16
2014-06-17 13:30:00+00:00,37.82500076293945,38.48500061035156,37.7400016784668,38.310001373291016,36.125701904296875,408000,2014-06-17
2014-06-18 13:30:00+00:00,38.349998474121094,38.349998474121094,37.75,38.064998626708984,35.89468002319336,301000,2014-06-18
2014-06-19 13:30:00+00:00,38.130001068115234,38.165000915527344,37.584999084472656,37.880001068115234,35.72021484375,333200,2014-06-19
2014-06-20 13:30:00+00:00,37.880001068115234,37.970001220703125,37.78499984741211,37.970001220703125,35.84247970581055,78400,2014-06-20
2014-06-23 13:30:00+00:00,38.025001525878906,38.025001525878906,37.755001068115234,37.810001373291016,35.69142150878906,46200,2014-06-23
2014-06-24 13:30:00+00:00,37.779998779296875,38.03499984741211,37.10499954223633,37.18000030517578,35.096717834472656,931000,2014-06-24
2014-06-25 13:30:00+00:00,37.125,37.41999816894531,36.79499816894531,37.36000061035156,35.26664352416992,352600,2014-06-25
2014-06-26 13:30:00+00:00,37.459999084472656,37.459999084472656,36.85499954223633,37.1349983215332,35.05424118041992,187400,2014-06-26
2014-06-27 13:30:00+00:00,36.970001220703125,37.27000045776367,36.970001220703125,37.255001068115234,35.16754150390625,42800,2014-06-27
2014-06-30 13:30:00+00:00,37.275001525878906,37.654998779296875,37.21500015258789,37.55500030517578,35.45071029663086,133600,2014-06-30
2014-07-01 13:30:00+00:00,37.68000030517578,38.314998626708984,37.68000030517578,38.084999084472656,35.951026916503906,463200,2014-07-01
2014-07-02 13:30:00+00:00,38.13999938964844,38.209999084472656,37.86000061035156,37.94499969482422,35.81886672973633,356200,2014-07-02
2014-07-03 13:30:00+00:00,38.18000030517578,38.375,38.18000030517578,38.29499816894531,36.149253845214844,604000,2014-07-03
2014-07-07 13:30:00+00:00,38.35499954223633,38.35499954223633,37.724998474121094,37.755001068115234,35.6395149230957,192400,2014-07-07
2014-07-08 13:30:00+00:00,37.685001373291016,37.755001068115234,36.935001373291016,37.334999084472656,35.24304962158203,132000,2014-07-08
2014-07-09 13:30:00+00:00,37.459999084472656,37.53499984741211,37.165000915527344,37.48500061035156,35.384647369384766,280600,2014-07-09
2014-07-10 13:30:00+00:00,36.86000061035156,37.505001068115234,36.564998626708984,37.19499969482422,35.11088562011719,135400,2014-07-10
2014-07-11 13:30:00+00:00,37.2599983215332,37.349998474121094,37.18000030517578,37.28499984741211,35.19584655761719,112400,2014-07-11
2014-07-14 13:30:00+00:00,37.58000183105469,37.61000061035156,37.310001373291016,37.44499969482422,35.34687805175781,152800,2014-07-14
2014-07-15 13:30:00+00:00,37.48500061035156,37.560001373291016,36.849998474121094,37.16999816894531,35.087310791015625,126200,2014-07-15
2014-07-16 13:30:00+00:00,37.48500061035156,37.57500076293945,37.244998931884766,37.48500061035156,35.384647369384766,175200,2014-07-16
2014-07-17 13:30:00+00:00,37.380001068115234,37.3849983215332,36.66999816894531,36.7400016784668,34.6813850402832,86400,2014-07-17
2014-07-18 13:30:00+00:00,36.744998931884766,37.48500061035156,36.744998931884766,37.435001373291016,35.337440490722656,295000,2014-07-18
2014-07-21 13:30:00+00:00,37.39500045776367,37.775001525878906,37.310001373291016,37.69499969482422,35.5828742980957,80000,2014-07-21
2014-07-22 13:30:00+00:00,37.95000076293945,38.064998626708984,37.72999954223633,37.994998931884766,35.866050720214844,26800,2014-07-22
2014-07-23 13:30:00+00:00,37.95000076293945,37.95000076293945,36.4900016784668,36.51499938964844,34.46897888183594,139600,2014-07-23
2014-07-24 13:30:00+00:00,36.470001220703125,36.70000076293945,36.345001220703125,36.44499969482422,34.402915954589844,70400,2014-07-24
2014-07-25 13:30:00+00:00,36.185001373291016,36.19499969482422,35.26499938964844,35.310001373291016,33.331520080566406,1007600,2014-07-25
2014-07-28 13:30:00+00:00,35.334999084472656,35.560001373291016,34.90999984741211,35.47999954223633,33.491981506347656,328600,2014-07-28
2014-07-29 13:30:00+00:00,35.61000061035156,35.95500183105469,35.61000061035156,35.64500045776367,33.647735595703125,935000,2014-07-29
2014-07-30 13:30:00+00:00,35.935001373291016,36.060001373291016,35.67499923706055,35.96500015258789,33.94981002807617,129600,2014-07-30
2014-07-31 13:30:00+00:00,35.78499984741211,35.78499984741211,34.79999923706055,34.869998931884766,32.91617202758789,118400,2014-07-31
2014-08-01 13:30:00+00:00,34.845001220703125,35.29499816894531,34.709999084472656,35.13999938964844,33.17103576660156,125400,2014-08-01
2014-08-04 13:30:00+00:00,35.275001525878906,35.35499954223633,34.7599983215332,35.244998931884766,33.270145416259766,92800,2014-08-04
2014-08-05 13:30:00+00:00,35.1150016784668,35.47999954223633,34.959999084472656,35.185001373291016,33.2135124206543,68000,2014-08-05
2014-08-06 13:30:00+00:00,35.04999923706055,35.6150016784668,34.915000915527344,35.38999938964844,33.40701675415039,75600,2014-08-06
2014-08-07 13:30:00+00:00,35.4900016784668,35.540000915527344,34.810001373291016,34.904998779296875,32.94920349121094,172800,2014-08-07
2014-08-08 13:30:00+00:00,35.0,35.31999969482422,34.97999954223633,35.29999923706055,33.32206344604492,26600,2014-08-08
2014-08-11 13:30:00+00:00,35.67499923706055,35.974998474121094,35.44499969482422,35.790000915527344,33.784603118896484,54200,2014-08-11
2014-08-12 13:30:00+00:00,35.810001373291016,35.8849983215332,35.404998779296875,35.6150016784668,33.619422912597656,91600,2014-08-12
2014-08-13 13:30:00+00:00,35.810001373291016,36.040000915527344,35.65999984741211,35.959999084472656,33.94509506225586,36600,2014-08-13
2014-08-14 13:30:00+00:00,36.14500045776367,36.14500045776367,35.93000030517578,35.97999954223633,33.96397399902344,204000,2014-08-14
2014-08-15 13:30:00+00:00,36.26499938964844,36.4900016784668,35.77000045776367,36.1349983215332,34.11027145385742,75400,2014-08-15
2014-08-18 13:30:00+00:00,36.33000183105469,36.55500030517578,36.150001525878906,36.55500030517578,34.506752014160156,133800,2014-08-18
2014-08-19 13:30:00+00:00,36.744998931884766,37.01499938964844,36.744998931884766,36.970001220703125,34.89849853515625,106800,2014-08-19
2014-08-20 13:30:00+00:00,37.0099983215332,37.73500061035156,37.0099983215332,37.69499969482422,35.5828742980957,197000,2014-08-20
2014-08-21 13:30:00+00:00,37.689998626708984,37.84000015258789,37.51499938964844,37.79999923706055,35.681983947753906,209600,2014-08-21
2014-08-22 13:30:00+00:00,37.70000076293945,38.04999923706055,37.54499816894531,37.88999938964844,35.766929626464844,555000,2014-08-22
2014-08-25 13:30:00+00:00,38.08000183105469,38.08000183105469,37.59000015258789,37.70500183105469,35.59231948852539,97400,2014-08-25
2014-08-26 13:30:00+00:00,37.67499923706055,37.814998626708984,37.6150016784668,37.779998779296875,35.66310501098633,85000,2014-08-26
2014-08-27 13:30:00+00:00,37.81999969482422,37.8650016784668,37.525001525878906,37.68000030517578,35.568702697753906,32200,2014-08-27
2014-08-28 13:30:00+00:00,37.5099983215332,37.994998931884766,37.45000076293945,37.935001373291016,35.80942153930664,33400,2014-08-28
2014-08-29 13:30:00+00:00,38.33000183105469,38.560001373291016,38.220001220703125,38.560001373291016,36.399410247802734,34000,2014-08-29
2014-09-02 13:30:00+00:00,38.83000183105469,38.83000183105469,38.40999984741211,38.61000061035156,36.44660186767578,119400,2014-09-02
2014-09-03 13:30:00+00:00,39.025001525878906,39.025001525878906,38.380001068115234,38.44499969482422,36.29084396362305,63200,2014-09-03
2014-09-04 13:30:00+00:00,38.5099983215332,38.93000030517578,38.45500183105469,38.529998779296875,36.3710823059082,80800,2014-09-04
2014-09-05 13:30:00+00:00,38.60499954223633,38.82500076293945,38.525001525878906,38.790000915527344,36.616519927978516,172800,2014-09-05
2014-09-08 13:30:00+00:00,38.79999923706055,39.11000061035156,38.58000183105469,38.779998779296875,36.60707092285156,51200,2014-09-08
2014-09-09 13:30:00+00:00,38.88999938964844,38.88999938964844,38.30500030517578,38.345001220703125,36.19646072387695,57200,2014-09-09
2014-09-10 13:30:00+00:00,38.34000015258789,38.34000015258789,37.88999938964844,38.255001068115234,36.11150360107422,320800,2014-09-10
2014-09-11 13:30:00+00:00,38.334999084472656,38.400001525878906,38.0,38.400001525878906,36.24836730957031,57200,2014-09-11
2014-09-12 13:30:00+00:00,38.3650016784668,38.3650016784668,37.8849983215332,37.9900016784668,35.8613395690918,44000,2014-09-12
2014-09-15 13:30:00+00:00,37.974998474121094,37.974998474121094,37.2599983215332,37.28499984741211,35.19584655761719,88800,2014-09-15
2014-09-16 13:30:00+00:00,37.15999984741211,37.81999969482422,37.119998931884766,37.78499984741211,35.66781997680664,44800,2014-09-16
2014-09-17 13:30:00+00:00,37.82500076293945,38.31999969482422,37.82500076293945,38.084999084472656,35.951026916503906,60000,2014-09-17
2014-09-18 13:30:00+00:00,38.380001068115234,38.755001068115234,38.21500015258789,38.755001068115234,36.58348846435547,60200,2014-09-18
2014-09-19 13:30:00+00:00,38.92499923706055,38.92499923706055,37.95500183105469,38.029998779296875,35.93989944458008,37800,2014-09-19
2014-09-22 13:30:00+00:00,37.915000915527344,37.970001220703125,37.3849983215332,37.400001525878906,35.34452438354492,331400,2014-09-22
2014-09-23 13:30:00+00:00,37.2599983215332,37.73500061035156,37.154998779296875,37.29999923706055,35.250022888183594,189800,2014-09-23
2014-09-24 13:30:00+00:00,37.369998931884766,37.67499923706055,37.2599983215332,37.61000061035156,35.54298782348633,212600,2014-09-24
2014-09-25 13:30:00+00:00,37.5,37.505001068115234,36.82500076293945,36.915000915527344,34.88618850708008,327200,2014-09-25
2014-09-26 13:30:00+00:00,37.11000061035156,37.32500076293945,37.025001525878906,37.29999923706055,35.250022888183594,80400,2014-09-26
2014-09-29 13:30:00+00:00,36.869998931884766,37.39500045776367,36.75,37.2599983215332,35.212223052978516,89000,2014-09-29
2014-09-30 13:30:00+00:00,37.290000915527344,37.290000915527344,36.70500183105469,36.70500183105469,34.6877326965332,143800,2014-09-30
2014-10-01 13:30:00+00:00,36.70500183105469,36.70500183105469,35.720001220703125,35.79499816894531,33.82773971557617,333200,2014-10-01
2014-10-02 13:30:00+00:00,35.779998779296875,35.98500061035156,34.935001373291016,35.849998474121094,33.879722595214844,521000,2014-10-02
2014-10-03 13:30:00+00:00,36.165000915527344,36.26499938964844,35.939998626708984,35.95500183105469,33.97895812988281,277600,2014-10-03
2014-10-06 13:30:00+00:00,36.02000045776367,36.02000045776367,35.26499938964844,35.38999938964844,33.44498825073242,174800,2014-10-06
2014-10-07 13:30:00+00:00,35.14500045776367,35.29499816894531,34.470001220703125,34.470001220703125,32.5755615234375,474000,2014-10-07
2014-10-08 13:30:00+00:00,34.4900016784668,35.35499954223633,34.13999938964844,35.32500076293945,33.38357162475586,204400,2014-10-08
2014-10-09 13:30:00+00:00,35.19499969482422,35.19499969482422,34.0,34.0,32.13139343261719,224600,2014-10-09
2014-10-10 13:30:00+00:00,33.31999969482422,33.31999969482422,31.19499969482422,31.325000762939453,29.603403091430664,326600,2014-10-10
2014-10-13 13:30:00+00:00,31.420000076293945,31.809999465942383,30.69499969482422,30.75,29.06000518798828,509000,2014-10-13
2014-10-14 13:30:00+00:00,30.940000534057617,31.889999389648438,30.8799991607666,31.100000381469727,29.390769958496094,278800,2014-10-14
2014-10-15 13:30:00+00:00,30.55500030517578,31.920000076293945,30.55500030517578,31.65999984741211,29.920000076293945,445600,2014-10-15
2014-10-16 13:30:00+00:00,31.375,32.43000030517578,31.1299991607666,32.279998779296875,30.505922317504883,958200,2014-10-16
2014-10-17 13:30:00+00:00,33.07500076293945,33.22999954223633,32.380001068115234,32.41999816894531,30.63822364807129,235000,2014-10-17
2014-10-20 13:30:00+00:00,32.45500183105469,32.98500061035156,32.45500183105469,32.98500061035156,31.172170639038086,130400,2014-10-20
2014-10-21 13:30:00+00:00,33.38999938964844,33.939998626708984,33.334999084472656,33.915000915527344,32.05107498168945,188800,2014-10-21
2014-10-22 13:30:00+00:00,33.9900016784668,34.119998931884766,33.22999954223633,33.22999954223633,31.403709411621094,335400,2014-10-22
2014-10-23 13:30:00+00:00,33.53499984741211,34.244998931884766,33.53499984741211,33.95500183105469,32.08885955810547,111600,2014-10-23
2014-10-24 13:30:00+00:00,33.814998626708984,34.17499923706055,33.720001220703125,34.07500076293945,32.202266693115234,245400,2014-10-24
2014-10-27 13:30:00+00:00,33.974998474121094,34.119998931884766,33.56999969482422,34.03499984741211,32.16445541381836,63200,2014-10-27
2014-10-28 13:30:00+00:00,34.369998931884766,35.02000045776367,34.33000183105469,35.02000045776367,33.095333099365234,105000,2014-10-28
2014-10-29 13:30:00+00:00,35.0,35.165000915527344,34.55500030517578,34.974998474121094,33.05279541015625,197000,2014-10-29
2014-10-30 13:30:00+00:00,34.95000076293945,34.95000076293945,33.849998474121094,34.42499923706055,32.533023834228516,147200,2014-10-30
2014-10-31 13:30:00+00:00,35.400001525878906,36.29499816894531,35.400001525878906,36.05500030517578,34.07344436645508,569200,2014-10-31
2014-11-03 14:30:00+00:00,36.154998779296875,36.51499938964844,36.04999923706055,36.16999816894531,34.18212890625,163600,2014-11-03
2014-11-04 14:30:00+00:00,36.11000061035156,36.35499954223633,35.80500030517578,36.064998626708984,34.082908630371094,80200,2014-11-04
2014-11-05 14:30:00+00:00,36.084999084472656,36.54499816894531,35.9900016784668,36.529998779296875,34.522342681884766,308800,2014-11-05
2014-11-06 14:30:00+00:00,36.474998474121094,36.71500015258789,36.189998626708984,36.404998779296875,34.404205322265625,175600,2014-11-06
2014-11-07 14:30:00+00:00,36.38999938964844,36.38999938964844,35.6349983215332,36.04499816894531,34.063995361328125,74600,2014-11-07
2014-11-10 14:30:00+00:00,36.1349983215332,36.415000915527344,36.02000045776367,36.310001373291016,34.31444549560547,97400,2014-11-10
2014-11-11 14:30:00+00:00,36.32500076293945,36.34000015258789,36.119998931884766,36.209999084472656,34.219932556152344,39400,2014-11-11
2014-11-12 14:30:00+00:00,36.18000030517578,36.275001525878906,36.01499938964844,36.255001068115234,34.262454986572266,19200,2014-11-12
2014-11-13 14:30:00+00:00,36.290000915527344,36.404998779296875,35.85499954223633,35.88999938964844,33.91751480102539,228600,2014-11-13
2014-11-14 14:30:00+00:00,35.8849983215332,36.21500015258789,35.525001525878906,36.16999816894531,34.18212890625,261200,2014-11-14
2014-11-17 14:30:00+00:00,36.08000183105469,36.125,35.56999969482422,35.81999969482422,33.85136413574219,28800,2014-11-17
2014-11-18 14:30:00+00:00,35.8650016784668,36.75,35.8650016784668,36.55500030517578,34.54597473144531,123000,2014-11-18
2014-11-19 14:30:00+00:00,36.5,36.5,36.01499938964844,36.185001373291016,34.19630813598633,49200,2014-11-19
2014-11-20 14:30:00+00:00,36.0,36.54999923706055,35.81999969482422,36.53499984741211,34.52705383300781,55000,2014-11-20
2014-11-21 14:30:00+00:00,36.994998931884766,37.04499816894531,36.70500183105469,36.8650016784668,34.83892822265625,69800,2014-11-21
2014-11-24 14:30:00+00:00,37.095001220703125,37.34000015258789,36.98500061035156,37.34000015258789,35.28782653808594,475600,2014-11-24
2014-11-25 14:30:00+00:00,37.48500061035156,37.505001068115234,37.21500015258789,37.2599983215332,35.212223052978516,49800,2014-11-25
2014-11-26 14:30:00+00:00,37.275001525878906,38.125,37.275001525878906,38.099998474121094,36.006065368652344,49400,2014-11-26
2014-11-28 14:30:00+00:00,38.22999954223633,38.22999954223633,37.744998931884766,37.85499954223633,35.774513244628906,61800,2014-11-28
2014-12-01 14:30:00+00:00,37.75,37.915000915527344,37.04999923706055,37.1150016784668,35.07520294189453,810800,2014-12-01
2014-12-02 14:30:00+00:00,37.439998626708984,37.93000030517578,37.38999938964844,37.92499923706055,35.84067916870117,206000,2014-12-02
2014-12-03 14:30:00+00:00,38.040000915527344,38.92499923706055,38.040000915527344,38.86000061035156,36.72431182861328,72000,2014-12-03
2014-12-04 14:30:00+00:00,39.005001068115234,39.119998931884766,38.75,39.04999923706055,36.90384292602539,115400,2014-12-04
2014-12-05 14:30:00+00:00,39.23500061035156,39.68000030517578,39.16999816894531,39.65999984741211,37.48031997680664,89400,2014-12-05
2014-12-08 14:30:00+00:00,39.630001068115234,39.70500183105469,38.654998779296875,38.95000076293945,36.80934143066406,93000,2014-12-08
2014-12-09 14:30:00+00:00,38.415000915527344,39.3650016784668,38.2599983215332,39.3650016784668,37.2015495300293,121800,2014-12-09
2014-12-10 14:30:00+00:00,39.334999084472656,39.474998474121094,38.5099983215332,38.56999969482422,36.450233459472656,375200,2014-12-10
2014-12-11 14:30:00+00:00,38.78499984741211,39.29999923706055,38.78499984741211,38.915000915527344,36.77627182006836,174600,2014-12-11
2014-12-12 14:30:00+00:00,38.529998779296875,39.005001068115234,38.474998474121094,38.474998474121094,36.360450744628906,151800,2014-12-12
2014-12-15 14:30:00+00:00,38.790000915527344,39.314998626708984,38.2400016784668,38.439998626708984,36.32737350463867,268000,2014-12-15
2014-12-16 14:30:00+00:00,38.17499923706055,39.040000915527344,38.130001068115234,38.2599983215332,36.157257080078125,223400,2014-12-16
2014-12-17 14:30:00+00:00,38.345001220703125,39.01499938964844,37.91999816894531,38.96500015258789,36.823524475097656,506000,2014-12-17
2014-12-18 14:30:00+00:00,39.5,39.630001068115234,39.255001068115234,39.630001068115234,37.45197677612305,166000,2014-12-18
2014-12-19 14:30:00+00:00,39.75,39.75,39.09000015258789,39.540000915527344,37.42122268676758,256200,2014-12-19
2014-12-22 14:30:00+00:00,39.70000076293945,40.29499816894531,39.53499984741211,40.29499816894531,38.1357421875,79800,2014-12-22
2014-12-23 14:30:00+00:00,40.564998626708984,40.709999084472656,39.97999954223633,40.06999969482422,37.92281723022461,122400,2014-12-23
2014-12-24 14:30:00+00:00,40.14500045776367,40.435001373291016,40.04999923706055,40.30500030517578,38.14522171020508,44200,2014-12-24
2014-12-26 14:30:00+00:00,40.650001525878906,40.650001525878906,40.23500061035156,40.380001068115234,38.216182708740234,54600,2014-12-26
2014-12-29 14:30:00+00:00,40.36000061035156,40.36000061035156,40.084999084472656,40.19499969482422,38.04111099243164,67800,2014-12-29
2014-12-30 14:30:00+00:00,40.19499969482422,40.19499969482422,40.0,40.064998626708984,37.91807556152344,255400,2014-12-30
2014-12-31 14:30:00+00:00,40.05500030517578,40.43000030517578,39.85499954223633,39.8650016784668,37.72880935668945,48000,2014-12-31
2015-01-02 14:30:00+00:00,39.9900016784668,40.27000045776367,39.43000030517578,39.900001525878906,37.76191329956055,226400,2015-01-02
2015-01-05 14:30:00+00:00,39.6349983215332,39.75,38.98500061035156,39.040000915527344,36.94800567626953,103800,2015-01-05
2015-01-06 14:30:00+00:00,39.0,39.064998626708984,37.80500030517578,38.084999084472656,36.04418182373047,674200,2015-01-06
2015-01-07 14:30:00+00:00,38.36000061035156,38.7599983215332,38.19499969482422,38.599998474121094,36.531585693359375,2078800,2015-01-07
2015-01-08 14:30:00+00:00,38.94499969482422,39.875,38.94499969482422,39.79499816894531,37.66254806518555,130200,2015-01-08
2015-01-09 14:30:00+00:00,40.13999938964844,40.13999938964844,39.474998474121094,39.915000915527344,37.7761116027832,73400,2015-01-09
2015-01-12 14:30:00+00:00,40.064998626708984,40.064998626708984,39.20000076293945,39.51499938964844,37.39754104614258,124800,2015-01-12
2015-01-13 14:30:00+00:00,39.814998626708984,40.45000076293945,39.01499938964844,39.290000915527344,37.184608459472656,83200,2015-01-13
2015-01-14 14:30:00+00:00,38.900001525878906,39.525001525878906,38.55500030517578,38.95500183105469,36.8675537109375,221400,2015-01-14
2015-01-15 14:30:00+00:00,39.369998931884766,39.369998931884766,38.05500030517578,38.060001373291016,36.02052307128906,508800,2015-01-15
2015-01-16 14:30:00+00:00,37.959999084472656,38.70500183105469,37.93000030517578,38.66999816894531,36.59783172607422,865000,2015-01-16
2015-01-20 14:30:00+00:00,39.06999969482422,39.06999969482422,38.51499938964844,38.904998779296875,36.82024002075195,70000,2015-01-20
2015-01-21 14:30:00+00:00,38.849998474121094,39.599998474121094,38.755001068115234,39.43000030517578,37.31710433959961,50400,2015-01-21
2015-01-22 14:30:00+00:00,39.834999084472656,39.849998474121094,38.73500061035156,39.82500076293945,37.69093704223633,155000,2015-01-22
2015-01-23 14:30:00+00:00,39.790000915527344,40.209999084472656,39.72999954223633,39.994998931884766,37.85183334350586,54800,2015-01-23
2015-01-26 14:30:00+00:00,39.95000076293945,40.44499969482422,39.72999954223633,40.35499954223633,38.19254684448242,127400,2015-01-26
2015-01-27 14:30:00+00:00,39.994998931884766,40.375,39.7400016784668,40.084999084472656,37.937015533447266,62800,2015-01-27
2015-01-28 14:30:00+00:00,40.560001373291016,40.93000030517578,39.935001373291016,39.96500015258789,37.823448181152344,143400,2015-01-28
2015-01-29 14:30:00+00:00,39.96500015258789,40.435001373291016,39.45500183105469,40.40999984741211,38.24459457397461,173400,2015-01-29
2015-01-30 14:30:00+00:00,40.32500076293945,40.625,39.689998626708984,39.69499969482422,37.56791305541992,59800,2015-01-30
2015-02-02 14:30:00+00:00,39.875,39.8849983215332,38.959999084472656,39.76499938964844,37.634151458740234,82600,2015-02-02
2015-02-03 14:30:00+00:00,39.90999984741211,40.70500183105469,39.90999984741211,40.689998626708984,38.50958251953125,51600,2015-02-03
2015-02-04 14:30:00+00:00,40.435001373291016,41.08000183105469,40.435001373291016,40.83000183105469,38.64209747314453,63200,2015-02-04
2015-02-05 14:30:00+00:00,40.974998474121094,41.150001525878906,40.810001373291016,41.099998474121094,38.89762496948242,233400,2015-02-05
2015-02-06 14:30:00+00:00,41.029998779296875,41.560001373291016,40.8650016784668,40.9900016784668,38.79351806640625,81800,2015-02-06
2015-02-09 14:30:00+00:00,40.834999084472656,40.8849983215332,40.45000076293945,40.6349983215332,38.45753860473633,40200,2015-02-09
2015-02-10 14:30:00+00:00,40.9900016784668,41.56999969482422,40.71500015258789,41.560001373291016,39.33297348022461,53200,2015-02-10
2015-02-11 14:30:00+00:00,41.64500045776367,41.900001525878906,41.439998626708984,41.76499938964844,39.5269660949707,101600,2015-02-11
2015-02-12 14:30:00+00:00,42.150001525878906,42.38999938964844,42.005001068115234,42.3849983215332,40.11376190185547,103200,2015-02-12
2015-02-13 14:30:00+00:00,42.63999938964844,42.82500076293945,42.18000030517578,42.650001525878906,40.36455535888672,197000,2015-02-13
2015-02-17 14:30:00+00:00,42.625,42.86000061035156,42.494998931884766,42.7400016784668,40.449745178222656,233800,2015-02-17
2015-02-18 14:30:00+00:00,42.79999923706055,42.86000061035156,42.46500015258789,42.595001220703125,40.31251907348633,105800,2015-02-18
2015-02-19 14:30:00+00:00,42.54999923706055,42.665000915527344,42.369998931884766,42.58000183105469,40.298301696777344,89200,2015-02-19
2015-02-20 14:30:00+00:00,42.619998931884766,42.849998474121094,42.349998474121094,42.78499984741211,40.4923210144043,74800,2015-02-20
2015-02-23 14:30:00+00:00,42.73500061035156,42.76499938964844,42.415000915527344,42.630001068115234,40.34563064575195,76400,2015-02-23
2015-02-24 14:30:00+00:00,42.95000076293945,43.689998626708984,42.84000015258789,43.65999984741211,41.320438385009766,386600,2015-02-24
2015-02-25 14:30:00+00:00,43.60499954223633,43.720001220703125,43.400001525878906,43.494998931884766,41.16429138183594,103200,2015-02-25
2015-02-26 14:30:00+00:00,43.630001068115234,44.03499984741211,43.595001220703125,43.98500061035156,41.62800598144531,76600,2015-02-26
2015-02-27 14:30:00+00:00,44.04999923706055,44.10499954223633,43.75,43.98500061035156,41.62800598144531,74600,2015-02-27
2015-03-02 14:30:00+00:00,44.20000076293945,45.150001525878906,44.20000076293945,45.11000061035156,42.6927375793457,293600,2015-03-02
2015-03-03 14:30:00+00:00,45.01499938964844,45.01499938964844,44.380001068115234,44.439998626708984,42.05863571166992,274200,2015-03-03
2015-03-04 14:30:00+00:00,44.369998931884766,44.59000015258789,44.0099983215332,44.53499984741211,42.14854431152344,338000,2015-03-04
2015-03-05 14:30:00+00:00,44.68000030517578,44.744998931884766,44.30500030517578,44.560001373291016,42.17220687866211,196600,2015-03-05
2015-03-06 14:30:00+00:00,44.459999084472656,44.60499954223633,44.099998474121094,44.290000915527344,41.91667556762695,140800,2015-03-06
2015-03-09 13:30:00+00:00,44.5,44.54499816894531,44.19499969482422,44.474998474121094,42.09176254272461,76400,2015-03-09
2015-03-10 13:30:00+00:00,44.14500045776367,44.255001068115234,43.82500076293945,43.82500076293945,41.476593017578125,90000,2015-03-10
2015-03-11 13:30:00+00:00,43.974998474121094,44.275001525878906,43.775001525878906,43.89500045776367,41.5428466796875,179000,2015-03-11
2015-03-12 13:30:00+00:00,43.650001525878906,44.150001525878906,43.57500076293945,44.119998931884766,41.75579071044922,109600,2015-03-12
2015-03-13 13:30:00+00:00,44.11000061035156,44.22999954223633,43.63999938964844,44.08000183105469,41.717926025390625,86800,2015-03-13
2015-03-16 13:30:00+00:00,44.369998931884766,44.71500015258789,44.369998931884766,44.69499969482422,42.29997253417969,217200,2015-03-16
2015-03-17 13:30:00+00:00,44.54499816894531,44.68000030517578,44.14500045776367,44.48500061035156,42.10123825073242,78600,2015-03-17
2015-03-18 13:30:00+00:00,44.41999816894531,44.939998626708984,43.90999984741211,44.70500183105469,42.30943298339844,2315800,2015-03-18
2015-03-19 13:30:00+00:00,44.619998931884766,45.130001068115234,44.6150016784668,45.04999923706055,42.63594055175781,296800,2015-03-19
2015-03-20 13:30:00+00:00,45.60499954223633,45.64500045776367,45.10499954223633,45.560001373291016,43.163658142089844,293600,2015-03-20
2015-03-23 13:30:00+00:00,45.58000183105469,45.58000183105469,45.345001220703125,45.345001220703125,42.9599609375,170000,2015-03-23
2015-03-24 13:30:00+00:00,45.57500076293945,45.57500076293945,44.98500061035156,45.0099983215332,42.64258575439453,112000,2015-03-24
2015-03-25 13:30:00+00:00,45.03499984741211,45.03499984741211,42.89500045776367,42.93000030517578,40.67198944091797,143400,2015-03-25
2015-03-26 13:30:00+00:00,42.3849983215332,42.880001068115234,41.82500076293945,42.61000061035156,40.368831634521484,200200,2015-03-26
2015-03-27 13:30:00+00:00,42.654998779296875,44.0,42.470001220703125,43.959999084472656,41.64781951904297,111200,2015-03-27
2015-03-30 13:30:00+00:00,44.19499969482422,44.38999938964844,43.8650016784668,44.3650016784668,42.0315055847168,226200,2015-03-30
2015-03-31 13:30:00+00:00,44.15999984741211,44.15999984741211,43.064998626708984,43.84000015258789,41.534141540527344,172000,2015-03-31
2015-04-01 13:30:00+00:00,43.70000076293945,43.70000076293945,43.005001068115234,43.45000076293945,41.16464614868164,431000,2015-04-01
2015-04-02 13:30:00+00:00,43.47999954223633,43.7400016784668,43.32500076293945,43.369998931884766,41.08884048461914,126200,2015-04-02
2015-04-06 13:30:00+00:00,43.0,43.55500030517578,42.7599983215332,43.45500183105469,41.169376373291016,94600,2015-04-06
2015-04-07 13:30:00+00:00,43.5099983215332,43.849998474121094,43.400001525878906,43.404998779296875,41.122005462646484,83600,2015-04-07
2015-04-08 13:30:00+00:00,43.36000061035156,43.790000915527344,43.36000061035156,43.71500015258789,41.415679931640625,110200,2015-04-08
2015-04-09 13:30:00+00:00,43.52000045776367,44.189998626708984,43.5099983215332,44.16999816894531,41.84677505493164,32000,2015-04-09
2015-04-10 13:30:00+00:00,44.275001525878906,44.35499954223633,44.125,44.35499954223633,42.02202224731445,151400,2015-04-10
2015-04-13 13:30:00+00:00,44.334999084472656,44.560001373291016,44.22999954223633,44.275001525878906,41.94625473022461,47400,2015-04-13
2015-04-14 13:30:00+00:00,44.25,44.25,43.53499984741211,43.67499923706055,41.377811431884766,120600,2015-04-14
2015-04-15 13:30:00+00:00,43.91999816894531,44.625,43.91999816894531,44.57500076293945,42.23046875,73800,2015-04-15
2015-04-16 13:30:00+00:00,44.375,44.79999923706055,44.375,44.76499938964844,42.41046905517578,77600,2015-04-16
2015-04-17 13:30:00+00:00,44.32500076293945,44.375,43.625,43.904998779296875,41.5957145690918,58800,2015-04-17
2015-04-20 13:30:00+00:00,44.10499954223633,44.380001068115234,44.025001525878906,44.27000045776367,41.94150161743164,108000,2015-04-20
2015-04-21 13:30:00+00:00,44.53499984741211,44.564998626708984,44.334999084472656,44.48500061035156,42.14519500732422,54200,2015-04-21
2015-04-22 13:30:00+00:00,44.650001525878906,44.650001525878906,44.07500076293945,44.54999923706055,42.20677947998047,40400,2015-04-22
2015-04-23 13:30:00+00:00,44.185001373291016,44.185001373291016,43.689998626708984,44.025001525878906,41.70939254760742,79400,2015-04-23
2015-04-24 13:30:00+00:00,43.60499954223633,43.96500015258789,42.435001373291016,42.56999969482422,40.33091354370117,299600,2015-04-24
2015-04-27 13:30:00+00:00,42.61000061035156,43.290000915527344,42.53499984741211,42.6349983215332,40.392494201660156,138600,2015-04-27
2015-04-28 13:30:00+00:00,42.61000061035156,42.834999084472656,42.04999923706055,42.834999084472656,40.58197784423828,98600,2015-04-28
2015-04-29 13:30:00+00:00,42.724998474121094,42.994998931884766,42.40999984741211,42.779998779296875,40.529876708984375,119600,2015-04-29
2015-04-30 13:30:00+00:00,42.720001220703125,42.869998931884766,42.154998779296875,42.334999084472656,40.1082878112793,220400,2015-04-30
2015-05-01 13:30:00+00:00,42.54999923706055,43.29999923706055,42.54999923706055,43.29499816894531,41.01779556274414,159400,2015-05-01
2015-05-04 13:30:00+00:00,43.42499923706055,43.529998779296875,43.17499923706055,43.34000015258789,41.0604248046875,82200,2015-05-04
2015-05-05 13:30:00+00:00,43.224998474121094,43.224998474121094,42.380001068115234,42.470001220703125,40.236183166503906,82600,2015-05-05
2015-05-06 13:30:00+00:00,42.564998626708984,42.7599983215332,42.17499923706055,42.560001373291016,40.321441650390625,63400,2015-05-06
2015-05-07 13:30:00+00:00,42.79499816894531,43.189998626708984,42.724998474121094,43.1349983215332,40.866207122802734,37000,2015-05-07
2015-05-08 13:30:00+00:00,43.40999984741211,43.66999816894531,43.3650016784668,43.470001220703125,41.1835823059082,239200,2015-05-08
2015-05-11 13:30:00+00:00,43.44499969482422,43.75,43.34000015258789,43.560001373291016,41.268863677978516,43800,2015-05-11
2015-05-12 13:30:00+00:00,43.255001068115234,43.52000045776367,43.005001068115234,43.404998779296875,41.122005462646484,27800,2015-05-12
2015-05-13 13:30:00+00:00,43.55500030517578,43.91999816894531,43.435001373291016,43.505001068115234,41.216739654541016,26200,2015-05-13
2015-05-14 13:30:00+00:00,43.77000045776367,44.25,43.744998931884766,44.1349983215332,41.813602447509766,211000,2015-05-14
2015-05-15 13:30:00+00:00,44.15999984741211,44.19499969482422,43.89500045776367,44.130001068115234,41.80887222290039,114200,2015-05-15
2015-05-18 13:30:00+00:00,44.2599983215332,44.93000030517578,44.16999816894531,44.91999816894531,42.55730438232422,56200,2015-05-18
2015-05-19 13:30:00+00:00,44.9900016784668,45.095001220703125,44.46500015258789,44.58000183105469,42.235198974609375,63800,2015-05-19
2015-05-20 13:30:00+00:00,44.654998779296875,44.935001373291016,44.474998474121094,44.595001220703125,42.24941635131836,496800,2015-05-20
2015-05-21 13:30:00+00:00,44.904998779296875,44.904998779296875,44.474998474121094,44.755001068115234,42.40099334716797,88400,2015-05-21
2015-05-22 13:30:00+00:00,44.88999938964844,45.119998931884766,44.86000061035156,45.029998779296875,42.661529541015625,34800,2015-05-22
2015-05-26 13:30:00+00:00,45.060001373291016,45.060001373291016,44.20500183105469,44.400001525878906,42.06467056274414,220600,2015-05-26
2015-05-27 13:30:00+00:00,44.54499816894531,46.095001220703125,44.470001220703125,46.060001373291016,43.637367248535156,193800,2015-05-27
2015-05-28 13:30:00+00:00,46.05500030517578,46.220001220703125,45.724998474121094,45.9900016784668,43.57103729248047,315400,2015-05-28
2015-05-29 13:30:00+00:00,46.04999923706055,46.28499984741211,45.790000915527344,46.03499984741211,43.613677978515625,113400,2015-05-29
2015-06-01 13:30:00+00:00,46.290000915527344,46.435001373291016,45.814998626708984,46.16999816894531,43.741554260253906,128600,2015-06-01
2015-06-02 13:30:00+00:00,46.185001373291016,46.185001373291016,45.720001220703125,45.8650016784668,43.452606201171875,60400,2015-06-02
2015-06-03 13:30:00+00:00,46.095001220703125,46.26499938964844,45.8650016784668,45.90999984741211,43.49524688720703,85200,2015-06-03
2015-06-04 13:30:00+00:00,46.0,46.0,45.630001068115234,45.689998626708984,43.286827087402344,110800,2015-06-04
2015-06-05 13:30:00+00:00,45.685001373291016,45.95000076293945,45.224998474121094,45.900001525878906,43.48576354980469,84400,2015-06-05
2015-06-08 13:30:00+00:00,45.93000030517578,45.93000030517578,44.80500030517578,45.025001525878906,42.65678787231445,71800,2015-06-08
2015-06-09 13:30:00+00:00,45.07500076293945,45.125,44.57500076293945,45.029998779296875,42.661529541015625,53600,2015-06-09
2015-06-10 13:30:00+00:00,45.334999084472656,45.83000183105469,45.28499984741211,45.76499938964844,43.357887268066406,381000,2015-06-10
2015-06-11 13:30:00+00:00,45.97999954223633,45.97999954223633,45.57500076293945,45.779998779296875,43.3720817565918,52000,2015-06-11
2015-06-12 13:30:00+00:00,45.779998779296875,45.779998779296875,45.31999969482422,45.4900016784668,43.09735107421875,51800,2015-06-12
2015-06-15 13:30:00+00:00,45.150001525878906,45.689998626708984,44.82500076293945,45.57500076293945,43.17787551879883,56600,2015-06-15
2015-06-16 13:30:00+00:00,45.45000076293945,45.80500030517578,45.39500045776367,45.70500183105469,43.3010368347168,110000,2015-06-16
2015-06-17 13:30:00+00:00,46.084999084472656,46.084999084472656,45.625,45.81999969482422,43.40998077392578,169000,2015-06-17
2015-06-18 13:30:00+00:00,45.935001373291016,46.48500061035156,45.935001373291016,46.36000061035156,43.92158508300781,51800,2015-06-18
2015-06-19 13:30:00+00:00,46.439998626708984,46.439998626708984,45.875,46.13999938964844,43.772640228271484,52800,2015-06-19
2015-06-22 13:30:00+00:00,46.439998626708984,46.439998626708984,45.95500183105469,46.275001525878906,43.90070724487305,59800,2015-06-22
2015-06-23 13:30:00+00:00,46.279998779296875,46.380001068115234,45.970001220703125,46.13999938964844,43.772640228271484,47800,2015-06-23
2015-06-24 13:30:00+00:00,46.1150016784668,46.119998931884766,45.584999084472656,45.66999816894531,43.32674789428711,62200,2015-06-24
2015-06-25 13:30:00+00:00,45.77000045776367,45.77000045776367,45.39500045776367,45.45500183105469,43.122772216796875,52000,2015-06-25
2015-06-26 13:30:00+00:00,45.400001525878906,45.400001525878906,44.01499938964844,44.20500183105469,41.93692398071289,66400,2015-06-26
2015-06-29 13:30:00+00:00,43.92499923706055,43.94499969482422,42.915000915527344,42.96500015258789,40.76054382324219,110800,2015-06-29
2015-06-30 13:30:00+00:00,43.38999938964844,43.38999938964844,42.93000030517578,43.04499816894531,40.836421966552734,65400,2015-06-30
2015-07-01 13:30:00+00:00,43.45500183105469,43.68000030517578,42.720001220703125,42.790000915527344,40.59451675415039,183800,2015-07-01
2015-07-02 13:30:00+00:00,42.915000915527344,43.099998474121094,42.744998931884766,42.974998474121094,40.770023345947266,92400,2015-07-02
2015-07-06 13:30:00+00:00,42.54999923706055,42.814998626708984,41.88999938964844,42.13999938964844,39.97787094116211,315000,2015-07-06
2015-07-07 13:30:00+00:00,41.845001220703125,42.0,40.540000915527344,41.86000061035156,39.71223831176758,290200,2015-07-07
2015-07-08 13:30:00+00:00,41.45500183105469,41.45500183105469,40.630001068115234,40.84000015258789,38.74456024169922,164000,2015-07-08
2015-07-09 13:30:00+00:00,41.244998931884766,41.505001068115234,40.150001525878906,40.154998779296875,38.09471130371094,288200,2015-07-09
2015-07-10 13:30:00+00:00,40.654998779296875,40.95500183105469,40.54499816894531,40.810001373291016,38.71611022949219,332400,2015-07-10
2015-07-13 13:30:00+00:00,41.07500076293945,41.279998779296875,40.84000015258789,41.099998474121094,38.991214752197266,277000,2015-07-13
2015-07-14 13:30:00+00:00,41.38999938964844,41.709999084472656,41.33000183105469,41.665000915527344,39.5272331237793,187200,2015-07-14
2015-07-15 13:30:00+00:00,41.775001525878906,41.775001525878906,41.05500030517578,41.185001373291016,39.07187271118164,125200,2015-07-15
2015-07-16 13:30:00+00:00,41.42499923706055,41.42499923706055,40.845001220703125,41.119998931884766,39.01020431518555,89000,2015-07-16
2015-07-17 13:30:00+00:00,41.1349983215332,41.13999938964844,40.665000915527344,40.959999084472656,38.8584098815918,104400,2015-07-17
2015-07-20 13:30:00+00:00,41.005001068115234,41.02000045776367,40.45000076293945,40.46500015258789,38.388816833496094,224600,2015-07-20
2015-07-21 13:30:00+00:00,40.400001525878906,40.84000015258789,40.34000015258789,40.51499938964844,38.436248779296875,225400,2015-07-21
2015-07-22 13:30:00+00:00,40.11000061035156,40.11000061035156,39.0,39.474998474121094,37.4495964050293,268400,2015-07-22
2015-07-23 13:30:00+00:00,39.790000915527344,40.810001373291016,39.779998779296875,40.255001068115234,38.1895866394043,117000,2015-07-23
2015-07-24 13:30:00+00:00,40.290000915527344,40.349998474121094,39.349998474121094,39.439998626708984,37.41639709472656,131400,2015-07-24
2015-07-27 13:30:00+00:00,39.099998474121094,39.34000015258789,38.625,39.005001068115234,37.00371551513672,178400,2015-07-27
2015-07-28 13:30:00+00:00,39.22999954223633,40.04999923706055,38.790000915527344,39.790000915527344,37.74843978881836,150400,2015-07-28
2015-07-29 13:30:00+00:00,39.63999938964844,40.10499954223633,39.48500061035156,40.03499984741211,37.98087692260742,251600,2015-07-29
2015-07-30 13:30:00+00:00,39.869998931884766,40.189998626708984,39.69499969482422,40.10499954223633,38.04729080200195,43600,2015-07-30
2015-07-31 13:30:00+00:00,40.17499923706055,40.17499923706055,39.665000915527344,39.720001220703125,37.68203353881836,61400,2015-07-31
2015-08-03 13:30:00+00:00,39.869998931884766,39.869998931884766,39.27000045776367,39.55500030517578,37.525508880615234,49800,2015-08-03
2015-08-04 13:30:00+00:00,39.55500030517578,39.55500030517578,38.94499969482422,39.19499969482422,37.1839714050293,277400,2015-08-04
2015-08-05 13:30:00+00:00,39.48500061035156,40.224998474121094,39.48500061035156,39.85499954223633,37.81011199951172,109000,2015-08-05
2015-08-06 13:30:00+00:00,39.94499969482422,39.94499969482422,38.939998626708984,39.345001220703125,37.32627868652344,69600,2015-08-06
2015-08-07 13:30:00+00:00,39.334999084472656,39.650001525878906,39.13999938964844,39.650001525878906,37.61562728881836,76600,2015-08-07
2015-08-10 13:30:00+00:00,39.90999984741211,40.595001220703125,39.75,40.44499969482422,38.369834899902344,61000,2015-08-10
2015-08-11 13:30:00+00:00,40.04499816894531,40.150001525878906,39.25,39.380001068115234,37.3594856262207,46000,2015-08-11
2015-08-12 13:30:00+00:00,39.06999969482422,39.900001525878906,38.625,39.685001373291016,37.64882278442383,106200,2015-08-12
2015-08-13 13:30:00+00:00,39.70000076293945,39.85499954223633,39.29999923706055,39.31999969482422,37.302555084228516,38600,2015-08-13
2015-08-14 13:30:00+00:00,39.255001068115234,39.32500076293945,38.93000030517578,39.26499938964844,37.25038528442383,63200,2015-08-14
2015-08-17 13:30:00+00:00,39.11000061035156,39.7599983215332,38.9900016784668,39.7400016784668,37.701011657714844,73200,2015-08-17
2015-08-18 13:30:00+00:00,39.67499923706055,39.67499923706055,38.72999954223633,38.790000915527344,36.799747467041016,483400,2015-08-18
2015-08-19 13:30:00+00:00,38.810001373291016,38.915000915527344,38.21500015258789,38.45000076293945,36.47718811035156,324400,2015-08-19
2015-08-20 13:30:00+00:00,37.790000915527344,38.05500030517578,36.974998474121094,36.97999954223633,35.08262252807617,304000,2015-08-20
2015-08-21 13:30:00+00:00,36.654998779296875,37.17499923706055,36.39500045776367,36.415000915527344,34.54661178588867,632000,2015-08-21
2015-08-24 13:30:00+00:00,33.290000915527344,37.1349983215332,33.279998779296875,35.67499923706055,33.84458541870117,611400,2015-08-24
2015-08-25 13:30:00+00:00,36.02000045776367,36.72999954223633,35.494998931884766,35.494998931884766,33.673797607421875,262200,2015-08-25
2015-08-26 13:30:00+00:00,36.209999084472656,37.0,35.70000076293945,36.93000030517578,35.035194396972656,450600,2015-08-26
2015-08-27 13:30:00+00:00,37.45000076293945,38.29999923706055,37.369998931884766,38.29999923706055,36.33489990234375,398400,2015-08-27
2015-08-28 13:30:00+00:00,38.28499984741211,38.724998474121094,38.17499923706055,38.619998931884766,36.63847351074219,335000,2015-08-28
2015-08-31 13:30:00+00:00,38.470001220703125,38.82500076293945,38.11000061035156,38.36000061035156,36.39180374145508,422000,2015-08-31
2015-09-01 13:30:00+00:00,37.904998779296875,38.025001525878906,36.96500015258789,37.099998474121094,35.19645690917969,134200,2015-09-01
2015-09-02 13:30:00+00:00,37.404998779296875,37.88999938964844,37.224998474121094,37.88999938964844,35.945926666259766,104000,2015-09-02
2015-09-03 13:30:00+00:00,37.98500061035156,38.7599983215332,37.98500061035156,38.40999984741211,36.439247131347656,56200,2015-09-03
2015-09-04 13:30:00+00:00,37.724998474121094,38.16999816894531,37.65999984741211,37.84000015258789,35.898494720458984,128800,2015-09-04
2015-09-08 13:30:00+00:00,38.60499954223633,39.57500076293945,38.60499954223633,39.560001373291016,37.53023910522461,398000,2015-09-08
2015-09-09 13:30:00+00:00,39.78499984741211,40.18000030517578,38.880001068115234,38.935001373291016,36.937320709228516,371800,2015-09-09
2015-09-10 13:30:00+00:00,38.8650016784668,39.30500030517578,38.47999954223633,38.845001220703125,36.8519287109375,85600,2015-09-10
2015-09-11 13:30:00+00:00,38.45000076293945,38.97999954223633,38.290000915527344,38.97999954223633,36.98001480102539,18800,2015-09-11
2015-09-14 13:30:00+00:00,38.88999938964844,38.97999954223633,38.689998626708984,38.810001373291016,36.818729400634766,119100,2015-09-14
2015-09-15 13:30:00+00:00,38.959999084472656,39.31999969482422,38.959999084472656,39.150001525878906,37.141273498535156,162900,2015-09-15
2015-09-16 13:30:00+00:00,39.16999816894531,39.209999084472656,38.869998931884766,39.18000030517578,37.16975021362305,220900,2015-09-16
2015-09-17 13:30:00+00:00,39.09000015258789,39.439998626708984,38.83000183105469,38.86000061035156,36.866146087646484,41500,2015-09-17
2015-09-18 13:30:00+00:00,38.349998474121094,38.68000030517578,38.0099983215332,38.16999816894531,36.27410888671875,19100,2015-09-18
2015-09-21 13:30:00+00:00,38.5,38.7400016784668,38.099998474121094,38.15999984741211,36.26460266113281,29000,2015-09-21
2015-09-22 13:30:00+00:00,37.7599983215332,37.7599983215332,37.11000061035156,37.2400016784668,35.390296936035156,122600,2015-09-22
2015-09-23 13:30:00+00:00,37.400001525878906,37.4900016784668,36.90999984741211,37.02000045776367,35.181217193603516,174400,2015-09-23
2015-09-24 13:30:00+00:00,36.7599983215332,37.099998474121094,36.16999816894531,36.95000076293945,35.11470031738281,174000,2015-09-24
2015-09-25 13:30:00+00:00,37.40999984741211,37.779998779296875,36.79999923706055,37.119998931884766,35.27625274658203,92900,2015-09-25
2015-09-28 13:30:00+00:00,37.029998779296875,37.08000183105469,36.06999969482422,36.08000183105469,34.28791809082031,185800,2015-09-28
2015-09-29 13:30:00+00:00,36.150001525878906,36.63999938964844,35.93000030517578,36.34000015258789,34.534996032714844,125800,2015-09-29
2015-09-30 13:30:00+00:00,36.720001220703125,37.779998779296875,36.720001220703125,37.709999084472656,35.83695602416992,99000,2015-09-30
2015-10-01 13:30:00+00:00,37.720001220703125,37.720001220703125,36.5099983215332,37.25,35.39979553222656,79500,2015-10-01
2015-10-02 13:30:00+00:00,36.849998474121094,38.16999816894531,36.75,38.16999816894531,36.27410888671875,96700,2015-10-02
2015-10-05 13:30:00+00:00,38.439998626708984,39.040000915527344,38.369998931884766,38.869998931884766,36.939334869384766,66400,2015-10-05
2015-10-06 13:30:00+00:00,39.290000915527344,39.70000076293945,39.04999923706055,39.599998474121094,37.6330680847168,135800,2015-10-06
2015-10-07 13:30:00+00:00,39.810001373291016,40.36000061035156,39.56999969482422,40.349998474121094,38.34581756591797,102900,2015-10-07
2015-10-08 13:30:00+00:00,40.0,40.61000061035156,39.95000076293945,40.58000183105469,38.56440734863281,83000,2015-10-08
2015-10-09 13:30:00+00:00,40.650001525878906,40.650001525878906,40.2400016784668,40.349998474121094,38.34581756591797,73800,2015-10-09
2015-10-12 13:30:00+00:00,40.45000076293945,40.45000076293945,40.189998626708984,40.27000045776367,38.26978302001953,104800,2015-10-12
2015-10-13 13:30:00+00:00,40.040000915527344,40.4900016784668,40.040000915527344,40.08000183105469,38.0892333984375,324200,2015-10-13
2015-10-14 13:30:00+00:00,40.130001068115234,41.810001373291016,40.130001068115234,41.5,39.43870162963867,341800,2015-10-14
2015-10-15 13:30:00+00:00,41.68000030517578,42.20000076293945,41.599998474121094,42.0099983215332,39.92336654663086,148300,2015-10-15
2015-10-16 13:30:00+00:00,42.09000015258789,42.09000015258789,41.70000076293945,41.900001525878906,39.81884765625,68700,2015-10-16
2015-10-19 13:30:00+00:00,42.0099983215332,42.40999984741211,41.790000915527344,42.15999984741211,40.06591796875,124900,2015-10-19
2015-10-20 13:30:00+00:00,42.09000015258789,42.09000015258789,41.599998474121094,41.779998779296875,39.70478820800781,133000,2015-10-20
2015-10-21 13:30:00+00:00,42.0099983215332,42.18000030517578,41.4900016784668,41.540000915527344,39.476715087890625,194500,2015-10-21
2015-10-22 13:30:00+00:00,41.869998931884766,42.68000030517578,41.869998931884766,42.619998931884766,40.5030632019043,311000,2015-10-22
2015-10-23 13:30:00+00:00,43.0,43.31999969482422,42.4900016784668,43.220001220703125,41.073272705078125,135300,2015-10-23
2015-10-26 13:30:00+00:00,43.20000076293945,43.20000076293945,42.06999969482422,42.150001525878906,40.05641555786133,145900,2015-10-26
2015-10-27 13:30:00+00:00,41.849998474121094,42.29999923706055,41.81999969482422,41.970001220703125,39.88536071777344,353200,2015-10-27
2015-10-28 13:30:00+00:00,42.29999923706055,42.95000076293945,42.20000076293945,42.95000076293945,40.816688537597656,54100,2015-10-28
2015-10-29 13:30:00+00:00,42.599998474121094,42.599998474121094,41.7599983215332,41.95000076293945,39.86634826660156,52900,2015-10-29
2015-10-30 13:30:00+00:00,42.43000030517578,42.599998474121094,42.310001373291016,42.4900016784668,40.3795166015625,40000,2015-10-30
2015-11-02 14:30:00+00:00,42.61000061035156,43.0099983215332,42.54999923706055,42.970001220703125,40.835689544677734,84800,2015-11-02
2015-11-03 14:30:00+00:00,42.790000915527344,43.380001068115234,42.790000915527344,43.18000030517578,41.03525161743164,193300,2015-11-03
2015-11-04 14:30:00+00:00,43.47999954223633,43.56999969482422,43.13999938964844,43.54999923706055,41.38687515258789,139800,2015-11-04
2015-11-05 14:30:00+00:00,43.779998779296875,43.779998779296875,43.16999816894531,43.279998779296875,41.13029861450195,342000,2015-11-05
2015-11-06 14:30:00+00:00,43.529998779296875,44.47999954223633,43.470001220703125,44.45000076293945,42.24217987060547,158500,2015-11-06
2015-11-09 14:30:00+00:00,44.279998779296875,44.279998779296875,43.790000915527344,43.939998626708984,41.75750732421875,79500,2015-11-09
2015-11-10 14:30:00+00:00,43.459999084472656,43.459999084472656,42.93000030517578,43.060001373291016,40.92122268676758,561800,2015-11-10
2015-11-11 14:30:00+00:00,43.09000015258789,43.470001220703125,43.040000915527344,43.09000015258789,40.94972610473633,799800,2015-11-11
2015-11-12 14:30:00+00:00,42.900001525878906,43.06999969482422,42.400001525878906,42.43000030517578,40.3224983215332,171900,2015-11-12
2015-11-13 14:30:00+00:00,42.65999984741211,42.65999984741211,41.81999969482422,42.0,39.91386795043945,42500,2015-11-13
2015-11-16 14:30:00+00:00,41.939998626708984,42.33000183105469,41.849998474121094,42.31999969482422,40.21797561645508,74900,2015-11-16
2015-11-17 14:30:00+00:00,42.459999084472656,43.0,42.34000015258789,42.540000915527344,40.42704391479492,68900,2015-11-17
2015-11-18 14:30:00+00:00,42.849998474121094,43.66999816894531,42.709999084472656,43.61000061035156,41.443912506103516,52700,2015-11-18
2015-11-19 14:30:00+00:00,43.720001220703125,43.86000061035156,43.369998931884766,43.56999969482422,41.4058837890625,70600,2015-11-19
2015-11-20 14:30:00+00:00,43.77000045776367,44.02000045776367,43.72999954223633,43.88999938964844,41.709991455078125,414800,2015-11-20
2015-11-23 14:30:00+00:00,43.81999969482422,43.81999969482422,43.349998474121094,43.41999816894531,41.263336181640625,77500,2015-11-23
2015-11-24 14:30:00+00:00,43.220001220703125,44.11000061035156,43.220001220703125,43.959999084472656,41.77650451660156,31800,2015-11-24
2015-11-25 14:30:00+00:00,43.93000030517578,44.439998626708984,43.93000030517578,44.310001373291016,42.109127044677734,53900,2015-11-25
2015-11-27 14:30:00+00:00,44.380001068115234,44.58000183105469,44.36000061035156,44.54999923706055,42.33720397949219,13400,2015-11-27
2015-11-30 14:30:00+00:00,44.63999938964844,45.189998626708984,44.63999938964844,45.18000030517578,42.93592071533203,95100,2015-11-30
2015-12-01 14:30:00+00:00,45.29999923706055,45.56999969482422,45.20000076293945,45.529998779296875,43.2685432434082,196200,2015-12-01
2015-12-02 14:30:00+00:00,45.619998931884766,45.619998931884766,45.08000183105469,45.15999984741211,42.91689682006836,197800,2015-12-02
2015-12-03 14:30:00+00:00,45.66999816894531,45.709999084472656,44.66999816894531,44.84000015258789,42.6128044128418,126800,2015-12-03
2015-12-04 14:30:00+00:00,44.810001373291016,45.4900016784668,44.65999984741211,45.45000076293945,43.1925163269043,138800,2015-12-04
2015-12-07 14:30:00+00:00,45.36000061035156,45.36000061035156,44.77000045776367,44.88999938964844,42.66033172607422,97800,2015-12-07
2015-12-08 14:30:00+00:00,44.880001068115234,44.880001068115234,44.08000183105469,44.4900016784668,42.28017807006836,70300,2015-12-08
2015-12-09 14:30:00+00:00,44.47999954223633,44.560001373291016,43.66999816894531,43.81999969482422,41.643455505371094,149000,2015-12-09
2015-12-10 14:30:00+00:00,43.709999084472656,44.27000045776367,43.540000915527344,44.04999923706055,41.86204147338867,185600,2015-12-10
2015-12-11 14:30:00+00:00,43.56999969482422,43.779998779296875,43.099998474121094,43.18000030517578,41.03525161743164,350500,2015-12-11
2015-12-14 14:30:00+00:00,43.130001068115234,43.31999969482422,42.439998626708984,42.91999816894531,40.78816604614258,137600,2015-12-14
2015-12-15 14:30:00+00:00,43.09000015258789,43.5,43.0099983215332,43.27000045776367,41.120784759521484,60200,2015-12-15
2015-12-16 14:30:00+00:00,43.619998931884766,43.91999816894531,43.099998474121094,43.83000183105469,41.6529655456543,368100,2015-12-16
2015-12-17 14:30:00+00:00,44.060001373291016,44.22999954223633,43.5099983215332,43.5099983215332,41.348854064941406,243300,2015-12-17
2015-12-18 14:30:00+00:00,43.2400016784668,43.400001525878906,42.970001220703125,42.970001220703125,40.906192779541016,123900,2015-12-18
2015-12-21 14:30:00+00:00,43.279998779296875,43.7400016784668,43.279998779296875,43.7400016784668,41.63921356201172,157400,2015-12-21
2015-12-22 14:30:00+00:00,43.83000183105469,43.95000076293945,43.310001373291016,43.91999816894531,41.810577392578125,74700,2015-12-22
2015-12-23 14:30:00+00:00,44.0,44.2599983215332,43.900001525878906,44.189998626708984,42.06759262084961,31800,2015-12-23
2015-12-24 14:30:00+00:00,44.130001068115234,44.68000030517578,44.130001068115234,44.5099983215332,42.37223434448242,15600,2015-12-24
2015-12-28 14:30:00+00:00,44.33000183105469,44.349998474121094,43.849998474121094,44.349998474121094,42.21992111206055,208400,2015-12-28
2015-12-29 14:30:00+00:00,44.61000061035156,45.06999969482422,44.47999954223633,44.90999984741211,42.75301742553711,66400,2015-12-29
2015-12-30 14:30:00+00:00,44.81999969482422,44.9900016784668,44.41999816894531,44.45000076293945,42.31514358520508,72100,2015-12-30
2015-12-31 14:30:00+00:00,44.2599983215332,44.43000030517578,43.68000030517578,43.68000030517578,41.58209991455078,61300,2015-12-31
2016-01-04 14:30:00+00:00,42.810001373291016,43.11000061035156,42.560001373291016,43.11000061035156,41.039466857910156,253200,2016-01-04
2016-01-05 14:30:00+00:00,43.279998779296875,43.380001068115234,42.61000061035156,42.689998626708984,40.63963317871094,245300,2016-01-05
2016-01-06 14:30:00+00:00,42.0099983215332,42.310001373291016,41.33000183105469,41.58000183105469,39.582969665527344,299000,2016-01-06
2016-01-07 14:30:00+00:00,40.720001220703125,41.06999969482422,40.060001373291016,40.220001220703125,38.288272857666016,194300,2016-01-07
2016-01-08 14:30:00+00:00,40.58000183105469,40.880001068115234,39.52000045776367,39.560001373291016,37.65999221801758,235300,2016-01-08
2016-01-11 14:30:00+00:00,39.79999923706055,40.029998779296875,39.2400016784668,39.79999923706055,37.888458251953125,181300,2016-01-11
2016-01-12 14:30:00+00:00,40.04999923706055,40.470001220703125,39.5,40.11000061035156,38.18357467651367,258500,2016-01-12
2016-01-13 14:30:00+00:00,40.15999984741211,40.540000915527344,38.81999969482422,38.939998626708984,37.06975173950195,84600,2016-01-13
2016-01-14 14:30:00+00:00,39.099998474121094,39.630001068115234,38.310001373291016,39.36000061035156,37.46959686279297,196900,2016-01-14
2016-01-15 14:30:00+00:00,37.970001220703125,38.33000183105469,37.31999969482422,38.06999969482422,36.24154281616211,185800,2016-01-15
2016-01-19 14:30:00+00:00,38.529998779296875,38.779998779296875,37.439998626708984,37.75,35.93689727783203,296400,2016-01-19
2016-01-20 14:30:00+00:00,37.2599983215332,38.900001525878906,36.86000061035156,38.5,36.6508903503418,222200,2016-01-20
2016-01-21 14:30:00+00:00,38.939998626708984,39.81999969482422,38.5099983215332,39.36000061035156,37.46959686279297,415400,2016-01-21
2016-01-22 14:30:00+00:00,39.970001220703125,40.290000915527344,39.81999969482422,40.20000076293945,38.26924133300781,202400,2016-01-22
2016-01-25 14:30:00+00:00,40.11000061035156,40.13999938964844,39.540000915527344,39.58000183105469,37.679012298583984,38600,2016-01-25
2016-01-26 14:30:00+00:00,39.849998474121094,40.2400016784668,39.70000076293945,40.06999969482422,38.14548873901367,60200,2016-01-26
2016-01-27 14:30:00+00:00,39.86000061035156,40.11000061035156,39.279998779296875,39.43000030517578,37.536216735839844,29100,2016-01-27
2016-01-28 14:30:00+00:00,39.81999969482422,40.220001220703125,39.47999954223633,39.689998626708984,37.78373718261719,52700,2016-01-28
2016-01-29 14:30:00+00:00,40.0099983215332,41.41999816894531,40.0099983215332,41.41999816894531,39.43064880371094,367800,2016-01-29
2016-02-01 14:30:00+00:00,41.040000915527344,41.650001525878906,40.849998474121094,41.459999084472656,39.468711853027344,95900,2016-02-01
2016-02-02 14:30:00+00:00,40.709999084472656,40.709999084472656,39.40999984741211,39.54999923706055,37.65045928955078,256900,2016-02-02
2016-02-03 14:30:00+00:00,39.900001525878906,39.9900016784668,38.650001525878906,39.470001220703125,37.574302673339844,371700,2016-02-03
2016-02-04 14:30:00+00:00,39.470001220703125,40.380001068115234,39.43000030517578,40.13999938964844,38.212127685546875,117300,2016-02-04
2016-02-05 14:30:00+00:00,39.9900016784668,39.9900016784668,38.72999954223633,38.849998474121094,36.984092712402344,160700,2016-02-05
2016-02-08 14:30:00+00:00,38.29999923706055,38.31999969482422,37.25,37.869998931884766,36.05115509033203,193000,2016-02-08
2016-02-09 14:30:00+00:00,37.470001220703125,38.45000076293945,37.349998474121094,37.650001525878906,35.84172439575195,244900,2016-02-09
2016-02-10 14:30:00+00:00,37.790000915527344,38.400001525878906,37.400001525878906,37.43000030517578,35.632286071777344,137300,2016-02-10
2016-02-11 14:30:00+00:00,36.7599983215332,37.27000045776367,36.529998779296875,37.0,35.22293472290039,143000,2016-02-11
2016-02-12 14:30:00+00:00,37.459999084472656,37.7599983215332,36.86000061035156,37.720001220703125,35.908355712890625,122300,2016-02-12
2016-02-16 14:30:00+00:00,38.2400016784668,39.33000183105469,37.91999816894531,39.2400016784668,37.355342864990234,47500,2016-02-16
2016-02-17 14:30:00+00:00,39.720001220703125,40.27000045776367,39.720001220703125,40.0099983215332,38.08835983276367,84300,2016-02-17
2016-02-18 14:30:00+00:00,40.34000015258789,40.400001525878906,39.689998626708984,39.689998626708984,37.78373718261719,47300,2016-02-18
2016-02-19 14:30:00+00:00,39.59000015258789,39.84000015258789,39.33000183105469,39.810001373291016,37.89796829223633,100200,2016-02-19
2016-02-22 14:30:00+00:00,40.31999969482422,40.630001068115234,40.31999969482422,40.540000915527344,38.59291458129883,489900,2016-02-22
2016-02-23 14:30:00+00:00,40.27000045776367,40.43000030517578,39.88999938964844,39.939998626708984,38.0217170715332,32000,2016-02-23
2016-02-24 14:30:00+00:00,39.5,40.869998931884766,39.349998474121094,40.77000045776367,38.81185531616211,191600,2016-02-24
2016-02-25 14:30:00+00:00,40.81999969482422,41.06999969482422,40.290000915527344,41.06999969482422,39.09746170043945,82200,2016-02-25
2016-02-26 14:30:00+00:00,41.290000915527344,41.43000030517578,41.09000015258789,41.29999923706055,39.31639862060547,134800,2016-02-26
2016-02-29 14:30:00+00:00,41.34000015258789,42.099998474121094,41.34000015258789,41.59000015258789,39.59248733520508,65800,2016-02-29
2016-03-01 14:30:00+00:00,41.869998931884766,42.439998626708984,41.54999923706055,42.439998626708984,40.401641845703125,273900,2016-03-01
2016-03-02 14:30:00+00:00,42.5,42.810001373291016,42.470001220703125,42.779998779296875,40.72532272338867,35000,2016-03-02
2016-03-03 14:30:00+00:00,42.93000030517578,43.15999984741211,42.689998626708984,43.13999938964844,41.068031311035156,60800,2016-03-03
2016-03-04 14:30:00+00:00,43.209999084472656,43.900001525878906,42.79999923706055,43.349998474121094,41.267948150634766,315800,2016-03-04
2016-03-07 14:30:00+00:00,43.06999969482422,43.470001220703125,42.869998931884766,43.29999923706055,41.22036361694336,265300,2016-03-07
2016-03-08 14:30:00+00:00,43.0099983215332,43.0099983215332,41.939998626708984,41.97999954223633,39.9637565612793,67800,2016-03-08
2016-03-09 14:30:00+00:00,42.220001220703125,42.5,42.04999923706055,42.43000030517578,40.39213943481445,35800,2016-03-09
2016-03-10 14:30:00+00:00,42.65999984741211,42.88999938964844,41.970001220703125,42.38999938964844,40.35405349731445,17800,2016-03-10
2016-03-11 14:30:00+00:00,42.849998474121094,43.529998779296875,42.810001373291016,43.529998779296875,41.439300537109375,38800,2016-03-11
2016-03-14 13:30:00+00:00,43.29999923706055,43.58000183105469,43.16999816894531,43.290000915527344,41.21083068847656,36300,2016-03-14
2016-03-15 13:30:00+00:00,43.150001525878906,43.150001525878906,42.709999084472656,43.040000915527344,40.972835540771484,40800,2016-03-15
2016-03-16 13:30:00+00:00,42.900001525878906,43.720001220703125,42.86000061035156,43.70000076293945,41.601139068603516,121900,2016-03-16
2016-03-17 13:30:00+00:00,43.650001525878906,44.099998474121094,43.439998626708984,44.0099983215332,41.89625930786133,195500,2016-03-17
2016-03-18 13:30:00+00:00,44.13999938964844,44.599998474121094,44.08000183105469,44.54999923706055,42.46049118041992,39200,2016-03-18
2016-03-21 13:30:00+00:00,44.63999938964844,44.63999938964844,44.060001373291016,44.439998626708984,42.35564422607422,23800,2016-03-21
2016-03-22 13:30:00+00:00,44.22999954223633,44.58000183105469,44.119998931884766,44.470001220703125,42.38423156738281,17500,2016-03-22
2016-03-23 13:30:00+00:00,44.459999084472656,44.459999084472656,43.709999084472656,43.720001220703125,41.669410705566406,12800,2016-03-23
2016-03-24 13:30:00+00:00,43.4900016784668,43.75,42.9900016784668,43.75,41.697994232177734,43800,2016-03-24
2016-03-28 13:30:00+00:00,43.86000061035156,43.88999938964844,43.459999084472656,43.689998626708984,41.64082336425781,21400,2016-03-28
2016-03-29 13:30:00+00:00,43.5,44.529998779296875,43.290000915527344,44.4900016784668,42.403297424316406,36000,2016-03-29
2016-03-30 13:30:00+00:00,44.709999084472656,45.11000061035156,44.61000061035156,44.7599983215332,42.66063690185547,136900,2016-03-30
2016-03-31 13:30:00+00:00,44.599998474121094,44.75,44.5,44.540000915527344,42.450950622558594,11800,2016-03-31
2016-04-01 13:30:00+00:00,44.130001068115234,44.88999938964844,43.970001220703125,44.880001068115234,42.77500534057617,26300,2016-04-01
2016-04-04 13:30:00+00:00,44.84000015258789,44.84000015258789,44.25,44.279998779296875,42.20314025878906,46100,2016-04-04
2016-04-05 13:30:00+00:00,44.119998931884766,44.41999816894531,43.970001220703125,43.970001220703125,41.907676696777344,54800,2016-04-05
2016-04-06 13:30:00+00:00,43.79999923706055,44.2599983215332,43.29999923706055,44.2400016784668,42.16503143310547,200000,2016-04-06
2016-04-07 13:30:00+00:00,43.959999084472656,43.959999084472656,43.34000015258789,43.459999084472656,41.421607971191406,50000,2016-04-07
2016-04-08 13:30:00+00:00,43.869998931884766,44.060001373291016,43.349998474121094,43.47999954223633,41.440677642822266,163700,2016-04-08
2016-04-11 13:30:00+00:00,43.720001220703125,43.970001220703125,43.33000183105469,43.33000183105469,41.297698974609375,26000,2016-04-11
2016-04-12 13:30:00+00:00,43.40999984741211,43.540000915527344,42.65999984741211,43.290000915527344,41.25958251953125,102700,2016-04-12
2016-04-13 13:30:00+00:00,43.529998779296875,44.630001068115234,43.529998779296875,44.619998931884766,42.527191162109375,29100,2016-04-13
2016-04-14 13:30:00+00:00,44.33000183105469,44.380001068115234,43.880001068115234,44.130001068115234,42.0601806640625,168600,2016-04-14
2016-04-15 13:30:00+00:00,44.16999816894531,44.16999816894531,43.689998626708984,43.689998626708984,41.64082336425781,36900,2016-04-15
2016-04-18 13:30:00+00:00,43.52000045776367,43.810001373291016,43.5,43.720001220703125,41.669410705566406,33400,2016-04-18
2016-04-19 13:30:00+00:00,43.790000915527344,43.79999923706055,42.79999923706055,42.86000061035156,40.84974670410156,119000,2016-04-19
2016-04-20 13:30:00+00:00,42.86000061035156,43.65999984741211,42.849998474121094,43.470001220703125,41.43113327026367,94400,2016-04-20
2016-04-21 13:30:00+00:00,43.470001220703125,43.470001220703125,43.04999923706055,43.13999938964844,41.11661148071289,40100,2016-04-21
2016-04-22 13:30:00+00:00,43.380001068115234,44.209999084472656,43.380001068115234,44.08000183105469,42.01251983642578,19400,2016-04-22
2016-04-25 13:30:00+00:00,43.93000030517578,44.09000015258789,43.369998931884766,43.38999938964844,41.354881286621094,67500,2016-04-25
2016-04-26 13:30:00+00:00,43.599998474121094,44.369998931884766,43.599998474121094,44.279998779296875,42.20314025878906,17900,2016-04-26
2016-04-27 13:30:00+00:00,43.83000183105469,44.97999954223633,43.83000183105469,44.90999984741211,42.8035888671875,150900,2016-04-27
2016-04-28 13:30:00+00:00,44.529998779296875,44.880001068115234,43.47999954223633,43.54999923706055,41.50739288330078,23900,2016-04-28
2016-04-29 13:30:00+00:00,43.34000015258789,43.34000015258789,42.06999969482422,42.36000061035156,40.37320327758789,44900,2016-04-29
2016-05-02 13:30:00+00:00,42.45000076293945,42.779998779296875,42.29999923706055,42.779998779296875,40.77349853515625,157600,2016-05-02
2016-05-03 13:30:00+00:00,42.54999923706055,42.68000030517578,42.130001068115234,42.2400016784668,40.25882339477539,38900,2016-05-03
2016-05-04 13:30:00+00:00,42.0,42.369998931884766,41.45000076293945,41.59000015258789,39.63932800292969,34700,2016-05-04
2016-05-05 13:30:00+00:00,41.83000183105469,41.9900016784668,41.470001220703125,41.470001220703125,39.52495193481445,24000,2016-05-05
2016-05-06 13:30:00+00:00,41.2599983215332,41.58000183105469,40.91999816894531,41.58000183105469,39.62979507446289,177500,2016-05-06
2016-05-09 13:30:00+00:00,41.58000183105469,41.779998779296875,41.22999954223633,41.40999984741211,39.46775817871094,104200,2016-05-09
2016-05-10 13:30:00+00:00,41.61000061035156,42.06999969482422,41.61000061035156,42.060001373291016,40.08725357055664,18400,2016-05-10
2016-05-11 13:30:00+00:00,42.130001068115234,42.33000183105469,41.97999954223633,41.97999954223633,40.01102828979492,41900,2016-05-11
2016-05-12 13:30:00+00:00,42.11000061035156,42.16999816894531,40.599998474121094,40.91999816894531,39.000736236572266,257300,2016-05-12
2016-05-13 13:30:00+00:00,41.04999923706055,41.599998474121094,41.04999923706055,41.220001220703125,39.28666687011719,24200,2016-05-13
2016-05-16 13:30:00+00:00,41.29999923706055,42.310001373291016,41.29999923706055,41.97999954223633,40.01102828979492,40300,2016-05-16
2016-05-17 13:30:00+00:00,41.810001373291016,42.189998626708984,41.43000030517578,41.5099983215332,39.563053131103516,19300,2016-05-17
2016-05-18 13:30:00+00:00,41.290000915527344,42.619998931884766,41.290000915527344,42.189998626708984,40.211158752441406,284400,2016-05-18
2016-05-19 13:30:00+00:00,41.93000030517578,42.29999923706055,41.34000015258789,41.630001068115234,39.67744827270508,21200,2016-05-19
2016-05-20 13:30:00+00:00,42.0,42.77000045776367,42.0,42.75,40.74489974975586,26000,2016-05-20
2016-05-23 13:30:00+00:00,42.810001373291016,43.45000076293945,42.810001373291016,43.20000076293945,41.17380142211914,107600,2016-05-23
2016-05-24 13:30:00+00:00,43.34000015258789,44.400001525878906,43.34000015258789,44.33000183105469,42.25080490112305,32000,2016-05-24
2016-05-25 13:30:00+00:00,44.439998626708984,44.61000061035156,44.279998779296875,44.400001525878906,42.31752395629883,69700,2016-05-25
2016-05-26 13:30:00+00:00,44.400001525878906,44.77000045776367,44.38999938964844,44.70000076293945,42.603450775146484,16700,2016-05-26
2016-05-27 13:30:00+00:00,44.650001525878906,45.06999969482422,44.41999816894531,45.06999969482422,42.95609664916992,15100,2016-05-27
2016-05-31 13:30:00+00:00,45.279998779296875,45.4900016784668,45.16999816894531,45.43000030517578,43.29921340942383,154500,2016-05-31
2016-06-01 13:30:00+00:00,45.290000915527344,45.72999954223633,45.0,45.720001220703125,43.57560729980469,36100,2016-06-01
2016-06-02 13:30:00+00:00,45.5099983215332,45.650001525878906,45.27000045776367,45.650001525878906,43.50889587402344,53800,2016-06-02
2016-06-03 13:30:00+00:00,45.77000045776367,45.77000045776367,45.13999938964844,45.439998626708984,43.30873107910156,45400,2016-06-03
2016-06-06 13:30:00+00:00,45.56999969482422,45.90999984741211,45.470001220703125,45.70000076293945,43.556541442871094,38200,2016-06-06
2016-06-07 13:30:00+00:00,45.90999984741211,46.22999954223633,45.790000915527344,46.130001068115234,43.96639633178711,44800,2016-06-07
2016-06-08 13:30:00+00:00,46.130001068115234,46.18000030517578,45.790000915527344,46.08000183105469,43.91871643066406,117500,2016-06-08
2016-06-09 13:30:00+00:00,45.7400016784668,46.15999984741211,45.5099983215332,46.130001068115234,43.96639633178711,29500,2016-06-09
2016-06-10 13:30:00+00:00,45.4900016784668,45.52000045776367,45.0,45.13999938964844,43.02280807495117,19700,2016-06-10
2016-06-13 13:30:00+00:00,45.13999938964844,45.439998626708984,44.970001220703125,44.970001220703125,42.86077880859375,31200,2016-06-13
2016-06-14 13:30:00+00:00,44.900001525878906,45.25,44.70000076293945,45.18000030517578,43.060943603515625,18900,2016-06-14
2016-06-15 13:30:00+00:00,45.43000030517578,45.43000030517578,45.08000183105469,45.130001068115234,43.01328659057617,74000,2016-06-15
2016-06-16 13:30:00+00:00,44.5099983215332,45.099998474121094,44.2400016784668,45.099998474121094,42.984683990478516,90400,2016-06-16
2016-06-17 13:30:00+00:00,45.0,45.0,44.38999938964844,44.7599983215332,42.757328033447266,90000,2016-06-17
2016-06-20 13:30:00+00:00,45.34000015258789,45.790000915527344,45.09000015258789,45.09000015258789,43.07258224487305,23000,2016-06-20
2016-06-21 13:30:00+00:00,45.349998474121094,45.38999938964844,45.099998474121094,45.25,43.22541809082031,14900,2016-06-21
2016-06-22 13:30:00+00:00,45.31999969482422,45.61000061035156,44.900001525878906,44.900001525878906,42.891075134277344,6700,2016-06-22
2016-06-23 13:30:00+00:00,45.45000076293945,46.130001068115234,45.45000076293945,46.130001068115234,44.06604766845703,192900,2016-06-23
2016-06-24 13:30:00+00:00,44.13999938964844,44.709999084472656,43.220001220703125,43.459999084472656,41.515499114990234,25400,2016-06-24
2016-06-27 13:30:00+00:00,42.869998931884766,42.869998931884766,41.0099983215332,41.2599983215332,39.41392517089844,71000,2016-06-27
2016-06-28 13:30:00+00:00,41.93000030517578,42.75,41.93000030517578,42.66999816894531,40.76083755493164,78900,2016-06-28
2016-06-29 13:30:00+00:00,43.22999954223633,43.4900016784668,42.970001220703125,43.38999938964844,41.44862365722656,67500,2016-06-29
2016-06-30 13:30:00+00:00,43.470001220703125,44.400001525878906,43.470001220703125,44.380001068115234,42.39432907104492,116900,2016-06-30
2016-07-01 13:30:00+00:00,44.11000061035156,44.220001220703125,43.90999984741211,44.0099983215332,42.04088592529297,263400,2016-07-01
2016-07-05 13:30:00+00:00,43.630001068115234,43.630001068115234,42.619998931884766,42.869998931884766,40.95189666748047,109400,2016-07-05
2016-07-06 13:30:00+00:00,42.689998626708984,43.209999084472656,42.11000061035156,43.130001068115234,41.200279235839844,116900,2016-07-06
2016-07-07 13:30:00+00:00,43.209999084472656,43.93000030517578,43.209999084472656,43.529998779296875,41.58235549926758,205700,2016-07-07
2016-07-08 13:30:00+00:00,43.91999816894531,44.91999816894531,43.779998779296875,44.900001525878906,42.891075134277344,65200,2016-07-08
2016-07-11 13:30:00+00:00,45.209999084472656,45.54999923706055,45.15999984741211,45.31999969482422,43.292266845703125,259700,2016-07-11
2016-07-12 13:30:00+00:00,45.65999984741211,46.150001525878906,45.65999984741211,45.97999954223633,43.922752380371094,42800,2016-07-12
2016-07-13 13:30:00+00:00,46.16999816894531,46.22999954223633,45.83000183105469,45.869998931884766,43.81767272949219,55800,2016-07-13
2016-07-14 13:30:00+00:00,46.41999816894531,46.70000076293945,46.22999954223633,46.529998779296875,44.448143005371094,27600,2016-07-14
2016-07-15 13:30:00+00:00,46.63999938964844,46.63999938964844,46.36000061035156,46.52000045776367,44.43859100341797,30800,2016-07-15
2016-07-18 13:30:00+00:00,46.939998626708984,47.13999938964844,46.68000030517578,47.060001373291016,44.95443344116211,435000,2016-07-18
2016-07-19 13:30:00+00:00,46.90999984741211,47.029998779296875,46.779998779296875,46.939998626708984,44.83979415893555,69600,2016-07-19
2016-07-20 13:30:00+00:00,47.25,47.90999984741211,47.20000076293945,47.709999084472656,45.575347900390625,79900,2016-07-20
2016-07-21 13:30:00+00:00,47.77000045776367,47.880001068115234,47.0099983215332,47.220001220703125,45.107276916503906,158000,2016-07-21
2016-07-22 13:30:00+00:00,47.2599983215332,47.630001068115234,46.83000183105469,47.56999969482422,45.441612243652344,318200,2016-07-22
2016-07-25 13:30:00+00:00,47.65999984741211,48.33000183105469,47.65999984741211,48.209999084472656,46.0529670715332,61600,2016-07-25
2016-07-26 13:30:00+00:00,48.52000045776367,50.0,48.52000045776367,49.86000061035156,47.62915802001953,491900,2016-07-26
2016-07-27 13:30:00+00:00,50.400001525878906,50.45000076293945,49.720001220703125,49.97999954223633,47.7437744140625,62900,2016-07-27
2016-07-28 13:30:00+00:00,50.040000915527344,50.400001525878906,49.90999984741211,50.11000061035156,47.86796569824219,29700,2016-07-28
2016-07-29 13:30:00+00:00,50.099998474121094,50.130001068115234,49.599998474121094,49.90999984741211,47.676910400390625,450700,2016-07-29
2016-08-01 13:30:00+00:00,50.060001373291016,50.25,49.810001373291016,50.09000015258789,47.84886932373047,157900,2016-08-01
2016-08-02 13:30:00+00:00,49.779998779296875,50.0099983215332,48.619998931884766,48.779998779296875,46.597469329833984,84400,2016-08-02
2016-08-03 13:30:00+00:00,48.5,48.83000183105469,48.4900016784668,48.79999923706055,46.61656951904297,193300,2016-08-03
2016-08-04 13:30:00+00:00,48.95000076293945,49.06999969482422,48.77000045776367,48.959999084472656,46.76941680908203,79400,2016-08-04
2016-08-05 13:30:00+00:00,49.310001373291016,49.83000183105469,49.310001373291016,49.7599983215332,47.53361892700195,199300,2016-08-05
2016-08-08 13:30:00+00:00,49.97999954223633,50.25,49.7599983215332,49.790000915527344,47.562278747558594,224300,2016-08-08
2016-08-09 13:30:00+00:00,49.849998474121094,50.20000076293945,49.849998474121094,50.0099983215332,47.77243423461914,55000,2016-08-09
2016-08-10 13:30:00+00:00,49.619998931884766,49.619998931884766,48.97999954223633,49.13999938964844,46.94136428833008,36600,2016-08-10
2016-08-11 13:30:00+00:00,49.310001373291016,49.459999084472656,49.06999969482422,49.38999938964844,47.18017578125,62300,2016-08-11
2016-08-12 13:30:00+00:00,49.90999984741211,49.90999984741211,49.470001220703125,49.7599983215332,47.53361892700195,129000,2016-08-12
2016-08-15 13:30:00+00:00,50.16999816894531,50.5,49.9900016784668,50.40999984741211,48.154541015625,33700,2016-08-15
2016-08-16 13:30:00+00:00,50.08000183105469,50.150001525878906,49.91999816894531,49.939998626708984,47.705562591552734,59100,2016-08-16
2016-08-17 13:30:00+00:00,49.720001220703125,49.72999954223633,49.20000076293945,49.56999969482422,47.35211181640625,88000,2016-08-17
2016-08-18 13:30:00+00:00,49.650001525878906,50.11000061035156,49.650001525878906,50.11000061035156,47.86796569824219,22400,2016-08-18
2016-08-19 13:30:00+00:00,50.15999984741211,51.029998779296875,50.099998474121094,50.790000915527344,48.51754379272461,97500,2016-08-19
2016-08-22 13:30:00+00:00,50.970001220703125,51.189998626708984,50.7599983215332,51.130001068115234,48.84231948852539,94300,2016-08-22
2016-08-23 13:30:00+00:00,51.40999984741211,51.59000015258789,51.25,51.25,48.956939697265625,55300,2016-08-23
2016-08-24 13:30:00+00:00,51.29999923706055,51.400001525878906,50.720001220703125,50.86000061035156,48.58440399169922,88900,2016-08-24
2016-08-25 13:30:00+00:00,50.880001068115234,51.2599983215332,50.79999923706055,51.08000183105469,48.79457092285156,36000,2016-08-25
2016-08-26 13:30:00+00:00,51.16999816894531,51.720001220703125,50.97999954223633,51.34000015258789,49.042930603027344,210300,2016-08-26
2016-08-29 13:30:00+00:00,51.459999084472656,51.70000076293945,51.400001525878906,51.439998626708984,49.13845443725586,28100,2016-08-29
2016-08-30 13:30:00+00:00,51.38999938964844,51.90999984741211,51.369998931884766,51.59000015258789,49.2817497253418,148600,2016-08-30
2016-08-31 13:30:00+00:00,51.59000015258789,51.61000061035156,51.06999969482422,51.439998626708984,49.13845443725586,198000,2016-08-31
2016-09-01 13:30:00+00:00,51.47999954223633,52.119998931884766,51.22999954223633,52.099998474121094,49.7689323425293,52600,2016-09-01
2016-09-02 13:30:00+00:00,52.380001068115234,52.459999084472656,51.90999984741211,52.2599983215332,49.9217643737793,40300,2016-09-02
2016-09-06 13:30:00+00:00,52.33000183105469,52.33000183105469,51.630001068115234,51.93000030517578,49.60653305053711,117700,2016-09-06
2016-09-07 13:30:00+00:00,51.849998474121094,51.849998474121094,51.209999084472656,51.369998931884766,49.07158279418945,284800,2016-09-07
2016-09-08 13:30:00+00:00,51.15999984741211,51.20000076293945,50.790000915527344,51.099998474121094,48.81366729736328,34300,2016-09-08
2016-09-09 13:30:00+00:00,50.75,50.75,49.08000183105469,49.18000030517578,46.979576110839844,94400,2016-09-09
2016-09-12 13:30:00+00:00,48.810001373291016,50.029998779296875,48.56999969482422,50.0099983215332,47.77243423461914,63500,2016-09-12
2016-09-13 13:30:00+00:00,49.84000015258789,50.349998474121094,49.25,49.560001373291016,47.342586517333984,106400,2016-09-13
2016-09-14 13:30:00+00:00,49.630001068115234,49.97999954223633,49.2599983215332,49.93000030517578,47.69601058959961,47700,2016-09-14
2016-09-15 13:30:00+00:00,50.040000915527344,51.209999084472656,49.900001525878906,51.11000061035156,48.82322692871094,77400,2016-09-15
2016-09-16 13:30:00+00:00,51.5,51.5099983215332,50.560001373291016,51.060001373291016,48.85671615600586,184800,2016-09-16
2016-09-19 13:30:00+00:00,51.369998931884766,51.93000030517578,51.11000061035156,51.36000061035156,49.143768310546875,312300,2016-09-19
2016-09-20 13:30:00+00:00,51.65999984741211,51.65999984741211,50.97999954223633,50.9900016784668,48.789737701416016,44000,2016-09-20
2016-09-21 13:30:00+00:00,51.25,51.650001525878906,50.959999084472656,51.630001068115234,49.40211868286133,45200,2016-09-21
2016-09-22 13:30:00+00:00,51.97999954223633,52.15999984741211,51.91999816894531,52.099998474121094,49.851844787597656,60100,2016-09-22
2016-09-23 13:30:00+00:00,52.0,52.08000183105469,51.52000045776367,51.529998779296875,49.30642318725586,39800,2016-09-23
2016-09-26 13:30:00+00:00,51.20000076293945,51.38999938964844,50.84000015258789,50.970001220703125,48.770591735839844,61000,2016-09-26
2016-09-27 13:30:00+00:00,50.900001525878906,52.11000061035156,50.900001525878906,52.11000061035156,49.86140823364258,24100,2016-09-27
2016-09-28 13:30:00+00:00,52.2599983215332,52.529998779296875,51.869998931884766,52.279998779296875,50.024070739746094,75600,2016-09-28
2016-09-29 13:30:00+00:00,52.25,52.650001525878906,51.58000183105469,52.36000061035156,50.100616455078125,139000,2016-09-29
2016-09-30 13:30:00+00:00,52.58000183105469,53.40999984741211,52.58000183105469,53.150001525878906,50.85652160644531,214900,2016-09-30
2016-10-03 13:30:00+00:00,53.68000030517578,53.68000030517578,52.63999938964844,52.79999923706055,50.521629333496094,110000,2016-10-03
2016-10-04 13:30:00+00:00,52.93000030517578,53.119998931884766,52.5,52.630001068115234,50.35895919799805,90400,2016-10-04
2016-10-05 13:30:00+00:00,52.849998474121094,53.52000045776367,52.779998779296875,53.2400016784668,50.94264221191406,87400,2016-10-05
2016-10-06 13:30:00+00:00,53.189998626708984,53.59000015258789,52.86000061035156,53.54999923706055,51.23925018310547,140100,2016-10-06
2016-10-07 13:30:00+00:00,53.529998779296875,53.529998779296875,52.709999084472656,53.15999984741211,50.86609649658203,242000,2016-10-07
2016-10-10 13:30:00+00:00,53.470001220703125,53.779998779296875,52.9900016784668,53.029998779296875,50.74169921875,115600,2016-10-10
2016-10-11 13:30:00+00:00,52.91999816894531,52.91999816894531,51.25,51.619998931884766,49.39255142211914,100200,2016-10-11
2016-10-12 13:30:00+00:00,51.65999984741211,51.65999984741211,50.880001068115234,51.25,49.03851318359375,192400,2016-10-12
2016-10-13 13:30:00+00:00,50.7599983215332,50.93000030517578,49.83000183105469,50.65999984741211,48.473968505859375,81800,2016-10-13
2016-10-14 13:30:00+00:00,51.13999938964844,51.650001525878906,50.959999084472656,51.0,48.79930877685547,42200,2016-10-14
2016-10-17 13:30:00+00:00,50.9900016784668,51.150001525878906,50.689998626708984,50.689998626708984,48.502681732177734,43600,2016-10-17
2016-10-18 13:30:00+00:00,51.29999923706055,51.52000045776367,51.09000015258789,51.2599983215332,49.04807662963867,219100,2016-10-18
2016-10-19 13:30:00+00:00,50.880001068115234,51.2599983215332,50.380001068115234,51.16999816894531,48.96195983886719,81700,2016-10-19
2016-10-20 13:30:00+00:00,51.16999816894531,51.650001525878906,50.88999938964844,51.560001373291016,49.33512496948242,29000,2016-10-20
2016-10-21 13:30:00+00:00,51.189998626708984,51.459999084472656,50.880001068115234,51.380001068115234,49.16289520263672,80500,2016-10-21
2016-10-24 13:30:00+00:00,51.7400016784668,52.279998779296875,51.7400016784668,52.22999954223633,49.97623825073242,98300,2016-10-24
2016-10-25 13:30:00+00:00,52.27000045776367,52.43000030517578,52.13999938964844,52.279998779296875,50.024070739746094,54400,2016-10-25
2016-10-26 13:30:00+00:00,51.869998931884766,52.459999084472656,51.869998931884766,52.06999969482422,49.82313537597656,95800,2016-10-26
2016-10-27 13:30:00+00:00,52.4900016784668,52.59000015258789,51.38999938964844,51.45000076293945,49.22987747192383,49300,2016-10-27
2016-10-28 13:30:00+00:00,51.66999816894531,51.70000076293945,50.779998779296875,50.83000183105469,48.63663864135742,69700,2016-10-28
2016-10-31 13:30:00+00:00,51.11000061035156,51.130001068115234,50.79999923706055,50.95000076293945,48.751461029052734,76200,2016-10-31
2016-11-01 13:30:00+00:00,51.13999938964844,51.560001373291016,50.220001220703125,50.88999938964844,48.69404602050781,386200,2016-11-01
2016-11-02 13:30:00+00:00,50.9900016784668,51.06999969482422,50.43000030517578,50.52000045776367,48.34001159667969,462200,2016-11-02
2016-11-03 13:30:00+00:00,50.70000076293945,50.959999084472656,50.29999923706055,50.5,48.32085418701172,193100,2016-11-03
2016-11-04 13:30:00+00:00,50.13999938964844,50.52000045776367,49.689998626708984,50.02000045776367,47.86158752441406,43500,2016-11-04
2016-11-07 14:30:00+00:00,50.97999954223633,51.34000015258789,50.66999816894531,51.27000045776367,49.05765151977539,37000,2016-11-07
2016-11-08 14:30:00+00:00,51.150001525878906,51.75,50.90999984741211,51.43000030517578,49.21073913574219,53700,2016-11-08
2016-11-09 14:30:00+00:00,50.209999084472656,51.709999084472656,50.09000015258789,51.56999969482422,49.344703674316406,100800,2016-11-09
2016-11-10 14:30:00+00:00,52.0,52.34000015258789,50.16999816894531,50.439998626708984,48.26344680786133,169800,2016-11-10
2016-11-11 14:30:00+00:00,50.75,52.18000030517578,50.75,52.11000061035156,49.86140823364258,171100,2016-11-11
2016-11-14 14:30:00+00:00,52.43000030517578,52.54999923706055,52.130001068115234,52.369998931884766,50.11018753051758,312600,2016-11-14
2016-11-15 14:30:00+00:00,52.58000183105469,53.290000915527344,52.58000183105469,53.119998931884766,50.82781219482422,61500,2016-11-15
2016-11-16 14:30:00+00:00,53.0,53.86000061035156,53.0,53.79999923706055,51.478477478027344,74000,2016-11-16
2016-11-17 14:30:00+00:00,53.779998779296875,54.650001525878906,53.599998474121094,54.4900016784668,52.138694763183594,137000,2016-11-17
2016-11-18 14:30:00+00:00,54.709999084472656,54.81999969482422,54.38999938964844,54.75,52.387489318847656,70600,2016-11-18
2016-11-21 14:30:00+00:00,55.08000183105469,55.33000183105469,54.540000915527344,54.849998474121094,52.48314666748047,87000,2016-11-21
2016-11-22 14:30:00+00:00,55.18000030517578,55.470001220703125,55.099998474121094,55.43000030517578,53.038150787353516,149600,2016-11-22
2016-11-23 14:30:00+00:00,55.439998626708984,55.72999954223633,55.189998626708984,55.72999954223633,53.32521057128906,48000,2016-11-23
2016-11-25 14:30:00+00:00,55.84000015258789,55.91999816894531,55.54999923706055,55.880001068115234,53.46873474121094,91100,2016-11-25
2016-11-28 14:30:00+00:00,55.79999923706055,55.869998931884766,55.54999923706055,55.65999984741211,53.25822067260742,118200,2016-11-28
2016-11-29 14:30:00+00:00,55.7400016784668,55.83000183105469,55.220001220703125,55.459999084472656,53.06684494018555,121000,2016-11-29
2016-11-30 14:30:00+00:00,55.650001525878906,55.689998626708984,54.93000030517578,54.939998626708984,52.56927490234375,104800,2016-11-30
2016-12-01 14:30:00+00:00,55.099998474121094,55.099998474121094,51.95000076293945,52.290000915527344,50.033626556396484,310100,2016-12-01
2016-12-02 14:30:00+00:00,52.189998626708984,52.900001525878906,52.060001373291016,52.79999923706055,50.521629333496094,118900,2016-12-02
2016-12-05 14:30:00+00:00,53.20000076293945,53.880001068115234,53.0099983215332,53.86000061035156,51.53589630126953,182200,2016-12-05
2016-12-06 14:30:00+00:00,53.9900016784668,54.86000061035156,53.95000076293945,54.709999084472656,52.349220275878906,93700,2016-12-06
2016-12-07 14:30:00+00:00,54.70000076293945,56.290000915527344,54.58000183105469,56.119998931884766,53.698368072509766,121600,2016-12-07
2016-12-08 14:30:00+00:00,56.279998779296875,57.2599983215332,56.2599983215332,56.970001220703125,54.51170349121094,309100,2016-12-08
2016-12-09 14:30:00+00:00,57.41999816894531,57.529998779296875,56.369998931884766,56.59000015258789,54.148094177246094,128000,2016-12-09
2016-12-12 14:30:00+00:00,56.38999938964844,56.58000183105469,55.619998931884766,56.040000915527344,53.62181854248047,55500,2016-12-12
2016-12-13 14:30:00+00:00,56.349998474121094,56.939998626708984,56.209999084472656,56.599998474121094,54.15766906738281,353900,2016-12-13
2016-12-14 14:30:00+00:00,56.459999084472656,56.7599983215332,56.13999938964844,56.25,53.822776794433594,84600,2016-12-14
2016-12-15 14:30:00+00:00,56.540000915527344,57.59000015258789,56.38999938964844,57.33000183105469,54.85615921020508,52000,2016-12-15
2016-12-16 14:30:00+00:00,57.56999969482422,57.68000030517578,56.70000076293945,56.88999938964844,54.547420501708984,74000,2016-12-16
2016-12-19 14:30:00+00:00,57.060001373291016,57.54999923706055,56.95000076293945,57.38999938964844,55.02682113647461,64300,2016-12-19
2016-12-20 14:30:00+00:00,57.439998626708984,57.81999969482422,57.25,57.5099983215332,55.141876220703125,44200,2016-12-20
2016-12-21 14:30:00+00:00,57.630001068115234,57.709999084472656,57.43000030517578,57.43000030517578,55.0651741027832,50100,2016-12-21
2016-12-22 14:30:00+00:00,58.02000045776367,58.02000045776367,57.150001525878906,57.310001373291016,54.95011520385742,205200,2016-12-22
2016-12-23 14:30:00+00:00,57.16999816894531,57.470001220703125,57.150001525878906,57.470001220703125,55.103538513183594,71400,2016-12-23
2016-12-27 14:30:00+00:00,57.58000183105469,58.31999969482422,57.529998779296875,58.27000045776367,55.87060546875,94500,2016-12-27
2016-12-28 14:30:00+00:00,58.5,58.5099983215332,57.08000183105469,57.130001068115234,54.77754592895508,92000,2016-12-28
2016-12-29 14:30:00+00:00,56.959999084472656,57.27000045776367,56.560001373291016,57.0099983215332,54.66246795654297,44400,2016-12-29
2016-12-30 14:30:00+00:00,57.209999084472656,57.209999084472656,55.939998626708984,56.11000061035156,53.799537658691406,197000,2016-12-30
2017-01-03 14:30:00+00:00,56.56999969482422,57.20000076293945,56.0,56.47999954223633,54.154293060302734,286700,2017-01-03
2017-01-04 14:30:00+00:00,56.66999816894531,56.880001068115234,56.470001220703125,56.84000015258789,54.499473571777344,94000,2017-01-04
2017-01-05 14:30:00+00:00,56.720001220703125,56.869998931884766,56.0,56.119998931884766,53.80911636352539,34300,2017-01-05
2017-01-06 14:30:00+00:00,56.20000076293945,56.560001373291016,55.880001068115234,56.349998474121094,54.0296516418457,39300,2017-01-06
2017-01-09 14:30:00+00:00,56.400001525878906,57.2599983215332,56.400001525878906,56.970001220703125,54.624107360839844,49400,2017-01-09
2017-01-10 14:30:00+00:00,56.97999954223633,57.29999923706055,56.959999084472656,57.20000076293945,54.84465026855469,36300,2017-01-10
2017-01-11 14:30:00+00:00,57.22999954223633,57.75,57.119998931884766,57.65999984741211,55.285701751708984,31700,2017-01-11
2017-01-12 14:30:00+00:00,57.380001068115234,57.380001068115234,56.279998779296875,57.209999084472656,54.8542366027832,67500,2017-01-12
2017-01-13 14:30:00+00:00,57.43000030517578,58.04999923706055,57.15999984741211,57.84000015258789,55.45828628540039,133500,2017-01-13
2017-01-17 14:30:00+00:00,57.5099983215332,57.5099983215332,56.689998626708984,56.83000183105469,54.48989486694336,29900,2017-01-17
2017-01-18 14:30:00+00:00,56.959999084472656,57.369998931884766,56.779998779296875,57.220001220703125,54.86382293701172,65700,2017-01-18
2017-01-19 14:30:00+00:00,57.119998931884766,57.540000915527344,56.810001373291016,56.849998474121094,54.50905990600586,134900,2017-01-19
2017-01-20 14:30:00+00:00,57.369998931884766,57.939998626708984,57.369998931884766,57.630001068115234,55.25695037841797,74300,2017-01-20
2017-01-23 14:30:00+00:00,57.380001068115234,57.599998474121094,57.0,57.400001525878906,55.03641891479492,54900,2017-01-23
2017-01-24 14:30:00+00:00,57.630001068115234,58.66999816894531,57.5,58.619998931884766,56.20616912841797,117200,2017-01-24
2017-01-25 14:30:00+00:00,59.22999954223633,59.630001068115234,59.08000183105469,59.36000061035156,56.91570281982422,171500,2017-01-25
2017-01-26 14:30:00+00:00,59.380001068115234,59.41999816894531,58.72999954223633,58.88999938964844,56.46507263183594,72200,2017-01-26
2017-01-27 14:30:00+00:00,59.13999938964844,59.380001068115234,58.939998626708984,59.20000076293945,56.762298583984375,74100,2017-01-27
2017-01-30 14:30:00+00:00,58.9900016784668,58.9900016784668,58.02000045776367,58.849998474121094,56.42670822143555,100900,2017-01-30
2017-01-31 14:30:00+00:00,58.560001373291016,58.709999084472656,57.599998474121094,58.2400016784668,55.84182357788086,117000,2017-01-31
2017-02-01 14:30:00+00:00,58.91999816894531,59.31999969482422,58.40999984741211,59.11000061035156,56.67601013183594,307500,2017-02-01
2017-02-02 14:30:00+00:00,58.66999816894531,59.099998474121094,58.290000915527344,58.790000915527344,56.369171142578125,50000,2017-02-02
2017-02-03 14:30:00+00:00,59.22999954223633,59.54999923706055,59.099998474121094,59.52000045776367,57.069122314453125,40700,2017-02-03
2017-02-06 14:30:00+00:00,59.470001220703125,59.59000015258789,59.20000076293945,59.540000915527344,57.08829116821289,68900,2017-02-06
2017-02-07 14:30:00+00:00,59.7599983215332,59.880001068115234,59.220001220703125,59.689998626708984,57.232112884521484,79200,2017-02-07
2017-02-08 14:30:00+00:00,59.91999816894531,60.029998779296875,59.45000076293945,59.720001220703125,57.26087951660156,41300,2017-02-08
2017-02-09 14:30:00+00:00,59.720001220703125,59.720001220703125,59.209999084472656,59.209999084472656,56.771888732910156,65800,2017-02-09
2017-02-10 14:30:00+00:00,59.529998779296875,59.529998779296875,58.68000030517578,59.33000183105469,56.8869514465332,113200,2017-02-10
2017-02-13 14:30:00+00:00,59.7599983215332,59.9900016784668,59.41999816894531,59.540000915527344,57.08829116821289,62600,2017-02-13
2017-02-14 14:30:00+00:00,59.52000045776367,59.68000030517578,59.11000061035156,59.66999816894531,57.212947845458984,83800,2017-02-14
2017-02-15 14:30:00+00:00,59.72999954223633,60.38999938964844,59.61000061035156,60.290000915527344,57.80741882324219,60600,2017-02-15
2017-02-16 14:30:00+00:00,60.29999923706055,60.47999954223633,59.79999923706055,60.18000030517578,57.70193099975586,39400,2017-02-16
2017-02-17 14:30:00+00:00,59.9900016784668,60.79999923706055,59.79999923706055,60.79999923706055,58.29640197753906,24800,2017-02-17
2017-02-21 14:30:00+00:00,61.189998626708984,61.790000915527344,61.189998626708984,61.75,59.20729446411133,124200,2017-02-21
2017-02-22 14:30:00+00:00,61.810001373291016,61.810001373291016,61.290000915527344,61.459999084472656,58.929229736328125,84800,2017-02-22
2017-02-23 14:30:00+00:00,61.529998779296875,61.529998779296875,60.47999954223633,61.06999969482422,58.55529022216797,117500,2017-02-23
2017-02-24 14:30:00+00:00,59.959999084472656,60.599998474121094,59.70000076293945,60.529998779296875,58.037532806396484,1245500,2017-02-24
2017-02-27 14:30:00+00:00,60.66999816894531,61.02000045776367,60.5099983215332,61.02000045776367,58.50735092163086,66000,2017-02-27
2017-02-28 14:30:00+00:00,60.97999954223633,60.97999954223633,59.650001525878906,59.720001220703125,57.26087951660156,111600,2017-02-28
2017-03-01 14:30:00+00:00,60.470001220703125,60.56999969482422,60.0099983215332,60.5,58.00877380371094,111400,2017-03-01
2017-03-02 14:30:00+00:00,60.5099983215332,60.70000076293945,59.880001068115234,59.93000030517578,57.46223831176758,42600,2017-03-02
2017-03-03 14:30:00+00:00,59.9900016784668,59.9900016784668,59.45000076293945,59.66999816894531,57.212947845458984,71500,2017-03-03
2017-03-06 14:30:00+00:00,59.439998626708984,59.560001373291016,58.709999084472656,59.43000030517578,56.98282241821289,53900,2017-03-06
2017-03-07 14:30:00+00:00,59.400001525878906,59.869998931884766,59.369998931884766,59.41999816894531,56.97321319580078,82000,2017-03-07
2017-03-08 14:30:00+00:00,59.66999816894531,60.029998779296875,59.400001525878906,59.47999954223633,57.03076934814453,67000,2017-03-08
2017-03-09 14:30:00+00:00,59.58000183105469,59.630001068115234,59.09000015258789,59.5099983215332,57.059532165527344,39300,2017-03-09
2017-03-10 14:30:00+00:00,59.810001373291016,60.02000045776367,59.5,59.86000061035156,57.39511489868164,63600,2017-03-10
2017-03-13 13:30:00+00:00,60.060001373291016,60.31999969482422,59.869998931884766,60.189998626708984,57.71152114868164,37500,2017-03-13
2017-03-14 13:30:00+00:00,59.90999984741211,59.90999984741211,59.40999984741211,59.790000915527344,57.327999114990234,30400,2017-03-14
2017-03-15 13:30:00+00:00,59.72999954223633,60.65999984741211,59.619998931884766,60.58000183105469,58.085479736328125,30000,2017-03-15
2017-03-16 13:30:00+00:00,60.709999084472656,60.880001068115234,60.40999984741211,60.47999954223633,57.98959732055664,105500,2017-03-16
2017-03-17 13:30:00+00:00,60.52000045776367,60.59000015258789,60.31999969482422,60.47999954223633,58.07697296142578,16700,2017-03-17
2017-03-20 13:30:00+00:00,60.540000915527344,60.90999984741211,60.47999954223633,60.7400016784668,58.32664108276367,40700,2017-03-20
2017-03-21 13:30:00+00:00,60.90999984741211,60.959999084472656,58.77000045776367,58.83000183105469,56.49253463745117,68800,2017-03-21
2017-03-22 13:30:00+00:00,58.77000045776367,59.439998626708984,58.4900016784668,59.38999938964844,57.030277252197266,43800,2017-03-22
2017-03-23 13:30:00+00:00,59.38999938964844,59.790000915527344,59.189998626708984,59.380001068115234,57.02067947387695,52800,2017-03-23
2017-03-24 13:30:00+00:00,60.310001373291016,60.5,59.68000030517578,59.86000061035156,57.48160934448242,53400,2017-03-24
2017-03-27 13:30:00+00:00,59.02000045776367,60.09000015258789,58.849998474121094,59.959999084472656,57.577640533447266,30700,2017-03-27
2017-03-28 13:30:00+00:00,59.9900016784668,60.27000045776367,59.779998779296875,60.150001525878906,57.76008987426758,44300,2017-03-28
2017-03-29 13:30:00+00:00,60.16999816894531,60.31999969482422,59.91999816894531,60.040000915527344,57.654449462890625,66400,2017-03-29
2017-03-30 13:30:00+00:00,60.04999923706055,60.43000030517578,60.04999923706055,60.369998931884766,57.97133255004883,29700,2017-03-30
2017-03-31 13:30:00+00:00,60.33000183105469,60.65999984741211,60.13999938964844,60.33000183105469,57.93292236328125,54400,2017-03-31
2017-04-03 13:30:00+00:00,60.47999954223633,60.47999954223633,59.47999954223633,59.75,57.375980377197266,53700,2017-04-03
2017-04-04 13:30:00+00:00,59.439998626708984,59.939998626708984,59.310001373291016,59.52000045776367,57.155113220214844,32200,2017-04-04
2017-04-05 13:30:00+00:00,59.75,59.97999954223633,58.869998931884766,58.900001525878906,56.55976104736328,63600,2017-04-05
2017-04-06 13:30:00+00:00,58.790000915527344,59.33000183105469,58.29999923706055,59.209999084472656,56.85742950439453,57400,2017-04-06
2017-04-07 13:30:00+00:00,59.060001373291016,59.97999954223633,59.060001373291016,59.66999816894531,57.299156188964844,75000,2017-04-07
2017-04-10 13:30:00+00:00,59.65999984741211,59.9900016784668,59.40999984741211,59.66999816894531,57.299156188964844,26400,2017-04-10
2017-04-11 13:30:00+00:00,59.27000045776367,59.27000045776367,58.15999984741211,59.119998931884766,56.77101135253906,327800,2017-04-11
2017-04-12 13:30:00+00:00,59.029998779296875,59.029998779296875,58.06999969482422,58.15999984741211,55.84915542602539,54600,2017-04-12
2017-04-13 13:30:00+00:00,57.959999084472656,58.599998474121094,57.65999984741211,57.68000030517578,55.38821792602539,54800,2017-04-13
2017-04-17 13:30:00+00:00,57.84000015258789,58.41999816894531,57.810001373291016,58.380001068115234,56.060394287109375,107300,2017-04-17
2017-04-18 13:30:00+00:00,58.119998931884766,58.77000045776367,58.0,58.75,56.41569900512695,111400,2017-04-18
2017-04-19 13:30:00+00:00,59.06999969482422,59.40999984741211,58.7400016784668,58.77000045776367,56.434906005859375,21700,2017-04-19
2017-04-20 13:30:00+00:00,59.150001525878906,59.720001220703125,58.849998474121094,59.65999984741211,57.289554595947266,54800,2017-04-20
2017-04-21 13:30:00+00:00,59.40999984741211,59.5099983215332,58.86000061035156,59.31999969482422,56.96305465698242,204700,2017-04-21
2017-04-24 13:30:00+00:00,60.18000030517578,60.400001525878906,59.91999816894531,60.27000045776367,57.875308990478516,98100,2017-04-24
2017-04-25 13:30:00+00:00,60.52000045776367,61.0099983215332,60.52000045776367,60.849998474121094,58.43226623535156,136700,2017-04-25
2017-04-26 13:30:00+00:00,60.58000183105469,60.58000183105469,59.5,59.970001220703125,57.58723068237305,145500,2017-04-26
2017-04-27 13:30:00+00:00,60.36000061035156,60.68000030517578,60.2400016784668,60.650001525878906,58.24021530151367,82100,2017-04-27
2017-04-28 13:30:00+00:00,60.61000061035156,60.7599983215332,59.33000183105469,59.369998931884766,57.01106643676758,194600,2017-04-28
2017-05-01 13:30:00+00:00,59.4900016784668,59.7599983215332,58.9900016784668,59.75,57.375980377197266,193800,2017-05-01
2017-05-02 13:30:00+00:00,59.43000030517578,59.43000030517578,58.619998931884766,58.79999923706055,56.463722229003906,149600,2017-05-02
2017-05-03 13:30:00+00:00,58.47999954223633,58.900001525878906,58.400001525878906,58.75,56.41569900512695,221500,2017-05-03
2017-05-04 13:30:00+00:00,58.849998474121094,58.90999984741211,58.36000061035156,58.63999938964844,56.31007766723633,47000,2017-05-04
2017-05-05 13:30:00+00:00,58.81999969482422,59.15999984741211,58.400001525878906,59.15999984741211,56.809425354003906,24700,2017-05-05
2017-05-08 13:30:00+00:00,59.16999816894531,59.31999969482422,58.90999984741211,59.0099983215332,56.665382385253906,152600,2017-05-08
2017-05-09 13:30:00+00:00,59.209999084472656,60.29999923706055,59.209999084472656,60.189998626708984,57.798484802246094,164600,2017-05-09
2017-05-10 13:30:00+00:00,60.68000030517578,61.33000183105469,60.54999923706055,61.18000030517578,58.7491569519043,84000,2017-05-10
2017-05-11 13:30:00+00:00,60.91999816894531,61.7599983215332,60.54999923706055,61.40999984741211,58.97002029418945,100800,2017-05-11
2017-05-12 13:30:00+00:00,61.459999084472656,61.47999954223633,60.959999084472656,61.33000183105469,58.893192291259766,65900,2017-05-12
2017-05-15 13:30:00+00:00,61.7599983215332,62.720001220703125,61.4900016784668,62.599998474121094,60.11274337768555,49900,2017-05-15
2017-05-16 13:30:00+00:00,62.84000015258789,63.68000030517578,62.54999923706055,63.66999816894531,61.14023208618164,108000,2017-05-16
2017-05-17 13:30:00+00:00,62.65999984741211,63.130001068115234,60.439998626708984,60.4900016784668,58.086570739746094,250400,2017-05-17
2017-05-18 13:30:00+00:00,60.470001220703125,61.619998931884766,60.209999084472656,61.45000076293945,59.0084342956543,255300,2017-05-18
2017-05-19 13:30:00+00:00,61.959999084472656,62.630001068115234,61.93000030517578,62.31999969482422,59.843849182128906,92400,2017-05-19
2017-05-22 13:30:00+00:00,62.7599983215332,63.459999084472656,62.75,63.439998626708984,60.919368743896484,58700,2017-05-22
2017-05-23 13:30:00+00:00,63.45000076293945,63.45000076293945,62.75,63.15999984741211,60.65049362182617,27000,2017-05-23
2017-05-24 13:30:00+00:00,63.540000915527344,64.0199966430664,63.38999938964844,63.91999816894531,61.380287170410156,153600,2017-05-24
2017-05-25 13:30:00+00:00,64.27999877929688,64.66999816894531,63.9900016784668,64.16999816894531,61.62034606933594,59100,2017-05-25
2017-05-26 13:30:00+00:00,64.11000061035156,64.2699966430664,63.56999969482422,64.25,61.69718551635742,56800,2017-05-26
2017-05-30 13:30:00+00:00,64.38999938964844,64.97000122070312,64.38999938964844,64.72000122070312,62.14851379394531,63300,2017-05-30
2017-05-31 13:30:00+00:00,65.19999694824219,65.33999633789062,64.08999633789062,64.55000305175781,61.985260009765625,58600,2017-05-31
2017-06-01 13:30:00+00:00,64.75,64.7699966430664,64.30000305175781,64.73999786376953,62.16770935058594,173600,2017-06-01
2017-06-02 13:30:00+00:00,65.0199966430664,65.13999938964844,64.44000244140625,65.0,62.41739273071289,171400,2017-06-02
2017-06-05 13:30:00+00:00,64.94000244140625,65.44000244140625,64.70999908447266,64.9000015258789,62.32133865356445,67400,2017-06-05
2017-06-06 13:30:00+00:00,64.61000061035156,65.81999969482422,64.58000183105469,65.37000274658203,62.77268981933594,52400,2017-06-06
2017-06-07 13:30:00+00:00,65.61000061035156,65.94999694824219,65.19999694824219,65.54000091552734,62.93592834472656,69100,2017-06-07
2017-06-08 13:30:00+00:00,65.95999908447266,67.01000213623047,65.51000213623047,67.0,64.3379135131836,113200,2017-06-08
2017-06-09 13:30:00+00:00,67.47000122070312,67.55000305175781,62.91999816894531,64.11000061035156,61.56275177001953,166200,2017-06-09
2017-06-12 13:30:00+00:00,63.349998474121094,64.02999877929688,61.97999954223633,63.65999984741211,61.130611419677734,262900,2017-06-12
2017-06-13 13:30:00+00:00,64.16999816894531,64.75,63.31999969482422,63.91999816894531,61.380287170410156,115400,2017-06-13
2017-06-14 13:30:00+00:00,64.16000366210938,64.16000366210938,62.369998931884766,63.0099983215332,60.506439208984375,466600,2017-06-14
2017-06-15 13:30:00+00:00,62.0099983215332,62.619998931884766,61.91999816894531,62.47999954223633,59.99751281738281,144100,2017-06-15
2017-06-16 13:30:00+00:00,62.29999923706055,62.79999923706055,61.83000183105469,62.11000061035156,59.735897064208984,24900,2017-06-16
2017-06-19 13:30:00+00:00,62.77000045776367,63.439998626708984,62.220001220703125,63.41999816894531,60.99582290649414,30800,2017-06-19
2017-06-20 13:30:00+00:00,63.560001373291016,63.75,62.540000915527344,62.560001373291016,60.16870880126953,64400,2017-06-20
2017-06-21 13:30:00+00:00,63.0099983215332,63.540000915527344,62.869998931884766,63.459999084472656,61.0342903137207,210700,2017-06-21
2017-06-22 13:30:00+00:00,63.65999984741211,64.1500015258789,63.150001525878906,63.810001373291016,61.37092971801758,50600,2017-06-22
2017-06-23 13:30:00+00:00,63.79999923706055,64.75,63.470001220703125,64.43000030517578,61.967220306396484,54300,2017-06-23
2017-06-26 13:30:00+00:00,65.06999969482422,65.26000213623047,63.689998626708984,64.01000213623047,61.56327819824219,51600,2017-06-26
2017-06-27 13:30:00+00:00,63.75,63.75,62.310001373291016,62.36000061035156,59.976348876953125,139900,2017-06-27
2017-06-28 13:30:00+00:00,62.93000030517578,63.650001525878906,62.36000061035156,63.59000015258789,61.15932846069336,50800,2017-06-28
2017-06-29 13:30:00+00:00,63.27000045776367,63.27000045776367,61.119998931884766,62.189998626708984,59.81283950805664,57700,2017-06-29
2017-06-30 13:30:00+00:00,62.380001068115234,62.61000061035156,61.38999938964844,61.65999984741211,59.30310821533203,90700,2017-06-30
2017-07-03 13:30:00+00:00,62.11000061035156,62.27000045776367,60.849998474121094,60.880001068115234,58.55291748046875,37300,2017-07-03
2017-07-05 13:30:00+00:00,61.18000030517578,61.810001373291016,60.939998626708984,61.650001525878906,59.293479919433594,140700,2017-07-05
2017-07-06 13:30:00+00:00,60.97999954223633,61.970001220703125,60.93000030517578,61.310001373291016,58.96648025512695,82300,2017-07-06
2017-07-07 13:30:00+00:00,61.650001525878906,62.75,61.59000015258789,62.61000061035156,60.2167854309082,65500,2017-07-07
2017-07-10 13:30:00+00:00,62.869998931884766,63.209999084472656,62.5,63.060001373291016,60.649600982666016,37800,2017-07-10
2017-07-11 13:30:00+00:00,63.060001373291016,63.65999984741211,62.95000076293945,63.630001068115234,61.19781494140625,23400,2017-07-11
2017-07-12 13:30:00+00:00,64.29000091552734,65.22000122070312,64.29000091552734,65.06999969482422,62.582767486572266,137700,2017-07-12
2017-07-13 13:30:00+00:00,65.22000122070312,65.5999984741211,64.55000305175781,64.7699966430664,62.294219970703125,54700,2017-07-13
2017-07-14 13:30:00+00:00,65.0199966430664,65.51000213623047,64.38999938964844,65.47000122070312,62.96748733520508,120500,2017-07-14
2017-07-17 13:30:00+00:00,65.58999633789062,65.58999633789062,64.87000274658203,65.02999877929688,62.544281005859375,56600,2017-07-17
2017-07-18 13:30:00+00:00,64.6500015258789,65.19999694824219,64.45999908447266,65.16999816894531,62.67892837524414,52100,2017-07-18
2017-07-19 13:30:00+00:00,65.55999755859375,66.08000183105469,65.47000122070312,66.08000183105469,63.55414581298828,43700,2017-07-19
2017-07-20 13:30:00+00:00,66.18000030517578,66.6500015258789,65.77999877929688,66.58000183105469,64.03506469726562,28600,2017-07-20
2017-07-21 13:30:00+00:00,66.0199966430664,66.0199966430664,65.55999755859375,65.91999816894531,63.400264739990234,20700,2017-07-21
2017-07-24 13:30:00+00:00,65.98999786376953,66.02999877929688,65.61000061035156,65.80000305175781,63.28485870361328,16300,2017-07-24
2017-07-25 13:30:00+00:00,65.87000274658203,66.08000183105469,65.2699966430664,65.91000366210938,63.39066696166992,46700,2017-07-25
2017-07-26 13:30:00+00:00,66.54000091552734,66.80999755859375,66.47000122070312,66.70999908447266,64.16007995605469,62000,2017-07-26
2017-07-27 13:30:00+00:00,67.0,67.06999969482422,64.94999694824219,65.66999816894531,63.15981674194336,134300,2017-07-27
2017-07-28 13:30:00+00:00,65.66999816894531,65.8499984741211,65.22000122070312,65.52999877929688,63.0251579284668,42700,2017-07-28
2017-07-31 13:30:00+00:00,65.7300033569336,65.80999755859375,64.91999816894531,65.0199966430664,62.53466796875,237800,2017-07-31
2017-08-01 13:30:00+00:00,65.26000213623047,65.66000366210938,64.81999969482422,65.63999938964844,63.13097381591797,33800,2017-08-01
2017-08-02 13:30:00+00:00,65.44000244140625,65.44000244140625,63.16999816894531,63.349998474121094,60.92850112915039,72300,2017-08-02
2017-08-03 13:30:00+00:00,63.5,63.540000915527344,62.5,62.63999938964844,60.245635986328125,356000,2017-08-03
2017-08-04 13:30:00+00:00,62.7400016784668,63.029998779296875,62.310001373291016,62.459999084472656,60.07252883911133,68300,2017-08-04
2017-08-07 13:30:00+00:00,62.70000076293945,63.599998474121094,62.70000076293945,63.560001373291016,61.13047409057617,145100,2017-08-07
2017-08-08 13:30:00+00:00,63.65999984741211,64.12999725341797,63.09000015258789,63.209999084472656,60.793846130371094,26400,2017-08-08
2017-08-09 13:30:00+00:00,62.689998626708984,62.91999816894531,62.119998931884766,62.790000915527344,60.38990783691406,133600,2017-08-09
2017-08-10 13:30:00+00:00,62.36000061035156,62.36000061035156,60.93000030517578,60.93000030517578,58.60099411010742,65800,2017-08-10
2017-08-11 13:30:00+00:00,60.869998931884766,61.599998474121094,60.310001373291016,61.36000061035156,59.01456832885742,34800,2017-08-11
2017-08-14 13:30:00+00:00,62.130001068115234,62.83000183105469,62.130001068115234,62.790000915527344,60.38990783691406,237200,2017-08-14
2017-08-15 13:30:00+00:00,62.9900016784668,63.099998474121094,62.41999816894531,63.02000045776367,60.611122131347656,20400,2017-08-15
2017-08-16 13:30:00+00:00,63.22999954223633,63.34000015258789,62.75,63.0,60.591880798339844,34700,2017-08-16
2017-08-17 13:30:00+00:00,62.77000045776367,62.93000030517578,61.15999984741211,61.16999816894531,58.831825256347656,44800,2017-08-17
2017-08-18 13:30:00+00:00,61.41999816894531,61.540000915527344,60.86000061035156,61.189998626708984,58.851078033447266,59500,2017-08-18
2017-08-21 13:30:00+00:00,61.22999954223633,61.22999954223633,60.16999816894531,60.439998626708984,58.12972640991211,34100,2017-08-21
2017-08-22 13:30:00+00:00,60.880001068115234,61.43000030517578,60.880001068115234,61.31999969482422,58.976104736328125,29400,2017-08-22
2017-08-23 13:30:00+00:00,60.630001068115234,61.880001068115234,60.630001068115234,61.75,59.3896598815918,77400,2017-08-23
2017-08-24 13:30:00+00:00,62.119998931884766,62.369998931884766,61.95000076293945,62.20000076293945,59.82246398925781,26200,2017-08-24
2017-08-25 13:30:00+00:00,62.5,62.630001068115234,62.0,62.099998474121094,59.72628402709961,50400,2017-08-25
2017-08-28 13:30:00+00:00,62.31999969482422,62.33000183105469,61.91999816894531,62.25,59.87055587768555,14300,2017-08-28
2017-08-29 13:30:00+00:00,61.5099983215332,62.47999954223633,61.5,62.349998474121094,59.96672439575195,17900,2017-08-29
2017-08-30 13:30:00+00:00,62.869998931884766,63.61000061035156,62.86000061035156,63.560001373291016,61.13047409057617,20000,2017-08-30
2017-08-31 13:30:00+00:00,63.68000030517578,64.01000213623047,63.54999923706055,63.900001525878906,61.45748519897461,84000,2017-08-31
2017-09-01 13:30:00+00:00,64.04000091552734,64.4800033569336,63.97999954223633,64.33999633789062,61.880653381347656,45500,2017-09-01
2017-09-05 13:30:00+00:00,64.0,64.26000213623047,63.09000015258789,63.66999816894531,61.236270904541016,79500,2017-09-05
2017-09-06 13:30:00+00:00,63.959999084472656,63.959999084472656,63.400001525878906,63.4900016784668,61.06315612792969,46600,2017-09-06
2017-09-07 13:30:00+00:00,63.65999984741211,63.65999984741211,63.099998474121094,63.189998626708984,60.77460861206055,18900,2017-09-07
2017-09-08 13:30:00+00:00,63.099998474121094,63.099998474121094,62.189998626708984,62.31999969482422,59.93787384033203,46600,2017-09-08
2017-09-11 13:30:00+00:00,62.880001068115234,63.650001525878906,62.880001068115234,63.54999923706055,61.120849609375,16600,2017-09-11
2017-09-12 13:30:00+00:00,63.83000183105469,64.0999984741211,63.59000015258789,63.91999816894531,61.47671127319336,13100,2017-09-12
2017-09-13 13:30:00+00:00,63.709999084472656,64.1500015258789,63.54999923706055,64.04000091552734,61.592124938964844,28700,2017-09-13
2017-09-14 13:30:00+00:00,63.7400016784668,64.5999984741211,63.7400016784668,64.37999725341797,61.91912841796875,45000,2017-09-14
2017-09-15 13:30:00+00:00,64.37999725341797,65.55000305175781,64.37999725341797,65.30999755859375,62.90542221069336,16800,2017-09-15
2017-09-18 13:30:00+00:00,65.69999694824219,66.16999816894531,65.33000183105469,65.62000274658203,63.20402526855469,35800,2017-09-18
2017-09-19 13:30:00+00:00,65.8499984741211,65.87000274658203,65.45999908447266,65.55999755859375,63.14623260498047,26300,2017-09-19
2017-09-20 13:30:00+00:00,65.55999755859375,65.55999755859375,63.86000061035156,64.6500015258789,62.26974105834961,62000,2017-09-20
2017-09-21 13:30:00+00:00,64.51000213623047,64.51000213623047,63.72999954223633,64.1500015258789,61.78813171386719,65600,2017-09-21
2017-09-22 13:30:00+00:00,63.959999084472656,64.69999694824219,63.959999084472656,64.52999877929688,62.15414810180664,29500,2017-09-22
2017-09-25 13:30:00+00:00,64.29000091552734,64.29000091552734,62.939998626708984,63.150001525878906,60.82495880126953,278300,2017-09-25
2017-09-26 13:30:00+00:00,63.63999938964844,63.7599983215332,63.130001068115234,63.25,60.9212760925293,57200,2017-09-26
2017-09-27 13:30:00+00:00,63.880001068115234,65.26000213623047,63.880001068115234,64.93000030517578,62.5394287109375,30400,2017-09-27
2017-09-28 13:30:00+00:00,64.8499984741211,65.29000091552734,64.79000091552734,65.29000091552734,62.886165618896484,24800,2017-09-28
2017-09-29 13:30:00+00:00,65.37999725341797,65.68000030517578,65.08000183105469,65.56999969482422,63.1558723449707,75800,2017-09-29
2017-10-02 13:30:00+00:00,65.86000061035156,66.3499984741211,65.63999938964844,66.3499984741211,63.90713119506836,50900,2017-10-02
2017-10-03 13:30:00+00:00,66.41999816894531,66.66000366210938,66.25,66.54000091552734,64.09011840820312,22100,2017-10-03
2017-10-04 13:30:00+00:00,66.44999694824219,66.62000274658203,66.0999984741211,66.62000274658203,64.16719818115234,51100,2017-10-04
2017-10-05 13:30:00+00:00,66.83999633789062,66.83999633789062,66.27999877929688,66.5,64.0516128540039,46200,2017-10-05
2017-10-06 13:30:00+00:00,66.2699966430664,66.79000091552734,66.23999786376953,66.77999877929688,64.32130432128906,36200,2017-10-06
2017-10-09 13:30:00+00:00,66.94999694824219,67.04000091552734,66.7300033569336,66.93000030517578,64.46578216552734,40400,2017-10-09
2017-10-10 13:30:00+00:00,67.4800033569336,67.4800033569336,66.7699966430664,67.33999633789062,64.86067962646484,39600,2017-10-10
2017-10-11 13:30:00+00:00,67.19999694824219,67.63999938964844,67.13999938964844,67.63999938964844,65.14965057373047,34300,2017-10-11
2017-10-12 13:30:00+00:00,67.55999755859375,67.91999816894531,67.44999694824219,67.47000122070312,64.98590850830078,44300,2017-10-12
2017-10-13 13:30:00+00:00,67.80999755859375,68.0199966430664,67.62000274658203,67.62999725341797,65.1399917602539,41500,2017-10-13
2017-10-16 13:30:00+00:00,67.8499984741211,67.8499984741211,67.04000091552734,67.16000366210938,64.68730926513672,18700,2017-10-16
2017-10-17 13:30:00+00:00,67.0999984741211,67.29000091552734,66.9000015258789,67.2699966430664,64.79326629638672,37100,2017-10-17
2017-10-18 13:30:00+00:00,67.41999816894531,68.19999694824219,66.9000015258789,67.95999908447266,65.45784759521484,25700,2017-10-18
2017-10-19 13:30:00+00:00,67.2300033569336,67.51000213623047,66.48999786376953,67.4800033569336,64.99552154541016,82000,2017-10-19
2017-10-20 13:30:00+00:00,68.08000183105469,68.08000183105469,67.58000183105469,67.61000061035156,65.12075805664062,94600,2017-10-20
2017-10-23 13:30:00+00:00,67.98999786376953,68.41999816894531,67.77999877929688,68.01000213623047,65.50602722167969,28800,2017-10-23
2017-10-24 13:30:00+00:00,68.27999877929688,68.69999694824219,68.22000122070312,68.56999969482422,66.04540252685547,22100,2017-10-24
2017-10-25 13:30:00+00:00,68.06999969482422,68.31999969482422,66.94999694824219,67.69000244140625,65.19780731201172,45600,2017-10-25
2017-10-26 13:30:00+00:00,67.80000305175781,67.97000122070312,67.5999984741211,67.94999694824219,65.4482421875,21400,2017-10-26
2017-10-27 13:30:00+00:00,68.61000061035156,69.88999938964844,68.61000061035156,69.83000183105469,67.25902557373047,104200,2017-10-27
2017-10-30 13:30:00+00:00,68.61000061035156,70.62000274658203,68.61000061035156,70.22000122070312,67.63461303710938,77000,2017-10-30
2017-10-31 13:30:00+00:00,70.5199966430664,71.2699966430664,70.23999786376953,70.86000061035156,68.2510986328125,103200,2017-10-31
2017-11-01 13:30:00+00:00,71.41999816894531,71.41999816894531,69.69000244140625,70.33000183105469,67.7405776977539,101300,2017-11-01
2017-11-02 13:30:00+00:00,70.31999969482422,70.7699966430664,69.86000061035156,70.2300033569336,67.644287109375,40300,2017-11-02
2017-11-03 13:30:00+00:00,70.52999877929688,71.16999816894531,69.8499984741211,71.16999816894531,68.5496826171875,105100,2017-11-03
2017-11-06 14:30:00+00:00,72.25,73.29000091552734,71.83999633789062,73.27999877929688,70.58199310302734,97400,2017-11-06
2017-11-07 14:30:00+00:00,73.1500015258789,73.30000305175781,72.2699966430664,72.63999938964844,69.9655532836914,184800,2017-11-07
2017-11-08 14:30:00+00:00,72.73999786376953,73.6500015258789,72.61000061035156,73.5999984741211,70.89022064208984,115500,2017-11-08
2017-11-09 14:30:00+00:00,72.80000305175781,73.44999694824219,71.44000244140625,72.26000213623047,69.59954833984375,191200,2017-11-09
2017-11-10 14:30:00+00:00,72.45999908447266,72.70999908447266,72.22000122070312,72.61000061035156,69.9366455078125,65800,2017-11-10
2017-11-13 14:30:00+00:00,72.2699966430664,72.56999969482422,72.11000061035156,72.48999786376953,69.82109069824219,161200,2017-11-13
2017-11-14 14:30:00+00:00,72.30999755859375,72.58000183105469,71.62000274658203,72.19000244140625,69.5321273803711,81200,2017-11-14
2017-11-15 14:30:00+00:00,71.4000015258789,71.5199966430664,70.69000244140625,71.12000274658203,68.50152587890625,278800,2017-11-15
2017-11-16 14:30:00+00:00,71.55999755859375,72.52999877929688,71.55999755859375,72.12000274658203,69.4646987915039,207400,2017-11-16
2017-11-17 14:30:00+00:00,72.30999755859375,72.5999984741211,72.0199966430664,72.27999877929688,69.61881256103516,264500,2017-11-17
2017-11-20 14:30:00+00:00,72.6500015258789,73.4000015258789,72.56999969482422,73.36000061035156,70.6590347290039,203300,2017-11-20
2017-11-21 14:30:00+00:00,73.87000274658203,74.62999725341797,73.73999786376953,74.62999725341797,71.8823013305664,60700,2017-11-21
2017-11-22 14:30:00+00:00,74.91000366210938,74.91000366210938,74.08000183105469,74.08000183105469,71.3525390625,205200,2017-11-22
2017-11-24 14:30:00+00:00,74.31999969482422,74.58000183105469,74.2300033569336,74.55999755859375,71.81488800048828,33500,2017-11-24
2017-11-27 14:30:00+00:00,74.26000213623047,74.26000213623047,73.5199966430664,73.6500015258789,70.93836212158203,61400,2017-11-27
2017-11-28 14:30:00+00:00,74.0,74.0,73.2300033569336,73.7300033569336,71.01543426513672,41100,2017-11-28
2017-11-29 14:30:00+00:00,73.69000244140625,73.69999694824219,70.30999755859375,70.80999755859375,68.20292663574219,371100,2017-11-29
2017-11-30 14:30:00+00:00,71.27999877929688,71.68000030517578,70.7300033569336,71.18000030517578,68.55931854248047,207200,2017-11-30
2017-12-01 14:30:00+00:00,70.68000030517578,70.91000366210938,68.51000213623047,70.41999816894531,67.82730865478516,214700,2017-12-01
2017-12-04 14:30:00+00:00,71.13999938964844,71.13999938964844,68.36000061035156,68.61000061035156,66.08392333984375,278400,2017-12-04
2017-12-05 14:30:00+00:00,68.38999938964844,69.58999633789062,67.8499984741211,68.51000213623047,65.98761749267578,123700,2017-12-05
2017-12-06 14:30:00+00:00,67.9800033569336,68.7300033569336,67.83000183105469,68.44999694824219,65.92981719970703,115200,2017-12-06
2017-12-07 14:30:00+00:00,68.94000244140625,69.55999755859375,68.62999725341797,69.36000061035156,66.80632019042969,88800,2017-12-07
2017-12-08 14:30:00+00:00,70.12999725341797,70.33999633789062,69.30000305175781,69.33999633789062,66.78704833984375,74900,2017-12-08
2017-12-11 14:30:00+00:00,69.58999633789062,70.11000061035156,69.2699966430664,69.66000366210938,67.09527587890625,283800,2017-12-11
2017-12-12 14:30:00+00:00,69.66000366210938,69.80999755859375,69.27999877929688,69.33000183105469,66.77741241455078,48400,2017-12-12
2017-12-13 14:30:00+00:00,69.6500015258789,70.08999633789062,69.33999633789062,69.4000015258789,66.84483337402344,169400,2017-12-13
2017-12-14 14:30:00+00:00,69.5,69.87000274658203,69.20999908447266,69.36000061035156,66.80632019042969,51100,2017-12-14
2017-12-15 14:30:00+00:00,69.37000274658203,70.5199966430664,69.2699966430664,70.26000213623047,67.79828643798828,166200,2017-12-15
2017-12-18 14:30:00+00:00,70.83999633789062,71.94000244140625,70.83999633789062,71.88999938964844,69.3711929321289,243500,2017-12-18
2017-12-19 14:30:00+00:00,71.69999694824219,72.02999877929688,70.97000122070312,71.26000213623047,68.76326751708984,55300,2017-12-19
2017-12-20 14:30:00+00:00,71.94000244140625,71.97000122070312,71.16000366210938,71.52999877929688,69.0237808227539,44400,2017-12-20
2017-12-21 14:30:00+00:00,71.7300033569336,71.7300033569336,71.16999816894531,71.26000213623047,68.76326751708984,55400,2017-12-21
2017-12-22 14:30:00+00:00,71.0999984741211,71.0999984741211,70.7300033569336,70.81999969482422,68.33868408203125,30900,2017-12-22
2017-12-26 14:30:00+00:00,70.11000061035156,70.26000213623047,69.51000213623047,70.20999908447266,67.75006866455078,26600,2017-12-26
2017-12-27 14:30:00+00:00,70.25,70.79000091552734,70.19000244140625,70.44999694824219,67.98165130615234,51900,2017-12-27
2017-12-28 14:30:00+00:00,70.80000305175781,70.80000305175781,70.3499984741211,70.5,68.02989196777344,56100,2017-12-28
2017-12-29 14:30:00+00:00,70.63999938964844,70.63999938964844,69.79000091552734,69.80999755859375,67.36406707763672,36600,2017-12-29
2018-01-02 14:30:00+00:00,70.30000305175781,72.05000305175781,70.05999755859375,72.05000305175781,69.52556610107422,98100,2018-01-02
2018-01-03 14:30:00+00:00,72.3499984741211,73.23999786376953,72.3499984741211,73.13999938964844,70.57737731933594,58000,2018-01-03
2018-01-04 14:30:00+00:00,73.69000244140625,73.91000366210938,73.05999755859375,73.66000366210938,71.07917022705078,73500,2018-01-04
2018-01-05 14:30:00+00:00,74.05000305175781,74.30000305175781,73.72000122070312,73.9000015258789,71.3107681274414,51600,2018-01-05
2018-01-08 14:30:00+00:00,73.9000015258789,74.62000274658203,73.37999725341797,74.55000305175781,71.93798065185547,66700,2018-01-08
2018-01-09 14:30:00+00:00,74.66000366210938,74.66000366210938,73.62999725341797,73.6500015258789,71.06954956054688,348100,2018-01-09
2018-01-10 14:30:00+00:00,73.05999755859375,73.25,72.4000015258789,72.83000183105469,70.27827453613281,121700,2018-01-10
2018-01-11 14:30:00+00:00,73.16999816894531,74.3499984741211,72.97000122070312,74.30000305175781,71.69677734375,259900,2018-01-11
2018-01-12 14:30:00+00:00,74.43000030517578,75.16000366210938,74.23999786376953,75.04000091552734,72.41081237792969,63900,2018-01-12
2018-01-16 14:30:00+00:00,75.55000305175781,75.63999938964844,73.87000274658203,74.19999694824219,71.60025787353516,114000,2018-01-16
2018-01-17 14:30:00+00:00,74.55999755859375,75.44999694824219,74.4800033569336,75.33000183105469,72.69068908691406,211700,2018-01-17
2018-01-18 14:30:00+00:00,75.12000274658203,75.73999786376953,74.88999938964844,75.08000183105469,72.44940185546875,53100,2018-01-18
2018-01-19 14:30:00+00:00,75.36000061035156,75.41999816894531,74.61000061035156,74.77999877929688,72.1599349975586,57000,2018-01-19
2018-01-22 14:30:00+00:00,74.83000183105469,75.12000274658203,74.63999938964844,75.12000274658203,72.48802947998047,56800,2018-01-22
2018-01-23 14:30:00+00:00,75.43000030517578,75.56999969482422,74.5999984741211,75.16000366210938,72.5266342163086,85300,2018-01-23
2018-01-24 14:30:00+00:00,74.8499984741211,74.98999786376953,73.08000183105469,73.66000366210938,71.07917022705078,137800,2018-01-24
2018-01-25 14:30:00+00:00,74.33999633789062,74.3499984741211,72.5999984741211,72.63999938964844,70.09490966796875,83100,2018-01-25
2018-01-26 14:30:00+00:00,73.70999908447266,74.63999938964844,73.13999938964844,74.63999938964844,72.02484130859375,116900,2018-01-26
2018-01-29 14:30:00+00:00,74.38999938964844,75.2300033569336,73.76000213623047,74.7300033569336,72.11168670654297,173700,2018-01-29
2018-01-30 14:30:00+00:00,73.44000244140625,74.19000244140625,73.05000305175781,73.2699966430664,70.70282745361328,112100,2018-01-30
2018-01-31 14:30:00+00:00,74.0999984741211,74.27999877929688,73.11000061035156,73.4000015258789,70.82828521728516,152800,2018-01-31
2018-02-01 14:30:00+00:00,72.94000244140625,74.29000091552734,72.94000244140625,73.44999694824219,70.87651824951172,217500,2018-02-01
2018-02-02 14:30:00+00:00,72.04000091552734,72.33000183105469,70.55999755859375,70.55999755859375,68.0877914428711,161300,2018-02-02
2018-02-05 14:30:00+00:00,69.7699966430664,70.80999755859375,67.27999877929688,67.30000305175781,64.9420166015625,362400,2018-02-05
2018-02-06 14:30:00+00:00,66.08000183105469,69.5,65.94000244140625,69.33999633789062,66.9105224609375,287300,2018-02-06
2018-02-07 14:30:00+00:00,68.51000213623047,68.70999908447266,67.18000030517578,67.18000030517578,64.82622528076172,170700,2018-02-07
2018-02-08 14:30:00+00:00,67.48999786376953,67.62999725341797,64.83000183105469,64.83000183105469,62.55854797363281,472100,2018-02-08
2018-02-09 14:30:00+00:00,65.95999908447266,66.7699966430664,63.88999938964844,66.31999969482422,63.9963493347168,632300,2018-02-09
2018-02-12 14:30:00+00:00,66.91000366210938,67.79000091552734,66.4000015258789,67.36000061035156,64.9999008178711,190900,2018-02-12
2018-02-13 14:30:00+00:00,66.98999786376953,67.56999969482422,66.83000183105469,67.55999755859375,65.19288635253906,80400,2018-02-13
2018-02-14 14:30:00+00:00,66.94000244140625,68.63999938964844,66.94000244140625,68.44999694824219,66.05171966552734,79300,2018-02-14
2018-02-15 14:30:00+00:00,68.80999755859375,69.29000091552734,67.75,69.25,66.8237075805664,222000,2018-02-15
2018-02-16 14:30:00+00:00,68.87999725341797,69.36000061035156,68.68000030517578,68.7300033569336,66.32188415527344,90800,2018-02-16
2018-02-20 14:30:00+00:00,68.44999694824219,70.76000213623047,68.44999694824219,70.12999725341797,67.67283630371094,99100,2018-02-20
2018-02-21 14:30:00+00:00,70.44999694824219,70.86000061035156,69.61000061035156,69.6500015258789,67.20967864990234,238900,2018-02-21
2018-02-22 14:30:00+00:00,69.94000244140625,70.33999633789062,69.41000366210938,69.5999984741211,67.16143798828125,390200,2018-02-22
2018-02-23 14:30:00+00:00,70.08999633789062,70.56999969482422,69.58999633789062,70.55999755859375,68.0877914428711,142200,2018-02-23
2018-02-26 14:30:00+00:00,71.0,72.30000305175781,70.95999908447266,72.26000213623047,69.72820281982422,190000,2018-02-26
2018-02-27 14:30:00+00:00,72.19999694824219,73.3499984741211,72.02999877929688,72.02999877929688,69.50627136230469,79300,2018-02-27
2018-02-28 14:30:00+00:00,72.33999633789062,72.4000015258789,71.23999786376953,71.23999786376953,68.74395751953125,122500,2018-02-28
2018-03-01 14:30:00+00:00,71.2300033569336,71.38999938964844,69.4000015258789,70.23999786376953,67.77900695800781,246800,2018-03-01
2018-03-02 14:30:00+00:00,69.62999725341797,71.76000213623047,69.56999969482422,71.63999938964844,69.12994384765625,207500,2018-03-02
2018-03-05 14:30:00+00:00,71.30999755859375,72.73999786376953,71.27999877929688,72.48999786376953,69.95018005371094,120300,2018-03-05
2018-03-06 14:30:00+00:00,73.0199966430664,73.69000244140625,72.73999786376953,73.5999984741211,71.02128601074219,163500,2018-03-06
2018-03-07 14:30:00+00:00,72.93000030517578,74.0999984741211,72.93000030517578,73.94000244140625,71.34938049316406,157400,2018-03-07
2018-03-08 14:30:00+00:00,74.20999908447266,74.4000015258789,73.8499984741211,74.33000183105469,71.72569274902344,52700,2018-03-08
2018-03-09 14:30:00+00:00,74.81999969482422,75.43000030517578,74.5,75.16999816894531,72.5362548828125,66100,2018-03-09
2018-03-12 13:30:00+00:00,75.72000122070312,76.37000274658203,75.56999969482422,76.0,73.33718872070312,86800,2018-03-12
2018-03-13 13:30:00+00:00,76.41000366210938,76.56999969482422,74.38999938964844,74.68000030517578,72.06343078613281,588600,2018-03-13
2018-03-14 13:30:00+00:00,74.9000015258789,74.9000015258789,73.9800033569336,74.44999694824219,71.84149169921875,294700,2018-03-14
2018-03-15 13:30:00+00:00,74.76000213623047,75.0199966430664,74.16999816894531,74.45999908447266,71.85114288330078,123300,2018-03-15
2018-03-16 13:30:00+00:00,74.45999908447266,75.05999755859375,74.36000061035156,74.91999816894531,72.40003204345703,55100,2018-03-16
2018-03-19 13:30:00+00:00,74.41999816894531,74.44999694824219,72.43000030517578,73.5199966430664,71.047119140625,74300,2018-03-19
2018-03-20 13:30:00+00:00,73.54000091552734,74.5,73.54000091552734,74.37999725341797,71.87818908691406,86300,2018-03-20
2018-03-21 13:30:00+00:00,74.3499984741211,75.2699966430664,74.22000122070312,74.45999908447266,71.95550537109375,135000,2018-03-21
2018-03-22 13:30:00+00:00,73.45999908447266,74.12000274658203,72.41000366210938,72.41000366210938,69.97445678710938,84300,2018-03-22
2018-03-23 13:30:00+00:00,72.51000213623047,72.66999816894531,70.2699966430664,70.2699966430664,67.90644073486328,261300,2018-03-23
2018-03-26 13:30:00+00:00,71.54000091552734,72.55000305175781,70.66000366210938,72.54000091552734,70.1001205444336,159100,2018-03-26
2018-03-27 13:30:00+00:00,73.08000183105469,73.08000183105469,69.80000305175781,70.25,67.88710021972656,167900,2018-03-27
2018-03-28 13:30:00+00:00,70.06999969482422,70.52999877929688,68.41000366210938,68.6500015258789,66.34092712402344,173700,2018-03-28
2018-03-29 13:30:00+00:00,69.1500015258789,70.63999938964844,68.55000305175781,70.05999755859375,67.70352935791016,116100,2018-03-29
2018-04-02 13:30:00+00:00,69.4800033569336,69.86000061035156,67.16000366210938,67.66999816894531,65.39390563964844,145800,2018-04-02
2018-04-03 13:30:00+00:00,68.4000015258789,68.68000030517578,67.38999938964844,68.45999908447266,66.15731811523438,303800,2018-04-03
2018-04-04 13:30:00+00:00,66.87000274658203,69.8499984741211,66.77999877929688,69.69000244140625,67.3459243774414,128100,2018-04-04
2018-04-05 13:30:00+00:00,70.08000183105469,70.2699966430664,69.2699966430664,69.69999694824219,67.35560607910156,174300,2018-04-05
2018-04-06 13:30:00+00:00,68.8499984741211,69.66999816894531,67.58000183105469,67.83999633789062,65.55816650390625,121100,2018-04-06
2018-04-09 13:30:00+00:00,68.54000091552734,69.55999755859375,67.83000183105469,67.83000183105469,65.54851531982422,91200,2018-04-09
2018-04-10 13:30:00+00:00,69.13999938964844,70.5999984741211,68.91000366210938,70.18000030517578,67.81947326660156,176100,2018-04-10
2018-04-11 13:30:00+00:00,69.79000091552734,70.98999786376953,69.7300033569336,70.5999984741211,68.225341796875,94900,2018-04-11
2018-04-12 13:30:00+00:00,71.12999725341797,71.97000122070312,71.0,71.72000122070312,69.30766296386719,68500,2018-04-12
2018-04-13 13:30:00+00:00,72.29000091552734,72.29000091552734,70.80000305175781,71.19000244140625,68.79549407958984,161400,2018-04-13
2018-04-16 13:30:00+00:00,71.25,71.43000030517578,70.11000061035156,70.76000213623047,68.37995147705078,125400,2018-04-16
2018-04-17 13:30:00+00:00,71.25,72.5,71.25,72.36000061035156,69.92613983154297,69800,2018-04-17
2018-04-18 13:30:00+00:00,72.38999938964844,73.06999969482422,71.75,72.51000213623047,70.07111358642578,310100,2018-04-18
2018-04-19 13:30:00+00:00,71.48999786376953,71.54000091552734,69.97000122070312,70.23999786376953,67.87745666503906,278900,2018-04-19
2018-04-20 13:30:00+00:00,70.16000366210938,70.55999755859375,69.2300033569336,69.4000015258789,67.0656967163086,145200,2018-04-20
2018-04-23 13:30:00+00:00,69.48999786376953,69.5199966430664,68.12999725341797,68.27999877929688,65.98336791992188,254500,2018-04-23
2018-04-24 13:30:00+00:00,68.76000213623047,69.5,67.38999938964844,68.05999755859375,65.7707748413086,133900,2018-04-24
2018-04-25 13:30:00+00:00,68.38999938964844,68.6500015258789,66.69000244140625,67.62999725341797,65.355224609375,140400,2018-04-25
2018-04-26 13:30:00+00:00,68.72000122070312,69.06999969482422,68.31999969482422,68.97000122070312,66.65017700195312,125500,2018-04-26
2018-04-27 13:30:00+00:00,69.38999938964844,69.83999633789062,68.27999877929688,68.30000305175781,66.00273132324219,70200,2018-04-27
2018-04-30 13:30:00+00:00,68.19999694824219,68.51000213623047,66.94999694824219,67.06999969482422,64.81405639648438,60900,2018-04-30
2018-05-01 13:30:00+00:00,67.05999755859375,68.3499984741211,67.01000213623047,68.30999755859375,66.01238250732422,209400,2018-05-01
2018-05-02 13:30:00+00:00,68.4800033569336,69.29000091552734,68.44999694824219,68.69999694824219,66.38924407958984,127400,2018-05-02
2018-05-03 13:30:00+00:00,68.08000183105469,69.36000061035156,67.43000030517578,69.08999633789062,66.76612091064453,151500,2018-05-03
2018-05-04 13:30:00+00:00,68.76000213623047,70.4800033569336,68.54000091552734,70.41000366210938,68.04174041748047,49300,2018-05-04
2018-05-07 13:30:00+00:00,70.79000091552734,71.68000030517578,70.63999938964844,71.11000061035156,68.71815490722656,67700,2018-05-07
2018-05-08 13:30:00+00:00,71.05999755859375,71.38999938964844,70.83999633789062,71.38999938964844,68.98875427246094,166100,2018-05-08
2018-05-09 13:30:00+00:00,71.5199966430664,72.12000274658203,71.0,72.12000274658203,69.6942138671875,117400,2018-05-09
2018-05-10 13:30:00+00:00,72.19999694824219,73.05999755859375,72.19999694824219,73.02999877929688,70.57360076904297,53900,2018-05-10
2018-05-11 13:30:00+00:00,72.86000061035156,72.86000061035156,71.95999908447266,72.13999938964844,69.71356201171875,90800,2018-05-11
2018-05-14 13:30:00+00:00,72.73999786376953,73.8499984741211,72.73999786376953,73.0999984741211,70.64126586914062,197500,2018-05-14
2018-05-15 13:30:00+00:00,72.97000122070312,72.9800033569336,72.45999908447266,72.97000122070312,70.5156021118164,82400,2018-05-15
2018-05-16 13:30:00+00:00,73.08000183105469,73.80000305175781,73.05999755859375,73.66000366210938,71.18241119384766,116200,2018-05-16
2018-05-17 13:30:00+00:00,73.5,74.18000030517578,73.12000274658203,73.62999725341797,71.1534423828125,45200,2018-05-17
2018-05-18 13:30:00+00:00,73.5199966430664,73.62000274658203,72.91000366210938,73.2300033569336,70.76687622070312,58900,2018-05-18
2018-05-21 13:30:00+00:00,74.08000183105469,74.58000183105469,73.30999755859375,73.80000305175781,71.31771850585938,71900,2018-05-21
2018-05-22 13:30:00+00:00,74.29000091552734,74.69999694824219,73.93000030517578,73.97000122070312,71.48199462890625,78300,2018-05-22
2018-05-23 13:30:00+00:00,73.41000366210938,73.94999694824219,73.29000091552734,73.94999694824219,71.462646484375,80000,2018-05-23
2018-05-24 13:30:00+00:00,73.86000061035156,74.37000274658203,73.44000244140625,74.19000244140625,71.69459533691406,114800,2018-05-24
2018-05-25 13:30:00+00:00,74.26000213623047,75.2300033569336,74.26000213623047,75.22000122070312,72.68993377685547,64300,2018-05-25
2018-05-29 13:30:00+00:00,74.97000122070312,75.55000305175781,74.30999755859375,74.93000030517578,72.40969848632812,78100,2018-05-29
2018-05-30 13:30:00+00:00,75.27999877929688,75.91000366210938,74.91000366210938,75.3499984741211,72.81558227539062,83700,2018-05-30
2018-05-31 13:30:00+00:00,75.22000122070312,75.7300033569336,74.69000244140625,74.80000305175781,72.28406524658203,59500,2018-05-31
2018-06-01 13:30:00+00:00,75.25,76.18000030517578,75.18000030517578,76.16000366210938,73.59833526611328,100100,2018-06-01
2018-06-04 13:30:00+00:00,76.51000213623047,76.51000213623047,75.80000305175781,76.41999816894531,73.84960174560547,69300,2018-06-04
2018-06-05 13:30:00+00:00,76.56999969482422,76.80000305175781,76.20999908447266,76.6500015258789,74.07186889648438,37800,2018-06-05
2018-06-06 13:30:00+00:00,76.63999938964844,76.9800033569336,76.12999725341797,76.9800033569336,74.39075469970703,72100,2018-06-06
2018-06-07 13:30:00+00:00,77.04000091552734,77.55000305175781,76.04000091552734,76.55000305175781,73.97521209716797,66900,2018-06-07
2018-06-08 13:30:00+00:00,75.97000122070312,76.37999725341797,75.47000122070312,76.30999755859375,73.74327850341797,93000,2018-06-08
2018-06-11 13:30:00+00:00,76.29000091552734,76.79000091552734,76.16000366210938,76.5999984741211,74.02352142333984,42000,2018-06-11
2018-06-12 13:30:00+00:00,76.83000183105469,77.41000366210938,76.51000213623047,77.12999725341797,74.53569030761719,86000,2018-06-12
2018-06-13 13:30:00+00:00,77.18000030517578,77.79000091552734,76.94000244140625,77.04000091552734,74.44873046875,111500,2018-06-13
2018-06-14 13:30:00+00:00,77.4800033569336,78.0199966430664,77.19000244140625,77.81999969482422,75.2024917602539,191900,2018-06-14
2018-06-15 13:30:00+00:00,76.95999908447266,77.47000122070312,76.76000213623047,77.44999694824219,75.02811431884766,50300,2018-06-15
2018-06-18 13:30:00+00:00,76.87999725341797,77.22000122070312,76.05999755859375,77.19000244140625,74.77625274658203,71000,2018-06-18
2018-06-19 13:30:00+00:00,76.12999725341797,76.33000183105469,74.8499984741211,76.20999908447266,73.82691192626953,101900,2018-06-19
2018-06-20 13:30:00+00:00,76.94999694824219,77.2699966430664,76.43000030517578,76.87000274658203,74.46627044677734,58600,2018-06-20
2018-06-21 13:30:00+00:00,77.37000274658203,77.37000274658203,75.6500015258789,75.77999877929688,73.41032409667969,173500,2018-06-21
2018-06-22 13:30:00+00:00,76.31999969482422,76.31999969482422,75.23999786376953,75.33999633789062,72.9841079711914,282000,2018-06-22
2018-06-25 13:30:00+00:00,74.83000183105469,74.83000183105469,72.29000091552734,73.18000030517578,70.89164733886719,169300,2018-06-25
2018-06-26 13:30:00+00:00,73.47000122070312,73.7300033569336,72.73999786376953,73.54000091552734,71.24037170410156,90800,2018-06-26
2018-06-27 13:30:00+00:00,73.83000183105469,74.12999725341797,71.66999816894531,71.66999816894531,69.4288558959961,146100,2018-06-27
2018-06-28 13:30:00+00:00,71.80999755859375,72.5999984741211,71.55999755859375,72.51000213623047,70.24260711669922,88900,2018-06-28
2018-06-29 13:30:00+00:00,72.94999694824219,73.27999877929688,72.25,72.25,69.99072265625,94800,2018-06-29
2018-07-02 13:30:00+00:00,71.73999786376953,72.97000122070312,71.37000274658203,72.97000122070312,70.68818664550781,63100,2018-07-02
2018-07-03 13:30:00+00:00,73.23999786376953,73.41000366210938,71.91000366210938,71.9800033569336,69.72917175292969,139500,2018-07-03
2018-07-05 13:30:00+00:00,72.52999877929688,74.19000244140625,72.52999877929688,74.18000030517578,71.86036682128906,86400,2018-07-05
2018-07-06 13:30:00+00:00,74.3499984741211,74.9800033569336,73.88999938964844,74.88999938964844,72.54818725585938,115000,2018-07-06
2018-07-09 13:30:00+00:00,75.43000030517578,75.43000030517578,74.56999969482422,75.41999816894531,73.06159973144531,58700,2018-07-09
2018-07-10 13:30:00+00:00,75.5999984741211,76.43000030517578,75.5999984741211,76.41000366210938,74.02064514160156,157300,2018-07-10
2018-07-11 13:30:00+00:00,75.5,75.69000244140625,74.54000091552734,74.5999984741211,72.2672348022461,90000,2018-07-11
2018-07-12 13:30:00+00:00,74.63999938964844,75.69000244140625,74.37000274658203,75.68000030517578,73.31346130371094,50600,2018-07-12
2018-07-13 13:30:00+00:00,75.69999694824219,75.8499984741211,75.12000274658203,75.18000030517578,72.82910919189453,30300,2018-07-13
2018-07-16 13:30:00+00:00,75.18000030517578,75.5199966430664,74.80000305175781,74.87999725341797,72.5384750366211,58500,2018-07-16
2018-07-17 13:30:00+00:00,74.41000366210938,75.75,74.41000366210938,75.75,73.38129425048828,28600,2018-07-17
2018-07-18 13:30:00+00:00,75.9000015258789,76.19000244140625,75.51000213623047,76.06999969482422,73.69127655029297,69400,2018-07-18
2018-07-19 13:30:00+00:00,75.87000274658203,76.22000122070312,75.47000122070312,76.13999938964844,73.75907135009766,58200,2018-07-19
2018-07-20 13:30:00+00:00,76.05000305175781,76.08999633789062,75.33000183105469,75.5199966430664,73.1584701538086,46000,2018-07-20
2018-07-23 13:30:00+00:00,75.22000122070312,75.75,74.08000183105469,75.63999938964844,73.27471923828125,159100,2018-07-23
2018-07-24 13:30:00+00:00,76.30999755859375,76.48999786376953,74.66000366210938,74.69999694824219,72.36410522460938,146600,2018-07-24
2018-07-25 13:30:00+00:00,74.41999816894531,74.95999908447266,73.55999755859375,74.81999969482422,72.48035430908203,146000,2018-07-25
2018-07-26 13:30:00+00:00,75.27999877929688,76.19000244140625,75.01000213623047,76.05000305175781,73.67189025878906,165400,2018-07-26
2018-07-27 13:30:00+00:00,76.05000305175781,76.41000366210938,74.48999786376953,75.0199966430664,72.67411041259766,107800,2018-07-27
2018-07-30 13:30:00+00:00,75.26000213623047,75.38999938964844,73.68000030517578,74.16000366210938,71.84100341796875,81700,2018-07-30
2018-07-31 13:30:00+00:00,74.55999755859375,75.20999908447266,73.97000122070312,74.47000122070312,72.14129638671875,105900,2018-07-31
2018-08-01 13:30:00+00:00,74.5199966430664,74.9800033569336,73.98999786376953,74.36000061035156,72.03475189208984,84800,2018-08-01
2018-08-02 13:30:00+00:00,73.54000091552734,75.29000091552734,73.33000183105469,75.22000122070312,72.86784362792969,87100,2018-08-02
2018-08-03 13:30:00+00:00,75.54000091552734,75.55999755859375,74.69999694824219,75.08000183105469,72.73221588134766,77100,2018-08-03
2018-08-06 13:30:00+00:00,75.0199966430664,76.05999755859375,74.62999725341797,76.04000091552734,73.66220092773438,109000,2018-08-06
2018-08-07 13:30:00+00:00,76.31999969482422,77.13999938964844,76.30000305175781,77.0,74.5921859741211,118200,2018-08-07
2018-08-08 13:30:00+00:00,76.9000015258789,77.4000015258789,76.5999984741211,77.29000091552734,74.87313079833984,67000,2018-08-08
2018-08-09 13:30:00+00:00,76.94999694824219,77.27999877929688,76.70999908447266,76.77999877929688,74.37908935546875,64400,2018-08-09
2018-08-10 13:30:00+00:00,75.88999938964844,75.88999938964844,74.98999786376953,75.2300033569336,72.8775405883789,93700,2018-08-10
2018-08-13 13:30:00+00:00,75.30999755859375,75.93000030517578,75.27999877929688,75.44000244140625,73.08099365234375,94700,2018-08-13
2018-08-14 13:30:00+00:00,75.69999694824219,75.94000244140625,74.87000274658203,75.05000305175781,72.70321655273438,80800,2018-08-14
2018-08-15 13:30:00+00:00,74.41000366210938,74.75,72.94000244140625,73.66999816894531,71.36632537841797,136900,2018-08-15
2018-08-16 13:30:00+00:00,74.22000122070312,74.4000015258789,73.62000274658203,73.80000305175781,71.49226379394531,79300,2018-08-16
2018-08-17 13:30:00+00:00,73.20999908447266,73.83000183105469,72.55000305175781,73.7699966430664,71.46319580078125,138900,2018-08-17
2018-08-20 13:30:00+00:00,73.91000366210938,74.30999755859375,73.04000091552734,73.91999816894531,71.60851287841797,48500,2018-08-20
2018-08-21 13:30:00+00:00,74.06999969482422,75.75,74.06999969482422,75.58999633789062,73.22627258300781,121000,2018-08-21
2018-08-22 13:30:00+00:00,75.26000213623047,75.81999969482422,74.91999816894531,75.80000305175781,73.42974090576172,48500,2018-08-22
2018-08-23 13:30:00+00:00,75.66000366210938,76.33999633789062,75.63999938964844,75.7699966430664,73.4006576538086,94400,2018-08-23
2018-08-24 13:30:00+00:00,76.1500015258789,76.81999969482422,76.0,76.79000091552734,74.38876342773438,62200,2018-08-24
2018-08-27 13:30:00+00:00,77.05000305175781,78.43000030517578,77.05000305175781,77.81999969482422,75.38655853271484,167700,2018-08-27
2018-08-28 13:30:00+00:00,78.16000366210938,78.43000030517578,77.23999786376953,78.04000091552734,75.59969329833984,140700,2018-08-28
2018-08-29 13:30:00+00:00,77.9800033569336,78.33000183105469,77.75,78.19000244140625,75.74498748779297,79300,2018-08-29
2018-08-30 13:30:00+00:00,78.13999938964844,78.44999694824219,77.5999984741211,77.7699966430664,75.33811950683594,111000,2018-08-30
2018-08-31 13:30:00+00:00,77.91000366210938,78.94999694824219,77.91000366210938,78.87000274658203,76.40371704101562,98400,2018-08-31
2018-09-04 13:30:00+00:00,78.56999969482422,79.3499984741211,78.16999816894531,79.33000183105469,76.8493423461914,110100,2018-09-04
2018-09-05 13:30:00+00:00,79.4000015258789,79.4000015258789,77.8499984741211,78.80999755859375,76.34558868408203,150200,2018-09-05
2018-09-06 13:30:00+00:00,78.63999938964844,78.70999908447266,77.06999969482422,77.12000274658203,74.70845031738281,113200,2018-09-06
2018-09-07 13:30:00+00:00,76.86000061035156,77.75,76.16000366210938,76.33999633789062,73.95283508300781,169900,2018-09-07
2018-09-10 13:30:00+00:00,76.8499984741211,76.94999694824219,76.25,76.8499984741211,74.44688415527344,102500,2018-09-10
2018-09-11 13:30:00+00:00,76.88999938964844,77.16000366210938,76.18000030517578,76.79000091552734,74.38876342773438,177400,2018-09-11
2018-09-12 13:30:00+00:00,76.0999984741211,76.0999984741211,74.06999969482422,76.01000213623047,73.63316345214844,202900,2018-09-12
2018-09-13 13:30:00+00:00,76.81999969482422,77.22000122070312,75.73999786376953,75.97000122070312,73.59441375732422,163600,2018-09-13
2018-09-14 13:30:00+00:00,76.26000213623047,76.98999786376953,76.02999877929688,76.87999725341797,74.4759521484375,86700,2018-09-14
2018-09-17 13:30:00+00:00,76.51000213623047,76.62999725341797,75.69999694824219,75.7699966430664,73.4006576538086,80000,2018-09-17
2018-09-18 13:30:00+00:00,76.1500015258789,76.98999786376953,76.13999938964844,76.70999908447266,74.31126403808594,128700,2018-09-18
2018-09-19 13:30:00+00:00,76.68000030517578,77.22000122070312,76.63999938964844,77.0999984741211,74.68907928466797,89300,2018-09-19
2018-09-20 13:30:00+00:00,77.69000244140625,78.48999786376953,77.66000366210938,78.33999633789062,75.89029693603516,73600,2018-09-20
2018-09-21 13:30:00+00:00,78.5,78.55999755859375,77.61000061035156,77.69000244140625,75.2606201171875,65100,2018-09-21
2018-09-24 13:30:00+00:00,76.97000122070312,77.5999984741211,76.4800033569336,77.55999755859375,75.37529754638672,92900,2018-09-24
2018-09-25 13:30:00+00:00,77.33999633789062,77.33999633789062,76.08999633789062,76.16000366210938,74.01473999023438,101700,2018-09-25
2018-09-26 13:30:00+00:00,76.06999969482422,76.22000122070312,75.02999877929688,75.05000305175781,72.9360122680664,121700,2018-09-26
2018-09-27 13:30:00+00:00,75.43000030517578,75.68000030517578,75.0,75.38999938964844,73.26641845703125,65700,2018-09-27
2018-09-28 13:30:00+00:00,75.25,76.04000091552734,74.91000366210938,75.91000366210938,73.77177429199219,111900,2018-09-28
2018-10-01 13:30:00+00:00,76.18000030517578,76.58999633789062,75.44999694824219,75.61000061035156,73.480224609375,116400,2018-10-01
2018-10-02 13:30:00+00:00,75.44999694824219,76.55000305175781,75.44999694824219,75.58999633789062,73.46077728271484,97100,2018-10-02
2018-10-03 13:30:00+00:00,75.9000015258789,76.08000183105469,74.93000030517578,75.63999938964844,73.50936889648438,91300,2018-10-03
2018-10-04 13:30:00+00:00,75.37999725341797,75.37999725341797,73.73999786376953,74.27999877929688,72.18766784667969,149500,2018-10-04
2018-10-05 13:30:00+00:00,74.18000030517578,74.29000091552734,71.30999755859375,71.88999938964844,69.86499786376953,163000,2018-10-05
2018-10-08 13:30:00+00:00,71.48999786376953,71.91000366210938,70.33000183105469,71.05999755859375,69.05839538574219,174300,2018-10-08
2018-10-09 13:30:00+00:00,70.87999725341797,71.2699966430664,70.58000183105469,70.97000122070312,68.97090148925781,142800,2018-10-09
2018-10-10 13:30:00+00:00,70.08999633789062,70.08999633789062,67.98999786376953,68.06999969482422,66.15261840820312,305900,2018-10-10
2018-10-11 13:30:00+00:00,67.87999725341797,69.27999877929688,67.44000244140625,67.66999816894531,65.76388549804688,274600,2018-10-11
2018-10-12 13:30:00+00:00,69.5199966430664,69.55999755859375,67.88999938964844,68.8499984741211,66.91064453125,183200,2018-10-12
2018-10-15 13:30:00+00:00,68.58999633789062,69.4800033569336,68.1500015258789,68.7699966430664,66.83287811279297,151100,2018-10-15
2018-10-16 13:30:00+00:00,69.58000183105469,71.4000015258789,69.55000305175781,71.29000091552734,69.28190612792969,97800,2018-10-16
2018-10-17 13:30:00+00:00,71.6500015258789,71.6500015258789,70.29000091552734,71.02999877929688,69.02925109863281,131500,2018-10-17
2018-10-18 13:30:00+00:00,70.68000030517578,70.68000030517578,69.04000091552734,69.19999694824219,67.25080108642578,147100,2018-10-18
2018-10-19 13:30:00+00:00,69.58000183105469,69.9800033569336,67.88999938964844,68.08000183105469,66.1623306274414,162500,2018-10-19
2018-10-22 13:30:00+00:00,68.51000213623047,68.73999786376953,67.87999725341797,68.38999938964844,66.46359252929688,152100,2018-10-22
2018-10-23 13:30:00+00:00,66.7699966430664,68.43000030517578,66.0,68.01000213623047,66.09431457519531,151800,2018-10-23
2018-10-24 13:30:00+00:00,67.1500015258789,67.1500015258789,63.34000015258789,63.369998931884766,61.58499526977539,395600,2018-10-24
2018-10-25 13:30:00+00:00,63.84000015258789,65.41000366210938,63.7599983215332,64.95999908447266,63.130218505859375,174400,2018-10-25
2018-10-26 13:30:00+00:00,63.31999969482422,64.83999633789062,62.47999954223633,63.66999816894531,61.87654113769531,178300,2018-10-26
2018-10-29 13:30:00+00:00,64.81999969482422,65.23999786376953,62.279998779296875,63.25,61.46837615966797,198400,2018-10-29
2018-10-30 13:30:00+00:00,63.16999816894531,65.79000091552734,63.16999816894531,65.79000091552734,63.93684005737305,228500,2018-10-30
2018-10-31 13:30:00+00:00,66.58999633789062,67.69000244140625,66.26000213623047,67.30000305175781,65.40430450439453,199200,2018-10-31
2018-11-01 13:30:00+00:00,67.6500015258789,70.69000244140625,67.6500015258789,70.52999877929688,68.54330444335938,176300,2018-11-01
2018-11-02 13:30:00+00:00,70.0,70.0,68.61000061035156,69.51000213623047,67.55205535888672,150700,2018-11-02
2018-11-05 14:30:00+00:00,69.41999816894531,69.41999816894531,67.79000091552734,68.7699966430664,66.83287811279297,104100,2018-11-05
2018-11-06 14:30:00+00:00,68.52999877929688,69.55000305175781,68.52999877929688,69.13999938964844,67.19245910644531,87400,2018-11-06
2018-11-07 14:30:00+00:00,69.93000030517578,70.30999755859375,69.33999633789062,69.87000274658203,67.90189361572266,124200,2018-11-07
2018-11-08 14:30:00+00:00,69.23999786376953,70.3499984741211,69.23999786376953,69.95999908447266,67.9893569946289,89300,2018-11-08
2018-11-09 14:30:00+00:00,69.25,69.3499984741211,68.27999877929688,68.87999725341797,66.9397964477539,184700,2018-11-09
2018-11-12 14:30:00+00:00,67.80999755859375,67.80999755859375,65.30999755859375,65.44000244140625,63.596710205078125,171200,2018-11-12
2018-11-13 14:30:00+00:00,65.83000183105469,67.80000305175781,65.83000183105469,66.44999694824219,64.57823944091797,176400,2018-11-13
2018-11-14 14:30:00+00:00,67.1500015258789,67.76000213623047,66.51000213623047,67.19999694824219,65.30712127685547,152300,2018-11-14
2018-11-15 14:30:00+00:00,66.98999786376953,69.63999938964844,66.9800033569336,69.47000122070312,67.5131607055664,189600,2018-11-15
2018-11-16 14:30:00+00:00,67.56999969482422,69.47000122070312,67.56999969482422,69.27999877929688,67.32853698730469,183100,2018-11-16
2018-11-19 14:30:00+00:00,69.05000305175781,69.05000305175781,66.66999816894531,66.7699966430664,64.88919830322266,69000,2018-11-19
2018-11-20 14:30:00+00:00,64.9800033569336,67.37999725341797,64.9800033569336,66.5199966430664,64.64625549316406,136600,2018-11-20
2018-11-21 14:30:00+00:00,67.25,67.81999969482422,67.05999755859375,67.31999969482422,65.42373657226562,49200,2018-11-21
2018-11-23 14:30:00+00:00,66.72000122070312,68.04000091552734,66.72000122070312,67.41000366210938,65.5112075805664,14700,2018-11-23
2018-11-26 14:30:00+00:00,68.23999786376953,68.97000122070312,67.93000030517578,68.9000015258789,66.95924377441406,68100,2018-11-26
2018-11-27 14:30:00+00:00,68.45999908447266,69.4800033569336,68.18000030517578,68.68000030517578,66.74542236328125,64700,2018-11-27
2018-11-28 14:30:00+00:00,69.22000122070312,70.54000091552734,68.23999786376953,70.54000091552734,68.55303192138672,55200,2018-11-28
2018-11-29 14:30:00+00:00,70.12999725341797,70.63999938964844,69.88999938964844,69.95999908447266,67.9893569946289,46100,2018-11-29
2018-11-30 14:30:00+00:00,69.69999694824219,70.79000091552734,69.16000366210938,70.79000091552734,68.79601287841797,185800,2018-11-30
2018-12-03 14:30:00+00:00,72.43000030517578,72.79000091552734,71.87999725341797,72.58999633789062,70.5452880859375,236300,2018-12-03
2018-12-04 14:30:00+00:00,72.12000274658203,72.23999786376953,69.4000015258789,69.4800033569336,67.52290344238281,117000,2018-12-04
2018-12-06 14:30:00+00:00,67.63999938964844,68.93000030517578,67.4800033569336,68.93000030517578,66.9884033203125,142400,2018-12-06
2018-12-07 14:30:00+00:00,68.88999938964844,69.16000366210938,66.30999755859375,66.66000366210938,64.7823257446289,148600,2018-12-07
2018-12-10 14:30:00+00:00,66.55999755859375,67.25,65.9800033569336,67.04000091552734,65.15162658691406,81300,2018-12-10
2018-12-11 14:30:00+00:00,68.0999984741211,68.9800033569336,66.94000244140625,67.27999877929688,65.38485717773438,82400,2018-12-11
2018-12-12 14:30:00+00:00,68.33999633789062,69.18000030517578,67.9000015258789,68.27999877929688,66.35669708251953,81000,2018-12-12
2018-12-13 14:30:00+00:00,68.5999984741211,68.69999694824219,67.63999938964844,67.75,65.84162139892578,59100,2018-12-13
2018-12-14 14:30:00+00:00,66.97000122070312,68.19999694824219,66.73999786376953,66.7699966430664,64.88919830322266,70100,2018-12-14
2018-12-17 14:30:00+00:00,66.56999969482422,67.66999816894531,65.37999725341797,65.7300033569336,63.8785400390625,113700,2018-12-17
2018-12-18 14:30:00+00:00,66.41999816894531,67.81999969482422,66.27999877929688,66.7699966430664,64.88919830322266,83100,2018-12-18
2018-12-19 14:30:00+00:00,66.43000030517578,66.87000274658203,63.68000030517578,64.0,62.197242736816406,275300,2018-12-19
2018-12-20 14:30:00+00:00,63.91999816894531,64.94000244140625,62.40999984741211,63.22999954223633,61.44894790649414,224500,2018-12-20
2018-12-21 14:30:00+00:00,63.41999816894531,64.02999877929688,61.70000076293945,61.91999816894531,60.17584228515625,198100,2018-12-21
2018-12-24 14:30:00+00:00,61.220001220703125,61.720001220703125,60.130001068115234,60.130001068115234,58.632266998291016,90500,2018-12-24
2018-12-26 14:30:00+00:00,60.83000183105469,63.7400016784668,60.13999938964844,63.7400016784668,62.15235900878906,92500,2018-12-26
2018-12-27 14:30:00+00:00,62.81999969482422,64.12999725341797,61.939998626708984,64.12999725341797,62.53264236450195,146400,2018-12-27
2018-12-28 14:30:00+00:00,64.5,65.4800033569336,63.7599983215332,64.23999786376953,62.63990020751953,51400,2018-12-28
2018-12-31 14:30:00+00:00,64.8499984741211,65.16000366210938,64.0,64.69999694824219,63.088443756103516,87300,2018-12-31
