beta_perm_h2,beta_perm_h3
-0.01860455451858807,-0.00805995184234284
-0.039587191011071665,-0.05693721708387564
0.015640445880821894,-0.029184167240940143
0.04139421942031579,0.02837245694164446
0.006062526478880864,0.006088786916482861
0.009683106952402695,-0.019774677023562462
-0.010839018443051308,0.02548924662171561
0.008180545632563698,0.020638231927732287
-0.002197147882518736,-0.04530683218150571
0.0019816834219904085,0.01500896930001732
0.003993355992900686,-0.0037793631323181885
-0.06345198754112029,-0.015461450402551289
0.0011418077709639415,-0.0024763099489262703
0.012881949751112171,0.009771641615916725
-0.10141201954601169,0.014715474220229723
0.009562306517266977,-0.0590155346975624
0.009392685825370522,-0.05941794934532778
0.045954554770142896,0.021206339822103765
0.017262745403814315,0.01420060688446817
-0.0014907905442959326,0.019995827885790664
0.025569147287509933,-0.05876928292812817
-0.0019128700518328068,0.03324692891442125
0.03520262973680564,0.021992439968339522
-0.012894855227797417,-0.04024151660713645
0.021360365023190494,-0.012656108866158538
-0.011383404427110888,-0.03465662115429343
0.021056216320602963,0.009844854272065474
0.026762800315074185,-0.030552410960047287
0.009247864519145197,0.016323461535772313
0.004522244598647187,0.013185476001951968
0.03272769527587085,0.05058713319557344
0.0354126045317132,0.014148998939867673
0.02992271484911699,-0.015435868495359783
-0.01173273198309424,-0.01192438651339051
0.001602784872008155,-0.04258022292469362
-0.011481949403776585,0.028550950762495544
-0.019756470759933024,0.0038364275055247712
-0.01952872601682808,-0.00016441909338158964
-0.03037779033514517,-0.00808499596877522
0.0402465896552524,0.005282576739490646
-0.005643010793582496,-0.03309310563396778
0.032791413075988776,0.017610628497851978
-0.007402256605481129,0.006216258976003856
0.01263885342656261,0.02014164491908426
0.021052547518272888,0.0037520761921238446
0.0001541088927731584,-0.01658053254414683
0.03293786982504599,-0.03296829276023073
-0.0022156720420909827,0.006245142122092588
-0.02032470501125156,0.0219470225823912
0.0012981232430640882,-0.045336331138362926
-0.0027960130134406136,0.04232391718264089
-0.013895235628517728,0.02182025498331202
0.028036131638657452,0.041867892673657855
-0.005643010793582496,-0.03309310563396778
-0.05572581801022707,-0.024970658326147054
0.018141287092172165,0.009824474337335694
0.058673778064103996,-0.06325904034258625
-0.0009765300203080897,-0.02334762506606563
0.027713609968069406,0.006608344960539102
0.06459871311587603,-0.03974650509109551
0.044197474082481356,-0.012438015140144115
-0.03129270644098151,0.04377077984325123
-0.011359063993077075,0.034473681624989705
0.020583052712311565,0.03181075311353118
-0.05211715000669002,-0.044078910792355264
-0.00909974914169174,0.06427476077571256
0.04706987025713536,0.04815832143423676
-0.00785575626487395,0.026850473796192084
0.0005947727712535141,-0.03474378568498512
-0.006754037418721055,0.0437868080742992
-0.011152033738021067,-0.028491515509957696
0.024804100558255188,-0.0064333892267038235
-0.0062225062755722005,-0.0340270547975777
-0.02906334532666202,-0.04301643381261154
0.004760385476514843,0.006817825027406375
-0.011375657489882235,0.053168640423352884
0.022273222888624242,-0.03648222292338034
-0.014641542072388995,0.0007083708418949147
0.003510868668033498,0.02419120801453243
0.0021398568834554033,7.526709107833277e-05
-0.013024631801442883,0.03641626679308299
-0.012379809921596159,0.0515390395768557
0.05052997951059432,-0.039845948359002514
-0.06951179065527265,0.017917611051137525
-0.026598061827095915,-0.04226125653676417
-0.05085858012274178,0.07550087793759931
-0.030668999972469448,-0.006823004926464194
-0.014230361312055313,0.02307324260139975
0.029691162800873482,-0.0022685600527305658
-0.01709101972783975,0.011818122792351005
0.023182998004017106,-0.009273042555706029
-0.03236359369755134,-0.04283724228235646
0.02884462344171093,-0.006054850418183471
-0.008398822395834952,-0.00467479619439249
-0.03181815938633646,0.021933100308857707
-0.004089244000222052,0.018259493002863586
0.013059480878966905,-0.02823266490342599
-0.013714309331632538,0.04337865446228817
-0.023082355460650367,-0.01658053254414683
0.04242219012906128,-0.05829246531824676
-0.034023682356807916,-0.01712509045070689
-0.0005593265530954916,-0.002788417400880247
-0.032735788147353596,-0.05227366133989552
0.01318080397882745,0.0034915089808504676
-0.003739909346192074,0.008305572823385086
0.02072117090101449,-0.003778292900159814
0.001670743432208238,0.021169571975894565
0.012720836050616281,0.015586177454495927
0.01318080397882745,0.0034915089808504676
-0.03486213445938297,-0.07539935722564275
-0.03544463265336025,-0.05926067196860911
-0.03426164160308248,-0.025058818817186003
0.02314357535515794,-0.05664852437433646
-0.014073191795473955,-0.05876928292812817
-0.023033805180179272,0.0372702353166086
-0.011359063993077075,0.034473681624989705
-0.03478381490227346,0.02094739270705543
0.03152881034613875,-0.05767679302086382
0.029657671994455553,-0.040769949281036146
0.00017547241375029325,0.00560844155789611
0.03126551703178212,-0.028987098740214767
0.06285023964569691,-0.04360667858352763
-0.028265047081803735,0.03164420720902251
0.03498515945089654,-0.038075481493163955
-0.008526325117576483,0.013110672036442762
0.011788040580236216,0.03157061982571118
0.01381965015927684,-0.0028326388761420497
-0.027205569406676133,0.025767686812312326
0.04466022182920402,0.01096009648740278
-0.022606150314860587,1.1267366063053702e-05
0.0074960413625515705,0.09501067265366248
-0.021668722535891447,-0.01916759356207068
-0.015091301973750764,-0.03191267774926933
0.011439051567838384,0.008408734990034354
-0.06015097966898669,0.0005517134386230915
-0.04326338601519909,0.004057230226125912
0.015280214174837634,0.05268152611116557
0.0013557347049769992,0.03869590812407617
-0.07163199658945625,-0.045029921707957686
0.034203332237678505,0.021223529959574168
0.005403830503254707,-0.011517761283653845
-0.022656337640483932,0.01388118215760522
-0.01115516055734976,-0.007745399223525861
0.0019816834219904085,0.01500896930001732
-0.03129270644098151,0.052036187998157
0.048049866700190576,0.035047947671713736
-0.034984799308368085,0.030660532485577402
0.05214274524836402,-0.04357847658645079
-0.00573403928565499,0.02294375103378598
-0.009176428855887018,-0.02799871940627334
-0.040553276896617765,-0.033133776812395904
-0.007402256605481129,0.006216258976003856
-0.03203402929794713,0.0068607776064415205
-0.01860455451858807,-0.00805995184234284
-0.007873301328378017,0.0005251545757748513
-0.04078157453889224,0.014649313062383727
-0.006730273410090872,-0.04361104411302848
0.013333129077394904,0.001423198102608117
0.018218302247615597,-0.042133225748561584
0.04167536595447138,-0.006722760175443619
0.05155196995709651,0.05228442702007163
-0.00785575626487395,0.026850473796192084
-0.029210703514142504,-0.022234540531252414
0.006844851856706304,0.006090882840216735
-0.013649061956074786,-0.012826595464268332
-0.020610218585314262,-0.015729698535467566
0.05210345625137628,-0.04790828336533115
-0.0029883542519983557,-0.021436308177162366
-0.02572992795899028,0.005098765370299366
-0.0001260095472672479,-0.02490226752037574
-0.008360126069662991,-0.018904534618862122
-0.013994070096654604,-0.05656235340199085
-0.010392736232491127,-0.024710663272253162
0.013333129077394904,0.001423198102608117
-0.00034587836078585696,0.004832261313796542
-0.011229402792804969,0.006725413938267699
-0.004065357007262711,0.04586727559909223
-0.034916153805088564,0.009934387021335818
0.021674353936845678,-0.041271330046904774
-0.021668722535891447,-0.01916759356207068
-0.04350189807961133,-0.05882366414143135
-0.02313378518861834,-0.03634116931682471
-0.008360126069662991,-0.018904534618862122
0.017383657348543097,0.002737164741299203
0.02826710663070666,0.022924547865214077
-0.0014907905442959326,0.019995827885790664
0.000953407214826331,-0.0005633804913745856
-0.0012025318238375526,-0.054383704557433785
-0.03649917271198427,0.046840439586239235
-0.02842293195623654,-0.007937034026424972
-0.0032809953655400653,0.041401618396267506
-0.03082356673457671,0.014742482857777767
-0.03172121989496392,0.019460908524818653
-0.016836561083749615,0.09618166960359653
-0.011643796901038143,-0.03675150881371939
0.006403787446565478,-0.05598269550120072
0.007639932020252969,-0.02241283364189329
0.011808900315108038,-0.005887431172375765
-0.0029212408679697727,-0.028584809301415354
-0.02854970098525876,0.01710531291427913
0.021879746612227354,0.010964673891030098
-0.07654996051038764,-0.03309800571445582
-0.04876974526485617,-0.017156508824146554
-0.027404156181597406,0.019831051374812253
0.022065091229254975,-0.008558966424619474
0.066423967882377,-0.05049126902580927
0.001681662438499322,0.03706308033487185
0.007346019599366925,0.02560841864177872
-0.020695929354657323,0.015239784043540781
-0.028670653165325917,-0.04792162278372276
0.0330232491733843,0.007727782019561348
-0.027883535735667552,0.01290209911728709
-0.02513557034222951,0.08079855017176159
-0.03838046157082865,0.00560844155789611
-0.007643609247924956,0.06666610246595468
0.0042823789243565035,0.021460913968135376
0.03438026557985597,0.00782566528265509
-0.04073075416330054,0.04830508466799115
-0.0035545639227099178,-0.014450197230450145
-0.006811303641376035,0.03706287935582965
-0.033900474428919594,0.02252327381442923
-0.04561904008576287,-0.0020855024411075736
0.03421883114564209,0.05068620544927581
-0.006021008582500261,7.255108543827854e-05
-0.011737726174305737,0.05019523059752572
0.008748079405729334,0.018303642841668875
0.011519729136063039,0.02226543785211306
-0.004632732420389493,-0.022887951593088735
-0.015284778074058133,0.0007327241119800335
0.012881949751112171,0.009771641615916725
0.02115128605574622,-0.01650358743851951
-0.03810368642079893,-0.01731192833633932
0.031241346792423748,-0.031609839761364125
-0.05336786549531092,0.04337930275671034
0.048903834730213515,0.026556772318557992
0.014346017040435956,0.05715482192983988
-0.014230361312055313,0.02307324260139975
-0.014119935949174081,0.015174253595623868
-0.014230361312055313,0.02307324260139975
-0.021755255705892554,-0.03392135443585189
-0.01825238981225875,0.041867892673657855
-0.01115516055734976,-0.007745399223525861
0.03300942614911923,0.028957549101233777
-0.041614367378202954,0.05463143468367547
-0.004254416770567655,0.004875168435628734
-0.024273240099847916,0.0034787805286103576
0.019439665758613917,-0.008683487848703125
0.039239670677848844,-0.00023735329365353816
-0.05229659209867482,0.04692313894171948
-0.03691112547542142,-0.018906278865276654
-0.017212013777545058,-0.011292706269691736
-0.006551790050103786,-0.06771437035032718
0.04331934887163068,0.026850473796192084
0.0095532333491056,-0.006951049642265072
0.03338585649962436,0.014399107556321927
0.034796727651941535,0.0338595914825052
0.041280364537399146,0.004020803971568253
-0.006486298090313456,-0.054529852612140314
-0.019160004696065044,0.03493876194689263
-0.005444096441100468,-0.032837585357835083
-0.015341398242539167,-0.046773275080455756
0.05270850778948741,-0.02356830964326396
-0.08888942371687325,-0.03808187502400307
-0.015207251999972301,-0.006147472721249485
-0.039124456310612794,-0.017740717794327024
0.03787104667131879,-0.045352841380047165
-0.00792398454806237,-0.04168791413028844
-0.03009160004142149,-0.003397787295925783
-0.021415785822247305,-0.02970480490698638
0.019439665758613917,-0.008683487848703125
-0.01823123950455834,-0.032088100945054765
-0.0013646489856990326,0.0219470225823912
0.01512315791049619,0.07426905983227838
-0.008796973416708247,0.018816772264608435
0.025099099661979877,-0.03774119254133212
-0.02829410002572707,-0.052352321112674696
0.008847468407563853,0.00956442817250451
-0.018704974992377024,-0.047612493403764375
-0.058179687814711945,-0.014523440798136113
-0.040207305638622425,-0.006482057351492265
-0.025744721985034164,0.02358951563832011
-0.03175502350276833,0.011404772396790136
-0.029352262411608758,-0.045452803598254175
0.025738834913191393,-0.009820220028937277
0.010670377830843906,-0.019596415693600346
-0.01541987875889781,0.0035127085627029223
-0.01230306759930678,-0.05001328654201484
-0.05007322487966917,-0.04051510147592646
-0.02033193892459862,0.008626203265701085
-0.006434879032987122,-0.011542787563727057
-0.010782855536969447,-0.028469019615529827
-0.000779075814349319,0.03848817550250419
-0.04326338601519909,0.004057230226125912
0.008142997126919082,0.1025611096705179
0.002389942271495825,0.0009601057388246986
0.01267907630670173,0.04069653755818707
0.01479033977786748,0.0010210126591498475
0.004340898917148511,0.03706287935582965
-0.004089244000222052,0.00834348434200511
-0.0008760777421365875,0.024056825314645904
-0.024019297879616017,0.006849948003421917
-0.01998911004648556,0.028730202167802393
0.06820919076061388,0.07499338736117941
0.0064422418229352985,-0.0337390738562341
-0.03107581671948225,-0.029018523075521212
0.011788040580236216,0.03157061982571118
0.05327054509534802,-0.012544566527386353
-0.012393615026420557,0.008299347303127168
0.042900518892937035,-0.014223670004217448
-0.0009765300203080897,-0.02334762506606563
0.046652942434938706,0.03020479387997496
0.04691442045138759,-0.0033845678763031913
0.022117072928224926,-0.029243969337570352
-0.028152345097716074,0.021677826247817777
0.046465597001914126,-0.05241323051992933
-0.013139955398210426,-0.01683533422657726
0.03021878998324542,-0.025128869456473583
-0.01677767295914301,-0.0017241707692414975
-0.012488386938274872,-0.01911583294722307
0.020521699853956896,-0.03284885947420028
-0.04923686073745575,0.025074401680448298
-0.054670547748472326,-0.041271330046904774
0.028199881437304623,-0.0343917302313089
0.026511766859883615,-0.0015226510653569385
-0.015817914241216525,-0.03112757211045076
0.008514414720696542,0.005249360975429551
0.002196119759002376,-0.053812625107813275
-0.06898795073017423,-0.0074236532135219906
-0.01965008398023533,0.027163648454589587
-0.017243908778434548,0.017311846257057548
-0.006021008582500261,0.011440270705358739
-0.00915834881507968,0.0017444828269392865
0.006361091688948304,0.04524250696177248
-0.018985404174456808,0.04794892378056101
-0.006202351027934347,0.00013407800084528493
0.01496981380640957,0.009885072724520563
0.02674146319344792,-0.01003416837067651
-0.016306776689280406,0.03882635316157117
0.026096054664688482,0.07850394787362824
-0.033734733725828005,0.02506414314556621
0.020429546446321528,0.020416035723454184
-0.01603556516612757,0.012844523301563007
-0.016460379942712475,-0.0006253152201700016
-0.042304107488831046,0.05463143468367547
0.01058478067018703,0.0338776601655897
-0.04288485092480281,0.020794127657001872
-0.04862941811229855,0.020216895546660445
-0.04178061097200113,-0.0327865056759676
0.002214036372239582,0.02413843102541497
0.006255513393742859,-0.01440837232145482
-0.02047901276085847,-0.0783643036371029
-0.006434879032987122,-0.011542787563727057
0.0430468461488313,-0.04567163083867978
0.0109371198070167,0.05814437635617979
0.0011502388143296706,-0.001278266410673936
-0.021755255705892554,-0.03392135443585189
0.03813994234432674,-0.0029535554722557207
0.033563796035700574,-0.053184823908205545
0.028970381483316848,-0.021310389675370744
-0.04061650228742224,0.029103063887206945
0.11932410193268686,-0.03270198822229971
0.039446931513297985,-0.007223655237475417
0.024049665390891952,0.008458093138308101
-0.023972455674372214,-0.0011178879607042676
0.027972058344118436,-0.026475625231449897
-0.0005238433922723292,0.01250586548753254
-0.01643391366600367,0.003107054720642932
-0.014005064179979203,-0.012812268038403893
0.025569147287509933,-0.05876928292812817
0.026511766859883615,-0.0015226510653569385
-0.008417528416697911,-0.0029578501294016298
0.017845958781919,0.0058164546819320095
0.024027649622163225,0.002749494004597057
0.011808900315108038,-0.005887431172375765
0.03349128195243056,0.019658258486571274
-0.01025303442684513,0.014256432038663058
-0.016819114444156815,0.01874424653479754
0.06818425304421817,-0.004561515183100592
0.016881591791863073,0.05807662521798959
0.01408601069288261,0.02911049220827642
-0.0034733155497905744,0.03976190330623139
0.0070467445007333165,-0.009808858246996094
0.04691442045138759,-0.0033845678763031913
0.04641178497657327,0.020552917092291678
0.026782655460134815,-0.02112041965244299
-0.02929396017590838,-0.001163837935859821
0.0006663983455830221,-0.05012929058940557
-0.03838046157082865,-0.0011484740689699444
-0.002340438246176008,0.003714106247576003
0.014430582397919719,0.017622655394722013
0.03293786982504599,-0.03296829276023073
-0.019831402991817397,-0.0022299929504309667
-0.0027358217411772245,-0.01190455416482791
-0.003155940378227538,-0.0036454415471659403
0.036142501364840894,0.027792850925207405
-0.015341398242539167,-0.046773275080455756
0.051209038172370755,0.022869832138868722
-0.021040260068436775,0.04906743618105855
0.004020050177846951,0.0037520761921238446
-0.03926499563273168,-0.011470064167789477
-0.032735788147353596,0.03990832195444548
-0.01616014915473738,-0.014061284997001369
0.05028116989119868,0.028338635701871742
-0.006610014511785025,-0.023792599885616158
0.014043371147287273,0.010530244987326631
-0.040819056700885516,-0.015103135618767902
-0.033969783753858944,0.014084878421809756
-0.02011030227444231,0.004748429693570824
0.000953407214826331,-0.0005633804913745856
0.00032517569706390294,-0.005294317489734888
0.026743130812137684,0.004541987895076191
-0.031043689303528035,0.0185911999202927
-0.033969783753858944,0.014084878421809756
0.02085391378718626,-0.0011178879607042676
0.006381967609191049,0.019995827885790664
-0.00662325766057139,-0.008269588182912445
-0.020669783581120274,-0.017807874376539745
0.018108529599077376,0.014205841788793819
0.030448759789577264,0.05695704794757375
0.020521699853956896,-0.03284885947420028
-0.038859422867447854,0.006088786916482861
-0.05234246493006471,-0.026219403792780382
-0.011511242032140694,0.027470583082022534
0.02019398403809009,0.00023396357615471097
0.028553196169897873,-0.008059471641233818
-0.06898795073017423,-0.0074236532135219906
0.03746581392504295,-0.004921136202399319
-0.015913510705009615,-0.029971088909884782
-0.00410576885563421,0.009765676612621982
0.0018480249572040246,0.02932787358151931
-0.0019128700518328068,0.007334315235825832
0.0011836160225099906,-0.04312509817754285
-0.035561376934534726,0.04962117545248913
-0.034703133089743064,0.004747488315218887
-0.007635455501368028,-0.007797593045375566
0.045954554770142896,0.02932787358151931
0.05365825737115346,-0.013995274993074621
0.0018308678812976452,0.0027100695424580393
0.026965637215140864,-0.04657054399209003
-0.01874839632556451,0.0036402205452414488
0.015315862574879617,-0.006812616460942729
0.010643285205161319,-0.005910810860432596
-0.03086004763341026,-0.03814665999460798
-0.03462141225113482,0.04719736232942777
-0.012740943644347451,0.018084905033853647
-0.059429027310957186,-0.006147472721249485
-0.049842216328469205,-0.05823364260409848
-0.03414278937157766,-0.00584108478809927
-0.013919501360958526,0.029229985574791104
-0.016622265106607227,-0.017015236773187354
0.030103475331923094,-0.007542666011373208
0.00653305646068981,0.004057230226125912
0.04704915316277824,-0.026214148509009473
0.04384420418421734,0.04206707831608039
-0.0009717309341770746,0.01816364679021961
-0.035932354203736507,-0.02810153334690677
0.0011418077709639415,-0.0024763099489262703
0.04241612292966467,-0.05652589268929645
0.05542782921380622,-0.01965360641784366
0.007639932020252969,-0.02241283364189329
0.025900903365309473,-0.0293955074756964
0.0329252265232144,0.024367209482346483
0.026638716288484913,0.004209869082214636
0.00833040124670063,0.041366153076458786
0.04087557393719402,0.003830530767298397
0.059942537608003686,0.014234809741125981
-0.01603556516612757,0.012844523301563007
0.0436151145911078,-0.07078898414188049
0.011404273401503599,-0.01395585070618408
-0.009868209126300624,-0.00469503612424773
-0.027085022989914654,0.051017680266615836
0.029239296375950293,-0.021139897531879826
-0.0031901358904201623,-0.03196351166885208
-0.03336210490371393,0.01043894747624858
-0.003093544197512117,0.04206707831608039
-0.0562309791377561,0.021223529959574168
-0.007564243458015484,-0.03145213185310324
0.040035549836611777,0.047316196712134564
-0.007593723210062591,-0.05115976047644396
-0.03889299234580597,-0.00805995184234284
-0.02773283231945168,0.0211036536468601
0.012132087537947162,0.034473681624989705
-0.0147149331170383,-0.00469503612424773
0.06818425304421817,-0.004561515183100592
0.014261690188196445,-0.005756699614452399
-0.006202351027934347,0.00013407800084528493
0.03646030194226914,-0.044078910792355264
0.03673115505299253,-0.023033827856193664
0.05147721310153424,0.01735101995471966
0.01494022602637798,-0.005103080249278167
-0.029837833701289916,-0.0011484740689699444
-0.019800772818686575,0.02638970249288841
0.01819262875472809,-0.01510672269404657
-0.024255111514316124,0.004418942509230785
-0.021372817792287894,0.01888780362741154
-0.035561376934534726,0.04962117545248913
0.0010272872626689166,0.013935421826243757
-0.024451896355917414,-0.02209125143808128
0.04231899363011794,-0.013861519534936362
-0.02572992795899028,0.004541987895076191
0.0006663983455830221,-0.05012929058940557
0.004442425465384837,-0.0010100734497720393
-0.010513011391526078,-0.002434090960962268
-0.04097971899473776,0.03913337152030982
0.04459265693365281,-0.006585881734041649
0.034203332237678505,0.017610628497851978
0.004336883291304919,0.040266206451901446
0.020583052712311565,0.03181075311353118
-0.008187203564325719,0.022977330769249814
0.02665301380677319,-0.008875308812457844
-0.005140772115074697,0.014205841788793819
-0.03934546942550138,-0.008542315000115085
-0.018985404174456808,0.04794892378056101
0.037011984471962946,-0.04419658548325049
-0.027883535735667552,0.07899289979650069
-0.03810368642079893,-0.038942367668693176
-0.017649528585177113,-0.04452240181267446
-0.03258100252213464,-0.02624284664232935
0.017383657348543097,0.002737164741299203
-0.012822645785480835,0.0009685025338896994
-0.007564243458015484,-0.03145213185310324
-0.04266034446284229,0.009531359153817726
0.007309535237479245,0.019262028730717355
-0.02782219691295811,0.013663929191809636
-0.04078157453889224,0.014649313062383727
0.009392685825370522,-0.05941794934532778
0.02856465622656351,-0.0450175540204612
0.006688262011445331,0.03775271602831523
0.05180460768538499,0.006216258976003856
-0.033867704557467224,-0.012097113237230402
0.00199553027880751,0.007985549306679267
0.030957153473401302,-0.04419658548325049
0.011491484420905047,-0.07645243868175047
-0.010751225379982198,0.023023068745623744
-0.004929481708415208,0.0025634380506505752
-0.042457760642705206,0.0032272717371625848
-0.011511242032140694,-0.013818693286016474
0.017291384794445443,0.03882635316157117
-0.014054970756107106,0.014795626997925644
-0.02114853337920081,-0.0356951825596764
-0.004254416770567655,-0.024628329560427317
0.04910501712607606,-0.013886693731538493
0.0476433505372899,0.016078542964829336
-0.0212621081654185,0.10394619722478254
-0.029535682376242836,-0.021532538103902137
0.03349128195243056,0.019658258486571274
-0.008262017998154254,-0.06187093503305501
-0.0001260095472672479,-0.02490226752037574
-0.08888942371687325,-0.03808187502400307
0.02674146319344792,-0.01003416837067651
-0.02662734919568473,-0.0012634060121286816
0.004336883291304919,0.040266206451901446
0.023856269866616597,-0.026214148509009473
-0.04326338601519909,0.04815832143423676
-0.035561376934534726,0.04962117545248913
0.018822043131327074,-0.031511220984063185
0.041294962843249225,0.06412746644257428
-0.019162838104125998,-0.03838351036884548
-0.013024631801442883,0.03641626679308299
0.015914234241329376,-0.032191211611419045
0.05010171764761689,0.015481817342295118
0.04360033627157433,0.0011551449028539343
0.06262969398211601,-0.046313344230983045
-0.02703133568268617,-0.023743385043160842
-0.030083915181513775,0.015299842885890966
0.003523703265409358,-0.015688149761682778
-0.008884814952516742,-0.011292706269691736
-0.013193024826013937,0.01606442970746421
-0.02056111193994956,0.0010601433272121596
0.001227090848193651,0.04185074636565975
0.0027672005232372014,0.010890241461046099
-0.008986677065042324,0.004748429693570824
0.006982347333763906,-0.01576643964312974
0.044197474082481356,-0.012438015140144115
0.008322926282753681,-0.025612684703634307
-0.003020893303975119,0.030442696523738523
0.0696003643556251,0.0016978491137293744
0.02794171071686851,0.00715161425580782
0.03498515945089654,-0.038075481493163955
-0.040207305638622425,-0.006482057351492265
-0.009132363581332329,0.008969544683727411
-0.006837638297414021,0.0019380559275553183
0.0028851068401652765,0.00471598075307441
-0.009255965525369742,0.010420266262520753
-0.03172121989496392,0.019460908524818653
0.025223090858405156,-0.026811434007738423
0.017894563978068594,0.03253572353788136
0.04004341650869465,-0.07325496582727539
0.04035674344995198,0.025520753662338275
-0.0062225062755722005,-0.0340270547975777
-0.029632784106195714,0.020123936804235854
0.019214204832711072,-0.03700280326190647
0.003983434714420557,-0.013738114388271827
-0.0005864581848297213,-0.025868769634453496
-0.024273240099847916,0.0034787805286103576
0.0025030599678448565,0.015657283774318236
-0.0027358217411772245,-0.01190455416482791
0.05312233800821821,0.0038745228444792418
0.018424910150227965,0.04017379450480296
0.06170734975227691,0.03493876194689263
0.032250988990821426,0.06202811555486151
-0.030815125781379994,-0.029666097437615665
0.0003894458866877289,-0.024797563783977558
-0.009255965525369742,0.010420266262520753
0.048049866700190576,0.035047947671713736
0.004737154600442541,-0.03103492372697586
-0.029837833701289916,0.01466339278736152
-0.01658904063680863,0.04185074636565975
-0.02842293195623654,0.03422119810708725
-0.025221998276511302,-0.0340270547975777
0.024276272391687205,0.03846511983286367
-0.02032470501125156,0.0219470225823912
0.022970397882103435,-0.02451675610245273
0.010591893915914516,0.040605945382405695
0.015957136142476576,-0.045352841380047165
0.021107260931239585,-0.03919980315402491
0.04474408489495341,0.004502178773910813
-0.0212052294336888,0.0316661886483555
0.07955263993007247,0.011135882757705239
-0.013326421367777041,-0.04992719223170535
-0.020695929354657323,0.015239784043540781
-0.0028852919111106707,0.011489746899544163
-0.0017027078579533068,0.0014205406391619019
0.012720836050616281,0.015586177454495927
-0.008360126069662991,-0.004063252630777815
-0.04786447024697144,0.032384522414244075
-0.01025303442684513,0.014256432038663058
0.004136748914329937,0.04182014933000344
0.004956149797800638,0.08195203867922173
0.02314357535515794,-0.05664852437433646
0.02511052230919571,-0.009853087390058175
-0.024451896355917414,-0.02209125143808128
0.04302010683681048,0.005925735764102824
-0.0015484941954626197,-0.01410749975426048
0.07879809760884886,0.008676451289835005
0.012720836050616281,-0.018219024460029744
-0.029702324639125217,-0.007542666011373208
-0.00792398454806237,-0.040475753594003454
0.002669986738400521,0.006691423744480972
-0.011257536513145133,0.02768547707474732
0.02728733194404633,0.05189677906618251
0.03646030194226914,-0.044078910792355264
0.010998460084046435,-0.02311052422167619
0.01383977548789048,-0.03578119893673922
-0.05234246493006471,-0.026219403792780382
0.045829638468588445,-0.0005769341924746901
0.009277796269471941,-0.0024763099489262703
0.009596626881513144,-0.032191211611419045
-0.02033193892459862,0.008626203265701085
0.03183631263602483,-0.05095809290317152
0.06650135661067773,0.031219273216556244
-0.02672211507223784,-0.003771052700935744
0.03349128195243056,0.019658258486571274
-0.008398822395834952,-0.02860044495163014
0.034614046954665315,0.012142551869671572
0.0406573344717025,-0.027371863427770315
0.04224050046381433,0.010220078308159602
-0.01580357948987747,-0.03643676934791329
0.010769625781120302,-0.008149296091515093
0.002478089952207803,0.0047930595249648655
-0.06342307900308625,0.04457110513544062
0.06687851500431774,0.02094739270705543
0.008847468407563853,0.00956442817250451
0.05397346727431408,0.026468776699576993
-0.007337693574676805,0.011292188845386457
-0.029210703514142504,-0.022234540531252414
-0.012864470797914083,0.016078542964829336
-0.0017257908789469754,0.04221106848470599
0.03506721904236337,0.02106209136465876
0.05386298892230749,0.02431322275744051
-0.03082356673457671,0.014742482857777767
-0.04672494908736887,-0.04109644248539493
-0.040553276896617765,0.007962570373796954
-0.021696613360902065,0.006269292089006874
0.009594979029680822,-0.026254184143118423
-0.055568758297232256,-0.03418498328188961
-0.029937491088783203,0.01874424653479754
0.02884462344171093,-0.006054850418183471
0.02276923240772623,-0.008059471641233818
-0.009532862234790414,-0.01047904136677516
-0.05167406834337371,-0.012552469288418825
0.0011836160225099906,-0.04312509817754285
-0.004935362970237957,0.017467011698498215
0.032250988990821426,0.06202811555486151
0.0028301037554819154,0.008664285124586737
-0.01636875306951001,-0.015022937469815437
0.020583052712311565,0.0009601057388246986
-0.08190021650764964,0.012847084217628299
0.0019429517656322011,-0.006707862518064496
0.01772946352839137,0.007873953625567469
0.02735485046649188,-0.006823004926464194
-0.026914142620588142,-0.01192438651339051
0.00704112006207898,-0.014500990594962338
0.017956268613335664,0.00471598075307441
0.06818425304421817,-0.004561515183100592
-0.03026362817619953,0.06392300027798882
0.001670743432208238,0.021169571975894565
-0.0158970685225122,0.02632917785695372
0.006255513393742859,0.019041375495704754
-0.036624321940875774,0.059175757737546394
0.019134104053213453,0.021389164316632625
0.010929449739641021,-0.04350728744491202
-0.0035391079256417613,0.02182025498331202
0.011961965223262228,-0.0018796387085429772
0.0017442454056775796,0.026745839237282035
0.0466504999032533,-0.025939237429752453
-0.039124456310612794,-0.017740717794327024
0.0060601131559097935,0.010588142652250235
-0.04741772322207486,0.027470583082022534
-0.02672211507223784,0.01710531291427913
-0.057087865967305994,-0.034338122974602384
0.020436012968912055,-0.02728422540582714
0.022175362327313108,0.01550542544267055
0.0076979054587577945,-0.03822879146670372
-0.012767713767997714,0.015093682442396221
0.04779490594028909,0.04088804759862448
-0.017989992690557798,-0.035829363836944926
-0.04178061097200113,-0.0327865056759676
0.030354746092312503,0.0028488784815170407
-0.015937101443115824,-0.01684147121129788
0.018108529599077376,-0.0637792810317776
0.03610133199976554,0.03210090488730133
0.02206853339320168,0.004054669389525256
0.04090455700017683,0.02078695402228703
0.03678848866722055,0.023847526002039585
-0.02655215134770435,-0.024564730640108272
0.04241612292966467,-0.05652589268929645
-0.040588092354470647,0.049725856739901514
-0.03717429375657232,-0.0014627798601734715
-0.041614367378202954,0.0019743909586272743
0.039370000409459885,-0.06759146355813005
-0.003020893303975119,-0.03074803131125163
0.013376175894909772,0.023322690224664155
0.026753977651100033,-0.03423467457721752
-0.01860455451858807,-0.00805995184234284
-0.021972498271205676,-0.035592466449348124
-0.014401419349897047,-0.021821775829089014
-0.06345198754112029,-0.015461450402551289
-0.04720106870529821,0.038435833049731305
-0.006486298090313456,-0.054529852612140314
-0.0173314091030153,-0.004561515183100592
-0.003469366078603019,0.02795042291421726
-0.05423021802999548,0.03041475513796333
-0.04061650228742224,0.029103063887206945
-0.012601028080500919,-0.01638067773382159
-0.0432704361327949,0.005897479365681732
-0.007737192311637197,-0.03376746317102466
-0.030583232334453803,-0.07164436629470727
0.023030945151842,0.01005297538837277
-0.017212013777545058,-0.011292706269691736
-0.019831402991817397,-0.0022299929504309667
0.028036131638657452,-0.004063252630777815
-0.06015097966898669,0.0005517134386230915
0.02163049433744217,-0.022863514282332076
0.07880882696624289,-0.052572924679741166
0.0388239028444817,-0.054557166562302944
0.009537067057117007,0.009979916033494567
-0.0009957343783288993,0.052036187998157
-0.015991064095669836,0.0013189041910034033
-0.04157117818387995,0.06673583394526746
-0.011079042711079828,0.028550950762495544
0.03484367169238924,-0.02314665506919171
-0.03683756276970796,-0.019447163197717617
-0.0053509526504156866,-0.03708279067198978
0.07170838828675682,-0.019914092083755035
0.04791262005101095,0.0025464202844771577
-0.025600090552104365,0.03315243573074273
0.013835565267051368,0.02127383502328372
0.06459871311587603,0.01362514059896247
-0.015794630363609653,-0.019755892695755867
-0.0015108280646280385,-0.007223655237475417
0.031652795492833986,-0.028022135358162958
0.0476433505372899,0.016078542964829336
0.00876442537211275,-0.05571893543786677
0.018141694534375245,-0.0394242144155326
0.015243573635311234,0.013108355979970801
0.026542737647105526,-0.053648340575073464
-0.011572156651236206,-0.022861608119072424
0.0406573344717025,-0.03704109131200452
0.015243573635311234,0.013108355979970801
-0.010839018443051308,0.0582386707223812
0.029691162800873482,-0.0022685600527305658
0.010955087061080528,0.04197169303219937
0.011782406541915329,0.015481817342295118
-0.019756470759933024,0.0038364275055247712
0.015739685743101344,-0.02265846180740846
-0.03179074579100793,-0.0007511358720033619
0.024599918899224554,0.043436141431812555
-0.011471433344313418,0.05729704574142437
-0.024831612866761096,-0.004921136202399319
-0.01680263516422644,0.04132497895856595
-0.057087865967305994,-0.034338122974602384
0.030957153473401302,0.00667403906367902
-0.008007290444907231,-0.012260088592955621
0.05654963994135739,-0.017984290281441696
0.014430582397919719,-0.03438091376100697
-0.036624321940875774,0.059175757737546394
-0.0015484941954626197,-0.01410749975426048
-0.008880554630517507,-0.01936584225282792
0.01925890720101657,0.022141905426969304
0.006827632009185261,-0.0033845678763031913
0.050695314441128146,0.024794296881667816
-0.013326421367777041,-0.01510672269404657
-0.009956701779847444,0.01889445095235364
0.01018241169697642,-0.035901860245213836
-0.004997106032094622,-0.017560694231776745
-0.00042858103064948445,-0.022533803590467784
-0.0035391079256417613,-0.03974650509109551
-0.009237388225191715,0.06666610246595468
-0.008398822395834952,-0.00467479619439249
0.024027649622163225,-0.0234469480049371
0.025017127621387455,-0.008102111135565637
0.04768862624668771,0.03228817792252209
-0.03478381490227346,0.02094739270705543
-0.005943893168672403,0.0026491214636154767
0.007639932020252969,-0.02241283364189329
0.01494022602637798,-0.005103080249278167
0.017596141107541992,-0.006501272684233898
0.012760115511400126,0.03544282356550095
0.02085391378718626,-0.0011178879607042676
0.05468385783587851,0.01404160296524852
-0.019862251952667345,0.024216192873464673
0.00465615603246725,0.06828350994087455
-0.035008059430500324,0.026556772318557992
0.023515289774180857,0.04286018193780469
0.008847468407563853,0.00956442817250451
0.007061133248230441,0.05007398609505585
-0.020695929354657323,-0.0008056810303599601
0.0019521717778067345,-0.05926067196860911
0.008121817945971208,0.023955277794847282
0.00724660140855533,-0.045187680270253244
-0.006754037418721055,0.007826251536564681
-0.031546796433404974,-0.000794842377147071
-0.034337051062668225,-0.04560336674776166
-0.012372016318613897,-0.009307455695490435
0.03296482870543289,-0.014064679132978267
0.04704915316277824,0.02106209136465876
0.009954008559486829,-0.01684147121129788
0.038856893339196244,0.01664396734968826
-0.008187203564325719,-0.031892134675013194
-0.001586887111473671,-0.06832915505101919
-0.0247856688534379,0.042575529117368185
0.01122696979723227,-0.002127234875564595
-0.021696613360902065,0.006269292089006874
0.04035674344995198,0.025520753662338275
0.0012119391809817,-0.0075343602837023675
0.07880882696624289,-0.007208210331819551
0.022065091229254975,-0.008558966424619474
-0.0027990392151796507,-0.029371224907588644
-0.01285450626162358,-0.0016900506270828355
0.03893919125169799,-0.004194651020419361
-0.01572599333397074,0.00298168172382432
-0.02782219691295811,-0.02183032808869795
-0.02277387341624631,0.021110130897870477
0.01118837706670294,0.04960316123571981
0.01760709351266174,-0.021855665088469655
-0.03172121989496392,0.019460908524818653
-0.011643796901038143,-0.03675150881371939
-0.04280238368339012,-0.011470064167789477
-0.014005064179979203,-0.012812268038403893
0.01911771656520657,0.010972216842821576
0.0065946622439638685,-0.025128869456473583
-0.003153884453365395,0.0012836138309615733
0.038317483138140866,0.012629782333573578
-0.07163199658945625,-0.045029921707957686
0.05155196995709651,0.05228442702007163
0.027233687285534283,0.03768439523445394
-0.008989280206404392,-0.0033807725620837066
-0.06616964752715082,0.03390022747219548
-0.04190294734772149,0.010972216842821576
0.020086188517556086,0.00799123784148166
0.03624431565084205,0.0185911999202927
0.039446931513297985,-0.007223655237475417
0.025413872060608893,0.07530752933906297
0.01882091782650706,0.06975418739292093
-0.06833590782588203,0.008788632686643115
-0.009437867161117193,0.1025611096705179
0.010522930199702192,0.04099999076643536
0.000953407214826331,-0.0005633804913745856
0.024751591271260323,-0.01335299213548553
-0.021972498271205676,-0.035592466449348124
0.002196119759002376,-0.053812625107813275
-9.996224075522194e-05,-0.0431481394271156
0.0037773485078676093,0.022115692189229784
0.008455865377957962,-0.02432345869650206
-0.030573589494888923,-0.012412628415927308
-0.03490284083102189,-0.0195149587457816
0.058399855015006434,0.004280294635148514
-0.02627163024562741,0.01362514059896247
0.0003894458866877289,-0.024797563783977558
-0.03175502350276833,-0.031609839761364125
0.03506721904236337,0.02106209136465876
-0.034337051062668225,-0.04560336674776166
-0.029210703514142504,-0.022234540531252414
0.02504171803765506,-0.022887951593088735
-0.020904146644511575,-0.03879144232271705
-0.04876974526485617,-0.017156508824146554
0.0354126045317132,0.014148998939867673
0.0017442454056775796,0.026745839237282035
0.009927275853782115,0.036251704978153415
0.02276923240772623,0.04717430182259999
-0.01603556516612757,0.012844523301563007
0.015914234241329376,-0.032191211611419045
0.023944167665240164,-0.02372844193668438
-0.02313378518861834,-0.03634116931682471
-0.06405159979750492,-0.0050476377939450146
0.00033735795950011536,-0.0003787307432194034
-0.019831402991817397,-0.0022299929504309667
0.0466443824160816,-0.011103052641637228
0.02064071586394792,0.034200386380371886
-0.06617280890725245,0.01664396734968826
0.015280214174837634,0.05268152611116557
0.009756423361810828,-0.005103080249278167
-0.008989280206404392,0.008969544683727411
-0.04187088196454206,-0.014302307855743657
0.03594707696424915,-0.035156178397278366
-0.010882950508832097,0.035706005695524026
0.019134104053213453,0.021389164316632625
-0.000779075814349319,0.03848817550250419
-0.019800772818686575,0.02638970249288841
0.011032330155549903,0.03887966391867195
-0.005643010793582496,0.0034670397343145865
0.04066473995639963,0.014917353974131693
-0.07456048563458609,0.004633697617023154
0.00876442537211275,-0.05571893543786677
0.0060601131559097935,-0.0317241651736819
0.006255513393742859,-0.01440837232145482
0.07170838828675682,-0.019914092083755035
0.034100364887224455,-0.03774119254133212
-0.024735471442787073,-0.06552943325242956
-0.031578355318414214,-0.029099793142609454
-0.08865400993940002,-0.0031156220734958676
0.026743130812137684,0.006725413938267699
0.05180460768538499,0.006216258976003856
-0.021415785822247305,0.06616903453870848
-0.0019046903925413008,-0.03534116408690163
0.02525676206744649,-0.004720430295644198
0.0028301037554819154,0.008664285124586737
0.04791073905911335,0.0031329778912694423
0.045829638468588445,-0.0005769341924746901
-0.040207305638622425,-0.006482057351492265
0.01390591689988472,-9.10941852552416e-05
0.0538544196815162,-0.007771243365923674
-0.004935362970237957,0.017467011698498215
-0.004766721036381262,0.05839204701830203
0.0076979054587577945,-0.03822879146670372
-0.06361498641675349,0.0010182682583457434
0.01610326373495676,0.02738745191573788
0.036627065243623746,0.012741265205132052
0.002094342625075647,-0.0033807725620837066
0.04075102532382598,0.009069735892760701
0.0008115889563506683,-0.009963853126904362
-0.008007290444907231,-0.012260088592955621
-0.02047901276085847,-0.0783643036371029
-0.04241686701260196,0.05957942956437544
-0.05210785830538525,-0.024710663272253162
0.012132087537947162,-0.06402339583748079
0.03231655961719563,0.026261487102070775
-0.007261321544084724,-0.0026372449775582153
0.035683433809915864,0.02426292688424478
0.014222914582004547,0.03504664653890242
-0.029299543245942652,0.058162252831166134
-0.02116894346179963,0.0486784291231484
-0.029299543245942652,0.058162252831166134
0.020583052712311565,0.0009601057388246986
0.04595899754654067,-0.03632340785996966
-0.006400927941473648,0.00146917446993515
-0.011737726174305737,0.05019523059752572
-0.05085858012274178,0.07550087793759931
-0.017476475587603166,0.02936359067857095
0.06853276100827389,-0.007937034026424972
0.0028301037554819154,0.008664285124586737
-0.007337693574676805,0.011292188845386457
0.004442425465384837,-0.0010100734497720393
-0.0158970685225122,0.00677488992701393
-0.01847949399099131,-0.0056671329390157905
-0.04078653224623411,-0.018266722265076966
0.05270850778948741,-0.03297464767906404
-0.006868420781001142,-0.042133225748561584
0.017956268613335664,0.003107054720642932
0.0476433505372899,-0.020571367737715167
-0.02572992795899028,0.005098765370299366
0.03296482870543289,-0.014064679132978267
-0.05607057485558159,-0.004241002710658401
-0.05535783070191344,0.0010100342681991017
0.024424708294150037,-0.02490226752037574
-0.021885115183353194,-0.03311650902819023
0.024799761595279447,0.012741265205132052
-0.046295499295882996,-0.041200194787185625
0.05542782921380622,0.0004206204123602397
-0.033867704557467224,-0.012097113237230402
0.039704034954247014,0.05219370514394628
-0.027097781482582847,0.008887237945832821
-0.08888942371687325,-0.03808187502400307
0.010929449739641021,-0.04350728744491202
-0.016181264497408237,-0.0185650317431094
-0.021044195149474542,-0.0024504001614820276
-0.03627383872051449,-0.05307920254799049
-0.0014953166867469822,-0.0004004516963387085
0.0003894458866877289,0.028395376249061584
0.03457802409966521,0.043575723850322406
-0.04717753956402883,0.026261487102070775
0.01838533185300205,-0.020982093545177296
0.00952849708606536,0.024608661513266218
-0.01603556516612757,0.012844523301563007
-0.003409177116220949,0.024608661513266218
-0.015254679581570094,-0.023216051605957903
-0.002119305692081385,-0.006054850418183471
0.038226332026455485,0.03733583393084733
-0.025744721985034164,0.02358951563832011
0.011788040580236216,-0.030144448918254158
0.02427276312996356,0.02478505805930173
0.04241612292966467,-0.05652589268929645
-0.00024890991368512535,-0.04459830353482878
0.001670743432208238,0.04028398547360691
-0.015991064095669836,0.06787973934181657
-0.024831612866761096,-0.004921136202399319
0.025004798510568034,0.014943167139749143
0.03275497125363999,-0.016069501950162924
-0.03073264320063124,0.03217758320855654
0.020769634183073038,0.08236583359021676
0.016881591791863073,0.05807662521798959
-0.023972455674372214,-0.0974656101560368
0.02934983447877761,0.006957511989728042
-0.05085858012274178,0.06912013486612649
0.01772946352839137,0.007873953625567469
-0.0029883542519983557,-0.021436308177162366
-0.049688998247207725,-0.017128648724263135
0.05147721310153424,0.01735101995471966
0.012369806942574583,-0.04807891211473183
-0.019976694766386024,-0.027802681792987078
0.026762800315074185,-0.030552410960047287
-0.03181815938633646,0.021933100308857707
-0.047826089902804646,0.019041375495704754
0.005425124583241341,-0.06273682810254931
0.04725399090132841,-0.02510325620942184
0.01610326373495676,0.02738745191573788
-0.029948459561944883,0.00677488992701393
0.034796727651941535,0.0338595914825052
-0.035008059430500324,-0.05227366133989552
-0.03232341466821087,0.03228817792252209
0.026743130812137684,0.004541987895076191
-0.007997487515942975,-0.045305685698143264
-0.004206115106237531,-0.007976586596954285
0.02803687886858187,-0.006668078708439728
-0.009500158580900891,-0.0323374078734612
0.015256603259444758,-0.014302307855743657
0.04474408489495341,-0.04035367719725348
-0.0017257908789469754,0.04221106848470599
0.04231899363011794,-0.013861519534936362
0.004482575567779125,0.0350224971241586
-0.06833590782588203,0.008788632686643115
-0.007564243458015484,-0.03145213185310324
-0.01677767295914301,-0.0017241707692414975
0.023649499156993617,-0.010425211967837255
-0.007021284613878997,-0.004720430295644198
-0.005444096441100468,-0.032837585357835083
0.033068046059349716,-0.027678642700672204
0.04175356248624329,0.02664482042144057
0.0006663983455830221,-0.05012929058940557
0.04131611248273479,-0.0032897056631999017
-0.02026132568308773,0.031219273216556244
0.03594707696424915,-0.035156178397278366
-0.055568758297232256,-0.03418498328188961
-0.030815125781379994,-0.029666097437615665
0.018897623467225698,-0.021219269433260482
-0.01825238981225875,0.041867892673657855
-0.0087921242079356,-0.03730239555944072
0.04076222853405982,-0.003765459644616064
-0.060201877413637174,0.024414992063802363
-0.04251200912563887,0.036251704978153415
-0.030573589494888923,-0.012412628415927308
0.004070585182385298,0.01558581665826466
0.014346017040435956,0.05715482192983988
-0.028170725628631127,0.012732825969087633
0.012028895610728547,-0.04280046997895838
0.030103475331923094,-0.008728568137609433
-0.01497119414250779,0.02358951563832011
0.010591893915914516,-0.04635713868013248
-0.020691487775580435,0.0019630898112691364
-0.006352197091760126,0.0036402205452414488
-0.000779075814349319,-0.10190362600448062
0.017596141107541992,-0.006501272684233898
0.02914304928579425,0.0075977098442414
-0.0061763828092393025,-0.018695072560206694
0.006805272376725959,0.04089067855746109
-0.007392665590426111,0.05164801570936653
-0.025744721985034164,-0.00865450225567199
0.026753977651100033,-0.03423467457721752
-0.029210703514142504,-0.022234540531252414
-0.03172121989496392,0.019460908524818653
0.03494402088340127,0.01290209911728709
-0.025597424854471394,0.0198009588618496
0.01628499962946025,0.019578907738042453
-0.014466918480436042,0.03686938990503984
-0.036370968259094125,0.028338635701871742
-0.03565446220925132,0.05219370514394628
0.007922691927184177,0.008342291502211531
-0.0217349283665609,0.052413665435262866
-0.0027960130134406136,0.04232391718264089
0.02537757143859377,-0.013882051019319178
0.027713609968069406,0.006608344960539102
0.0020773100305626515,-0.04652778075740259
-0.02296624369931468,0.011818122792351005
-0.03129270644098151,0.04377077984325123
-0.0005888138459401705,0.0179915547870739
-0.009751201502977582,-0.016601675468888976
0.011404273401503599,-0.040475753594003454
0.005660978657144972,-0.0080328254622247
0.04033805775321078,-0.022701903059216183
-0.026208429052797563,0.017723279135769647
0.005688663418884556,0.009431425559396592
0.059942537608003686,0.014234809741125981
-0.022394578738179936,0.02506414314556621
-0.01823123950455834,-0.032088100945054765
-0.03409727312318099,-0.02677206521251529
-0.013463791948843,-0.0013919648762034595
-0.04178061097200113,-0.0327865056759676
0.09291864110277219,0.005513990565045722
0.030354746092312503,0.0028488784815170407
0.045703593596629434,-0.0009622895871711189
-0.04418892216847406,-0.03489638036131669
-0.026868420821480173,-0.03137879341602725
-0.01285450626162358,-0.0016900506270828355
0.0018365010813667867,0.027592161886707434
0.03110080228922913,0.02478505805930173
0.01479033977786748,0.0010210126591498475
0.01479033977786748,0.0010210126591498475
0.021985384052573033,-0.0560280796053509
0.023150493886359782,0.0032272717371625848
-0.02782219691295811,0.013663929191809636
-0.011481949403776585,0.028550950762495544
0.10623257626176333,0.01922827259414614
-0.04178061097200113,-0.0327865056759676
-0.00025617491952300745,-0.008520722747382184
0.0026265129500773862,0.043218097713301346
0.022970397882103435,-0.02451675610245273
0.015280214174837634,-0.0006264032821307747
-0.03804472008934643,-0.014842852102959677
-0.011551816894133137,0.002065191685905292
-0.033451585844688256,-0.038354499843019765
0.025569147287509933,0.01611005379147664
-0.040338062280053835,0.004691665172624246
-0.0026389804755989543,-0.04709355516485506
0.010059883530065459,-0.017015236773187354
0.017792142455914577,0.002897909932463548
0.004902760552555519,-0.03427635049927593
0.0034590640287296983,-0.02579848995665969
0.021514580229602773,-0.05554621058790582
0.02637562615692597,0.004822975907632601
0.008681774392545213,0.03712319085380972
-0.03679617497952939,-0.008766818443858973
0.029239296375950293,-0.021139897531879826
-0.010513011391526078,-0.002434090960962268
0.021864518635769544,-0.042491299164492985
0.0045491698184544375,-0.04848016260593255
0.0074960413625515705,0.09501067265366248
0.01990786818867026,-0.03730239555944072
-0.01230306759930678,-0.05001328654201484
-0.0465475361921331,0.047862950916766664
-0.0007000947468227915,0.0016955404540803243
0.0651120611051978,0.03396592328932345
-0.05711612916395465,0.007650543469161157
-0.003583854089959168,0.05673689667640419
0.023418627963758386,0.014889486524559369
0.017421365395272857,0.014899127175506933
-0.0248525324832873,0.023254459155558696
-0.0053509526504156866,-0.03708279067198978
0.02977911902408858,0.010383712440107787
-0.009532862234790414,-0.01047904136677516
0.018108529599077376,0.014205841788793819
0.010670377830843906,-0.019596415693600346
0.0010272872626689166,0.013935421826243757
-0.04157117818387995,0.06673583394526746
0.037047633594574476,-0.01798708039936543
-0.007970126076225617,-0.005803315258353151
0.02674146319344792,-0.01003416837067651
0.01661029612903482,-0.0294808803982615
0.0016264422714421605,0.013663929191809636
0.020551686247627512,-0.006108500887661156
-0.021972498271205676,-0.011987379795361795
0.034614046954665315,0.012142551869671572
0.006147472347454166,-0.018219024460029744
0.051209038172370755,0.022869832138868722
-0.04328248664469535,0.019262028730717355
-0.026632104750338625,-0.008683487848703125
0.03813994234432674,-0.0029535554722557207
-0.015652725616180786,0.020756717912693234
-0.006352197091760126,-0.00865450225567199
0.008236080229414524,0.004538275033337445
0.02314357535515794,-0.05664852437433646
0.039239670677848844,-0.06744959303691468
-0.01584723735146509,0.03224748050732512
-0.020823397734283097,-0.0030196723850809196
0.026753977651100033,-0.03423467457721752
-0.030083915181513775,0.007846934880670932
0.02206853339320168,0.004054669389525256
-0.017334057270303734,0.008458093138308101
-0.04413932030245292,0.02710934971316952
0.03785547252251246,0.04253726844162345
-0.03691112547542142,-0.0038114254983623377
-0.01971923054657392,-0.0010979039964487923
-0.07163199658945625,-0.045029921707957686
-0.07456048563458609,0.004633697617023154
-0.008398822395834952,-0.00467479619439249
0.040526783988470025,0.012262740038093474
-0.015101300141737353,0.011756092934801704
-0.04266034446284229,0.009531359153817726
0.036138651963257815,0.0583338630783667
0.038697848791096584,0.027592161886707434
-0.015593835512557374,-0.032563753147802806
-0.009255965525369742,0.010420266262520753
-0.013699886170862922,0.005532510363909206
0.06456706244856823,0.02073431151163717
-0.03179074579100793,-0.0007511358720033619
0.0028301037554819154,0.008664285124586737
0.01100698711003109,-0.03767118384111882
0.006844851856706304,0.006090882840216735
0.035989962140075486,-0.007745399223525861
-0.012894855227797417,-0.04024151660713645
0.0017442454056775796,0.026745839237282035
0.026546940146491577,-0.016469671646033135
-0.023876665068654154,0.020973641907425906
-0.03998615824964505,0.013935421826243757
-0.012176172493372115,0.040605945382405695
-0.005140772115074697,-0.005291564057351126
0.013272772443951043,-0.04226125653676417
-0.04117141024232612,-0.01828021278112181
0.010785965192845479,0.02052254105066211
0.0430468461488313,-0.04567163083867978
-0.008398822395834952,-0.00467479619439249
-0.01725233681161245,0.037579245731435174
0.058476166039954335,0.001720225485388971
-0.013649061956074786,-0.012826595464268332
-0.04266034446284229,0.009008188471827147
-0.01692948009152202,-0.0056246719145110965
-0.007843344514043482,-0.07665793599007986
0.025223090858405156,-0.026811434007738423
-0.022326354204002606,-0.011697744674161717
-0.034023682356807916,-0.01712509045070689
-0.029702324639125217,-0.007542666011373208
-0.013192918913590727,0.005833503498479928
-0.01092214518248098,-0.039615978600618086
-0.012379809921596159,0.0515390395768557
0.004737154600442541,-0.03103492372697586
-0.0005864581848297213,0.05134488512555094
-0.07456048563458609,0.004633697617023154
0.06013943294385144,0.06454643946741308
0.03845247458833401,-0.04560629774293948
0.0057915241393624245,-0.028858902031373517
-0.012168420370254176,-0.021219269433260482
0.04035674344995198,0.025520753662338275
0.04087557393719402,0.01082397515792232
-0.021755255705892554,-0.03392135443585189
-0.040588092354470647,0.049725856739901514
0.05118634689225659,-0.04818653666050711
0.05386298892230749,0.02431322275744051
-0.040588092354470647,0.049725856739901514
-0.02475817079261591,0.013574909539540742
0.019932208821672036,0.055578828616164866
-0.00022304321825034022,-0.03105400549951041
0.018252522363915922,0.010170707837944992
0.008748079405729334,0.018303642841668875
-0.005189638140934038,-0.023216132716079682
-0.006296609779458597,-0.0317241651736819
0.038317483138140866,-0.028803130104815243
-0.030573589494888923,-0.012412628415927308
-0.029531818703910827,0.06517428772759697
0.05675000815887971,0.016094682087621777
-0.017146361064878064,0.018456118524123363
0.01864627497744062,-0.0590155346975624
-0.015652725616180786,0.017885773436216237
-0.04922707257092073,0.027206136042950822
-0.016181264497408237,0.038856338298413756
0.03272769527587085,-0.02635825251083282
-0.0042009177151397315,0.0019743909586272743
-0.017627218912009645,0.04800370841054771
-0.08190021650764964,0.008514429880805259
0.0538544196815162,-0.007771243365923674
-0.023961401214103145,0.004747488315218887
-0.04175834509865877,0.04120484160411457
-0.029299543245942652,0.058162252831166134
-0.02293184205338383,-0.004033196874656371
-0.01658904063680863,0.04185074636565975
0.037047633594574476,0.03345635977612772
-0.04288485092480281,0.020794127657001872
0.025004798510568034,0.014943167139749143
0.03121696606193516,-0.01565598362676722
-0.0053195251485739494,-0.0234469480049371
0.010591893915914516,0.040605945382405695
0.004760385476514843,0.006817825027406375
0.010707537148261644,-0.008689045661056754
-0.057087865967305994,-0.034338122974602384
-0.026235770313252908,-0.02267289224651357
0.023418627963758386,0.014889486524559369
0.012720836050616281,-0.018219024460029744
0.02479150163829121,-0.026983757466153467
-0.020155931424113187,0.02254529227770362
-0.015159394523980402,-0.026835639883825316
-0.029711142816329954,0.053795191769122175
-0.0010731097541924405,0.003519305012416353
0.006996872938329457,-0.05882366414143135
-0.01092214518248098,-0.039615978600618086
0.04582490615031409,0.041557478248224755
-0.0069487157577982255,0.0025219555956845496
0.0065946622439638685,-0.025128869456473583
0.004760385476514843,0.006817825027406375
-0.001624508740052292,-0.05282963177147283
-0.023961401214103145,-0.018524341036393572
-0.04923686073745575,0.023244105643465414
0.03392033850296852,-0.007196767432646158
0.008701155075364956,0.0037109376219901444
-0.011551816894133137,0.002065191685905292
0.0561241901957196,-0.016252336762929614
0.04768862624668771,-0.05664852437433646
0.003584281368246971,0.013966410648777731
0.01928457559426962,-0.04848016260593255
0.012218373018398091,-0.010631660190370583
0.10623257626176333,-0.015435868495359783
0.03034693026772948,0.009008188471827147
-0.010839018443051308,0.0582386707223812
0.0005346203766020243,-0.0007211510702034574
-0.021905891000787953,-0.04360667858352763
-0.013699886170862922,0.005532510363909206
-0.003937679499750905,0.07264869116498249
-0.02170540662616063,-0.038836052934303214
0.01555984079197947,-0.028730770147570518
0.03315348404804775,-0.0489192853569438
-0.006673841859283851,-0.10810488085577566
-0.01603556516612757,0.012844523301563007
0.03506721904236337,0.02106209136465876
-0.0562309791377561,0.00403817317772838
0.039619725023773644,0.03034889563462094
-0.024487741183842237,-0.005700862943112929
0.02803687886858187,0.022618806513719218
0.009219638169193946,0.019125527379865552
-0.0014491456522822423,0.04089067855746109
-0.02123042933709858,-0.01025094425563308
0.03034693026772948,0.009008188471827147
0.006356465319751142,0.0217188914690594
-0.020610218585314262,0.042575529117368185
0.0388239028444817,-0.054557166562302944
0.0448627776257233,-0.013562954564583686
-0.014301212190091136,-0.002483389076940512
0.03976551934412688,-0.03787262635268979
0.011961965223262228,-0.0018796387085429772
0.0476433505372899,-0.020571367737715167
0.025880310457487576,-0.03819385352954689
0.058673778064103996,-0.06325904034258625
-0.002119305692081385,-0.002725818678095099
-0.023972455674372214,-0.0011178879607042676
-0.039219054183773625,0.021650294069978725
0.02981267731868662,0.007983104205250488
0.013835565267051368,0.02127383502328372
0.0025030599678448565,0.015657283774318236
-0.018985404174456808,0.01735101995471966
-0.03150267226173724,0.0016420522075487679
-0.00765279460409055,-0.03649113845500267
-0.0008760777421365875,0.024056825314645904
0.059942537608003686,0.014234809741125981
0.0253923375665539,-0.00677263804159698
0.02230242843854193,-0.025198425656132145
0.004760385476514843,0.006817825027406375
-0.012292863697968857,-0.04298562444672717
-0.03337516731522301,0.04036942986087409
-0.034585518657061755,-0.0573875366853957
-0.02155864665384905,0.05802616881895058
0.0026034226413899344,-0.0409870775561867
0.029917044206709254,-0.024043060819752604
-0.03565446220925132,0.05219370514394628
-0.04720106870529821,0.038435833049731305
-0.012617785127491296,-0.03592085223063723
0.033068046059349716,0.01287462172666877
0.02672073994576279,0.028603582073677927
0.01747720250565513,0.02636844609707801
-0.04923686073745575,0.025074401680448298
0.03152881034613875,-0.05767679302086382
0.023856269866616597,0.07530752933906297
0.05694617991221177,0.014742482857777767
0.017836498224856022,-0.03474378568498512
0.005740439009667094,0.03927711758480172
-0.022245690886760396,0.018508842010352737
0.03210216578903427,0.03265190626490103
0.023182998004017106,0.01180261112290077
0.02794171071686851,0.00715161425580782
0.029657671994455553,-0.040769949281036146
0.028007477489741382,-0.00677263804159698
0.028553196169897873,-0.008059471641233818
-0.015272742289729602,-0.005543338485377851
0.03402256327410929,0.025293084562004582
0.041294962843249225,-0.07660455510373038
0.02826710663070666,-0.017816403658039142
-0.03337516731522301,0.004442843997672141
0.0651120611051978,0.012212005662962683
-0.00022304321825034022,-0.03105400549951041
-0.03258100252213464,0.02738745191573788
0.010065848135417482,0.02560841864177872
0.010806089589667297,-0.07880551561347299
-0.030954251398994426,0.03275854031774768
0.006083202386480604,0.03856934746426044
0.0022870952249190966,0.06074257422591048
0.03065207538487514,-0.05736033434784432
0.05542782921380622,0.0004206204123602397
0.0003114601886704378,0.007271551809079881
0.0109371198070167,0.05814437635617979
-0.030103093042050815,0.07791649724812998
0.04929996662819252,-0.033070493336537304
-0.007392665590426111,0.05164801570936653
0.017836498224856022,-0.024337637115387643
0.010522930199702192,0.010170707837944992
0.0222157776318337,-0.028987098740214767
0.0003894458866877289,0.028395376249061584
0.0071709887397851885,0.04509189302600919
0.03272769527587085,-0.02635825251083282
0.0007925469719791014,-0.0027757195233412586
-0.02873785356725529,0.050619929730950836
-0.008262017998154254,-0.06187093503305501
0.014430582397919719,0.017622655394722013
0.06358374763165997,0.041885854477766854
0.046465597001914126,0.03619523506150765
0.010643285205161319,-0.005910810860432596
0.010935188514465871,0.01611005379147664
-0.03258100252213464,-0.02624284664232935
0.0006776786359218277,-0.04759682601108906
0.015914234241329376,-0.032191211611419045
-0.024915906997585426,-0.050298058860561254
0.0025030599678448565,0.015657283774318236
-0.019799803430285923,-0.029151779398415838
-0.03073264320063124,0.03217758320855654
-0.04117141024232612,-0.01828021278112181
0.01058478067018703,0.0338776601655897
-0.007997487515942975,-0.045305685698143264
-0.04423385254819555,0.08195203867922173
0.006403787446565478,-0.05598269550120072
0.008494636800409917,0.03208806558504767
-0.001681723700698034,0.00834348434200511
-0.0183799549627165,0.0670508173357774
-0.007553864561364545,-0.026970385316765252
-0.023382688833552604,-0.011165913512550966
0.03377082393906974,-0.012891688620651908
-0.03991451902840485,0.012220788145800333
0.04224050046381433,0.010220078308159602
0.014084255922457788,-0.01182875280029432
-0.068127143343205,0.0709360152982855
-0.02551420698776786,0.020715330241161116
0.017792142455914577,0.002897909932463548
-0.048120954772315955,0.0005251545757748513
0.01494022602637798,-0.02437152416693647
0.04076222853405982,0.006086940821680362
0.016161683321028155,-0.004601583405258378
-0.025221998276511302,0.04182014933000344
0.04033805775321078,-0.022701903059216183
-0.017243908778434548,0.017311846257057548
-0.00025228094424562057,0.00592727145412255
0.035683433809915864,0.02426292688424478
0.017264753936973888,0.014399107556321927
0.048337298507893936,0.01648152113395769
-0.01915159100650324,-0.007600902313212608
-0.013024631801442883,0.03641626679308299
0.03481429308126617,0.021677826247817777
-0.032254894718000644,-0.013633783663176663
-0.00785575626487395,0.026850473796192084
-0.0031901358904201623,-0.008191967798613682
-0.04923686073745575,0.025074401680448298
-0.02090895493160206,-0.03814665999460798
-0.05571426400466231,0.04120484160411457
-0.02056111193994956,-0.035829363836944926
0.041294962843249225,0.06412746644257428
0.06820919076061388,0.037579245731435174
0.03635675436435769,0.003862104834700404
-0.0015604791125401981,0.05214992017161549
0.006133280146515892,0.0042017050442024195
-0.042335039373900867,-0.02574709393844361
0.010065848135417482,0.02560841864177872
0.021514580229602773,-0.05554621058790582
0.02503971774432851,-0.020997732554098987
-0.03649917271198427,0.046840439586239235
-0.036370968259094125,0.028338635701871742
0.00012942179020577555,0.029256887185977083
0.018972657700816648,0.05273150535966964
-0.010215263962270885,-0.004509430760110053
0.00860929609750395,-0.00514608947585914
-0.04360780369001842,-0.05438139920664509
-0.006951829247625732,-0.012330423126686894
-0.03683756276970796,-0.019447163197717617
0.015315862574879617,-0.006812616460942729
0.0027672005232372014,0.010890241461046099
0.028475751330636775,0.007873990807801351
-0.022606150314860587,1.1267366063053702e-05
-0.014796839611260328,-0.024970658326147054
0.0011919470605485916,-0.013206274438987115
-0.021885115183353194,-0.03311650902819023
-0.0005238433922723292,0.01250586548753254
-0.05003765026117794,0.027684255706552773
-0.04241686701260196,0.05957942956437544
0.028007477489741382,0.0668588174786568
-0.03203402929794713,0.0068607776064415205
0.04242219012906128,-0.05829246531824676
0.0394008612144021,0.013110672036442762
-0.010141093228562586,-0.007435374227400385
0.034780873980979475,0.004482380730579855
0.036142501364840894,0.027792850925207405
-0.017243908778434548,0.017311846257057548
-0.003093544197512117,-0.04357847658645079
0.026782655460134815,-0.02112041965244299
0.011952184982044077,0.04337865446228817
-0.019976694766386024,-0.027802681792987078
-0.00015586488297552917,-0.03438091376100697
-0.008969348607120765,-0.026684258009384457
0.025924968744228744,0.023768366235848055
-0.030573589494888923,-0.012412628415927308
0.033340527586828955,-0.0195149587457816
0.006827632009185261,0.035929325511860025
-0.015091301973750764,-0.03191267774926933
0.004020050177846951,0.0037520761921238446
0.014043371147287273,0.010530244987326631
-0.028372599940874214,-0.03297464767906404
-0.024844866832641564,0.04718589954603043
0.009102096240714468,0.009387074444085305
0.031652795492833986,-0.0019443376604226792
0.0019521717778067345,-0.05926067196860911
0.010785965192845479,0.02052254105066211
-0.0009543924537485659,-0.0006264032821307747
0.018505222393646128,-0.007629817668079103
0.029593523592628842,-0.004045991111800758
0.018218302247615597,-0.042133225748561584
0.02314357535515794,-0.05664852437433646
0.02657706437230427,0.0011802197156259783
-0.016819114444156815,0.01874424653479754
0.02977911902408858,0.010383712440107787
0.009927275853782115,-0.03731252956949612
-0.07456048563458609,0.004633697617023154
0.01990786818867026,-0.03730239555944072
0.004412958015600997,-0.05477092068938365
-0.0562309791377561,0.021223529959574168
-0.015161979691166201,-0.01442736805020104
-0.036733574405596846,-0.02372208666956821
0.020429546446321528,0.020416035723454184
-0.01426045568979916,0.028957549101233777
-0.0009543924537485659,-0.0006264032821307747
0.032791413075988776,0.017610628497851978
-0.017310971317762866,0.0018495214640187538
0.02787240863996518,-0.03074803131125163
-0.000801347860438826,-0.015337581404670151
-0.004935362970237957,0.017467011698498215
-0.015341398242539167,-0.046773275080455756
-0.00034587836078585696,0.004832261313796542
0.024599918899224554,-0.007208210331819551
-0.00845241906065699,-0.03391364254214396
-0.0173314091030153,-0.004561515183100592
-0.0032809953655400653,0.041401618396267506
-0.03468862765004021,0.014922933281966262
0.006827632009185261,-0.0033845678763031913
-0.036370968259094125,0.038811282790542384
0.0019816834219904085,0.01500896930001732
0.03277748412696526,0.01055929548252213
0.028933955782365135,-0.002062790395109291
0.05987300582641378,0.05358293605459484
0.015739685743101344,-0.02489675764293272
-0.04898537835230284,-0.006722760175443619
0.036138651963257815,0.0583338630783667
-0.0193831827085548,-0.04622248481145225
0.058673778064103996,-0.06325904034258625
0.01118837706670294,-0.033556566200095374
-0.01971923054657392,-0.0010979039964487923
-0.009176428855887018,-0.02799871940627334
0.014222914582004547,0.03504664653890242
0.05185633068449485,0.008689184529353314
-0.001994723096595663,-0.0043812666971211195
-0.008970720033715823,0.04519235741293616
0.0696003643556251,0.04810895824952169
0.010998460084046435,0.0027100695424580393
-0.015254679581570094,0.01558581665826466
-0.0069487157577982255,0.0025219555956845496
-0.008796973416708247,0.018816772264608435
-0.0017027078579533068,0.0014205406391619019
0.04203296694242722,0.04839606924348573
0.06316281769799076,0.030660532485577402
0.023515289774180857,0.04286018193780469
0.008681774392545213,0.03712319085380972
0.006041204859303106,-0.06849007161314916
-0.031683618269473864,-0.01798708039936543
0.04622965084460463,0.03537021009468733
0.0466504999032533,-0.025939237429752453
-0.004935362970237957,0.017467011698498215
-0.000801347860438826,-0.03270198822229971
-0.005235625455034386,0.013570012937336548
-0.053987937398452264,-0.0294808803982615
0.07090992302855474,0.02003744829284968
0.06624484384925464,-0.03346816219779939
-0.020121650365039268,-0.03196351166885208
0.022175362327313108,0.00146917446993515
0.017792142455914577,0.002897909932463548
0.0071709887397851885,0.00889593542574274
0.028825303189206043,-0.01936584225282792
-0.03956010769095542,0.00424391120299112
-0.03439790037028103,0.017166573772178957
-0.024306274294123405,0.03581499955791956
-0.005189638140934038,-0.023216132716079682
0.034614046954665315,0.012142551869671572
0.046465597001914126,-0.05241323051992933
0.005484975876371264,-0.03700280326190647
0.03277748412696526,0.01055929548252213
-0.0015604791125401981,0.05214992017161549
-0.0015484941954626197,-0.01410749975426048
-0.04274665300023774,0.028603582073677927
0.06187726098640031,-0.004099994319181507
-0.034916153805088564,0.009934387021335818
-0.0007893505298122088,0.013973958665326032
0.05654963994135739,-0.017984290281441696
-0.034986428878020046,0.04426806555703648
0.01070491766501361,-0.010206500273049118
-0.03772677531949485,-0.07660455510373038
0.0029052568017217998,-0.016595635206646343
-0.04137887709817997,0.0019630898112691364
0.044197474082481356,-0.012438015140144115
0.052928112462182084,0.010530244987326631
0.025413872060608893,0.07530752933906297
-0.024831612866761096,-0.004921136202399319
-0.02056111193994956,0.0010601433272121596
-0.0009957343783288993,-0.002954934120303416
-0.01230306759930678,-0.05001328654201484
0.03622983439348162,0.018801677701280037
-0.03607818143106983,0.012062618958193473
-0.025133455118097104,-0.05382749495873679
0.02735485046649188,-0.006823004926464194
-0.006610014511785025,-0.023792599885616158
-0.026926642053567956,0.05268152611116557
0.02794171071686851,0.00715161425580782
-0.02033193892459862,0.008626203265701085
-0.025597424854471394,0.0198009588618496
-0.008007290444907231,-0.012260088592955621
-0.012551742611824873,0.012629782333573578
0.05189928934550176,0.033076426352256716
-0.006434879032987122,-0.011542787563727057
0.0561241901957196,-0.016252336762929614
-0.054670547748472326,-0.041271330046904774
-0.049842216328469205,-0.05823364260409848
-0.02672211507223784,-0.003771052700935744
-0.03439790037028103,0.017166573772178957
0.010163152501026661,-0.052572924679741166
-0.03468862765004021,0.014922933281966262
-0.027205569406676133,0.025767686812312326
-0.02214905031635879,0.0057547959355917985
0.04075102532382598,0.009069735892760701
-0.014054970756107106,0.014795626997925644
-0.0022156720420909827,0.006245142122092588
0.0071202282588303046,0.00913505120063609
-0.02277387341624631,0.021110130897870477
0.017746970225464904,0.01388118215760522
0.052288286868777796,0.010277376797219802
-0.007392665590426111,-0.0974656101560368
0.008553374268344826,0.018408140433777066
0.027071236704504457,0.031152315944374613
0.026133166765450952,0.05371151990248589
0.0005394541113836398,0.04036942986087409
0.026133166765450952,-0.035758723279159924
0.01838533185300205,-0.020982093545177296
-0.020695929354657323,0.015239784043540781
0.06456706244856823,0.02073431151163717
-0.014005064179979203,-0.012812268038403893
0.015243573635311234,0.013108355979970801
-0.02687600880286979,-0.00811492903627427
0.052288286868777796,0.010277376797219802
-0.008969348607120765,-0.026684258009384457
0.006083202386480604,-0.07539935722564275
-0.009537387567574622,0.08032507589746235
-0.02116894346179963,0.0486784291231484
0.018527154279910113,0.026719314000276412
-0.026598061827095915,0.01195001376854464
0.004412958015600997,-0.05477092068938365
-0.07207232983090488,0.004020803971568253
-0.03389526450718101,-0.016595635206646343
0.008494636800409917,0.004686466845844402
0.025099099661979877,-0.021024112816784717
-0.008007290444907231,-0.012260088592955621
0.0006663983455830221,-0.05012929058940557
0.015125830341798197,-0.01582820092427213
-0.03231541237814201,-0.04683327011813536
0.003983434714420557,-0.013738114388271827
-0.01109789728577507,0.01910459854814814
0.02657706437230427,0.0011802197156259783
0.027972058344118436,-0.026475625231449897
0.00821457769604545,-0.01442736805020104
0.026511766859883615,-0.0015226510653569385
0.00527709478804366,0.0007857517162552854
0.014790905570643532,0.005961829113932456
0.0013146167516290737,0.027938467042711253
0.003510868668033498,0.02419120801453243
0.000872168532050619,0.06420570917717684
0.04175356248624329,0.02664482042144057
-0.016622265106607227,-0.017015236773187354
0.0003114601886704378,0.007271551809079881
0.00017547241375029325,0.00560844155789611
-0.02782219691295811,-0.02183032808869795
0.0021398568834554033,0.04717430182259999
-0.00848060532482368,0.014011605786413361
0.016881591791863073,0.05807662521798959
-0.009255965525369742,0.010420266262520753
0.0006128988061641177,0.011205146823744357
-0.009132363581332329,0.008969544683727411
-0.008360126069662991,-0.004063252630777815
-0.015341398242539167,-0.046773275080455756
-0.005533937648326619,0.028342371394915016
-0.004475913757538028,-0.0038114254983623377
0.0013146167516290737,0.027938467042711253
0.009683106952402695,-0.0027757195233412586
0.024804100558255188,-0.0064333892267038235
-0.029412808830287934,0.004367133758391671
-0.03389526450718101,-0.01886778181657233
-0.04413932030245292,0.0034915089808504676
-0.0120378411857381,-0.03875016130882679
0.017894563978068594,0.03253572353788136
-0.021905891000787953,-0.04360667858352763
0.017845958781919,0.006401625297227015
-0.11678974667885385,-0.05160178197627868
0.0019866321515748958,0.0017444828269392865
-0.0034733155497905744,0.03976190330623139
0.026542737647105526,-0.035592466449348124
0.019000261905181642,-0.009273042555706029
0.00465615603246725,0.06828350994087455
-0.018704974992377024,-0.047612493403764375
-0.011152033738021067,-0.028491515509957696
-0.006685144746454126,0.011268492942076318
-0.009237388225191715,-0.05282963177147283
0.0057915241393624245,-0.028858902031373517
0.011099634658157843,0.0010182682583457434
0.008236080229414524,0.004538275033337445
-0.04360780369001842,-0.05438139920664509
-0.01680263516422644,0.04132497895856595
0.0102462460198801,0.042864465802878254
0.009437088910847543,0.029082926104960008
-0.034875463907059166,-0.003765459644616064
0.019932208821672036,0.055578828616164866
0.021360365023190494,-0.012656108866158538
0.018252522363915922,0.010170707837944992
0.02077945135291878,0.01586672839824678
0.029701125669521534,-0.017885327815710228
0.02503971774432851,-0.020997732554098987
-0.005533937648326619,0.028342371394915016
-0.04741772322207486,0.027470583082022534
0.06262969398211601,-0.026836680104380017
0.03451613014436052,0.01886342603382133
-0.03772677531949485,-0.07660455510373038
0.011952184982044077,0.04337865446228817
-0.019450678940729837,-0.004490252399378822
0.0705641304559628,0.016562291694019342
-0.007337693574676805,0.011292188845386457
-0.015488270297329784,0.06316213902693504
-0.027535402778926243,-0.007797593045375566
-0.05541428297985418,0.011440270705358739
0.04582490615031409,0.041557478248224755
0.018505222393646128,-0.007629817668079103
0.04203296694242722,0.04839606924348573
0.02803687886858187,-0.006668078708439728
-0.0934148630607541,-0.010956963052579649
-0.018985404174456808,0.04794892378056101
0.011555351444186056,0.041693493431510964
0.006147472347454166,-0.012220336450490494
-0.006730273410090872,-0.04361104411302848
0.019468519472913004,-0.011103052641637228
-0.04747176704340896,0.02837245694164446
-0.0017257908789469754,0.04221106848470599
0.003983434714420557,-0.013738114388271827
-0.048038675600111096,-0.035704239527794085
-0.034984799308368085,0.005404727957522365
-0.06345198754112029,0.030398036698631746
0.02019398403809009,0.00023396357615471097
0.03785547252251246,0.04253726844162345
-0.004855905139881417,-0.030205593744425253
-0.015081086671416881,0.04636789210582816
-0.01823123950455834,-0.032088100945054765
-0.01780999274817476,-0.01886778181657233
-0.016836561083749615,-0.02677206521251529
0.004839018573263993,0.003714106247576003
-0.00410576885563421,0.009765676612621982
0.034614046954665315,0.012142551869671572
-0.007593723210062591,-0.05115976047644396
0.04582490615031409,-0.004412196870170797
0.009756423361810828,0.04486499835182596
-0.024361922342739224,0.010285024371262892
-0.04449749519807181,0.014673061237369008
0.003058541061501353,0.018357219318687223
-0.03322482527131675,0.005666032114748941
0.066423967882377,-0.05049126902580927
0.003386133640201991,-0.014064679132978267
-0.014005064179979203,-0.012812268038403893
-0.028152345097716074,-0.026836680104380017
-0.008262017998154254,-0.06187093503305501
-0.0008341426372341529,0.028644692340336217
-0.03336210490371393,0.04324597047605701
-0.005315851348853041,0.01597481645786482
0.00037813976868522186,-0.019391039099598537
0.011788040580236216,0.03157061982571118
0.028475751330636775,0.007873990807801351
-0.008526325117576483,0.013110672036442762
0.017746970225464904,0.01388118215760522
0.006341426295324877,-0.03648222292338034
-0.020499601385582114,-0.0018360214567709789
0.009756423361810828,0.04486499835182596
-0.04305394344367368,-0.012747440882478183
-0.009367860632105623,-0.041860293594245916
0.014469726215472205,0.019000154947059415
-0.05210785830538525,-0.024710663272253162
0.029593523592628842,-0.004045991111800758
0.019439665758613917,-0.008683487848703125
0.031241346792423748,-0.017515452675336156
0.010935188514465871,-0.04807891211473183
0.018141287092172165,0.009824474337335694
0.00199553027880751,-0.029666097437615665
-0.021905891000787953,-0.08183226334887028
-0.006811303641376035,0.01606442970746421
-0.007317661417925705,-0.004412196870170797
-0.01285450626162358,-0.0016900506270828355
-0.02854970098525876,-0.03494012691296636
-0.03512263853337888,0.022618806513719218
0.017291384794445443,-0.05012929058940557
0.06624484384925464,0.02127383502328372
-0.03468862765004021,0.014922933281966262
0.0018308678812976452,0.0027100695424580393
0.03689651079666027,-0.005650923950942265
-0.031130351298637924,0.0071056201401547905
0.0064422418229352985,0.00931852639444275
0.004287236813672852,0.04082451377773981
-0.04817362824668116,0.00298168172382432
0.06820919076061388,0.07499338736117941
-0.01584723735146509,0.03224748050732512
-0.021316992639737367,0.03055795025087823
-0.013121602433531275,0.0029313993454564286
0.002478089952207803,0.00827957870771013
-0.018914430513205568,-0.026970385316765252
0.019932208821672036,0.055578828616164866
0.008180545632563698,-0.03873991128824672
-0.018345575294854064,-0.0010979039964487923
0.058753893727060615,0.01675491573702477
-0.015488270297329784,0.06316213902693504
0.009264200829898789,-0.05241602336064565
0.026782655460134815,-0.02112041965244299
0.046652942434938706,-0.05095809290317152
0.03300942614911923,0.028957549101233777
-0.004065357007262711,0.04586727559909223
0.011439051567838384,0.008408734990034354
-0.0029212408679697727,-0.028584809301415354
-0.009537387567574622,0.08032507589746235
-0.03214005321402929,0.02555377422463556
-0.011263015279152985,-0.03759493701596358
0.025900903365309473,-0.002788417400880247
-0.02364722380199265,-0.07359945639546328
0.01469059386614836,-0.052697631518784455
0.02021339386622651,0.009979916033494567
0.012369806942574583,-0.04807891211473183
0.007309535237479245,0.019262028730717355
0.010929449739641021,-0.04350728744491202
-0.0193831827085548,-0.04622248481145225
-0.023845962176572345,-0.02267289224651357
0.026133166765450952,0.05371151990248589
-0.013825020741731862,-0.03970864727001309
0.01723120661608025,-0.055621098509108534
0.026189968912260546,0.026358516855193408
0.027299868913171238,-0.0018438710570537302
0.03646030194226914,-0.036081667013316665
-0.023147439691003503,-0.01494012268337686
0.045954554770142896,0.021206339822103765
0.006982347333763906,-0.01576643964312974
-0.05512897846417338,-0.005931900753959496
-0.0005864581848297213,-0.025868769634453496
0.03126551703178212,-0.00045934369285278304
-0.006296609779458597,-0.0317241651736819
0.05118634689225659,-0.04818653666050711
-0.04326338601519909,0.004057230226125912
0.0003894458866877289,-0.024797563783977558
-0.012345791787023415,0.006401625297227015
0.020758438063745832,-0.05382749495873679
0.021056216320602963,0.009844854272065474
-0.020904146644511575,-0.03879144232271705
-0.03258100252213464,-0.02624284664232935
-0.0135674829548232,0.02933682132535074
-0.04288114400290541,-0.03434755238639986
0.03817351211623669,-0.02776910346119508
-0.03438817455874173,-0.0014761981619917965
0.017421365395272857,0.014899127175506933
-0.006296609779458597,-0.0317241651736819
0.0008115889563506683,-0.009963853126904362
-0.027535402778926243,-0.007797593045375566
-0.04175834509865877,0.019125527379865552
-0.0008760777421365875,0.024056825314645904
0.025900903365309473,-0.002788417400880247
-0.0014435201999848117,-0.04475745469077072
-0.017316119846575346,0.01933723952010266
0.026096054664688482,0.07850394787362824
-0.06520965055145685,-0.0316899464252272
-0.01134008440427094,-0.009159767219597383
-0.022245690886760396,0.018508842010352737
-0.06240569269549158,-0.023431525236778973
-0.018914430513205568,0.022821599822057448
-0.03777539231766364,0.02548924662171561
0.0436151145911078,-0.07078898414188049
0.0080224150018656,0.015604369073660265
0.0022077527460163723,0.008154467688847977
0.033563796035700574,-0.053184823908205545
0.050876589575051034,-0.015461450402551289
0.02115128605574622,-0.01650358743851951
-0.013829242438607168,-0.0028476463550657083
0.030048136594971707,-0.016422055455996107
0.008350905757414309,0.05389084057125769
0.012369806942574583,0.0709360152982855
-0.0205975560849028,0.016494867919178695
0.035989962140075486,-0.007745399223525861
-0.03439790037028103,0.017166573772178957
-0.023845962176572345,-0.02267289224651357
0.021056216320602963,0.009844854272065474
0.027841854179137152,0.006682222271002548
0.05327054509534802,-0.012544566527386353
0.015195374338257158,0.033076426352256716
-0.03231541237814201,-0.04683327011813536
-0.026166132096700424,-0.02574709393844361
-0.005088729104085358,0.02917811956730222
0.00872556335605971,0.03913337152030982
-0.023826757221872226,0.028730202167802393
0.01772946352839137,0.049321897229024345
0.048009609433510216,0.05994395843378575
-0.0006812653027263039,-0.004815117228662114
-0.02170540662616063,-0.038836052934303214
0.001670743432208238,0.021169571975894565
-0.016404733425589523,0.010383712440107787
0.01772946352839137,0.007873953625567469
-0.06342307900308625,-0.06565520750577777
0.06818425304421817,-0.004561515183100592
0.022065091229254975,-0.008558966424619474
0.04155825360901508,-0.0030196723850809196
-0.021696613360902065,0.01440606726821158
-0.021044195149474542,-0.0024504001614820276
-0.010271838226069795,-0.01854945775814683
0.02314357535515794,-0.05664852437433646
0.003923792664311339,-0.028491515509957696
0.0060601131559097935,-0.0317241651736819
0.0017071932869488745,0.011395052989234884
0.04459265693365281,-0.006585881734041649
0.00563652744647308,0.010015048697102784
0.03673115505299253,-0.023033827856193664
0.0014608823522009118,0.05189677906618251
-0.02170540662616063,0.04524250696177248
-0.02627163024562741,-0.00023735329365353816
-0.010751225379982198,0.047731887784190644
-0.03181815938633646,0.021933100308857707
-0.00662325766057139,-0.008269588182912445
-0.07654996051038764,-0.03309800571445582
-0.04551976301174699,-0.03630408362143208
0.018420370214683946,0.006928305028517705
-0.06085924317789922,-0.028022135358162958
0.03673115505299253,0.019831051374812253
0.008701155075364956,0.0037109376219901444
-0.009759354329864117,-0.026475625231449897
-0.04469129360994709,-0.014500990594962338
0.01610326373495676,0.02738745191573788
-0.0162830516197673,0.05164801570936653
-0.03030915616604921,-0.03463879779114311
0.026999091328647626,0.020465883847261786
0.05694617991221177,0.007271551809079881
-0.01636875306951001,-0.015022937469815437
-0.09981209662390134,0.018475465766173427
-0.03698968568301113,-0.022755959510488727
0.05155196995709651,0.0185881997143081
0.03277748412696526,-0.03459478896022345
-0.0465475361921331,0.047862950916766664
0.02728733194404633,0.05189677906618251
-0.0061763828092393025,-0.018695072560206694
-0.04288114400290541,-0.03434755238639986
-0.007997487515942975,-0.045305685698143264
0.009927275853782115,-0.03731252956949612
-0.031130351298637924,-0.024954065788908054
-0.001681723700698034,-0.030911698248367776
-0.03627383872051449,-0.05307920254799049
0.012132087537947162,-0.06402339583748079
-0.017989992690557798,-0.035829363836944926
-0.005235625455034386,0.02405943278257497
0.010670377830843906,-0.019596415693600346
-0.0217349283665609,0.052413665435262866
-0.013024631801442883,0.03641626679308299
-0.009500158580900891,0.010680886160393588
0.02340581702084193,0.03583419816814479
0.02428990603684332,0.014307568589220769
-0.055568758297232256,-0.03346816219779939
0.05621738293876177,0.035219457773650306
0.01610326373495676,0.02738745191573788
0.009954008559486829,0.04844265168578232
0.015521310732311671,-0.01440837232145482
-0.007021284613878997,-0.004720430295644198
-0.036370968259094125,0.028338635701871742
-0.05021254471975484,-0.011114388470373526
-0.003469366078603019,0.02795042291421726
-0.01643391366600367,0.003107054720642932
0.04004341650869465,-0.030894916963175333
-0.04251200912563887,0.036251704978153415
-0.014796839611260328,-0.04258022292469362
-0.015272742289729602,-0.005543338485377851
-0.057087865967305994,-0.034338122974602384
0.028036131638657452,0.041867892673657855
-0.03439790037028103,0.017166573772178957
-0.01677767295914301,0.028342371394915016
-0.06833590782588203,0.008788632686643115
0.016039436400278374,0.035852536445236324
-0.011335220753254641,-0.015780193924253987
-0.0005238433922723292,-0.04051510147592646
0.02006079267902335,-0.015688149761682778
0.016348612432182396,-0.00016441909338158964
0.02674146319344792,-0.01003416837067651
-0.018704974992377024,-0.04298562444672717
-0.006465831791070515,-0.00126208474878391
0.024804100558255188,-0.0064333892267038235
-0.03679617497952939,-0.008766818443858973
0.004340898917148511,0.03706287935582965
0.0651120611051978,0.03396592328932345
-0.04187088196454206,0.04996228014865872
0.027499254470253184,-0.07446233134319337
-0.006837638297414021,0.0019380559275553183
0.03494402088340127,0.01290209911728709
-0.01586443271450626,-0.009495719361001943
-0.06898795073017423,-0.0074236532135219906
0.013693381337998469,0.03468019033676151
-0.04078157453889224,-0.014450197230450145
0.009219638169193946,0.019125527379865552
-0.0135674829548232,0.02933682132535074
-0.0027960130134406136,0.04232391718264089
0.0014608823522009118,0.05189677906618251
-0.013463791948843,0.0668588174786568
0.023150493886359782,-0.045305685698143264
0.04274919688386918,0.029229985574791104
-0.002145515802183143,0.021389164316632625
-0.06312618119160754,-0.014223670004217448
-0.047030302693160005,-0.024337637115387643
-0.005436757203253766,0.004367133758391671
-0.023961401214103145,-0.018524341036393572
-0.010392736232491127,-0.024710663272253162
-0.04241686701260196,0.05957942956437544
0.02340581702084193,0.03583419816814479
0.03293786982504599,-0.03296829276023073
0.01747720250565513,0.02636844609707801
-0.006754037418721055,0.007826251536564681
-0.007317661417925705,-0.004412196870170797
-0.007021284613878997,-0.004720430295644198
0.0008115889563506683,-0.009963853126904362
-0.017627218912009645,0.04800370841054771
0.033068046059349716,-0.027678642700672204
-0.021336374173160484,-0.019774677023562462
-0.005088729104085358,-0.01882544245992216
-0.017989992690557798,-0.035829363836944926
-0.021622080306944548,-0.007470715987692337
-0.019756470759933024,0.0038364275055247712
0.028995893299560264,0.007849317346306992
-0.0034733155497905744,0.00956442817250451
-0.029948459561944883,0.00677488992701393
-0.020695929354657323,0.015239784043540781
-0.012372016318613897,-0.009307455695490435
-0.05973477074977351,-0.04519715258783982
0.022780534671227815,-9.433849337161376e-05
0.04910501712607606,-0.013886693731538493
-0.03038913361533079,0.05627413389997252
-0.06085924317789922,-0.028022135358162958
-0.036624321940875774,0.059175757737546394
0.029556019742236355,-0.025126069296142212
-0.011263015279152985,-0.03759493701596358
-0.015341398242539167,-0.012544566527386353
0.01650987223959177,0.043927797941608185
-0.016622265106607227,-0.017015236773187354
-0.03817132481383103,0.018801677701280037
-0.04274665300023774,-0.014729434983223197
-8.025201374931473e-05,-0.008152011248227897
-0.018345575294854064,-0.006591832782095481
0.014346017040435956,0.05715482192983988
0.008455865377957962,-0.02432345869650206
-0.11678974667885385,-0.05160178197627868
-0.012894855227797417,-0.04024151660713645
0.002669986738400521,0.026324999115914155
0.0057915241393624245,-0.028858902031373517
0.041378339378583526,-0.02070188950807335
-0.06617280890725245,0.002065191685905292
-0.003153884453365395,-0.055018658279857094
0.051209038172370755,0.022869832138868722
-0.01285450626162358,-0.0016900506270828355
-0.019831402991817397,-0.0022299929504309667
-0.009868209126300624,-0.04709355516485506
0.06853276100827389,-0.007937034026424972
0.021674353936845678,-0.041271330046904774
-0.0015108280646280385,-0.026327272226793028
-0.0008341426372341529,0.028644692340336217
0.021849294355317277,0.018259493002863586
-0.02046543994455838,-0.029536656403049366
-0.0247856688534379,0.042575529117368185
0.056267652450120255,0.012053199279598033
0.014366865966091599,0.026959810815434034
0.0034121731387077646,0.00023396357615471097
0.03027188875179399,0.020552917092291678
-0.04876974526485617,-0.017156508824146554
0.038226332026455485,0.03733583393084733
-0.05604201141195656,-0.04539922856082634
0.0054692874781088014,0.011756092934801704
-0.039219054183773625,0.021650294069978725
0.01747720250565513,0.02636844609707801
0.008800778185716458,0.038108750391441876
-0.01603556516612757,0.012844523301563007
-0.00792398454806237,-0.040475753594003454
0.02750929145334021,-0.0011110977926096534
-0.0028852919111106707,-0.030911698248367776
-0.033569340244450886,0.009531359153817726
-0.0009765300203080897,-0.02334762506606563
0.06853276100827389,-0.04280046997895838
0.066423967882377,-0.05049126902580927
0.04139421942031579,0.02837245694164446
0.03438026557985597,0.00782566528265509
-0.04923686073745575,0.023244105643465414
0.024215332334171204,0.017467011698498215
-0.04274665300023774,0.028603582073677927
-0.03438817455874173,-0.0014761981619917965
0.010163152501026661,0.03581499955791956
0.017421365395272857,0.014899127175506933
0.00444672350518101,0.0041096506043681175
0.040035549836611777,0.047316196712134564
0.00038070437038560293,0.04810895824952169
0.02250139647486586,-0.021178224001923165
0.02787240863996518,-0.03074803131125163
0.03021878998324542,-0.025128869456473583
0.00952849708606536,-0.04657054399209003
0.01628499962946025,0.019578907738042453
0.038226332026455485,0.03733583393084733
-0.03389526450718101,-0.016595635206646343
0.020769634183073038,0.08236583359021676
-0.01636875306951001,-0.015022937469815437
0.028650594879681586,0.04851827976999261
0.011032330155549903,0.03887966391867195
-0.07017993980409439,0.004585776324437213
-0.0205975560849028,0.023955277794847282
0.025880310457487576,0.0350224971241586
0.016376510175369768,-0.04798369838638062
-0.03926499563273168,-0.03692667645561526
0.02750929145334021,-0.0011110977926096534
-0.003409177116220949,0.024608661513266218
-0.01709101972783975,0.011818122792351005
0.03065207538487514,-0.05736033434784432
-0.012372016318613897,-0.009307455695490435
0.03457802409966521,0.043575723850322406
-0.032715213014728,0.04889240137220968
-0.049842216328469205,-0.05823364260409848
-0.06345198754112029,0.030398036698631746
0.005803065334921722,0.023851964018969128
0.006381967609191049,0.021110130897870477
-0.021133812294239638,-0.06187093503305501
0.031652795492833986,-0.0019443376604226792
-0.009956701779847444,0.005961829113932456
0.033340527586828955,-0.0195149587457816
-0.003153884453365395,0.0012836138309615733
-0.0015484941954626197,-0.01410749975426048
0.01057810800410358,0.007962570373796954
-0.03073264320063124,0.03217758320855654
0.028933955782365135,-0.002062790395109291
0.03547189057136336,-0.021895773529181255
-0.04747176704340896,0.026036666203696705
0.01760709351266174,-0.021855665088469655
0.046465597001914126,-0.05241323051992933
0.05987300582641378,0.05358293605459484
0.039446931513297985,-0.007223655237475417
0.05270850778948741,-0.03297464767906404
0.0003395739887027237,-0.02437152416693647
-0.035689480503828454,-0.005887431172375765
-8.025201374931473e-05,0.01013221219736378
0.013376175894909772,0.023322690224664155
0.032869760846897265,-0.029032831563315334
0.06285023964569691,-0.04360667858352763
0.038856893339196244,-0.029032831563315334
0.024751591271260323,0.014572448233079044
-0.006687391820589129,-0.040125214361222204
-0.03129270644098151,0.052036187998157
0.05365825737115346,-0.013995274993074621
-0.03679617497952939,-0.008766818443858973
0.028475751330636775,0.007873990807801351
0.008544885434818045,-0.03242862520105032
-0.01497119414250779,0.02358951563832011
0.02861861267589261,-0.027666417005165457
-0.033900474428919594,0.07287150928786483
0.002268660457917024,0.04800370841054771
0.019468519472913004,-0.05511452755304054
0.05365825737115346,-0.013995274993074621
0.024424708294150037,-0.02490226752037574
0.03277748412696526,0.01055929548252213
0.02750929145334021,-0.02728422540582714
-0.009751201502977582,-0.016601675468888976
0.04004341650869465,-0.07325496582727539
-0.009956701779847444,0.01889445095235364
0.009219638169193946,0.03848817550250419
0.015247197345458853,-0.04490931626663823
-0.007280903343772085,0.007826251536564681
0.013333129077394904,0.001423198102608117
0.031457261068659474,0.013134623971867966
0.02230242843854193,-0.025198425656132145
-0.014748025582711839,0.0022026778162898483
0.006403787446565478,-0.05598269550120072
0.008142997126919082,0.1025611096705179
-0.006730273410090872,-0.04361104411302848
0.09291864110277219,0.005513990565045722
0.01882091782650706,0.06975418739292093
0.027624007306994765,-0.04441798943555266
0.07090992302855474,0.02003744829284968
0.008322926282753681,-0.025612684703634307
0.016592002191588837,-0.00534766950676329
-0.008417528416697911,-0.0029578501294016298
-0.00042858103064948445,-0.022533803590467784
0.000789461072624338,0.010285024371262892
0.03678848866722055,0.023847526002039585
-0.07017993980409439,0.004585776324437213
0.033068046059349716,-0.027678642700672204
0.03746581392504295,-0.02070188950807335
0.01278581507702921,0.05627413389997252
0.026201124263698146,-0.03395385765023268
-0.012891875446290854,0.02324649350195397
-0.02026132568308773,0.031219273216556244
0.017262745403814315,0.01420060688446817
0.011168342633854276,0.02639711626074861
0.05675000815887971,0.016094682087621777
0.018505222393646128,-0.007629817668079103
0.01826002575808791,0.05706956584095978
-0.008635132438409033,-0.022863514282332076
0.022970397882103435,-0.02451675610245273
-0.011257536513145133,0.02768547707474732
-0.02627163024562741,-0.00023735329365353816
-0.030970065271736635,0.0032042791432890932
0.0431791850329376,-0.0029578501294016298
0.005588848702130314,0.004623926148080763
0.03451613014436052,0.01886342603382133
-0.0135674829548232,-0.006707862518064496
-0.002145515802183143,-0.017515452675336156
0.02053879434533587,0.006350834487750513
-0.0357458393084643,0.023708540416218553
-0.038304138330735885,0.05446200900529094
-0.06564536464776524,-0.00718717815111438
0.01381965015927684,-0.0028326388761420497
0.056267652450120255,0.012053199279598033
-0.03635847674897316,-0.006399334367817176
-0.016360640446074656,-0.025187572943916763
0.02657706437230427,0.0316661886483555
0.06890578690891011,-0.02439548598189819
-0.031043689303528035,0.06786684592896022
-0.04423385254819555,0.08195203867922173
0.03135255339552586,-0.007172974317828391
0.04706987025713536,0.04815832143423676
0.021079072139249613,0.015782181640850435
-0.06345198754112029,-0.015461450402551289
-0.024361922342739224,0.010285024371262892
-0.034912807360833124,-0.03463879779114311
-0.012601028080500919,-0.01638067773382159
0.0028851068401652765,0.0027650067090508462
0.07104964630424081,0.04052011959662012
-0.01725233681161245,0.037579245731435174
0.03899461349604104,0.04464389517391984
0.016039436400278374,0.035852536445236324
0.023856269866616597,-0.026214148509009473
-0.004249888794568527,0.049321897229024345
-0.021837188381963395,-0.004767686463720857
-0.035770481485035165,-0.02930922135300979
0.017956268613335664,0.00471598075307441
0.022106868771739008,0.04719736232942777
-0.00042858103064948445,-0.022533803590467784
0.03610133199976554,0.03210090488730133
-0.0386846900234156,-0.0002328057230814272
-0.002490946161081862,-0.04785091244572754
0.027547296591415086,-0.018186355736192945
0.02864936878546923,0.01466339278736152
0.02382347786008244,-0.0008492976545559361
-0.042304107488831046,0.019911657319192574
0.024276272391687205,0.03846511983286367
0.0249902853528621,0.04075516051034847
0.044403020118572584,-0.0015226510653569385
0.028007477489741382,0.0668588174786568
0.034780873980979475,0.0068607776064415205
-0.041280663861673485,0.008097936017864467
-0.03150267226173724,0.0016420522075487679
0.006232623404669443,-0.0293955074756964
0.027336988415141605,0.026174763312343856
-0.068127143343205,0.0709360152982855
0.026999091328647626,0.010097443184564021
0.015162301860944104,-0.05403829774920112
0.029657671994455553,-0.040769949281036146
0.03843257229020981,-0.03348323349857799
0.028995893299560264,0.014649313062383727
-0.011257536513145133,0.02768547707474732
-0.015091301973750764,-0.03191267774926933
0.007685551838194912,-0.004194651020419361
-0.040347418180471134,-0.021248794258766465
-0.04469129360994709,-0.014500990594962338
0.03121696606193516,-0.01565598362676722
0.056528232073368476,-0.04154305264919849
0.004710881881980525,0.024487116785877373
-0.0010173134094232227,-0.011378701629913033
-0.011576730942743063,-0.02026076063145989
-0.06951179065527265,0.017917611051137525
0.015914234241329376,-0.032191211611419045
0.01318080397882745,0.0034915089808504676
-0.009582022142879926,0.048049011231378586
-0.03126330058167523,-0.05689511445993866
-0.007404331168310647,-0.030364722303075235
-0.022606150314860587,1.1267366063053702e-05
0.0017442454056775796,0.026745839237282035
-0.034875463907059166,-0.003765459644616064
-0.10141201954601169,0.014715474220229723
-0.034912807360833124,0.05058713319557344
-0.010649380213664454,0.023130360466016762
0.01104533925043967,0.021484436496079583
-0.0002448225847289693,0.007467226081972367
-0.07163199658945625,0.024056825314645904
0.033065977000758466,0.00338399690112208
0.07170838828675682,-0.019914092083755035
-0.016568827800942598,-0.007586731060403973
-0.05806724164375782,0.0005802479232916782
0.011099634658157843,0.0010182682583457434
0.0022870952249190966,-0.03831227077567998
-0.017310971317762866,-0.07485538615334428
-0.003583854089959168,0.05673689667640419
0.005411722755048987,-0.012690909290038046
0.01555984079197947,-0.028730770147570518
0.04791073905911335,0.0031329778912694423
0.015195374338257158,-0.038354499843019765
-0.02687600880286979,-0.038222323080637416
0.009525705942680648,-0.03112757211045076
0.019545061298608418,0.002964085703707299
-0.004254416770567655,0.004875168435628734
0.02048858071715566,-0.009853087390058175
0.0022077527460163723,0.008154467688847977
-0.015101300141737353,0.011756092934801704
-0.02655215134770435,-0.024564730640108272
0.003523703265409358,-0.0034624874211129884
0.007409386089106095,-0.007470671230311757
0.017596141107541992,-0.006501272684233898
-0.014641542072388995,-0.02209125143808128
-0.006951829247625732,-0.012330423126686894
-0.008417528416697911,-0.0029578501294016298
0.03787104667131879,0.03041475513796333
-0.014230361312055313,0.02307324260139975
0.009756423361810828,-0.005103080249278167
-0.016622265106607227,-0.017015236773187354
0.04791262005101095,0.0025464202844771577
0.10623257626176333,0.01922827259414614
-0.034337051062668225,-0.05413202222163527
0.056528232073368476,-0.04154305264919849
0.033340527586828955,-0.0037793631323181885
0.06820919076061388,0.07499338736117941
0.002727297222625582,-0.08945833099289874
0.03389821754749799,0.08810085376108032
-0.03934546942550138,-0.008542315000115085
0.05052997951059432,-0.039845948359002514
-0.006311201810779867,-0.053648340575073464
0.02294446809625557,0.043927797941608185
0.003993355992900686,-0.0037793631323181885
-0.0019128700518328068,0.03324692891442125
-0.020258102163763485,7.526709107833277e-05
0.028307091845644776,-0.009495719361001943
-0.001624508740052292,-0.04024151660713645
-0.018769832050058367,0.011263743410721123
0.07316073557303114,0.012678298760171826
0.009707862216383752,0.0060276834270557925
0.015195374338257158,0.033076426352256716
0.011961965223262228,-0.0018796387085429772
-0.019976694766386024,-0.008121225484548916
-0.02090895493160206,-0.03814665999460798
-0.014229855708401311,0.03740190476987494
-0.0158970685225122,0.02632917785695372
0.03438026557985597,0.00782566528265509
-0.06240569269549158,-0.023431525236778973
0.02072117090101449,-0.003778292900159814
0.00199553027880751,0.007985549306679267
-0.021905891000787953,-0.04360667858352763
0.026511766859883615,0.06673583394526746
-0.020610218585314262,-0.015729698535467566
0.013693381337998469,0.06828350994087455
-0.021668722535891447,-0.01916759356207068
-0.0026389804755989543,-0.04709355516485506
-0.032735788147353596,-0.05227366133989552
-0.03649917271198427,0.046840439586239235
-0.011079042711079828,0.028550950762495544
-0.0031901358904201623,-0.03196351166885208
-0.005315851348853041,-0.10810488085577566
-0.007970126076225617,0.005282576739490646
-0.047030302693160005,-0.024337637115387643
0.056528232073368476,-0.04154305264919849
-0.008360126069662991,-0.004063252630777815
-0.02507554723199071,0.06912013486612649
0.052288286868777796,0.010277376797219802
0.05386298892230749,0.02431322275744051
-0.012488386938274872,-0.01911583294722307
0.05288049907105327,0.02917811956730222
0.016546493846571975,0.0582386707223812
0.026918631528206734,0.005499422218910692
-0.046295499295882996,-0.041200194787185625
0.01100698711003109,-0.03767118384111882
0.03843257229020981,-0.03348323349857799
-0.022245690886760396,-0.030374150666880845
-0.006837638297414021,0.0019380559275553183
-0.007337693574676805,-0.02005540441478634
-0.011375657489882235,0.029082926104960008
-0.012551742611824873,0.012629782333573578
-0.014301212190091136,-0.002483389076940512
0.035806502663097824,-0.007924416232847682
-0.054613385500524546,-0.0002839856896406784
0.016601699342549212,0.004209869082214636
-0.009638577040368369,0.01586672839824678
0.00444672350518101,0.0041096506043681175
0.02657706437230427,0.0316661886483555
0.01601473540470972,0.015705386754427314
0.00952849708606536,-0.04657054399209003
-0.020669783581120274,-0.004202570088522723
-0.00845241906065699,-0.03391364254214396
0.0011977080770018225,-0.02579848995665969
0.0028851068401652765,0.0027650067090508462
-0.009956701779847444,0.005961829113932456
-0.029158929791229086,0.03181075311353118
-0.02026132568308773,0.031219273216556244
0.02357536845910082,0.04028398547360691
0.0007260975180067204,0.038550717818723365
0.048192169225056494,-0.03592085223063723
0.012720836050616281,0.015586177454495927
-0.01643391366600367,0.003107054720642932
0.02525676206744649,0.053795191769122175
0.019456942366163323,0.05469220950834651
0.0109371198070167,-0.02183032808869795
0.029962914154473268,-0.050298058860561254
0.02072117090101449,-0.003778292900159814
-0.013139955398210426,-0.021368401679298862
-0.019862251952667345,-0.028858902031373517
0.0538544196815162,-0.007771243365923674
0.018141287092172165,-0.0037018352632075743
-0.042304107488831046,0.019911657319192574
0.0013557347049769992,0.03869590812407617
-0.021316992639737367,0.03055795025087823
-0.035770481485035165,0.018357219318687223
-0.03483769144322575,0.03619523506150765
-0.034703133089743064,-0.019834353165586332
-0.021597197410211374,0.05158922774067631
-0.011511242032140694,-0.013818693286016474
-0.050487498292712825,-0.03626261284406597
0.011168342633854276,0.02639711626074861
-0.05211715000669002,-0.044078910792355264
0.016113182227485354,-0.025312280754045784
-0.017627218912009645,0.0415033925524223
0.018822043131327074,-0.031511220984063185
-0.03483769144322575,0.03619523506150765
0.014346017040435956,0.05715482192983988
-0.03998615824964505,0.0207190025527641
0.04076222853405982,-0.003765459644616064
0.002130814853647367,0.01597481645786482
-0.01173273198309424,-0.038174249771486535
-0.005533937648326619,0.07426905983227838
0.027499254470253184,-0.07446233134319337
-0.004855905139881417,-0.030205593744425253
-0.012292863697968857,-0.04298562444672717
-0.04741772322207486,0.027470583082022534
0.05270850778948741,-0.03297464767906404
-0.011079042711079828,0.024838230729626064
-0.03490284083102189,-0.00333246268534439
0.02674146319344792,-0.01003416837067651
-0.011737726174305737,0.05019523059752572
-0.021972498271205676,-0.035592466449348124
0.009277796269471941,-0.02830596118544953
-0.029948459561944883,0.00677488992701393
0.02776005079097108,-0.014695604322712627
0.003702633571211095,-0.009507625840768835
0.0329252265232144,0.024367209482346483
0.04791073905911335,0.0031329778912694423
-0.002546131633899117,0.009765676612621982
-0.047826089902804646,-0.00404833453980654
0.026511766859883615,-0.0015226510653569385
-0.0019128700518328068,0.03324692891442125
0.013272772443951043,-0.04226125653676417
-0.011383404427110888,0.032048010209963125
0.020008934181115084,-0.025548772584466313
-0.011257536513145133,0.02768547707474732
0.03919904989375538,-0.006668078708439728
0.050766283407114914,0.018869143416985486
0.01318080397882745,-0.03778714129200361
0.013814787912813584,-0.018522184912670638
-0.022656337640483932,0.01388118215760522
-0.015705835256407164,0.03623563047769751
0.029593523592628842,-0.004045991111800758
-0.012345791787023415,0.012732825969087633
-0.022176144634416212,0.005820021951893448
-0.01860455451858807,-0.00805995184234284
-0.03305324662381977,-0.02860044495163014
0.008553374268344826,0.018408140433777066
-0.10141201954601169,0.014715474220229723
0.012132087537947162,-0.06402339583748079
-0.010818738976978371,-0.008184559987264889
-0.010882950508832097,0.035706005695524026
0.004522244598647187,0.013185476001951968
0.004839018573263993,-0.02071094173675827
0.07880882696624289,-0.052572924679741166
0.0076979054587577945,-0.03822879146670372
-0.027404156181597406,0.019831051374812253
0.014084255922457788,-0.01182875280029432
-0.0021667257332130883,0.024039016546401747
-0.007280903343772085,0.007826251536564681
0.017845958781919,0.006401625297227015
-0.015991064095669836,0.0013189041910034033
-0.015794630363609653,0.014084878421809756
0.02861861267589261,-0.027666417005165457
0.04139421942031579,0.02837245694164446
-0.011257843760726223,-0.06552943325242956
-0.02672211507223784,0.01710531291427913
-0.03473939439268891,-0.017740717794327024
-0.00573403928565499,0.02294375103378598
0.006805272376725959,0.04089067855746109
-0.07464695824356335,-0.008184559987264889
-0.0001260095472672479,0.018048264427337313
-0.0005864581848297213,0.05134488512555094
-0.006352197091760126,-0.00865450225567199
0.03635675436435769,0.025879670275517165
0.0448627776257233,-0.013562954564583686
0.02494132305556669,-0.0008492976545559361
0.029657671994455553,-0.040769949281036146
0.0394008612144021,0.013110672036442762
0.008138888441227274,0.009184698544443246
-0.012372016318613897,-0.009307455695490435
0.0008379036650608009,-0.005476243713107155
0.037047633594574476,0.03345635977612772
0.05028116989119868,0.028338635701871742
0.07880882696624289,-0.052572924679741166
0.059942537608003686,0.014234809741125981
0.013582522989421484,0.021185780995046262
0.004020050177846951,0.0037520761921238446
-0.0014953166867469822,-0.0004004516963387085
0.022117072928224926,0.0400721994395649
-0.020904146644511575,-0.03879144232271705
0.020429546446321528,0.020416035723454184
0.05185633068449485,0.008689184529353314
0.026499555226848503,-0.03965182889263971
0.050766283407114914,0.018869143416985486
-0.0013646489856990326,0.030136097148269272
0.03135255339552586,-0.007172974317828391
0.038420716632368984,-0.007480448128397377
0.020436012968912055,-0.02728422540582714
-0.011576730942743063,-0.02026076063145989
0.06890578690891011,-0.029294899396020414
0.05028116989119868,0.028338635701871742
0.00032479435585506215,0.00641578423905468
-0.023082355460650367,-0.01658053254414683
-0.00885154800549529,0.016710844905313202
-0.034916153805088564,0.009934387021335818
-0.007970126076225617,-0.005803315258353151
0.007922691927184177,0.008342291502211531
-0.018914430513205568,0.022821599822057448
0.020551686247627512,-0.006108500887661156
0.048009609433510216,-0.040769949281036146
-0.030815125781379994,-0.029666097437615665
-0.031057312517624343,0.009184698544443246
-0.01638008075897286,0.01265226767252274
0.012029720442517345,0.0034670397343145865
-0.038304138330735885,0.05446200900529094
-0.011576730942743063,-0.02026076063145989
0.001227090848193651,0.04185074636565975
0.012727007380505003,0.05429140534827741
0.014087104995615099,-0.008152011248227897
0.036627065243623746,0.005832089703068366
-0.004129620009323302,-0.05752996516428299
-0.006868420781001142,-0.042133225748561584
-0.021885115183353194,-0.03311650902819023
-0.021125163637220352,-0.005476243713107155
0.00514995189784349,-0.05246952485428204
-0.009638577040368369,0.01586672839824678
0.02021339386622651,0.033908470024136494
-0.022606150314860587,1.1267366063053702e-05
-0.03956010769095542,0.00424391120299112
0.01601473540470972,0.015705386754427314
0.0016264422714421605,0.013663929191809636
-0.008880554630517507,-0.01936584225282792
-0.007635455501368028,-0.015005887447589815
0.005440757175776502,-0.038413822796281666
0.04253958790954538,-0.026983757466153467
0.03494402088340127,0.01290209911728709
0.004482575567779125,0.0350224971241586
0.046465597001914126,0.03619523506150765
0.03635675436435769,0.003862104834700404
-0.004129620009323302,-0.05752996516428299
0.01650987223959177,0.01250586548753254
0.018273686436056483,0.003985248449748215
0.0070467445007333165,0.10394619722478254
0.022625124586127032,-0.05070694642064572
-0.021707556396736504,-0.05554621058790582
-0.016568827800942598,-0.007586731060403973
-0.0193831827085548,-0.04622248481145225
0.06538099332153542,-0.018186355736192945
-0.045203770715357715,0.01995394613006332
-0.04923299072631174,-0.008269588182912445
-0.03810368642079893,-0.038942367668693176
-0.02796712413884169,-0.01395585070618408
0.005403830503254707,-0.011517761283653845
0.025017127621387455,-0.008102111135565637
0.009927275853782115,0.036251704978153415
-0.025752296524244246,-0.006108500887661156
-0.0173314091030153,-0.004561515183100592
-0.005315851348853041,0.01597481645786482
-0.002340438246176008,0.003714106247576003
-0.09981209662390134,0.018475465766173427
0.026743130812137684,0.004541987895076191
0.014341633852864358,0.010555849988433202
0.015739685743101344,-0.02489675764293272
0.029658524162894266,0.03191825030726004
0.026542737647105526,-0.053648340575073464
0.04203296694242722,-0.0022685600527305658
-0.023826757221872226,-0.0392875238016746
-0.01584723735146509,0.03224748050732512
0.003529383161615928,-0.012220336450490494
0.022584359216499063,0.01922827259414614
-0.0248525324832873,0.023254459155558696
0.015739685743101344,-0.02265846180740846
0.04231899363011794,0.044187778014018436
0.04084229650551125,-0.011280358309772308
-0.019862251952667345,-0.028858902031373517
-0.02214905031635879,0.0057547959355917985
0.00514995189784349,0.05158922774067631
-0.021972498271205676,-0.035592466449348124
-0.03409590987573605,0.020216895546660445
-0.010352565857812574,0.02588764709843279
0.03481429308126617,0.021677826247817777
-0.025752296524244246,-0.006108500887661156
0.04166439399566965,-0.000794842377147071
0.012028895610728547,-0.04280046997895838
-0.022650666498529533,-0.023853521695406707
-0.006610014511785025,-0.023792599885616158
-0.030103093042050815,0.07791649724812998
0.016601699342549212,0.004209869082214636
-0.004983956290924483,0.014423383539509144
-0.035561376934534726,0.04962117545248913
0.012585606260015673,0.08053229512684064
0.02115128605574622,-0.01650358743851951
-0.007564243458015484,-0.03145213185310324
0.022273222888624242,0.043218097713301346
-0.027097781482582847,0.008887237945832821
-0.0032809953655400653,0.041401618396267506
0.0019866321515748958,0.0017444828269392865
0.008180545632563698,0.020638231927732287
-0.015817914241216525,0.0022026778162898483
-0.03691112547542142,-0.018906278865276654
0.004839018573263993,-0.02071094173675827
-0.01683337391357909,0.05788068960265595
0.03293786982504599,-0.03296829276023073
0.02503971774432851,-0.020997732554098987
0.033894013728449975,0.015420561667705501
0.02776005079097108,-0.014695604322712627
-0.029948459561944883,0.00677488992701393
-0.05229659209867482,0.04692313894171948
-0.06312618119160754,0.029707889086661193
0.008733542225307419,0.011489746899544163
-0.03691112547542142,-0.0038114254983623377
0.02428990603684332,-0.05573100994917007
0.0019521717778067345,-0.05926067196860911
-0.04175834509865877,0.04120484160411457
-0.03336210490371393,0.01043894747624858
0.02981406891472861,-0.07485538615334428
0.00962460096483238,-0.019576617397353457
0.01772946352839137,0.049321897229024345
-0.02736931502893731,-0.07029667157506245
-0.0087921242079356,-0.03730239555944072
-0.04942252640039702,-0.0003787307432194034
0.0011919470605485916,-0.013206274438987115
0.05147721310153424,0.06887205152443768
0.008494636800409917,0.004686466845844402
0.014966691472060374,-0.016252336762929614
-0.011359063993077075,0.034473681624989705
-0.004823981531849126,0.015586177454495927
0.06853276100827389,-0.007937034026424972
-0.017000306621119256,-0.05062898210611191
-0.03231541237814201,-0.04683327011813536
0.029658524162894266,0.03191825030726004
-0.033900474428919594,0.07287150928786483
-0.013121602433531275,0.0029313993454564286
0.03331337423704272,0.02535791739070399
-0.0934148630607541,-0.025548772584466313
0.03498515945089654,0.041738447895574585
-0.023147439691003503,-0.01494012268337686
-0.019831402991817397,-0.0022299929504309667
-0.033734733725828005,0.04248192631503796
0.04076222853405982,0.006086940821680362
-0.01367344080711282,-0.0026372449775582153
-0.07617332725525036,-0.0783643036371029
0.02977911902408858,0.010383712440107787
0.035971435597824404,0.02131933037541589
-0.0021667257332130883,-0.0783057633489139
-0.012767713767997714,0.020756717912693234
-0.020155931424113187,0.02254529227770362
0.01314075153686119,-0.02439548598189819
-0.012176172493372115,0.040605945382405695
0.05155196995709651,0.05228442702007163
0.01213829001040986,0.008328519163118456
0.019384738584161686,0.03682785567246216
0.015521310732311671,-0.01440837232145482
-0.008969348607120765,-0.026684258009384457
0.008514414720696542,0.005249360975429551
-0.00474174672340811,-0.0007211510702034574
-0.01580357948987747,0.007873990807801351
-0.03211527113334727,-0.022429558834643232
-0.05607057485558159,-0.004241002710658401
0.024751591271260323,0.014572448233079044
0.006844851856706304,0.006090882840216735
0.03673115505299253,-0.023033827856193664
-0.024273240099847916,0.0034787805286103576
0.0034590640287296983,-0.02579848995665969
-0.003495240338125935,0.0072010207544322
-0.015744839161786376,0.045339290695964235
0.0007260975180067204,0.038550717818723365
0.011586819545766505,0.0027906498914049074
0.04087557393719402,0.003830530767298397
0.023944167665240164,-0.02372844193668438
0.02357536845910082,0.04028398547360691
0.007409386089106095,0.034656157154361
-0.009367860632105623,-0.041860293594245916
0.01070491766501361,-0.0002328057230814272
-0.029299543245942652,0.058162252831166134
-0.02854970098525876,-0.03494012691296636
-0.013649061956074786,-0.012826595464268332
0.006232623404669443,-0.0293955074756964
-0.009139139578262444,0.04377077984325123
-0.03627383872051449,-0.05307920254799049
0.041280364537399146,0.004020803971568253
0.05118634689225659,-0.0028476463550657083
0.024276272391687205,0.03846511983286367
0.058753893727060615,0.01675491573702477
0.021806606151400235,0.01986528749720405
0.03728072196264069,-0.12875047857377342
0.050932032779191304,0.04754785936244231
-0.04350189807961133,-0.05882366414143135
-0.011471433344313418,-0.026219403792780382
-0.039124456310612794,-0.017740717794327024
-0.04137887709817997,0.0019630898112691364
0.034796727651941535,0.0338595914825052
0.028650594879681586,0.04851827976999261
0.026542737647105526,-0.035592466449348124
0.05214274524836402,-0.04357847658645079
0.028505950375945444,0.03965325369029914
0.016821754645846287,0.03723762199209524
0.01610326373495676,0.03830401467587957
0.06187726098640031,-0.04301643381261154
-0.03439790037028103,0.017166573772178957
-0.06178996777891581,0.009431425559396592
-0.009247912059047531,0.013966410648777731
-0.03203402929794713,0.0068607776064415205
0.01864627497744062,-0.002000889141247155
0.012727007380505003,0.05429140534827741
0.019342429228150236,0.027163648454589587
0.005606449553387791,-0.025236498462198987
-0.06312618119160754,0.029707889086661193
-0.01042022306279967,-0.020259076320182576
-0.05874081912385091,0.027224542044777
0.04706987025713536,0.04815832143423676
0.023515289774180857,0.04286018193780469
0.005403830503254707,-0.011517761283653845
0.0029052568017217998,-0.036081667013316665
0.009218236965995214,-0.020657462884187128
-0.053987937398452264,-0.0294808803982615
0.016161683321028155,-0.004601583405258378
-0.0178038869292391,-0.05829246531824676
0.01555984079197947,-0.028730770147570518
-0.025600090552104365,0.03315243573074273
0.024022120305183966,0.0007495276962238076
0.03121696606193516,-0.01565598362676722
0.058476166039954335,0.001720225485388971
0.04004341650869465,-0.030894916963175333
-0.013192918913590727,-0.03427635049927593
-0.023062756958571035,0.005681293974323286
0.03893919125169799,-0.004194651020419361
-0.02703133568268617,-0.023743385043160842
-0.01658904063680863,-0.018932574503692103
-0.014139631478850521,0.015604369073660265
-0.001037717328596593,-0.05808529515933657
-0.048038675600111096,-0.035704239527794085
-0.03179074579100793,-0.0007511358720033619
-0.024831612866761096,-0.08945833099289874
-0.06178996777891581,-0.00333246268534439
0.06170734975227691,0.03493876194689263
-0.01616014915473738,-0.014061284997001369
-0.007050738666653889,0.013667791739993745
-0.006486298090313456,-0.054529852612140314
0.00012942179020577555,0.03208806558504767
-0.06617280890725245,0.01664396734968826
-0.016568827800942598,-0.007586731060403973
0.037047633594574476,0.03345635977612772
0.0018480249572040246,0.08053229512684064
-0.007261321544084724,0.006350834487750513
0.0005394541113836398,0.04036942986087409
0.0011919470605485916,-0.013206274438987115
0.02357536845910082,0.04028398547360691
0.01267907630670173,0.02636844609707801
0.03622983439348162,0.018801677701280037
-0.04384836237974056,-0.03873991128824672
-0.01683337391357909,0.05788068960265595
0.012727007380505003,0.05429140534827741
-0.005436757203253766,0.004367133758391671
0.00387500200066424,-0.02364376057869849
0.011439051567838384,0.008408734990034354
-0.07617332725525036,-0.030144448918254158
0.07104964630424081,0.04052011959662012
0.01991050939330638,-0.018266722265076966
-0.007404331168310647,-0.030364722303075235
-0.038859422867447854,0.006088786916482861
-0.04862941811229855,0.04464389517391984
0.038697848791096584,0.027592161886707434
0.034713582823366625,0.002836107552156547
-0.023845962176572345,-0.02267289224651357
-0.016460379942712475,-0.0006253152201700016
0.024027649622163225,-0.0234469480049371
0.00465615603246725,0.06828350994087455
-0.02985821472072937,-0.0013107034790444984
0.010935188514465871,-0.04807891211473183
-0.05229659209867482,0.04692313894171948
-0.01860455451858807,-0.05001328654201484
0.001602784872008155,-0.03731252956949612
-0.0201924248976,0.005249360975429551
0.03733613474216286,0.026959810815434034
-0.013121602433531275,0.0029313993454564286
-0.004089244000222052,0.018259493002863586
-0.0212621081654185,0.10394619722478254
0.026511766859883615,-0.0015226510653569385
-0.03804472008934643,-0.014842852102959677
-0.011572156651236206,-0.022861608119072424
0.018420370214683946,0.006928305028517705
0.016968062409088717,0.00827957870771013
-0.01965008398023533,-0.055516212897238175
0.05468385783587851,0.01404160296524852
0.008494636800409917,0.004686466845844402
-0.018985404174456808,0.01735101995471966
-0.014641542072388995,0.0007083708418949147
-0.006811303641376035,0.01606442970746421
-0.04327588896384889,-0.022882101323433435
0.05214274524836402,-0.04357847658645079
-0.03817132481383103,-0.012761051667995727
-0.04187088196454206,-0.014302307855743657
0.020769634183073038,0.08236583359021676
-0.0007893505298122088,0.013973958665326032
0.07170838828675682,-0.019914092083755035
0.024027649622163225,-0.0234469480049371
-0.008118452729415384,0.024367209482346483
-0.015655530252441714,-0.04560336674776166
-0.004997106032094622,0.014673061237369008
0.03976551934412688,-0.03787262635268979
-0.020121650365039268,-0.03196351166885208
0.028933955782365135,-0.002062790395109291
0.013132374946432183,-0.0573875366853957
0.03457802409966521,0.043575723850322406
0.026499555226848503,-0.03965182889263971
-0.0010173134094232227,-0.011378701629913033
-0.01971923054657392,-0.0010979039964487923
0.017894563978068594,0.03253572353788136
0.015739685743101344,-0.02265846180740846
-0.017476475587603166,0.02936359067857095
0.0010272872626689166,0.013935421826243757
0.01925890720101657,0.022141905426969304
-0.025600090552104365,0.03315243573074273
0.05288049907105327,0.02917811956730222
0.007321328544769725,0.05007398609505585
0.025924968744228744,0.014922933281966262
0.011952184982044077,0.04337865446228817
0.03103420808178786,-0.04501963871432859
0.06316281769799076,0.030660532485577402
-0.00909974914169174,0.06427476077571256
0.048009609433510216,0.05994395843378575
0.019932208821672036,0.055578828616164866
0.008847468407563853,0.00956442817250451
0.026542737647105526,-0.053648340575073464
0.02176455358843512,-0.009298310880184126
-0.02440200789941179,-0.04862694265193297
-0.01658904063680863,0.04185074636565975
-0.004475913757538028,-0.0038114254983623377
-0.00765279460409055,-0.03649113845500267
0.016881591791863073,0.05807662521798959
0.10623257626176333,0.01922827259414614
-0.004475913757538028,-0.008689045661056754
0.0018480249572040246,0.02932787358151931
-0.010392736232491127,-0.024710663272253162
0.027713609968069406,0.04694334620928205
-0.057863787764714195,0.0571002688693624
0.00860929609750395,-0.00514608947585914
-0.015161979691166201,0.031359852644723546
-0.026575126509057377,0.0014337135136535326
0.003952428281469638,0.04774241500105417
-0.00654071976171223,-0.01882570898978959
0.04439222831314362,0.017166573772178957
-0.018401141624613312,0.0007327241119800335
-0.020258102163763485,7.526709107833277e-05
0.012218373018398091,-0.010631660190370583
-0.024831612866761096,-0.004921136202399319
-0.012933486235416713,-0.006326654713901637
0.012720836050616281,0.015586177454495927
0.03296482870543289,-0.014064679132978267
0.06170734975227691,-0.03423467457721752
-0.01092214518248098,-0.039615978600618086
-0.013129017548134714,0.041223013664688696
-0.030668999972469448,-0.006823004926464194
0.048009609433510216,0.05994395843378575
-0.02796712413884169,-0.01395585070618408
-0.020823397734283097,-0.03301823629451987
0.025017127621387455,0.01146529056158526
0.010670377830843906,-0.019596415693600346
-0.06531124324520445,-0.005291564057351126
-0.021707556396736504,0.014809025723569492
0.010806089589667297,-0.07880551561347299
-0.006352197091760126,-0.00865450225567199
0.008210108701802587,-0.02372208666956821
-0.06015097966898669,0.0005517134386230915
-0.03462141225113482,0.04719736232942777
-0.02032470501125156,0.0219470225823912
0.041280364537399146,0.004020803971568253
0.03135255339552586,-0.007172974317828391
-0.0007000947468227915,0.0016955404540803243
0.026133166765450952,0.05371151990248589
-0.02475817079261591,0.013574909539540742
0.03457802409966521,0.043575723850322406
-0.003444308486714253,0.0071441165615418675
0.018972657700816648,0.05273150535966964
0.028167252067668895,-0.10190362600448062
-0.0247856688534379,0.042575529117368185
-0.003020893303975119,-0.03074803131125163
0.025144503963110708,-0.026848525379675102
-0.11678974667885385,-0.05160178197627868
-0.03409727312318099,-0.02677206521251529
-0.0062225062755722005,-0.0340270547975777
-0.08190021650764964,0.008514429880805259
0.009594979029680822,-0.026254184143118423
-0.010751225379982198,0.023023068745623744
0.0354126045317132,0.014148998939867673
-0.0015108280646280385,-0.026327272226793028
-0.015254679581570094,0.01558581665826466
-0.03601220086636325,-0.030937352746014786
0.03624431565084205,-0.001163837935859821
-0.04305394344367368,-0.012747440882478183
-0.026208429052797563,0.001720225485388971
-0.0001260095472672479,-0.02490226752037574
0.07170838828675682,-0.019914092083755035
0.008494636800409917,0.004686466845844402
-0.007404331168310647,-0.030364722303075235
0.008514414720696542,-0.0396696351682545
0.0003395739887027237,0.08149518099153465
0.002214036372239582,0.02413843102541497
-0.0455230665201946,0.0606282633567532
-0.00821725352661367,0.03723762199209524
0.05468385783587851,0.01404160296524852
-0.049232333590125334,0.04960316123571981
-0.00909974914169174,0.06427476077571256
-0.015091301973750764,-0.007196767432646158
-0.031057312517624343,0.009184698544443246
-0.007553864561364545,-0.026970385316765252
0.06650135661067773,0.019578907738042453
-0.0032809953655400653,0.026468776699576993
0.016546259153175796,-0.019518793633915652
0.005588848702130314,0.004623926148080763
-0.03231541237814201,-0.04683327011813536
0.013775689742957132,-0.02247956061684583
0.016921955228544925,-0.06565520750577777
0.012881949751112171,0.009771641615916725
-0.03934546942550138,-0.008542315000115085
-0.017316119846575346,0.01933723952010266
-0.01775051675176593,0.012678298760171826
0.011586819545766505,0.002964085703707299
0.021056216320602963,-0.005803315258353151
-0.012767713767997714,0.020756717912693234
0.012585606260015673,0.08053229512684064
0.05421828863941551,-0.029294899396020414
-0.009437867161117193,0.052413665435262866
-0.007635455501368028,-0.015005887447589815
-0.026060857982962322,0.005739756003625494
-0.014119935949174081,0.015174253595623868
-0.03337516731522301,0.004442843997672141
-0.008635132438409033,-0.022863514282332076
0.014366865966091599,0.026959810815434034
-0.0009957343783288993,-0.002954934120303416
-0.00654071976171223,-0.012412628415927308
0.05102781668086884,-0.0010901779759681547
0.002389942271495825,0.0009601057388246986
-0.027535402778926243,-0.007797593045375566
-0.04923299072631174,-0.008269588182912445
0.010065848135417482,0.02560841864177872
0.07104964630424081,0.04052011959662012
0.015739685743101344,-0.02489675764293272
-0.017086850468577993,-0.005291564057351126
0.006299954754529816,-0.03264185077420805
-0.023845962176572345,-0.013633783663176663
-0.03635847674897316,-0.005611324896886406
-0.004506871388744565,-0.005385291375850549
-0.0069487157577982255,0.0025219555956845496
0.007244097716842592,-0.04236522540968435
-0.02829410002572707,-0.052352321112674696
-0.039429187833909446,0.04694334620928205
0.04224050046381433,0.007467226081972367
0.01601473540470972,0.015705386754427314
-0.027205569406676133,0.018303642841668875
0.03785547252251246,-0.03965182889263971
0.00724660140855533,-0.045187680270253244
-0.040347418180471134,0.04851827976999261
-0.06342307900308625,-0.06565520750577777
-0.0014953166867469822,-0.0004004516963387085
-0.01780999274817476,-0.01886778181657233
-0.0248525324832873,0.023254459155558696
0.02981267731868662,0.007983104205250488
0.0019866321515748958,0.0017444828269392865
-0.06342307900308625,0.04457110513544062
-0.01775051675176593,0.03157061982571118
0.01122696979723227,-0.002127234875564595
0.01715561794063278,-0.0015807988225246261
0.05327054509534802,-0.012544566527386353
0.010707537148261644,-0.008689045661056754
-0.017086850468577993,-0.0007408497137402804
0.011586819545766505,0.0027906498914049074
0.01882091782650706,0.06975418739292093
0.015932235381139803,-0.021436308177162366
0.008681774392545213,0.03712319085380972
-0.02662734919568473,-0.0012634060121286816
-0.001481500137060422,-0.034469790969108675
0.017596141107541992,-0.006501272684233898
-0.017310971317762866,0.0018495214640187538
-0.07456048563458609,0.004633697617023154
0.02735485046649188,-0.006823004926464194
-0.05211715000669002,-0.044078910792355264
0.05685867486107755,-0.0064412799477307145
0.04725399090132841,-0.02510325620942184
-0.08888942371687325,0.014234809741125981
0.0466504999032533,-0.025939237429752453
-0.007564243458015484,-0.03145213185310324
-0.04327588896384889,-0.022882101323433435
0.035806502663097824,-0.007924416232847682
-0.0162830516197673,0.05164801570936653
0.006688262011445331,0.03775271602831523
0.017450526383182084,0.04853609383938773
-0.03637801713506275,0.01409238982028816
-0.018985404174456808,0.01735101995471966
-0.05806724164375782,0.0005802479232916782
-0.02475817079261591,0.013574909539540742
-0.060263168466212796,0.019964048480968742
-0.008694051141086496,0.04830508466799115
0.0433112423128603,0.008421006783010186
0.023133553579996618,-0.05115976047644396
0.005660978657144972,-0.0080328254622247
0.013775689742957132,-0.02247956061684583
0.01838533185300205,-0.020982093545177296
-0.03037779033514517,-0.00808499596877522
0.017956268613335664,0.00471598075307441
-0.008986677065042324,0.04221106848470599
-0.015453490529686403,0.018048264427337313
-0.003709167751410504,-0.04567163083867978
0.020008934181115084,-0.025548772584466313
-0.029532363761920012,-0.04168791413028844
-0.020158271211096125,-0.044424962650829375
-0.018345575294854064,-0.006591832782095481
-0.040553276896617765,0.007962570373796954
-0.032539173575296204,0.007176446482244941
-0.030815125781379994,-0.029666097437615665
-0.11678974667885385,-0.05160178197627868
-0.03342956595767591,-0.04475745469077072
-0.0217349283665609,0.052413665435262866
-0.027228902770065587,0.003519305012416353
0.006687391608191352,-0.04241023751781367
-0.06312618119160754,-0.014223670004217448
0.002130814853647367,0.01597481645786482
-0.0028852919111106707,0.011489746899544163
0.04384420418421734,0.04206707831608039
-0.040588092354470647,0.049725856739901514
0.013835565267051368,0.02127383502328372
-0.08888942371687325,-0.03808187502400307
-0.026615572974755163,-0.024456668173428488
0.0005346203766020243,-0.0007211510702034574
-0.01836097739754223,0.041738447895574585
0.06456706244856823,0.02073431151163717
0.010713826196909445,-0.038222323080637416
-0.02507554723199071,-0.0014761981619917965
0.04676984573310372,-0.012024473307918466
0.018141694534375245,-0.0394242144155326
-0.005436757203253766,-0.01994273394214446
-0.060263168466212796,0.019964048480968742
0.021806606151400235,0.01146529056158526
-0.01447470776186583,-0.015729698535467566
-0.005643010793582496,-0.03309310563396778
-0.006486298090313456,-0.054529852612140314
-0.012393615026420557,0.008299347303127168
0.028987842685579836,-0.054309192075085534
0.01832254285371272,0.04457110513544062
0.008349104440786232,0.06454643946741308
0.009598171724764919,-0.004578422416224592
0.0005947727712535141,-0.018904534618862122
-0.015794630363609653,0.014084878421809756
0.0466443824160816,-0.011103052641637228
0.03315348404804775,-0.0489192853569438
0.04725399090132841,-0.02510325620942184
-0.008986677065042324,0.004748429693570824
-0.032254894718000644,-0.013633783663176663
-0.0012524598048246145,-0.0064333892267038235
-0.00845241906065699,-0.03391364254214396
-0.0205975560849028,0.023955277794847282
0.019712875117302492,-0.03348323349857799
0.06853276100827389,-0.04280046997895838
0.07170838828675682,-0.019914092083755035
0.045859059143313397,-0.030096455031186402
-0.004206115106237531,-0.007976586596954285
0.010935188514465871,0.01611005379147664
0.006687391608191352,-0.04241023751781367
-0.003155940378227538,-0.0036454415471659403
0.027841854179137152,-0.01882570898978959
-0.0007000947468227915,0.0016955404540803243
-0.041614367378202954,0.0019743909586272743
0.001602784872008155,-0.04258022292469362
0.004902760552555519,-0.03427635049927593
0.06358374763165997,0.03641626679308299
-0.03649917271198427,0.046840439586239235
-0.005943893168672403,0.0026491214636154767
0.004482575567779125,0.0350224971241586
0.020502595027758277,-0.030081886873793817
0.0080224150018656,0.015604369073660265
-0.0028852919111106707,0.011489746899544163
-0.015557822831843007,-0.012405248428722902
0.029801267699007625,0.005681293974323286
-0.004632732420389493,-0.022887951593088735
-0.017026698050981216,0.019757628758864512
0.0561241901957196,0.0016420522075487679
0.04241612292966467,-0.05652589268929645
-0.013121602433531275,-0.07880551561347299
0.06853276100827389,-0.007937034026424972
-0.06531124324520445,-0.005291564057351126
0.021985384052573033,-0.0018360214567709789
-0.03468862765004021,0.014922933281966262
0.02981406891472861,-0.07485538615334428
-0.024273240099847916,0.0034787805286103576
0.026194312194480027,0.0400721994395649
-0.01816133151976912,-0.016169866911578346
0.03673115505299253,-0.023033827856193664
0.03518161556492926,0.01933723952010266
-0.017026698050981216,0.019757628758864512
-0.03389526450718101,-0.016595635206646343
-0.0027990392151796507,-0.029371224907588644
-0.039587191011071665,-0.05693721708387564
-0.023961401214103145,0.004747488315218887
0.01722920727078417,0.00931852639444275
0.004760385476514843,0.006817825027406375
-0.03255572403935872,-0.018932574503692103
-0.04741772322207486,0.027470583082022534
0.0466504999032533,-0.025939237429752453
0.05468385783587851,0.01404160296524852
0.014790905570643532,0.005961829113932456
0.04274919688386918,0.03224748050732512
-0.00885154800549529,0.016710844905313202
0.039370000409459885,0.01265226767252274
0.021514580229602773,-0.05554621058790582
0.003386133640201991,-0.014064679132978267
-0.004206115106237531,-0.007976586596954285
-0.01874839632556451,0.0036402205452414488
0.011491484420905047,-0.07645243868175047
-0.010794186221606706,-0.03705010140850325
0.06818425304421817,-0.004561515183100592
0.018972657700816648,0.05273150535966964
-0.0028852919111106707,-0.030911698248367776
-0.007564243458015484,-0.03145213185310324
-0.042304107488831046,0.019911657319192574
0.02537757143859377,0.006086940821680362
-0.012372016318613897,-0.052697631518784455
-0.021622080306944548,-0.007470715987692337
0.008800778185716458,0.038108750391441876
0.010015711329608304,0.009366547352397177
-0.041614367378202954,0.05463143468367547
-0.030583232334453803,-0.07164436629470727
0.03518161556492926,0.01933723952010266
-0.07654996051038764,-0.03309800571445582
0.034203332237678505,0.021223529959574168
0.033563796035700574,-0.053184823908205545
-0.012345791787023415,0.006401625297227015
-0.07617332725525036,-0.0783643036371029
0.00876442537211275,-0.05571893543786677
-0.007997487515942975,0.002982103494100184
0.022082954005330693,-0.014222527999467893
0.06653746583063089,0.012062618958193473
0.06624484384925464,0.02127383502328372
-0.003709167751410504,-0.045187680270253244
-0.036733574405596846,-0.02372208666956821
0.016546493846571975,-0.0356951825596764
-0.04117141024232612,-0.01828021278112181
-0.004983956290924483,0.014423383539509144
-0.04384836237974056,-0.03873991128824672
0.029687338332896652,-0.002038574599810501
-0.036624321940875774,-0.024158665283572897
-0.0053509526504156866,-0.03708279067198978
0.01826002575808791,0.05706956584095978
0.006083202386480604,-0.07539935722564275
-0.029837833701289916,-0.0011484740689699444
-0.02090578435002878,0.007846934880670932
-0.00909974914169174,0.06427476077571256
0.02230242843854193,-0.025198425656132145
-0.0248525324832873,0.023254459155558696
0.027071236704504457,0.031152315944374613
0.04775521131961994,-0.01190455416482791
-0.040207305638622425,-0.006482057351492265
-0.0027358217411772245,-0.01190455416482791
-0.012864470797914083,0.016078542964829336
0.03389821754749799,0.08810085376108032
-0.0042009177151397315,0.0019743909586272743
0.04768862624668771,0.03228817792252209
-0.009132363581332329,-0.012891688620651908
-0.012292863697968857,-0.04298562444672717
-0.02519051752662711,0.005211704030074489
0.0003395739887027237,-0.02437152416693647
-0.015557822831843007,-0.012405248428722902
-0.0135674829548232,0.02933682132535074
0.015243573635311234,0.013108355979970801
0.006341426295324877,-0.03648222292338034
0.039239670677848844,-0.06744959303691468
-0.021253057072915287,-0.006591832782095481
-0.0026389804755989543,-0.04709355516485506
-0.007873301328378017,0.0005251545757748513
0.052928112462182084,0.038307511876643274
0.010569790399473634,0.04324597047605701
0.012132087537947162,0.034473681624989705
-0.036733574405596846,-0.012319120017605673
0.02977911902408858,0.03712319085380972
0.03651652813424996,0.020455331079432322
-0.02214905031635879,0.0057547959355917985
-0.0087921242079356,-0.03730239555944072
0.015280214174837634,-0.0006264032821307747
-0.05021254471975484,-0.011114388470373526
-0.03150267226173724,0.0016420522075487679
-0.02854970098525876,-0.03494012691296636
0.026999091328647626,0.020465883847261786
0.06890578690891011,-0.02439548598189819
0.04076222853405982,-0.003765459644616064
-0.012617785127491296,0.03546155068685168
0.03481429308126617,0.021677826247817777
-0.049688998247207725,-0.017128648724263135
-0.02572992795899028,0.004541987895076191
-0.004997106032094622,0.014673061237369008
0.046465597001914126,-0.05241323051992933
-0.016328700924719032,-0.015389624653213908
-0.0009957343783288993,0.052036187998157
-0.030083915181513775,0.015299842885890966
-0.03462141225113482,-0.024797563783977558
-0.021338771115298538,0.016671025703914467
0.020887484195531054,0.05983696969156048
0.03421883114564209,0.05068620544927581
0.039239670677848844,-0.00023735329365353816
-0.004254416770567655,-0.024628329560427317
0.03110080228922913,0.00889593542574274
0.008390252632660857,-0.021810574455072097
-0.04350189807961133,-0.05882366414143135
0.02314357535515794,-0.05664852437433646
0.0003114601886704378,0.007271551809079881
0.008024588777734078,0.013947812099158421
-0.00025228094424562057,-0.00035767381977643356
-0.014230361312055313,0.02307324260139975
-0.05604201141195656,-0.04539922856082634
0.06013943294385144,-0.025921958226745045
-0.03376000045871835,0.04844265168578232
0.0019271187053912652,-0.01731192833633932
-0.025221998276511302,-0.0340270547975777
0.026189968912260546,0.026358516855193408
0.022082954005330693,-0.014222527999467893
0.02914304928579425,0.0075977098442414
-0.032254894718000644,-0.013633783663176663
-0.03637801713506275,0.01409238982028816
-0.011383404427110888,0.032048010209963125
0.0004988674976776456,-0.023061421095230083
0.026194756073249708,-0.0323374078734612
0.0014312126040219681,-0.0503352988962559
-0.012552391419088177,0.03838278703166126
0.06170734975227691,-0.03423467457721752
-0.0738154449886627,-0.015507532416187662
0.029593523592628842,-0.004045991111800758
-0.029535682376242836,-0.021532538103902137
0.07879809760884886,0.008676451289835005
0.03673115505299253,-0.023033827856193664
-0.03129270644098151,0.04377077984325123
-0.024425292692537934,0.00715161425580782
0.016039436400278374,0.035852536445236324
0.009683106952402695,-0.0027757195233412586
-0.060780876773148744,-0.022755959510488727
0.010998460084046435,0.0027100695424580393
0.056528232073368476,-0.04154305264919849
-0.030815125781379994,-0.029666097437615665
-0.00410576885563421,0.009765676612621982
-0.015081086671416881,0.04636789210582816
-0.038859422867447854,-0.02624284664232935
0.0012981232430640882,0.016786888683708028
0.029242055404128067,-0.011987379795361795
-0.041280663861673485,0.008097936017864467
0.0029052568017217998,-0.036081667013316665
-0.012379809921596159,0.0515390395768557
0.018252522363915922,0.010170707837944992
0.012990403382255667,-0.004659512662079257
0.048566821297151196,0.050952777109392416
-0.034360656492643804,-0.005442215415509946
0.015521310732311671,0.0057547959355917985
-0.03926499563273168,-0.03692667645561526
-0.004065357007262711,0.04586727559909223
0.03494402088340127,0.01290209911728709
0.0019816834219904085,0.0009685025338896994
0.007685551838194912,-0.004194651020419361
-0.014462249912395274,0.05019523059752572
-0.06981581951104664,-0.016069501950162924
0.017836498224856022,-0.024337637115387643
-0.034023682356807916,-0.01712509045070689
0.045954554770142896,0.02932787358151931
-0.029948459561944883,0.00677488992701393
-0.0247856688534379,0.042575529117368185
-0.020904146644511575,-0.03879144232271705
0.006232623404669443,-0.030096455031186402
0.002214036372239582,-0.0002839856896406784
0.006147472347454166,-0.012220336450490494
0.004136748914329937,0.041366153076458786
0.03506721904236337,0.02106209136465876
0.008142997126919082,-0.00888979342009666
0.04706987025713536,0.04815832143423676
-0.050501781324403736,-0.0251607873299634
-0.004206115106237531,-0.007976586596954285
-0.029352262411608758,-0.045452803598254175
-0.040347418180471134,-0.021248794258766465
0.016395615808781388,-0.043851643197999765
0.012727007380505003,0.05429140534827741
0.031457261068659474,0.013134623971867966
-0.006610014511785025,0.019831051374812253
0.05002666604946471,-0.02240263144533025
0.016395615808781388,-0.043851643197999765
0.05002666604946471,-0.02240263144533025
0.052288286868777796,0.010277376797219802
0.002389942271495825,0.0009601057388246986
-0.021372817792287894,0.013751839263373186
0.048192169225056494,-0.03592085223063723
-0.03926499563273168,-0.03692667645561526
0.07879809760884886,0.008676451289835005
0.018897623467225698,0.003819937992036622
0.039818167055311805,-0.019518793633915652
0.03331337423704272,0.02535791739070399
0.05028116989119868,0.028338635701871742
0.06687851500431774,0.02094739270705543
-0.001037717328596593,-0.05808529515933657
-0.0183799549627165,0.0670508173357774
-0.021316992639737367,0.03055795025087823
-0.008417528416697911,-0.0029578501294016298
0.025004798510568034,0.014943167139749143
0.03121696606193516,-0.01565598362676722
0.0253923375665539,-0.00677263804159698
-0.05437570091045888,-0.06710666059070633
-0.018013159126658334,-0.06710666059070633
-0.039587191011071665,-0.05693721708387564
-0.00042858103064948445,-0.022533803590467784
-0.00042858103064948445,-0.022533803590467784
-0.05102607997979036,-0.02838086316204046
-0.03376000045871835,0.04844265168578232
0.0074960413625515705,0.09501067265366248
-0.022606150314860587,1.1267366063053702e-05
-0.03126330058167523,-0.05689511445993866
-0.018769832050058367,0.011263743410721123
-0.032516900904526726,-0.017807874376539745
-0.024361922342739224,0.010285024371262892
0.05987300582641378,0.05358293605459484
-0.026868420821480173,-0.03137879341602725
-0.026598061827095915,0.01195001376854464
0.04903839662117432,-0.02625649354126573
0.036138651963257815,0.0583338630783667
-0.0006046686476231478,0.0437868080742992
-0.00024890991368512535,-0.04459830353482878
-0.01872521938071418,-0.017128648724263135
-0.010882950508832097,0.035706005695524026
0.02728733194404633,-0.035704239527794085
-0.003093544197512117,0.04206707831608039
-0.04241686701260196,0.05957942956437544
-0.030954251398994426,0.03275854031774768
0.02494132305556669,-0.0008492976545559361
0.0026034226413899344,-0.0409870775561867
-0.019862251952667345,0.024216192873464673
-0.03601220086636325,-0.030937352746014786
0.04253958790954538,-0.059461724294867346
0.019384738584161686,0.03682785567246216
0.0011502388143296706,-0.001278266410673936
-0.0013909431115896162,-0.009519966515484434
0.06624484384925464,-0.03346816219779939
-0.0035391079256417613,-0.03974650509109551
0.0102462460198801,0.042864465802878254
-0.019862251952667345,0.024216192873464673
0.041378339378583526,0.01500896930001732
0.003529383161615928,-0.012220336450490494
-0.026235770313252908,-0.010192137288512973
0.01826002575808791,0.05706956584095978
-0.009132363581332329,0.008969544683727411
0.012865793944036209,-0.0396696351682545
0.01772946352839137,0.007873953625567469
0.03179040820827535,0.048332269245473555
0.02803687886858187,-0.006668078708439728
0.06013943294385144,0.06454643946741308
-0.009751201502977582,-0.016601675468888976
-0.04469129360994709,-0.014500990594962338
-0.014230361312055313,0.02307324260139975
0.03646030194226914,-0.036081667013316665
0.046652942434938706,0.03020479387997496
0.01982816997116647,0.04112025569596203
0.05002666604946471,-0.02240263144533025
0.006041204859303106,-0.06849007161314916
0.020502595027758277,-0.004241002710658401
0.038856893339196244,-0.029032831563315334
0.017395751177885777,0.016786888683708028
-0.010271982432108806,0.023851964018969128
0.04331934887163068,0.026850473796192084
0.028553196169897873,-0.008059471641233818
-0.03336210490371393,0.01043894747624858
-0.0201924248976,0.005249360975429551
0.005484975876371264,-0.03700280326190647
-0.001994723096595663,-0.0043812666971211195
-0.019162838104125998,-0.03838351036884548
-0.026243965103319576,-0.011971280886956927
-0.04274665300023774,-0.014729434983223197
-0.0147149331170383,-0.00469503612424773
0.0019866321515748958,0.0017444828269392865
-0.011152033738021067,-0.028491515509957696
0.00032517569706390294,-0.012985312468526466
0.025004798510568034,0.014943167139749143
0.0007260975180067204,0.038550717818723365
0.03021878998324542,0.0025634380506505752
0.025136298304771224,-0.00888979342009666
0.024014116773481833,-0.018225209941478884
-0.006610014511785025,-0.023792599885616158
-0.024506871848132945,-0.03465662115429343
0.004902760552555519,-0.03427635049927593
-0.034984799308368085,0.030660532485577402
-0.05234246493006471,-0.026219403792780382
0.021514580229602773,-0.05554621058790582
-0.016306776689280406,0.03882635316157117
-0.008969348607120765,-0.026684258009384457
-0.041614367378202954,0.05463143468367547
-0.00915834881507968,0.04039065240453886
0.016161683321028155,-0.004601583405258378
-0.05003765026117794,0.027684255706552773
-0.02293184205338383,-0.004033196874656371
0.034713582823366625,0.002836107552156547
-0.0029883542519983557,-0.021436308177162366
-0.03129270644098151,0.052036187998157
0.019374241213364098,-0.01688105175325678
-0.04137887709817997,0.0042017050442024195
0.026096054664688482,0.07850394787362824
0.03506721904236337,0.008514429880805259
0.020521699853956896,0.01816364679021961
-0.026926642053567956,0.020123936804235854
-0.023845962176572345,-0.013633783663176663
-0.0026389804755989543,-0.04709355516485506
0.028307091845644776,-0.009495719361001943
0.010955087061080528,0.04197169303219937
-0.0069487157577982255,0.023023068745623744
-0.012617785127491296,-0.03592085223063723
-0.030583232334453803,-0.07164436629470727
0.002389942271495825,0.0009601057388246986
0.01772946352839137,0.049321897229024345
0.018527154279910113,0.026719314000276412
0.017262745403814315,0.01420060688446817
0.017421365395272857,0.014899127175506933
0.06358374763165997,0.041885854477766854
-0.007317661417925705,-0.004412196870170797
-0.0613241032365615,-0.011893029421411344
-0.0023474855186036317,-0.06113885327176798
0.006996872938329457,-0.037746650038041556
0.032250988990821426,0.038856338298413756
-0.007643609247924956,0.06666610246595468
-0.03732775590099915,-0.002200157322047775
0.003952428281469638,-0.025612684703634307
-0.00024890991368512535,-0.04459830353482878
-0.022370580959752178,0.03769986980378352
0.02856465622656351,-0.035758723279159924
0.030103475331923094,-0.008728568137609433
0.04360033627157433,0.0011551449028539343
-0.007280903343772085,0.0071056201401547905
-0.06412370040040336,0.02363933985815471
0.025413872060608893,0.07530752933906297
-0.017086850468577993,-0.0007408497137402804
0.003702633571211095,0.016657224128969028
0.01267907630670173,0.04069653755818707
0.001702555627380685,0.029256887185977083
0.04676984573310372,-0.012024473307918466
0.020916082533605447,-0.02368354004384509
0.021879746612227354,0.010964673891030098
-0.04551976301174699,-0.03630408362143208
-0.01198604797399559,0.01867037516468887
-0.04288485092480281,0.020794127657001872
-0.07163199658945625,-0.045029921707957686
0.050932032779191304,0.04754785936244231
0.008142997126919082,0.1025611096705179
0.04203296694242722,-0.0022685600527305658
0.04582490615031409,0.041557478248224755
0.001702555627380685,0.04519235741293616
0.05214274524836402,-0.04357847658645079
-0.03342956595767591,-0.04475745469077072
-0.030103093042050815,0.07791649724812998
-0.012552391419088177,0.03838278703166126
-0.001624508740052292,-0.05282963177147283
-0.013699886170862922,0.005532510363909206
0.03710124954234787,0.01889445095235364
0.0076979054587577945,0.0037109376219901444
0.02382347786008244,-0.021855665088469655
0.01650987223959177,0.043927797941608185
0.03651652813424996,0.020455331079432322
0.04087557393719402,0.01082397515792232
0.023306126332100587,0.0813420841548121
0.039446931513297985,-0.007223655237475417
-0.03512263853337888,0.022618806513719218
-0.01965008398023533,0.027163648454589587
-0.0017027078579533068,0.0014205406391619019
0.002094342625075647,0.035551959751716336
-0.036624321940875774,0.059175757737546394
0.016935885933974403,-0.02510325620942184
0.004482575567779125,0.011263743410721123
0.016921955228544925,-0.06565520750577777
-0.01860455451858807,-0.00805995184234284
-0.041280663861673485,-0.06960875664247157
-0.04078157453889224,0.014649313062383727
-0.06345198754112029,0.030398036698631746
-0.003409177116220949,0.024608661513266218
0.019439665758613917,-0.008683487848703125
0.003463272670920259,0.04036942986087409
0.04331934887163068,0.026850473796192084
0.02511052230919571,-0.009853087390058175
0.029917044206709254,-0.024043060819752604
0.04676984573310372,-0.012024473307918466
-0.05874081912385091,0.027224542044777
0.03315348404804775,-0.0489192853569438
-0.01584723735146509,0.03546155068685168
-0.006730273410090872,-0.04361104411302848
0.05685867486107755,-0.0064412799477307145
-0.02364722380199265,-0.07359945639546328
-0.01998911004648556,0.028730202167802393
0.04334297042637652,0.00935914633727565
0.0095532333491056,0.028395376249061584
0.011778212469150515,-0.0017241707692414975
-0.009582022142879926,0.048049011231378586
0.035989962140075486,-0.0013919648762034595
0.011492941849232134,-0.025236498462198987
-0.008969348607120765,-0.026684258009384457
0.00033735795950011536,0.0415033925524223
0.029701125669521534,-0.017885327815710228
-0.030573589494888923,-0.012412628415927308
0.01970647688859983,-0.037437564559626435
0.003386133640201991,-0.014064679132978267
0.010713826196909445,0.022821599822057448
-0.009645302481709634,-0.002663108242494768
0.06187726098640031,-0.004099994319181507
0.029658524162894266,0.03191825030726004
-0.011511242032140694,-0.013818693286016474
-0.005088729104085358,-0.01882544245992216
0.045954554770142896,0.021206339822103765
-0.04175834509865877,0.04120484160411457
0.029658524162894266,0.03191825030726004
0.0696003643556251,0.0016978491137293744
-0.014230361312055313,0.02307324260139975
-0.0040343443463051526,-0.02005540441478634
-0.021597197410211374,0.05158922774067631
0.038697848791096584,0.027592161886707434
0.04910501712607606,-0.013886693731538493
-0.01580357948987747,0.007873990807801351
0.048566821297151196,0.050952777109392416
-0.003444308486714253,0.0071441165615418675
-0.020669783581120274,-0.017807874376539745
0.029593523592628842,-0.004045991111800758
0.034249424492727006,0.0010601433272121596
-0.015655530252441714,-0.04560336674776166
0.013582522989421484,0.021185780995046262
-0.00765279460409055,0.019964048480968742
0.02176455358843512,0.028644692340336217
0.025004798510568034,0.014943167139749143
-0.012547070799266733,-0.033716586936289
-0.03172121989496392,0.019460908524818653
0.0008115889563506683,-0.009963853126904362
-0.0386846900234156,-0.0002328057230814272
0.0020773100305626515,-0.04652778075740259
0.008494636800409917,0.004686466845844402
0.03027188875179399,0.020552917092291678
0.018367951498478814,0.00879567691354699
-0.07092204638517834,0.0058380371180182244
0.038420716632368984,-0.007480448128397377
0.007346933047824713,-0.027974653408772886
-0.0007000947468227915,0.0016955404540803243
0.019456942366163323,0.05469220950834651
0.016362767970005018,-0.008268886810793758
-0.001994723096595663,-0.0043812666971211195
0.010569790399473634,0.0606282633567532
-0.001586887111473671,-0.06832915505101919
0.007061133248230441,0.04493988280333573
0.07955263993007247,0.011135882757705239
0.027087839580738404,0.04374480201764748
-0.03727679753562788,0.005282576739490646
-0.026598061827095915,0.01195001376854464
0.007061133248230441,0.05007398609505585
-0.03255572403935872,-0.018932574503692103
0.02427276312996356,0.02478505805930173
-0.03086004763341026,-0.002954934120303416
-0.06412370040040336,0.02363933985815471
-0.007317661417925705,-0.004412196870170797
-0.01344266692092344,0.032427661044702634
-0.06951179065527265,0.017917611051137525
0.010955087061080528,-0.007644275461032659
-0.04784231279662196,-0.030374150666880845
0.009562306517266977,-0.0590155346975624
-0.032539173575296204,0.007176446482244941
-0.021837188381963395,-0.004767686463720857
0.0436151145911078,-0.07078898414188049
-0.0055379056170617134,-0.036601328659328365
0.020008934181115084,0.014705448094876318
-0.015655530252441714,-0.029768031655941614
0.020436012968912055,-0.02728422540582714
0.018112054662780264,0.006885190101535529
-0.017146361064878064,0.018456118524123363
0.056267652450120255,0.012053199279598033
0.027624007306994765,0.025558047060564165
0.01100698711003109,-0.0024910405858505416
0.024804100558255188,-0.0064333892267038235
-0.017334057270303734,-0.024954065788908054
-0.03214005321402929,0.02555377422463556
-0.016306776689280406,-0.05222150190161254
0.03377082393906974,-0.012891688620651908
0.04076222853405982,0.006086940821680362
0.02006079267902335,-0.015688149761682778
-0.026377262499813058,-0.01852289416159746
0.017187219696077314,-0.04631383368650087
0.021079072139249613,0.027224542044777
0.026753977651100033,-0.03423467457721752
0.02750929145334021,-0.0011110977926096534
-0.015091301973750764,-0.03191267774926933
0.028995893299560264,0.007849317346306992
-0.0061763828092393025,-0.018695072560206694
-0.017310971317762866,-0.07485538615334428
0.010670377830843906,-0.019596415693600346
-0.021526164248362362,-0.01688105175325678
0.039370000409459885,-0.06759146355813005
-0.031130351298637924,-0.024954065788908054
0.05312233800821821,0.0038745228444792418
-0.019976694766386024,-0.008121225484548916
-0.006409309063624951,-0.049745824070821384
0.018218302247615597,-0.01576643964312974
-0.009537387567574622,0.08032507589746235
-0.004554324265249737,0.03609729087828155
-0.04360780369001842,-0.04698511647471205
0.05052997951059432,-0.039845948359002514
0.01383977548789048,-0.03578119893673922
0.03520262973680564,0.021992439968339522
0.020502595027758277,-0.030081886873793817
-0.038859422867447854,0.006088786916482861
0.009525705942680648,-0.03112757211045076
-0.01860455451858807,-0.00805995184234284
-0.013714309331632538,0.04337865446228817
-0.04327588896384889,-0.022882101323433435
0.007321328544769725,0.05007398609505585
-0.010352565857812574,0.02588764709843279
-0.028170725628631127,0.012732825969087633
0.017421365395272857,0.014899127175506933
0.015521310732311671,0.0057547959355917985
0.029593523592628842,-0.004045991111800758
-0.017086850468577993,-0.0007408497137402804
-0.04251200912563887,0.036251704978153415
0.02131229539435567,0.06517428772759697
0.028825303189206043,-0.01936584225282792
0.00962460096483238,-0.019576617397353457
-0.026166132096700424,-0.03395385765023268
-0.038304138330735885,0.05446200900529094
0.004336883291304919,0.021214387646058916
0.05621738293876177,0.035219457773650306
-0.018013159126658334,-0.06710666059070633
-0.005065726013251946,0.047022764622572585
-0.012894855227797417,-0.04024151660713645
-0.021253057072915287,-0.02304226305706698
-0.012292863697968857,-0.04298562444672717
0.038697848791096584,0.027592161886707434
-0.0465475361921331,0.00403817317772838
0.07879809760884886,0.008676451289835005
0.026638716288484913,0.004209869082214636
0.0388239028444817,-0.054557166562302944
-0.005943893168672403,-0.00045934369285278304
-0.06520965055145685,-0.0316899464252272
-0.01636875306951001,-0.012656108866158538
0.0006776786359218277,-0.04759682601108906
-0.02440200789941179,-0.04862694265193297
-0.009751201502977582,-0.002000889141247155
0.050766283407114914,0.018869143416985486
-0.011257536513145133,0.02768547707474732
-0.017989992690557798,-0.035829363836944926
0.048009609433510216,0.05994395843378575
-0.029158929791229086,0.03181075311353118
0.022712805094254874,0.04099999076643536
-0.05874081912385091,0.027224542044777
0.030048136594971707,-0.016422055455996107
0.04075102532382598,0.009069735892760701
0.01928457559426962,0.011268492942076318
-0.03038913361533079,0.027048127604182112
0.03845247458833401,-0.04560629774293948
0.07880882696624289,-0.052572924679741166
0.06820919076061388,0.07499338736117941
-0.028152345097716074,-0.026836680104380017
-0.033867704557467224,-0.012097113237230402
0.034713582823366625,0.002836107552156547
-0.06412370040040336,0.008689184529353314
-0.015655530252441714,-0.029768031655941614
-0.0011369118398898803,0.024819387174011984
-0.03637801713506275,0.01409238982028816
0.03377504014112156,0.0221848821823502
-0.07017993980409439,0.004585776324437213
0.0222157776318337,-0.028987098740214767
-0.030954251398994426,0.03275854031774768
0.0696003643556251,0.0016978491137293744
-0.02277387341624631,0.021110130897870477
0.012585606260015673,0.08053229512684064
-0.040207305638622425,-0.006482057351492265
-0.0022156720420909827,0.006245142122092588
-0.034875463907059166,-0.003765459644616064
-0.05607057485558159,-0.004241002710658401
0.05675000815887971,0.016094682087621777
0.016376510175369768,-0.034469790969108675
-0.02296624369931468,0.011818122792351005
0.07104964630424081,0.04052011959662012
0.008681774392545213,0.03712319085380972
-0.02513557034222951,-0.07665793599007986
0.03275497125363999,-0.016069501950162924
-0.06930256794505854,-0.017147150562254014
-0.006465831791070515,-0.00126208474878391
-0.006465831791070515,-0.00126208474878391
0.02787240863996518,0.01747184687161718
0.01057810800410358,0.007962570373796954
0.025197884263176026,0.01188951075338665
0.015280214174837634,0.05268152611116557
-0.01780999274817476,-0.01886778181657233
-0.024506871848132945,-0.03465662115429343
-0.007563364782297051,0.01986528749720405
-0.003709167751410504,-0.04567163083867978
-0.006409309063624951,-0.049745824070821384
-0.013192918913590727,0.005833503498479928
0.058476166039954335,-0.06571462210327894
-0.035008059430500324,-0.05227366133989552
0.03275497125363999,-0.016069501950162924
-0.02854970098525876,-0.03494012691296636
-0.006837638297414021,0.0019380559275553183
0.021052547518272888,0.023708540416218553
0.01318047569362624,-0.017862245651326658
-0.02736931502893731,-0.07029667157506245
-0.03439790037028103,0.015239784043540781
0.0394008612144021,0.018452473068178286
-0.04350189807961133,-0.05882366414143135
0.020008934181115084,-0.025548772584466313
-0.011257843760726223,0.010647398224267392
0.026913319326999488,-0.013562954564583686
-0.04280238368339012,-0.011470064167789477
-0.021526164248362362,-0.01688105175325678
-0.03679617497952939,-0.008766818443858973
-0.047359665736890655,0.04075516051034847
-0.006570943821732205,-0.016601675468888976
0.026965637215140864,-0.022861608119072424
0.024049665390891952,0.008458093138308101
-0.036798876572807795,-0.00810101906870346
0.03338585649962436,0.014399107556321927
-0.04876974526485617,-0.017156508824146554
-0.007997487515942975,-0.045305685698143264
0.0561241901957196,-0.016252336762929614
-0.0019046903925413008,-0.03534116408690163
-0.060780876773148744,-0.022755959510488727
-0.06345198754112029,0.030398036698631746
-0.004506871388744565,-0.03708279067198978
-0.008694051141086496,0.04830508466799115
-0.010499896741268003,0.0519282464647675
0.02494132305556669,-0.04519715258783982
0.009525705942680648,-0.03392135443585189
-0.03698968568301113,-0.022755959510488727
-0.020691487775580435,0.0019630898112691364
0.02230242843854193,-0.025198425656132145
0.0354126045317132,0.014148998939867673
0.014469726215472205,0.019000154947059415
-0.0031901358904201623,-0.03196351166885208
0.008681774392545213,0.03712319085380972
-0.011359063993077075,-0.05062898210611191
-0.04876974526485617,-0.017156508824146554
0.06890578690891011,-0.029294899396020414
-0.04561904008576287,-0.0020855024411075736
-0.016622265106607227,-0.017015236773187354
-0.01541987875889781,-0.012319120017605673
0.01057810800410358,0.007962570373796954
-0.006400927941473648,-0.017816403658039142
0.0075162188385031106,0.06074257422591048
0.033340527586828955,-0.0195149587457816
0.05542782921380622,0.0004206204123602397
0.019374241213364098,-0.01688105175325678
-0.00654071976171223,-0.01882570898978959
0.0019271187053912652,-0.01731192833633932
0.006858451872792235,0.005786612604786974
0.014657156152969454,0.025074401680448298
0.006996872938329457,-0.05882366414143135
0.03651652813424996,0.022141905426969304
0.004737154600442541,-0.03103492372697586
0.018897623467225698,0.003819937992036622
-0.024307145958539726,-0.025657732441481576
0.04518229717083954,-0.02442149053383849
0.014657156152969454,-0.04498389341274067
0.04139421942031579,0.02837245694164446
-0.011737726174305737,0.05019523059752572
0.020502595027758277,-0.030081886873793817
0.04131611248273479,-0.0032897056631999017
-0.006811303641376035,0.01606442970746421
0.04929996662819252,-0.033070493336537304
-0.018914430513205568,0.022821599822057448
-0.019831402991817397,-0.0022299929504309667
-0.0008341426372341529,-0.04154305264919849
0.06013943294385144,-0.025921958226745045
-0.007021284613878997,-0.004720430295644198
-0.0029883542519983557,-0.021436308177162366
-0.008969348607120765,-0.026684258009384457
0.0010272872626689166,0.013935421826243757
0.011555351444186056,0.041693493431510964
-0.05234246493006471,-0.026219403792780382
-0.011257536513145133,0.02768547707474732
0.0017442454056775796,0.026745839237282035
0.0027672005232372014,0.010890241461046099
0.02072117090101449,-0.003778292900159814
0.006008911042708044,0.021527913951914522
-0.03037779033514517,-0.00808499596877522
0.044403020118572584,0.06392300027798882
0.03126551703178212,-0.00045934369285278304
-0.021415785822247305,0.06616903453870848
-0.08005672926956629,-0.02390388549860443
0.02834846791816791,0.024922145065304928
-0.02736931502893731,-0.07029667157506245
-0.03175502350276833,0.011404772396790136
-0.05210785830538525,-0.0015663938645995579
0.018141287092172165,-0.0037018352632075743
0.0057915241393624245,-0.028858902031373517
-0.013994070096654604,-0.05656235340199085
0.029801267699007625,0.005681293974323286
0.03277748412696526,0.01055929548252213
-0.01784109053898656,0.002749494004597057
-0.004823981531849126,-0.0033972655662900357
-0.03439790037028103,0.017166573772178957
-0.00022304321825034022,-0.03105400549951041
0.0006588003656216859,-0.031892134675013194
0.022625124586127032,-0.05070694642064572
-0.002490946161081862,-0.04785091244572754
0.008745122274340161,-0.03582437720380898
-0.11678974667885385,-0.05160178197627868
-0.011257843760726223,0.010647398224267392
0.006198089452634772,0.002620285665317204
-0.024306274294123405,0.03581499955791956
-0.006951829247625732,-0.012330423126686894
0.017792142455914577,0.002897909932463548
-0.028670653165325917,0.030398036698631746
0.03389821754749799,0.08810085376108032
-0.03426164160308248,-0.025058818817186003
-0.04423385254819555,0.08195203867922173
-0.016306776689280406,0.03882635316157117
-0.021622080306944548,-0.007470715987692337
0.01342463241050439,-0.026068945539233203
0.05694617991221177,0.007271551809079881
0.027972058344118436,-0.04283724228235646
0.015125830341798197,-0.006585881734041649
-0.021972498271205676,-0.011987379795361795
-0.004415814305078449,-0.04557483392506807
-0.05210785830538525,-0.0015663938645995579
0.003702633571211095,0.016657224128969028
0.033340527586828955,-0.0037793631323181885
0.019932208821672036,0.055578828616164866
0.03893919125169799,-0.004194651020419361
0.015256603259444758,-0.014302307855743657
-0.009367860632105623,-0.041860293594245916
-0.03231541237814201,-0.04683327011813536
0.01650987223959177,0.043927797941608185
-0.01971923054657392,-0.0010979039964487923
-0.010271838226069795,-0.01854945775814683
-0.007997487515942975,-0.045305685698143264
-0.01860455451858807,-0.00805995184234284
-0.03804472008934643,-0.014842852102959677
-0.006409309063624951,-0.049745824070821384
-0.03181815938633646,0.021933100308857707
0.04253958790954538,-0.026983757466153467
-0.00967864077325546,0.03324692891442125
-0.07617332725525036,-0.030144448918254158
0.0354126045317132,0.014148998939867673
-0.04898537835230284,-0.006722760175443619
0.03153282642549251,-0.05511452755304054
-0.018985404174456808,0.01735101995471966
-0.010215263962270885,0.017917611051137525
-0.009537387567574622,-0.03311650902819023
0.026189968912260546,0.026358516855193408
0.02914304928579425,-0.023033827856193664
-0.04241686701260196,0.05957942956437544
0.006083202386480604,-0.07539935722564275
0.02503971774432851,-0.020997732554098987
-0.006754037418721055,0.0437868080742992
-0.09981209662390134,0.018475465766173427
-0.04117141024232612,-0.01828021278112181
-0.049842216328469205,-0.05823364260409848
-0.009132363581332329,-0.012891688620651908
-0.021336374173160484,-0.019774677023562462
-0.0173314091030153,0.027938467042711253
0.04139421942031579,0.02837245694164446
0.007309535237479245,0.019262028730717355
-0.00915834881507968,0.0017444828269392865
0.022780534671227815,-9.433849337161376e-05
0.044403020118572584,0.06392300027798882
0.018853247480473033,-0.0011110977926096534
0.028307091845644776,-0.007470671230311757
0.0042823789243565035,0.021460913968135376
-0.018778744786144615,0.017622655394722013
0.0402465896552524,-0.006326654713901637
0.00354249355086604,0.05814437635617979
-0.011152033738021067,-0.028491515509957696
0.012218373018398091,-0.010631660190370583
0.019342429228150236,0.027163648454589587
-0.028088473480138786,0.018084905033853647
0.011032330155549903,0.03887966391867195
-0.03129270644098151,0.052036187998157
0.050766283407114914,0.018869143416985486
-0.04898537835230284,-0.006722760175443619
-0.009904308694084814,0.0573683118331257
0.04791073905911335,0.0031329778912694423
-0.042457760642705206,-0.025921958226745045
0.027972058344118436,-0.04283724228235646
0.004336883291304919,0.021214387646058916
0.04167536595447138,0.016671025703914467
-0.002490946161081862,0.00935914633727565
0.03330825296457795,0.024283003713344742
0.03293786982504599,0.014899127175506933
0.00465615603246725,0.06828350994087455
0.006403787446565478,-0.05598269550120072
0.0011418077709639415,-0.0024763099489262703
-0.013326421367777041,-0.04992719223170535
0.014341633852864358,0.02003744829284968
0.03121696606193516,0.02672982811100401
0.02856465622656351,-0.0450175540204612
-0.009036277659078613,-0.021952461851496862
-0.017627218912009645,0.0415033925524223
0.01213829001040986,0.019911657319192574
0.026762800315074185,-0.030552410960047287
-0.017026698050981216,0.019757628758864512
0.020436012968912055,0.0047930595249648655
0.012727007380505003,0.05429140534827741
0.028631629013133465,0.052672377328701336
-0.006868420781001142,-0.006501272684233898
-0.008884814952516742,-0.011292706269691736
-0.0010731097541924405,0.01096009648740278
-0.0147149331170383,-0.00469503612424773
-0.030954251398994426,0.03275854031774768
-0.019800772818686575,0.02638970249288841
0.05675000815887971,0.016094682087621777
0.003523703265409358,-0.0034624874211129884
-0.05100151694704767,0.020504020247676523
-0.033451585844688256,-0.04498389341274067
-0.018345575294854064,-0.0010979039964487923
0.001702555627380685,0.029256887185977083
0.00222851371711057,-0.009059053670466048
0.010569790399473634,0.04324597047605701
-0.002340438246176008,0.003714106247576003
-0.026166132096700424,-0.02574709393844361
0.029657671994455553,-0.040769949281036146
-0.018769832050058367,0.011263743410721123
0.10623257626176333,0.01922827259414614
0.025144503963110708,-0.026848525379675102
-0.021133812294239638,-0.06187093503305501
0.04139421942031579,0.02837245694164446
-0.021972498271205676,-0.011987379795361795
-0.0013646489856990326,0.0219470225823912
-0.027938559458897477,-0.017526397520740766
0.009072327074815463,-0.02304276534388018
-0.00015586488297552917,0.0028488784815170407
-0.03490284083102189,-0.0195149587457816
0.030286826637764552,-0.046331843958296606
-0.0023474855186036317,-0.06113885327176798
0.06653746583063089,-0.05598269550120072
-0.0432704361327949,0.005897479365681732
0.0034590640287296983,-0.02579848995665969
-0.04413932030245292,0.02710934971316952
-0.04561904008576287,-0.0020855024411075736
0.008553374268344826,-0.054557166562302944
-0.009036277659078613,-0.021952461851496862
-0.02596500771251114,0.03252404616182318
-0.0005593265530954916,-0.002788417400880247
0.032250988990821426,0.038856338298413756
0.018972657700816648,0.05273150535966964
0.010670377830843906,-0.019596415693600346
-0.011481949403776585,0.028550950762495544
0.04155825360901508,-0.0030196723850809196
0.0025030599678448565,-0.01711050371528847
-0.03635847674897316,-0.006399334367817176
0.02981406891472861,0.0027650067090508462
0.016968062409088717,0.00827957870771013
-0.056598850416114836,-0.021024112816784717
0.01628499962946025,-0.0067598797451292915
-0.1181473803718192,-0.05244066772787421
-0.01230306759930678,-0.05001328654201484
0.01533716418608248,0.03177469148491533
-0.04870013440841165,-0.0560280796053509
0.022273222888624242,0.043218097713301346
0.026194312194480027,0.0400721994395649
-0.010271838226069795,-0.053184823908205545
0.00032517569706390294,-0.005294317489734888
-0.015557822831843007,-0.012405248428722902
-0.034986428878020046,0.024216192873464673
0.04087557393719402,0.01082397515792232
0.01991050939330638,-0.018266722265076966
-0.03732775590099915,-0.002200157322047775
-0.04720106870529821,-0.013882051019319178
-0.031546796433404974,-0.000794842377147071
-0.00474174672340811,-0.021810574455072097
0.011439051567838384,0.008408734990034354
-0.022370580959752178,0.03769986980378352
-0.02032470501125156,0.0219470225823912
-0.041231719763255625,-0.029995124923752375
0.015315862574879617,-0.006812616460942729
-0.05017675399490644,0.02683942904635358
0.008800778185716458,0.038108750391441876
0.014469726215472205,0.019000154947059415
0.028995893299560264,0.007849317346306992
0.015798094811442346,-0.03630408362143208
0.008350905757414309,0.05389084057125769
-0.017989992690557798,-0.035829363836944926
0.02427276312996356,0.02478505805930173
0.0019429517656322011,-0.006707862518064496
0.005841043727519439,-0.04441798943555266
0.040035549836611777,0.00424391120299112
-0.0009957343783288993,0.052036187998157
-0.018704974992377024,-0.047612493403764375
0.005841043727519439,-0.04441798943555266
-0.031130351298637924,-0.024954065788908054
0.01118837706670294,0.04960316123571981
-0.015913510705009615,-0.029971088909884782
-0.03691112547542142,-0.0038114254983623377
-0.05428773186405779,0.04181052730323542
-0.01784109053898656,0.002749494004597057
0.06316281769799076,0.030660532485577402
0.01318080397882745,0.0034915089808504676
0.04084229650551125,-0.011280358309772308
0.0074960413625515705,0.09501067265366248
0.059807435919982346,0.031430746836285765
0.05468385783587851,0.01404160296524852
-0.003495240338125935,0.0072010207544322
-0.009638577040368369,0.01586672839824678
0.045954554770142896,0.02932787358151931
0.020105058269121137,-0.018695072560206694
-0.01915159100650324,-0.007600902313212608
0.014657156152969454,0.025074401680448298
-0.032516900904526726,-0.017807874376539745
0.03920948869212955,-0.0047742998464526815
0.04768862624668771,0.03228817792252209
-0.004855905139881417,-0.030205593744425253
0.02728733194404633,-0.035704239527794085
0.008180545632563698,-0.03873991128824672
0.020105058269121137,0.04794892378056101
-0.01541987875889781,0.0035127085627029223
-0.008526325117576483,-0.054383704557433785
0.013471339513432169,-0.059461724294867346
-0.068127143343205,0.0709360152982855
-0.0147149331170383,-0.00469503612424773
-0.012564479763023696,-0.013745561941569902
0.004412958015600997,-0.05477092068938365
-0.02551420698776786,0.020715330241161116
0.014087104995615099,-0.008152011248227897
0.034100364887224455,-0.03774119254133212
-0.004129620009323302,-0.05752996516428299
-0.0613241032365615,-0.011893029421411344
0.02672073994576279,0.04082451377773981
0.010785965192845479,0.02052254105066211
0.0016264422714421605,0.013663929191809636
-0.0014953166867469822,-0.0004004516963387085
-0.012393615026420557,0.008299347303127168
0.006688262011445331,0.03775271602831523
-0.035008059430500324,0.026556772318557992
0.009707862216383752,0.04039065240453886
-0.035932354203736507,-0.025460351059635816
0.000789461072624338,0.010285024371262892
0.011586819545766505,0.002964085703707299
-0.04561904008576287,-0.0020855024411075736
-0.006578317483243172,0.01404160296524852
-0.041231719763255625,-0.03494012691296636
-0.027938559458897477,0.015174253595623868
0.035989962140075486,-0.0013919648762034595
0.026189968912260546,0.026358516855193408
0.019214204832711072,-0.03700280326190647
-0.023033805180179272,0.0372702353166086
-0.016181264497408237,-0.0185650317431094
-0.0042009177151397315,0.0019743909586272743
-0.05085858012274178,0.07550087793759931
0.029917044206709254,-0.024043060819752604
0.030048136594971707,-0.016422055455996107
-0.011359063993077075,0.034473681624989705
-0.008187203564325719,0.022977330769249814
-0.03342956595767591,-0.04475745469077072
0.027233687285534283,0.03768439523445394
-0.013994070096654604,-0.05656235340199085
-0.006311201810779867,0.0007495276962238076
-0.04224294699810056,-0.05241323051992933
-0.02929396017590838,-0.001163837935859821
-0.012933486235416713,-0.027371863427770315
-0.008880554630517507,-0.01936584225282792
-0.016306776689280406,0.03882635316157117
0.021056216320602963,0.009844854272065474
-0.0386846900234156,-0.0002328057230814272
0.03377082393906974,-0.012891688620651908
-0.03439790037028103,0.015239784043540781
-0.021526164248362362,-0.01688105175325678
-0.02026132568308773,0.031219273216556244
-0.03337516731522301,0.004442843997672141
-0.02854970098525876,-0.03494012691296636
-0.01687839471757758,-0.02343917636534766
-0.0432704361327949,0.005897479365681732
0.006083202386480604,-0.07539935722564275
0.021674353936845678,0.047862950916766664
-0.01971923054657392,-0.0010979039964487923
0.05147721310153424,0.01735101995471966
0.0430468461488313,-0.04567163083867978
-0.023826757221872226,-0.0392875238016746
-0.004712203853224162,0.01995394613006332
0.03728072196264069,-0.12875047857377342
-0.01342490840168012,0.044140409733464406
-0.05436146869545841,0.03830401467587957
-0.020823397734283097,-0.03301823629451987
0.028307091845644776,-0.007470671230311757
-0.0217349283665609,0.052413665435262866
-0.006570943821732205,-0.016601675468888976
0.002214036372239582,0.02413843102541497
0.0018308678812976452,0.0027100695424580393
0.03622983439348162,0.018801677701280037
0.025099099661979877,-0.021024112816784717
-0.0684666079974733,-0.04312509817754285
-0.007553864561364545,-0.026970385316765252
0.007762963458021429,0.01685474132564003
-0.008417528416697911,-0.0029578501294016298
0.030048136594971707,0.0221848821823502
-0.003155940378227538,-0.0036454415471659403
-0.01541987875889781,-0.012319120017605673
0.04641178497657327,0.022924547865214077
-0.029587981827534072,0.01879366222247482
-0.010513011391526078,-0.002434090960962268
0.02327724519974744,-0.0015807988225246261
0.034100364887224455,-0.03774119254133212
0.056528232073368476,-0.04154305264919849
-0.001994723096595663,-0.0043812666971211195
-0.006486298090313456,-0.054529852612140314
-0.010177992574472203,-0.0051428664166442775
0.02250139647486586,-0.021178224001923165
-0.03544463265336025,-0.05926067196860911
-0.10141201954601169,0.014715474220229723
0.03135255339552586,-0.007172974317828391
0.05214274524836402,-0.04357847658645079
-0.04717753956402883,0.026261487102070775
-0.019799803430285923,-0.029151779398415838
0.009805858054413379,-0.021532538103902137
-0.048120954772315955,0.0005251545757748513
-0.02475817079261591,0.013574909539540742
0.0003894458866877289,-0.024797563783977558
0.010769625781120302,0.00030529604180171144
-0.023845962176572345,-0.02267289224651357
0.02525676206744649,0.053795191769122175
0.028475751330636775,-0.007480448128397377
-0.0019128700518328068,0.007334315235825832
0.023150493886359782,-0.045305685698143264
-0.019976694766386024,-0.027802681792987078
0.0561241901957196,-0.016252336762929614
-0.02551420698776786,0.020715330241161116
0.03293786982504599,-0.03296829276023073
-0.011263015279152985,-0.03759493701596358
0.041280364537399146,0.0005697648081625581
-0.0162830516197673,0.05164801570936653
-0.0455230665201946,0.0606282633567532
0.00876442537211275,-0.05571893543786677
-0.03236359369755134,-0.019924226653007974
-0.018553831690836717,0.010246213686425615
-0.02703133568268617,-0.023743385043160842
-0.013326421367777041,-0.01510672269404657
-0.004935362970237957,0.017467011698498215
-0.03181815938633646,0.021933100308857707
-0.008635132438409033,-0.022863514282332076
0.06459871311587603,0.01362514059896247
-0.012292863697968857,-0.04298562444672717
0.06818425304421817,-0.004561515183100592
-0.05436146869545841,0.03830401467587957
0.035806502663097824,-0.007924416232847682
-0.004632732420389493,-0.022887951593088735
0.0466504999032533,-0.025939237429752453
0.03484367169238924,-0.02314665506919171
-0.01680263516422644,0.04132497895856595
-0.006021008582500261,0.011440270705358739
0.0696003643556251,0.0016978491137293744
-0.11678974667885385,-0.05160178197627868
0.008236080229414524,0.004538275033337445
-0.0004018399623599378,-0.032837585357835083
0.041280364537399146,0.0005697648081625581
-0.03691112547542142,-0.0038114254983623377
0.059942537608003686,0.014234809741125981
0.003702633571211095,-0.009507625840768835
0.01383977548789048,-0.03578119893673922
-0.03336210490371393,0.01043894747624858
0.01826002575808791,0.05706956584095978
-0.039026710649378786,0.01287462172666877
-0.017146361064878064,0.018456118524123363
0.02428990603684332,-0.05573100994917007
0.01680703850636649,-0.019834353165586332
0.02294446809625557,0.043927797941608185
0.00563652744647308,0.010015048697102784
0.04224050046381433,0.010220078308159602
-0.03483769144322575,0.03619523506150765
0.009707862216383752,0.0060276834270557925
0.018853247480473033,-0.0011110977926096534
0.0511289096036615,0.013667791739993745
0.00387500200066424,0.0061394384113575215
-0.007402256605481129,0.006216258976003856
-0.018553831690836717,0.010246213686425615
-0.02440200789941179,-0.04862694265193297
0.01970647688859983,-0.004202570088522723
-0.012345791787023415,0.006401625297227015
-0.003444308486714253,0.0071441165615418675
-0.024019297879616017,0.006849948003421917
0.07880882696624289,-0.007208210331819551
-0.0006046686476231478,0.0437868080742992
-0.03468862765004021,0.014922933281966262
-0.00410576885563421,0.009765676612621982
0.01747720250565513,0.02636844609707801
0.022090953498167934,0.03604649897983331
0.02019398403809009,0.00023396357615471097
0.007220009513523179,-0.012313155238906495
0.0037773485078676093,0.022115692189229784
0.003386133640201991,-0.014064679132978267
0.01494022602637798,-0.005103080249278167
-0.006296609779458597,-0.0317241651736819
-0.03236359369755134,-0.019924226653007974
0.005740439009667094,0.03927711758480172
-0.026377262499813058,-0.01852289416159746
-0.04288485092480281,0.020794127657001872
-0.010818738976978371,-0.03284885947420028
0.02856465622656351,-0.035758723279159924
0.025880310457487576,-0.03819385352954689
0.03389821754749799,0.08810085376108032
0.04768862624668771,-0.05664852437433646
0.04253958790954538,-0.026983757466153467
-0.06981581951104664,0.02252327381442923
-0.021253057072915287,-0.006591832782095481
-0.0014907905442959326,0.019995827885790664
0.006705442669961649,0.011404772396790136
-0.06772095202536899,-0.0220953831011911
-0.034337051062668225,-0.04560336674776166
-0.015794630363609653,-0.019755892695755867
0.006062526478880864,0.0007857517162552854
0.010785965192845479,0.02052254105066211
0.07107482956951222,-0.01650358743851951
-0.03865264242842409,0.002982103494100184
-0.033900474428919594,0.07287150928786483
0.023150493886359782,0.0032272717371625848
-0.023929667432752554,0.02413843102541497
0.01982816997116647,0.04112025569596203
-0.016404733425589523,0.019529775428034635
-0.01285450626162358,-0.0016900506270828355
-0.009139139578262444,0.04377077984325123
0.00724660140855533,0.01658251564537875
0.014657156152969454,0.025074401680448298
0.004020050177846951,0.0037520761921238446
-0.003093544197512117,0.04206707831608039
0.010065848135417482,0.02560841864177872
0.052928112462182084,0.010530244987326631
-0.05031652403409926,0.014194301282188793
-0.020499601385582114,0.09618166960359653
-0.02765511138663081,-0.06960875664247157
0.04775521131961994,0.06616903453870848
-0.008694051141086496,0.04830508466799115
-0.006486298090313456,-0.054529852612140314
0.010159056785112896,0.004104548836889141
0.021052547518272888,0.023708540416218553
0.008733542225307419,0.011489746899544163
0.03845247458833401,-0.04560629774293948
0.04090455700017683,0.02078695402228703
0.05675000815887971,0.016094682087621777
0.001227090848193651,-0.024043060819752604
-0.0013646489856990326,0.030136097148269272
0.0025030599678448565,0.015657283774318236
0.014366865966091599,0.026959810815434034
0.02735485046649188,-0.006823004926464194
-0.06085924317789922,-0.028022135358162958
-0.04449749519807181,0.014673061237369008
-0.034703133089743064,-0.019834353165586332
-0.03376000045871835,0.04844265168578232
0.10623257626176333,-0.015435868495359783
-0.03865264242842409,0.002982103494100184
-0.035932354203736507,-0.025460351059635816
-0.0162830516197673,0.05164801570936653
0.052288286868777796,0.010277376797219802
-0.027205569406676133,0.025767686812312326
-0.03426164160308248,-0.025058818817186003
-0.024273240099847916,0.0034787805286103576
-0.015913510705009615,-0.029971088909884782
-0.023826757221872226,-0.0392875238016746
0.008849961393500414,0.004875168435628734
-0.057087865967305994,-0.034338122974602384
0.035971435597824404,0.02283074899220592
-0.04251200912563887,-0.0337390738562341
-0.029937491088783203,0.010680886160393588
0.02525676206744649,0.053795191769122175
0.001702555627380685,0.029256887185977083
0.021929896852179408,-0.03264185077420805
0.02019398403809009,0.00023396357615471097
-0.021885115183353194,-0.03311650902819023
0.07107482956951222,0.01027611873564166
0.015353924845646806,-0.007604735479828151
0.03330825296457795,0.024283003713344742
0.016968062409088717,-0.005543338485377851
0.0019271187053912652,-0.01731192833633932
-0.014139631478850521,0.015604369073660265
0.03689651079666027,-0.005650923950942265
-0.026235770313252908,-0.02267289224651357
-0.008402093540449726,0.04209876168080824
-0.018769832050058367,0.011263743410721123
-0.0040343443463051526,-0.02005540441478634
-0.0684666079974733,-0.0185650317431094
0.01469059386614836,-0.052697631518784455
0.0060601131559097935,0.010588142652250235
0.07880882696624289,-0.052572924679741166
0.002268660457917024,0.04800370841054771
-0.05423021802999548,0.05729704574142437
0.009805858054413379,-0.021532538103902137
0.008514414720696542,-0.0396696351682545
0.020769634183073038,0.08236583359021676
-0.03211527113334727,-0.022429558834643232
-0.05102607997979036,-0.02838086316204046
-0.012933486235416713,-0.027371863427770315
-0.024451896355917414,-0.02209125143808128
-0.02773283231945168,0.0211036536468601
0.03689651079666027,-0.005650923950942265
0.01496981380640957,0.009885072724520563
0.0005962951855426028,0.0029860563472779086
-0.010794186221606706,-0.03705010140850325
0.0065946622439638685,-0.01854945775814683
-0.012601028080500919,-0.01638067773382159
0.039370000409459885,-0.06759146355813005
0.029593523592628842,-0.004045991111800758
-0.036945982697866024,-0.04501963871432859
0.011961965223262228,-0.0018796387085429772
-0.03126330058167523,-0.05689511445993866
0.0402465896552524,-0.006326654713901637
-0.029937491088783203,0.010680886160393588
-0.031578355318414214,-0.029099793142609454
0.004746407912457889,0.0492148635212373
-0.01692948009152202,-0.0056246719145110965
-0.009946842466241472,0.005855649340877941
0.03518161556492926,0.010155539536362772
0.017187219696077314,-0.04631383368650087
0.06687851500431774,0.02094739270705543
0.04711829945262483,-0.010956963052579649
0.0016264422714421605,-0.019447163197717617
-0.004632732420389493,-0.022887951593088735
0.02077945135291878,-0.04504429742170754
0.010522930199702192,0.04099999076643536
-0.006730273410090872,-0.04361104411302848
0.02665301380677319,0.019529775428034635
-0.005444096441100468,0.02283074899220592
0.046465597001914126,0.03619523506150765
0.013376175894909772,0.023322690224664155
-0.007337693574676805,0.011292188845386457
0.0003114601886704378,-0.038942367668693176
0.005688663418884556,0.009431425559396592
-0.004254416770567655,-0.024628329560427317
0.04643091944766525,0.025879670275517165
0.045859059143313397,0.0338595914825052
0.045703593596629434,-0.0009622895871711189
-0.04326338601519909,0.004057230226125912
0.028307091845644776,-0.007470671230311757
-0.0027358217411772245,-0.01190455416482791
0.007309535237479245,0.019262028730717355
-0.0009765300203080897,-0.02334762506606563
-0.02033193892459862,0.008626203265701085
-0.04078653224623411,-0.018266722265076966
0.01318080397882745,0.0034915089808504676
-0.0029212408679697727,-0.028584809301415354
0.012028895610728547,-0.04280046997895838
0.07424334022024418,-0.017261991297967908
0.019932208821672036,-0.045336331138362926
0.037047633594574476,-0.01798708039936543
-0.03777539231766364,0.02548924662171561
0.0431791850329376,-0.0029578501294016298
0.003463272670920259,0.020229378911162346
0.02735485046649188,-0.006823004926464194
0.06459871311587603,-0.03974650509109551
0.007346933047824713,-0.027974653408772886
-0.004506871388744565,-0.005385291375850549
-0.020258102163763485,-0.017560694231776745
0.018505222393646128,-0.007629817668079103
0.02193945671724341,0.017701533548122747
0.011586819545766505,0.0027906498914049074
0.048337298507893936,0.04426806555703648
0.019932208821672036,-0.045336331138362926
0.0057915241393624245,-0.028858902031373517
0.026189968912260546,0.026358516855193408
0.008514414720696542,-0.0396696351682545
0.010059883530065459,0.009387074444085305
0.02787240863996518,-0.03074803131125163
-0.033867704557467224,-0.012097113237230402
0.0388239028444817,-0.054557166562302944
-0.0055379056170617134,-0.036601328659328365
0.00033735795950011536,-0.0003787307432194034
-0.009237388225191715,-0.05282963177147283
-0.00765279460409055,-0.03649113845500267
0.01832254285371272,0.04457110513544062
-0.032516900904526726,0.010416849411038515
0.023182998004017106,-0.009273042555706029
0.01263885342656261,-0.00979757007069407
0.011788040580236216,0.03157061982571118
-0.0087921242079356,-0.03730239555944072
0.026201124263698146,-0.020491399804088106
-0.005710869060601381,0.006639314227172732
-0.029937491088783203,0.010680886160393588
-0.04178061097200113,-0.0327865056759676
0.031241346792423748,-0.017515452675336156
-0.03462141225113482,0.04719736232942777
-0.028069243696600833,0.010416849411038515
-0.015207251999972301,-0.006147472721249485
0.04360033627157433,0.0011551449028539343
-0.007643609247924956,-0.006346780102319351
0.018420370214683946,0.006928305028517705
-0.021125163637220352,0.010155539536362772
0.04033805775321078,-0.022701903059216183
-0.0037060755617809196,-0.047258292029582254
-0.01134008440427094,-0.009159767219597383
-0.002490946161081862,-0.04785091244572754
0.019545061298608418,0.002964085703707299
0.01991050939330638,-0.07060117982726388
0.021070955286520955,0.02405943278257497
-0.06930256794505854,-0.017147150562254014
0.01278581507702921,0.05627413389997252
0.034780873980979475,0.0068607776064415205
0.016592002191588837,-0.00534766950676329
-0.04816699226043356,-0.03459478896022345
0.020887484195531054,0.05983696969156048
-0.03679617497952939,-0.008766818443858973
0.0074960413625515705,0.09501067265366248
-0.00042858103064948445,-0.022533803590467784
0.03065207538487514,-0.05736033434784432
-0.010751225379982198,0.023023068745623744
0.008455865377957962,-0.02432345869650206
0.03457802409966521,0.043575723850322406
-0.002119305692081385,-0.002725818678095099
0.05010171764761689,-0.02304226305706698
-0.017539193652900565,0.03396592328932345
-0.01784109053898656,-0.004033980188648926
-0.00848060532482368,0.014011605786413361
0.0109371198070167,0.05814437635617979
-0.014119935949174081,0.015174253595623868
0.017894563978068594,0.03253572353788136
-0.021885115183353194,-0.046773275080455756
-0.0053195251485739494,-0.0234469480049371
0.008514414720696542,-0.0396696351682545
0.039370000409459885,-0.06759146355813005
-0.02364722380199265,0.014705448094876318
-0.000779075814349319,0.03848817550250419
-0.012552391419088177,0.03838278703166126
0.01650987223959177,0.043927797941608185
0.029691162800873482,-0.0022685600527305658
-0.005065726013251946,0.047022764622572585
0.06170734975227691,0.03493876194689263
-0.018057363580526915,-0.0489192853569438
-0.036624321940875774,0.059175757737546394
-0.020669783581120274,-0.017807874376539745
0.00876442537211275,-0.05571893543786677
-0.039124456310612794,-0.017740717794327024
-0.0055565805486658725,-0.0190980775314325
0.04013702853486694,-0.03350774121235308
-0.07017993980409439,0.004585776324437213
0.008180545632563698,0.020638231927732287
0.01970647688859983,-0.004202570088522723
-0.009582022142879926,0.048049011231378586
-0.03150267226173724,0.0016420522075487679
0.001702555627380685,0.029256887185977083
0.0014312126040219681,-0.0503352988962559
0.034780873980979475,0.004482380730579855
-0.020669783581120274,-0.004202570088522723
-0.017476475587603166,0.02936359067857095
-0.005189638140934038,-0.023216132716079682
0.020583052712311565,0.0009601057388246986
0.01760709351266174,-0.021855665088469655
0.0431791850329376,-0.0029578501294016298
-0.04178061097200113,-0.0327865056759676
-0.07464695824356335,-0.008184559987264889
0.02826710663070666,0.022924547865214077
-0.024506871848132945,-0.03465662115429343
-0.026914142620588142,-0.01192438651339051
-0.017539193652900565,0.03396592328932345
0.06853276100827389,-0.007937034026424972
-0.02364722380199265,-0.07359945639546328
-0.024019297879616017,-0.020997732554098987
0.018822043131327074,-0.031511220984063185
0.010785965192845479,0.03034889563462094
0.03421883114564209,0.05068620544927581
-0.080829708930002,-0.03643676934791329
-0.015161979691166201,0.031359852644723546
0.02163049433744217,-0.035131414282840695
0.05147721310153424,0.01735101995471966
0.008142997126919082,-0.00888979342009666
-0.023062756958571035,-0.046315603112435516
-0.056598850416114836,-0.023216051605957903
0.02637562615692597,0.004822975907632601
-0.05973477074977351,0.009934387021335818
0.029691162800873482,-0.0022685600527305658
0.010998460084046435,-0.02311052422167619
-0.054613385500524546,-0.0002839856896406784
0.006062526478880864,0.0007857517162552854
-0.0031901358904201623,-0.03196351166885208
-0.034875463907059166,-0.003765459644616064
-0.01825238981225875,0.041867892673657855
-0.003495240338125935,0.0072010207544322
0.03300942614911923,-0.03808187502400307
0.06818425304421817,0.005925735764102824
0.006356465319751142,0.0217188914690594
0.00012942179020577555,0.03208806558504767
0.0330232491733843,0.007727782019561348
-0.005943893168672403,0.0026491214636154767
0.02131229539435567,-0.12875047857377342
0.050695314441128146,0.024794296881667816
-0.026208429052797563,0.001720225485388971
-0.01998911004648556,0.028730202167802393
-0.02046200630168906,-0.010527642761622442
0.010713826196909445,-0.038222323080637416
0.01278581507702921,0.05627413389997252
-0.05973477074977351,0.009934387021335818
-0.039026710649378786,0.01287462172666877
-0.023241515162661687,0.029075414721394383
-0.006951829247625732,-0.042491299164492985
0.05028116989119868,0.025558047060564165
-0.022995429571904428,0.0027906498914049074
0.02072117090101449,-0.003778292900159814
0.013627706547684342,0.07287150928786483
-0.004415814305078449,-0.04557483392506807
0.025197884263176026,-0.012552469288418825
0.004482575567779125,0.011263743410721123
0.028742672709720758,-0.03744603464616912
-0.01920710822479485,-0.04635713868013248
0.0109371198070167,0.05814437635617979
0.03126551703178212,-0.00045934369285278304
0.03389821754749799,0.08810085376108032
-0.03376000045871835,0.04844265168578232
-0.03232341466821087,0.038435833049731305
-0.054613385500524546,-0.0002839856896406784
-0.02011030227444231,0.013751839263373186
-0.017243908778434548,0.017311846257057548
0.05010171764761689,-0.02304226305706698
-0.017212013777545058,-0.011292706269691736
-0.012891875446290854,0.02324649350195397
0.034299720907486016,-0.06759146355813005
-0.05428773186405779,0.04181052730323542
0.006805272376725959,0.04089067855746109
0.00563652744647308,0.0018115568270703902
0.0014608823522009118,0.05189677906618251
-0.018914430513205568,-0.026970385316765252
-0.004632732420389493,-0.05244066772787421
-0.034986428878020046,0.04426806555703648
-0.009956701779847444,0.01889445095235364
-0.01780999274817476,-0.01886778181657233
0.035683433809915864,0.02426292688424478
0.03179040820827535,0.048332269245473555
0.00962460096483238,-0.019576617397353457
0.0008115889563506683,-0.009963853126904362
0.006232623404669443,-0.0293955074756964
0.07104964630424081,0.04052011959662012
-0.00765279460409055,0.019964048480968742
0.02794171071686851,0.00715161425580782
0.03210216578903427,0.03265190626490103
-0.010782855536969447,-0.037746650038041556
-0.007280903343772085,0.007826251536564681
0.04066473995639963,0.014917353974131693
-0.028170725628631127,0.012732825969087633
0.016601699342549212,0.004209869082214636
0.01832254285371272,0.04457110513544062
-0.017649528585177113,-0.02595913817332425
-0.011572156651236206,-0.022861608119072424
0.01661029612903482,-0.0294808803982615
-0.0034733155497905744,0.03976190330623139
0.000789461072624338,-0.003021372573062505
-0.021125163637220352,-0.005476243713107155
-0.0934148630607541,-0.025548772584466313
0.0006776786359218277,-0.04759682601108906
-0.013024631801442883,0.03641626679308299
0.0007925469719791014,-0.007172974317828391
-0.03409590987573605,0.020216895546660445
-0.02114853337920081,-0.0356951825596764
0.02794171071686851,0.00715161425580782
-0.002546131633899117,0.034656157154361
-0.03037779033514517,-0.00808499596877522
-0.004206115106237531,-0.007976586596954285
0.001602784872008155,-0.03731252956949612
-0.020199297664413675,-0.0050476377939450146
-0.021837188381963395,-0.06512109832245067
0.03389821754749799,0.08810085376108032
0.024799761595279447,0.012741265205132052
-0.020574277031972617,0.002902600845626921
0.025569941459562213,-0.0394242144155326
0.04676984573310372,-0.012024473307918466
0.016546259153175796,0.021292165376332876
-0.003020893303975119,0.030442696523738523
0.02104110694470758,-0.04556681964289683
-0.053987937398452264,-0.0294808803982615
-0.016460379942712475,-0.0006253152201700016
0.03817351211623669,-0.02776910346119508
0.02525676206744649,0.053795191769122175
-0.03409590987573605,0.0813420841548121
0.0330232491733843,-0.02489675764293272
0.008121817945971208,-0.002194142453778629
-0.05428773186405779,0.04181052730323542
-0.011033811117663054,-0.04504429742170754
0.0476433505372899,-0.020571367737715167
-0.036370968259094125,0.028338635701871742
-0.017000306621119256,-0.05062898210611191
0.006827632009185261,-0.0033845678763031913
-0.02056111193994956,-0.035829363836944926
0.04706987025713536,0.04815832143423676
-0.008417528416697911,-0.0029578501294016298
-0.00821725352661367,-0.007644275461032659
-0.025600090552104365,0.03315243573074273
-0.020155931424113187,0.02254529227770362
-0.047826089902804646,-0.00404833453980654
0.028970381483316848,-0.021310389675370744
-0.054613385500524546,-0.0002839856896406784
-0.04717753956402883,-0.03919980315402491
0.015256603259444758,0.015782181640850435
0.00724660140855533,0.01658251564537875
0.011032330155549903,0.03887966391867195
-0.01447470776186583,-0.015729698535467566
0.003983434714420557,-0.013738114388271827
-0.05423021802999548,0.03041475513796333
-0.012345791787023415,0.012732825969087633
0.03330825296457795,0.024283003713344742
-0.027097781482582847,0.008887237945832821
0.021806606151400235,0.01146529056158526
0.00798871910917117,-0.045296185176474046
0.012369806942574583,0.0709360152982855
-0.018104848281897252,0.02672982811100401
-0.033451585844688256,-0.04498389341274067
-0.023062756958571035,0.005681293974323286
0.016113182227485354,-0.047258292029582254
-0.02090895493160206,-0.03814665999460798
-0.030954251398994426,0.03275854031774768
-0.001740163705440579,-0.04490931626663823
-0.030954251398994426,0.03275854031774768
0.04166439399566965,-0.019755892695755867
-0.04327588896384889,-0.022882101323433435
-0.046295499295882996,-0.041200194787185625
-0.028088473480138786,0.014809025723569492
-0.013714309331632538,0.04337865446228817
-0.009132363581332329,0.008969544683727411
0.027547296591415086,-0.018186355736192945
-0.006400927941473648,0.00146917446993515
-0.026243965103319576,-0.011971280886956927
-0.03337516731522301,0.004442843997672141
0.009562306517266977,-0.0590155346975624
-0.0934148630607541,-0.025548772584466313
-0.013919501360958526,0.029229985574791104
-0.016181264497408237,-0.0185650317431094
-0.0019522301527051791,0.03706308033487185
0.02672073994576279,0.04082451377773981
-0.004415814305078449,-0.04557483392506807
0.021360365023190494,-0.012656108866158538
-0.01784109053898656,0.002749494004597057
0.03646030194226914,-0.036081667013316665
-0.01025303442684513,0.014256432038663058
0.02064071586394792,0.034200386380371886
-0.0015484941954626197,-0.01410749975426048
-0.001517890902650833,0.0009958521095352058
-0.015913510705009615,-0.029971088909884782
0.03152881034613875,-0.05767679302086382
0.018209537877156016,0.016494867919178695
-0.008694051141086496,0.04830508466799115
-0.003469366078603019,0.02795042291421726
0.03331337423704272,0.02535791739070399
0.000953407214826331,-0.0005633804913745856
-0.007843344514043482,-0.07665793599007986
-0.00573403928565499,0.02294375103378598
0.023944167665240164,-0.02372844193668438
-0.023382688833552604,-0.011165913512550966
0.022584359216499063,0.01922827259414614
-0.006951829247625732,-0.012330423126686894
-0.005315851348853041,0.01597481645786482
0.008847468407563853,0.024056825314645904
-0.015101300141737353,0.011756092934801704
-0.007337693574676805,-0.02005540441478634
-0.007737192311637197,-0.03376746317102466
-0.024735471442787073,-0.06552943325242956
0.0222157776318337,-0.028987098740214767
0.03275497125363999,-0.016069501950162924
0.034713582823366625,-0.011378701629913033
0.0019816834219904085,0.01500896930001732
-0.011213143230934846,0.01550542544267055
0.010569790399473634,0.04324597047605701
-0.010839018443051308,0.02548924662171561
0.008748079405729334,0.018303642841668875
0.04013702853486694,-0.03350774121235308
0.0026265129500773862,0.024039016546401747
0.01661029612903482,-0.0294808803982615
0.03389821754749799,0.08810085376108032
-0.023929667432752554,0.043436141431812555
0.035989962140075486,-0.0013919648762034595
-0.032735788147353596,0.03990832195444548
-0.035770481485035165,-0.02930922135300979
0.0019816834219904085,0.0009685025338896994
-0.006889338014382288,0.011135882757705239
0.018218302247615597,-0.01576643964312974
0.008494636800409917,0.004686466845844402
0.0696003643556251,0.04810895824952169
-0.001481500137060422,-0.034469790969108675
0.015125830341798197,-0.01582820092427213
-0.034337051062668225,-0.05413202222163527
0.02525676206744649,0.053795191769122175
-0.01615215034062868,-0.0783057633489139
-0.020823397734283097,-0.0030196723850809196
-0.005189638140934038,-0.023216132716079682
-0.008007290444907231,-0.012260088592955621
0.01496981380640957,0.01910459854814814
-0.014466918480436042,0.03686938990503984
-0.0040343443463051526,-0.02005540441478634
0.014966691472060374,-0.016252336762929614
0.027299868913171238,-0.0018438710570537302
-0.006811303641376035,0.01606442970746421
-0.001586887111473671,-0.06832915505101919
-0.032715213014728,0.04889240137220968
-0.012379809921596159,0.0515390395768557
0.002214036372239582,0.02413843102541497
-0.00627482498131997,0.0687362202463206
0.024599918899224554,0.043436141431812555
0.04302010683681048,0.005925735764102824
0.01819262875472809,-0.01510672269404657
0.002478089952207803,0.0047930595249648655
0.04582490615031409,0.041557478248224755
-0.06345198754112029,-0.015461450402551289
0.002214036372239582,0.02413843102541497
-0.020499601385582114,0.09618166960359653
0.014966691472060374,-0.016252336762929614
-0.021133812294239638,-0.06187093503305501
-0.018769832050058367,0.011263743410721123
-0.011257536513145133,0.02768547707474732
-0.021696613360902065,0.01440606726821158
-0.027097781482582847,0.016562291694019342
-0.023876665068654154,0.020973641907425906
-0.009500158580900891,0.010680886160393588
-0.025289917960936298,0.017885773436216237
0.0013557347049769992,0.03869590812407617
0.002130814853647367,0.05983696969156048
-0.03683756276970796,-0.019447163197717617
-0.04449749519807181,0.014673061237369008
-0.03150267226173724,0.0016420522075487679
0.006356465319751142,0.0217188914690594
-0.003469366078603019,0.02795042291421726
-0.06833590782588203,0.008788632686643115
-0.042457760642705206,-0.025921958226745045
0.03457802409966521,0.043575723850322406
0.011492941849232134,-0.011114388470373526
-0.014005064179979203,-0.012812268038403893
-0.021972498271205676,-0.011987379795361795
0.010015711329608304,0.009366547352397177
0.041294962843249225,0.06412746644257428
-0.00654071976171223,-0.01882570898978959
0.016881591791863073,0.05807662521798959
-0.0017257908789469754,0.04221106848470599
-0.011229402792804969,0.006725413938267699
0.03919904989375538,-0.006668078708439728
-0.01636875306951001,-0.015022937469815437
-0.021316992639737367,-0.012024473307918466
0.010955087061080528,0.04197169303219937
0.036138651963257815,0.0583338630783667
-0.024844866832641564,0.04718589954603043
-0.007402256605481129,0.006216258976003856
-0.029535682376242836,-0.021532538103902137
-0.033867704557467224,-0.012097113237230402
0.04459265693365281,0.04197169303219937
0.03594707696424915,-0.035156178397278366
0.0076979054587577945,-0.03822879146670372
0.019342429228150236,0.027163648454589587
-0.0386846900234156,-0.0002328057230814272
0.010713826196909445,0.022821599822057448
0.04725399090132841,-0.02510325620942184
0.052928112462182084,0.038307511876643274
-0.024425292692537934,-0.03271068532383918
0.01747720250565513,0.02636844609707801
0.027841854179137152,-0.01882570898978959
0.0025030599678448565,0.015657283774318236
-0.015744839161786376,0.04754785936244231
0.028036131638657452,-0.004063252630777815
-0.0010861680822432628,-0.014523440798136113
0.01318047569362624,-0.017862245651326658
-0.039124456310612794,-0.017740717794327024
0.011099634658157843,0.031214388981590513
0.004827468587498874,0.033908470024136494
0.027841854179137152,-0.01882570898978959
-0.021336374173160484,-0.019774677023562462
-0.019160004696065044,-0.024158665283572897
-0.004632732420389493,-0.022887951593088735
-0.026275182680740784,-0.015245938289444268
0.005484975876371264,-0.03700280326190647
-0.02011030227444231,0.013751839263373186
0.04459265693365281,-0.006585881734041649
-0.04923299072631174,0.0012836138309615733
0.03153282642549251,0.0014341114152351814
-0.04923686073745575,0.025074401680448298
0.024215332334171204,0.017467011698498215
0.0359197118715556,0.009148814318421288
0.031652795492833986,-0.028022135358162958
-0.04672494908736887,-0.04109644248539493
0.012990403382255667,-0.004659512662079257
0.022175362327313108,0.00146917446993515
-0.001624508740052292,-0.04024151660713645
0.010785965192845479,0.03034889563462094
-0.020823397734283097,-0.03301823629451987
0.02981406891472861,0.0027650067090508462
0.02250139647486586,-0.021178224001923165
-0.03473939439268891,-0.017740717794327024
0.001702555627380685,0.029256887185977083
-0.011737726174305737,0.05019523059752572
0.012865793944036209,-0.0396696351682545
0.02861861267589261,-0.027666417005165457
0.028553196169897873,-0.008059471641233818
0.03817351211623669,0.0075977098442414
-0.033969783753858944,0.014084878421809756
-0.01965008398023533,-0.055516212897238175
0.03651652813424996,0.020455331079432322
-0.006951829247625732,-0.012330423126686894
-0.009956701779847444,0.01889445095235364
0.010670377830843906,-0.03705010140850325
-0.02046543994455838,-0.029536656403049366
-0.031130351298637924,0.0071056201401547905
0.04084229650551125,-0.011280358309772308
0.11932410193268686,-0.03270198822229971
-0.018985404174456808,0.04794892378056101
0.0022870952249190966,-0.03831227077567998
-0.021199743686796512,-0.05399642793219296
-0.026146413507304893,0.01731410396292632
-0.05512897846417338,-0.005931900753959496
-0.03236359369755134,-0.019924226653007974
-0.058179687814711945,-0.014523440798136113
-0.03468862765004021,0.03965325369029914
-0.05973477074977351,-0.04519715258783982
-0.04816699226043356,-0.03459478896022345
-0.024361922342739224,0.010285024371262892
0.002268660457917024,-0.08352340346818071
-0.05031652403409926,0.010555849988433202
0.058399855015006434,0.004280294635148514
-0.03681950762263239,0.020504020247676523
0.0005394541113836398,0.04036942986087409
-0.018345575294854064,-0.0010979039964487923
0.056528232073368476,-0.04154305264919849
0.007244097716842592,-0.04236522540968435
-0.04326338601519909,0.004057230226125912
-0.06361498641675349,0.0010182682583457434
-0.03383742011188051,-0.04798369838638062
-0.03732775590099915,-0.002200157322047775
-0.020691487775580435,-0.04683327011813536
-0.05031652403409926,0.010555849988433202
0.06013943294385144,0.06454643946741308
-0.0015484941954626197,-0.01410749975426048
0.02115128605574622,-0.01650358743851951
0.00033735795950011536,0.0415033925524223
0.006008911042708044,0.021527913951914522
0.048049866700190576,0.026174763312343856
0.029658524162894266,0.03191825030726004
0.02314357535515794,-0.0031156220734958676
-0.033569340244450886,0.032991915313466444
0.014966691472060374,-0.016252336762929614
-0.016404733425589523,0.010383712440107787
0.02162851572533503,0.03336579942533226
-0.01952872601682808,-0.00016441909338158964
0.029801267699007625,0.005681293974323286
-0.05234246493006471,-0.026219403792780382
-0.012379809921596159,-0.030081886873793817
0.016601699342549212,0.004209869082214636
-0.05607057485558159,-0.004241002710658401
-0.03998615824964505,0.0207190025527641
-0.009367860632105623,-0.041860293594245916
0.008121817945971208,0.023955277794847282
-0.02829410002572707,-0.052352321112674696
0.04711829945262483,-0.010956963052579649
0.009756423361810828,0.04486499835182596
0.05210345625137628,-0.04790828336533115
0.016546259153175796,0.021292165376332876
0.01601473540470972,0.015705386754427314
-0.022683296666663737,0.01446173634478689
-0.012488386938274872,-0.01911583294722307
-0.016568827800942598,0.030136097148269272
0.011586819545766505,0.002964085703707299
0.02064071586394792,0.034200386380371886
0.0538544196815162,-0.007771243365923674
0.011404273401503599,-0.040475753594003454
-0.01816133151976912,-0.016169866911578346
0.01760709351266174,-0.021855665088469655
-0.034337051062668225,-0.04560336674776166
-0.017597443171478294,0.05228442702007163
-0.0178038869292391,0.0009958521095352058
0.018252522363915922,0.010170707837944992
0.0034121731387077646,0.00023396357615471097
-0.024499954073412024,-0.07467135624790536
-0.04747176704340896,0.026036666203696705
-0.0019046903925413008,-0.03534116408690163
-0.040338062280053835,0.004691665172624246
0.013471339513432169,-0.059461724294867346
-0.017146361064878064,0.018456118524123363
0.016546493846571975,0.0582386707223812
-0.06520965055145685,-0.054309192075085534
0.015162301860944104,-0.05403829774920112
0.001670743432208238,0.04028398547360691
-0.019831402991817397,-0.0022299929504309667
0.025197884263176026,0.01188951075338665
0.004070585182385298,0.02014164491908426
-0.001624508740052292,-0.05282963177147283
-0.02046543994455838,-0.029536656403049366
0.024215332334171204,0.017467011698498215
0.0011502388143296706,0.0038364275055247712
-0.016622265106607227,-0.017015236773187354
0.0018480249572040246,0.02932787358151931
0.0696003643556251,0.04810895824952169
0.01722920727078417,0.00931852639444275
0.0705641304559628,0.016562291694019342
-0.04672494908736887,-0.04109644248539493
0.026511766859883615,0.06673583394526746
-0.02114853337920081,-0.0356951825596764
0.019545061298608418,0.002964085703707299
-0.006400927941473648,0.00146917446993515
-0.07163199658945625,-0.045029921707957686
-0.07606653301326183,0.04974063535891697
-0.008989280206404392,0.008969544683727411
-0.01971923054657392,-0.0010979039964487923
0.03651652813424996,0.020455331079432322
-0.026926642053567956,0.020123936804235854
-0.04157117818387995,0.02431322275744051
-0.0015484941954626197,-0.01410749975426048
-0.01042022306279967,-0.020259076320182576
0.014261690188196445,-0.005756699614452399
0.02206853339320168,0.004054669389525256
0.001602784872008155,-0.04258022292469362
-0.04784231279662196,-0.030374150666880845
-0.017000306621119256,-0.05062898210611191
-0.03258100252213464,0.02738745191573788
-0.015101300141737353,0.011756092934801704
-0.011152033738021067,-0.005756699614452399
0.006361091688948304,0.04524250696177248
0.01318080397882745,0.0034915089808504676
0.004737154600442541,-0.03103492372697586
0.03126551703178212,-0.00045934369285278304
-0.03512263853337888,0.022618806513719218
0.05694617991221177,0.014742482857777767
-0.0026389804755989543,-0.00979757007069407
-0.01134008440427094,-0.009159767219597383
0.07104964630424081,0.04052011959662012
-0.02572992795899028,0.005098765370299366
0.024049665390891952,0.008458093138308101
0.015243573635311234,0.013108355979970801
0.017395751177885777,0.03390022747219548
0.016881591791863073,0.05807662521798959
0.018141287092172165,-0.0037018352632075743
-0.06015097966898669,0.0005517134386230915
0.0019866321515748958,0.0017444828269392865
0.01118837706670294,-0.033556566200095374
-0.042457760642705206,-0.025921958226745045
-0.03086004763341026,-0.03814665999460798
0.011808900315108038,-0.005887431172375765
-0.00785575626487395,0.026850473796192084
-0.030954251398994426,0.03275854031774768
0.0073643965539680065,0.08032507589746235
0.07170838828675682,-0.019914092083755035
-0.026235770313252908,-0.02267289224651357
-0.02627163024562741,-0.00023735329365353816
-0.028265047081803735,0.03164420720902251
-0.00654071976171223,-0.01882570898978959
0.015957136142476576,-0.045352841380047165
-0.007873301328378017,0.015093682442396221
-0.00885154800549529,0.016710844905313202
-0.0738154449886627,-0.015507532416187662
0.0010272872626689166,0.013935421826243757
-0.04251200912563887,0.036251704978153415
-0.034984799308368085,0.005404727957522365
0.020551686247627512,-0.02368354004384509
-0.012393615026420557,0.008299347303127168
0.004136748914329937,0.04182014933000344
0.011099634658157843,0.0010182682583457434
-0.01998911004648556,0.028730202167802393
-0.036370968259094125,0.038811282790542384
0.003523703265409358,-0.0034624874211129884
0.05365825737115346,-0.013995274993074621
-0.010215263962270885,-0.004509430760110053
-0.015655530252441714,-0.04560336674776166
0.05987300582641378,0.05358293605459484
-0.004855905139881417,-0.030205593744425253
-0.035008059430500324,0.026556772318557992
0.006299954754529816,-0.03264185077420805
-0.04175834509865877,0.04120484160411457
0.05002666604946471,-0.02240263144533025
0.01555984079197947,-0.028730770147570518
0.003463272670920259,0.020229378911162346
-0.006465831791070515,-0.08183226334887028
0.01819262875472809,-0.01510672269404657
-0.027938559458897477,-0.017526397520740766
-0.011481949403776585,0.028550950762495544
-0.04073075416330054,0.02555377422463556
0.0019521717778067345,-0.05926067196860911
0.007922691927184177,0.008342291502211531
0.04725399090132841,-0.02510325620942184
-0.02519051752662711,0.005211704030074489
0.0005962951855426028,0.0029860563472779086
0.008210108701802587,-0.02372208666956821
-0.017026698050981216,0.019757628758864512
-0.013714309331632538,0.04337865446228817
0.030448759789577264,0.05695704794757375
0.02048858071715566,-0.017356222707824935
0.011952184982044077,0.04337865446228817
0.03976551934412688,0.059175757737546394
-0.009437867161117193,0.1025611096705179
-0.03490284083102189,-0.0195149587457816
0.014222914582004547,0.03504664653890242
0.025144503963110708,0.0072010207544322
0.02163049433744217,-0.035131414282840695
-0.01616014915473738,-0.014061284997001369
