target_session,previous_tw_close_utc,current_tw_open_utc,mapping_status,n_us_calendar_sessions,n_us_sessions,us_session_dates,us_open_timestamps_utc,us_close_timestamps_utc,feature_information_end_utc,us_early_close_sessions
2010-01-04,,2010-01-04 01:00:00+00:00,NO_PREVIOUS_TW_SESSION,0,0,,,,,0
2010-01-05,2010-01-04 05:30:00+00:00,2010-01-05 01:00:00+00:00,VALID,1,1,2010-01-04,2010-01-04T14:30:00+00:00,2010-01-04T21:00:00+00:00,2010-01-04 21:00:00+00:00,0
2010-01-06,2010-01-05 05:30:00+00:00,2010-01-06 01:00:00+00:00,VALID,1,1,2010-01-05,2010-01-05T14:30:00+00:00,2010-01-05T21:00:00+00:00,2010-01-05 21:00:00+00:00,0
2010-01-07,2010-01-06 05:30:00+00:00,2010-01-07 01:00:00+00:00,VALID,1,1,2010-01-06,2010-01-06T14:30:00+00:00,2010-01-06T21:00:00+00:00,2010-01-06 21:00:00+00:00,0
2010-01-08,2010-01-07 05:30:00+00:00,2010-01-08 01:00:00+00:00,VALID,1,1,2010-01-07,2010-01-07T14:30:00+00:00,2010-01-07T21:00:00+00:00,2010-01-07 21:00:00+00:00,0
2010-01-11,2010-01-08 05:30:00+00:00,2010-01-11 01:00:00+00:00,VALID,1,1,2010-01-08,2010-01-08T14:30:00+00:00,2010-01-08T21:00:00+00:00,2010-01-08 21:00:00+00:00,0
2010-01-12,2010-01-11 05:30:00+00:00,2010-01-12 01:00:00+00:00,VALID,1,1,2010-01-11,2010-01-11T14:30:00+00:00,2010-01-11T21:00:00+00:00,2010-01-11 21:00:00+00:00,0
2010-01-13,2010-01-12 05:30:00+00:00,2010-01-13 01:00:00+00:00,VALID,1,1,2010-01-12,2010-01-12T14:30:00+00:00,2010-01-12T21:00:00+00:00,2010-01-12 21:00:00+00:00,0
2010-01-14,2010-01-13 05:30:00+00:00,2010-01-14 01:00:00+00:00,VALID,1,1,2010-01-13,2010-01-13T14:30:00+00:00,2010-01-13T21:00:00+00:00,2010-01-13 21:00:00+00:00,0
2010-01-15,2010-01-14 05:30:00+00:00,2010-01-15 01:00:00+00:00,VALID,1,1,2010-01-14,2010-01-14T14:30:00+00:00,2010-01-14T21:00:00+00:00,2010-01-14 21:00:00+00:00,0
2010-01-18,2010-01-15 05:30:00+00:00,2010-01-18 01:00:00+00:00,VALID,1,1,2010-01-15,2010-01-15T14:30:00+00:00,2010-01-15T21:00:00+00:00,2010-01-15 21:00:00+00:00,0
2010-01-19,2010-01-18 05:30:00+00:00,2010-01-19 01:00:00+00:00,EMPTY_US_WINDOW,0,0,,,,,0
2010-01-20,2010-01-19 05:30:00+00:00,2010-01-20 01:00:00+00:00,VALID,1,1,2010-01-19,2010-01-19T14:30:00+00:00,2010-01-19T21:00:00+00:00,2010-01-19 21:00:00+00:00,0
2010-01-21,2010-01-20 05:30:00+00:00,2010-01-21 01:00:00+00:00,VALID,1,1,2010-01-20,2010-01-20T14:30:00+00:00,2010-01-20T21:00:00+00:00,2010-01-20 21:00:00+00:00,0
2010-01-22,2010-01-21 05:30:00+00:00,2010-01-22 01:00:00+00:00,VALID,1,1,2010-01-21,2010-01-21T14:30:00+00:00,2010-01-21T21:00:00+00:00,2010-01-21 21:00:00+00:00,0
2010-01-25,2010-01-22 05:30:00+00:00,2010-01-25 01:00:00+00:00,VALID,1,1,2010-01-22,2010-01-22T14:30:00+00:00,2010-01-22T21:00:00+00:00,2010-01-22 21:00:00+00:00,0
2010-01-26,2010-01-25 05:30:00+00:00,2010-01-26 01:00:00+00:00,VALID,1,1,2010-01-25,2010-01-25T14:30:00+00:00,2010-01-25T21:00:00+00:00,2010-01-25 21:00:00+00:00,0
2010-01-27,2010-01-26 05:30:00+00:00,2010-01-27 01:00:00+00:00,VALID,1,1,2010-01-26,2010-01-26T14:30:00+00:00,2010-01-26T21:00:00+00:00,2010-01-26 21:00:00+00:00,0
2010-01-28,2010-01-27 05:30:00+00:00,2010-01-28 01:00:00+00:00,VALID,1,1,2010-01-27,2010-01-27T14:30:00+00:00,2010-01-27T21:00:00+00:00,2010-01-27 21:00:00+00:00,0
2010-01-29,2010-01-28 05:30:00+00:00,2010-01-29 01:00:00+00:00,VALID,1,1,2010-01-28,2010-01-28T14:30:00+00:00,2010-01-28T21:00:00+00:00,2010-01-28 21:00:00+00:00,0
2010-02-01,2010-01-29 05:30:00+00:00,2010-02-01 01:00:00+00:00,VALID,1,1,2010-01-29,2010-01-29T14:30:00+00:00,2010-01-29T21:00:00+00:00,2010-01-29 21:00:00+00:00,0
2010-02-02,2010-02-01 05:30:00+00:00,2010-02-02 01:00:00+00:00,VALID,1,1,2010-02-01,2010-02-01T14:30:00+00:00,2010-02-01T21:00:00+00:00,2010-02-01 21:00:00+00:00,0
2010-02-03,2010-02-02 05:30:00+00:00,2010-02-03 01:00:00+00:00,VALID,1,1,2010-02-02,2010-02-02T14:30:00+00:00,2010-02-02T21:00:00+00:00,2010-02-02 21:00:00+00:00,0
2010-02-04,2010-02-03 05:30:00+00:00,2010-02-04 01:00:00+00:00,VALID,1,1,2010-02-03,2010-02-03T14:30:00+00:00,2010-02-03T21:00:00+00:00,2010-02-03 21:00:00+00:00,0
2010-02-05,2010-02-04 05:30:00+00:00,2010-02-05 01:00:00+00:00,VALID,1,1,2010-02-04,2010-02-04T14:30:00+00:00,2010-02-04T21:00:00+00:00,2010-02-04 21:00:00+00:00,0
2010-02-06,2010-02-05 05:30:00+00:00,2010-02-06 01:00:00+00:00,VALID,1,1,2010-02-05,2010-02-05T14:30:00+00:00,2010-02-05T21:00:00+00:00,2010-02-05 21:00:00+00:00,0
2010-02-08,2010-02-06 05:30:00+00:00,2010-02-08 01:00:00+00:00,EMPTY_US_WINDOW,0,0,,,,,0
2010-02-09,2010-02-08 05:30:00+00:00,2010-02-09 01:00:00+00:00,VALID,1,1,2010-02-08,2010-02-08T14:30:00+00:00,2010-02-08T21:00:00+00:00,2010-02-08 21:00:00+00:00,0
2010-02-10,2010-02-09 05:30:00+00:00,2010-02-10 01:00:00+00:00,VALID,1,1,2010-02-09,2010-02-09T14:30:00+00:00,2010-02-09T21:00:00+00:00,2010-02-09 21:00:00+00:00,0
2010-02-22,2010-02-10 05:30:00+00:00,2010-02-22 01:00:00+00:00,VALID,7,7,2010-02-10;2010-02-11;2010-02-12;2010-02-16;2010-02-17;2010-02-18;2010-02-19,2010-02-10T14:30:00+00:00;2010-02-11T14:30:00+00:00;2010-02-12T14:30:00+00:00;2010-02-16T14:30:00+00:00;2010-02-17T14:30:00+00:00;2010-02-18T14:30:00+00:00;2010-02-19T14:30:00+00:00,2010-02-10T21:00:00+00:00;2010-02-11T21:00:00+00:00;2010-02-12T21:00:00+00:00;2010-02-16T21:00:00+00:00;2010-02-17T21:00:00+00:00;2010-02-18T21:00:00+00:00;2010-02-19T21:00:00+00:00,2010-02-19 21:00:00+00:00,0
2010-02-23,2010-02-22 05:30:00+00:00,2010-02-23 01:00:00+00:00,VALID,1,1,2010-02-22,2010-02-22T14:30:00+00:00,2010-02-22T21:00:00+00:00,2010-02-22 21:00:00+00:00,0
2010-02-24,2010-02-23 05:30:00+00:00,2010-02-24 01:00:00+00:00,VALID,1,1,2010-02-23,2010-02-23T14:30:00+00:00,2010-02-23T21:00:00+00:00,2010-02-23 21:00:00+00:00,0
2010-02-25,2010-02-24 05:30:00+00:00,2010-02-25 01:00:00+00:00,VALID,1,1,2010-02-24,2010-02-24T14:30:00+00:00,2010-02-24T21:00:00+00:00,2010-02-24 21:00:00+00:00,0
2010-02-26,2010-02-25 05:30:00+00:00,2010-02-26 01:00:00+00:00,VALID,1,1,2010-02-25,2010-02-25T14:30:00+00:00,2010-02-25T21:00:00+00:00,2010-02-25 21:00:00+00:00,0
2010-03-01,2010-02-26 05:30:00+00:00,2010-03-01 01:00:00+00:00,VALID,1,1,2010-02-26,2010-02-26T14:30:00+00:00,2010-02-26T21:00:00+00:00,2010-02-26 21:00:00+00:00,0
2010-03-02,2010-03-01 05:30:00+00:00,2010-03-02 01:00:00+00:00,VALID,1,1,2010-03-01,2010-03-01T14:30:00+00:00,2010-03-01T21:00:00+00:00,2010-03-01 21:00:00+00:00,0
2010-03-03,2010-03-02 05:30:00+00:00,2010-03-03 01:00:00+00:00,VALID,1,1,2010-03-02,2010-03-02T14:30:00+00:00,2010-03-02T21:00:00+00:00,2010-03-02 21:00:00+00:00,0
2010-03-04,2010-03-03 05:30:00+00:00,2010-03-04 01:00:00+00:00,VALID,1,1,2010-03-03,2010-03-03T14:30:00+00:00,2010-03-03T21:00:00+00:00,2010-03-03 21:00:00+00:00,0
2010-03-05,2010-03-04 05:30:00+00:00,2010-03-05 01:00:00+00:00,VALID,1,1,2010-03-04,2010-03-04T14:30:00+00:00,2010-03-04T21:00:00+00:00,2010-03-04 21:00:00+00:00,0
2010-03-08,2010-03-05 05:30:00+00:00,2010-03-08 01:00:00+00:00,VALID,1,1,2010-03-05,2010-03-05T14:30:00+00:00,2010-03-05T21:00:00+00:00,2010-03-05 21:00:00+00:00,0
2010-03-09,2010-03-08 05:30:00+00:00,2010-03-09 01:00:00+00:00,VALID,1,1,2010-03-08,2010-03-08T14:30:00+00:00,2010-03-08T21:00:00+00:00,2010-03-08 21:00:00+00:00,0
2010-03-10,2010-03-09 05:30:00+00:00,2010-03-10 01:00:00+00:00,VALID,1,1,2010-03-09,2010-03-09T14:30:00+00:00,2010-03-09T21:00:00+00:00,2010-03-09 21:00:00+00:00,0
2010-03-11,2010-03-10 05:30:00+00:00,2010-03-11 01:00:00+00:00,VALID,1,1,2010-03-10,2010-03-10T14:30:00+00:00,2010-03-10T21:00:00+00:00,2010-03-10 21:00:00+00:00,0
2010-03-12,2010-03-11 05:30:00+00:00,2010-03-12 01:00:00+00:00,VALID,1,1,2010-03-11,2010-03-11T14:30:00+00:00,2010-03-11T21:00:00+00:00,2010-03-11 21:00:00+00:00,0
2010-03-15,2010-03-12 05:30:00+00:00,2010-03-15 01:00:00+00:00,VALID,1,1,2010-03-12,2010-03-12T14:30:00+00:00,2010-03-12T21:00:00+00:00,2010-03-12 21:00:00+00:00,0
2010-03-16,2010-03-15 05:30:00+00:00,2010-03-16 01:00:00+00:00,VALID,1,1,2010-03-15,2010-03-15T13:30:00+00:00,2010-03-15T20:00:00+00:00,2010-03-15 20:00:00+00:00,0
2010-03-17,2010-03-16 05:30:00+00:00,2010-03-17 01:00:00+00:00,VALID,1,1,2010-03-16,2010-03-16T13:30:00+00:00,2010-03-16T20:00:00+00:00,2010-03-16 20:00:00+00:00,0
2010-03-18,2010-03-17 05:30:00+00:00,2010-03-18 01:00:00+00:00,VALID,1,1,2010-03-17,2010-03-17T13:30:00+00:00,2010-03-17T20:00:00+00:00,2010-03-17 20:00:00+00:00,0
2010-03-19,2010-03-18 05:30:00+00:00,2010-03-19 01:00:00+00:00,VALID,1,1,2010-03-18,2010-03-18T13:30:00+00:00,2010-03-18T20:00:00+00:00,2010-03-18 20:00:00+00:00,0
2010-03-22,2010-03-19 05:30:00+00:00,2010-03-22 01:00:00+00:00,VALID,1,1,2010-03-19,2010-03-19T13:30:00+00:00,2010-03-19T20:00:00+00:00,2010-03-19 20:00:00+00:00,0
2010-03-23,2010-03-22 05:30:00+00:00,2010-03-23 01:00:00+00:00,VALID,1,1,2010-03-22,2010-03-22T13:30:00+00:00,2010-03-22T20:00:00+00:00,2010-03-22 20:00:00+00:00,0
2010-03-24,2010-03-23 05:30:00+00:00,2010-03-24 01:00:00+00:00,VALID,1,1,2010-03-23,2010-03-23T13:30:00+00:00,2010-03-23T20:00:00+00:00,2010-03-23 20:00:00+00:00,0
2010-03-25,2010-03-24 05:30:00+00:00,2010-03-25 01:00:00+00:00,VALID,1,1,2010-03-24,2010-03-24T13:30:00+00:00,2010-03-24T20:00:00+00:00,2010-03-24 20:00:00+00:00,0
2010-03-26,2010-03-25 05:30:00+00:00,2010-03-26 01:00:00+00:00,VALID,1,1,2010-03-25,2010-03-25T13:30:00+00:00,2010-03-25T20:00:00+00:00,2010-03-25 20:00:00+00:00,0
2010-03-29,2010-03-26 05:30:00+00:00,2010-03-29 01:00:00+00:00,VALID,1,1,2010-03-26,2010-03-26T13:30:00+00:00,2010-03-26T20:00:00+00:00,2010-03-26 20:00:00+00:00,0
2010-03-30,2010-03-29 05:30:00+00:00,2010-03-30 01:00:00+00:00,VALID,1,1,2010-03-29,2010-03-29T13:30:00+00:00,2010-03-29T20:00:00+00:00,2010-03-29 20:00:00+00:00,0
2010-03-31,2010-03-30 05:30:00+00:00,2010-03-31 01:00:00+00:00,VALID,1,1,2010-03-30,2010-03-30T13:30:00+00:00,2010-03-30T20:00:00+00:00,2010-03-30 20:00:00+00:00,0
2010-04-01,2010-03-31 05:30:00+00:00,2010-04-01 01:00:00+00:00,VALID,1,1,2010-03-31,2010-03-31T13:30:00+00:00,2010-03-31T20:00:00+00:00,2010-03-31 20:00:00+00:00,0
2010-04-02,2010-04-01 05:30:00+00:00,2010-04-02 01:00:00+00:00,VALID,1,1,2010-04-01,2010-04-01T13:30:00+00:00,2010-04-01T20:00:00+00:00,2010-04-01 20:00:00+00:00,0
2010-04-06,2010-04-02 05:30:00+00:00,2010-04-06 01:00:00+00:00,VALID,1,1,2010-04-05,2010-04-05T13:30:00+00:00,2010-04-05T20:00:00+00:00,2010-04-05 20:00:00+00:00,0
2010-04-07,2010-04-06 05:30:00+00:00,2010-04-07 01:00:00+00:00,VALID,1,1,2010-04-06,2010-04-06T13:30:00+00:00,2010-04-06T20:00:00+00:00,2010-04-06 20:00:00+00:00,0
2010-04-08,2010-04-07 05:30:00+00:00,2010-04-08 01:00:00+00:00,VALID,1,1,2010-04-07,2010-04-07T13:30:00+00:00,2010-04-07T20:00:00+00:00,2010-04-07 20:00:00+00:00,0
2010-04-09,2010-04-08 05:30:00+00:00,2010-04-09 01:00:00+00:00,VALID,1,1,2010-04-08,2010-04-08T13:30:00+00:00,2010-04-08T20:00:00+00:00,2010-04-08 20:00:00+00:00,0
2010-04-12,2010-04-09 05:30:00+00:00,2010-04-12 01:00:00+00:00,VALID,1,1,2010-04-09,2010-04-09T13:30:00+00:00,2010-04-09T20:00:00+00:00,2010-04-09 20:00:00+00:00,0
2010-04-13,2010-04-12 05:30:00+00:00,2010-04-13 01:00:00+00:00,VALID,1,1,2010-04-12,2010-04-12T13:30:00+00:00,2010-04-12T20:00:00+00:00,2010-04-12 20:00:00+00:00,0
2010-04-14,2010-04-13 05:30:00+00:00,2010-04-14 01:00:00+00:00,VALID,1,1,2010-04-13,2010-04-13T13:30:00+00:00,2010-04-13T20:00:00+00:00,2010-04-13 20:00:00+00:00,0
2010-04-15,2010-04-14 05:30:00+00:00,2010-04-15 01:00:00+00:00,VALID,1,1,2010-04-14,2010-04-14T13:30:00+00:00,2010-04-14T20:00:00+00:00,2010-04-14 20:00:00+00:00,0
2010-04-16,2010-04-15 05:30:00+00:00,2010-04-16 01:00:00+00:00,VALID,1,1,2010-04-15,2010-04-15T13:30:00+00:00,2010-04-15T20:00:00+00:00,2010-04-15 20:00:00+00:00,0
2010-04-19,2010-04-16 05:30:00+00:00,2010-04-19 01:00:00+00:00,VALID,1,1,2010-04-16,2010-04-16T13:30:00+00:00,2010-04-16T20:00:00+00:00,2010-04-16 20:00:00+00:00,0
2010-04-20,2010-04-19 05:30:00+00:00,2010-04-20 01:00:00+00:00,VALID,1,1,2010-04-19,2010-04-19T13:30:00+00:00,2010-04-19T20:00:00+00:00,2010-04-19 20:00:00+00:00,0
2010-04-21,2010-04-20 05:30:00+00:00,2010-04-21 01:00:00+00:00,VALID,1,1,2010-04-20,2010-04-20T13:30:00+00:00,2010-04-20T20:00:00+00:00,2010-04-20 20:00:00+00:00,0
2010-04-22,2010-04-21 05:30:00+00:00,2010-04-22 01:00:00+00:00,VALID,1,1,2010-04-21,2010-04-21T13:30:00+00:00,2010-04-21T20:00:00+00:00,2010-04-21 20:00:00+00:00,0
2010-04-23,2010-04-22 05:30:00+00:00,2010-04-23 01:00:00+00:00,VALID,1,1,2010-04-22,2010-04-22T13:30:00+00:00,2010-04-22T20:00:00+00:00,2010-04-22 20:00:00+00:00,0
2010-04-26,2010-04-23 05:30:00+00:00,2010-04-26 01:00:00+00:00,VALID,1,1,2010-04-23,2010-04-23T13:30:00+00:00,2010-04-23T20:00:00+00:00,2010-04-23 20:00:00+00:00,0
2010-04-27,2010-04-26 05:30:00+00:00,2010-04-27 01:00:00+00:00,VALID,1,1,2010-04-26,2010-04-26T13:30:00+00:00,2010-04-26T20:00:00+00:00,2010-04-26 20:00:00+00:00,0
2010-04-28,2010-04-27 05:30:00+00:00,2010-04-28 01:00:00+00:00,VALID,1,1,2010-04-27,2010-04-27T13:30:00+00:00,2010-04-27T20:00:00+00:00,2010-04-27 20:00:00+00:00,0
2010-04-29,2010-04-28 05:30:00+00:00,2010-04-29 01:00:00+00:00,VALID,1,1,2010-04-28,2010-04-28T13:30:00+00:00,2010-04-28T20:00:00+00:00,2010-04-28 20:00:00+00:00,0
2010-04-30,2010-04-29 05:30:00+00:00,2010-04-30 01:00:00+00:00,VALID,1,1,2010-04-29,2010-04-29T13:30:00+00:00,2010-04-29T20:00:00+00:00,2010-04-29 20:00:00+00:00,0
2010-05-03,2010-04-30 05:30:00+00:00,2010-05-03 01:00:00+00:00,VALID,1,1,2010-04-30,2010-04-30T13:30:00+00:00,2010-04-30T20:00:00+00:00,2010-04-30 20:00:00+00:00,0
2010-05-04,2010-05-03 05:30:00+00:00,2010-05-04 01:00:00+00:00,VALID,1,1,2010-05-03,2010-05-03T13:30:00+00:00,2010-05-03T20:00:00+00:00,2010-05-03 20:00:00+00:00,0
2010-05-05,2010-05-04 05:30:00+00:00,2010-05-05 01:00:00+00:00,VALID,1,1,2010-05-04,2010-05-04T13:30:00+00:00,2010-05-04T20:00:00+00:00,2010-05-04 20:00:00+00:00,0
2010-05-06,2010-05-05 05:30:00+00:00,2010-05-06 01:00:00+00:00,VALID,1,1,2010-05-05,2010-05-05T13:30:00+00:00,2010-05-05T20:00:00+00:00,2010-05-05 20:00:00+00:00,0
2010-05-07,2010-05-06 05:30:00+00:00,2010-05-07 01:00:00+00:00,VALID,1,1,2010-05-06,2010-05-06T13:30:00+00:00,2010-05-06T20:00:00+00:00,2010-05-06 20:00:00+00:00,0
2010-05-10,2010-05-07 05:30:00+00:00,2010-05-10 01:00:00+00:00,VALID,1,1,2010-05-07,2010-05-07T13:30:00+00:00,2010-05-07T20:00:00+00:00,2010-05-07 20:00:00+00:00,0
2010-05-11,2010-05-10 05:30:00+00:00,2010-05-11 01:00:00+00:00,VALID,1,1,2010-05-10,2010-05-10T13:30:00+00:00,2010-05-10T20:00:00+00:00,2010-05-10 20:00:00+00:00,0
2010-05-12,2010-05-11 05:30:00+00:00,2010-05-12 01:00:00+00:00,VALID,1,1,2010-05-11,2010-05-11T13:30:00+00:00,2010-05-11T20:00:00+00:00,2010-05-11 20:00:00+00:00,0
2010-05-13,2010-05-12 05:30:00+00:00,2010-05-13 01:00:00+00:00,VALID,1,1,2010-05-12,2010-05-12T13:30:00+00:00,2010-05-12T20:00:00+00:00,2010-05-12 20:00:00+00:00,0
2010-05-14,2010-05-13 05:30:00+00:00,2010-05-14 01:00:00+00:00,VALID,1,1,2010-05-13,2010-05-13T13:30:00+00:00,2010-05-13T20:00:00+00:00,2010-05-13 20:00:00+00:00,0
2010-05-17,2010-05-14 05:30:00+00:00,2010-05-17 01:00:00+00:00,VALID,1,1,2010-05-14,2010-05-14T13:30:00+00:00,2010-05-14T20:00:00+00:00,2010-05-14 20:00:00+00:00,0
2010-05-18,2010-05-17 05:30:00+00:00,2010-05-18 01:00:00+00:00,VALID,1,1,2010-05-17,2010-05-17T13:30:00+00:00,2010-05-17T20:00:00+00:00,2010-05-17 20:00:00+00:00,0
2010-05-19,2010-05-18 05:30:00+00:00,2010-05-19 01:00:00+00:00,VALID,1,1,2010-05-18,2010-05-18T13:30:00+00:00,2010-05-18T20:00:00+00:00,2010-05-18 20:00:00+00:00,0
2010-05-20,2010-05-19 05:30:00+00:00,2010-05-20 01:00:00+00:00,VALID,1,1,2010-05-19,2010-05-19T13:30:00+00:00,2010-05-19T20:00:00+00:00,2010-05-19 20:00:00+00:00,0
2010-05-21,2010-05-20 05:30:00+00:00,2010-05-21 01:00:00+00:00,VALID,1,1,2010-05-20,2010-05-20T13:30:00+00:00,2010-05-20T20:00:00+00:00,2010-05-20 20:00:00+00:00,0
2010-05-24,2010-05-21 05:30:00+00:00,2010-05-24 01:00:00+00:00,VALID,1,1,2010-05-21,2010-05-21T13:30:00+00:00,2010-05-21T20:00:00+00:00,2010-05-21 20:00:00+00:00,0
2010-05-25,2010-05-24 05:30:00+00:00,2010-05-25 01:00:00+00:00,VALID,1,1,2010-05-24,2010-05-24T13:30:00+00:00,2010-05-24T20:00:00+00:00,2010-05-24 20:00:00+00:00,0
2010-05-26,2010-05-25 05:30:00+00:00,2010-05-26 01:00:00+00:00,VALID,1,1,2010-05-25,2010-05-25T13:30:00+00:00,2010-05-25T20:00:00+00:00,2010-05-25 20:00:00+00:00,0
2010-05-27,2010-05-26 05:30:00+00:00,2010-05-27 01:00:00+00:00,VALID,1,1,2010-05-26,2010-05-26T13:30:00+00:00,2010-05-26T20:00:00+00:00,2010-05-26 20:00:00+00:00,0
2010-05-28,2010-05-27 05:30:00+00:00,2010-05-28 01:00:00+00:00,VALID,1,1,2010-05-27,2010-05-27T13:30:00+00:00,2010-05-27T20:00:00+00:00,2010-05-27 20:00:00+00:00,0
2010-05-31,2010-05-28 05:30:00+00:00,2010-05-31 01:00:00+00:00,VALID,1,1,2010-05-28,2010-05-28T13:30:00+00:00,2010-05-28T20:00:00+00:00,2010-05-28 20:00:00+00:00,0
2010-06-01,2010-05-31 05:30:00+00:00,2010-06-01 01:00:00+00:00,EMPTY_US_WINDOW,0,0,,,,,0
2010-06-02,2010-06-01 05:30:00+00:00,2010-06-02 01:00:00+00:00,VALID,1,1,2010-06-01,2010-06-01T13:30:00+00:00,2010-06-01T20:00:00+00:00,2010-06-01 20:00:00+00:00,0
2010-06-03,2010-06-02 05:30:00+00:00,2010-06-03 01:00:00+00:00,VALID,1,1,2010-06-02,2010-06-02T13:30:00+00:00,2010-06-02T20:00:00+00:00,2010-06-02 20:00:00+00:00,0
2010-06-04,2010-06-03 05:30:00+00:00,2010-06-04 01:00:00+00:00,VALID,1,1,2010-06-03,2010-06-03T13:30:00+00:00,2010-06-03T20:00:00+00:00,2010-06-03 20:00:00+00:00,0
2010-06-07,2010-06-04 05:30:00+00:00,2010-06-07 01:00:00+00:00,VALID,1,1,2010-06-04,2010-06-04T13:30:00+00:00,2010-06-04T20:00:00+00:00,2010-06-04 20:00:00+00:00,0
2010-06-08,2010-06-07 05:30:00+00:00,2010-06-08 01:00:00+00:00,VALID,1,1,2010-06-07,2010-06-07T13:30:00+00:00,2010-06-07T20:00:00+00:00,2010-06-07 20:00:00+00:00,0
2010-06-09,2010-06-08 05:30:00+00:00,2010-06-09 01:00:00+00:00,VALID,1,1,2010-06-08,2010-06-08T13:30:00+00:00,2010-06-08T20:00:00+00:00,2010-06-08 20:00:00+00:00,0
2010-06-10,2010-06-09 05:30:00+00:00,2010-06-10 01:00:00+00:00,VALID,1,1,2010-06-09,2010-06-09T13:30:00+00:00,2010-06-09T20:00:00+00:00,2010-06-09 20:00:00+00:00,0
2010-06-11,2010-06-10 05:30:00+00:00,2010-06-11 01:00:00+00:00,VALID,1,1,2010-06-10,2010-06-10T13:30:00+00:00,2010-06-10T20:00:00+00:00,2010-06-10 20:00:00+00:00,0
2010-06-14,2010-06-11 05:30:00+00:00,2010-06-14 01:00:00+00:00,VALID,1,1,2010-06-11,2010-06-11T13:30:00+00:00,2010-06-11T20:00:00+00:00,2010-06-11 20:00:00+00:00,0
2010-06-15,2010-06-14 05:30:00+00:00,2010-06-15 01:00:00+00:00,VALID,1,1,2010-06-14,2010-06-14T13:30:00+00:00,2010-06-14T20:00:00+00:00,2010-06-14 20:00:00+00:00,0
2010-06-17,2010-06-15 05:30:00+00:00,2010-06-17 01:00:00+00:00,VALID,2,2,2010-06-15;2010-06-16,2010-06-15T13:30:00+00:00;2010-06-16T13:30:00+00:00,2010-06-15T20:00:00+00:00;2010-06-16T20:00:00+00:00,2010-06-16 20:00:00+00:00,0
2010-06-18,2010-06-17 05:30:00+00:00,2010-06-18 01:00:00+00:00,VALID,1,1,2010-06-17,2010-06-17T13:30:00+00:00,2010-06-17T20:00:00+00:00,2010-06-17 20:00:00+00:00,0
2010-06-21,2010-06-18 05:30:00+00:00,2010-06-21 01:00:00+00:00,VALID,1,1,2010-06-18,2010-06-18T13:30:00+00:00,2010-06-18T20:00:00+00:00,2010-06-18 20:00:00+00:00,0
2010-06-22,2010-06-21 05:30:00+00:00,2010-06-22 01:00:00+00:00,VALID,1,1,2010-06-21,2010-06-21T13:30:00+00:00,2010-06-21T20:00:00+00:00,2010-06-21 20:00:00+00:00,0
2010-06-23,2010-06-22 05:30:00+00:00,2010-06-23 01:00:00+00:00,VALID,1,1,2010-06-22,2010-06-22T13:30:00+00:00,2010-06-22T20:00:00+00:00,2010-06-22 20:00:00+00:00,0
2010-06-24,2010-06-23 05:30:00+00:00,2010-06-24 01:00:00+00:00,VALID,1,1,2010-06-23,2010-06-23T13:30:00+00:00,2010-06-23T20:00:00+00:00,2010-06-23 20:00:00+00:00,0
2010-06-25,2010-06-24 05:30:00+00:00,2010-06-25 01:00:00+00:00,VALID,1,1,2010-06-24,2010-06-24T13:30:00+00:00,2010-06-24T20:00:00+00:00,2010-06-24 20:00:00+00:00,0
2010-06-28,2010-06-25 05:30:00+00:00,2010-06-28 01:00:00+00:00,VALID,1,1,2010-06-25,2010-06-25T13:30:00+00:00,2010-06-25T20:00:00+00:00,2010-06-25 20:00:00+00:00,0
2010-06-29,2010-06-28 05:30:00+00:00,2010-06-29 01:00:00+00:00,VALID,1,1,2010-06-28,2010-06-28T13:30:00+00:00,2010-06-28T20:00:00+00:00,2010-06-28 20:00:00+00:00,0
2010-06-30,2010-06-29 05:30:00+00:00,2010-06-30 01:00:00+00:00,VALID,1,1,2010-06-29,2010-06-29T13:30:00+00:00,2010-06-29T20:00:00+00:00,2010-06-29 20:00:00+00:00,0
2010-07-01,2010-06-30 05:30:00+00:00,2010-07-01 01:00:00+00:00,VALID,1,1,2010-06-30,2010-06-30T13:30:00+00:00,2010-06-30T20:00:00+00:00,2010-06-30 20:00:00+00:00,0
2010-07-02,2010-07-01 05:30:00+00:00,2010-07-02 01:00:00+00:00,VALID,1,1,2010-07-01,2010-07-01T13:30:00+00:00,2010-07-01T20:00:00+00:00,2010-07-01 20:00:00+00:00,0
2010-07-05,2010-07-02 05:30:00+00:00,2010-07-05 01:00:00+00:00,VALID,1,1,2010-07-02,2010-07-02T13:30:00+00:00,2010-07-02T20:00:00+00:00,2010-07-02 20:00:00+00:00,0
2010-07-06,2010-07-05 05:30:00+00:00,2010-07-06 01:00:00+00:00,EMPTY_US_WINDOW,0,0,,,,,0
2010-07-07,2010-07-06 05:30:00+00:00,2010-07-07 01:00:00+00:00,VALID,1,1,2010-07-06,2010-07-06T13:30:00+00:00,2010-07-06T20:00:00+00:00,2010-07-06 20:00:00+00:00,0
2010-07-08,2010-07-07 05:30:00+00:00,2010-07-08 01:00:00+00:00,VALID,1,1,2010-07-07,2010-07-07T13:30:00+00:00,2010-07-07T20:00:00+00:00,2010-07-07 20:00:00+00:00,0
2010-07-09,2010-07-08 05:30:00+00:00,2010-07-09 01:00:00+00:00,VALID,1,1,2010-07-08,2010-07-08T13:30:00+00:00,2010-07-08T20:00:00+00:00,2010-07-08 20:00:00+00:00,0
2010-07-12,2010-07-09 05:30:00+00:00,2010-07-12 01:00:00+00:00,VALID,1,1,2010-07-09,2010-07-09T13:30:00+00:00,2010-07-09T20:00:00+00:00,2010-07-09 20:00:00+00:00,0
2010-07-13,2010-07-12 05:30:00+00:00,2010-07-13 01:00:00+00:00,VALID,1,1,2010-07-12,2010-07-12T13:30:00+00:00,2010-07-12T20:00:00+00:00,2010-07-12 20:00:00+00:00,0
2010-07-14,2010-07-13 05:30:00+00:00,2010-07-14 01:00:00+00:00,VALID,1,1,2010-07-13,2010-07-13T13:30:00+00:00,2010-07-13T20:00:00+00:00,2010-07-13 20:00:00+00:00,0
2010-07-15,2010-07-14 05:30:00+00:00,2010-07-15 01:00:00+00:00,VALID,1,1,2010-07-14,2010-07-14T13:30:00+00:00,2010-07-14T20:00:00+00:00,2010-07-14 20:00:00+00:00,0
2010-07-16,2010-07-15 05:30:00+00:00,2010-07-16 01:00:00+00:00,VALID,1,1,2010-07-15,2010-07-15T13:30:00+00:00,2010-07-15T20:00:00+00:00,2010-07-15 20:00:00+00:00,0
2010-07-19,2010-07-16 05:30:00+00:00,2010-07-19 01:00:00+00:00,VALID,1,1,2010-07-16,2010-07-16T13:30:00+00:00,2010-07-16T20:00:00+00:00,2010-07-16 20:00:00+00:00,0
2010-07-20,2010-07-19 05:30:00+00:00,2010-07-20 01:00:00+00:00,VALID,1,1,2010-07-19,2010-07-19T13:30:00+00:00,2010-07-19T20:00:00+00:00,2010-07-19 20:00:00+00:00,0
2010-07-21,2010-07-20 05:30:00+00:00,2010-07-21 01:00:00+00:00,VALID,1,1,2010-07-20,2010-07-20T13:30:00+00:00,2010-07-20T20:00:00+00:00,2010-07-20 20:00:00+00:00,0
2010-07-22,2010-07-21 05:30:00+00:00,2010-07-22 01:00:00+00:00,VALID,1,1,2010-07-21,2010-07-21T13:30:00+00:00,2010-07-21T20:00:00+00:00,2010-07-21 20:00:00+00:00,0
2010-07-23,2010-07-22 05:30:00+00:00,2010-07-23 01:00:00+00:00,VALID,1,1,2010-07-22,2010-07-22T13:30:00+00:00,2010-07-22T20:00:00+00:00,2010-07-22 20:00:00+00:00,0
2010-07-26,2010-07-23 05:30:00+00:00,2010-07-26 01:00:00+00:00,VALID,1,1,2010-07-23,2010-07-23T13:30:00+00:00,2010-07-23T20:00:00+00:00,2010-07-23 20:00:00+00:00,0
2010-07-27,2010-07-26 05:30:00+00:00,2010-07-27 01:00:00+00:00,VALID,1,1,2010-07-26,2010-07-26T13:30:00+00:00,2010-07-26T20:00:00+00:00,2010-07-26 20:00:00+00:00,0
2010-07-28,2010-07-27 05:30:00+00:00,2010-07-28 01:00:00+00:00,VALID,1,1,2010-07-27,2010-07-27T13:30:00+00:00,2010-07-27T20:00:00+00:00,2010-07-27 20:00:00+00:00,0
2010-07-29,2010-07-28 05:30:00+00:00,2010-07-29 01:00:00+00:00,VALID,1,1,2010-07-28,2010-07-28T13:30:00+00:00,2010-07-28T20:00:00+00:00,2010-07-28 20:00:00+00:00,0
2010-07-30,2010-07-29 05:30:00+00:00,2010-07-30 01:00:00+00:00,VALID,1,1,2010-07-29,2010-07-29T13:30:00+00:00,2010-07-29T20:00:00+00:00,2010-07-29 20:00:00+00:00,0
2010-08-02,2010-07-30 05:30:00+00:00,2010-08-02 01:00:00+00:00,VALID,1,1,2010-07-30,2010-07-30T13:30:00+00:00,2010-07-30T20:00:00+00:00,2010-07-30 20:00:00+00:00,0
2010-08-03,2010-08-02 05:30:00+00:00,2010-08-03 01:00:00+00:00,VALID,1,1,2010-08-02,2010-08-02T13:30:00+00:00,2010-08-02T20:00:00+00:00,2010-08-02 20:00:00+00:00,0
2010-08-04,2010-08-03 05:30:00+00:00,2010-08-04 01:00:00+00:00,VALID,1,1,2010-08-03,2010-08-03T13:30:00+00:00,2010-08-03T20:00:00+00:00,2010-08-03 20:00:00+00:00,0
2010-08-05,2010-08-04 05:30:00+00:00,2010-08-05 01:00:00+00:00,VALID,1,1,2010-08-04,2010-08-04T13:30:00+00:00,2010-08-04T20:00:00+00:00,2010-08-04 20:00:00+00:00,0
2010-08-06,2010-08-05 05:30:00+00:00,2010-08-06 01:00:00+00:00,VALID,1,1,2010-08-05,2010-08-05T13:30:00+00:00,2010-08-05T20:00:00+00:00,2010-08-05 20:00:00+00:00,0
2010-08-09,2010-08-06 05:30:00+00:00,2010-08-09 01:00:00+00:00,VALID,1,1,2010-08-06,2010-08-06T13:30:00+00:00,2010-08-06T20:00:00+00:00,2010-08-06 20:00:00+00:00,0
2010-08-10,2010-08-09 05:30:00+00:00,2010-08-10 01:00:00+00:00,VALID,1,1,2010-08-09,2010-08-09T13:30:00+00:00,2010-08-09T20:00:00+00:00,2010-08-09 20:00:00+00:00,0
2010-08-11,2010-08-10 05:30:00+00:00,2010-08-11 01:00:00+00:00,VALID,1,1,2010-08-10,2010-08-10T13:30:00+00:00,2010-08-10T20:00:00+00:00,2010-08-10 20:00:00+00:00,0
2010-08-12,2010-08-11 05:30:00+00:00,2010-08-12 01:00:00+00:00,VALID,1,1,2010-08-11,2010-08-11T13:30:00+00:00,2010-08-11T20:00:00+00:00,2010-08-11 20:00:00+00:00,0
2010-08-13,2010-08-12 05:30:00+00:00,2010-08-13 01:00:00+00:00,VALID,1,1,2010-08-12,2010-08-12T13:30:00+00:00,2010-08-12T20:00:00+00:00,2010-08-12 20:00:00+00:00,0
2010-08-16,2010-08-13 05:30:00+00:00,2010-08-16 01:00:00+00:00,VALID,1,1,2010-08-13,2010-08-13T13:30:00+00:00,2010-08-13T20:00:00+00:00,2010-08-13 20:00:00+00:00,0
2010-08-17,2010-08-16 05:30:00+00:00,2010-08-17 01:00:00+00:00,VALID,1,1,2010-08-16,2010-08-16T13:30:00+00:00,2010-08-16T20:00:00+00:00,2010-08-16 20:00:00+00:00,0
2010-08-18,2010-08-17 05:30:00+00:00,2010-08-18 01:00:00+00:00,VALID,1,1,2010-08-17,2010-08-17T13:30:00+00:00,2010-08-17T20:00:00+00:00,2010-08-17 20:00:00+00:00,0
2010-08-19,2010-08-18 05:30:00+00:00,2010-08-19 01:00:00+00:00,VALID,1,1,2010-08-18,2010-08-18T13:30:00+00:00,2010-08-18T20:00:00+00:00,2010-08-18 20:00:00+00:00,0
2010-08-20,2010-08-19 05:30:00+00:00,2010-08-20 01:00:00+00:00,VALID,1,1,2010-08-19,2010-08-19T13:30:00+00:00,2010-08-19T20:00:00+00:00,2010-08-19 20:00:00+00:00,0
2010-08-23,2010-08-20 05:30:00+00:00,2010-08-23 01:00:00+00:00,VALID,1,1,2010-08-20,2010-08-20T13:30:00+00:00,2010-08-20T20:00:00+00:00,2010-08-20 20:00:00+00:00,0
2010-08-24,2010-08-23 05:30:00+00:00,2010-08-24 01:00:00+00:00,VALID,1,1,2010-08-23,2010-08-23T13:30:00+00:00,2010-08-23T20:00:00+00:00,2010-08-23 20:00:00+00:00,0
2010-08-25,2010-08-24 05:30:00+00:00,2010-08-25 01:00:00+00:00,VALID,1,1,2010-08-24,2010-08-24T13:30:00+00:00,2010-08-24T20:00:00+00:00,2010-08-24 20:00:00+00:00,0
2010-08-26,2010-08-25 05:30:00+00:00,2010-08-26 01:00:00+00:00,VALID,1,1,2010-08-25,2010-08-25T13:30:00+00:00,2010-08-25T20:00:00+00:00,2010-08-25 20:00:00+00:00,0
2010-08-27,2010-08-26 05:30:00+00:00,2010-08-27 01:00:00+00:00,VALID,1,1,2010-08-26,2010-08-26T13:30:00+00:00,2010-08-26T20:00:00+00:00,2010-08-26 20:00:00+00:00,0
2010-08-30,2010-08-27 05:30:00+00:00,2010-08-30 01:00:00+00:00,VALID,1,1,2010-08-27,2010-08-27T13:30:00+00:00,2010-08-27T20:00:00+00:00,2010-08-27 20:00:00+00:00,0
2010-08-31,2010-08-30 05:30:00+00:00,2010-08-31 01:00:00+00:00,VALID,1,1,2010-08-30,2010-08-30T13:30:00+00:00,2010-08-30T20:00:00+00:00,2010-08-30 20:00:00+00:00,0
2010-09-01,2010-08-31 05:30:00+00:00,2010-09-01 01:00:00+00:00,VALID,1,1,2010-08-31,2010-08-31T13:30:00+00:00,2010-08-31T20:00:00+00:00,2010-08-31 20:00:00+00:00,0
2010-09-02,2010-09-01 05:30:00+00:00,2010-09-02 01:00:00+00:00,VALID,1,1,2010-09-01,2010-09-01T13:30:00+00:00,2010-09-01T20:00:00+00:00,2010-09-01 20:00:00+00:00,0
2010-09-03,2010-09-02 05:30:00+00:00,2010-09-03 01:00:00+00:00,VALID,1,1,2010-09-02,2010-09-02T13:30:00+00:00,2010-09-02T20:00:00+00:00,2010-09-02 20:00:00+00:00,0
2010-09-06,2010-09-03 05:30:00+00:00,2010-09-06 01:00:00+00:00,VALID,1,1,2010-09-03,2010-09-03T13:30:00+00:00,2010-09-03T20:00:00+00:00,2010-09-03 20:00:00+00:00,0
2010-09-07,2010-09-06 05:30:00+00:00,2010-09-07 01:00:00+00:00,EMPTY_US_WINDOW,0,0,,,,,0
2010-09-08,2010-09-07 05:30:00+00:00,2010-09-08 01:00:00+00:00,VALID,1,1,2010-09-07,2010-09-07T13:30:00+00:00,2010-09-07T20:00:00+00:00,2010-09-07 20:00:00+00:00,0
2010-09-09,2010-09-08 05:30:00+00:00,2010-09-09 01:00:00+00:00,VALID,1,1,2010-09-08,2010-09-08T13:30:00+00:00,2010-09-08T20:00:00+00:00,2010-09-08 20:00:00+00:00,0
2010-09-10,2010-09-09 05:30:00+00:00,2010-09-10 01:00:00+00:00,VALID,1,1,2010-09-09,2010-09-09T13:30:00+00:00,2010-09-09T20:00:00+00:00,2010-09-09 20:00:00+00:00,0
2010-09-13,2010-09-10 05:30:00+00:00,2010-09-13 01:00:00+00:00,VALID,1,1,2010-09-10,2010-09-10T13:30:00+00:00,2010-09-10T20:00:00+00:00,2010-09-10 20:00:00+00:00,0
2010-09-14,2010-09-13 05:30:00+00:00,2010-09-14 01:00:00+00:00,VALID,1,1,2010-09-13,2010-09-13T13:30:00+00:00,2010-09-13T20:00:00+00:00,2010-09-13 20:00:00+00:00,0
2010-09-15,2010-09-14 05:30:00+00:00,2010-09-15 01:00:00+00:00,VALID,1,1,2010-09-14,2010-09-14T13:30:00+00:00,2010-09-14T20:00:00+00:00,2010-09-14 20:00:00+00:00,0
2010-09-16,2010-09-15 05:30:00+00:00,2010-09-16 01:00:00+00:00,VALID,1,1,2010-09-15,2010-09-15T13:30:00+00:00,2010-09-15T20:00:00+00:00,2010-09-15 20:00:00+00:00,0
2010-09-17,2010-09-16 05:30:00+00:00,2010-09-17 01:00:00+00:00,VALID,1,1,2010-09-16,2010-09-16T13:30:00+00:00,2010-09-16T20:00:00+00:00,2010-09-16 20:00:00+00:00,0
2010-09-20,2010-09-17 05:30:00+00:00,2010-09-20 01:00:00+00:00,VALID,1,1,2010-09-17,2010-09-17T13:30:00+00:00,2010-09-17T20:00:00+00:00,2010-09-17 20:00:00+00:00,0
2010-09-21,2010-09-20 05:30:00+00:00,2010-09-21 01:00:00+00:00,VALID,1,1,2010-09-20,2010-09-20T13:30:00+00:00,2010-09-20T20:00:00+00:00,2010-09-20 20:00:00+00:00,0
2010-09-23,2010-09-21 05:30:00+00:00,2010-09-23 01:00:00+00:00,VALID,2,2,2010-09-21;2010-09-22,2010-09-21T13:30:00+00:00;2010-09-22T13:30:00+00:00,2010-09-21T20:00:00+00:00;2010-09-22T20:00:00+00:00,2010-09-22 20:00:00+00:00,0
2010-09-24,2010-09-23 05:30:00+00:00,2010-09-24 01:00:00+00:00,VALID,1,1,2010-09-23,2010-09-23T13:30:00+00:00,2010-09-23T20:00:00+00:00,2010-09-23 20:00:00+00:00,0
2010-09-27,2010-09-24 05:30:00+00:00,2010-09-27 01:00:00+00:00,VALID,1,1,2010-09-24,2010-09-24T13:30:00+00:00,2010-09-24T20:00:00+00:00,2010-09-24 20:00:00+00:00,0
2010-09-28,2010-09-27 05:30:00+00:00,2010-09-28 01:00:00+00:00,VALID,1,1,2010-09-27,2010-09-27T13:30:00+00:00,2010-09-27T20:00:00+00:00,2010-09-27 20:00:00+00:00,0
2010-09-29,2010-09-28 05:30:00+00:00,2010-09-29 01:00:00+00:00,VALID,1,1,2010-09-28,2010-09-28T13:30:00+00:00,2010-09-28T20:00:00+00:00,2010-09-28 20:00:00+00:00,0
2010-09-30,2010-09-29 05:30:00+00:00,2010-09-30 01:00:00+00:00,VALID,1,1,2010-09-29,2010-09-29T13:30:00+00:00,2010-09-29T20:00:00+00:00,2010-09-29 20:00:00+00:00,0
2010-10-01,2010-09-30 05:30:00+00:00,2010-10-01 01:00:00+00:00,VALID,1,1,2010-09-30,2010-09-30T13:30:00+00:00,2010-09-30T20:00:00+00:00,2010-09-30 20:00:00+00:00,0
2010-10-04,2010-10-01 05:30:00+00:00,2010-10-04 01:00:00+00:00,VALID,1,1,2010-10-01,2010-10-01T13:30:00+00:00,2010-10-01T20:00:00+00:00,2010-10-01 20:00:00+00:00,0
2010-10-05,2010-10-04 05:30:00+00:00,2010-10-05 01:00:00+00:00,VALID,1,1,2010-10-04,2010-10-04T13:30:00+00:00,2010-10-04T20:00:00+00:00,2010-10-04 20:00:00+00:00,0
2010-10-06,2010-10-05 05:30:00+00:00,2010-10-06 01:00:00+00:00,VALID,1,1,2010-10-05,2010-10-05T13:30:00+00:00,2010-10-05T20:00:00+00:00,2010-10-05 20:00:00+00:00,0
2010-10-07,2010-10-06 05:30:00+00:00,2010-10-07 01:00:00+00:00,VALID,1,1,2010-10-06,2010-10-06T13:30:00+00:00,2010-10-06T20:00:00+00:00,2010-10-06 20:00:00+00:00,0
2010-10-08,2010-10-07 05:30:00+00:00,2010-10-08 01:00:00+00:00,VALID,1,1,2010-10-07,2010-10-07T13:30:00+00:00,2010-10-07T20:00:00+00:00,2010-10-07 20:00:00+00:00,0
2010-10-11,2010-10-08 05:30:00+00:00,2010-10-11 01:00:00+00:00,VALID,1,1,2010-10-08,2010-10-08T13:30:00+00:00,2010-10-08T20:00:00+00:00,2010-10-08 20:00:00+00:00,0
2010-10-12,2010-10-11 05:30:00+00:00,2010-10-12 01:00:00+00:00,VALID,1,1,2010-10-11,2010-10-11T13:30:00+00:00,2010-10-11T20:00:00+00:00,2010-10-11 20:00:00+00:00,0
2010-10-13,2010-10-12 05:30:00+00:00,2010-10-13 01:00:00+00:00,VALID,1,1,2010-10-12,2010-10-12T13:30:00+00:00,2010-10-12T20:00:00+00:00,2010-10-12 20:00:00+00:00,0
2010-10-14,2010-10-13 05:30:00+00:00,2010-10-14 01:00:00+00:00,VALID,1,1,2010-10-13,2010-10-13T13:30:00+00:00,2010-10-13T20:00:00+00:00,2010-10-13 20:00:00+00:00,0
2010-10-15,2010-10-14 05:30:00+00:00,2010-10-15 01:00:00+00:00,VALID,1,1,2010-10-14,2010-10-14T13:30:00+00:00,2010-10-14T20:00:00+00:00,2010-10-14 20:00:00+00:00,0
2010-10-18,2010-10-15 05:30:00+00:00,2010-10-18 01:00:00+00:00,VALID,1,1,2010-10-15,2010-10-15T13:30:00+00:00,2010-10-15T20:00:00+00:00,2010-10-15 20:00:00+00:00,0
2010-10-19,2010-10-18 05:30:00+00:00,2010-10-19 01:00:00+00:00,VALID,1,1,2010-10-18,2010-10-18T13:30:00+00:00,2010-10-18T20:00:00+00:00,2010-10-18 20:00:00+00:00,0
2010-10-20,2010-10-19 05:30:00+00:00,2010-10-20 01:00:00+00:00,VALID,1,1,2010-10-19,2010-10-19T13:30:00+00:00,2010-10-19T20:00:00+00:00,2010-10-19 20:00:00+00:00,0
2010-10-21,2010-10-20 05:30:00+00:00,2010-10-21 01:00:00+00:00,VALID,1,1,2010-10-20,2010-10-20T13:30:00+00:00,2010-10-20T20:00:00+00:00,2010-10-20 20:00:00+00:00,0
2010-10-22,2010-10-21 05:30:00+00:00,2010-10-22 01:00:00+00:00,VALID,1,1,2010-10-21,2010-10-21T13:30:00+00:00,2010-10-21T20:00:00+00:00,2010-10-21 20:00:00+00:00,0
2010-10-25,2010-10-22 05:30:00+00:00,2010-10-25 01:00:00+00:00,VALID,1,1,2010-10-22,2010-10-22T13:30:00+00:00,2010-10-22T20:00:00+00:00,2010-10-22 20:00:00+00:00,0
2010-10-26,2010-10-25 05:30:00+00:00,2010-10-26 01:00:00+00:00,VALID,1,1,2010-10-25,2010-10-25T13:30:00+00:00,2010-10-25T20:00:00+00:00,2010-10-25 20:00:00+00:00,0
2010-10-27,2010-10-26 05:30:00+00:00,2010-10-27 01:00:00+00:00,VALID,1,1,2010-10-26,2010-10-26T13:30:00+00:00,2010-10-26T20:00:00+00:00,2010-10-26 20:00:00+00:00,0
2010-10-28,2010-10-27 05:30:00+00:00,2010-10-28 01:00:00+00:00,VALID,1,1,2010-10-27,2010-10-27T13:30:00+00:00,2010-10-27T20:00:00+00:00,2010-10-27 20:00:00+00:00,0
2010-10-29,2010-10-28 05:30:00+00:00,2010-10-29 01:00:00+00:00,VALID,1,1,2010-10-28,2010-10-28T13:30:00+00:00,2010-10-28T20:00:00+00:00,2010-10-28 20:00:00+00:00,0
2010-11-01,2010-10-29 05:30:00+00:00,2010-11-01 01:00:00+00:00,VALID,1,1,2010-10-29,2010-10-29T13:30:00+00:00,2010-10-29T20:00:00+00:00,2010-10-29 20:00:00+00:00,0
2010-11-02,2010-11-01 05:30:00+00:00,2010-11-02 01:00:00+00:00,VALID,1,1,2010-11-01,2010-11-01T13:30:00+00:00,2010-11-01T20:00:00+00:00,2010-11-01 20:00:00+00:00,0
2010-11-03,2010-11-02 05:30:00+00:00,2010-11-03 01:00:00+00:00,VALID,1,1,2010-11-02,2010-11-02T13:30:00+00:00,2010-11-02T20:00:00+00:00,2010-11-02 20:00:00+00:00,0
2010-11-04,2010-11-03 05:30:00+00:00,2010-11-04 01:00:00+00:00,VALID,1,1,2010-11-03,2010-11-03T13:30:00+00:00,2010-11-03T20:00:00+00:00,2010-11-03 20:00:00+00:00,0
2010-11-05,2010-11-04 05:30:00+00:00,2010-11-05 01:00:00+00:00,VALID,1,1,2010-11-04,2010-11-04T13:30:00+00:00,2010-11-04T20:00:00+00:00,2010-11-04 20:00:00+00:00,0
2010-11-08,2010-11-05 05:30:00+00:00,2010-11-08 01:00:00+00:00,VALID,1,1,2010-11-05,2010-11-05T13:30:00+00:00,2010-11-05T20:00:00+00:00,2010-11-05 20:00:00+00:00,0
2010-11-09,2010-11-08 05:30:00+00:00,2010-11-09 01:00:00+00:00,VALID,1,1,2010-11-08,2010-11-08T14:30:00+00:00,2010-11-08T21:00:00+00:00,2010-11-08 21:00:00+00:00,0
2010-11-10,2010-11-09 05:30:00+00:00,2010-11-10 01:00:00+00:00,VALID,1,1,2010-11-09,2010-11-09T14:30:00+00:00,2010-11-09T21:00:00+00:00,2010-11-09 21:00:00+00:00,0
2010-11-11,2010-11-10 05:30:00+00:00,2010-11-11 01:00:00+00:00,VALID,1,1,2010-11-10,2010-11-10T14:30:00+00:00,2010-11-10T21:00:00+00:00,2010-11-10 21:00:00+00:00,0
2010-11-12,2010-11-11 05:30:00+00:00,2010-11-12 01:00:00+00:00,VALID,1,1,2010-11-11,2010-11-11T14:30:00+00:00,2010-11-11T21:00:00+00:00,2010-11-11 21:00:00+00:00,0
2010-11-15,2010-11-12 05:30:00+00:00,2010-11-15 01:00:00+00:00,VALID,1,1,2010-11-12,2010-11-12T14:30:00+00:00,2010-11-12T21:00:00+00:00,2010-11-12 21:00:00+00:00,0
2010-11-16,2010-11-15 05:30:00+00:00,2010-11-16 01:00:00+00:00,VALID,1,1,2010-11-15,2010-11-15T14:30:00+00:00,2010-11-15T21:00:00+00:00,2010-11-15 21:00:00+00:00,0
2010-11-17,2010-11-16 05:30:00+00:00,2010-11-17 01:00:00+00:00,VALID,1,1,2010-11-16,2010-11-16T14:30:00+00:00,2010-11-16T21:00:00+00:00,2010-11-16 21:00:00+00:00,0
2010-11-18,2010-11-17 05:30:00+00:00,2010-11-18 01:00:00+00:00,VALID,1,1,2010-11-17,2010-11-17T14:30:00+00:00,2010-11-17T21:00:00+00:00,2010-11-17 21:00:00+00:00,0
2010-11-19,2010-11-18 05:30:00+00:00,2010-11-19 01:00:00+00:00,VALID,1,1,2010-11-18,2010-11-18T14:30:00+00:00,2010-11-18T21:00:00+00:00,2010-11-18 21:00:00+00:00,0
2010-11-22,2010-11-19 05:30:00+00:00,2010-11-22 01:00:00+00:00,VALID,1,1,2010-11-19,2010-11-19T14:30:00+00:00,2010-11-19T21:00:00+00:00,2010-11-19 21:00:00+00:00,0
2010-11-23,2010-11-22 05:30:00+00:00,2010-11-23 01:00:00+00:00,VALID,1,1,2010-11-22,2010-11-22T14:30:00+00:00,2010-11-22T21:00:00+00:00,2010-11-22 21:00:00+00:00,0
2010-11-24,2010-11-23 05:30:00+00:00,2010-11-24 01:00:00+00:00,VALID,1,1,2010-11-23,2010-11-23T14:30:00+00:00,2010-11-23T21:00:00+00:00,2010-11-23 21:00:00+00:00,0
2010-11-25,2010-11-24 05:30:00+00:00,2010-11-25 01:00:00+00:00,VALID,1,1,2010-11-24,2010-11-24T14:30:00+00:00,2010-11-24T21:00:00+00:00,2010-11-24 21:00:00+00:00,0
2010-11-26,2010-11-25 05:30:00+00:00,2010-11-26 01:00:00+00:00,EMPTY_US_WINDOW,0,0,,,,,0
2010-11-29,2010-11-26 05:30:00+00:00,2010-11-29 01:00:00+00:00,VALID,1,1,2010-11-26,2010-11-26T14:30:00+00:00,2010-11-26T18:00:00+00:00,2010-11-26 18:00:00+00:00,1
2010-11-30,2010-11-29 05:30:00+00:00,2010-11-30 01:00:00+00:00,VALID,1,1,2010-11-29,2010-11-29T14:30:00+00:00,2010-11-29T21:00:00+00:00,2010-11-29 21:00:00+00:00,0
2010-12-01,2010-11-30 05:30:00+00:00,2010-12-01 01:00:00+00:00,VALID,1,1,2010-11-30,2010-11-30T14:30:00+00:00,2010-11-30T21:00:00+00:00,2010-11-30 21:00:00+00:00,0
2010-12-02,2010-12-01 05:30:00+00:00,2010-12-02 01:00:00+00:00,VALID,1,1,2010-12-01,2010-12-01T14:30:00+00:00,2010-12-01T21:00:00+00:00,2010-12-01 21:00:00+00:00,0
2010-12-03,2010-12-02 05:30:00+00:00,2010-12-03 01:00:00+00:00,VALID,1,1,2010-12-02,2010-12-02T14:30:00+00:00,2010-12-02T21:00:00+00:00,2010-12-02 21:00:00+00:00,0
2010-12-06,2010-12-03 05:30:00+00:00,2010-12-06 01:00:00+00:00,VALID,1,1,2010-12-03,2010-12-03T14:30:00+00:00,2010-12-03T21:00:00+00:00,2010-12-03 21:00:00+00:00,0
2010-12-07,2010-12-06 05:30:00+00:00,2010-12-07 01:00:00+00:00,VALID,1,1,2010-12-06,2010-12-06T14:30:00+00:00,2010-12-06T21:00:00+00:00,2010-12-06 21:00:00+00:00,0
2010-12-08,2010-12-07 05:30:00+00:00,2010-12-08 01:00:00+00:00,VALID,1,1,2010-12-07,2010-12-07T14:30:00+00:00,2010-12-07T21:00:00+00:00,2010-12-07 21:00:00+00:00,0
2010-12-09,2010-12-08 05:30:00+00:00,2010-12-09 01:00:00+00:00,VALID,1,1,2010-12-08,2010-12-08T14:30:00+00:00,2010-12-08T21:00:00+00:00,2010-12-08 21:00:00+00:00,0
2010-12-10,2010-12-09 05:30:00+00:00,2010-12-10 01:00:00+00:00,VALID,1,1,2010-12-09,2010-12-09T14:30:00+00:00,2010-12-09T21:00:00+00:00,2010-12-09 21:00:00+00:00,0
2010-12-13,2010-12-10 05:30:00+00:00,2010-12-13 01:00:00+00:00,VALID,1,1,2010-12-10,2010-12-10T14:30:00+00:00,2010-12-10T21:00:00+00:00,2010-12-10 21:00:00+00:00,0
2010-12-14,2010-12-13 05:30:00+00:00,2010-12-14 01:00:00+00:00,VALID,1,1,2010-12-13,2010-12-13T14:30:00+00:00,2010-12-13T21:00:00+00:00,2010-12-13 21:00:00+00:00,0
2010-12-15,2010-12-14 05:30:00+00:00,2010-12-15 01:00:00+00:00,VALID,1,1,2010-12-14,2010-12-14T14:30:00+00:00,2010-12-14T21:00:00+00:00,2010-12-14 21:00:00+00:00,0
2010-12-16,2010-12-15 05:30:00+00:00,2010-12-16 01:00:00+00:00,VALID,1,1,2010-12-15,2010-12-15T14:30:00+00:00,2010-12-15T21:00:00+00:00,2010-12-15 21:00:00+00:00,0
2010-12-17,2010-12-16 05:30:00+00:00,2010-12-17 01:00:00+00:00,VALID,1,1,2010-12-16,2010-12-16T14:30:00+00:00,2010-12-16T21:00:00+00:00,2010-12-16 21:00:00+00:00,0
2010-12-20,2010-12-17 05:30:00+00:00,2010-12-20 01:00:00+00:00,VALID,1,1,2010-12-17,2010-12-17T14:30:00+00:00,2010-12-17T21:00:00+00:00,2010-12-17 21:00:00+00:00,0
2010-12-21,2010-12-20 05:30:00+00:00,2010-12-21 01:00:00+00:00,VALID,1,1,2010-12-20,2010-12-20T14:30:00+00:00,2010-12-20T21:00:00+00:00,2010-12-20 21:00:00+00:00,0
2010-12-22,2010-12-21 05:30:00+00:00,2010-12-22 01:00:00+00:00,VALID,1,1,2010-12-21,2010-12-21T14:30:00+00:00,2010-12-21T21:00:00+00:00,2010-12-21 21:00:00+00:00,0
2010-12-23,2010-12-22 05:30:00+00:00,2010-12-23 01:00:00+00:00,VALID,1,1,2010-12-22,2010-12-22T14:30:00+00:00,2010-12-22T21:00:00+00:00,2010-12-22 21:00:00+00:00,0
2010-12-24,2010-12-23 05:30:00+00:00,2010-12-24 01:00:00+00:00,VALID,1,1,2010-12-23,2010-12-23T14:30:00+00:00,2010-12-23T21:00:00+00:00,2010-12-23 21:00:00+00:00,0
2010-12-27,2010-12-24 05:30:00+00:00,2010-12-27 01:00:00+00:00,EMPTY_US_WINDOW,0,0,,,,,0
2010-12-28,2010-12-27 05:30:00+00:00,2010-12-28 01:00:00+00:00,VALID,1,1,2010-12-27,2010-12-27T14:30:00+00:00,2010-12-27T21:00:00+00:00,2010-12-27 21:00:00+00:00,0
2010-12-29,2010-12-28 05:30:00+00:00,2010-12-29 01:00:00+00:00,VALID,1,1,2010-12-28,2010-12-28T14:30:00+00:00,2010-12-28T21:00:00+00:00,2010-12-28 21:00:00+00:00,0
2010-12-30,2010-12-29 05:30:00+00:00,2010-12-30 01:00:00+00:00,VALID,1,1,2010-12-29,2010-12-29T14:30:00+00:00,2010-12-29T21:00:00+00:00,2010-12-29 21:00:00+00:00,0
2010-12-31,2010-12-30 05:30:00+00:00,2010-12-31 01:00:00+00:00,VALID,1,1,2010-12-30,2010-12-30T14:30:00+00:00,2010-12-30T21:00:00+00:00,2010-12-30 21:00:00+00:00,0
2011-01-03,2010-12-31 05:30:00+00:00,2011-01-03 01:00:00+00:00,VALID,1,1,2010-12-31,2010-12-31T14:30:00+00:00,2010-12-31T21:00:00+00:00,2010-12-31 21:00:00+00:00,0
2011-01-04,2011-01-03 05:30:00+00:00,2011-01-04 01:00:00+00:00,VALID,1,1,2011-01-03,2011-01-03T14:30:00+00:00,2011-01-03T21:00:00+00:00,2011-01-03 21:00:00+00:00,0
2011-01-05,2011-01-04 05:30:00+00:00,2011-01-05 01:00:00+00:00,VALID,1,1,2011-01-04,2011-01-04T14:30:00+00:00,2011-01-04T21:00:00+00:00,2011-01-04 21:00:00+00:00,0
2011-01-06,2011-01-05 05:30:00+00:00,2011-01-06 01:00:00+00:00,VALID,1,1,2011-01-05,2011-01-05T14:30:00+00:00,2011-01-05T21:00:00+00:00,2011-01-05 21:00:00+00:00,0
2011-01-07,2011-01-06 05:30:00+00:00,2011-01-07 01:00:00+00:00,VALID,1,1,2011-01-06,2011-01-06T14:30:00+00:00,2011-01-06T21:00:00+00:00,2011-01-06 21:00:00+00:00,0
2011-01-10,2011-01-07 05:30:00+00:00,2011-01-10 01:00:00+00:00,VALID,1,1,2011-01-07,2011-01-07T14:30:00+00:00,2011-01-07T21:00:00+00:00,2011-01-07 21:00:00+00:00,0
2011-01-11,2011-01-10 05:30:00+00:00,2011-01-11 01:00:00+00:00,VALID,1,1,2011-01-10,2011-01-10T14:30:00+00:00,2011-01-10T21:00:00+00:00,2011-01-10 21:00:00+00:00,0
2011-01-12,2011-01-11 05:30:00+00:00,2011-01-12 01:00:00+00:00,VALID,1,1,2011-01-11,2011-01-11T14:30:00+00:00,2011-01-11T21:00:00+00:00,2011-01-11 21:00:00+00:00,0
2011-01-13,2011-01-12 05:30:00+00:00,2011-01-13 01:00:00+00:00,VALID,1,1,2011-01-12,2011-01-12T14:30:00+00:00,2011-01-12T21:00:00+00:00,2011-01-12 21:00:00+00:00,0
2011-01-14,2011-01-13 05:30:00+00:00,2011-01-14 01:00:00+00:00,VALID,1,1,2011-01-13,2011-01-13T14:30:00+00:00,2011-01-13T21:00:00+00:00,2011-01-13 21:00:00+00:00,0
2011-01-17,2011-01-14 05:30:00+00:00,2011-01-17 01:00:00+00:00,VALID,1,1,2011-01-14,2011-01-14T14:30:00+00:00,2011-01-14T21:00:00+00:00,2011-01-14 21:00:00+00:00,0
2011-01-18,2011-01-17 05:30:00+00:00,2011-01-18 01:00:00+00:00,EMPTY_US_WINDOW,0,0,,,,,0
2011-01-19,2011-01-18 05:30:00+00:00,2011-01-19 01:00:00+00:00,VALID,1,1,2011-01-18,2011-01-18T14:30:00+00:00,2011-01-18T21:00:00+00:00,2011-01-18 21:00:00+00:00,0
2011-01-20,2011-01-19 05:30:00+00:00,2011-01-20 01:00:00+00:00,VALID,1,1,2011-01-19,2011-01-19T14:30:00+00:00,2011-01-19T21:00:00+00:00,2011-01-19 21:00:00+00:00,0
2011-01-21,2011-01-20 05:30:00+00:00,2011-01-21 01:00:00+00:00,VALID,1,1,2011-01-20,2011-01-20T14:30:00+00:00,2011-01-20T21:00:00+00:00,2011-01-20 21:00:00+00:00,0
2011-01-24,2011-01-21 05:30:00+00:00,2011-01-24 01:00:00+00:00,VALID,1,1,2011-01-21,2011-01-21T14:30:00+00:00,2011-01-21T21:00:00+00:00,2011-01-21 21:00:00+00:00,0
2011-01-25,2011-01-24 05:30:00+00:00,2011-01-25 01:00:00+00:00,VALID,1,1,2011-01-24,2011-01-24T14:30:00+00:00,2011-01-24T21:00:00+00:00,2011-01-24 21:00:00+00:00,0
2011-01-26,2011-01-25 05:30:00+00:00,2011-01-26 01:00:00+00:00,VALID,1,1,2011-01-25,2011-01-25T14:30:00+00:00,2011-01-25T21:00:00+00:00,2011-01-25 21:00:00+00:00,0
2011-01-27,2011-01-26 05:30:00+00:00,2011-01-27 01:00:00+00:00,VALID,1,1,2011-01-26,2011-01-26T14:30:00+00:00,2011-01-26T21:00:00+00:00,2011-01-26 21:00:00+00:00,0
2011-01-28,2011-01-27 05:30:00+00:00,2011-01-28 01:00:00+00:00,VALID,1,1,2011-01-27,2011-01-27T14:30:00+00:00,2011-01-27T21:00:00+00:00,2011-01-27 21:00:00+00:00,0
2011-02-08,2011-01-28 05:30:00+00:00,2011-02-08 01:00:00+00:00,VALID,7,7,2011-01-28;2011-01-31;2011-02-01;2011-02-02;2011-02-03;2011-02-04;2011-02-07,2011-01-28T14:30:00+00:00;2011-01-31T14:30:00+00:00;2011-02-01T14:30:00+00:00;2011-02-02T14:30:00+00:00;2011-02-03T14:30:00+00:00;2011-02-04T14:30:00+00:00;2011-02-07T14:30:00+00:00,2011-01-28T21:00:00+00:00;2011-01-31T21:00:00+00:00;2011-02-01T21:00:00+00:00;2011-02-02T21:00:00+00:00;2011-02-03T21:00:00+00:00;2011-02-04T21:00:00+00:00;2011-02-07T21:00:00+00:00,2011-02-07 21:00:00+00:00,0
2011-02-09,2011-02-08 05:30:00+00:00,2011-02-09 01:00:00+00:00,VALID,1,1,2011-02-08,2011-02-08T14:30:00+00:00,2011-02-08T21:00:00+00:00,2011-02-08 21:00:00+00:00,0
2011-02-10,2011-02-09 05:30:00+00:00,2011-02-10 01:00:00+00:00,VALID,1,1,2011-02-09,2011-02-09T14:30:00+00:00,2011-02-09T21:00:00+00:00,2011-02-09 21:00:00+00:00,0
2011-02-11,2011-02-10 05:30:00+00:00,2011-02-11 01:00:00+00:00,VALID,1,1,2011-02-10,2011-02-10T14:30:00+00:00,2011-02-10T21:00:00+00:00,2011-02-10 21:00:00+00:00,0
2011-02-14,2011-02-11 05:30:00+00:00,2011-02-14 01:00:00+00:00,VALID,1,1,2011-02-11,2011-02-11T14:30:00+00:00,2011-02-11T21:00:00+00:00,2011-02-11 21:00:00+00:00,0
2011-02-15,2011-02-14 05:30:00+00:00,2011-02-15 01:00:00+00:00,VALID,1,1,2011-02-14,2011-02-14T14:30:00+00:00,2011-02-14T21:00:00+00:00,2011-02-14 21:00:00+00:00,0
2011-02-16,2011-02-15 05:30:00+00:00,2011-02-16 01:00:00+00:00,VALID,1,1,2011-02-15,2011-02-15T14:30:00+00:00,2011-02-15T21:00:00+00:00,2011-02-15 21:00:00+00:00,0
2011-02-17,2011-02-16 05:30:00+00:00,2011-02-17 01:00:00+00:00,VALID,1,1,2011-02-16,2011-02-16T14:30:00+00:00,2011-02-16T21:00:00+00:00,2011-02-16 21:00:00+00:00,0
2011-02-18,2011-02-17 05:30:00+00:00,2011-02-18 01:00:00+00:00,VALID,1,1,2011-02-17,2011-02-17T14:30:00+00:00,2011-02-17T21:00:00+00:00,2011-02-17 21:00:00+00:00,0
2011-02-21,2011-02-18 05:30:00+00:00,2011-02-21 01:00:00+00:00,VALID,1,1,2011-02-18,2011-02-18T14:30:00+00:00,2011-02-18T21:00:00+00:00,2011-02-18 21:00:00+00:00,0
2011-02-22,2011-02-21 05:30:00+00:00,2011-02-22 01:00:00+00:00,EMPTY_US_WINDOW,0,0,,,,,0
2011-02-23,2011-02-22 05:30:00+00:00,2011-02-23 01:00:00+00:00,VALID,1,1,2011-02-22,2011-02-22T14:30:00+00:00,2011-02-22T21:00:00+00:00,2011-02-22 21:00:00+00:00,0
2011-02-24,2011-02-23 05:30:00+00:00,2011-02-24 01:00:00+00:00,VALID,1,1,2011-02-23,2011-02-23T14:30:00+00:00,2011-02-23T21:00:00+00:00,2011-02-23 21:00:00+00:00,0
2011-02-25,2011-02-24 05:30:00+00:00,2011-02-25 01:00:00+00:00,VALID,1,1,2011-02-24,2011-02-24T14:30:00+00:00,2011-02-24T21:00:00+00:00,2011-02-24 21:00:00+00:00,0
2011-03-01,2011-02-25 05:30:00+00:00,2011-03-01 01:00:00+00:00,VALID,2,2,2011-02-25;2011-02-28,2011-02-25T14:30:00+00:00;2011-02-28T14:30:00+00:00,2011-02-25T21:00:00+00:00;2011-02-28T21:00:00+00:00,2011-02-28 21:00:00+00:00,0
2011-03-02,2011-03-01 05:30:00+00:00,2011-03-02 01:00:00+00:00,VALID,1,1,2011-03-01,2011-03-01T14:30:00+00:00,2011-03-01T21:00:00+00:00,2011-03-01 21:00:00+00:00,0
2011-03-03,2011-03-02 05:30:00+00:00,2011-03-03 01:00:00+00:00,VALID,1,1,2011-03-02,2011-03-02T14:30:00+00:00,2011-03-02T21:00:00+00:00,2011-03-02 21:00:00+00:00,0
2011-03-04,2011-03-03 05:30:00+00:00,2011-03-04 01:00:00+00:00,VALID,1,1,2011-03-03,2011-03-03T14:30:00+00:00,2011-03-03T21:00:00+00:00,2011-03-03 21:00:00+00:00,0
2011-03-07,2011-03-04 05:30:00+00:00,2011-03-07 01:00:00+00:00,VALID,1,1,2011-03-04,2011-03-04T14:30:00+00:00,2011-03-04T21:00:00+00:00,2011-03-04 21:00:00+00:00,0
2011-03-08,2011-03-07 05:30:00+00:00,2011-03-08 01:00:00+00:00,VALID,1,1,2011-03-07,2011-03-07T14:30:00+00:00,2011-03-07T21:00:00+00:00,2011-03-07 21:00:00+00:00,0
2011-03-09,2011-03-08 05:30:00+00:00,2011-03-09 01:00:00+00:00,VALID,1,1,2011-03-08,2011-03-08T14:30:00+00:00,2011-03-08T21:00:00+00:00,2011-03-08 21:00:00+00:00,0
2011-03-10,2011-03-09 05:30:00+00:00,2011-03-10 01:00:00+00:00,VALID,1,1,2011-03-09,2011-03-09T14:30:00+00:00,2011-03-09T21:00:00+00:00,2011-03-09 21:00:00+00:00,0
2011-03-11,2011-03-10 05:30:00+00:00,2011-03-11 01:00:00+00:00,VALID,1,1,2011-03-10,2011-03-10T14:30:00+00:00,2011-03-10T21:00:00+00:00,2011-03-10 21:00:00+00:00,0
2011-03-14,2011-03-11 05:30:00+00:00,2011-03-14 01:00:00+00:00,VALID,1,1,2011-03-11,2011-03-11T14:30:00+00:00,2011-03-11T21:00:00+00:00,2011-03-11 21:00:00+00:00,0
2011-03-15,2011-03-14 05:30:00+00:00,2011-03-15 01:00:00+00:00,VALID,1,1,2011-03-14,2011-03-14T13:30:00+00:00,2011-03-14T20:00:00+00:00,2011-03-14 20:00:00+00:00,0
2011-03-16,2011-03-15 05:30:00+00:00,2011-03-16 01:00:00+00:00,VALID,1,1,2011-03-15,2011-03-15T13:30:00+00:00,2011-03-15T20:00:00+00:00,2011-03-15 20:00:00+00:00,0
2011-03-17,2011-03-16 05:30:00+00:00,2011-03-17 01:00:00+00:00,VALID,1,1,2011-03-16,2011-03-16T13:30:00+00:00,2011-03-16T20:00:00+00:00,2011-03-16 20:00:00+00:00,0
2011-03-18,2011-03-17 05:30:00+00:00,2011-03-18 01:00:00+00:00,VALID,1,1,2011-03-17,2011-03-17T13:30:00+00:00,2011-03-17T20:00:00+00:00,2011-03-17 20:00:00+00:00,0
2011-03-21,2011-03-18 05:30:00+00:00,2011-03-21 01:00:00+00:00,VALID,1,1,2011-03-18,2011-03-18T13:30:00+00:00,2011-03-18T20:00:00+00:00,2011-03-18 20:00:00+00:00,0
2011-03-22,2011-03-21 05:30:00+00:00,2011-03-22 01:00:00+00:00,VALID,1,1,2011-03-21,2011-03-21T13:30:00+00:00,2011-03-21T20:00:00+00:00,2011-03-21 20:00:00+00:00,0
2011-03-23,2011-03-22 05:30:00+00:00,2011-03-23 01:00:00+00:00,VALID,1,1,2011-03-22,2011-03-22T13:30:00+00:00,2011-03-22T20:00:00+00:00,2011-03-22 20:00:00+00:00,0
2011-03-24,2011-03-23 05:30:00+00:00,2011-03-24 01:00:00+00:00,VALID,1,1,2011-03-23,2011-03-23T13:30:00+00:00,2011-03-23T20:00:00+00:00,2011-03-23 20:00:00+00:00,0
2011-03-25,2011-03-24 05:30:00+00:00,2011-03-25 01:00:00+00:00,VALID,1,1,2011-03-24,2011-03-24T13:30:00+00:00,2011-03-24T20:00:00+00:00,2011-03-24 20:00:00+00:00,0
2011-03-28,2011-03-25 05:30:00+00:00,2011-03-28 01:00:00+00:00,VALID,1,1,2011-03-25,2011-03-25T13:30:00+00:00,2011-03-25T20:00:00+00:00,2011-03-25 20:00:00+00:00,0
2011-03-29,2011-03-28 05:30:00+00:00,2011-03-29 01:00:00+00:00,VALID,1,1,2011-03-28,2011-03-28T13:30:00+00:00,2011-03-28T20:00:00+00:00,2011-03-28 20:00:00+00:00,0
2011-03-30,2011-03-29 05:30:00+00:00,2011-03-30 01:00:00+00:00,VALID,1,1,2011-03-29,2011-03-29T13:30:00+00:00,2011-03-29T20:00:00+00:00,2011-03-29 20:00:00+00:00,0
2011-03-31,2011-03-30 05:30:00+00:00,2011-03-31 01:00:00+00:00,VALID,1,1,2011-03-30,2011-03-30T13:30:00+00:00,2011-03-30T20:00:00+00:00,2011-03-30 20:00:00+00:00,0
2011-04-01,2011-03-31 05:30:00+00:00,2011-04-01 01:00:00+00:00,VALID,1,1,2011-03-31,2011-03-31T13:30:00+00:00,2011-03-31T20:00:00+00:00,2011-03-31 20:00:00+00:00,0
2011-04-06,2011-04-01 05:30:00+00:00,2011-04-06 01:00:00+00:00,VALID,3,3,2011-04-01;2011-04-04;2011-04-05,2011-04-01T13:30:00+00:00;2011-04-04T13:30:00+00:00;2011-04-05T13:30:00+00:00,2011-04-01T20:00:00+00:00;2011-04-04T20:00:00+00:00;2011-04-05T20:00:00+00:00,2011-04-05 20:00:00+00:00,0
2011-04-07,2011-04-06 05:30:00+00:00,2011-04-07 01:00:00+00:00,VALID,1,1,2011-04-06,2011-04-06T13:30:00+00:00,2011-04-06T20:00:00+00:00,2011-04-06 20:00:00+00:00,0
2011-04-08,2011-04-07 05:30:00+00:00,2011-04-08 01:00:00+00:00,VALID,1,1,2011-04-07,2011-04-07T13:30:00+00:00,2011-04-07T20:00:00+00:00,2011-04-07 20:00:00+00:00,0
2011-04-11,2011-04-08 05:30:00+00:00,2011-04-11 01:00:00+00:00,VALID,1,1,2011-04-08,2011-04-08T13:30:00+00:00,2011-04-08T20:00:00+00:00,2011-04-08 20:00:00+00:00,0
2011-04-12,2011-04-11 05:30:00+00:00,2011-04-12 01:00:00+00:00,VALID,1,1,2011-04-11,2011-04-11T13:30:00+00:00,2011-04-11T20:00:00+00:00,2011-04-11 20:00:00+00:00,0
2011-04-13,2011-04-12 05:30:00+00:00,2011-04-13 01:00:00+00:00,VALID,1,1,2011-04-12,2011-04-12T13:30:00+00:00,2011-04-12T20:00:00+00:00,2011-04-12 20:00:00+00:00,0
2011-04-14,2011-04-13 05:30:00+00:00,2011-04-14 01:00:00+00:00,VALID,1,1,2011-04-13,2011-04-13T13:30:00+00:00,2011-04-13T20:00:00+00:00,2011-04-13 20:00:00+00:00,0
2011-04-15,2011-04-14 05:30:00+00:00,2011-04-15 01:00:00+00:00,VALID,1,1,2011-04-14,2011-04-14T13:30:00+00:00,2011-04-14T20:00:00+00:00,2011-04-14 20:00:00+00:00,0
2011-04-18,2011-04-15 05:30:00+00:00,2011-04-18 01:00:00+00:00,VALID,1,1,2011-04-15,2011-04-15T13:30:00+00:00,2011-04-15T20:00:00+00:00,2011-04-15 20:00:00+00:00,0
2011-04-19,2011-04-18 05:30:00+00:00,2011-04-19 01:00:00+00:00,VALID,1,1,2011-04-18,2011-04-18T13:30:00+00:00,2011-04-18T20:00:00+00:00,2011-04-18 20:00:00+00:00,0
2011-04-20,2011-04-19 05:30:00+00:00,2011-04-20 01:00:00+00:00,VALID,1,1,2011-04-19,2011-04-19T13:30:00+00:00,2011-04-19T20:00:00+00:00,2011-04-19 20:00:00+00:00,0
2011-04-21,2011-04-20 05:30:00+00:00,2011-04-21 01:00:00+00:00,VALID,1,1,2011-04-20,2011-04-20T13:30:00+00:00,2011-04-20T20:00:00+00:00,2011-04-20 20:00:00+00:00,0
2011-04-22,2011-04-21 05:30:00+00:00,2011-04-22 01:00:00+00:00,VALID,1,1,2011-04-21,2011-04-21T13:30:00+00:00,2011-04-21T20:00:00+00:00,2011-04-21 20:00:00+00:00,0
2011-04-25,2011-04-22 05:30:00+00:00,2011-04-25 01:00:00+00:00,EMPTY_US_WINDOW,0,0,,,,,0
2011-04-26,2011-04-25 05:30:00+00:00,2011-04-26 01:00:00+00:00,VALID,1,1,2011-04-25,2011-04-25T13:30:00+00:00,2011-04-25T20:00:00+00:00,2011-04-25 20:00:00+00:00,0
2011-04-27,2011-04-26 05:30:00+00:00,2011-04-27 01:00:00+00:00,VALID,1,1,2011-04-26,2011-04-26T13:30:00+00:00,2011-04-26T20:00:00+00:00,2011-04-26 20:00:00+00:00,0
2011-04-28,2011-04-27 05:30:00+00:00,2011-04-28 01:00:00+00:00,VALID,1,1,2011-04-27,2011-04-27T13:30:00+00:00,2011-04-27T20:00:00+00:00,2011-04-27 20:00:00+00:00,0
2011-04-29,2011-04-28 05:30:00+00:00,2011-04-29 01:00:00+00:00,VALID,1,1,2011-04-28,2011-04-28T13:30:00+00:00,2011-04-28T20:00:00+00:00,2011-04-28 20:00:00+00:00,0
2011-05-03,2011-04-29 05:30:00+00:00,2011-05-03 01:00:00+00:00,VALID,2,2,2011-04-29;2011-05-02,2011-04-29T13:30:00+00:00;2011-05-02T13:30:00+00:00,2011-04-29T20:00:00+00:00;2011-05-02T20:00:00+00:00,2011-05-02 20:00:00+00:00,0
2011-05-04,2011-05-03 05:30:00+00:00,2011-05-04 01:00:00+00:00,VALID,1,1,2011-05-03,2011-05-03T13:30:00+00:00,2011-05-03T20:00:00+00:00,2011-05-03 20:00:00+00:00,0
2011-05-05,2011-05-04 05:30:00+00:00,2011-05-05 01:00:00+00:00,VALID,1,1,2011-05-04,2011-05-04T13:30:00+00:00,2011-05-04T20:00:00+00:00,2011-05-04 20:00:00+00:00,0
2011-05-06,2011-05-05 05:30:00+00:00,2011-05-06 01:00:00+00:00,VALID,1,1,2011-05-05,2011-05-05T13:30:00+00:00,2011-05-05T20:00:00+00:00,2011-05-05 20:00:00+00:00,0
2011-05-09,2011-05-06 05:30:00+00:00,2011-05-09 01:00:00+00:00,VALID,1,1,2011-05-06,2011-05-06T13:30:00+00:00,2011-05-06T20:00:00+00:00,2011-05-06 20:00:00+00:00,0
2011-05-10,2011-05-09 05:30:00+00:00,2011-05-10 01:00:00+00:00,VALID,1,1,2011-05-09,2011-05-09T13:30:00+00:00,2011-05-09T20:00:00+00:00,2011-05-09 20:00:00+00:00,0
2011-05-11,2011-05-10 05:30:00+00:00,2011-05-11 01:00:00+00:00,VALID,1,1,2011-05-10,2011-05-10T13:30:00+00:00,2011-05-10T20:00:00+00:00,2011-05-10 20:00:00+00:00,0
2011-05-12,2011-05-11 05:30:00+00:00,2011-05-12 01:00:00+00:00,VALID,1,1,2011-05-11,2011-05-11T13:30:00+00:00,2011-05-11T20:00:00+00:00,2011-05-11 20:00:00+00:00,0
2011-05-13,2011-05-12 05:30:00+00:00,2011-05-13 01:00:00+00:00,VALID,1,1,2011-05-12,2011-05-12T13:30:00+00:00,2011-05-12T20:00:00+00:00,2011-05-12 20:00:00+00:00,0
2011-05-16,2011-05-13 05:30:00+00:00,2011-05-16 01:00:00+00:00,VALID,1,1,2011-05-13,2011-05-13T13:30:00+00:00,2011-05-13T20:00:00+00:00,2011-05-13 20:00:00+00:00,0
2011-05-17,2011-05-16 05:30:00+00:00,2011-05-17 01:00:00+00:00,VALID,1,1,2011-05-16,2011-05-16T13:30:00+00:00,2011-05-16T20:00:00+00:00,2011-05-16 20:00:00+00:00,0
2011-05-18,2011-05-17 05:30:00+00:00,2011-05-18 01:00:00+00:00,VALID,1,1,2011-05-17,2011-05-17T13:30:00+00:00,2011-05-17T20:00:00+00:00,2011-05-17 20:00:00+00:00,0
2011-05-19,2011-05-18 05:30:00+00:00,2011-05-19 01:00:00+00:00,VALID,1,1,2011-05-18,2011-05-18T13:30:00+00:00,2011-05-18T20:00:00+00:00,2011-05-18 20:00:00+00:00,0
2011-05-20,2011-05-19 05:30:00+00:00,2011-05-20 01:00:00+00:00,VALID,1,1,2011-05-19,2011-05-19T13:30:00+00:00,2011-05-19T20:00:00+00:00,2011-05-19 20:00:00+00:00,0
2011-05-23,2011-05-20 05:30:00+00:00,2011-05-23 01:00:00+00:00,VALID,1,1,2011-05-20,2011-05-20T13:30:00+00:00,2011-05-20T20:00:00+00:00,2011-05-20 20:00:00+00:00,0
2011-05-24,2011-05-23 05:30:00+00:00,2011-05-24 01:00:00+00:00,VALID,1,1,2011-05-23,2011-05-23T13:30:00+00:00,2011-05-23T20:00:00+00:00,2011-05-23 20:00:00+00:00,0
2011-05-25,2011-05-24 05:30:00+00:00,2011-05-25 01:00:00+00:00,VALID,1,1,2011-05-24,2011-05-24T13:30:00+00:00,2011-05-24T20:00:00+00:00,2011-05-24 20:00:00+00:00,0
2011-05-26,2011-05-25 05:30:00+00:00,2011-05-26 01:00:00+00:00,VALID,1,1,2011-05-25,2011-05-25T13:30:00+00:00,2011-05-25T20:00:00+00:00,2011-05-25 20:00:00+00:00,0
2011-05-27,2011-05-26 05:30:00+00:00,2011-05-27 01:00:00+00:00,VALID,1,1,2011-05-26,2011-05-26T13:30:00+00:00,2011-05-26T20:00:00+00:00,2011-05-26 20:00:00+00:00,0
2011-05-30,2011-05-27 05:30:00+00:00,2011-05-30 01:00:00+00:00,VALID,1,1,2011-05-27,2011-05-27T13:30:00+00:00,2011-05-27T20:00:00+00:00,2011-05-27 20:00:00+00:00,0
2011-05-31,2011-05-30 05:30:00+00:00,2011-05-31 01:00:00+00:00,EMPTY_US_WINDOW,0,0,,,,,0
2011-06-01,2011-05-31 05:30:00+00:00,2011-06-01 01:00:00+00:00,VALID,1,1,2011-05-31,2011-05-31T13:30:00+00:00,2011-05-31T20:00:00+00:00,2011-05-31 20:00:00+00:00,0
2011-06-02,2011-06-01 05:30:00+00:00,2011-06-02 01:00:00+00:00,VALID,1,1,2011-06-01,2011-06-01T13:30:00+00:00,2011-06-01T20:00:00+00:00,2011-06-01 20:00:00+00:00,0
2011-06-03,2011-06-02 05:30:00+00:00,2011-06-03 01:00:00+00:00,VALID,1,1,2011-06-02,2011-06-02T13:30:00+00:00,2011-06-02T20:00:00+00:00,2011-06-02 20:00:00+00:00,0
2011-06-07,2011-06-03 05:30:00+00:00,2011-06-07 01:00:00+00:00,VALID,2,2,2011-06-03;2011-06-06,2011-06-03T13:30:00+00:00;2011-06-06T13:30:00+00:00,2011-06-03T20:00:00+00:00;2011-06-06T20:00:00+00:00,2011-06-06 20:00:00+00:00,0
2011-06-08,2011-06-07 05:30:00+00:00,2011-06-08 01:00:00+00:00,VALID,1,1,2011-06-07,2011-06-07T13:30:00+00:00,2011-06-07T20:00:00+00:00,2011-06-07 20:00:00+00:00,0
2011-06-09,2011-06-08 05:30:00+00:00,2011-06-09 01:00:00+00:00,VALID,1,1,2011-06-08,2011-06-08T13:30:00+00:00,2011-06-08T20:00:00+00:00,2011-06-08 20:00:00+00:00,0
2011-06-10,2011-06-09 05:30:00+00:00,2011-06-10 01:00:00+00:00,VALID,1,1,2011-06-09,2011-06-09T13:30:00+00:00,2011-06-09T20:00:00+00:00,2011-06-09 20:00:00+00:00,0
2011-06-13,2011-06-10 05:30:00+00:00,2011-06-13 01:00:00+00:00,VALID,1,1,2011-06-10,2011-06-10T13:30:00+00:00,2011-06-10T20:00:00+00:00,2011-06-10 20:00:00+00:00,0
2011-06-14,2011-06-13 05:30:00+00:00,2011-06-14 01:00:00+00:00,VALID,1,1,2011-06-13,2011-06-13T13:30:00+00:00,2011-06-13T20:00:00+00:00,2011-06-13 20:00:00+00:00,0
2011-06-15,2011-06-14 05:30:00+00:00,2011-06-15 01:00:00+00:00,VALID,1,1,2011-06-14,2011-06-14T13:30:00+00:00,2011-06-14T20:00:00+00:00,2011-06-14 20:00:00+00:00,0
2011-06-16,2011-06-15 05:30:00+00:00,2011-06-16 01:00:00+00:00,VALID,1,1,2011-06-15,2011-06-15T13:30:00+00:00,2011-06-15T20:00:00+00:00,2011-06-15 20:00:00+00:00,0
2011-06-17,2011-06-16 05:30:00+00:00,2011-06-17 01:00:00+00:00,VALID,1,1,2011-06-16,2011-06-16T13:30:00+00:00,2011-06-16T20:00:00+00:00,2011-06-16 20:00:00+00:00,0
2011-06-20,2011-06-17 05:30:00+00:00,2011-06-20 01:00:00+00:00,VALID,1,1,2011-06-17,2011-06-17T13:30:00+00:00,2011-06-17T20:00:00+00:00,2011-06-17 20:00:00+00:00,0
2011-06-21,2011-06-20 05:30:00+00:00,2011-06-21 01:00:00+00:00,VALID,1,1,2011-06-20,2011-06-20T13:30:00+00:00,2011-06-20T20:00:00+00:00,2011-06-20 20:00:00+00:00,0
2011-06-22,2011-06-21 05:30:00+00:00,2011-06-22 01:00:00+00:00,VALID,1,1,2011-06-21,2011-06-21T13:30:00+00:00,2011-06-21T20:00:00+00:00,2011-06-21 20:00:00+00:00,0
2011-06-23,2011-06-22 05:30:00+00:00,2011-06-23 01:00:00+00:00,VALID,1,1,2011-06-22,2011-06-22T13:30:00+00:00,2011-06-22T20:00:00+00:00,2011-06-22 20:00:00+00:00,0
2011-06-24,2011-06-23 05:30:00+00:00,2011-06-24 01:00:00+00:00,VALID,1,1,2011-06-23,2011-06-23T13:30:00+00:00,2011-06-23T20:00:00+00:00,2011-06-23 20:00:00+00:00,0
2011-06-27,2011-06-24 05:30:00+00:00,2011-06-27 01:00:00+00:00,VALID,1,1,2011-06-24,2011-06-24T13:30:00+00:00,2011-06-24T20:00:00+00:00,2011-06-24 20:00:00+00:00,0
2011-06-28,2011-06-27 05:30:00+00:00,2011-06-28 01:00:00+00:00,VALID,1,1,2011-06-27,2011-06-27T13:30:00+00:00,2011-06-27T20:00:00+00:00,2011-06-27 20:00:00+00:00,0
2011-06-29,2011-06-28 05:30:00+00:00,2011-06-29 01:00:00+00:00,VALID,1,1,2011-06-28,2011-06-28T13:30:00+00:00,2011-06-28T20:00:00+00:00,2011-06-28 20:00:00+00:00,0
2011-06-30,2011-06-29 05:30:00+00:00,2011-06-30 01:00:00+00:00,VALID,1,1,2011-06-29,2011-06-29T13:30:00+00:00,2011-06-29T20:00:00+00:00,2011-06-29 20:00:00+00:00,0
2011-07-01,2011-06-30 05:30:00+00:00,2011-07-01 01:00:00+00:00,VALID,1,1,2011-06-30,2011-06-30T13:30:00+00:00,2011-06-30T20:00:00+00:00,2011-06-30 20:00:00+00:00,0
2011-07-04,2011-07-01 05:30:00+00:00,2011-07-04 01:00:00+00:00,VALID,1,1,2011-07-01,2011-07-01T13:30:00+00:00,2011-07-01T20:00:00+00:00,2011-07-01 20:00:00+00:00,0
2011-07-05,2011-07-04 05:30:00+00:00,2011-07-05 01:00:00+00:00,EMPTY_US_WINDOW,0,0,,,,,0
2011-07-06,2011-07-05 05:30:00+00:00,2011-07-06 01:00:00+00:00,VALID,1,1,2011-07-05,2011-07-05T13:30:00+00:00,2011-07-05T20:00:00+00:00,2011-07-05 20:00:00+00:00,0
2011-07-07,2011-07-06 05:30:00+00:00,2011-07-07 01:00:00+00:00,VALID,1,1,2011-07-06,2011-07-06T13:30:00+00:00,2011-07-06T20:00:00+00:00,2011-07-06 20:00:00+00:00,0
2011-07-08,2011-07-07 05:30:00+00:00,2011-07-08 01:00:00+00:00,VALID,1,1,2011-07-07,2011-07-07T13:30:00+00:00,2011-07-07T20:00:00+00:00,2011-07-07 20:00:00+00:00,0
2011-07-11,2011-07-08 05:30:00+00:00,2011-07-11 01:00:00+00:00,VALID,1,1,2011-07-08,2011-07-08T13:30:00+00:00,2011-07-08T20:00:00+00:00,2011-07-08 20:00:00+00:00,0
2011-07-12,2011-07-11 05:30:00+00:00,2011-07-12 01:00:00+00:00,VALID,1,1,2011-07-11,2011-07-11T13:30:00+00:00,2011-07-11T20:00:00+00:00,2011-07-11 20:00:00+00:00,0
2011-07-13,2011-07-12 05:30:00+00:00,2011-07-13 01:00:00+00:00,VALID,1,1,2011-07-12,2011-07-12T13:30:00+00:00,2011-07-12T20:00:00+00:00,2011-07-12 20:00:00+00:00,0
2011-07-14,2011-07-13 05:30:00+00:00,2011-07-14 01:00:00+00:00,VALID,1,1,2011-07-13,2011-07-13T13:30:00+00:00,2011-07-13T20:00:00+00:00,2011-07-13 20:00:00+00:00,0
2011-07-15,2011-07-14 05:30:00+00:00,2011-07-15 01:00:00+00:00,VALID,1,1,2011-07-14,2011-07-14T13:30:00+00:00,2011-07-14T20:00:00+00:00,2011-07-14 20:00:00+00:00,0
2011-07-18,2011-07-15 05:30:00+00:00,2011-07-18 01:00:00+00:00,VALID,1,1,2011-07-15,2011-07-15T13:30:00+00:00,2011-07-15T20:00:00+00:00,2011-07-15 20:00:00+00:00,0
2011-07-19,2011-07-18 05:30:00+00:00,2011-07-19 01:00:00+00:00,VALID,1,1,2011-07-18,2011-07-18T13:30:00+00:00,2011-07-18T20:00:00+00:00,2011-07-18 20:00:00+00:00,0
2011-07-20,2011-07-19 05:30:00+00:00,2011-07-20 01:00:00+00:00,VALID,1,1,2011-07-19,2011-07-19T13:30:00+00:00,2011-07-19T20:00:00+00:00,2011-07-19 20:00:00+00:00,0
2011-07-21,2011-07-20 05:30:00+00:00,2011-07-21 01:00:00+00:00,VALID,1,1,2011-07-20,2011-07-20T13:30:00+00:00,2011-07-20T20:00:00+00:00,2011-07-20 20:00:00+00:00,0
2011-07-22,2011-07-21 05:30:00+00:00,2011-07-22 01:00:00+00:00,VALID,1,1,2011-07-21,2011-07-21T13:30:00+00:00,2011-07-21T20:00:00+00:00,2011-07-21 20:00:00+00:00,0
2011-07-25,2011-07-22 05:30:00+00:00,2011-07-25 01:00:00+00:00,VALID,1,1,2011-07-22,2011-07-22T13:30:00+00:00,2011-07-22T20:00:00+00:00,2011-07-22 20:00:00+00:00,0
2011-07-26,2011-07-25 05:30:00+00:00,2011-07-26 01:00:00+00:00,VALID,1,1,2011-07-25,2011-07-25T13:30:00+00:00,2011-07-25T20:00:00+00:00,2011-07-25 20:00:00+00:00,0
2011-07-27,2011-07-26 05:30:00+00:00,2011-07-27 01:00:00+00:00,VALID,1,1,2011-07-26,2011-07-26T13:30:00+00:00,2011-07-26T20:00:00+00:00,2011-07-26 20:00:00+00:00,0
2011-07-28,2011-07-27 05:30:00+00:00,2011-07-28 01:00:00+00:00,VALID,1,1,2011-07-27,2011-07-27T13:30:00+00:00,2011-07-27T20:00:00+00:00,2011-07-27 20:00:00+00:00,0
2011-07-29,2011-07-28 05:30:00+00:00,2011-07-29 01:00:00+00:00,VALID,1,1,2011-07-28,2011-07-28T13:30:00+00:00,2011-07-28T20:00:00+00:00,2011-07-28 20:00:00+00:00,0
2011-08-01,2011-07-29 05:30:00+00:00,2011-08-01 01:00:00+00:00,VALID,1,1,2011-07-29,2011-07-29T13:30:00+00:00,2011-07-29T20:00:00+00:00,2011-07-29 20:00:00+00:00,0
2011-08-02,2011-08-01 05:30:00+00:00,2011-08-02 01:00:00+00:00,VALID,1,1,2011-08-01,2011-08-01T13:30:00+00:00,2011-08-01T20:00:00+00:00,2011-08-01 20:00:00+00:00,0
2011-08-03,2011-08-02 05:30:00+00:00,2011-08-03 01:00:00+00:00,VALID,1,1,2011-08-02,2011-08-02T13:30:00+00:00,2011-08-02T20:00:00+00:00,2011-08-02 20:00:00+00:00,0
2011-08-04,2011-08-03 05:30:00+00:00,2011-08-04 01:00:00+00:00,VALID,1,1,2011-08-03,2011-08-03T13:30:00+00:00,2011-08-03T20:00:00+00:00,2011-08-03 20:00:00+00:00,0
2011-08-05,2011-08-04 05:30:00+00:00,2011-08-05 01:00:00+00:00,VALID,1,1,2011-08-04,2011-08-04T13:30:00+00:00,2011-08-04T20:00:00+00:00,2011-08-04 20:00:00+00:00,0
2011-08-08,2011-08-05 05:30:00+00:00,2011-08-08 01:00:00+00:00,VALID,1,1,2011-08-05,2011-08-05T13:30:00+00:00,2011-08-05T20:00:00+00:00,2011-08-05 20:00:00+00:00,0
2011-08-09,2011-08-08 05:30:00+00:00,2011-08-09 01:00:00+00:00,VALID,1,1,2011-08-08,2011-08-08T13:30:00+00:00,2011-08-08T20:00:00+00:00,2011-08-08 20:00:00+00:00,0
2011-08-10,2011-08-09 05:30:00+00:00,2011-08-10 01:00:00+00:00,VALID,1,1,2011-08-09,2011-08-09T13:30:00+00:00,2011-08-09T20:00:00+00:00,2011-08-09 20:00:00+00:00,0
2011-08-11,2011-08-10 05:30:00+00:00,2011-08-11 01:00:00+00:00,VALID,1,1,2011-08-10,2011-08-10T13:30:00+00:00,2011-08-10T20:00:00+00:00,2011-08-10 20:00:00+00:00,0
2011-08-12,2011-08-11 05:30:00+00:00,2011-08-12 01:00:00+00:00,VALID,1,1,2011-08-11,2011-08-11T13:30:00+00:00,2011-08-11T20:00:00+00:00,2011-08-11 20:00:00+00:00,0
2011-08-15,2011-08-12 05:30:00+00:00,2011-08-15 01:00:00+00:00,VALID,1,1,2011-08-12,2011-08-12T13:30:00+00:00,2011-08-12T20:00:00+00:00,2011-08-12 20:00:00+00:00,0
2011-08-16,2011-08-15 05:30:00+00:00,2011-08-16 01:00:00+00:00,VALID,1,1,2011-08-15,2011-08-15T13:30:00+00:00,2011-08-15T20:00:00+00:00,2011-08-15 20:00:00+00:00,0
2011-08-17,2011-08-16 05:30:00+00:00,2011-08-17 01:00:00+00:00,VALID,1,1,2011-08-16,2011-08-16T13:30:00+00:00,2011-08-16T20:00:00+00:00,2011-08-16 20:00:00+00:00,0
2011-08-18,2011-08-17 05:30:00+00:00,2011-08-18 01:00:00+00:00,VALID,1,1,2011-08-17,2011-08-17T13:30:00+00:00,2011-08-17T20:00:00+00:00,2011-08-17 20:00:00+00:00,0
2011-08-19,2011-08-18 05:30:00+00:00,2011-08-19 01:00:00+00:00,VALID,1,1,2011-08-18,2011-08-18T13:30:00+00:00,2011-08-18T20:00:00+00:00,2011-08-18 20:00:00+00:00,0
2011-08-22,2011-08-19 05:30:00+00:00,2011-08-22 01:00:00+00:00,VALID,1,1,2011-08-19,2011-08-19T13:30:00+00:00,2011-08-19T20:00:00+00:00,2011-08-19 20:00:00+00:00,0
2011-08-23,2011-08-22 05:30:00+00:00,2011-08-23 01:00:00+00:00,VALID,1,1,2011-08-22,2011-08-22T13:30:00+00:00,2011-08-22T20:00:00+00:00,2011-08-22 20:00:00+00:00,0
2011-08-24,2011-08-23 05:30:00+00:00,2011-08-24 01:00:00+00:00,VALID,1,1,2011-08-23,2011-08-23T13:30:00+00:00,2011-08-23T20:00:00+00:00,2011-08-23 20:00:00+00:00,0
2011-08-25,2011-08-24 05:30:00+00:00,2011-08-25 01:00:00+00:00,VALID,1,1,2011-08-24,2011-08-24T13:30:00+00:00,2011-08-24T20:00:00+00:00,2011-08-24 20:00:00+00:00,0
2011-08-26,2011-08-25 05:30:00+00:00,2011-08-26 01:00:00+00:00,VALID,1,1,2011-08-25,2011-08-25T13:30:00+00:00,2011-08-25T20:00:00+00:00,2011-08-25 20:00:00+00:00,0
2011-08-29,2011-08-26 05:30:00+00:00,2011-08-29 01:00:00+00:00,VALID,1,1,2011-08-26,2011-08-26T13:30:00+00:00,2011-08-26T20:00:00+00:00,2011-08-26 20:00:00+00:00,0
2011-08-30,2011-08-29 05:30:00+00:00,2011-08-30 01:00:00+00:00,VALID,1,1,2011-08-29,2011-08-29T13:30:00+00:00,2011-08-29T20:00:00+00:00,2011-08-29 20:00:00+00:00,0
2011-08-31,2011-08-30 05:30:00+00:00,2011-08-31 01:00:00+00:00,VALID,1,1,2011-08-30,2011-08-30T13:30:00+00:00,2011-08-30T20:00:00+00:00,2011-08-30 20:00:00+00:00,0
2011-09-01,2011-08-31 05:30:00+00:00,2011-09-01 01:00:00+00:00,VALID,1,1,2011-08-31,2011-08-31T13:30:00+00:00,2011-08-31T20:00:00+00:00,2011-08-31 20:00:00+00:00,0
2011-09-02,2011-09-01 05:30:00+00:00,2011-09-02 01:00:00+00:00,VALID,1,1,2011-09-01,2011-09-01T13:30:00+00:00,2011-09-01T20:00:00+00:00,2011-09-01 20:00:00+00:00,0
2011-09-05,2011-09-02 05:30:00+00:00,2011-09-05 01:00:00+00:00,VALID,1,1,2011-09-02,2011-09-02T13:30:00+00:00,2011-09-02T20:00:00+00:00,2011-09-02 20:00:00+00:00,0
2011-09-06,2011-09-05 05:30:00+00:00,2011-09-06 01:00:00+00:00,EMPTY_US_WINDOW,0,0,,,,,0
2011-09-07,2011-09-06 05:30:00+00:00,2011-09-07 01:00:00+00:00,VALID,1,1,2011-09-06,2011-09-06T13:30:00+00:00,2011-09-06T20:00:00+00:00,2011-09-06 20:00:00+00:00,0
2011-09-08,2011-09-07 05:30:00+00:00,2011-09-08 01:00:00+00:00,VALID,1,1,2011-09-07,2011-09-07T13:30:00+00:00,2011-09-07T20:00:00+00:00,2011-09-07 20:00:00+00:00,0
2011-09-09,2011-09-08 05:30:00+00:00,2011-09-09 01:00:00+00:00,VALID,1,1,2011-09-08,2011-09-08T13:30:00+00:00,2011-09-08T20:00:00+00:00,2011-09-08 20:00:00+00:00,0
2011-09-13,2011-09-09 05:30:00+00:00,2011-09-13 01:00:00+00:00,VALID,2,2,2011-09-09;2011-09-12,2011-09-09T13:30:00+00:00;2011-09-12T13:30:00+00:00,2011-09-09T20:00:00+00:00;2011-09-12T20:00:00+00:00,2011-09-12 20:00:00+00:00,0
2011-09-14,2011-09-13 05:30:00+00:00,2011-09-14 01:00:00+00:00,VALID,1,1,2011-09-13,2011-09-13T13:30:00+00:00,2011-09-13T20:00:00+00:00,2011-09-13 20:00:00+00:00,0
2011-09-15,2011-09-14 05:30:00+00:00,2011-09-15 01:00:00+00:00,VALID,1,1,2011-09-14,2011-09-14T13:30:00+00:00,2011-09-14T20:00:00+00:00,2011-09-14 20:00:00+00:00,0
2011-09-16,2011-09-15 05:30:00+00:00,2011-09-16 01:00:00+00:00,VALID,1,1,2011-09-15,2011-09-15T13:30:00+00:00,2011-09-15T20:00:00+00:00,2011-09-15 20:00:00+00:00,0
2011-09-19,2011-09-16 05:30:00+00:00,2011-09-19 01:00:00+00:00,VALID,1,1,2011-09-16,2011-09-16T13:30:00+00:00,2011-09-16T20:00:00+00:00,2011-09-16 20:00:00+00:00,0
2011-09-20,2011-09-19 05:30:00+00:00,2011-09-20 01:00:00+00:00,VALID,1,1,2011-09-19,2011-09-19T13:30:00+00:00,2011-09-19T20:00:00+00:00,2011-09-19 20:00:00+00:00,0
2011-09-21,2011-09-20 05:30:00+00:00,2011-09-21 01:00:00+00:00,VALID,1,1,2011-09-20,2011-09-20T13:30:00+00:00,2011-09-20T20:00:00+00:00,2011-09-20 20:00:00+00:00,0
2011-09-22,2011-09-21 05:30:00+00:00,2011-09-22 01:00:00+00:00,VALID,1,1,2011-09-21,2011-09-21T13:30:00+00:00,2011-09-21T20:00:00+00:00,2011-09-21 20:00:00+00:00,0
2011-09-23,2011-09-22 05:30:00+00:00,2011-09-23 01:00:00+00:00,VALID,1,1,2011-09-22,2011-09-22T13:30:00+00:00,2011-09-22T20:00:00+00:00,2011-09-22 20:00:00+00:00,0
2011-09-26,2011-09-23 05:30:00+00:00,2011-09-26 01:00:00+00:00,VALID,1,1,2011-09-23,2011-09-23T13:30:00+00:00,2011-09-23T20:00:00+00:00,2011-09-23 20:00:00+00:00,0
2011-09-27,2011-09-26 05:30:00+00:00,2011-09-27 01:00:00+00:00,VALID,1,1,2011-09-26,2011-09-26T13:30:00+00:00,2011-09-26T20:00:00+00:00,2011-09-26 20:00:00+00:00,0
2011-09-28,2011-09-27 05:30:00+00:00,2011-09-28 01:00:00+00:00,VALID,1,1,2011-09-27,2011-09-27T13:30:00+00:00,2011-09-27T20:00:00+00:00,2011-09-27 20:00:00+00:00,0
2011-09-29,2011-09-28 05:30:00+00:00,2011-09-29 01:00:00+00:00,VALID,1,1,2011-09-28,2011-09-28T13:30:00+00:00,2011-09-28T20:00:00+00:00,2011-09-28 20:00:00+00:00,0
2011-09-30,2011-09-29 05:30:00+00:00,2011-09-30 01:00:00+00:00,VALID,1,1,2011-09-29,2011-09-29T13:30:00+00:00,2011-09-29T20:00:00+00:00,2011-09-29 20:00:00+00:00,0
2011-10-03,2011-09-30 05:30:00+00:00,2011-10-03 01:00:00+00:00,VALID,1,1,2011-09-30,2011-09-30T13:30:00+00:00,2011-09-30T20:00:00+00:00,2011-09-30 20:00:00+00:00,0
2011-10-04,2011-10-03 05:30:00+00:00,2011-10-04 01:00:00+00:00,VALID,1,1,2011-10-03,2011-10-03T13:30:00+00:00,2011-10-03T20:00:00+00:00,2011-10-03 20:00:00+00:00,0
2011-10-05,2011-10-04 05:30:00+00:00,2011-10-05 01:00:00+00:00,VALID,1,1,2011-10-04,2011-10-04T13:30:00+00:00,2011-10-04T20:00:00+00:00,2011-10-04 20:00:00+00:00,0
2011-10-06,2011-10-05 05:30:00+00:00,2011-10-06 01:00:00+00:00,VALID,1,1,2011-10-05,2011-10-05T13:30:00+00:00,2011-10-05T20:00:00+00:00,2011-10-05 20:00:00+00:00,0
2011-10-07,2011-10-06 05:30:00+00:00,2011-10-07 01:00:00+00:00,VALID,1,1,2011-10-06,2011-10-06T13:30:00+00:00,2011-10-06T20:00:00+00:00,2011-10-06 20:00:00+00:00,0
2011-10-11,2011-10-07 05:30:00+00:00,2011-10-11 01:00:00+00:00,VALID,2,2,2011-10-07;2011-10-10,2011-10-07T13:30:00+00:00;2011-10-10T13:30:00+00:00,2011-10-07T20:00:00+00:00;2011-10-10T20:00:00+00:00,2011-10-10 20:00:00+00:00,0
2011-10-12,2011-10-11 05:30:00+00:00,2011-10-12 01:00:00+00:00,VALID,1,1,2011-10-11,2011-10-11T13:30:00+00:00,2011-10-11T20:00:00+00:00,2011-10-11 20:00:00+00:00,0
2011-10-13,2011-10-12 05:30:00+00:00,2011-10-13 01:00:00+00:00,VALID,1,1,2011-10-12,2011-10-12T13:30:00+00:00,2011-10-12T20:00:00+00:00,2011-10-12 20:00:00+00:00,0
2011-10-14,2011-10-13 05:30:00+00:00,2011-10-14 01:00:00+00:00,VALID,1,1,2011-10-13,2011-10-13T13:30:00+00:00,2011-10-13T20:00:00+00:00,2011-10-13 20:00:00+00:00,0
2011-10-17,2011-10-14 05:30:00+00:00,2011-10-17 01:00:00+00:00,VALID,1,1,2011-10-14,2011-10-14T13:30:00+00:00,2011-10-14T20:00:00+00:00,2011-10-14 20:00:00+00:00,0
2011-10-18,2011-10-17 05:30:00+00:00,2011-10-18 01:00:00+00:00,VALID,1,1,2011-10-17,2011-10-17T13:30:00+00:00,2011-10-17T20:00:00+00:00,2011-10-17 20:00:00+00:00,0
2011-10-19,2011-10-18 05:30:00+00:00,2011-10-19 01:00:00+00:00,VALID,1,1,2011-10-18,2011-10-18T13:30:00+00:00,2011-10-18T20:00:00+00:00,2011-10-18 20:00:00+00:00,0
2011-10-20,2011-10-19 05:30:00+00:00,2011-10-20 01:00:00+00:00,VALID,1,1,2011-10-19,2011-10-19T13:30:00+00:00,2011-10-19T20:00:00+00:00,2011-10-19 20:00:00+00:00,0
2011-10-21,2011-10-20 05:30:00+00:00,2011-10-21 01:00:00+00:00,VALID,1,1,2011-10-20,2011-10-20T13:30:00+00:00,2011-10-20T20:00:00+00:00,2011-10-20 20:00:00+00:00,0
2011-10-24,2011-10-21 05:30:00+00:00,2011-10-24 01:00:00+00:00,VALID,1,1,2011-10-21,2011-10-21T13:30:00+00:00,2011-10-21T20:00:00+00:00,2011-10-21 20:00:00+00:00,0
2011-10-25,2011-10-24 05:30:00+00:00,2011-10-25 01:00:00+00:00,VALID,1,1,2011-10-24,2011-10-24T13:30:00+00:00,2011-10-24T20:00:00+00:00,2011-10-24 20:00:00+00:00,0
2011-10-26,2011-10-25 05:30:00+00:00,2011-10-26 01:00:00+00:00,VALID,1,1,2011-10-25,2011-10-25T13:30:00+00:00,2011-10-25T20:00:00+00:00,2011-10-25 20:00:00+00:00,0
2011-10-27,2011-10-26 05:30:00+00:00,2011-10-27 01:00:00+00:00,VALID,1,1,2011-10-26,2011-10-26T13:30:00+00:00,2011-10-26T20:00:00+00:00,2011-10-26 20:00:00+00:00,0
2011-10-28,2011-10-27 05:30:00+00:00,2011-10-28 01:00:00+00:00,VALID,1,1,2011-10-27,2011-10-27T13:30:00+00:00,2011-10-27T20:00:00+00:00,2011-10-27 20:00:00+00:00,0
2011-10-31,2011-10-28 05:30:00+00:00,2011-10-31 01:00:00+00:00,VALID,1,1,2011-10-28,2011-10-28T13:30:00+00:00,2011-10-28T20:00:00+00:00,2011-10-28 20:00:00+00:00,0
2011-11-01,2011-10-31 05:30:00+00:00,2011-11-01 01:00:00+00:00,VALID,1,1,2011-10-31,2011-10-31T13:30:00+00:00,2011-10-31T20:00:00+00:00,2011-10-31 20:00:00+00:00,0
2011-11-02,2011-11-01 05:30:00+00:00,2011-11-02 01:00:00+00:00,VALID,1,1,2011-11-01,2011-11-01T13:30:00+00:00,2011-11-01T20:00:00+00:00,2011-11-01 20:00:00+00:00,0
2011-11-03,2011-11-02 05:30:00+00:00,2011-11-03 01:00:00+00:00,VALID,1,1,2011-11-02,2011-11-02T13:30:00+00:00,2011-11-02T20:00:00+00:00,2011-11-02 20:00:00+00:00,0
2011-11-04,2011-11-03 05:30:00+00:00,2011-11-04 01:00:00+00:00,VALID,1,1,2011-11-03,2011-11-03T13:30:00+00:00,2011-11-03T20:00:00+00:00,2011-11-03 20:00:00+00:00,0
2011-11-07,2011-11-04 05:30:00+00:00,2011-11-07 01:00:00+00:00,VALID,1,1,2011-11-04,2011-11-04T13:30:00+00:00,2011-11-04T20:00:00+00:00,2011-11-04 20:00:00+00:00,0
2011-11-08,2011-11-07 05:30:00+00:00,2011-11-08 01:00:00+00:00,VALID,1,1,2011-11-07,2011-11-07T14:30:00+00:00,2011-11-07T21:00:00+00:00,2011-11-07 21:00:00+00:00,0
2011-11-09,2011-11-08 05:30:00+00:00,2011-11-09 01:00:00+00:00,VALID,1,1,2011-11-08,2011-11-08T14:30:00+00:00,2011-11-08T21:00:00+00:00,2011-11-08 21:00:00+00:00,0
2011-11-10,2011-11-09 05:30:00+00:00,2011-11-10 01:00:00+00:00,VALID,1,1,2011-11-09,2011-11-09T14:30:00+00:00,2011-11-09T21:00:00+00:00,2011-11-09 21:00:00+00:00,0
2011-11-11,2011-11-10 05:30:00+00:00,2011-11-11 01:00:00+00:00,VALID,1,1,2011-11-10,2011-11-10T14:30:00+00:00,2011-11-10T21:00:00+00:00,2011-11-10 21:00:00+00:00,0
2011-11-14,2011-11-11 05:30:00+00:00,2011-11-14 01:00:00+00:00,VALID,1,1,2011-11-11,2011-11-11T14:30:00+00:00,2011-11-11T21:00:00+00:00,2011-11-11 21:00:00+00:00,0
2011-11-15,2011-11-14 05:30:00+00:00,2011-11-15 01:00:00+00:00,VALID,1,1,2011-11-14,2011-11-14T14:30:00+00:00,2011-11-14T21:00:00+00:00,2011-11-14 21:00:00+00:00,0
2011-11-16,2011-11-15 05:30:00+00:00,2011-11-16 01:00:00+00:00,VALID,1,1,2011-11-15,2011-11-15T14:30:00+00:00,2011-11-15T21:00:00+00:00,2011-11-15 21:00:00+00:00,0
2011-11-17,2011-11-16 05:30:00+00:00,2011-11-17 01:00:00+00:00,VALID,1,1,2011-11-16,2011-11-16T14:30:00+00:00,2011-11-16T21:00:00+00:00,2011-11-16 21:00:00+00:00,0
2011-11-18,2011-11-17 05:30:00+00:00,2011-11-18 01:00:00+00:00,VALID,1,1,2011-11-17,2011-11-17T14:30:00+00:00,2011-11-17T21:00:00+00:00,2011-11-17 21:00:00+00:00,0
2011-11-21,2011-11-18 05:30:00+00:00,2011-11-21 01:00:00+00:00,VALID,1,1,2011-11-18,2011-11-18T14:30:00+00:00,2011-11-18T21:00:00+00:00,2011-11-18 21:00:00+00:00,0
2011-11-22,2011-11-21 05:30:00+00:00,2011-11-22 01:00:00+00:00,VALID,1,1,2011-11-21,2011-11-21T14:30:00+00:00,2011-11-21T21:00:00+00:00,2011-11-21 21:00:00+00:00,0
2011-11-23,2011-11-22 05:30:00+00:00,2011-11-23 01:00:00+00:00,VALID,1,1,2011-11-22,2011-11-22T14:30:00+00:00,2011-11-22T21:00:00+00:00,2011-11-22 21:00:00+00:00,0
2011-11-24,2011-11-23 05:30:00+00:00,2011-11-24 01:00:00+00:00,VALID,1,1,2011-11-23,2011-11-23T14:30:00+00:00,2011-11-23T21:00:00+00:00,2011-11-23 21:00:00+00:00,0
2011-11-25,2011-11-24 05:30:00+00:00,2011-11-25 01:00:00+00:00,EMPTY_US_WINDOW,0,0,,,,,0
2011-11-28,2011-11-25 05:30:00+00:00,2011-11-28 01:00:00+00:00,VALID,1,1,2011-11-25,2011-11-25T14:30:00+00:00,2011-11-25T18:00:00+00:00,2011-11-25 18:00:00+00:00,1
2011-11-29,2011-11-28 05:30:00+00:00,2011-11-29 01:00:00+00:00,VALID,1,1,2011-11-28,2011-11-28T14:30:00+00:00,2011-11-28T21:00:00+00:00,2011-11-28 21:00:00+00:00,0
2011-11-30,2011-11-29 05:30:00+00:00,2011-11-30 01:00:00+00:00,VALID,1,1,2011-11-29,2011-11-29T14:30:00+00:00,2011-11-29T21:00:00+00:00,2011-11-29 21:00:00+00:00,0
2011-12-01,2011-11-30 05:30:00+00:00,2011-12-01 01:00:00+00:00,VALID,1,1,2011-11-30,2011-11-30T14:30:00+00:00,2011-11-30T21:00:00+00:00,2011-11-30 21:00:00+00:00,0
2011-12-02,2011-12-01 05:30:00+00:00,2011-12-02 01:00:00+00:00,VALID,1,1,2011-12-01,2011-12-01T14:30:00+00:00,2011-12-01T21:00:00+00:00,2011-12-01 21:00:00+00:00,0
2011-12-05,2011-12-02 05:30:00+00:00,2011-12-05 01:00:00+00:00,VALID,1,1,2011-12-02,2011-12-02T14:30:00+00:00,2011-12-02T21:00:00+00:00,2011-12-02 21:00:00+00:00,0
2011-12-06,2011-12-05 05:30:00+00:00,2011-12-06 01:00:00+00:00,VALID,1,1,2011-12-05,2011-12-05T14:30:00+00:00,2011-12-05T21:00:00+00:00,2011-12-05 21:00:00+00:00,0
2011-12-07,2011-12-06 05:30:00+00:00,2011-12-07 01:00:00+00:00,VALID,1,1,2011-12-06,2011-12-06T14:30:00+00:00,2011-12-06T21:00:00+00:00,2011-12-06 21:00:00+00:00,0
2011-12-08,2011-12-07 05:30:00+00:00,2011-12-08 01:00:00+00:00,VALID,1,1,2011-12-07,2011-12-07T14:30:00+00:00,2011-12-07T21:00:00+00:00,2011-12-07 21:00:00+00:00,0
2011-12-09,2011-12-08 05:30:00+00:00,2011-12-09 01:00:00+00:00,VALID,1,1,2011-12-08,2011-12-08T14:30:00+00:00,2011-12-08T21:00:00+00:00,2011-12-08 21:00:00+00:00,0
2011-12-12,2011-12-09 05:30:00+00:00,2011-12-12 01:00:00+00:00,VALID,1,1,2011-12-09,2011-12-09T14:30:00+00:00,2011-12-09T21:00:00+00:00,2011-12-09 21:00:00+00:00,0
2011-12-13,2011-12-12 05:30:00+00:00,2011-12-13 01:00:00+00:00,VALID,1,1,2011-12-12,2011-12-12T14:30:00+00:00,2011-12-12T21:00:00+00:00,2011-12-12 21:00:00+00:00,0
2011-12-14,2011-12-13 05:30:00+00:00,2011-12-14 01:00:00+00:00,VALID,1,1,2011-12-13,2011-12-13T14:30:00+00:00,2011-12-13T21:00:00+00:00,2011-12-13 21:00:00+00:00,0
2011-12-15,2011-12-14 05:30:00+00:00,2011-12-15 01:00:00+00:00,VALID,1,1,2011-12-14,2011-12-14T14:30:00+00:00,2011-12-14T21:00:00+00:00,2011-12-14 21:00:00+00:00,0
2011-12-16,2011-12-15 05:30:00+00:00,2011-12-16 01:00:00+00:00,VALID,1,1,2011-12-15,2011-12-15T14:30:00+00:00,2011-12-15T21:00:00+00:00,2011-12-15 21:00:00+00:00,0
2011-12-19,2011-12-16 05:30:00+00:00,2011-12-19 01:00:00+00:00,VALID,1,1,2011-12-16,2011-12-16T14:30:00+00:00,2011-12-16T21:00:00+00:00,2011-12-16 21:00:00+00:00,0
2011-12-20,2011-12-19 05:30:00+00:00,2011-12-20 01:00:00+00:00,VALID,1,1,2011-12-19,2011-12-19T14:30:00+00:00,2011-12-19T21:00:00+00:00,2011-12-19 21:00:00+00:00,0
2011-12-21,2011-12-20 05:30:00+00:00,2011-12-21 01:00:00+00:00,VALID,1,1,2011-12-20,2011-12-20T14:30:00+00:00,2011-12-20T21:00:00+00:00,2011-12-20 21:00:00+00:00,0
2011-12-22,2011-12-21 05:30:00+00:00,2011-12-22 01:00:00+00:00,VALID,1,1,2011-12-21,2011-12-21T14:30:00+00:00,2011-12-21T21:00:00+00:00,2011-12-21 21:00:00+00:00,0
2011-12-23,2011-12-22 05:30:00+00:00,2011-12-23 01:00:00+00:00,VALID,1,1,2011-12-22,2011-12-22T14:30:00+00:00,2011-12-22T21:00:00+00:00,2011-12-22 21:00:00+00:00,0
2011-12-26,2011-12-23 05:30:00+00:00,2011-12-26 01:00:00+00:00,VALID,1,1,2011-12-23,2011-12-23T14:30:00+00:00,2011-12-23T21:00:00+00:00,2011-12-23 21:00:00+00:00,0
2011-12-27,2011-12-26 05:30:00+00:00,2011-12-27 01:00:00+00:00,EMPTY_US_WINDOW,0,0,,,,,0
2011-12-28,2011-12-27 05:30:00+00:00,2011-12-28 01:00:00+00:00,VALID,1,1,2011-12-27,2011-12-27T14:30:00+00:00,2011-12-27T21:00:00+00:00,2011-12-27 21:00:00+00:00,0
2011-12-29,2011-12-28 05:30:00+00:00,2011-12-29 01:00:00+00:00,VALID,1,1,2011-12-28,2011-12-28T14:30:00+00:00,2011-12-28T21:00:00+00:00,2011-12-28 21:00:00+00:00,0
2011-12-30,2011-12-29 05:30:00+00:00,2011-12-30 01:00:00+00:00,VALID,1,1,2011-12-29,2011-12-29T14:30:00+00:00,2011-12-29T21:00:00+00:00,2011-12-29 21:00:00+00:00,0
2012-01-02,2011-12-30 05:30:00+00:00,2012-01-02 01:00:00+00:00,VALID,1,1,2011-12-30,2011-12-30T14:30:00+00:00,2011-12-30T21:00:00+00:00,2011-12-30 21:00:00+00:00,0
2012-01-03,2012-01-02 05:30:00+00:00,2012-01-03 01:00:00+00:00,EMPTY_US_WINDOW,0,0,,,,,0
2012-01-04,2012-01-03 05:30:00+00:00,2012-01-04 01:00:00+00:00,VALID,1,1,2012-01-03,2012-01-03T14:30:00+00:00,2012-01-03T21:00:00+00:00,2012-01-03 21:00:00+00:00,0
2012-01-05,2012-01-04 05:30:00+00:00,2012-01-05 01:00:00+00:00,VALID,1,1,2012-01-04,2012-01-04T14:30:00+00:00,2012-01-04T21:00:00+00:00,2012-01-04 21:00:00+00:00,0
2012-01-06,2012-01-05 05:30:00+00:00,2012-01-06 01:00:00+00:00,VALID,1,1,2012-01-05,2012-01-05T14:30:00+00:00,2012-01-05T21:00:00+00:00,2012-01-05 21:00:00+00:00,0
2012-01-09,2012-01-06 05:30:00+00:00,2012-01-09 01:00:00+00:00,VALID,1,1,2012-01-06,2012-01-06T14:30:00+00:00,2012-01-06T21:00:00+00:00,2012-01-06 21:00:00+00:00,0
2012-01-10,2012-01-09 05:30:00+00:00,2012-01-10 01:00:00+00:00,VALID,1,1,2012-01-09,2012-01-09T14:30:00+00:00,2012-01-09T21:00:00+00:00,2012-01-09 21:00:00+00:00,0
2012-01-11,2012-01-10 05:30:00+00:00,2012-01-11 01:00:00+00:00,VALID,1,1,2012-01-10,2012-01-10T14:30:00+00:00,2012-01-10T21:00:00+00:00,2012-01-10 21:00:00+00:00,0
2012-01-12,2012-01-11 05:30:00+00:00,2012-01-12 01:00:00+00:00,VALID,1,1,2012-01-11,2012-01-11T14:30:00+00:00,2012-01-11T21:00:00+00:00,2012-01-11 21:00:00+00:00,0
2012-01-13,2012-01-12 05:30:00+00:00,2012-01-13 01:00:00+00:00,VALID,1,1,2012-01-12,2012-01-12T14:30:00+00:00,2012-01-12T21:00:00+00:00,2012-01-12 21:00:00+00:00,0
2012-01-16,2012-01-13 05:30:00+00:00,2012-01-16 01:00:00+00:00,VALID,1,1,2012-01-13,2012-01-13T14:30:00+00:00,2012-01-13T21:00:00+00:00,2012-01-13 21:00:00+00:00,0
2012-01-17,2012-01-16 05:30:00+00:00,2012-01-17 01:00:00+00:00,EMPTY_US_WINDOW,0,0,,,,,0
2012-01-18,2012-01-17 05:30:00+00:00,2012-01-18 01:00:00+00:00,VALID,1,1,2012-01-17,2012-01-17T14:30:00+00:00,2012-01-17T21:00:00+00:00,2012-01-17 21:00:00+00:00,0
2012-01-30,2012-01-18 05:30:00+00:00,2012-01-30 01:00:00+00:00,VALID,8,8,2012-01-18;2012-01-19;2012-01-20;2012-01-23;2012-01-24;2012-01-25;2012-01-26;2012-01-27,2012-01-18T14:30:00+00:00;2012-01-19T14:30:00+00:00;2012-01-20T14:30:00+00:00;2012-01-23T14:30:00+00:00;2012-01-24T14:30:00+00:00;2012-01-25T14:30:00+00:00;2012-01-26T14:30:00+00:00;2012-01-27T14:30:00+00:00,2012-01-18T21:00:00+00:00;2012-01-19T21:00:00+00:00;2012-01-20T21:00:00+00:00;2012-01-23T21:00:00+00:00;2012-01-24T21:00:00+00:00;2012-01-25T21:00:00+00:00;2012-01-26T21:00:00+00:00;2012-01-27T21:00:00+00:00,2012-01-27 21:00:00+00:00,0
2012-01-31,2012-01-30 05:30:00+00:00,2012-01-31 01:00:00+00:00,VALID,1,1,2012-01-30,2012-01-30T14:30:00+00:00,2012-01-30T21:00:00+00:00,2012-01-30 21:00:00+00:00,0
2012-02-01,2012-01-31 05:30:00+00:00,2012-02-01 01:00:00+00:00,VALID,1,1,2012-01-31,2012-01-31T14:30:00+00:00,2012-01-31T21:00:00+00:00,2012-01-31 21:00:00+00:00,0
2012-02-02,2012-02-01 05:30:00+00:00,2012-02-02 01:00:00+00:00,VALID,1,1,2012-02-01,2012-02-01T14:30:00+00:00,2012-02-01T21:00:00+00:00,2012-02-01 21:00:00+00:00,0
2012-02-03,2012-02-02 05:30:00+00:00,2012-02-03 01:00:00+00:00,VALID,1,1,2012-02-02,2012-02-02T14:30:00+00:00,2012-02-02T21:00:00+00:00,2012-02-02 21:00:00+00:00,0
2012-02-04,2012-02-03 05:30:00+00:00,2012-02-04 01:00:00+00:00,VALID,1,1,2012-02-03,2012-02-03T14:30:00+00:00,2012-02-03T21:00:00+00:00,2012-02-03 21:00:00+00:00,0
2012-02-06,2012-02-04 05:30:00+00:00,2012-02-06 01:00:00+00:00,EMPTY_US_WINDOW,0,0,,,,,0
2012-02-07,2012-02-06 05:30:00+00:00,2012-02-07 01:00:00+00:00,VALID,1,1,2012-02-06,2012-02-06T14:30:00+00:00,2012-02-06T21:00:00+00:00,2012-02-06 21:00:00+00:00,0
2012-02-08,2012-02-07 05:30:00+00:00,2012-02-08 01:00:00+00:00,VALID,1,1,2012-02-07,2012-02-07T14:30:00+00:00,2012-02-07T21:00:00+00:00,2012-02-07 21:00:00+00:00,0
2012-02-09,2012-02-08 05:30:00+00:00,2012-02-09 01:00:00+00:00,VALID,1,1,2012-02-08,2012-02-08T14:30:00+00:00,2012-02-08T21:00:00+00:00,2012-02-08 21:00:00+00:00,0
2012-02-10,2012-02-09 05:30:00+00:00,2012-02-10 01:00:00+00:00,VALID,1,1,2012-02-09,2012-02-09T14:30:00+00:00,2012-02-09T21:00:00+00:00,2012-02-09 21:00:00+00:00,0
2012-02-13,2012-02-10 05:30:00+00:00,2012-02-13 01:00:00+00:00,VALID,1,1,2012-02-10,2012-02-10T14:30:00+00:00,2012-02-10T21:00:00+00:00,2012-02-10 21:00:00+00:00,0
2012-02-14,2012-02-13 05:30:00+00:00,2012-02-14 01:00:00+00:00,VALID,1,1,2012-02-13,2012-02-13T14:30:00+00:00,2012-02-13T21:00:00+00:00,2012-02-13 21:00:00+00:00,0
2012-02-15,2012-02-14 05:30:00+00:00,2012-02-15 01:00:00+00:00,VALID,1,1,2012-02-14,2012-02-14T14:30:00+00:00,2012-02-14T21:00:00+00:00,2012-02-14 21:00:00+00:00,0
2012-02-16,2012-02-15 05:30:00+00:00,2012-02-16 01:00:00+00:00,VALID,1,1,2012-02-15,2012-02-15T14:30:00+00:00,2012-02-15T21:00:00+00:00,2012-02-15 21:00:00+00:00,0
2012-02-17,2012-02-16 05:30:00+00:00,2012-02-17 01:00:00+00:00,VALID,1,1,2012-02-16,2012-02-16T14:30:00+00:00,2012-02-16T21:00:00+00:00,2012-02-16 21:00:00+00:00,0
2012-02-20,2012-02-17 05:30:00+00:00,2012-02-20 01:00:00+00:00,VALID,1,1,2012-02-17,2012-02-17T14:30:00+00:00,2012-02-17T21:00:00+00:00,2012-02-17 21:00:00+00:00,0
2012-02-21,2012-02-20 05:30:00+00:00,2012-02-21 01:00:00+00:00,EMPTY_US_WINDOW,0,0,,,,,0
2012-02-22,2012-02-21 05:30:00+00:00,2012-02-22 01:00:00+00:00,VALID,1,1,2012-02-21,2012-02-21T14:30:00+00:00,2012-02-21T21:00:00+00:00,2012-02-21 21:00:00+00:00,0
2012-02-23,2012-02-22 05:30:00+00:00,2012-02-23 01:00:00+00:00,VALID,1,1,2012-02-22,2012-02-22T14:30:00+00:00,2012-02-22T21:00:00+00:00,2012-02-22 21:00:00+00:00,0
2012-02-24,2012-02-23 05:30:00+00:00,2012-02-24 01:00:00+00:00,VALID,1,1,2012-02-23,2012-02-23T14:30:00+00:00,2012-02-23T21:00:00+00:00,2012-02-23 21:00:00+00:00,0
2012-02-29,2012-02-24 05:30:00+00:00,2012-02-29 01:00:00+00:00,VALID,3,3,2012-02-24;2012-02-27;2012-02-28,2012-02-24T14:30:00+00:00;2012-02-27T14:30:00+00:00;2012-02-28T14:30:00+00:00,2012-02-24T21:00:00+00:00;2012-02-27T21:00:00+00:00;2012-02-28T21:00:00+00:00,2012-02-28 21:00:00+00:00,0
2012-03-01,2012-02-29 05:30:00+00:00,2012-03-01 01:00:00+00:00,VALID,1,1,2012-02-29,2012-02-29T14:30:00+00:00,2012-02-29T21:00:00+00:00,2012-02-29 21:00:00+00:00,0
2012-03-02,2012-03-01 05:30:00+00:00,2012-03-02 01:00:00+00:00,VALID,1,1,2012-03-01,2012-03-01T14:30:00+00:00,2012-03-01T21:00:00+00:00,2012-03-01 21:00:00+00:00,0
2012-03-03,2012-03-02 05:30:00+00:00,2012-03-03 01:00:00+00:00,VALID,1,1,2012-03-02,2012-03-02T14:30:00+00:00,2012-03-02T21:00:00+00:00,2012-03-02 21:00:00+00:00,0
2012-03-05,2012-03-03 05:30:00+00:00,2012-03-05 01:00:00+00:00,EMPTY_US_WINDOW,0,0,,,,,0
2012-03-06,2012-03-05 05:30:00+00:00,2012-03-06 01:00:00+00:00,VALID,1,1,2012-03-05,2012-03-05T14:30:00+00:00,2012-03-05T21:00:00+00:00,2012-03-05 21:00:00+00:00,0
2012-03-07,2012-03-06 05:30:00+00:00,2012-03-07 01:00:00+00:00,VALID,1,1,2012-03-06,2012-03-06T14:30:00+00:00,2012-03-06T21:00:00+00:00,2012-03-06 21:00:00+00:00,0
2012-03-08,2012-03-07 05:30:00+00:00,2012-03-08 01:00:00+00:00,VALID,1,1,2012-03-07,2012-03-07T14:30:00+00:00,2012-03-07T21:00:00+00:00,2012-03-07 21:00:00+00:00,0
2012-03-09,2012-03-08 05:30:00+00:00,2012-03-09 01:00:00+00:00,VALID,1,1,2012-03-08,2012-03-08T14:30:00+00:00,2012-03-08T21:00:00+00:00,2012-03-08 21:00:00+00:00,0
2012-03-12,2012-03-09 05:30:00+00:00,2012-03-12 01:00:00+00:00,VALID,1,1,2012-03-09,2012-03-09T14:30:00+00:00,2012-03-09T21:00:00+00:00,2012-03-09 21:00:00+00:00,0
2012-03-13,2012-03-12 05:30:00+00:00,2012-03-13 01:00:00+00:00,VALID,1,1,2012-03-12,2012-03-12T13:30:00+00:00,2012-03-12T20:00:00+00:00,2012-03-12 20:00:00+00:00,0
2012-03-14,2012-03-13 05:30:00+00:00,2012-03-14 01:00:00+00:00,VALID,1,1,2012-03-13,2012-03-13T13:30:00+00:00,2012-03-13T20:00:00+00:00,2012-03-13 20:00:00+00:00,0
2012-03-15,2012-03-14 05:30:00+00:00,2012-03-15 01:00:00+00:00,VALID,1,1,2012-03-14,2012-03-14T13:30:00+00:00,2012-03-14T20:00:00+00:00,2012-03-14 20:00:00+00:00,0
2012-03-16,2012-03-15 05:30:00+00:00,2012-03-16 01:00:00+00:00,VALID,1,1,2012-03-15,2012-03-15T13:30:00+00:00,2012-03-15T20:00:00+00:00,2012-03-15 20:00:00+00:00,0
2012-03-19,2012-03-16 05:30:00+00:00,2012-03-19 01:00:00+00:00,VALID,1,1,2012-03-16,2012-03-16T13:30:00+00:00,2012-03-16T20:00:00+00:00,2012-03-16 20:00:00+00:00,0
2012-03-20,2012-03-19 05:30:00+00:00,2012-03-20 01:00:00+00:00,VALID,1,1,2012-03-19,2012-03-19T13:30:00+00:00,2012-03-19T20:00:00+00:00,2012-03-19 20:00:00+00:00,0
2012-03-21,2012-03-20 05:30:00+00:00,2012-03-21 01:00:00+00:00,VALID,1,1,2012-03-20,2012-03-20T13:30:00+00:00,2012-03-20T20:00:00+00:00,2012-03-20 20:00:00+00:00,0
2012-03-22,2012-03-21 05:30:00+00:00,2012-03-22 01:00:00+00:00,VALID,1,1,2012-03-21,2012-03-21T13:30:00+00:00,2012-03-21T20:00:00+00:00,2012-03-21 20:00:00+00:00,0
2012-03-23,2012-03-22 05:30:00+00:00,2012-03-23 01:00:00+00:00,VALID,1,1,2012-03-22,2012-03-22T13:30:00+00:00,2012-03-22T20:00:00+00:00,2012-03-22 20:00:00+00:00,0
2012-03-26,2012-03-23 05:30:00+00:00,2012-03-26 01:00:00+00:00,VALID,1,1,2012-03-23,2012-03-23T13:30:00+00:00,2012-03-23T20:00:00+00:00,2012-03-23 20:00:00+00:00,0
2012-03-27,2012-03-26 05:30:00+00:00,2012-03-27 01:00:00+00:00,VALID,1,1,2012-03-26,2012-03-26T13:30:00+00:00,2012-03-26T20:00:00+00:00,2012-03-26 20:00:00+00:00,0
2012-03-28,2012-03-27 05:30:00+00:00,2012-03-28 01:00:00+00:00,VALID,1,1,2012-03-27,2012-03-27T13:30:00+00:00,2012-03-27T20:00:00+00:00,2012-03-27 20:00:00+00:00,0
2012-03-29,2012-03-28 05:30:00+00:00,2012-03-29 01:00:00+00:00,VALID,1,1,2012-03-28,2012-03-28T13:30:00+00:00,2012-03-28T20:00:00+00:00,2012-03-28 20:00:00+00:00,0
2012-03-30,2012-03-29 05:30:00+00:00,2012-03-30 01:00:00+00:00,VALID,1,1,2012-03-29,2012-03-29T13:30:00+00:00,2012-03-29T20:00:00+00:00,2012-03-29 20:00:00+00:00,0
2012-04-02,2012-03-30 05:30:00+00:00,2012-04-02 01:00:00+00:00,VALID,1,1,2012-03-30,2012-03-30T13:30:00+00:00,2012-03-30T20:00:00+00:00,2012-03-30 20:00:00+00:00,0
2012-04-03,2012-04-02 05:30:00+00:00,2012-04-03 01:00:00+00:00,VALID,1,1,2012-04-02,2012-04-02T13:30:00+00:00,2012-04-02T20:00:00+00:00,2012-04-02 20:00:00+00:00,0
2012-04-05,2012-04-03 05:30:00+00:00,2012-04-05 01:00:00+00:00,VALID,2,2,2012-04-03;2012-04-04,2012-04-03T13:30:00+00:00;2012-04-04T13:30:00+00:00,2012-04-03T20:00:00+00:00;2012-04-04T20:00:00+00:00,2012-04-04 20:00:00+00:00,0
2012-04-06,2012-04-05 05:30:00+00:00,2012-04-06 01:00:00+00:00,VALID,1,1,2012-04-05,2012-04-05T13:30:00+00:00,2012-04-05T20:00:00+00:00,2012-04-05 20:00:00+00:00,0
2012-04-09,2012-04-06 05:30:00+00:00,2012-04-09 01:00:00+00:00,EMPTY_US_WINDOW,0,0,,,,,0
2012-04-10,2012-04-09 05:30:00+00:00,2012-04-10 01:00:00+00:00,VALID,1,1,2012-04-09,2012-04-09T13:30:00+00:00,2012-04-09T20:00:00+00:00,2012-04-09 20:00:00+00:00,0
2012-04-11,2012-04-10 05:30:00+00:00,2012-04-11 01:00:00+00:00,VALID,1,1,2012-04-10,2012-04-10T13:30:00+00:00,2012-04-10T20:00:00+00:00,2012-04-10 20:00:00+00:00,0
2012-04-12,2012-04-11 05:30:00+00:00,2012-04-12 01:00:00+00:00,VALID,1,1,2012-04-11,2012-04-11T13:30:00+00:00,2012-04-11T20:00:00+00:00,2012-04-11 20:00:00+00:00,0
2012-04-13,2012-04-12 05:30:00+00:00,2012-04-13 01:00:00+00:00,VALID,1,1,2012-04-12,2012-04-12T13:30:00+00:00,2012-04-12T20:00:00+00:00,2012-04-12 20:00:00+00:00,0
2012-04-16,2012-04-13 05:30:00+00:00,2012-04-16 01:00:00+00:00,VALID,1,1,2012-04-13,2012-04-13T13:30:00+00:00,2012-04-13T20:00:00+00:00,2012-04-13 20:00:00+00:00,0
2012-04-17,2012-04-16 05:30:00+00:00,2012-04-17 01:00:00+00:00,VALID,1,1,2012-04-16,2012-04-16T13:30:00+00:00,2012-04-16T20:00:00+00:00,2012-04-16 20:00:00+00:00,0
2012-04-18,2012-04-17 05:30:00+00:00,2012-04-18 01:00:00+00:00,VALID,1,1,2012-04-17,2012-04-17T13:30:00+00:00,2012-04-17T20:00:00+00:00,2012-04-17 20:00:00+00:00,0
2012-04-19,2012-04-18 05:30:00+00:00,2012-04-19 01:00:00+00:00,VALID,1,1,2012-04-18,2012-04-18T13:30:00+00:00,2012-04-18T20:00:00+00:00,2012-04-18 20:00:00+00:00,0
2012-04-20,2012-04-19 05:30:00+00:00,2012-04-20 01:00:00+00:00,VALID,1,1,2012-04-19,2012-04-19T13:30:00+00:00,2012-04-19T20:00:00+00:00,2012-04-19 20:00:00+00:00,0
2012-04-23,2012-04-20 05:30:00+00:00,2012-04-23 01:00:00+00:00,VALID,1,1,2012-04-20,2012-04-20T13:30:00+00:00,2012-04-20T20:00:00+00:00,2012-04-20 20:00:00+00:00,0
2012-04-24,2012-04-23 05:30:00+00:00,2012-04-24 01:00:00+00:00,VALID,1,1,2012-04-23,2012-04-23T13:30:00+00:00,2012-04-23T20:00:00+00:00,2012-04-23 20:00:00+00:00,0
2012-04-25,2012-04-24 05:30:00+00:00,2012-04-25 01:00:00+00:00,VALID,1,1,2012-04-24,2012-04-24T13:30:00+00:00,2012-04-24T20:00:00+00:00,2012-04-24 20:00:00+00:00,0
2012-04-26,2012-04-25 05:30:00+00:00,2012-04-26 01:00:00+00:00,VALID,1,1,2012-04-25,2012-04-25T13:30:00+00:00,2012-04-25T20:00:00+00:00,2012-04-25 20:00:00+00:00,0
2012-04-27,2012-04-26 05:30:00+00:00,2012-04-27 01:00:00+00:00,VALID,1,1,2012-04-26,2012-04-26T13:30:00+00:00,2012-04-26T20:00:00+00:00,2012-04-26 20:00:00+00:00,0
2012-04-30,2012-04-27 05:30:00+00:00,2012-04-30 01:00:00+00:00,VALID,1,1,2012-04-27,2012-04-27T13:30:00+00:00,2012-04-27T20:00:00+00:00,2012-04-27 20:00:00+00:00,0
2012-05-02,2012-04-30 05:30:00+00:00,2012-05-02 01:00:00+00:00,VALID,2,2,2012-04-30;2012-05-01,2012-04-30T13:30:00+00:00;2012-05-01T13:30:00+00:00,2012-04-30T20:00:00+00:00;2012-05-01T20:00:00+00:00,2012-05-01 20:00:00+00:00,0
2012-05-03,2012-05-02 05:30:00+00:00,2012-05-03 01:00:00+00:00,VALID,1,1,2012-05-02,2012-05-02T13:30:00+00:00,2012-05-02T20:00:00+00:00,2012-05-02 20:00:00+00:00,0
2012-05-04,2012-05-03 05:30:00+00:00,2012-05-04 01:00:00+00:00,VALID,1,1,2012-05-03,2012-05-03T13:30:00+00:00,2012-05-03T20:00:00+00:00,2012-05-03 20:00:00+00:00,0
2012-05-07,2012-05-04 05:30:00+00:00,2012-05-07 01:00:00+00:00,VALID,1,1,2012-05-04,2012-05-04T13:30:00+00:00,2012-05-04T20:00:00+00:00,2012-05-04 20:00:00+00:00,0
2012-05-08,2012-05-07 05:30:00+00:00,2012-05-08 01:00:00+00:00,VALID,1,1,2012-05-07,2012-05-07T13:30:00+00:00,2012-05-07T20:00:00+00:00,2012-05-07 20:00:00+00:00,0
2012-05-09,2012-05-08 05:30:00+00:00,2012-05-09 01:00:00+00:00,VALID,1,1,2012-05-08,2012-05-08T13:30:00+00:00,2012-05-08T20:00:00+00:00,2012-05-08 20:00:00+00:00,0
2012-05-10,2012-05-09 05:30:00+00:00,2012-05-10 01:00:00+00:00,VALID,1,1,2012-05-09,2012-05-09T13:30:00+00:00,2012-05-09T20:00:00+00:00,2012-05-09 20:00:00+00:00,0
2012-05-11,2012-05-10 05:30:00+00:00,2012-05-11 01:00:00+00:00,VALID,1,1,2012-05-10,2012-05-10T13:30:00+00:00,2012-05-10T20:00:00+00:00,2012-05-10 20:00:00+00:00,0
2012-05-14,2012-05-11 05:30:00+00:00,2012-05-14 01:00:00+00:00,VALID,1,1,2012-05-11,2012-05-11T13:30:00+00:00,2012-05-11T20:00:00+00:00,2012-05-11 20:00:00+00:00,0
2012-05-15,2012-05-14 05:30:00+00:00,2012-05-15 01:00:00+00:00,VALID,1,1,2012-05-14,2012-05-14T13:30:00+00:00,2012-05-14T20:00:00+00:00,2012-05-14 20:00:00+00:00,0
2012-05-16,2012-05-15 05:30:00+00:00,2012-05-16 01:00:00+00:00,VALID,1,1,2012-05-15,2012-05-15T13:30:00+00:00,2012-05-15T20:00:00+00:00,2012-05-15 20:00:00+00:00,0
2012-05-17,2012-05-16 05:30:00+00:00,2012-05-17 01:00:00+00:00,VALID,1,1,2012-05-16,2012-05-16T13:30:00+00:00,2012-05-16T20:00:00+00:00,2012-05-16 20:00:00+00:00,0
2012-05-18,2012-05-17 05:30:00+00:00,2012-05-18 01:00:00+00:00,VALID,1,1,2012-05-17,2012-05-17T13:30:00+00:00,2012-05-17T20:00:00+00:00,2012-05-17 20:00:00+00:00,0
2012-05-21,2012-05-18 05:30:00+00:00,2012-05-21 01:00:00+00:00,VALID,1,1,2012-05-18,2012-05-18T13:30:00+00:00,2012-05-18T20:00:00+00:00,2012-05-18 20:00:00+00:00,0
2012-05-22,2012-05-21 05:30:00+00:00,2012-05-22 01:00:00+00:00,VALID,1,1,2012-05-21,2012-05-21T13:30:00+00:00,2012-05-21T20:00:00+00:00,2012-05-21 20:00:00+00:00,0
2012-05-23,2012-05-22 05:30:00+00:00,2012-05-23 01:00:00+00:00,VALID,1,1,2012-05-22,2012-05-22T13:30:00+00:00,2012-05-22T20:00:00+00:00,2012-05-22 20:00:00+00:00,0
2012-05-24,2012-05-23 05:30:00+00:00,2012-05-24 01:00:00+00:00,VALID,1,1,2012-05-23,2012-05-23T13:30:00+00:00,2012-05-23T20:00:00+00:00,2012-05-23 20:00:00+00:00,0
2012-05-25,2012-05-24 05:30:00+00:00,2012-05-25 01:00:00+00:00,VALID,1,1,2012-05-24,2012-05-24T13:30:00+00:00,2012-05-24T20:00:00+00:00,2012-05-24 20:00:00+00:00,0
2012-05-28,2012-05-25 05:30:00+00:00,2012-05-28 01:00:00+00:00,VALID,1,1,2012-05-25,2012-05-25T13:30:00+00:00,2012-05-25T20:00:00+00:00,2012-05-25 20:00:00+00:00,0
2012-05-29,2012-05-28 05:30:00+00:00,2012-05-29 01:00:00+00:00,EMPTY_US_WINDOW,0,0,,,,,0
2012-05-30,2012-05-29 05:30:00+00:00,2012-05-30 01:00:00+00:00,VALID,1,1,2012-05-29,2012-05-29T13:30:00+00:00,2012-05-29T20:00:00+00:00,2012-05-29 20:00:00+00:00,0
2012-05-31,2012-05-30 05:30:00+00:00,2012-05-31 01:00:00+00:00,VALID,1,1,2012-05-30,2012-05-30T13:30:00+00:00,2012-05-30T20:00:00+00:00,2012-05-30 20:00:00+00:00,0
2012-06-01,2012-05-31 05:30:00+00:00,2012-06-01 01:00:00+00:00,VALID,1,1,2012-05-31,2012-05-31T13:30:00+00:00,2012-05-31T20:00:00+00:00,2012-05-31 20:00:00+00:00,0
2012-06-04,2012-06-01 05:30:00+00:00,2012-06-04 01:00:00+00:00,VALID,1,1,2012-06-01,2012-06-01T13:30:00+00:00,2012-06-01T20:00:00+00:00,2012-06-01 20:00:00+00:00,0
2012-06-05,2012-06-04 05:30:00+00:00,2012-06-05 01:00:00+00:00,VALID,1,1,2012-06-04,2012-06-04T13:30:00+00:00,2012-06-04T20:00:00+00:00,2012-06-04 20:00:00+00:00,0
2012-06-06,2012-06-05 05:30:00+00:00,2012-06-06 01:00:00+00:00,VALID,1,1,2012-06-05,2012-06-05T13:30:00+00:00,2012-06-05T20:00:00+00:00,2012-06-05 20:00:00+00:00,0
2012-06-07,2012-06-06 05:30:00+00:00,2012-06-07 01:00:00+00:00,VALID,1,1,2012-06-06,2012-06-06T13:30:00+00:00,2012-06-06T20:00:00+00:00,2012-06-06 20:00:00+00:00,0
2012-06-08,2012-06-07 05:30:00+00:00,2012-06-08 01:00:00+00:00,VALID,1,1,2012-06-07,2012-06-07T13:30:00+00:00,2012-06-07T20:00:00+00:00,2012-06-07 20:00:00+00:00,0
2012-06-11,2012-06-08 05:30:00+00:00,2012-06-11 01:00:00+00:00,VALID,1,1,2012-06-08,2012-06-08T13:30:00+00:00,2012-06-08T20:00:00+00:00,2012-06-08 20:00:00+00:00,0
2012-06-12,2012-06-11 05:30:00+00:00,2012-06-12 01:00:00+00:00,VALID,1,1,2012-06-11,2012-06-11T13:30:00+00:00,2012-06-11T20:00:00+00:00,2012-06-11 20:00:00+00:00,0
2012-06-13,2012-06-12 05:30:00+00:00,2012-06-13 01:00:00+00:00,VALID,1,1,2012-06-12,2012-06-12T13:30:00+00:00,2012-06-12T20:00:00+00:00,2012-06-12 20:00:00+00:00,0
2012-06-14,2012-06-13 05:30:00+00:00,2012-06-14 01:00:00+00:00,VALID,1,1,2012-06-13,2012-06-13T13:30:00+00:00,2012-06-13T20:00:00+00:00,2012-06-13 20:00:00+00:00,0
2012-06-15,2012-06-14 05:30:00+00:00,2012-06-15 01:00:00+00:00,VALID,1,1,2012-06-14,2012-06-14T13:30:00+00:00,2012-06-14T20:00:00+00:00,2012-06-14 20:00:00+00:00,0
2012-06-18,2012-06-15 05:30:00+00:00,2012-06-18 01:00:00+00:00,VALID,1,1,2012-06-15,2012-06-15T13:30:00+00:00,2012-06-15T20:00:00+00:00,2012-06-15 20:00:00+00:00,0
2012-06-19,2012-06-18 05:30:00+00:00,2012-06-19 01:00:00+00:00,VALID,1,1,2012-06-18,2012-06-18T13:30:00+00:00,2012-06-18T20:00:00+00:00,2012-06-18 20:00:00+00:00,0
2012-06-20,2012-06-19 05:30:00+00:00,2012-06-20 01:00:00+00:00,VALID,1,1,2012-06-19,2012-06-19T13:30:00+00:00,2012-06-19T20:00:00+00:00,2012-06-19 20:00:00+00:00,0
2012-06-21,2012-06-20 05:30:00+00:00,2012-06-21 01:00:00+00:00,VALID,1,1,2012-06-20,2012-06-20T13:30:00+00:00,2012-06-20T20:00:00+00:00,2012-06-20 20:00:00+00:00,0
2012-06-22,2012-06-21 05:30:00+00:00,2012-06-22 01:00:00+00:00,VALID,1,1,2012-06-21,2012-06-21T13:30:00+00:00,2012-06-21T20:00:00+00:00,2012-06-21 20:00:00+00:00,0
2012-06-25,2012-06-22 05:30:00+00:00,2012-06-25 01:00:00+00:00,VALID,1,1,2012-06-22,2012-06-22T13:30:00+00:00,2012-06-22T20:00:00+00:00,2012-06-22 20:00:00+00:00,0
2012-06-26,2012-06-25 05:30:00+00:00,2012-06-26 01:00:00+00:00,VALID,1,1,2012-06-25,2012-06-25T13:30:00+00:00,2012-06-25T20:00:00+00:00,2012-06-25 20:00:00+00:00,0
2012-06-27,2012-06-26 05:30:00+00:00,2012-06-27 01:00:00+00:00,VALID,1,1,2012-06-26,2012-06-26T13:30:00+00:00,2012-06-26T20:00:00+00:00,2012-06-26 20:00:00+00:00,0
2012-06-28,2012-06-27 05:30:00+00:00,2012-06-28 01:00:00+00:00,VALID,1,1,2012-06-27,2012-06-27T13:30:00+00:00,2012-06-27T20:00:00+00:00,2012-06-27 20:00:00+00:00,0
2012-06-29,2012-06-28 05:30:00+00:00,2012-06-29 01:00:00+00:00,VALID,1,1,2012-06-28,2012-06-28T13:30:00+00:00,2012-06-28T20:00:00+00:00,2012-06-28 20:00:00+00:00,0
2012-07-02,2012-06-29 05:30:00+00:00,2012-07-02 01:00:00+00:00,VALID,1,1,2012-06-29,2012-06-29T13:30:00+00:00,2012-06-29T20:00:00+00:00,2012-06-29 20:00:00+00:00,0
2012-07-03,2012-07-02 05:30:00+00:00,2012-07-03 01:00:00+00:00,VALID,1,1,2012-07-02,2012-07-02T13:30:00+00:00,2012-07-02T20:00:00+00:00,2012-07-02 20:00:00+00:00,0
2012-07-04,2012-07-03 05:30:00+00:00,2012-07-04 01:00:00+00:00,VALID,1,1,2012-07-03,2012-07-03T13:30:00+00:00,2012-07-03T17:00:00+00:00,2012-07-03 17:00:00+00:00,1
2012-07-05,2012-07-04 05:30:00+00:00,2012-07-05 01:00:00+00:00,EMPTY_US_WINDOW,0,0,,,,,0
2012-07-06,2012-07-05 05:30:00+00:00,2012-07-06 01:00:00+00:00,VALID,1,1,2012-07-05,2012-07-05T13:30:00+00:00,2012-07-05T20:00:00+00:00,2012-07-05 20:00:00+00:00,0
2012-07-09,2012-07-06 05:30:00+00:00,2012-07-09 01:00:00+00:00,VALID,1,1,2012-07-06,2012-07-06T13:30:00+00:00,2012-07-06T20:00:00+00:00,2012-07-06 20:00:00+00:00,0
2012-07-10,2012-07-09 05:30:00+00:00,2012-07-10 01:00:00+00:00,VALID,1,1,2012-07-09,2012-07-09T13:30:00+00:00,2012-07-09T20:00:00+00:00,2012-07-09 20:00:00+00:00,0
2012-07-11,2012-07-10 05:30:00+00:00,2012-07-11 01:00:00+00:00,VALID,1,1,2012-07-10,2012-07-10T13:30:00+00:00,2012-07-10T20:00:00+00:00,2012-07-10 20:00:00+00:00,0
2012-07-12,2012-07-11 05:30:00+00:00,2012-07-12 01:00:00+00:00,VALID,1,1,2012-07-11,2012-07-11T13:30:00+00:00,2012-07-11T20:00:00+00:00,2012-07-11 20:00:00+00:00,0
2012-07-13,2012-07-12 05:30:00+00:00,2012-07-13 01:00:00+00:00,VALID,1,1,2012-07-12,2012-07-12T13:30:00+00:00,2012-07-12T20:00:00+00:00,2012-07-12 20:00:00+00:00,0
2012-07-16,2012-07-13 05:30:00+00:00,2012-07-16 01:00:00+00:00,VALID,1,1,2012-07-13,2012-07-13T13:30:00+00:00,2012-07-13T20:00:00+00:00,2012-07-13 20:00:00+00:00,0
2012-07-17,2012-07-16 05:30:00+00:00,2012-07-17 01:00:00+00:00,VALID,1,1,2012-07-16,2012-07-16T13:30:00+00:00,2012-07-16T20:00:00+00:00,2012-07-16 20:00:00+00:00,0
2012-07-18,2012-07-17 05:30:00+00:00,2012-07-18 01:00:00+00:00,VALID,1,1,2012-07-17,2012-07-17T13:30:00+00:00,2012-07-17T20:00:00+00:00,2012-07-17 20:00:00+00:00,0
2012-07-19,2012-07-18 05:30:00+00:00,2012-07-19 01:00:00+00:00,VALID,1,1,2012-07-18,2012-07-18T13:30:00+00:00,2012-07-18T20:00:00+00:00,2012-07-18 20:00:00+00:00,0
2012-07-20,2012-07-19 05:30:00+00:00,2012-07-20 01:00:00+00:00,VALID,1,1,2012-07-19,2012-07-19T13:30:00+00:00,2012-07-19T20:00:00+00:00,2012-07-19 20:00:00+00:00,0
2012-07-23,2012-07-20 05:30:00+00:00,2012-07-23 01:00:00+00:00,VALID,1,1,2012-07-20,2012-07-20T13:30:00+00:00,2012-07-20T20:00:00+00:00,2012-07-20 20:00:00+00:00,0
2012-07-24,2012-07-23 05:30:00+00:00,2012-07-24 01:00:00+00:00,VALID,1,1,2012-07-23,2012-07-23T13:30:00+00:00,2012-07-23T20:00:00+00:00,2012-07-23 20:00:00+00:00,0
2012-07-25,2012-07-24 05:30:00+00:00,2012-07-25 01:00:00+00:00,VALID,1,1,2012-07-24,2012-07-24T13:30:00+00:00,2012-07-24T20:00:00+00:00,2012-07-24 20:00:00+00:00,0
2012-07-26,2012-07-25 05:30:00+00:00,2012-07-26 01:00:00+00:00,VALID,1,1,2012-07-25,2012-07-25T13:30:00+00:00,2012-07-25T20:00:00+00:00,2012-07-25 20:00:00+00:00,0
2012-07-27,2012-07-26 05:30:00+00:00,2012-07-27 01:00:00+00:00,VALID,1,1,2012-07-26,2012-07-26T13:30:00+00:00,2012-07-26T20:00:00+00:00,2012-07-26 20:00:00+00:00,0
2012-07-30,2012-07-27 05:30:00+00:00,2012-07-30 01:00:00+00:00,VALID,1,1,2012-07-27,2012-07-27T13:30:00+00:00,2012-07-27T20:00:00+00:00,2012-07-27 20:00:00+00:00,0
2012-07-31,2012-07-30 05:30:00+00:00,2012-07-31 01:00:00+00:00,VALID,1,1,2012-07-30,2012-07-30T13:30:00+00:00,2012-07-30T20:00:00+00:00,2012-07-30 20:00:00+00:00,0
2012-08-01,2012-07-31 05:30:00+00:00,2012-08-01 01:00:00+00:00,VALID,1,1,2012-07-31,2012-07-31T13:30:00+00:00,2012-07-31T20:00:00+00:00,2012-07-31 20:00:00+00:00,0
2012-08-03,2012-08-01 05:30:00+00:00,2012-08-03 01:00:00+00:00,VALID,2,2,2012-08-01;2012-08-02,2012-08-01T13:30:00+00:00;2012-08-02T13:30:00+00:00,2012-08-01T20:00:00+00:00;2012-08-02T20:00:00+00:00,2012-08-02 20:00:00+00:00,0
2012-08-06,2012-08-03 05:30:00+00:00,2012-08-06 01:00:00+00:00,VALID,1,1,2012-08-03,2012-08-03T13:30:00+00:00,2012-08-03T20:00:00+00:00,2012-08-03 20:00:00+00:00,0
2012-08-07,2012-08-06 05:30:00+00:00,2012-08-07 01:00:00+00:00,VALID,1,1,2012-08-06,2012-08-06T13:30:00+00:00,2012-08-06T20:00:00+00:00,2012-08-06 20:00:00+00:00,0
2012-08-08,2012-08-07 05:30:00+00:00,2012-08-08 01:00:00+00:00,VALID,1,1,2012-08-07,2012-08-07T13:30:00+00:00,2012-08-07T20:00:00+00:00,2012-08-07 20:00:00+00:00,0
2012-08-09,2012-08-08 05:30:00+00:00,2012-08-09 01:00:00+00:00,VALID,1,1,2012-08-08,2012-08-08T13:30:00+00:00,2012-08-08T20:00:00+00:00,2012-08-08 20:00:00+00:00,0
2012-08-10,2012-08-09 05:30:00+00:00,2012-08-10 01:00:00+00:00,VALID,1,1,2012-08-09,2012-08-09T13:30:00+00:00,2012-08-09T20:00:00+00:00,2012-08-09 20:00:00+00:00,0
2012-08-13,2012-08-10 05:30:00+00:00,2012-08-13 01:00:00+00:00,VALID,1,1,2012-08-10,2012-08-10T13:30:00+00:00,2012-08-10T20:00:00+00:00,2012-08-10 20:00:00+00:00,0
2012-08-14,2012-08-13 05:30:00+00:00,2012-08-14 01:00:00+00:00,VALID,1,1,2012-08-13,2012-08-13T13:30:00+00:00,2012-08-13T20:00:00+00:00,2012-08-13 20:00:00+00:00,0
2012-08-15,2012-08-14 05:30:00+00:00,2012-08-15 01:00:00+00:00,VALID,1,1,2012-08-14,2012-08-14T13:30:00+00:00,2012-08-14T20:00:00+00:00,2012-08-14 20:00:00+00:00,0
2012-08-16,2012-08-15 05:30:00+00:00,2012-08-16 01:00:00+00:00,VALID,1,1,2012-08-15,2012-08-15T13:30:00+00:00,2012-08-15T20:00:00+00:00,2012-08-15 20:00:00+00:00,0
2012-08-17,2012-08-16 05:30:00+00:00,2012-08-17 01:00:00+00:00,VALID,1,1,2012-08-16,2012-08-16T13:30:00+00:00,2012-08-16T20:00:00+00:00,2012-08-16 20:00:00+00:00,0
2012-08-20,2012-08-17 05:30:00+00:00,2012-08-20 01:00:00+00:00,VALID,1,1,2012-08-17,2012-08-17T13:30:00+00:00,2012-08-17T20:00:00+00:00,2012-08-17 20:00:00+00:00,0
2012-08-21,2012-08-20 05:30:00+00:00,2012-08-21 01:00:00+00:00,VALID,1,1,2012-08-20,2012-08-20T13:30:00+00:00,2012-08-20T20:00:00+00:00,2012-08-20 20:00:00+00:00,0
2012-08-22,2012-08-21 05:30:00+00:00,2012-08-22 01:00:00+00:00,VALID,1,1,2012-08-21,2012-08-21T13:30:00+00:00,2012-08-21T20:00:00+00:00,2012-08-21 20:00:00+00:00,0
2012-08-23,2012-08-22 05:30:00+00:00,2012-08-23 01:00:00+00:00,VALID,1,1,2012-08-22,2012-08-22T13:30:00+00:00,2012-08-22T20:00:00+00:00,2012-08-22 20:00:00+00:00,0
2012-08-24,2012-08-23 05:30:00+00:00,2012-08-24 01:00:00+00:00,VALID,1,1,2012-08-23,2012-08-23T13:30:00+00:00,2012-08-23T20:00:00+00:00,2012-08-23 20:00:00+00:00,0
2012-08-27,2012-08-24 05:30:00+00:00,2012-08-27 01:00:00+00:00,VALID,1,1,2012-08-24,2012-08-24T13:30:00+00:00,2012-08-24T20:00:00+00:00,2012-08-24 20:00:00+00:00,0
2012-08-28,2012-08-27 05:30:00+00:00,2012-08-28 01:00:00+00:00,VALID,1,1,2012-08-27,2012-08-27T13:30:00+00:00,2012-08-27T20:00:00+00:00,2012-08-27 20:00:00+00:00,0
2012-08-29,2012-08-28 05:30:00+00:00,2012-08-29 01:00:00+00:00,VALID,1,1,2012-08-28,2012-08-28T13:30:00+00:00,2012-08-28T20:00:00+00:00,2012-08-28 20:00:00+00:00,0
2012-08-30,2012-08-29 05:30:00+00:00,2012-08-30 01:00:00+00:00,VALID,1,1,2012-08-29,2012-08-29T13:30:00+00:00,2012-08-29T20:00:00+00:00,2012-08-29 20:00:00+00:00,0
2012-08-31,2012-08-30 05:30:00+00:00,2012-08-31 01:00:00+00:00,VALID,1,1,2012-08-30,2012-08-30T13:30:00+00:00,2012-08-30T20:00:00+00:00,2012-08-30 20:00:00+00:00,0
2012-09-03,2012-08-31 05:30:00+00:00,2012-09-03 01:00:00+00:00,VALID,1,1,2012-08-31,2012-08-31T13:30:00+00:00,2012-08-31T20:00:00+00:00,2012-08-31 20:00:00+00:00,0
2012-09-04,2012-09-03 05:30:00+00:00,2012-09-04 01:00:00+00:00,EMPTY_US_WINDOW,0,0,,,,,0
2012-09-05,2012-09-04 05:30:00+00:00,2012-09-05 01:00:00+00:00,VALID,1,1,2012-09-04,2012-09-04T13:30:00+00:00,2012-09-04T20:00:00+00:00,2012-09-04 20:00:00+00:00,0
2012-09-06,2012-09-05 05:30:00+00:00,2012-09-06 01:00:00+00:00,VALID,1,1,2012-09-05,2012-09-05T13:30:00+00:00,2012-09-05T20:00:00+00:00,2012-09-05 20:00:00+00:00,0
2012-09-07,2012-09-06 05:30:00+00:00,2012-09-07 01:00:00+00:00,VALID,1,1,2012-09-06,2012-09-06T13:30:00+00:00,2012-09-06T20:00:00+00:00,2012-09-06 20:00:00+00:00,0
2012-09-10,2012-09-07 05:30:00+00:00,2012-09-10 01:00:00+00:00,VALID,1,1,2012-09-07,2012-09-07T13:30:00+00:00,2012-09-07T20:00:00+00:00,2012-09-07 20:00:00+00:00,0
2012-09-11,2012-09-10 05:30:00+00:00,2012-09-11 01:00:00+00:00,VALID,1,1,2012-09-10,2012-09-10T13:30:00+00:00,2012-09-10T20:00:00+00:00,2012-09-10 20:00:00+00:00,0
2012-09-12,2012-09-11 05:30:00+00:00,2012-09-12 01:00:00+00:00,VALID,1,1,2012-09-11,2012-09-11T13:30:00+00:00,2012-09-11T20:00:00+00:00,2012-09-11 20:00:00+00:00,0
2012-09-13,2012-09-12 05:30:00+00:00,2012-09-13 01:00:00+00:00,VALID,1,1,2012-09-12,2012-09-12T13:30:00+00:00,2012-09-12T20:00:00+00:00,2012-09-12 20:00:00+00:00,0
2012-09-14,2012-09-13 05:30:00+00:00,2012-09-14 01:00:00+00:00,VALID,1,1,2012-09-13,2012-09-13T13:30:00+00:00,2012-09-13T20:00:00+00:00,2012-09-13 20:00:00+00:00,0
2012-09-17,2012-09-14 05:30:00+00:00,2012-09-17 01:00:00+00:00,VALID,1,1,2012-09-14,2012-09-14T13:30:00+00:00,2012-09-14T20:00:00+00:00,2012-09-14 20:00:00+00:00,0
2012-09-18,2012-09-17 05:30:00+00:00,2012-09-18 01:00:00+00:00,VALID,1,1,2012-09-17,2012-09-17T13:30:00+00:00,2012-09-17T20:00:00+00:00,2012-09-17 20:00:00+00:00,0
2012-09-19,2012-09-18 05:30:00+00:00,2012-09-19 01:00:00+00:00,VALID,1,1,2012-09-18,2012-09-18T13:30:00+00:00,2012-09-18T20:00:00+00:00,2012-09-18 20:00:00+00:00,0
2012-09-20,2012-09-19 05:30:00+00:00,2012-09-20 01:00:00+00:00,VALID,1,1,2012-09-19,2012-09-19T13:30:00+00:00,2012-09-19T20:00:00+00:00,2012-09-19 20:00:00+00:00,0
2012-09-21,2012-09-20 05:30:00+00:00,2012-09-21 01:00:00+00:00,VALID,1,1,2012-09-20,2012-09-20T13:30:00+00:00,2012-09-20T20:00:00+00:00,2012-09-20 20:00:00+00:00,0
2012-09-24,2012-09-21 05:30:00+00:00,2012-09-24 01:00:00+00:00,VALID,1,1,2012-09-21,2012-09-21T13:30:00+00:00,2012-09-21T20:00:00+00:00,2012-09-21 20:00:00+00:00,0
2012-09-25,2012-09-24 05:30:00+00:00,2012-09-25 01:00:00+00:00,VALID,1,1,2012-09-24,2012-09-24T13:30:00+00:00,2012-09-24T20:00:00+00:00,2012-09-24 20:00:00+00:00,0
2012-09-26,2012-09-25 05:30:00+00:00,2012-09-26 01:00:00+00:00,VALID,1,1,2012-09-25,2012-09-25T13:30:00+00:00,2012-09-25T20:00:00+00:00,2012-09-25 20:00:00+00:00,0
2012-09-27,2012-09-26 05:30:00+00:00,2012-09-27 01:00:00+00:00,VALID,1,1,2012-09-26,2012-09-26T13:30:00+00:00,2012-09-26T20:00:00+00:00,2012-09-26 20:00:00+00:00,0
2012-09-28,2012-09-27 05:30:00+00:00,2012-09-28 01:00:00+00:00,VALID,1,1,2012-09-27,2012-09-27T13:30:00+00:00,2012-09-27T20:00:00+00:00,2012-09-27 20:00:00+00:00,0
2012-10-01,2012-09-28 05:30:00+00:00,2012-10-01 01:00:00+00:00,VALID,1,1,2012-09-28,2012-09-28T13:30:00+00:00,2012-09-28T20:00:00+00:00,2012-09-28 20:00:00+00:00,0
2012-10-02,2012-10-01 05:30:00+00:00,2012-10-02 01:00:00+00:00,VALID,1,1,2012-10-01,2012-10-01T13:30:00+00:00,2012-10-01T20:00:00+00:00,2012-10-01 20:00:00+00:00,0
2012-10-03,2012-10-02 05:30:00+00:00,2012-10-03 01:00:00+00:00,VALID,1,1,2012-10-02,2012-10-02T13:30:00+00:00,2012-10-02T20:00:00+00:00,2012-10-02 20:00:00+00:00,0
2012-10-04,2012-10-03 05:30:00+00:00,2012-10-04 01:00:00+00:00,VALID,1,1,2012-10-03,2012-10-03T13:30:00+00:00,2012-10-03T20:00:00+00:00,2012-10-03 20:00:00+00:00,0
2012-10-05,2012-10-04 05:30:00+00:00,2012-10-05 01:00:00+00:00,VALID,1,1,2012-10-04,2012-10-04T13:30:00+00:00,2012-10-04T20:00:00+00:00,2012-10-04 20:00:00+00:00,0
2012-10-08,2012-10-05 05:30:00+00:00,2012-10-08 01:00:00+00:00,VALID,1,1,2012-10-05,2012-10-05T13:30:00+00:00,2012-10-05T20:00:00+00:00,2012-10-05 20:00:00+00:00,0
2012-10-09,2012-10-08 05:30:00+00:00,2012-10-09 01:00:00+00:00,VALID,1,1,2012-10-08,2012-10-08T13:30:00+00:00,2012-10-08T20:00:00+00:00,2012-10-08 20:00:00+00:00,0
2012-10-11,2012-10-09 05:30:00+00:00,2012-10-11 01:00:00+00:00,VALID,2,2,2012-10-09;2012-10-10,2012-10-09T13:30:00+00:00;2012-10-10T13:30:00+00:00,2012-10-09T20:00:00+00:00;2012-10-10T20:00:00+00:00,2012-10-10 20:00:00+00:00,0
2012-10-12,2012-10-11 05:30:00+00:00,2012-10-12 01:00:00+00:00,VALID,1,1,2012-10-11,2012-10-11T13:30:00+00:00,2012-10-11T20:00:00+00:00,2012-10-11 20:00:00+00:00,0
2012-10-15,2012-10-12 05:30:00+00:00,2012-10-15 01:00:00+00:00,VALID,1,1,2012-10-12,2012-10-12T13:30:00+00:00,2012-10-12T20:00:00+00:00,2012-10-12 20:00:00+00:00,0
2012-10-16,2012-10-15 05:30:00+00:00,2012-10-16 01:00:00+00:00,VALID,1,1,2012-10-15,2012-10-15T13:30:00+00:00,2012-10-15T20:00:00+00:00,2012-10-15 20:00:00+00:00,0
2012-10-17,2012-10-16 05:30:00+00:00,2012-10-17 01:00:00+00:00,VALID,1,1,2012-10-16,2012-10-16T13:30:00+00:00,2012-10-16T20:00:00+00:00,2012-10-16 20:00:00+00:00,0
2012-10-18,2012-10-17 05:30:00+00:00,2012-10-18 01:00:00+00:00,VALID,1,1,2012-10-17,2012-10-17T13:30:00+00:00,2012-10-17T20:00:00+00:00,2012-10-17 20:00:00+00:00,0
2012-10-19,2012-10-18 05:30:00+00:00,2012-10-19 01:00:00+00:00,VALID,1,1,2012-10-18,2012-10-18T13:30:00+00:00,2012-10-18T20:00:00+00:00,2012-10-18 20:00:00+00:00,0
2012-10-22,2012-10-19 05:30:00+00:00,2012-10-22 01:00:00+00:00,VALID,1,1,2012-10-19,2012-10-19T13:30:00+00:00,2012-10-19T20:00:00+00:00,2012-10-19 20:00:00+00:00,0
2012-10-23,2012-10-22 05:30:00+00:00,2012-10-23 01:00:00+00:00,VALID,1,1,2012-10-22,2012-10-22T13:30:00+00:00,2012-10-22T20:00:00+00:00,2012-10-22 20:00:00+00:00,0
2012-10-24,2012-10-23 05:30:00+00:00,2012-10-24 01:00:00+00:00,VALID,1,1,2012-10-23,2012-10-23T13:30:00+00:00,2012-10-23T20:00:00+00:00,2012-10-23 20:00:00+00:00,0
2012-10-25,2012-10-24 05:30:00+00:00,2012-10-25 01:00:00+00:00,VALID,1,1,2012-10-24,2012-10-24T13:30:00+00:00,2012-10-24T20:00:00+00:00,2012-10-24 20:00:00+00:00,0
2012-10-26,2012-10-25 05:30:00+00:00,2012-10-26 01:00:00+00:00,VALID,1,1,2012-10-25,2012-10-25T13:30:00+00:00,2012-10-25T20:00:00+00:00,2012-10-25 20:00:00+00:00,0
2012-10-29,2012-10-26 05:30:00+00:00,2012-10-29 01:00:00+00:00,VALID,1,1,2012-10-26,2012-10-26T13:30:00+00:00,2012-10-26T20:00:00+00:00,2012-10-26 20:00:00+00:00,0
2012-10-30,2012-10-29 05:30:00+00:00,2012-10-30 01:00:00+00:00,EMPTY_US_WINDOW,0,0,,,,,0
2012-10-31,2012-10-30 05:30:00+00:00,2012-10-31 01:00:00+00:00,EMPTY_US_WINDOW,0,0,,,,,0
2012-11-01,2012-10-31 05:30:00+00:00,2012-11-01 01:00:00+00:00,VALID,1,1,2012-10-31,2012-10-31T13:30:00+00:00,2012-10-31T20:00:00+00:00,2012-10-31 20:00:00+00:00,0
2012-11-02,2012-11-01 05:30:00+00:00,2012-11-02 01:00:00+00:00,VALID,1,1,2012-11-01,2012-11-01T13:30:00+00:00,2012-11-01T20:00:00+00:00,2012-11-01 20:00:00+00:00,0
2012-11-05,2012-11-02 05:30:00+00:00,2012-11-05 01:00:00+00:00,VALID,1,1,2012-11-02,2012-11-02T13:30:00+00:00,2012-11-02T20:00:00+00:00,2012-11-02 20:00:00+00:00,0
2012-11-06,2012-11-05 05:30:00+00:00,2012-11-06 01:00:00+00:00,VALID,1,1,2012-11-05,2012-11-05T14:30:00+00:00,2012-11-05T21:00:00+00:00,2012-11-05 21:00:00+00:00,0
2012-11-07,2012-11-06 05:30:00+00:00,2012-11-07 01:00:00+00:00,VALID,1,1,2012-11-06,2012-11-06T14:30:00+00:00,2012-11-06T21:00:00+00:00,2012-11-06 21:00:00+00:00,0
2012-11-08,2012-11-07 05:30:00+00:00,2012-11-08 01:00:00+00:00,VALID,1,1,2012-11-07,2012-11-07T14:30:00+00:00,2012-11-07T21:00:00+00:00,2012-11-07 21:00:00+00:00,0
2012-11-09,2012-11-08 05:30:00+00:00,2012-11-09 01:00:00+00:00,VALID,1,1,2012-11-08,2012-11-08T14:30:00+00:00,2012-11-08T21:00:00+00:00,2012-11-08 21:00:00+00:00,0
2012-11-12,2012-11-09 05:30:00+00:00,2012-11-12 01:00:00+00:00,VALID,1,1,2012-11-09,2012-11-09T14:30:00+00:00,2012-11-09T21:00:00+00:00,2012-11-09 21:00:00+00:00,0
2012-11-13,2012-11-12 05:30:00+00:00,2012-11-13 01:00:00+00:00,VALID,1,1,2012-11-12,2012-11-12T14:30:00+00:00,2012-11-12T21:00:00+00:00,2012-11-12 21:00:00+00:00,0
2012-11-14,2012-11-13 05:30:00+00:00,2012-11-14 01:00:00+00:00,VALID,1,1,2012-11-13,2012-11-13T14:30:00+00:00,2012-11-13T21:00:00+00:00,2012-11-13 21:00:00+00:00,0
2012-11-15,2012-11-14 05:30:00+00:00,2012-11-15 01:00:00+00:00,VALID,1,1,2012-11-14,2012-11-14T14:30:00+00:00,2012-11-14T21:00:00+00:00,2012-11-14 21:00:00+00:00,0
2012-11-16,2012-11-15 05:30:00+00:00,2012-11-16 01:00:00+00:00,VALID,1,1,2012-11-15,2012-11-15T14:30:00+00:00,2012-11-15T21:00:00+00:00,2012-11-15 21:00:00+00:00,0
2012-11-19,2012-11-16 05:30:00+00:00,2012-11-19 01:00:00+00:00,VALID,1,1,2012-11-16,2012-11-16T14:30:00+00:00,2012-11-16T21:00:00+00:00,2012-11-16 21:00:00+00:00,0
2012-11-20,2012-11-19 05:30:00+00:00,2012-11-20 01:00:00+00:00,VALID,1,1,2012-11-19,2012-11-19T14:30:00+00:00,2012-11-19T21:00:00+00:00,2012-11-19 21:00:00+00:00,0
2012-11-21,2012-11-20 05:30:00+00:00,2012-11-21 01:00:00+00:00,VALID,1,1,2012-11-20,2012-11-20T14:30:00+00:00,2012-11-20T21:00:00+00:00,2012-11-20 21:00:00+00:00,0
2012-11-22,2012-11-21 05:30:00+00:00,2012-11-22 01:00:00+00:00,VALID,1,1,2012-11-21,2012-11-21T14:30:00+00:00,2012-11-21T21:00:00+00:00,2012-11-21 21:00:00+00:00,0
2012-11-23,2012-11-22 05:30:00+00:00,2012-11-23 01:00:00+00:00,EMPTY_US_WINDOW,0,0,,,,,0
2012-11-26,2012-11-23 05:30:00+00:00,2012-11-26 01:00:00+00:00,VALID,1,1,2012-11-23,2012-11-23T14:30:00+00:00,2012-11-23T18:00:00+00:00,2012-11-23 18:00:00+00:00,1
2012-11-27,2012-11-26 05:30:00+00:00,2012-11-27 01:00:00+00:00,VALID,1,1,2012-11-26,2012-11-26T14:30:00+00:00,2012-11-26T21:00:00+00:00,2012-11-26 21:00:00+00:00,0
2012-11-28,2012-11-27 05:30:00+00:00,2012-11-28 01:00:00+00:00,VALID,1,1,2012-11-27,2012-11-27T14:30:00+00:00,2012-11-27T21:00:00+00:00,2012-11-27 21:00:00+00:00,0
2012-11-29,2012-11-28 05:30:00+00:00,2012-11-29 01:00:00+00:00,VALID,1,1,2012-11-28,2012-11-28T14:30:00+00:00,2012-11-28T21:00:00+00:00,2012-11-28 21:00:00+00:00,0
2012-11-30,2012-11-29 05:30:00+00:00,2012-11-30 01:00:00+00:00,VALID,1,1,2012-11-29,2012-11-29T14:30:00+00:00,2012-11-29T21:00:00+00:00,2012-11-29 21:00:00+00:00,0
2012-12-03,2012-11-30 05:30:00+00:00,2012-12-03 01:00:00+00:00,VALID,1,1,2012-11-30,2012-11-30T14:30:00+00:00,2012-11-30T21:00:00+00:00,2012-11-30 21:00:00+00:00,0
2012-12-04,2012-12-03 05:30:00+00:00,2012-12-04 01:00:00+00:00,VALID,1,1,2012-12-03,2012-12-03T14:30:00+00:00,2012-12-03T21:00:00+00:00,2012-12-03 21:00:00+00:00,0
2012-12-05,2012-12-04 05:30:00+00:00,2012-12-05 01:00:00+00:00,VALID,1,1,2012-12-04,2012-12-04T14:30:00+00:00,2012-12-04T21:00:00+00:00,2012-12-04 21:00:00+00:00,0
2012-12-06,2012-12-05 05:30:00+00:00,2012-12-06 01:00:00+00:00,VALID,1,1,2012-12-05,2012-12-05T14:30:00+00:00,2012-12-05T21:00:00+00:00,2012-12-05 21:00:00+00:00,0
2012-12-07,2012-12-06 05:30:00+00:00,2012-12-07 01:00:00+00:00,VALID,1,1,2012-12-06,2012-12-06T14:30:00+00:00,2012-12-06T21:00:00+00:00,2012-12-06 21:00:00+00:00,0
2012-12-10,2012-12-07 05:30:00+00:00,2012-12-10 01:00:00+00:00,VALID,1,1,2012-12-07,2012-12-07T14:30:00+00:00,2012-12-07T21:00:00+00:00,2012-12-07 21:00:00+00:00,0
2012-12-11,2012-12-10 05:30:00+00:00,2012-12-11 01:00:00+00:00,VALID,1,1,2012-12-10,2012-12-10T14:30:00+00:00,2012-12-10T21:00:00+00:00,2012-12-10 21:00:00+00:00,0
2012-12-12,2012-12-11 05:30:00+00:00,2012-12-12 01:00:00+00:00,VALID,1,1,2012-12-11,2012-12-11T14:30:00+00:00,2012-12-11T21:00:00+00:00,2012-12-11 21:00:00+00:00,0
2012-12-13,2012-12-12 05:30:00+00:00,2012-12-13 01:00:00+00:00,VALID,1,1,2012-12-12,2012-12-12T14:30:00+00:00,2012-12-12T21:00:00+00:00,2012-12-12 21:00:00+00:00,0
2012-12-14,2012-12-13 05:30:00+00:00,2012-12-14 01:00:00+00:00,VALID,1,1,2012-12-13,2012-12-13T14:30:00+00:00,2012-12-13T21:00:00+00:00,2012-12-13 21:00:00+00:00,0
2012-12-17,2012-12-14 05:30:00+00:00,2012-12-17 01:00:00+00:00,VALID,1,1,2012-12-14,2012-12-14T14:30:00+00:00,2012-12-14T21:00:00+00:00,2012-12-14 21:00:00+00:00,0
2012-12-18,2012-12-17 05:30:00+00:00,2012-12-18 01:00:00+00:00,VALID,1,1,2012-12-17,2012-12-17T14:30:00+00:00,2012-12-17T21:00:00+00:00,2012-12-17 21:00:00+00:00,0
2012-12-19,2012-12-18 05:30:00+00:00,2012-12-19 01:00:00+00:00,VALID,1,1,2012-12-18,2012-12-18T14:30:00+00:00,2012-12-18T21:00:00+00:00,2012-12-18 21:00:00+00:00,0
2012-12-20,2012-12-19 05:30:00+00:00,2012-12-20 01:00:00+00:00,VALID,1,1,2012-12-19,2012-12-19T14:30:00+00:00,2012-12-19T21:00:00+00:00,2012-12-19 21:00:00+00:00,0
2012-12-21,2012-12-20 05:30:00+00:00,2012-12-21 01:00:00+00:00,VALID,1,1,2012-12-20,2012-12-20T14:30:00+00:00,2012-12-20T21:00:00+00:00,2012-12-20 21:00:00+00:00,0
2012-12-22,2012-12-21 05:30:00+00:00,2012-12-22 01:00:00+00:00,VALID,1,1,2012-12-21,2012-12-21T14:30:00+00:00,2012-12-21T21:00:00+00:00,2012-12-21 21:00:00+00:00,0
2012-12-24,2012-12-22 05:30:00+00:00,2012-12-24 01:00:00+00:00,EMPTY_US_WINDOW,0,0,,,,,0
2012-12-25,2012-12-24 05:30:00+00:00,2012-12-25 01:00:00+00:00,VALID,1,1,2012-12-24,2012-12-24T14:30:00+00:00,2012-12-24T18:00:00+00:00,2012-12-24 18:00:00+00:00,1
2012-12-26,2012-12-25 05:30:00+00:00,2012-12-26 01:00:00+00:00,EMPTY_US_WINDOW,0,0,,,,,0
2012-12-27,2012-12-26 05:30:00+00:00,2012-12-27 01:00:00+00:00,VALID,1,1,2012-12-26,2012-12-26T14:30:00+00:00,2012-12-26T21:00:00+00:00,2012-12-26 21:00:00+00:00,0
2012-12-28,2012-12-27 05:30:00+00:00,2012-12-28 01:00:00+00:00,VALID,1,1,2012-12-27,2012-12-27T14:30:00+00:00,2012-12-27T21:00:00+00:00,2012-12-27 21:00:00+00:00,0
2013-01-02,2012-12-28 05:30:00+00:00,2013-01-02 01:00:00+00:00,VALID,2,2,2012-12-28;2012-12-31,2012-12-28T14:30:00+00:00;2012-12-31T14:30:00+00:00,2012-12-28T21:00:00+00:00;2012-12-31T21:00:00+00:00,2012-12-31 21:00:00+00:00,0
2013-01-03,2013-01-02 05:30:00+00:00,2013-01-03 01:00:00+00:00,VALID,1,1,2013-01-02,2013-01-02T14:30:00+00:00,2013-01-02T21:00:00+00:00,2013-01-02 21:00:00+00:00,0
2013-01-04,2013-01-03 05:30:00+00:00,2013-01-04 01:00:00+00:00,VALID,1,1,2013-01-03,2013-01-03T14:30:00+00:00,2013-01-03T21:00:00+00:00,2013-01-03 21:00:00+00:00,0
2013-01-07,2013-01-04 05:30:00+00:00,2013-01-07 01:00:00+00:00,VALID,1,1,2013-01-04,2013-01-04T14:30:00+00:00,2013-01-04T21:00:00+00:00,2013-01-04 21:00:00+00:00,0
2013-01-08,2013-01-07 05:30:00+00:00,2013-01-08 01:00:00+00:00,VALID,1,1,2013-01-07,2013-01-07T14:30:00+00:00,2013-01-07T21:00:00+00:00,2013-01-07 21:00:00+00:00,0
2013-01-09,2013-01-08 05:30:00+00:00,2013-01-09 01:00:00+00:00,VALID,1,1,2013-01-08,2013-01-08T14:30:00+00:00,2013-01-08T21:00:00+00:00,2013-01-08 21:00:00+00:00,0
2013-01-10,2013-01-09 05:30:00+00:00,2013-01-10 01:00:00+00:00,VALID,1,1,2013-01-09,2013-01-09T14:30:00+00:00,2013-01-09T21:00:00+00:00,2013-01-09 21:00:00+00:00,0
2013-01-11,2013-01-10 05:30:00+00:00,2013-01-11 01:00:00+00:00,VALID,1,1,2013-01-10,2013-01-10T14:30:00+00:00,2013-01-10T21:00:00+00:00,2013-01-10 21:00:00+00:00,0
2013-01-14,2013-01-11 05:30:00+00:00,2013-01-14 01:00:00+00:00,VALID,1,1,2013-01-11,2013-01-11T14:30:00+00:00,2013-01-11T21:00:00+00:00,2013-01-11 21:00:00+00:00,0
2013-01-15,2013-01-14 05:30:00+00:00,2013-01-15 01:00:00+00:00,VALID,1,1,2013-01-14,2013-01-14T14:30:00+00:00,2013-01-14T21:00:00+00:00,2013-01-14 21:00:00+00:00,0
2013-01-16,2013-01-15 05:30:00+00:00,2013-01-16 01:00:00+00:00,VALID,1,1,2013-01-15,2013-01-15T14:30:00+00:00,2013-01-15T21:00:00+00:00,2013-01-15 21:00:00+00:00,0
2013-01-17,2013-01-16 05:30:00+00:00,2013-01-17 01:00:00+00:00,VALID,1,1,2013-01-16,2013-01-16T14:30:00+00:00,2013-01-16T21:00:00+00:00,2013-01-16 21:00:00+00:00,0
2013-01-18,2013-01-17 05:30:00+00:00,2013-01-18 01:00:00+00:00,VALID,1,1,2013-01-17,2013-01-17T14:30:00+00:00,2013-01-17T21:00:00+00:00,2013-01-17 21:00:00+00:00,0
2013-01-21,2013-01-18 05:30:00+00:00,2013-01-21 01:00:00+00:00,VALID,1,1,2013-01-18,2013-01-18T14:30:00+00:00,2013-01-18T21:00:00+00:00,2013-01-18 21:00:00+00:00,0
2013-01-22,2013-01-21 05:30:00+00:00,2013-01-22 01:00:00+00:00,EMPTY_US_WINDOW,0,0,,,,,0
2013-01-23,2013-01-22 05:30:00+00:00,2013-01-23 01:00:00+00:00,VALID,1,1,2013-01-22,2013-01-22T14:30:00+00:00,2013-01-22T21:00:00+00:00,2013-01-22 21:00:00+00:00,0
2013-01-24,2013-01-23 05:30:00+00:00,2013-01-24 01:00:00+00:00,VALID,1,1,2013-01-23,2013-01-23T14:30:00+00:00,2013-01-23T21:00:00+00:00,2013-01-23 21:00:00+00:00,0
2013-01-25,2013-01-24 05:30:00+00:00,2013-01-25 01:00:00+00:00,VALID,1,1,2013-01-24,2013-01-24T14:30:00+00:00,2013-01-24T21:00:00+00:00,2013-01-24 21:00:00+00:00,0
2013-01-28,2013-01-25 05:30:00+00:00,2013-01-28 01:00:00+00:00,VALID,1,1,2013-01-25,2013-01-25T14:30:00+00:00,2013-01-25T21:00:00+00:00,2013-01-25 21:00:00+00:00,0
2013-01-29,2013-01-28 05:30:00+00:00,2013-01-29 01:00:00+00:00,VALID,1,1,2013-01-28,2013-01-28T14:30:00+00:00,2013-01-28T21:00:00+00:00,2013-01-28 21:00:00+00:00,0
2013-01-30,2013-01-29 05:30:00+00:00,2013-01-30 01:00:00+00:00,VALID,1,1,2013-01-29,2013-01-29T14:30:00+00:00,2013-01-29T21:00:00+00:00,2013-01-29 21:00:00+00:00,0
2013-01-31,2013-01-30 05:30:00+00:00,2013-01-31 01:00:00+00:00,VALID,1,1,2013-01-30,2013-01-30T14:30:00+00:00,2013-01-30T21:00:00+00:00,2013-01-30 21:00:00+00:00,0
2013-02-01,2013-01-31 05:30:00+00:00,2013-02-01 01:00:00+00:00,VALID,1,1,2013-01-31,2013-01-31T14:30:00+00:00,2013-01-31T21:00:00+00:00,2013-01-31 21:00:00+00:00,0
2013-02-04,2013-02-01 05:30:00+00:00,2013-02-04 01:00:00+00:00,VALID,1,1,2013-02-01,2013-02-01T14:30:00+00:00,2013-02-01T21:00:00+00:00,2013-02-01 21:00:00+00:00,0
2013-02-05,2013-02-04 05:30:00+00:00,2013-02-05 01:00:00+00:00,VALID,1,1,2013-02-04,2013-02-04T14:30:00+00:00,2013-02-04T21:00:00+00:00,2013-02-04 21:00:00+00:00,0
2013-02-06,2013-02-05 05:30:00+00:00,2013-02-06 01:00:00+00:00,VALID,1,1,2013-02-05,2013-02-05T14:30:00+00:00,2013-02-05T21:00:00+00:00,2013-02-05 21:00:00+00:00,0
2013-02-18,2013-02-06 05:30:00+00:00,2013-02-18 01:00:00+00:00,VALID,8,8,2013-02-06;2013-02-07;2013-02-08;2013-02-11;2013-02-12;2013-02-13;2013-02-14;2013-02-15,2013-02-06T14:30:00+00:00;2013-02-07T14:30:00+00:00;2013-02-08T14:30:00+00:00;2013-02-11T14:30:00+00:00;2013-02-12T14:30:00+00:00;2013-02-13T14:30:00+00:00;2013-02-14T14:30:00+00:00;2013-02-15T14:30:00+00:00,2013-02-06T21:00:00+00:00;2013-02-07T21:00:00+00:00;2013-02-08T21:00:00+00:00;2013-02-11T21:00:00+00:00;2013-02-12T21:00:00+00:00;2013-02-13T21:00:00+00:00;2013-02-14T21:00:00+00:00;2013-02-15T21:00:00+00:00,2013-02-15 21:00:00+00:00,0
2013-02-19,2013-02-18 05:30:00+00:00,2013-02-19 01:00:00+00:00,EMPTY_US_WINDOW,0,0,,,,,0
2013-02-20,2013-02-19 05:30:00+00:00,2013-02-20 01:00:00+00:00,VALID,1,1,2013-02-19,2013-02-19T14:30:00+00:00,2013-02-19T21:00:00+00:00,2013-02-19 21:00:00+00:00,0
2013-02-21,2013-02-20 05:30:00+00:00,2013-02-21 01:00:00+00:00,VALID,1,1,2013-02-20,2013-02-20T14:30:00+00:00,2013-02-20T21:00:00+00:00,2013-02-20 21:00:00+00:00,0
2013-02-22,2013-02-21 05:30:00+00:00,2013-02-22 01:00:00+00:00,VALID,1,1,2013-02-21,2013-02-21T14:30:00+00:00,2013-02-21T21:00:00+00:00,2013-02-21 21:00:00+00:00,0
2013-02-23,2013-02-22 05:30:00+00:00,2013-02-23 01:00:00+00:00,VALID,1,1,2013-02-22,2013-02-22T14:30:00+00:00,2013-02-22T21:00:00+00:00,2013-02-22 21:00:00+00:00,0
2013-02-25,2013-02-23 05:30:00+00:00,2013-02-25 01:00:00+00:00,EMPTY_US_WINDOW,0,0,,,,,0
2013-02-26,2013-02-25 05:30:00+00:00,2013-02-26 01:00:00+00:00,VALID,1,1,2013-02-25,2013-02-25T14:30:00+00:00,2013-02-25T21:00:00+00:00,2013-02-25 21:00:00+00:00,0
2013-02-27,2013-02-26 05:30:00+00:00,2013-02-27 01:00:00+00:00,VALID,1,1,2013-02-26,2013-02-26T14:30:00+00:00,2013-02-26T21:00:00+00:00,2013-02-26 21:00:00+00:00,0
2013-03-01,2013-02-27 05:30:00+00:00,2013-03-01 01:00:00+00:00,VALID,2,2,2013-02-27;2013-02-28,2013-02-27T14:30:00+00:00;2013-02-28T14:30:00+00:00,2013-02-27T21:00:00+00:00;2013-02-28T21:00:00+00:00,2013-02-28 21:00:00+00:00,0
2013-03-04,2013-03-01 05:30:00+00:00,2013-03-04 01:00:00+00:00,VALID,1,1,2013-03-01,2013-03-01T14:30:00+00:00,2013-03-01T21:00:00+00:00,2013-03-01 21:00:00+00:00,0
2013-03-05,2013-03-04 05:30:00+00:00,2013-03-05 01:00:00+00:00,VALID,1,1,2013-03-04,2013-03-04T14:30:00+00:00,2013-03-04T21:00:00+00:00,2013-03-04 21:00:00+00:00,0
2013-03-06,2013-03-05 05:30:00+00:00,2013-03-06 01:00:00+00:00,VALID,1,1,2013-03-05,2013-03-05T14:30:00+00:00,2013-03-05T21:00:00+00:00,2013-03-05 21:00:00+00:00,0
2013-03-07,2013-03-06 05:30:00+00:00,2013-03-07 01:00:00+00:00,VALID,1,1,2013-03-06,2013-03-06T14:30:00+00:00,2013-03-06T21:00:00+00:00,2013-03-06 21:00:00+00:00,0
2013-03-08,2013-03-07 05:30:00+00:00,2013-03-08 01:00:00+00:00,VALID,1,1,2013-03-07,2013-03-07T14:30:00+00:00,2013-03-07T21:00:00+00:00,2013-03-07 21:00:00+00:00,0
2013-03-11,2013-03-08 05:30:00+00:00,2013-03-11 01:00:00+00:00,VALID,1,1,2013-03-08,2013-03-08T14:30:00+00:00,2013-03-08T21:00:00+00:00,2013-03-08 21:00:00+00:00,0
2013-03-12,2013-03-11 05:30:00+00:00,2013-03-12 01:00:00+00:00,VALID,1,1,2013-03-11,2013-03-11T13:30:00+00:00,2013-03-11T20:00:00+00:00,2013-03-11 20:00:00+00:00,0
2013-03-13,2013-03-12 05:30:00+00:00,2013-03-13 01:00:00+00:00,VALID,1,1,2013-03-12,2013-03-12T13:30:00+00:00,2013-03-12T20:00:00+00:00,2013-03-12 20:00:00+00:00,0
2013-03-14,2013-03-13 05:30:00+00:00,2013-03-14 01:00:00+00:00,VALID,1,1,2013-03-13,2013-03-13T13:30:00+00:00,2013-03-13T20:00:00+00:00,2013-03-13 20:00:00+00:00,0
2013-03-15,2013-03-14 05:30:00+00:00,2013-03-15 01:00:00+00:00,VALID,1,1,2013-03-14,2013-03-14T13:30:00+00:00,2013-03-14T20:00:00+00:00,2013-03-14 20:00:00+00:00,0
2013-03-18,2013-03-15 05:30:00+00:00,2013-03-18 01:00:00+00:00,VALID,1,1,2013-03-15,2013-03-15T13:30:00+00:00,2013-03-15T20:00:00+00:00,2013-03-15 20:00:00+00:00,0
2013-03-19,2013-03-18 05:30:00+00:00,2013-03-19 01:00:00+00:00,VALID,1,1,2013-03-18,2013-03-18T13:30:00+00:00,2013-03-18T20:00:00+00:00,2013-03-18 20:00:00+00:00,0
2013-03-20,2013-03-19 05:30:00+00:00,2013-03-20 01:00:00+00:00,VALID,1,1,2013-03-19,2013-03-19T13:30:00+00:00,2013-03-19T20:00:00+00:00,2013-03-19 20:00:00+00:00,0
2013-03-21,2013-03-20 05:30:00+00:00,2013-03-21 01:00:00+00:00,VALID,1,1,2013-03-20,2013-03-20T13:30:00+00:00,2013-03-20T20:00:00+00:00,2013-03-20 20:00:00+00:00,0
2013-03-22,2013-03-21 05:30:00+00:00,2013-03-22 01:00:00+00:00,VALID,1,1,2013-03-21,2013-03-21T13:30:00+00:00,2013-03-21T20:00:00+00:00,2013-03-21 20:00:00+00:00,0
2013-03-25,2013-03-22 05:30:00+00:00,2013-03-25 01:00:00+00:00,VALID,1,1,2013-03-22,2013-03-22T13:30:00+00:00,2013-03-22T20:00:00+00:00,2013-03-22 20:00:00+00:00,0
2013-03-26,2013-03-25 05:30:00+00:00,2013-03-26 01:00:00+00:00,VALID,1,1,2013-03-25,2013-03-25T13:30:00+00:00,2013-03-25T20:00:00+00:00,2013-03-25 20:00:00+00:00,0
2013-03-27,2013-03-26 05:30:00+00:00,2013-03-27 01:00:00+00:00,VALID,1,1,2013-03-26,2013-03-26T13:30:00+00:00,2013-03-26T20:00:00+00:00,2013-03-26 20:00:00+00:00,0
2013-03-28,2013-03-27 05:30:00+00:00,2013-03-28 01:00:00+00:00,VALID,1,1,2013-03-27,2013-03-27T13:30:00+00:00,2013-03-27T20:00:00+00:00,2013-03-27 20:00:00+00:00,0
2013-03-29,2013-03-28 05:30:00+00:00,2013-03-29 01:00:00+00:00,VALID,1,1,2013-03-28,2013-03-28T13:30:00+00:00,2013-03-28T20:00:00+00:00,2013-03-28 20:00:00+00:00,0
2013-04-01,2013-03-29 05:30:00+00:00,2013-04-01 01:00:00+00:00,EMPTY_US_WINDOW,0,0,,,,,0
2013-04-02,2013-04-01 05:30:00+00:00,2013-04-02 01:00:00+00:00,VALID,1,1,2013-04-01,2013-04-01T13:30:00+00:00,2013-04-01T20:00:00+00:00,2013-04-01 20:00:00+00:00,0
2013-04-03,2013-04-02 05:30:00+00:00,2013-04-03 01:00:00+00:00,VALID,1,1,2013-04-02,2013-04-02T13:30:00+00:00,2013-04-02T20:00:00+00:00,2013-04-02 20:00:00+00:00,0
2013-04-08,2013-04-03 05:30:00+00:00,2013-04-08 01:00:00+00:00,VALID,3,3,2013-04-03;2013-04-04;2013-04-05,2013-04-03T13:30:00+00:00;2013-04-04T13:30:00+00:00;2013-04-05T13:30:00+00:00,2013-04-03T20:00:00+00:00;2013-04-04T20:00:00+00:00;2013-04-05T20:00:00+00:00,2013-04-05 20:00:00+00:00,0
2013-04-09,2013-04-08 05:30:00+00:00,2013-04-09 01:00:00+00:00,VALID,1,1,2013-04-08,2013-04-08T13:30:00+00:00,2013-04-08T20:00:00+00:00,2013-04-08 20:00:00+00:00,0
2013-04-10,2013-04-09 05:30:00+00:00,2013-04-10 01:00:00+00:00,VALID,1,1,2013-04-09,2013-04-09T13:30:00+00:00,2013-04-09T20:00:00+00:00,2013-04-09 20:00:00+00:00,0
2013-04-11,2013-04-10 05:30:00+00:00,2013-04-11 01:00:00+00:00,VALID,1,1,2013-04-10,2013-04-10T13:30:00+00:00,2013-04-10T20:00:00+00:00,2013-04-10 20:00:00+00:00,0
2013-04-12,2013-04-11 05:30:00+00:00,2013-04-12 01:00:00+00:00,VALID,1,1,2013-04-11,2013-04-11T13:30:00+00:00,2013-04-11T20:00:00+00:00,2013-04-11 20:00:00+00:00,0
2013-04-15,2013-04-12 05:30:00+00:00,2013-04-15 01:00:00+00:00,VALID,1,1,2013-04-12,2013-04-12T13:30:00+00:00,2013-04-12T20:00:00+00:00,2013-04-12 20:00:00+00:00,0
2013-04-16,2013-04-15 05:30:00+00:00,2013-04-16 01:00:00+00:00,VALID,1,1,2013-04-15,2013-04-15T13:30:00+00:00,2013-04-15T20:00:00+00:00,2013-04-15 20:00:00+00:00,0
2013-04-17,2013-04-16 05:30:00+00:00,2013-04-17 01:00:00+00:00,VALID,1,1,2013-04-16,2013-04-16T13:30:00+00:00,2013-04-16T20:00:00+00:00,2013-04-16 20:00:00+00:00,0
2013-04-18,2013-04-17 05:30:00+00:00,2013-04-18 01:00:00+00:00,VALID,1,1,2013-04-17,2013-04-17T13:30:00+00:00,2013-04-17T20:00:00+00:00,2013-04-17 20:00:00+00:00,0
2013-04-19,2013-04-18 05:30:00+00:00,2013-04-19 01:00:00+00:00,VALID,1,1,2013-04-18,2013-04-18T13:30:00+00:00,2013-04-18T20:00:00+00:00,2013-04-18 20:00:00+00:00,0
2013-04-22,2013-04-19 05:30:00+00:00,2013-04-22 01:00:00+00:00,VALID,1,1,2013-04-19,2013-04-19T13:30:00+00:00,2013-04-19T20:00:00+00:00,2013-04-19 20:00:00+00:00,0
2013-04-23,2013-04-22 05:30:00+00:00,2013-04-23 01:00:00+00:00,VALID,1,1,2013-04-22,2013-04-22T13:30:00+00:00,2013-04-22T20:00:00+00:00,2013-04-22 20:00:00+00:00,0
2013-04-24,2013-04-23 05:30:00+00:00,2013-04-24 01:00:00+00:00,VALID,1,1,2013-04-23,2013-04-23T13:30:00+00:00,2013-04-23T20:00:00+00:00,2013-04-23 20:00:00+00:00,0
2013-04-25,2013-04-24 05:30:00+00:00,2013-04-25 01:00:00+00:00,VALID,1,1,2013-04-24,2013-04-24T13:30:00+00:00,2013-04-24T20:00:00+00:00,2013-04-24 20:00:00+00:00,0
2013-04-26,2013-04-25 05:30:00+00:00,2013-04-26 01:00:00+00:00,VALID,1,1,2013-04-25,2013-04-25T13:30:00+00:00,2013-04-25T20:00:00+00:00,2013-04-25 20:00:00+00:00,0
2013-04-29,2013-04-26 05:30:00+00:00,2013-04-29 01:00:00+00:00,VALID,1,1,2013-04-26,2013-04-26T13:30:00+00:00,2013-04-26T20:00:00+00:00,2013-04-26 20:00:00+00:00,0
2013-04-30,2013-04-29 05:30:00+00:00,2013-04-30 01:00:00+00:00,VALID,1,1,2013-04-29,2013-04-29T13:30:00+00:00,2013-04-29T20:00:00+00:00,2013-04-29 20:00:00+00:00,0
2013-05-02,2013-04-30 05:30:00+00:00,2013-05-02 01:00:00+00:00,VALID,2,2,2013-04-30;2013-05-01,2013-04-30T13:30:00+00:00;2013-05-01T13:30:00+00:00,2013-04-30T20:00:00+00:00;2013-05-01T20:00:00+00:00,2013-05-01 20:00:00+00:00,0
2013-05-03,2013-05-02 05:30:00+00:00,2013-05-03 01:00:00+00:00,VALID,1,1,2013-05-02,2013-05-02T13:30:00+00:00,2013-05-02T20:00:00+00:00,2013-05-02 20:00:00+00:00,0
2013-05-06,2013-05-03 05:30:00+00:00,2013-05-06 01:00:00+00:00,VALID,1,1,2013-05-03,2013-05-03T13:30:00+00:00,2013-05-03T20:00:00+00:00,2013-05-03 20:00:00+00:00,0
2013-05-07,2013-05-06 05:30:00+00:00,2013-05-07 01:00:00+00:00,VALID,1,1,2013-05-06,2013-05-06T13:30:00+00:00,2013-05-06T20:00:00+00:00,2013-05-06 20:00:00+00:00,0
2013-05-08,2013-05-07 05:30:00+00:00,2013-05-08 01:00:00+00:00,VALID,1,1,2013-05-07,2013-05-07T13:30:00+00:00,2013-05-07T20:00:00+00:00,2013-05-07 20:00:00+00:00,0
2013-05-09,2013-05-08 05:30:00+00:00,2013-05-09 01:00:00+00:00,VALID,1,1,2013-05-08,2013-05-08T13:30:00+00:00,2013-05-08T20:00:00+00:00,2013-05-08 20:00:00+00:00,0
2013-05-10,2013-05-09 05:30:00+00:00,2013-05-10 01:00:00+00:00,VALID,1,1,2013-05-09,2013-05-09T13:30:00+00:00,2013-05-09T20:00:00+00:00,2013-05-09 20:00:00+00:00,0
2013-05-13,2013-05-10 05:30:00+00:00,2013-05-13 01:00:00+00:00,VALID,1,1,2013-05-10,2013-05-10T13:30:00+00:00,2013-05-10T20:00:00+00:00,2013-05-10 20:00:00+00:00,0
2013-05-14,2013-05-13 05:30:00+00:00,2013-05-14 01:00:00+00:00,VALID,1,1,2013-05-13,2013-05-13T13:30:00+00:00,2013-05-13T20:00:00+00:00,2013-05-13 20:00:00+00:00,0
2013-05-15,2013-05-14 05:30:00+00:00,2013-05-15 01:00:00+00:00,VALID,1,1,2013-05-14,2013-05-14T13:30:00+00:00,2013-05-14T20:00:00+00:00,2013-05-14 20:00:00+00:00,0
2013-05-16,2013-05-15 05:30:00+00:00,2013-05-16 01:00:00+00:00,VALID,1,1,2013-05-15,2013-05-15T13:30:00+00:00,2013-05-15T20:00:00+00:00,2013-05-15 20:00:00+00:00,0
2013-05-17,2013-05-16 05:30:00+00:00,2013-05-17 01:00:00+00:00,VALID,1,1,2013-05-16,2013-05-16T13:30:00+00:00,2013-05-16T20:00:00+00:00,2013-05-16 20:00:00+00:00,0
2013-05-20,2013-05-17 05:30:00+00:00,2013-05-20 01:00:00+00:00,VALID,1,1,2013-05-17,2013-05-17T13:30:00+00:00,2013-05-17T20:00:00+00:00,2013-05-17 20:00:00+00:00,0
2013-05-21,2013-05-20 05:30:00+00:00,2013-05-21 01:00:00+00:00,VALID,1,1,2013-05-20,2013-05-20T13:30:00+00:00,2013-05-20T20:00:00+00:00,2013-05-20 20:00:00+00:00,0
2013-05-22,2013-05-21 05:30:00+00:00,2013-05-22 01:00:00+00:00,VALID,1,1,2013-05-21,2013-05-21T13:30:00+00:00,2013-05-21T20:00:00+00:00,2013-05-21 20:00:00+00:00,0
2013-05-23,2013-05-22 05:30:00+00:00,2013-05-23 01:00:00+00:00,VALID,1,1,2013-05-22,2013-05-22T13:30:00+00:00,2013-05-22T20:00:00+00:00,2013-05-22 20:00:00+00:00,0
2013-05-24,2013-05-23 05:30:00+00:00,2013-05-24 01:00:00+00:00,VALID,1,1,2013-05-23,2013-05-23T13:30:00+00:00,2013-05-23T20:00:00+00:00,2013-05-23 20:00:00+00:00,0
2013-05-27,2013-05-24 05:30:00+00:00,2013-05-27 01:00:00+00:00,VALID,1,1,2013-05-24,2013-05-24T13:30:00+00:00,2013-05-24T20:00:00+00:00,2013-05-24 20:00:00+00:00,0
2013-05-28,2013-05-27 05:30:00+00:00,2013-05-28 01:00:00+00:00,EMPTY_US_WINDOW,0,0,,,,,0
2013-05-29,2013-05-28 05:30:00+00:00,2013-05-29 01:00:00+00:00,VALID,1,1,2013-05-28,2013-05-28T13:30:00+00:00,2013-05-28T20:00:00+00:00,2013-05-28 20:00:00+00:00,0
2013-05-30,2013-05-29 05:30:00+00:00,2013-05-30 01:00:00+00:00,VALID,1,1,2013-05-29,2013-05-29T13:30:00+00:00,2013-05-29T20:00:00+00:00,2013-05-29 20:00:00+00:00,0
2013-05-31,2013-05-30 05:30:00+00:00,2013-05-31 01:00:00+00:00,VALID,1,1,2013-05-30,2013-05-30T13:30:00+00:00,2013-05-30T20:00:00+00:00,2013-05-30 20:00:00+00:00,0
2013-06-03,2013-05-31 05:30:00+00:00,2013-06-03 01:00:00+00:00,VALID,1,1,2013-05-31,2013-05-31T13:30:00+00:00,2013-05-31T20:00:00+00:00,2013-05-31 20:00:00+00:00,0
2013-06-04,2013-06-03 05:30:00+00:00,2013-06-04 01:00:00+00:00,VALID,1,1,2013-06-03,2013-06-03T13:30:00+00:00,2013-06-03T20:00:00+00:00,2013-06-03 20:00:00+00:00,0
2013-06-05,2013-06-04 05:30:00+00:00,2013-06-05 01:00:00+00:00,VALID,1,1,2013-06-04,2013-06-04T13:30:00+00:00,2013-06-04T20:00:00+00:00,2013-06-04 20:00:00+00:00,0
2013-06-06,2013-06-05 05:30:00+00:00,2013-06-06 01:00:00+00:00,VALID,1,1,2013-06-05,2013-06-05T13:30:00+00:00,2013-06-05T20:00:00+00:00,2013-06-05 20:00:00+00:00,0
2013-06-07,2013-06-06 05:30:00+00:00,2013-06-07 01:00:00+00:00,VALID,1,1,2013-06-06,2013-06-06T13:30:00+00:00,2013-06-06T20:00:00+00:00,2013-06-06 20:00:00+00:00,0
2013-06-10,2013-06-07 05:30:00+00:00,2013-06-10 01:00:00+00:00,VALID,1,1,2013-06-07,2013-06-07T13:30:00+00:00,2013-06-07T20:00:00+00:00,2013-06-07 20:00:00+00:00,0
2013-06-11,2013-06-10 05:30:00+00:00,2013-06-11 01:00:00+00:00,VALID,1,1,2013-06-10,2013-06-10T13:30:00+00:00,2013-06-10T20:00:00+00:00,2013-06-10 20:00:00+00:00,0
2013-06-13,2013-06-11 05:30:00+00:00,2013-06-13 01:00:00+00:00,VALID,2,2,2013-06-11;2013-06-12,2013-06-11T13:30:00+00:00;2013-06-12T13:30:00+00:00,2013-06-11T20:00:00+00:00;2013-06-12T20:00:00+00:00,2013-06-12 20:00:00+00:00,0
2013-06-14,2013-06-13 05:30:00+00:00,2013-06-14 01:00:00+00:00,VALID,1,1,2013-06-13,2013-06-13T13:30:00+00:00,2013-06-13T20:00:00+00:00,2013-06-13 20:00:00+00:00,0
2013-06-17,2013-06-14 05:30:00+00:00,2013-06-17 01:00:00+00:00,VALID,1,1,2013-06-14,2013-06-14T13:30:00+00:00,2013-06-14T20:00:00+00:00,2013-06-14 20:00:00+00:00,0
2013-06-18,2013-06-17 05:30:00+00:00,2013-06-18 01:00:00+00:00,VALID,1,1,2013-06-17,2013-06-17T13:30:00+00:00,2013-06-17T20:00:00+00:00,2013-06-17 20:00:00+00:00,0
2013-06-19,2013-06-18 05:30:00+00:00,2013-06-19 01:00:00+00:00,VALID,1,1,2013-06-18,2013-06-18T13:30:00+00:00,2013-06-18T20:00:00+00:00,2013-06-18 20:00:00+00:00,0
2013-06-20,2013-06-19 05:30:00+00:00,2013-06-20 01:00:00+00:00,VALID,1,1,2013-06-19,2013-06-19T13:30:00+00:00,2013-06-19T20:00:00+00:00,2013-06-19 20:00:00+00:00,0
2013-06-21,2013-06-20 05:30:00+00:00,2013-06-21 01:00:00+00:00,VALID,1,1,2013-06-20,2013-06-20T13:30:00+00:00,2013-06-20T20:00:00+00:00,2013-06-20 20:00:00+00:00,0
2013-06-24,2013-06-21 05:30:00+00:00,2013-06-24 01:00:00+00:00,VALID,1,1,2013-06-21,2013-06-21T13:30:00+00:00,2013-06-21T20:00:00+00:00,2013-06-21 20:00:00+00:00,0
2013-06-25,2013-06-24 05:30:00+00:00,2013-06-25 01:00:00+00:00,VALID,1,1,2013-06-24,2013-06-24T13:30:00+00:00,2013-06-24T20:00:00+00:00,2013-06-24 20:00:00+00:00,0
2013-06-26,2013-06-25 05:30:00+00:00,2013-06-26 01:00:00+00:00,VALID,1,1,2013-06-25,2013-06-25T13:30:00+00:00,2013-06-25T20:00:00+00:00,2013-06-25 20:00:00+00:00,0
2013-06-27,2013-06-26 05:30:00+00:00,2013-06-27 01:00:00+00:00,VALID,1,1,2013-06-26,2013-06-26T13:30:00+00:00,2013-06-26T20:00:00+00:00,2013-06-26 20:00:00+00:00,0
2013-06-28,2013-06-27 05:30:00+00:00,2013-06-28 01:00:00+00:00,VALID,1,1,2013-06-27,2013-06-27T13:30:00+00:00,2013-06-27T20:00:00+00:00,2013-06-27 20:00:00+00:00,0
2013-07-01,2013-06-28 05:30:00+00:00,2013-07-01 01:00:00+00:00,VALID,1,1,2013-06-28,2013-06-28T13:30:00+00:00,2013-06-28T20:00:00+00:00,2013-06-28 20:00:00+00:00,0
2013-07-02,2013-07-01 05:30:00+00:00,2013-07-02 01:00:00+00:00,VALID,1,1,2013-07-01,2013-07-01T13:30:00+00:00,2013-07-01T20:00:00+00:00,2013-07-01 20:00:00+00:00,0
2013-07-03,2013-07-02 05:30:00+00:00,2013-07-03 01:00:00+00:00,VALID,1,1,2013-07-02,2013-07-02T13:30:00+00:00,2013-07-02T20:00:00+00:00,2013-07-02 20:00:00+00:00,0
2013-07-04,2013-07-03 05:30:00+00:00,2013-07-04 01:00:00+00:00,VALID,1,1,2013-07-03,2013-07-03T13:30:00+00:00,2013-07-03T17:00:00+00:00,2013-07-03 17:00:00+00:00,1
2013-07-05,2013-07-04 05:30:00+00:00,2013-07-05 01:00:00+00:00,EMPTY_US_WINDOW,0,0,,,,,0
2013-07-08,2013-07-05 05:30:00+00:00,2013-07-08 01:00:00+00:00,VALID,1,1,2013-07-05,2013-07-05T13:30:00+00:00,2013-07-05T20:00:00+00:00,2013-07-05 20:00:00+00:00,0
2013-07-09,2013-07-08 05:30:00+00:00,2013-07-09 01:00:00+00:00,VALID,1,1,2013-07-08,2013-07-08T13:30:00+00:00,2013-07-08T20:00:00+00:00,2013-07-08 20:00:00+00:00,0
2013-07-10,2013-07-09 05:30:00+00:00,2013-07-10 01:00:00+00:00,VALID,1,1,2013-07-09,2013-07-09T13:30:00+00:00,2013-07-09T20:00:00+00:00,2013-07-09 20:00:00+00:00,0
2013-07-11,2013-07-10 05:30:00+00:00,2013-07-11 01:00:00+00:00,VALID,1,1,2013-07-10,2013-07-10T13:30:00+00:00,2013-07-10T20:00:00+00:00,2013-07-10 20:00:00+00:00,0
2013-07-12,2013-07-11 05:30:00+00:00,2013-07-12 01:00:00+00:00,VALID,1,1,2013-07-11,2013-07-11T13:30:00+00:00,2013-07-11T20:00:00+00:00,2013-07-11 20:00:00+00:00,0
2013-07-15,2013-07-12 05:30:00+00:00,2013-07-15 01:00:00+00:00,VALID,1,1,2013-07-12,2013-07-12T13:30:00+00:00,2013-07-12T20:00:00+00:00,2013-07-12 20:00:00+00:00,0
2013-07-16,2013-07-15 05:30:00+00:00,2013-07-16 01:00:00+00:00,VALID,1,1,2013-07-15,2013-07-15T13:30:00+00:00,2013-07-15T20:00:00+00:00,2013-07-15 20:00:00+00:00,0
2013-07-17,2013-07-16 05:30:00+00:00,2013-07-17 01:00:00+00:00,VALID,1,1,2013-07-16,2013-07-16T13:30:00+00:00,2013-07-16T20:00:00+00:00,2013-07-16 20:00:00+00:00,0
2013-07-18,2013-07-17 05:30:00+00:00,2013-07-18 01:00:00+00:00,VALID,1,1,2013-07-17,2013-07-17T13:30:00+00:00,2013-07-17T20:00:00+00:00,2013-07-17 20:00:00+00:00,0
2013-07-19,2013-07-18 05:30:00+00:00,2013-07-19 01:00:00+00:00,VALID,1,1,2013-07-18,2013-07-18T13:30:00+00:00,2013-07-18T20:00:00+00:00,2013-07-18 20:00:00+00:00,0
2013-07-22,2013-07-19 05:30:00+00:00,2013-07-22 01:00:00+00:00,VALID,1,1,2013-07-19,2013-07-19T13:30:00+00:00,2013-07-19T20:00:00+00:00,2013-07-19 20:00:00+00:00,0
2013-07-23,2013-07-22 05:30:00+00:00,2013-07-23 01:00:00+00:00,VALID,1,1,2013-07-22,2013-07-22T13:30:00+00:00,2013-07-22T20:00:00+00:00,2013-07-22 20:00:00+00:00,0
2013-07-24,2013-07-23 05:30:00+00:00,2013-07-24 01:00:00+00:00,VALID,1,1,2013-07-23,2013-07-23T13:30:00+00:00,2013-07-23T20:00:00+00:00,2013-07-23 20:00:00+00:00,0
2013-07-25,2013-07-24 05:30:00+00:00,2013-07-25 01:00:00+00:00,VALID,1,1,2013-07-24,2013-07-24T13:30:00+00:00,2013-07-24T20:00:00+00:00,2013-07-24 20:00:00+00:00,0
2013-07-26,2013-07-25 05:30:00+00:00,2013-07-26 01:00:00+00:00,VALID,1,1,2013-07-25,2013-07-25T13:30:00+00:00,2013-07-25T20:00:00+00:00,2013-07-25 20:00:00+00:00,0
2013-07-29,2013-07-26 05:30:00+00:00,2013-07-29 01:00:00+00:00,VALID,1,1,2013-07-26,2013-07-26T13:30:00+00:00,2013-07-26T20:00:00+00:00,2013-07-26 20:00:00+00:00,0
2013-07-30,2013-07-29 05:30:00+00:00,2013-07-30 01:00:00+00:00,VALID,1,1,2013-07-29,2013-07-29T13:30:00+00:00,2013-07-29T20:00:00+00:00,2013-07-29 20:00:00+00:00,0
2013-07-31,2013-07-30 05:30:00+00:00,2013-07-31 01:00:00+00:00,VALID,1,1,2013-07-30,2013-07-30T13:30:00+00:00,2013-07-30T20:00:00+00:00,2013-07-30 20:00:00+00:00,0
2013-08-01,2013-07-31 05:30:00+00:00,2013-08-01 01:00:00+00:00,VALID,1,1,2013-07-31,2013-07-31T13:30:00+00:00,2013-07-31T20:00:00+00:00,2013-07-31 20:00:00+00:00,0
2013-08-02,2013-08-01 05:30:00+00:00,2013-08-02 01:00:00+00:00,VALID,1,1,2013-08-01,2013-08-01T13:30:00+00:00,2013-08-01T20:00:00+00:00,2013-08-01 20:00:00+00:00,0
2013-08-05,2013-08-02 05:30:00+00:00,2013-08-05 01:00:00+00:00,VALID,1,1,2013-08-02,2013-08-02T13:30:00+00:00,2013-08-02T20:00:00+00:00,2013-08-02 20:00:00+00:00,0
2013-08-06,2013-08-05 05:30:00+00:00,2013-08-06 01:00:00+00:00,VALID,1,1,2013-08-05,2013-08-05T13:30:00+00:00,2013-08-05T20:00:00+00:00,2013-08-05 20:00:00+00:00,0
2013-08-07,2013-08-06 05:30:00+00:00,2013-08-07 01:00:00+00:00,VALID,1,1,2013-08-06,2013-08-06T13:30:00+00:00,2013-08-06T20:00:00+00:00,2013-08-06 20:00:00+00:00,0
2013-08-08,2013-08-07 05:30:00+00:00,2013-08-08 01:00:00+00:00,VALID,1,1,2013-08-07,2013-08-07T13:30:00+00:00,2013-08-07T20:00:00+00:00,2013-08-07 20:00:00+00:00,0
2013-08-09,2013-08-08 05:30:00+00:00,2013-08-09 01:00:00+00:00,VALID,1,1,2013-08-08,2013-08-08T13:30:00+00:00,2013-08-08T20:00:00+00:00,2013-08-08 20:00:00+00:00,0
2013-08-12,2013-08-09 05:30:00+00:00,2013-08-12 01:00:00+00:00,VALID,1,1,2013-08-09,2013-08-09T13:30:00+00:00,2013-08-09T20:00:00+00:00,2013-08-09 20:00:00+00:00,0
2013-08-13,2013-08-12 05:30:00+00:00,2013-08-13 01:00:00+00:00,VALID,1,1,2013-08-12,2013-08-12T13:30:00+00:00,2013-08-12T20:00:00+00:00,2013-08-12 20:00:00+00:00,0
2013-08-14,2013-08-13 05:30:00+00:00,2013-08-14 01:00:00+00:00,VALID,1,1,2013-08-13,2013-08-13T13:30:00+00:00,2013-08-13T20:00:00+00:00,2013-08-13 20:00:00+00:00,0
2013-08-15,2013-08-14 05:30:00+00:00,2013-08-15 01:00:00+00:00,VALID,1,1,2013-08-14,2013-08-14T13:30:00+00:00,2013-08-14T20:00:00+00:00,2013-08-14 20:00:00+00:00,0
2013-08-16,2013-08-15 05:30:00+00:00,2013-08-16 01:00:00+00:00,VALID,1,1,2013-08-15,2013-08-15T13:30:00+00:00,2013-08-15T20:00:00+00:00,2013-08-15 20:00:00+00:00,0
2013-08-19,2013-08-16 05:30:00+00:00,2013-08-19 01:00:00+00:00,VALID,1,1,2013-08-16,2013-08-16T13:30:00+00:00,2013-08-16T20:00:00+00:00,2013-08-16 20:00:00+00:00,0
2013-08-20,2013-08-19 05:30:00+00:00,2013-08-20 01:00:00+00:00,VALID,1,1,2013-08-19,2013-08-19T13:30:00+00:00,2013-08-19T20:00:00+00:00,2013-08-19 20:00:00+00:00,0
2013-08-22,2013-08-20 05:30:00+00:00,2013-08-22 01:00:00+00:00,VALID,2,2,2013-08-20;2013-08-21,2013-08-20T13:30:00+00:00;2013-08-21T13:30:00+00:00,2013-08-20T20:00:00+00:00;2013-08-21T20:00:00+00:00,2013-08-21 20:00:00+00:00,0
2013-08-23,2013-08-22 05:30:00+00:00,2013-08-23 01:00:00+00:00,VALID,1,1,2013-08-22,2013-08-22T13:30:00+00:00,2013-08-22T20:00:00+00:00,2013-08-22 20:00:00+00:00,0
2013-08-26,2013-08-23 05:30:00+00:00,2013-08-26 01:00:00+00:00,VALID,1,1,2013-08-23,2013-08-23T13:30:00+00:00,2013-08-23T20:00:00+00:00,2013-08-23 20:00:00+00:00,0
2013-08-27,2013-08-26 05:30:00+00:00,2013-08-27 01:00:00+00:00,VALID,1,1,2013-08-26,2013-08-26T13:30:00+00:00,2013-08-26T20:00:00+00:00,2013-08-26 20:00:00+00:00,0
2013-08-28,2013-08-27 05:30:00+00:00,2013-08-28 01:00:00+00:00,VALID,1,1,2013-08-27,2013-08-27T13:30:00+00:00,2013-08-27T20:00:00+00:00,2013-08-27 20:00:00+00:00,0
2013-08-29,2013-08-28 05:30:00+00:00,2013-08-29 01:00:00+00:00,VALID,1,1,2013-08-28,2013-08-28T13:30:00+00:00,2013-08-28T20:00:00+00:00,2013-08-28 20:00:00+00:00,0
2013-08-30,2013-08-29 05:30:00+00:00,2013-08-30 01:00:00+00:00,VALID,1,1,2013-08-29,2013-08-29T13:30:00+00:00,2013-08-29T20:00:00+00:00,2013-08-29 20:00:00+00:00,0
2013-09-02,2013-08-30 05:30:00+00:00,2013-09-02 01:00:00+00:00,VALID,1,1,2013-08-30,2013-08-30T13:30:00+00:00,2013-08-30T20:00:00+00:00,2013-08-30 20:00:00+00:00,0
2013-09-03,2013-09-02 05:30:00+00:00,2013-09-03 01:00:00+00:00,EMPTY_US_WINDOW,0,0,,,,,0
2013-09-04,2013-09-03 05:30:00+00:00,2013-09-04 01:00:00+00:00,VALID,1,1,2013-09-03,2013-09-03T13:30:00+00:00,2013-09-03T20:00:00+00:00,2013-09-03 20:00:00+00:00,0
2013-09-05,2013-09-04 05:30:00+00:00,2013-09-05 01:00:00+00:00,VALID,1,1,2013-09-04,2013-09-04T13:30:00+00:00,2013-09-04T20:00:00+00:00,2013-09-04 20:00:00+00:00,0
2013-09-06,2013-09-05 05:30:00+00:00,2013-09-06 01:00:00+00:00,VALID,1,1,2013-09-05,2013-09-05T13:30:00+00:00,2013-09-05T20:00:00+00:00,2013-09-05 20:00:00+00:00,0
2013-09-09,2013-09-06 05:30:00+00:00,2013-09-09 01:00:00+00:00,VALID,1,1,2013-09-06,2013-09-06T13:30:00+00:00,2013-09-06T20:00:00+00:00,2013-09-06 20:00:00+00:00,0
2013-09-10,2013-09-09 05:30:00+00:00,2013-09-10 01:00:00+00:00,VALID,1,1,2013-09-09,2013-09-09T13:30:00+00:00,2013-09-09T20:00:00+00:00,2013-09-09 20:00:00+00:00,0
2013-09-11,2013-09-10 05:30:00+00:00,2013-09-11 01:00:00+00:00,VALID,1,1,2013-09-10,2013-09-10T13:30:00+00:00,2013-09-10T20:00:00+00:00,2013-09-10 20:00:00+00:00,0
2013-09-12,2013-09-11 05:30:00+00:00,2013-09-12 01:00:00+00:00,VALID,1,1,2013-09-11,2013-09-11T13:30:00+00:00,2013-09-11T20:00:00+00:00,2013-09-11 20:00:00+00:00,0
2013-09-13,2013-09-12 05:30:00+00:00,2013-09-13 01:00:00+00:00,VALID,1,1,2013-09-12,2013-09-12T13:30:00+00:00,2013-09-12T20:00:00+00:00,2013-09-12 20:00:00+00:00,0
2013-09-14,2013-09-13 05:30:00+00:00,2013-09-14 01:00:00+00:00,VALID,1,1,2013-09-13,2013-09-13T13:30:00+00:00,2013-09-13T20:00:00+00:00,2013-09-13 20:00:00+00:00,0
2013-09-16,2013-09-14 05:30:00+00:00,2013-09-16 01:00:00+00:00,EMPTY_US_WINDOW,0,0,,,,,0
2013-09-17,2013-09-16 05:30:00+00:00,2013-09-17 01:00:00+00:00,VALID,1,1,2013-09-16,2013-09-16T13:30:00+00:00,2013-09-16T20:00:00+00:00,2013-09-16 20:00:00+00:00,0
2013-09-18,2013-09-17 05:30:00+00:00,2013-09-18 01:00:00+00:00,VALID,1,1,2013-09-17,2013-09-17T13:30:00+00:00,2013-09-17T20:00:00+00:00,2013-09-17 20:00:00+00:00,0
2013-09-23,2013-09-18 05:30:00+00:00,2013-09-23 01:00:00+00:00,VALID,3,3,2013-09-18;2013-09-19;2013-09-20,2013-09-18T13:30:00+00:00;2013-09-19T13:30:00+00:00;2013-09-20T13:30:00+00:00,2013-09-18T20:00:00+00:00;2013-09-19T20:00:00+00:00;2013-09-20T20:00:00+00:00,2013-09-20 20:00:00+00:00,0
2013-09-24,2013-09-23 05:30:00+00:00,2013-09-24 01:00:00+00:00,VALID,1,1,2013-09-23,2013-09-23T13:30:00+00:00,2013-09-23T20:00:00+00:00,2013-09-23 20:00:00+00:00,0
2013-09-25,2013-09-24 05:30:00+00:00,2013-09-25 01:00:00+00:00,VALID,1,1,2013-09-24,2013-09-24T13:30:00+00:00,2013-09-24T20:00:00+00:00,2013-09-24 20:00:00+00:00,0
2013-09-26,2013-09-25 05:30:00+00:00,2013-09-26 01:00:00+00:00,VALID,1,1,2013-09-25,2013-09-25T13:30:00+00:00,2013-09-25T20:00:00+00:00,2013-09-25 20:00:00+00:00,0
2013-09-27,2013-09-26 05:30:00+00:00,2013-09-27 01:00:00+00:00,VALID,1,1,2013-09-26,2013-09-26T13:30:00+00:00,2013-09-26T20:00:00+00:00,2013-09-26 20:00:00+00:00,0
2013-09-30,2013-09-27 05:30:00+00:00,2013-09-30 01:00:00+00:00,VALID,1,1,2013-09-27,2013-09-27T13:30:00+00:00,2013-09-27T20:00:00+00:00,2013-09-27 20:00:00+00:00,0
2013-10-01,2013-09-30 05:30:00+00:00,2013-10-01 01:00:00+00:00,VALID,1,1,2013-09-30,2013-09-30T13:30:00+00:00,2013-09-30T20:00:00+00:00,2013-09-30 20:00:00+00:00,0
2013-10-02,2013-10-01 05:30:00+00:00,2013-10-02 01:00:00+00:00,VALID,1,1,2013-10-01,2013-10-01T13:30:00+00:00,2013-10-01T20:00:00+00:00,2013-10-01 20:00:00+00:00,0
2013-10-03,2013-10-02 05:30:00+00:00,2013-10-03 01:00:00+00:00,VALID,1,1,2013-10-02,2013-10-02T13:30:00+00:00,2013-10-02T20:00:00+00:00,2013-10-02 20:00:00+00:00,0
2013-10-04,2013-10-03 05:30:00+00:00,2013-10-04 01:00:00+00:00,VALID,1,1,2013-10-03,2013-10-03T13:30:00+00:00,2013-10-03T20:00:00+00:00,2013-10-03 20:00:00+00:00,0
2013-10-07,2013-10-04 05:30:00+00:00,2013-10-07 01:00:00+00:00,VALID,1,1,2013-10-04,2013-10-04T13:30:00+00:00,2013-10-04T20:00:00+00:00,2013-10-04 20:00:00+00:00,0
2013-10-08,2013-10-07 05:30:00+00:00,2013-10-08 01:00:00+00:00,VALID,1,1,2013-10-07,2013-10-07T13:30:00+00:00,2013-10-07T20:00:00+00:00,2013-10-07 20:00:00+00:00,0
2013-10-09,2013-10-08 05:30:00+00:00,2013-10-09 01:00:00+00:00,VALID,1,1,2013-10-08,2013-10-08T13:30:00+00:00,2013-10-08T20:00:00+00:00,2013-10-08 20:00:00+00:00,0
2013-10-11,2013-10-09 05:30:00+00:00,2013-10-11 01:00:00+00:00,VALID,2,2,2013-10-09;2013-10-10,2013-10-09T13:30:00+00:00;2013-10-10T13:30:00+00:00,2013-10-09T20:00:00+00:00;2013-10-10T20:00:00+00:00,2013-10-10 20:00:00+00:00,0
2013-10-14,2013-10-11 05:30:00+00:00,2013-10-14 01:00:00+00:00,VALID,1,1,2013-10-11,2013-10-11T13:30:00+00:00,2013-10-11T20:00:00+00:00,2013-10-11 20:00:00+00:00,0
2013-10-15,2013-10-14 05:30:00+00:00,2013-10-15 01:00:00+00:00,VALID,1,1,2013-10-14,2013-10-14T13:30:00+00:00,2013-10-14T20:00:00+00:00,2013-10-14 20:00:00+00:00,0
2013-10-16,2013-10-15 05:30:00+00:00,2013-10-16 01:00:00+00:00,VALID,1,1,2013-10-15,2013-10-15T13:30:00+00:00,2013-10-15T20:00:00+00:00,2013-10-15 20:00:00+00:00,0
2013-10-17,2013-10-16 05:30:00+00:00,2013-10-17 01:00:00+00:00,VALID,1,1,2013-10-16,2013-10-16T13:30:00+00:00,2013-10-16T20:00:00+00:00,2013-10-16 20:00:00+00:00,0
2013-10-18,2013-10-17 05:30:00+00:00,2013-10-18 01:00:00+00:00,VALID,1,1,2013-10-17,2013-10-17T13:30:00+00:00,2013-10-17T20:00:00+00:00,2013-10-17 20:00:00+00:00,0
2013-10-21,2013-10-18 05:30:00+00:00,2013-10-21 01:00:00+00:00,VALID,1,1,2013-10-18,2013-10-18T13:30:00+00:00,2013-10-18T20:00:00+00:00,2013-10-18 20:00:00+00:00,0
2013-10-22,2013-10-21 05:30:00+00:00,2013-10-22 01:00:00+00:00,VALID,1,1,2013-10-21,2013-10-21T13:30:00+00:00,2013-10-21T20:00:00+00:00,2013-10-21 20:00:00+00:00,0
2013-10-23,2013-10-22 05:30:00+00:00,2013-10-23 01:00:00+00:00,VALID,1,1,2013-10-22,2013-10-22T13:30:00+00:00,2013-10-22T20:00:00+00:00,2013-10-22 20:00:00+00:00,0
2013-10-24,2013-10-23 05:30:00+00:00,2013-10-24 01:00:00+00:00,VALID,1,1,2013-10-23,2013-10-23T13:30:00+00:00,2013-10-23T20:00:00+00:00,2013-10-23 20:00:00+00:00,0
2013-10-25,2013-10-24 05:30:00+00:00,2013-10-25 01:00:00+00:00,VALID,1,1,2013-10-24,2013-10-24T13:30:00+00:00,2013-10-24T20:00:00+00:00,2013-10-24 20:00:00+00:00,0
2013-10-28,2013-10-25 05:30:00+00:00,2013-10-28 01:00:00+00:00,VALID,1,1,2013-10-25,2013-10-25T13:30:00+00:00,2013-10-25T20:00:00+00:00,2013-10-25 20:00:00+00:00,0
2013-10-29,2013-10-28 05:30:00+00:00,2013-10-29 01:00:00+00:00,VALID,1,1,2013-10-28,2013-10-28T13:30:00+00:00,2013-10-28T20:00:00+00:00,2013-10-28 20:00:00+00:00,0
2013-10-30,2013-10-29 05:30:00+00:00,2013-10-30 01:00:00+00:00,VALID,1,1,2013-10-29,2013-10-29T13:30:00+00:00,2013-10-29T20:00:00+00:00,2013-10-29 20:00:00+00:00,0
2013-10-31,2013-10-30 05:30:00+00:00,2013-10-31 01:00:00+00:00,VALID,1,1,2013-10-30,2013-10-30T13:30:00+00:00,2013-10-30T20:00:00+00:00,2013-10-30 20:00:00+00:00,0
2013-11-01,2013-10-31 05:30:00+00:00,2013-11-01 01:00:00+00:00,VALID,1,1,2013-10-31,2013-10-31T13:30:00+00:00,2013-10-31T20:00:00+00:00,2013-10-31 20:00:00+00:00,0
2013-11-04,2013-11-01 05:30:00+00:00,2013-11-04 01:00:00+00:00,VALID,1,1,2013-11-01,2013-11-01T13:30:00+00:00,2013-11-01T20:00:00+00:00,2013-11-01 20:00:00+00:00,0
2013-11-05,2013-11-04 05:30:00+00:00,2013-11-05 01:00:00+00:00,VALID,1,1,2013-11-04,2013-11-04T14:30:00+00:00,2013-11-04T21:00:00+00:00,2013-11-04 21:00:00+00:00,0
2013-11-06,2013-11-05 05:30:00+00:00,2013-11-06 01:00:00+00:00,VALID,1,1,2013-11-05,2013-11-05T14:30:00+00:00,2013-11-05T21:00:00+00:00,2013-11-05 21:00:00+00:00,0
2013-11-07,2013-11-06 05:30:00+00:00,2013-11-07 01:00:00+00:00,VALID,1,1,2013-11-06,2013-11-06T14:30:00+00:00,2013-11-06T21:00:00+00:00,2013-11-06 21:00:00+00:00,0
2013-11-08,2013-11-07 05:30:00+00:00,2013-11-08 01:00:00+00:00,VALID,1,1,2013-11-07,2013-11-07T14:30:00+00:00,2013-11-07T21:00:00+00:00,2013-11-07 21:00:00+00:00,0
2013-11-11,2013-11-08 05:30:00+00:00,2013-11-11 01:00:00+00:00,VALID,1,1,2013-11-08,2013-11-08T14:30:00+00:00,2013-11-08T21:00:00+00:00,2013-11-08 21:00:00+00:00,0
2013-11-12,2013-11-11 05:30:00+00:00,2013-11-12 01:00:00+00:00,VALID,1,1,2013-11-11,2013-11-11T14:30:00+00:00,2013-11-11T21:00:00+00:00,2013-11-11 21:00:00+00:00,0
2013-11-13,2013-11-12 05:30:00+00:00,2013-11-13 01:00:00+00:00,VALID,1,1,2013-11-12,2013-11-12T14:30:00+00:00,2013-11-12T21:00:00+00:00,2013-11-12 21:00:00+00:00,0
2013-11-14,2013-11-13 05:30:00+00:00,2013-11-14 01:00:00+00:00,VALID,1,1,2013-11-13,2013-11-13T14:30:00+00:00,2013-11-13T21:00:00+00:00,2013-11-13 21:00:00+00:00,0
2013-11-15,2013-11-14 05:30:00+00:00,2013-11-15 01:00:00+00:00,VALID,1,1,2013-11-14,2013-11-14T14:30:00+00:00,2013-11-14T21:00:00+00:00,2013-11-14 21:00:00+00:00,0
2013-11-18,2013-11-15 05:30:00+00:00,2013-11-18 01:00:00+00:00,VALID,1,1,2013-11-15,2013-11-15T14:30:00+00:00,2013-11-15T21:00:00+00:00,2013-11-15 21:00:00+00:00,0
2013-11-19,2013-11-18 05:30:00+00:00,2013-11-19 01:00:00+00:00,VALID,1,1,2013-11-18,2013-11-18T14:30:00+00:00,2013-11-18T21:00:00+00:00,2013-11-18 21:00:00+00:00,0
2013-11-20,2013-11-19 05:30:00+00:00,2013-11-20 01:00:00+00:00,VALID,1,1,2013-11-19,2013-11-19T14:30:00+00:00,2013-11-19T21:00:00+00:00,2013-11-19 21:00:00+00:00,0
2013-11-21,2013-11-20 05:30:00+00:00,2013-11-21 01:00:00+00:00,VALID,1,1,2013-11-20,2013-11-20T14:30:00+00:00,2013-11-20T21:00:00+00:00,2013-11-20 21:00:00+00:00,0
2013-11-22,2013-11-21 05:30:00+00:00,2013-11-22 01:00:00+00:00,VALID,1,1,2013-11-21,2013-11-21T14:30:00+00:00,2013-11-21T21:00:00+00:00,2013-11-21 21:00:00+00:00,0
2013-11-25,2013-11-22 05:30:00+00:00,2013-11-25 01:00:00+00:00,VALID,1,1,2013-11-22,2013-11-22T14:30:00+00:00,2013-11-22T21:00:00+00:00,2013-11-22 21:00:00+00:00,0
2013-11-26,2013-11-25 05:30:00+00:00,2013-11-26 01:00:00+00:00,VALID,1,1,2013-11-25,2013-11-25T14:30:00+00:00,2013-11-25T21:00:00+00:00,2013-11-25 21:00:00+00:00,0
2013-11-27,2013-11-26 05:30:00+00:00,2013-11-27 01:00:00+00:00,VALID,1,1,2013-11-26,2013-11-26T14:30:00+00:00,2013-11-26T21:00:00+00:00,2013-11-26 21:00:00+00:00,0
2013-11-28,2013-11-27 05:30:00+00:00,2013-11-28 01:00:00+00:00,VALID,1,1,2013-11-27,2013-11-27T14:30:00+00:00,2013-11-27T21:00:00+00:00,2013-11-27 21:00:00+00:00,0
2013-11-29,2013-11-28 05:30:00+00:00,2013-11-29 01:00:00+00:00,EMPTY_US_WINDOW,0,0,,,,,0
2013-12-02,2013-11-29 05:30:00+00:00,2013-12-02 01:00:00+00:00,VALID,1,1,2013-11-29,2013-11-29T14:30:00+00:00,2013-11-29T18:00:00+00:00,2013-11-29 18:00:00+00:00,1
2013-12-03,2013-12-02 05:30:00+00:00,2013-12-03 01:00:00+00:00,VALID,1,1,2013-12-02,2013-12-02T14:30:00+00:00,2013-12-02T21:00:00+00:00,2013-12-02 21:00:00+00:00,0
2013-12-04,2013-12-03 05:30:00+00:00,2013-12-04 01:00:00+00:00,VALID,1,1,2013-12-03,2013-12-03T14:30:00+00:00,2013-12-03T21:00:00+00:00,2013-12-03 21:00:00+00:00,0
2013-12-05,2013-12-04 05:30:00+00:00,2013-12-05 01:00:00+00:00,VALID,1,1,2013-12-04,2013-12-04T14:30:00+00:00,2013-12-04T21:00:00+00:00,2013-12-04 21:00:00+00:00,0
2013-12-06,2013-12-05 05:30:00+00:00,2013-12-06 01:00:00+00:00,VALID,1,1,2013-12-05,2013-12-05T14:30:00+00:00,2013-12-05T21:00:00+00:00,2013-12-05 21:00:00+00:00,0
2013-12-09,2013-12-06 05:30:00+00:00,2013-12-09 01:00:00+00:00,VALID,1,1,2013-12-06,2013-12-06T14:30:00+00:00,2013-12-06T21:00:00+00:00,2013-12-06 21:00:00+00:00,0
2013-12-10,2013-12-09 05:30:00+00:00,2013-12-10 01:00:00+00:00,VALID,1,1,2013-12-09,2013-12-09T14:30:00+00:00,2013-12-09T21:00:00+00:00,2013-12-09 21:00:00+00:00,0
2013-12-11,2013-12-10 05:30:00+00:00,2013-12-11 01:00:00+00:00,VALID,1,1,2013-12-10,2013-12-10T14:30:00+00:00,2013-12-10T21:00:00+00:00,2013-12-10 21:00:00+00:00,0
2013-12-12,2013-12-11 05:30:00+00:00,2013-12-12 01:00:00+00:00,VALID,1,1,2013-12-11,2013-12-11T14:30:00+00:00,2013-12-11T21:00:00+00:00,2013-12-11 21:00:00+00:00,0
2013-12-13,2013-12-12 05:30:00+00:00,2013-12-13 01:00:00+00:00,VALID,1,1,2013-12-12,2013-12-12T14:30:00+00:00,2013-12-12T21:00:00+00:00,2013-12-12 21:00:00+00:00,0
2013-12-16,2013-12-13 05:30:00+00:00,2013-12-16 01:00:00+00:00,VALID,1,1,2013-12-13,2013-12-13T14:30:00+00:00,2013-12-13T21:00:00+00:00,2013-12-13 21:00:00+00:00,0
2013-12-17,2013-12-16 05:30:00+00:00,2013-12-17 01:00:00+00:00,VALID,1,1,2013-12-16,2013-12-16T14:30:00+00:00,2013-12-16T21:00:00+00:00,2013-12-16 21:00:00+00:00,0
2013-12-18,2013-12-17 05:30:00+00:00,2013-12-18 01:00:00+00:00,VALID,1,1,2013-12-17,2013-12-17T14:30:00+00:00,2013-12-17T21:00:00+00:00,2013-12-17 21:00:00+00:00,0
2013-12-19,2013-12-18 05:30:00+00:00,2013-12-19 01:00:00+00:00,VALID,1,1,2013-12-18,2013-12-18T14:30:00+00:00,2013-12-18T21:00:00+00:00,2013-12-18 21:00:00+00:00,0
2013-12-20,2013-12-19 05:30:00+00:00,2013-12-20 01:00:00+00:00,VALID,1,1,2013-12-19,2013-12-19T14:30:00+00:00,2013-12-19T21:00:00+00:00,2013-12-19 21:00:00+00:00,0
2013-12-23,2013-12-20 05:30:00+00:00,2013-12-23 01:00:00+00:00,VALID,1,1,2013-12-20,2013-12-20T14:30:00+00:00,2013-12-20T21:00:00+00:00,2013-12-20 21:00:00+00:00,0
2013-12-24,2013-12-23 05:30:00+00:00,2013-12-24 01:00:00+00:00,VALID,1,1,2013-12-23,2013-12-23T14:30:00+00:00,2013-12-23T21:00:00+00:00,2013-12-23 21:00:00+00:00,0
2013-12-25,2013-12-24 05:30:00+00:00,2013-12-25 01:00:00+00:00,VALID,1,1,2013-12-24,2013-12-24T14:30:00+00:00,2013-12-24T18:00:00+00:00,2013-12-24 18:00:00+00:00,1
2013-12-26,2013-12-25 05:30:00+00:00,2013-12-26 01:00:00+00:00,EMPTY_US_WINDOW,0,0,,,,,0
2013-12-27,2013-12-26 05:30:00+00:00,2013-12-27 01:00:00+00:00,VALID,1,1,2013-12-26,2013-12-26T14:30:00+00:00,2013-12-26T21:00:00+00:00,2013-12-26 21:00:00+00:00,0
2013-12-30,2013-12-27 05:30:00+00:00,2013-12-30 01:00:00+00:00,VALID,1,1,2013-12-27,2013-12-27T14:30:00+00:00,2013-12-27T21:00:00+00:00,2013-12-27 21:00:00+00:00,0
2013-12-31,2013-12-30 05:30:00+00:00,2013-12-31 01:00:00+00:00,VALID,1,1,2013-12-30,2013-12-30T14:30:00+00:00,2013-12-30T21:00:00+00:00,2013-12-30 21:00:00+00:00,0
2014-01-02,2013-12-31 05:30:00+00:00,2014-01-02 01:00:00+00:00,VALID,1,1,2013-12-31,2013-12-31T14:30:00+00:00,2013-12-31T21:00:00+00:00,2013-12-31 21:00:00+00:00,0
2014-01-03,2014-01-02 05:30:00+00:00,2014-01-03 01:00:00+00:00,VALID,1,1,2014-01-02,2014-01-02T14:30:00+00:00,2014-01-02T21:00:00+00:00,2014-01-02 21:00:00+00:00,0
2014-01-06,2014-01-03 05:30:00+00:00,2014-01-06 01:00:00+00:00,VALID,1,1,2014-01-03,2014-01-03T14:30:00+00:00,2014-01-03T21:00:00+00:00,2014-01-03 21:00:00+00:00,0
2014-01-07,2014-01-06 05:30:00+00:00,2014-01-07 01:00:00+00:00,VALID,1,1,2014-01-06,2014-01-06T14:30:00+00:00,2014-01-06T21:00:00+00:00,2014-01-06 21:00:00+00:00,0
2014-01-08,2014-01-07 05:30:00+00:00,2014-01-08 01:00:00+00:00,VALID,1,1,2014-01-07,2014-01-07T14:30:00+00:00,2014-01-07T21:00:00+00:00,2014-01-07 21:00:00+00:00,0
2014-01-09,2014-01-08 05:30:00+00:00,2014-01-09 01:00:00+00:00,VALID,1,1,2014-01-08,2014-01-08T14:30:00+00:00,2014-01-08T21:00:00+00:00,2014-01-08 21:00:00+00:00,0
2014-01-10,2014-01-09 05:30:00+00:00,2014-01-10 01:00:00+00:00,VALID,1,1,2014-01-09,2014-01-09T14:30:00+00:00,2014-01-09T21:00:00+00:00,2014-01-09 21:00:00+00:00,0
2014-01-13,2014-01-10 05:30:00+00:00,2014-01-13 01:00:00+00:00,VALID,1,1,2014-01-10,2014-01-10T14:30:00+00:00,2014-01-10T21:00:00+00:00,2014-01-10 21:00:00+00:00,0
2014-01-14,2014-01-13 05:30:00+00:00,2014-01-14 01:00:00+00:00,VALID,1,1,2014-01-13,2014-01-13T14:30:00+00:00,2014-01-13T21:00:00+00:00,2014-01-13 21:00:00+00:00,0
2014-01-15,2014-01-14 05:30:00+00:00,2014-01-15 01:00:00+00:00,VALID,1,1,2014-01-14,2014-01-14T14:30:00+00:00,2014-01-14T21:00:00+00:00,2014-01-14 21:00:00+00:00,0
2014-01-16,2014-01-15 05:30:00+00:00,2014-01-16 01:00:00+00:00,VALID,1,1,2014-01-15,2014-01-15T14:30:00+00:00,2014-01-15T21:00:00+00:00,2014-01-15 21:00:00+00:00,0
2014-01-17,2014-01-16 05:30:00+00:00,2014-01-17 01:00:00+00:00,VALID,1,1,2014-01-16,2014-01-16T14:30:00+00:00,2014-01-16T21:00:00+00:00,2014-01-16 21:00:00+00:00,0
2014-01-20,2014-01-17 05:30:00+00:00,2014-01-20 01:00:00+00:00,VALID,1,1,2014-01-17,2014-01-17T14:30:00+00:00,2014-01-17T21:00:00+00:00,2014-01-17 21:00:00+00:00,0
2014-01-21,2014-01-20 05:30:00+00:00,2014-01-21 01:00:00+00:00,EMPTY_US_WINDOW,0,0,,,,,0
2014-01-22,2014-01-21 05:30:00+00:00,2014-01-22 01:00:00+00:00,VALID,1,1,2014-01-21,2014-01-21T14:30:00+00:00,2014-01-21T21:00:00+00:00,2014-01-21 21:00:00+00:00,0
2014-01-23,2014-01-22 05:30:00+00:00,2014-01-23 01:00:00+00:00,VALID,1,1,2014-01-22,2014-01-22T14:30:00+00:00,2014-01-22T21:00:00+00:00,2014-01-22 21:00:00+00:00,0
2014-01-24,2014-01-23 05:30:00+00:00,2014-01-24 01:00:00+00:00,VALID,1,1,2014-01-23,2014-01-23T14:30:00+00:00,2014-01-23T21:00:00+00:00,2014-01-23 21:00:00+00:00,0
2014-01-27,2014-01-24 05:30:00+00:00,2014-01-27 01:00:00+00:00,VALID,1,1,2014-01-24,2014-01-24T14:30:00+00:00,2014-01-24T21:00:00+00:00,2014-01-24 21:00:00+00:00,0
2014-02-05,2014-01-27 05:30:00+00:00,2014-02-05 01:00:00+00:00,VALID,7,7,2014-01-27;2014-01-28;2014-01-29;2014-01-30;2014-01-31;2014-02-03;2014-02-04,2014-01-27T14:30:00+00:00;2014-01-28T14:30:00+00:00;2014-01-29T14:30:00+00:00;2014-01-30T14:30:00+00:00;2014-01-31T14:30:00+00:00;2014-02-03T14:30:00+00:00;2014-02-04T14:30:00+00:00,2014-01-27T21:00:00+00:00;2014-01-28T21:00:00+00:00;2014-01-29T21:00:00+00:00;2014-01-30T21:00:00+00:00;2014-01-31T21:00:00+00:00;2014-02-03T21:00:00+00:00;2014-02-04T21:00:00+00:00,2014-02-04 21:00:00+00:00,0
2014-02-06,2014-02-05 05:30:00+00:00,2014-02-06 01:00:00+00:00,VALID,1,1,2014-02-05,2014-02-05T14:30:00+00:00,2014-02-05T21:00:00+00:00,2014-02-05 21:00:00+00:00,0
2014-02-07,2014-02-06 05:30:00+00:00,2014-02-07 01:00:00+00:00,VALID,1,1,2014-02-06,2014-02-06T14:30:00+00:00,2014-02-06T21:00:00+00:00,2014-02-06 21:00:00+00:00,0
2014-02-10,2014-02-07 05:30:00+00:00,2014-02-10 01:00:00+00:00,VALID,1,1,2014-02-07,2014-02-07T14:30:00+00:00,2014-02-07T21:00:00+00:00,2014-02-07 21:00:00+00:00,0
2014-02-11,2014-02-10 05:30:00+00:00,2014-02-11 01:00:00+00:00,VALID,1,1,2014-02-10,2014-02-10T14:30:00+00:00,2014-02-10T21:00:00+00:00,2014-02-10 21:00:00+00:00,0
2014-02-12,2014-02-11 05:30:00+00:00,2014-02-12 01:00:00+00:00,VALID,1,1,2014-02-11,2014-02-11T14:30:00+00:00,2014-02-11T21:00:00+00:00,2014-02-11 21:00:00+00:00,0
2014-02-13,2014-02-12 05:30:00+00:00,2014-02-13 01:00:00+00:00,VALID,1,1,2014-02-12,2014-02-12T14:30:00+00:00,2014-02-12T21:00:00+00:00,2014-02-12 21:00:00+00:00,0
2014-02-14,2014-02-13 05:30:00+00:00,2014-02-14 01:00:00+00:00,VALID,1,1,2014-02-13,2014-02-13T14:30:00+00:00,2014-02-13T21:00:00+00:00,2014-02-13 21:00:00+00:00,0
2014-02-17,2014-02-14 05:30:00+00:00,2014-02-17 01:00:00+00:00,VALID,1,1,2014-02-14,2014-02-14T14:30:00+00:00,2014-02-14T21:00:00+00:00,2014-02-14 21:00:00+00:00,0
2014-02-18,2014-02-17 05:30:00+00:00,2014-02-18 01:00:00+00:00,EMPTY_US_WINDOW,0,0,,,,,0
2014-02-19,2014-02-18 05:30:00+00:00,2014-02-19 01:00:00+00:00,VALID,1,1,2014-02-18,2014-02-18T14:30:00+00:00,2014-02-18T21:00:00+00:00,2014-02-18 21:00:00+00:00,0
2014-02-20,2014-02-19 05:30:00+00:00,2014-02-20 01:00:00+00:00,VALID,1,1,2014-02-19,2014-02-19T14:30:00+00:00,2014-02-19T21:00:00+00:00,2014-02-19 21:00:00+00:00,0
2014-02-21,2014-02-20 05:30:00+00:00,2014-02-21 01:00:00+00:00,VALID,1,1,2014-02-20,2014-02-20T14:30:00+00:00,2014-02-20T21:00:00+00:00,2014-02-20 21:00:00+00:00,0
2014-02-24,2014-02-21 05:30:00+00:00,2014-02-24 01:00:00+00:00,VALID,1,1,2014-02-21,2014-02-21T14:30:00+00:00,2014-02-21T21:00:00+00:00,2014-02-21 21:00:00+00:00,0
2014-02-25,2014-02-24 05:30:00+00:00,2014-02-25 01:00:00+00:00,VALID,1,1,2014-02-24,2014-02-24T14:30:00+00:00,2014-02-24T21:00:00+00:00,2014-02-24 21:00:00+00:00,0
2014-02-26,2014-02-25 05:30:00+00:00,2014-02-26 01:00:00+00:00,VALID,1,1,2014-02-25,2014-02-25T14:30:00+00:00,2014-02-25T21:00:00+00:00,2014-02-25 21:00:00+00:00,0
2014-02-27,2014-02-26 05:30:00+00:00,2014-02-27 01:00:00+00:00,VALID,1,1,2014-02-26,2014-02-26T14:30:00+00:00,2014-02-26T21:00:00+00:00,2014-02-26 21:00:00+00:00,0
2014-03-03,2014-02-27 05:30:00+00:00,2014-03-03 01:00:00+00:00,VALID,2,2,2014-02-27;2014-02-28,2014-02-27T14:30:00+00:00;2014-02-28T14:30:00+00:00,2014-02-27T21:00:00+00:00;2014-02-28T21:00:00+00:00,2014-02-28 21:00:00+00:00,0
2014-03-04,2014-03-03 05:30:00+00:00,2014-03-04 01:00:00+00:00,VALID,1,1,2014-03-03,2014-03-03T14:30:00+00:00,2014-03-03T21:00:00+00:00,2014-03-03 21:00:00+00:00,0
2014-03-05,2014-03-04 05:30:00+00:00,2014-03-05 01:00:00+00:00,VALID,1,1,2014-03-04,2014-03-04T14:30:00+00:00,2014-03-04T21:00:00+00:00,2014-03-04 21:00:00+00:00,0
2014-03-06,2014-03-05 05:30:00+00:00,2014-03-06 01:00:00+00:00,VALID,1,1,2014-03-05,2014-03-05T14:30:00+00:00,2014-03-05T21:00:00+00:00,2014-03-05 21:00:00+00:00,0
2014-03-07,2014-03-06 05:30:00+00:00,2014-03-07 01:00:00+00:00,VALID,1,1,2014-03-06,2014-03-06T14:30:00+00:00,2014-03-06T21:00:00+00:00,2014-03-06 21:00:00+00:00,0
2014-03-10,2014-03-07 05:30:00+00:00,2014-03-10 01:00:00+00:00,VALID,1,1,2014-03-07,2014-03-07T14:30:00+00:00,2014-03-07T21:00:00+00:00,2014-03-07 21:00:00+00:00,0
2014-03-11,2014-03-10 05:30:00+00:00,2014-03-11 01:00:00+00:00,VALID,1,1,2014-03-10,2014-03-10T13:30:00+00:00,2014-03-10T20:00:00+00:00,2014-03-10 20:00:00+00:00,0
2014-03-12,2014-03-11 05:30:00+00:00,2014-03-12 01:00:00+00:00,VALID,1,1,2014-03-11,2014-03-11T13:30:00+00:00,2014-03-11T20:00:00+00:00,2014-03-11 20:00:00+00:00,0
2014-03-13,2014-03-12 05:30:00+00:00,2014-03-13 01:00:00+00:00,VALID,1,1,2014-03-12,2014-03-12T13:30:00+00:00,2014-03-12T20:00:00+00:00,2014-03-12 20:00:00+00:00,0
2014-03-14,2014-03-13 05:30:00+00:00,2014-03-14 01:00:00+00:00,VALID,1,1,2014-03-13,2014-03-13T13:30:00+00:00,2014-03-13T20:00:00+00:00,2014-03-13 20:00:00+00:00,0
2014-03-17,2014-03-14 05:30:00+00:00,2014-03-17 01:00:00+00:00,VALID,1,1,2014-03-14,2014-03-14T13:30:00+00:00,2014-03-14T20:00:00+00:00,2014-03-14 20:00:00+00:00,0
2014-03-18,2014-03-17 05:30:00+00:00,2014-03-18 01:00:00+00:00,VALID,1,1,2014-03-17,2014-03-17T13:30:00+00:00,2014-03-17T20:00:00+00:00,2014-03-17 20:00:00+00:00,0
2014-03-19,2014-03-18 05:30:00+00:00,2014-03-19 01:00:00+00:00,VALID,1,1,2014-03-18,2014-03-18T13:30:00+00:00,2014-03-18T20:00:00+00:00,2014-03-18 20:00:00+00:00,0
2014-03-20,2014-03-19 05:30:00+00:00,2014-03-20 01:00:00+00:00,VALID,1,1,2014-03-19,2014-03-19T13:30:00+00:00,2014-03-19T20:00:00+00:00,2014-03-19 20:00:00+00:00,0
2014-03-21,2014-03-20 05:30:00+00:00,2014-03-21 01:00:00+00:00,VALID,1,1,2014-03-20,2014-03-20T13:30:00+00:00,2014-03-20T20:00:00+00:00,2014-03-20 20:00:00+00:00,0
2014-03-24,2014-03-21 05:30:00+00:00,2014-03-24 01:00:00+00:00,VALID,1,1,2014-03-21,2014-03-21T13:30:00+00:00,2014-03-21T20:00:00+00:00,2014-03-21 20:00:00+00:00,0
2014-03-25,2014-03-24 05:30:00+00:00,2014-03-25 01:00:00+00:00,VALID,1,1,2014-03-24,2014-03-24T13:30:00+00:00,2014-03-24T20:00:00+00:00,2014-03-24 20:00:00+00:00,0
2014-03-26,2014-03-25 05:30:00+00:00,2014-03-26 01:00:00+00:00,VALID,1,1,2014-03-25,2014-03-25T13:30:00+00:00,2014-03-25T20:00:00+00:00,2014-03-25 20:00:00+00:00,0
2014-03-27,2014-03-26 05:30:00+00:00,2014-03-27 01:00:00+00:00,VALID,1,1,2014-03-26,2014-03-26T13:30:00+00:00,2014-03-26T20:00:00+00:00,2014-03-26 20:00:00+00:00,0
2014-03-28,2014-03-27 05:30:00+00:00,2014-03-28 01:00:00+00:00,VALID,1,1,2014-03-27,2014-03-27T13:30:00+00:00,2014-03-27T20:00:00+00:00,2014-03-27 20:00:00+00:00,0
2014-03-31,2014-03-28 05:30:00+00:00,2014-03-31 01:00:00+00:00,VALID,1,1,2014-03-28,2014-03-28T13:30:00+00:00,2014-03-28T20:00:00+00:00,2014-03-28 20:00:00+00:00,0
2014-04-01,2014-03-31 05:30:00+00:00,2014-04-01 01:00:00+00:00,VALID,1,1,2014-03-31,2014-03-31T13:30:00+00:00,2014-03-31T20:00:00+00:00,2014-03-31 20:00:00+00:00,0
2014-04-02,2014-04-01 05:30:00+00:00,2014-04-02 01:00:00+00:00,VALID,1,1,2014-04-01,2014-04-01T13:30:00+00:00,2014-04-01T20:00:00+00:00,2014-04-01 20:00:00+00:00,0
2014-04-03,2014-04-02 05:30:00+00:00,2014-04-03 01:00:00+00:00,VALID,1,1,2014-04-02,2014-04-02T13:30:00+00:00,2014-04-02T20:00:00+00:00,2014-04-02 20:00:00+00:00,0
2014-04-07,2014-04-03 05:30:00+00:00,2014-04-07 01:00:00+00:00,VALID,2,2,2014-04-03;2014-04-04,2014-04-03T13:30:00+00:00;2014-04-04T13:30:00+00:00,2014-04-03T20:00:00+00:00;2014-04-04T20:00:00+00:00,2014-04-04 20:00:00+00:00,0
2014-04-08,2014-04-07 05:30:00+00:00,2014-04-08 01:00:00+00:00,VALID,1,1,2014-04-07,2014-04-07T13:30:00+00:00,2014-04-07T20:00:00+00:00,2014-04-07 20:00:00+00:00,0
2014-04-09,2014-04-08 05:30:00+00:00,2014-04-09 01:00:00+00:00,VALID,1,1,2014-04-08,2014-04-08T13:30:00+00:00,2014-04-08T20:00:00+00:00,2014-04-08 20:00:00+00:00,0
2014-04-10,2014-04-09 05:30:00+00:00,2014-04-10 01:00:00+00:00,VALID,1,1,2014-04-09,2014-04-09T13:30:00+00:00,2014-04-09T20:00:00+00:00,2014-04-09 20:00:00+00:00,0
2014-04-11,2014-04-10 05:30:00+00:00,2014-04-11 01:00:00+00:00,VALID,1,1,2014-04-10,2014-04-10T13:30:00+00:00,2014-04-10T20:00:00+00:00,2014-04-10 20:00:00+00:00,0
2014-04-14,2014-04-11 05:30:00+00:00,2014-04-14 01:00:00+00:00,VALID,1,1,2014-04-11,2014-04-11T13:30:00+00:00,2014-04-11T20:00:00+00:00,2014-04-11 20:00:00+00:00,0
2014-04-15,2014-04-14 05:30:00+00:00,2014-04-15 01:00:00+00:00,VALID,1,1,2014-04-14,2014-04-14T13:30:00+00:00,2014-04-14T20:00:00+00:00,2014-04-14 20:00:00+00:00,0
2014-04-16,2014-04-15 05:30:00+00:00,2014-04-16 01:00:00+00:00,VALID,1,1,2014-04-15,2014-04-15T13:30:00+00:00,2014-04-15T20:00:00+00:00,2014-04-15 20:00:00+00:00,0
2014-04-17,2014-04-16 05:30:00+00:00,2014-04-17 01:00:00+00:00,VALID,1,1,2014-04-16,2014-04-16T13:30:00+00:00,2014-04-16T20:00:00+00:00,2014-04-16 20:00:00+00:00,0
2014-04-18,2014-04-17 05:30:00+00:00,2014-04-18 01:00:00+00:00,VALID,1,1,2014-04-17,2014-04-17T13:30:00+00:00,2014-04-17T20:00:00+00:00,2014-04-17 20:00:00+00:00,0
2014-04-21,2014-04-18 05:30:00+00:00,2014-04-21 01:00:00+00:00,EMPTY_US_WINDOW,0,0,,,,,0
2014-04-22,2014-04-21 05:30:00+00:00,2014-04-22 01:00:00+00:00,VALID,1,1,2014-04-21,2014-04-21T13:30:00+00:00,2014-04-21T20:00:00+00:00,2014-04-21 20:00:00+00:00,0
2014-04-23,2014-04-22 05:30:00+00:00,2014-04-23 01:00:00+00:00,VALID,1,1,2014-04-22,2014-04-22T13:30:00+00:00,2014-04-22T20:00:00+00:00,2014-04-22 20:00:00+00:00,0
2014-04-24,2014-04-23 05:30:00+00:00,2014-04-24 01:00:00+00:00,VALID,1,1,2014-04-23,2014-04-23T13:30:00+00:00,2014-04-23T20:00:00+00:00,2014-04-23 20:00:00+00:00,0
2014-04-25,2014-04-24 05:30:00+00:00,2014-04-25 01:00:00+00:00,VALID,1,1,2014-04-24,2014-04-24T13:30:00+00:00,2014-04-24T20:00:00+00:00,2014-04-24 20:00:00+00:00,0
2014-04-28,2014-04-25 05:30:00+00:00,2014-04-28 01:00:00+00:00,VALID,1,1,2014-04-25,2014-04-25T13:30:00+00:00,2014-04-25T20:00:00+00:00,2014-04-25 20:00:00+00:00,0
2014-04-29,2014-04-28 05:30:00+00:00,2014-04-29 01:00:00+00:00,VALID,1,1,2014-04-28,2014-04-28T13:30:00+00:00,2014-04-28T20:00:00+00:00,2014-04-28 20:00:00+00:00,0
2014-04-30,2014-04-29 05:30:00+00:00,2014-04-30 01:00:00+00:00,VALID,1,1,2014-04-29,2014-04-29T13:30:00+00:00,2014-04-29T20:00:00+00:00,2014-04-29 20:00:00+00:00,0
2014-05-02,2014-04-30 05:30:00+00:00,2014-05-02 01:00:00+00:00,VALID,2,2,2014-04-30;2014-05-01,2014-04-30T13:30:00+00:00;2014-05-01T13:30:00+00:00,2014-04-30T20:00:00+00:00;2014-05-01T20:00:00+00:00,2014-05-01 20:00:00+00:00,0
2014-05-05,2014-05-02 05:30:00+00:00,2014-05-05 01:00:00+00:00,VALID,1,1,2014-05-02,2014-05-02T13:30:00+00:00,2014-05-02T20:00:00+00:00,2014-05-02 20:00:00+00:00,0
2014-05-06,2014-05-05 05:30:00+00:00,2014-05-06 01:00:00+00:00,VALID,1,1,2014-05-05,2014-05-05T13:30:00+00:00,2014-05-05T20:00:00+00:00,2014-05-05 20:00:00+00:00,0
2014-05-07,2014-05-06 05:30:00+00:00,2014-05-07 01:00:00+00:00,VALID,1,1,2014-05-06,2014-05-06T13:30:00+00:00,2014-05-06T20:00:00+00:00,2014-05-06 20:00:00+00:00,0
2014-05-08,2014-05-07 05:30:00+00:00,2014-05-08 01:00:00+00:00,VALID,1,1,2014-05-07,2014-05-07T13:30:00+00:00,2014-05-07T20:00:00+00:00,2014-05-07 20:00:00+00:00,0
2014-05-09,2014-05-08 05:30:00+00:00,2014-05-09 01:00:00+00:00,VALID,1,1,2014-05-08,2014-05-08T13:30:00+00:00,2014-05-08T20:00:00+00:00,2014-05-08 20:00:00+00:00,0
2014-05-12,2014-05-09 05:30:00+00:00,2014-05-12 01:00:00+00:00,VALID,1,1,2014-05-09,2014-05-09T13:30:00+00:00,2014-05-09T20:00:00+00:00,2014-05-09 20:00:00+00:00,0
2014-05-13,2014-05-12 05:30:00+00:00,2014-05-13 01:00:00+00:00,VALID,1,1,2014-05-12,2014-05-12T13:30:00+00:00,2014-05-12T20:00:00+00:00,2014-05-12 20:00:00+00:00,0
2014-05-14,2014-05-13 05:30:00+00:00,2014-05-14 01:00:00+00:00,VALID,1,1,2014-05-13,2014-05-13T13:30:00+00:00,2014-05-13T20:00:00+00:00,2014-05-13 20:00:00+00:00,0
2014-05-15,2014-05-14 05:30:00+00:00,2014-05-15 01:00:00+00:00,VALID,1,1,2014-05-14,2014-05-14T13:30:00+00:00,2014-05-14T20:00:00+00:00,2014-05-14 20:00:00+00:00,0
2014-05-16,2014-05-15 05:30:00+00:00,2014-05-16 01:00:00+00:00,VALID,1,1,2014-05-15,2014-05-15T13:30:00+00:00,2014-05-15T20:00:00+00:00,2014-05-15 20:00:00+00:00,0
2014-05-19,2014-05-16 05:30:00+00:00,2014-05-19 01:00:00+00:00,VALID,1,1,2014-05-16,2014-05-16T13:30:00+00:00,2014-05-16T20:00:00+00:00,2014-05-16 20:00:00+00:00,0
2014-05-20,2014-05-19 05:30:00+00:00,2014-05-20 01:00:00+00:00,VALID,1,1,2014-05-19,2014-05-19T13:30:00+00:00,2014-05-19T20:00:00+00:00,2014-05-19 20:00:00+00:00,0
2014-05-21,2014-05-20 05:30:00+00:00,2014-05-21 01:00:00+00:00,VALID,1,1,2014-05-20,2014-05-20T13:30:00+00:00,2014-05-20T20:00:00+00:00,2014-05-20 20:00:00+00:00,0
2014-05-22,2014-05-21 05:30:00+00:00,2014-05-22 01:00:00+00:00,VALID,1,1,2014-05-21,2014-05-21T13:30:00+00:00,2014-05-21T20:00:00+00:00,2014-05-21 20:00:00+00:00,0
2014-05-23,2014-05-22 05:30:00+00:00,2014-05-23 01:00:00+00:00,VALID,1,1,2014-05-22,2014-05-22T13:30:00+00:00,2014-05-22T20:00:00+00:00,2014-05-22 20:00:00+00:00,0
2014-05-26,2014-05-23 05:30:00+00:00,2014-05-26 01:00:00+00:00,VALID,1,1,2014-05-23,2014-05-23T13:30:00+00:00,2014-05-23T20:00:00+00:00,2014-05-23 20:00:00+00:00,0
2014-05-27,2014-05-26 05:30:00+00:00,2014-05-27 01:00:00+00:00,EMPTY_US_WINDOW,0,0,,,,,0
2014-05-28,2014-05-27 05:30:00+00:00,2014-05-28 01:00:00+00:00,VALID,1,1,2014-05-27,2014-05-27T13:30:00+00:00,2014-05-27T20:00:00+00:00,2014-05-27 20:00:00+00:00,0
2014-05-29,2014-05-28 05:30:00+00:00,2014-05-29 01:00:00+00:00,VALID,1,1,2014-05-28,2014-05-28T13:30:00+00:00,2014-05-28T20:00:00+00:00,2014-05-28 20:00:00+00:00,0
2014-05-30,2014-05-29 05:30:00+00:00,2014-05-30 01:00:00+00:00,VALID,1,1,2014-05-29,2014-05-29T13:30:00+00:00,2014-05-29T20:00:00+00:00,2014-05-29 20:00:00+00:00,0
2014-06-03,2014-05-30 05:30:00+00:00,2014-06-03 01:00:00+00:00,VALID,2,2,2014-05-30;2014-06-02,2014-05-30T13:30:00+00:00;2014-06-02T13:30:00+00:00,2014-05-30T20:00:00+00:00;2014-06-02T20:00:00+00:00,2014-06-02 20:00:00+00:00,0
2014-06-04,2014-06-03 05:30:00+00:00,2014-06-04 01:00:00+00:00,VALID,1,1,2014-06-03,2014-06-03T13:30:00+00:00,2014-06-03T20:00:00+00:00,2014-06-03 20:00:00+00:00,0
2014-06-05,2014-06-04 05:30:00+00:00,2014-06-05 01:00:00+00:00,VALID,1,1,2014-06-04,2014-06-04T13:30:00+00:00,2014-06-04T20:00:00+00:00,2014-06-04 20:00:00+00:00,0
2014-06-06,2014-06-05 05:30:00+00:00,2014-06-06 01:00:00+00:00,VALID,1,1,2014-06-05,2014-06-05T13:30:00+00:00,2014-06-05T20:00:00+00:00,2014-06-05 20:00:00+00:00,0
2014-06-09,2014-06-06 05:30:00+00:00,2014-06-09 01:00:00+00:00,VALID,1,1,2014-06-06,2014-06-06T13:30:00+00:00,2014-06-06T20:00:00+00:00,2014-06-06 20:00:00+00:00,0
2014-06-10,2014-06-09 05:30:00+00:00,2014-06-10 01:00:00+00:00,VALID,1,1,2014-06-09,2014-06-09T13:30:00+00:00,2014-06-09T20:00:00+00:00,2014-06-09 20:00:00+00:00,0
2014-06-11,2014-06-10 05:30:00+00:00,2014-06-11 01:00:00+00:00,VALID,1,1,2014-06-10,2014-06-10T13:30:00+00:00,2014-06-10T20:00:00+00:00,2014-06-10 20:00:00+00:00,0
2014-06-12,2014-06-11 05:30:00+00:00,2014-06-12 01:00:00+00:00,VALID,1,1,2014-06-11,2014-06-11T13:30:00+00:00,2014-06-11T20:00:00+00:00,2014-06-11 20:00:00+00:00,0
2014-06-13,2014-06-12 05:30:00+00:00,2014-06-13 01:00:00+00:00,VALID,1,1,2014-06-12,2014-06-12T13:30:00+00:00,2014-06-12T20:00:00+00:00,2014-06-12 20:00:00+00:00,0
2014-06-16,2014-06-13 05:30:00+00:00,2014-06-16 01:00:00+00:00,VALID,1,1,2014-06-13,2014-06-13T13:30:00+00:00,2014-06-13T20:00:00+00:00,2014-06-13 20:00:00+00:00,0
2014-06-17,2014-06-16 05:30:00+00:00,2014-06-17 01:00:00+00:00,VALID,1,1,2014-06-16,2014-06-16T13:30:00+00:00,2014-06-16T20:00:00+00:00,2014-06-16 20:00:00+00:00,0
2014-06-18,2014-06-17 05:30:00+00:00,2014-06-18 01:00:00+00:00,VALID,1,1,2014-06-17,2014-06-17T13:30:00+00:00,2014-06-17T20:00:00+00:00,2014-06-17 20:00:00+00:00,0
2014-06-19,2014-06-18 05:30:00+00:00,2014-06-19 01:00:00+00:00,VALID,1,1,2014-06-18,2014-06-18T13:30:00+00:00,2014-06-18T20:00:00+00:00,2014-06-18 20:00:00+00:00,0
2014-06-20,2014-06-19 05:30:00+00:00,2014-06-20 01:00:00+00:00,VALID,1,1,2014-06-19,2014-06-19T13:30:00+00:00,2014-06-19T20:00:00+00:00,2014-06-19 20:00:00+00:00,0
2014-06-23,2014-06-20 05:30:00+00:00,2014-06-23 01:00:00+00:00,VALID,1,1,2014-06-20,2014-06-20T13:30:00+00:00,2014-06-20T20:00:00+00:00,2014-06-20 20:00:00+00:00,0
2014-06-24,2014-06-23 05:30:00+00:00,2014-06-24 01:00:00+00:00,VALID,1,1,2014-06-23,2014-06-23T13:30:00+00:00,2014-06-23T20:00:00+00:00,2014-06-23 20:00:00+00:00,0
2014-06-25,2014-06-24 05:30:00+00:00,2014-06-25 01:00:00+00:00,VALID,1,1,2014-06-24,2014-06-24T13:30:00+00:00,2014-06-24T20:00:00+00:00,2014-06-24 20:00:00+00:00,0
2014-06-26,2014-06-25 05:30:00+00:00,2014-06-26 01:00:00+00:00,VALID,1,1,2014-06-25,2014-06-25T13:30:00+00:00,2014-06-25T20:00:00+00:00,2014-06-25 20:00:00+00:00,0
2014-06-27,2014-06-26 05:30:00+00:00,2014-06-27 01:00:00+00:00,VALID,1,1,2014-06-26,2014-06-26T13:30:00+00:00,2014-06-26T20:00:00+00:00,2014-06-26 20:00:00+00:00,0
2014-06-30,2014-06-27 05:30:00+00:00,2014-06-30 01:00:00+00:00,VALID,1,1,2014-06-27,2014-06-27T13:30:00+00:00,2014-06-27T20:00:00+00:00,2014-06-27 20:00:00+00:00,0
2014-07-01,2014-06-30 05:30:00+00:00,2014-07-01 01:00:00+00:00,VALID,1,1,2014-06-30,2014-06-30T13:30:00+00:00,2014-06-30T20:00:00+00:00,2014-06-30 20:00:00+00:00,0
2014-07-02,2014-07-01 05:30:00+00:00,2014-07-02 01:00:00+00:00,VALID,1,1,2014-07-01,2014-07-01T13:30:00+00:00,2014-07-01T20:00:00+00:00,2014-07-01 20:00:00+00:00,0
2014-07-03,2014-07-02 05:30:00+00:00,2014-07-03 01:00:00+00:00,VALID,1,1,2014-07-02,2014-07-02T13:30:00+00:00,2014-07-02T20:00:00+00:00,2014-07-02 20:00:00+00:00,0
2014-07-04,2014-07-03 05:30:00+00:00,2014-07-04 01:00:00+00:00,VALID,1,1,2014-07-03,2014-07-03T13:30:00+00:00,2014-07-03T17:00:00+00:00,2014-07-03 17:00:00+00:00,1
2014-07-07,2014-07-04 05:30:00+00:00,2014-07-07 01:00:00+00:00,EMPTY_US_WINDOW,0,0,,,,,0
2014-07-08,2014-07-07 05:30:00+00:00,2014-07-08 01:00:00+00:00,VALID,1,1,2014-07-07,2014-07-07T13:30:00+00:00,2014-07-07T20:00:00+00:00,2014-07-07 20:00:00+00:00,0
2014-07-09,2014-07-08 05:30:00+00:00,2014-07-09 01:00:00+00:00,VALID,1,1,2014-07-08,2014-07-08T13:30:00+00:00,2014-07-08T20:00:00+00:00,2014-07-08 20:00:00+00:00,0
2014-07-10,2014-07-09 05:30:00+00:00,2014-07-10 01:00:00+00:00,VALID,1,1,2014-07-09,2014-07-09T13:30:00+00:00,2014-07-09T20:00:00+00:00,2014-07-09 20:00:00+00:00,0
2014-07-11,2014-07-10 05:30:00+00:00,2014-07-11 01:00:00+00:00,VALID,1,1,2014-07-10,2014-07-10T13:30:00+00:00,2014-07-10T20:00:00+00:00,2014-07-10 20:00:00+00:00,0
2014-07-14,2014-07-11 05:30:00+00:00,2014-07-14 01:00:00+00:00,VALID,1,1,2014-07-11,2014-07-11T13:30:00+00:00,2014-07-11T20:00:00+00:00,2014-07-11 20:00:00+00:00,0
2014-07-15,2014-07-14 05:30:00+00:00,2014-07-15 01:00:00+00:00,VALID,1,1,2014-07-14,2014-07-14T13:30:00+00:00,2014-07-14T20:00:00+00:00,2014-07-14 20:00:00+00:00,0
2014-07-16,2014-07-15 05:30:00+00:00,2014-07-16 01:00:00+00:00,VALID,1,1,2014-07-15,2014-07-15T13:30:00+00:00,2014-07-15T20:00:00+00:00,2014-07-15 20:00:00+00:00,0
2014-07-17,2014-07-16 05:30:00+00:00,2014-07-17 01:00:00+00:00,VALID,1,1,2014-07-16,2014-07-16T13:30:00+00:00,2014-07-16T20:00:00+00:00,2014-07-16 20:00:00+00:00,0
2014-07-18,2014-07-17 05:30:00+00:00,2014-07-18 01:00:00+00:00,VALID,1,1,2014-07-17,2014-07-17T13:30:00+00:00,2014-07-17T20:00:00+00:00,2014-07-17 20:00:00+00:00,0
2014-07-21,2014-07-18 05:30:00+00:00,2014-07-21 01:00:00+00:00,VALID,1,1,2014-07-18,2014-07-18T13:30:00+00:00,2014-07-18T20:00:00+00:00,2014-07-18 20:00:00+00:00,0
2014-07-22,2014-07-21 05:30:00+00:00,2014-07-22 01:00:00+00:00,VALID,1,1,2014-07-21,2014-07-21T13:30:00+00:00,2014-07-21T20:00:00+00:00,2014-07-21 20:00:00+00:00,0
2014-07-24,2014-07-22 05:30:00+00:00,2014-07-24 01:00:00+00:00,VALID,2,2,2014-07-22;2014-07-23,2014-07-22T13:30:00+00:00;2014-07-23T13:30:00+00:00,2014-07-22T20:00:00+00:00;2014-07-23T20:00:00+00:00,2014-07-23 20:00:00+00:00,0
2014-07-25,2014-07-24 05:30:00+00:00,2014-07-25 01:00:00+00:00,VALID,1,1,2014-07-24,2014-07-24T13:30:00+00:00,2014-07-24T20:00:00+00:00,2014-07-24 20:00:00+00:00,0
2014-07-28,2014-07-25 05:30:00+00:00,2014-07-28 01:00:00+00:00,VALID,1,1,2014-07-25,2014-07-25T13:30:00+00:00,2014-07-25T20:00:00+00:00,2014-07-25 20:00:00+00:00,0
2014-07-29,2014-07-28 05:30:00+00:00,2014-07-29 01:00:00+00:00,VALID,1,1,2014-07-28,2014-07-28T13:30:00+00:00,2014-07-28T20:00:00+00:00,2014-07-28 20:00:00+00:00,0
2014-07-30,2014-07-29 05:30:00+00:00,2014-07-30 01:00:00+00:00,VALID,1,1,2014-07-29,2014-07-29T13:30:00+00:00,2014-07-29T20:00:00+00:00,2014-07-29 20:00:00+00:00,0
2014-07-31,2014-07-30 05:30:00+00:00,2014-07-31 01:00:00+00:00,VALID,1,1,2014-07-30,2014-07-30T13:30:00+00:00,2014-07-30T20:00:00+00:00,2014-07-30 20:00:00+00:00,0
2014-08-01,2014-07-31 05:30:00+00:00,2014-08-01 01:00:00+00:00,VALID,1,1,2014-07-31,2014-07-31T13:30:00+00:00,2014-07-31T20:00:00+00:00,2014-07-31 20:00:00+00:00,0
2014-08-04,2014-08-01 05:30:00+00:00,2014-08-04 01:00:00+00:00,VALID,1,1,2014-08-01,2014-08-01T13:30:00+00:00,2014-08-01T20:00:00+00:00,2014-08-01 20:00:00+00:00,0
2014-08-05,2014-08-04 05:30:00+00:00,2014-08-05 01:00:00+00:00,VALID,1,1,2014-08-04,2014-08-04T13:30:00+00:00,2014-08-04T20:00:00+00:00,2014-08-04 20:00:00+00:00,0
2014-08-06,2014-08-05 05:30:00+00:00,2014-08-06 01:00:00+00:00,VALID,1,1,2014-08-05,2014-08-05T13:30:00+00:00,2014-08-05T20:00:00+00:00,2014-08-05 20:00:00+00:00,0
2014-08-07,2014-08-06 05:30:00+00:00,2014-08-07 01:00:00+00:00,VALID,1,1,2014-08-06,2014-08-06T13:30:00+00:00,2014-08-06T20:00:00+00:00,2014-08-06 20:00:00+00:00,0
2014-08-08,2014-08-07 05:30:00+00:00,2014-08-08 01:00:00+00:00,VALID,1,1,2014-08-07,2014-08-07T13:30:00+00:00,2014-08-07T20:00:00+00:00,2014-08-07 20:00:00+00:00,0
2014-08-11,2014-08-08 05:30:00+00:00,2014-08-11 01:00:00+00:00,VALID,1,1,2014-08-08,2014-08-08T13:30:00+00:00,2014-08-08T20:00:00+00:00,2014-08-08 20:00:00+00:00,0
2014-08-12,2014-08-11 05:30:00+00:00,2014-08-12 01:00:00+00:00,VALID,1,1,2014-08-11,2014-08-11T13:30:00+00:00,2014-08-11T20:00:00+00:00,2014-08-11 20:00:00+00:00,0
2014-08-13,2014-08-12 05:30:00+00:00,2014-08-13 01:00:00+00:00,VALID,1,1,2014-08-12,2014-08-12T13:30:00+00:00,2014-08-12T20:00:00+00:00,2014-08-12 20:00:00+00:00,0
2014-08-14,2014-08-13 05:30:00+00:00,2014-08-14 01:00:00+00:00,VALID,1,1,2014-08-13,2014-08-13T13:30:00+00:00,2014-08-13T20:00:00+00:00,2014-08-13 20:00:00+00:00,0
2014-08-15,2014-08-14 05:30:00+00:00,2014-08-15 01:00:00+00:00,VALID,1,1,2014-08-14,2014-08-14T13:30:00+00:00,2014-08-14T20:00:00+00:00,2014-08-14 20:00:00+00:00,0
2014-08-18,2014-08-15 05:30:00+00:00,2014-08-18 01:00:00+00:00,VALID,1,1,2014-08-15,2014-08-15T13:30:00+00:00,2014-08-15T20:00:00+00:00,2014-08-15 20:00:00+00:00,0
2014-08-19,2014-08-18 05:30:00+00:00,2014-08-19 01:00:00+00:00,VALID,1,1,2014-08-18,2014-08-18T13:30:00+00:00,2014-08-18T20:00:00+00:00,2014-08-18 20:00:00+00:00,0
2014-08-20,2014-08-19 05:30:00+00:00,2014-08-20 01:00:00+00:00,VALID,1,1,2014-08-19,2014-08-19T13:30:00+00:00,2014-08-19T20:00:00+00:00,2014-08-19 20:00:00+00:00,0
2014-08-21,2014-08-20 05:30:00+00:00,2014-08-21 01:00:00+00:00,VALID,1,1,2014-08-20,2014-08-20T13:30:00+00:00,2014-08-20T20:00:00+00:00,2014-08-20 20:00:00+00:00,0
2014-08-22,2014-08-21 05:30:00+00:00,2014-08-22 01:00:00+00:00,VALID,1,1,2014-08-21,2014-08-21T13:30:00+00:00,2014-08-21T20:00:00+00:00,2014-08-21 20:00:00+00:00,0
2014-08-25,2014-08-22 05:30:00+00:00,2014-08-25 01:00:00+00:00,VALID,1,1,2014-08-22,2014-08-22T13:30:00+00:00,2014-08-22T20:00:00+00:00,2014-08-22 20:00:00+00:00,0
2014-08-26,2014-08-25 05:30:00+00:00,2014-08-26 01:00:00+00:00,VALID,1,1,2014-08-25,2014-08-25T13:30:00+00:00,2014-08-25T20:00:00+00:00,2014-08-25 20:00:00+00:00,0
2014-08-27,2014-08-26 05:30:00+00:00,2014-08-27 01:00:00+00:00,VALID,1,1,2014-08-26,2014-08-26T13:30:00+00:00,2014-08-26T20:00:00+00:00,2014-08-26 20:00:00+00:00,0
2014-08-28,2014-08-27 05:30:00+00:00,2014-08-28 01:00:00+00:00,VALID,1,1,2014-08-27,2014-08-27T13:30:00+00:00,2014-08-27T20:00:00+00:00,2014-08-27 20:00:00+00:00,0
2014-08-29,2014-08-28 05:30:00+00:00,2014-08-29 01:00:00+00:00,VALID,1,1,2014-08-28,2014-08-28T13:30:00+00:00,2014-08-28T20:00:00+00:00,2014-08-28 20:00:00+00:00,0
2014-09-01,2014-08-29 05:30:00+00:00,2014-09-01 01:00:00+00:00,VALID,1,1,2014-08-29,2014-08-29T13:30:00+00:00,2014-08-29T20:00:00+00:00,2014-08-29 20:00:00+00:00,0
2014-09-02,2014-09-01 05:30:00+00:00,2014-09-02 01:00:00+00:00,EMPTY_US_WINDOW,0,0,,,,,0
2014-09-03,2014-09-02 05:30:00+00:00,2014-09-03 01:00:00+00:00,VALID,1,1,2014-09-02,2014-09-02T13:30:00+00:00,2014-09-02T20:00:00+00:00,2014-09-02 20:00:00+00:00,0
2014-09-04,2014-09-03 05:30:00+00:00,2014-09-04 01:00:00+00:00,VALID,1,1,2014-09-03,2014-09-03T13:30:00+00:00,2014-09-03T20:00:00+00:00,2014-09-03 20:00:00+00:00,0
2014-09-05,2014-09-04 05:30:00+00:00,2014-09-05 01:00:00+00:00,VALID,1,1,2014-09-04,2014-09-04T13:30:00+00:00,2014-09-04T20:00:00+00:00,2014-09-04 20:00:00+00:00,0
2014-09-09,2014-09-05 05:30:00+00:00,2014-09-09 01:00:00+00:00,VALID,2,2,2014-09-05;2014-09-08,2014-09-05T13:30:00+00:00;2014-09-08T13:30:00+00:00,2014-09-05T20:00:00+00:00;2014-09-08T20:00:00+00:00,2014-09-08 20:00:00+00:00,0
2014-09-10,2014-09-09 05:30:00+00:00,2014-09-10 01:00:00+00:00,VALID,1,1,2014-09-09,2014-09-09T13:30:00+00:00,2014-09-09T20:00:00+00:00,2014-09-09 20:00:00+00:00,0
2014-09-11,2014-09-10 05:30:00+00:00,2014-09-11 01:00:00+00:00,VALID,1,1,2014-09-10,2014-09-10T13:30:00+00:00,2014-09-10T20:00:00+00:00,2014-09-10 20:00:00+00:00,0
2014-09-12,2014-09-11 05:30:00+00:00,2014-09-12 01:00:00+00:00,VALID,1,1,2014-09-11,2014-09-11T13:30:00+00:00,2014-09-11T20:00:00+00:00,2014-09-11 20:00:00+00:00,0
2014-09-15,2014-09-12 05:30:00+00:00,2014-09-15 01:00:00+00:00,VALID,1,1,2014-09-12,2014-09-12T13:30:00+00:00,2014-09-12T20:00:00+00:00,2014-09-12 20:00:00+00:00,0
2014-09-16,2014-09-15 05:30:00+00:00,2014-09-16 01:00:00+00:00,VALID,1,1,2014-09-15,2014-09-15T13:30:00+00:00,2014-09-15T20:00:00+00:00,2014-09-15 20:00:00+00:00,0
2014-09-17,2014-09-16 05:30:00+00:00,2014-09-17 01:00:00+00:00,VALID,1,1,2014-09-16,2014-09-16T13:30:00+00:00,2014-09-16T20:00:00+00:00,2014-09-16 20:00:00+00:00,0
2014-09-18,2014-09-17 05:30:00+00:00,2014-09-18 01:00:00+00:00,VALID,1,1,2014-09-17,2014-09-17T13:30:00+00:00,2014-09-17T20:00:00+00:00,2014-09-17 20:00:00+00:00,0
2014-09-19,2014-09-18 05:30:00+00:00,2014-09-19 01:00:00+00:00,VALID,1,1,2014-09-18,2014-09-18T13:30:00+00:00,2014-09-18T20:00:00+00:00,2014-09-18 20:00:00+00:00,0
2014-09-22,2014-09-19 05:30:00+00:00,2014-09-22 01:00:00+00:00,VALID,1,1,2014-09-19,2014-09-19T13:30:00+00:00,2014-09-19T20:00:00+00:00,2014-09-19 20:00:00+00:00,0
2014-09-23,2014-09-22 05:30:00+00:00,2014-09-23 01:00:00+00:00,VALID,1,1,2014-09-22,2014-09-22T13:30:00+00:00,2014-09-22T20:00:00+00:00,2014-09-22 20:00:00+00:00,0
2014-09-24,2014-09-23 05:30:00+00:00,2014-09-24 01:00:00+00:00,VALID,1,1,2014-09-23,2014-09-23T13:30:00+00:00,2014-09-23T20:00:00+00:00,2014-09-23 20:00:00+00:00,0
2014-09-25,2014-09-24 05:30:00+00:00,2014-09-25 01:00:00+00:00,VALID,1,1,2014-09-24,2014-09-24T13:30:00+00:00,2014-09-24T20:00:00+00:00,2014-09-24 20:00:00+00:00,0
2014-09-26,2014-09-25 05:30:00+00:00,2014-09-26 01:00:00+00:00,VALID,1,1,2014-09-25,2014-09-25T13:30:00+00:00,2014-09-25T20:00:00+00:00,2014-09-25 20:00:00+00:00,0
2014-09-29,2014-09-26 05:30:00+00:00,2014-09-29 01:00:00+00:00,VALID,1,1,2014-09-26,2014-09-26T13:30:00+00:00,2014-09-26T20:00:00+00:00,2014-09-26 20:00:00+00:00,0
2014-09-30,2014-09-29 05:30:00+00:00,2014-09-30 01:00:00+00:00,VALID,1,1,2014-09-29,2014-09-29T13:30:00+00:00,2014-09-29T20:00:00+00:00,2014-09-29 20:00:00+00:00,0
2014-10-01,2014-09-30 05:30:00+00:00,2014-10-01 01:00:00+00:00,VALID,1,1,2014-09-30,2014-09-30T13:30:00+00:00,2014-09-30T20:00:00+00:00,2014-09-30 20:00:00+00:00,0
2014-10-02,2014-10-01 05:30:00+00:00,2014-10-02 01:00:00+00:00,VALID,1,1,2014-10-01,2014-10-01T13:30:00+00:00,2014-10-01T20:00:00+00:00,2014-10-01 20:00:00+00:00,0
2014-10-03,2014-10-02 05:30:00+00:00,2014-10-03 01:00:00+00:00,VALID,1,1,2014-10-02,2014-10-02T13:30:00+00:00,2014-10-02T20:00:00+00:00,2014-10-02 20:00:00+00:00,0
2014-10-06,2014-10-03 05:30:00+00:00,2014-10-06 01:00:00+00:00,VALID,1,1,2014-10-03,2014-10-03T13:30:00+00:00,2014-10-03T20:00:00+00:00,2014-10-03 20:00:00+00:00,0
2014-10-07,2014-10-06 05:30:00+00:00,2014-10-07 01:00:00+00:00,VALID,1,1,2014-10-06,2014-10-06T13:30:00+00:00,2014-10-06T20:00:00+00:00,2014-10-06 20:00:00+00:00,0
2014-10-08,2014-10-07 05:30:00+00:00,2014-10-08 01:00:00+00:00,VALID,1,1,2014-10-07,2014-10-07T13:30:00+00:00,2014-10-07T20:00:00+00:00,2014-10-07 20:00:00+00:00,0
2014-10-09,2014-10-08 05:30:00+00:00,2014-10-09 01:00:00+00:00,VALID,1,1,2014-10-08,2014-10-08T13:30:00+00:00,2014-10-08T20:00:00+00:00,2014-10-08 20:00:00+00:00,0
2014-10-13,2014-10-09 05:30:00+00:00,2014-10-13 01:00:00+00:00,VALID,2,2,2014-10-09;2014-10-10,2014-10-09T13:30:00+00:00;2014-10-10T13:30:00+00:00,2014-10-09T20:00:00+00:00;2014-10-10T20:00:00+00:00,2014-10-10 20:00:00+00:00,0
2014-10-14,2014-10-13 05:30:00+00:00,2014-10-14 01:00:00+00:00,VALID,1,1,2014-10-13,2014-10-13T13:30:00+00:00,2014-10-13T20:00:00+00:00,2014-10-13 20:00:00+00:00,0
2014-10-15,2014-10-14 05:30:00+00:00,2014-10-15 01:00:00+00:00,VALID,1,1,2014-10-14,2014-10-14T13:30:00+00:00,2014-10-14T20:00:00+00:00,2014-10-14 20:00:00+00:00,0
2014-10-16,2014-10-15 05:30:00+00:00,2014-10-16 01:00:00+00:00,VALID,1,1,2014-10-15,2014-10-15T13:30:00+00:00,2014-10-15T20:00:00+00:00,2014-10-15 20:00:00+00:00,0
2014-10-17,2014-10-16 05:30:00+00:00,2014-10-17 01:00:00+00:00,VALID,1,1,2014-10-16,2014-10-16T13:30:00+00:00,2014-10-16T20:00:00+00:00,2014-10-16 20:00:00+00:00,0
2014-10-20,2014-10-17 05:30:00+00:00,2014-10-20 01:00:00+00:00,VALID,1,1,2014-10-17,2014-10-17T13:30:00+00:00,2014-10-17T20:00:00+00:00,2014-10-17 20:00:00+00:00,0
2014-10-21,2014-10-20 05:30:00+00:00,2014-10-21 01:00:00+00:00,VALID,1,1,2014-10-20,2014-10-20T13:30:00+00:00,2014-10-20T20:00:00+00:00,2014-10-20 20:00:00+00:00,0
2014-10-22,2014-10-21 05:30:00+00:00,2014-10-22 01:00:00+00:00,VALID,1,1,2014-10-21,2014-10-21T13:30:00+00:00,2014-10-21T20:00:00+00:00,2014-10-21 20:00:00+00:00,0
2014-10-23,2014-10-22 05:30:00+00:00,2014-10-23 01:00:00+00:00,VALID,1,1,2014-10-22,2014-10-22T13:30:00+00:00,2014-10-22T20:00:00+00:00,2014-10-22 20:00:00+00:00,0
2014-10-24,2014-10-23 05:30:00+00:00,2014-10-24 01:00:00+00:00,VALID,1,1,2014-10-23,2014-10-23T13:30:00+00:00,2014-10-23T20:00:00+00:00,2014-10-23 20:00:00+00:00,0
2014-10-27,2014-10-24 05:30:00+00:00,2014-10-27 01:00:00+00:00,VALID,1,1,2014-10-24,2014-10-24T13:30:00+00:00,2014-10-24T20:00:00+00:00,2014-10-24 20:00:00+00:00,0
2014-10-28,2014-10-27 05:30:00+00:00,2014-10-28 01:00:00+00:00,VALID,1,1,2014-10-27,2014-10-27T13:30:00+00:00,2014-10-27T20:00:00+00:00,2014-10-27 20:00:00+00:00,0
2014-10-29,2014-10-28 05:30:00+00:00,2014-10-29 01:00:00+00:00,VALID,1,1,2014-10-28,2014-10-28T13:30:00+00:00,2014-10-28T20:00:00+00:00,2014-10-28 20:00:00+00:00,0
2014-10-30,2014-10-29 05:30:00+00:00,2014-10-30 01:00:00+00:00,VALID,1,1,2014-10-29,2014-10-29T13:30:00+00:00,2014-10-29T20:00:00+00:00,2014-10-29 20:00:00+00:00,0
2014-10-31,2014-10-30 05:30:00+00:00,2014-10-31 01:00:00+00:00,VALID,1,1,2014-10-30,2014-10-30T13:30:00+00:00,2014-10-30T20:00:00+00:00,2014-10-30 20:00:00+00:00,0
2014-11-03,2014-10-31 05:30:00+00:00,2014-11-03 01:00:00+00:00,VALID,1,1,2014-10-31,2014-10-31T13:30:00+00:00,2014-10-31T20:00:00+00:00,2014-10-31 20:00:00+00:00,0
2014-11-04,2014-11-03 05:30:00+00:00,2014-11-04 01:00:00+00:00,VALID,1,1,2014-11-03,2014-11-03T14:30:00+00:00,2014-11-03T21:00:00+00:00,2014-11-03 21:00:00+00:00,0
2014-11-05,2014-11-04 05:30:00+00:00,2014-11-05 01:00:00+00:00,VALID,1,1,2014-11-04,2014-11-04T14:30:00+00:00,2014-11-04T21:00:00+00:00,2014-11-04 21:00:00+00:00,0
2014-11-06,2014-11-05 05:30:00+00:00,2014-11-06 01:00:00+00:00,VALID,1,1,2014-11-05,2014-11-05T14:30:00+00:00,2014-11-05T21:00:00+00:00,2014-11-05 21:00:00+00:00,0
2014-11-07,2014-11-06 05:30:00+00:00,2014-11-07 01:00:00+00:00,VALID,1,1,2014-11-06,2014-11-06T14:30:00+00:00,2014-11-06T21:00:00+00:00,2014-11-06 21:00:00+00:00,0
2014-11-10,2014-11-07 05:30:00+00:00,2014-11-10 01:00:00+00:00,VALID,1,1,2014-11-07,2014-11-07T14:30:00+00:00,2014-11-07T21:00:00+00:00,2014-11-07 21:00:00+00:00,0
2014-11-11,2014-11-10 05:30:00+00:00,2014-11-11 01:00:00+00:00,VALID,1,1,2014-11-10,2014-11-10T14:30:00+00:00,2014-11-10T21:00:00+00:00,2014-11-10 21:00:00+00:00,0
2014-11-12,2014-11-11 05:30:00+00:00,2014-11-12 01:00:00+00:00,VALID,1,1,2014-11-11,2014-11-11T14:30:00+00:00,2014-11-11T21:00:00+00:00,2014-11-11 21:00:00+00:00,0
2014-11-13,2014-11-12 05:30:00+00:00,2014-11-13 01:00:00+00:00,VALID,1,1,2014-11-12,2014-11-12T14:30:00+00:00,2014-11-12T21:00:00+00:00,2014-11-12 21:00:00+00:00,0
2014-11-14,2014-11-13 05:30:00+00:00,2014-11-14 01:00:00+00:00,VALID,1,1,2014-11-13,2014-11-13T14:30:00+00:00,2014-11-13T21:00:00+00:00,2014-11-13 21:00:00+00:00,0
2014-11-17,2014-11-14 05:30:00+00:00,2014-11-17 01:00:00+00:00,VALID,1,1,2014-11-14,2014-11-14T14:30:00+00:00,2014-11-14T21:00:00+00:00,2014-11-14 21:00:00+00:00,0
2014-11-18,2014-11-17 05:30:00+00:00,2014-11-18 01:00:00+00:00,VALID,1,1,2014-11-17,2014-11-17T14:30:00+00:00,2014-11-17T21:00:00+00:00,2014-11-17 21:00:00+00:00,0
2014-11-19,2014-11-18 05:30:00+00:00,2014-11-19 01:00:00+00:00,VALID,1,1,2014-11-18,2014-11-18T14:30:00+00:00,2014-11-18T21:00:00+00:00,2014-11-18 21:00:00+00:00,0
2014-11-20,2014-11-19 05:30:00+00:00,2014-11-20 01:00:00+00:00,VALID,1,1,2014-11-19,2014-11-19T14:30:00+00:00,2014-11-19T21:00:00+00:00,2014-11-19 21:00:00+00:00,0
2014-11-21,2014-11-20 05:30:00+00:00,2014-11-21 01:00:00+00:00,VALID,1,1,2014-11-20,2014-11-20T14:30:00+00:00,2014-11-20T21:00:00+00:00,2014-11-20 21:00:00+00:00,0
2014-11-24,2014-11-21 05:30:00+00:00,2014-11-24 01:00:00+00:00,VALID,1,1,2014-11-21,2014-11-21T14:30:00+00:00,2014-11-21T21:00:00+00:00,2014-11-21 21:00:00+00:00,0
2014-11-25,2014-11-24 05:30:00+00:00,2014-11-25 01:00:00+00:00,VALID,1,1,2014-11-24,2014-11-24T14:30:00+00:00,2014-11-24T21:00:00+00:00,2014-11-24 21:00:00+00:00,0
2014-11-26,2014-11-25 05:30:00+00:00,2014-11-26 01:00:00+00:00,VALID,1,1,2014-11-25,2014-11-25T14:30:00+00:00,2014-11-25T21:00:00+00:00,2014-11-25 21:00:00+00:00,0
2014-11-27,2014-11-26 05:30:00+00:00,2014-11-27 01:00:00+00:00,VALID,1,1,2014-11-26,2014-11-26T14:30:00+00:00,2014-11-26T21:00:00+00:00,2014-11-26 21:00:00+00:00,0
2014-11-28,2014-11-27 05:30:00+00:00,2014-11-28 01:00:00+00:00,EMPTY_US_WINDOW,0,0,,,,,0
2014-12-01,2014-11-28 05:30:00+00:00,2014-12-01 01:00:00+00:00,VALID,1,1,2014-11-28,2014-11-28T14:30:00+00:00,2014-11-28T18:00:00+00:00,2014-11-28 18:00:00+00:00,1
2014-12-02,2014-12-01 05:30:00+00:00,2014-12-02 01:00:00+00:00,VALID,1,1,2014-12-01,2014-12-01T14:30:00+00:00,2014-12-01T21:00:00+00:00,2014-12-01 21:00:00+00:00,0
2014-12-03,2014-12-02 05:30:00+00:00,2014-12-03 01:00:00+00:00,VALID,1,1,2014-12-02,2014-12-02T14:30:00+00:00,2014-12-02T21:00:00+00:00,2014-12-02 21:00:00+00:00,0
2014-12-04,2014-12-03 05:30:00+00:00,2014-12-04 01:00:00+00:00,VALID,1,1,2014-12-03,2014-12-03T14:30:00+00:00,2014-12-03T21:00:00+00:00,2014-12-03 21:00:00+00:00,0
2014-12-05,2014-12-04 05:30:00+00:00,2014-12-05 01:00:00+00:00,VALID,1,1,2014-12-04,2014-12-04T14:30:00+00:00,2014-12-04T21:00:00+00:00,2014-12-04 21:00:00+00:00,0
2014-12-08,2014-12-05 05:30:00+00:00,2014-12-08 01:00:00+00:00,VALID,1,1,2014-12-05,2014-12-05T14:30:00+00:00,2014-12-05T21:00:00+00:00,2014-12-05 21:00:00+00:00,0
2014-12-09,2014-12-08 05:30:00+00:00,2014-12-09 01:00:00+00:00,VALID,1,1,2014-12-08,2014-12-08T14:30:00+00:00,2014-12-08T21:00:00+00:00,2014-12-08 21:00:00+00:00,0
2014-12-10,2014-12-09 05:30:00+00:00,2014-12-10 01:00:00+00:00,VALID,1,1,2014-12-09,2014-12-09T14:30:00+00:00,2014-12-09T21:00:00+00:00,2014-12-09 21:00:00+00:00,0
2014-12-11,2014-12-10 05:30:00+00:00,2014-12-11 01:00:00+00:00,VALID,1,1,2014-12-10,2014-12-10T14:30:00+00:00,2014-12-10T21:00:00+00:00,2014-12-10 21:00:00+00:00,0
2014-12-12,2014-12-11 05:30:00+00:00,2014-12-12 01:00:00+00:00,VALID,1,1,2014-12-11,2014-12-11T14:30:00+00:00,2014-12-11T21:00:00+00:00,2014-12-11 21:00:00+00:00,0
2014-12-15,2014-12-12 05:30:00+00:00,2014-12-15 01:00:00+00:00,VALID,1,1,2014-12-12,2014-12-12T14:30:00+00:00,2014-12-12T21:00:00+00:00,2014-12-12 21:00:00+00:00,0
2014-12-16,2014-12-15 05:30:00+00:00,2014-12-16 01:00:00+00:00,VALID,1,1,2014-12-15,2014-12-15T14:30:00+00:00,2014-12-15T21:00:00+00:00,2014-12-15 21:00:00+00:00,0
2014-12-17,2014-12-16 05:30:00+00:00,2014-12-17 01:00:00+00:00,VALID,1,1,2014-12-16,2014-12-16T14:30:00+00:00,2014-12-16T21:00:00+00:00,2014-12-16 21:00:00+00:00,0
2014-12-18,2014-12-17 05:30:00+00:00,2014-12-18 01:00:00+00:00,VALID,1,1,2014-12-17,2014-12-17T14:30:00+00:00,2014-12-17T21:00:00+00:00,2014-12-17 21:00:00+00:00,0
2014-12-19,2014-12-18 05:30:00+00:00,2014-12-19 01:00:00+00:00,VALID,1,1,2014-12-18,2014-12-18T14:30:00+00:00,2014-12-18T21:00:00+00:00,2014-12-18 21:00:00+00:00,0
2014-12-22,2014-12-19 05:30:00+00:00,2014-12-22 01:00:00+00:00,VALID,1,1,2014-12-19,2014-12-19T14:30:00+00:00,2014-12-19T21:00:00+00:00,2014-12-19 21:00:00+00:00,0
2014-12-23,2014-12-22 05:30:00+00:00,2014-12-23 01:00:00+00:00,VALID,1,1,2014-12-22,2014-12-22T14:30:00+00:00,2014-12-22T21:00:00+00:00,2014-12-22 21:00:00+00:00,0
2014-12-24,2014-12-23 05:30:00+00:00,2014-12-24 01:00:00+00:00,VALID,1,1,2014-12-23,2014-12-23T14:30:00+00:00,2014-12-23T21:00:00+00:00,2014-12-23 21:00:00+00:00,0
2014-12-25,2014-12-24 05:30:00+00:00,2014-12-25 01:00:00+00:00,VALID,1,1,2014-12-24,2014-12-24T14:30:00+00:00,2014-12-24T18:00:00+00:00,2014-12-24 18:00:00+00:00,1
2014-12-26,2014-12-25 05:30:00+00:00,2014-12-26 01:00:00+00:00,EMPTY_US_WINDOW,0,0,,,,,0
2014-12-27,2014-12-26 05:30:00+00:00,2014-12-27 01:00:00+00:00,VALID,1,1,2014-12-26,2014-12-26T14:30:00+00:00,2014-12-26T21:00:00+00:00,2014-12-26 21:00:00+00:00,0
2014-12-29,2014-12-27 05:30:00+00:00,2014-12-29 01:00:00+00:00,EMPTY_US_WINDOW,0,0,,,,,0
2014-12-30,2014-12-29 05:30:00+00:00,2014-12-30 01:00:00+00:00,VALID,1,1,2014-12-29,2014-12-29T14:30:00+00:00,2014-12-29T21:00:00+00:00,2014-12-29 21:00:00+00:00,0
2014-12-31,2014-12-30 05:30:00+00:00,2014-12-31 01:00:00+00:00,VALID,1,1,2014-12-30,2014-12-30T14:30:00+00:00,2014-12-30T21:00:00+00:00,2014-12-30 21:00:00+00:00,0
2015-01-05,2014-12-31 05:30:00+00:00,2015-01-05 01:00:00+00:00,VALID,2,2,2014-12-31;2015-01-02,2014-12-31T14:30:00+00:00;2015-01-02T14:30:00+00:00,2014-12-31T21:00:00+00:00;2015-01-02T21:00:00+00:00,2015-01-02 21:00:00+00:00,0
2015-01-06,2015-01-05 05:30:00+00:00,2015-01-06 01:00:00+00:00,VALID,1,1,2015-01-05,2015-01-05T14:30:00+00:00,2015-01-05T21:00:00+00:00,2015-01-05 21:00:00+00:00,0
2015-01-07,2015-01-06 05:30:00+00:00,2015-01-07 01:00:00+00:00,VALID,1,1,2015-01-06,2015-01-06T14:30:00+00:00,2015-01-06T21:00:00+00:00,2015-01-06 21:00:00+00:00,0
2015-01-08,2015-01-07 05:30:00+00:00,2015-01-08 01:00:00+00:00,VALID,1,1,2015-01-07,2015-01-07T14:30:00+00:00,2015-01-07T21:00:00+00:00,2015-01-07 21:00:00+00:00,0
2015-01-09,2015-01-08 05:30:00+00:00,2015-01-09 01:00:00+00:00,VALID,1,1,2015-01-08,2015-01-08T14:30:00+00:00,2015-01-08T21:00:00+00:00,2015-01-08 21:00:00+00:00,0
2015-01-12,2015-01-09 05:30:00+00:00,2015-01-12 01:00:00+00:00,VALID,1,1,2015-01-09,2015-01-09T14:30:00+00:00,2015-01-09T21:00:00+00:00,2015-01-09 21:00:00+00:00,0
2015-01-13,2015-01-12 05:30:00+00:00,2015-01-13 01:00:00+00:00,VALID,1,1,2015-01-12,2015-01-12T14:30:00+00:00,2015-01-12T21:00:00+00:00,2015-01-12 21:00:00+00:00,0
2015-01-14,2015-01-13 05:30:00+00:00,2015-01-14 01:00:00+00:00,VALID,1,1,2015-01-13,2015-01-13T14:30:00+00:00,2015-01-13T21:00:00+00:00,2015-01-13 21:00:00+00:00,0
2015-01-15,2015-01-14 05:30:00+00:00,2015-01-15 01:00:00+00:00,VALID,1,1,2015-01-14,2015-01-14T14:30:00+00:00,2015-01-14T21:00:00+00:00,2015-01-14 21:00:00+00:00,0
2015-01-16,2015-01-15 05:30:00+00:00,2015-01-16 01:00:00+00:00,VALID,1,1,2015-01-15,2015-01-15T14:30:00+00:00,2015-01-15T21:00:00+00:00,2015-01-15 21:00:00+00:00,0
2015-01-19,2015-01-16 05:30:00+00:00,2015-01-19 01:00:00+00:00,VALID,1,1,2015-01-16,2015-01-16T14:30:00+00:00,2015-01-16T21:00:00+00:00,2015-01-16 21:00:00+00:00,0
2015-01-20,2015-01-19 05:30:00+00:00,2015-01-20 01:00:00+00:00,EMPTY_US_WINDOW,0,0,,,,,0
2015-01-21,2015-01-20 05:30:00+00:00,2015-01-21 01:00:00+00:00,VALID,1,1,2015-01-20,2015-01-20T14:30:00+00:00,2015-01-20T21:00:00+00:00,2015-01-20 21:00:00+00:00,0
2015-01-22,2015-01-21 05:30:00+00:00,2015-01-22 01:00:00+00:00,VALID,1,1,2015-01-21,2015-01-21T14:30:00+00:00,2015-01-21T21:00:00+00:00,2015-01-21 21:00:00+00:00,0
2015-01-23,2015-01-22 05:30:00+00:00,2015-01-23 01:00:00+00:00,VALID,1,1,2015-01-22,2015-01-22T14:30:00+00:00,2015-01-22T21:00:00+00:00,2015-01-22 21:00:00+00:00,0
2015-01-26,2015-01-23 05:30:00+00:00,2015-01-26 01:00:00+00:00,VALID,1,1,2015-01-23,2015-01-23T14:30:00+00:00,2015-01-23T21:00:00+00:00,2015-01-23 21:00:00+00:00,0
2015-01-27,2015-01-26 05:30:00+00:00,2015-01-27 01:00:00+00:00,VALID,1,1,2015-01-26,2015-01-26T14:30:00+00:00,2015-01-26T21:00:00+00:00,2015-01-26 21:00:00+00:00,0
2015-01-28,2015-01-27 05:30:00+00:00,2015-01-28 01:00:00+00:00,VALID,1,1,2015-01-27,2015-01-27T14:30:00+00:00,2015-01-27T21:00:00+00:00,2015-01-27 21:00:00+00:00,0
2015-01-29,2015-01-28 05:30:00+00:00,2015-01-29 01:00:00+00:00,VALID,1,1,2015-01-28,2015-01-28T14:30:00+00:00,2015-01-28T21:00:00+00:00,2015-01-28 21:00:00+00:00,0
2015-01-30,2015-01-29 05:30:00+00:00,2015-01-30 01:00:00+00:00,VALID,1,1,2015-01-29,2015-01-29T14:30:00+00:00,2015-01-29T21:00:00+00:00,2015-01-29 21:00:00+00:00,0
2015-02-02,2015-01-30 05:30:00+00:00,2015-02-02 01:00:00+00:00,VALID,1,1,2015-01-30,2015-01-30T14:30:00+00:00,2015-01-30T21:00:00+00:00,2015-01-30 21:00:00+00:00,0
2015-02-03,2015-02-02 05:30:00+00:00,2015-02-03 01:00:00+00:00,VALID,1,1,2015-02-02,2015-02-02T14:30:00+00:00,2015-02-02T21:00:00+00:00,2015-02-02 21:00:00+00:00,0
2015-02-04,2015-02-03 05:30:00+00:00,2015-02-04 01:00:00+00:00,VALID,1,1,2015-02-03,2015-02-03T14:30:00+00:00,2015-02-03T21:00:00+00:00,2015-02-03 21:00:00+00:00,0
2015-02-05,2015-02-04 05:30:00+00:00,2015-02-05 01:00:00+00:00,VALID,1,1,2015-02-04,2015-02-04T14:30:00+00:00,2015-02-04T21:00:00+00:00,2015-02-04 21:00:00+00:00,0
2015-02-06,2015-02-05 05:30:00+00:00,2015-02-06 01:00:00+00:00,VALID,1,1,2015-02-05,2015-02-05T14:30:00+00:00,2015-02-05T21:00:00+00:00,2015-02-05 21:00:00+00:00,0
2015-02-09,2015-02-06 05:30:00+00:00,2015-02-09 01:00:00+00:00,VALID,1,1,2015-02-06,2015-02-06T14:30:00+00:00,2015-02-06T21:00:00+00:00,2015-02-06 21:00:00+00:00,0
2015-02-10,2015-02-09 05:30:00+00:00,2015-02-10 01:00:00+00:00,VALID,1,1,2015-02-09,2015-02-09T14:30:00+00:00,2015-02-09T21:00:00+00:00,2015-02-09 21:00:00+00:00,0
2015-02-11,2015-02-10 05:30:00+00:00,2015-02-11 01:00:00+00:00,VALID,1,1,2015-02-10,2015-02-10T14:30:00+00:00,2015-02-10T21:00:00+00:00,2015-02-10 21:00:00+00:00,0
2015-02-12,2015-02-11 05:30:00+00:00,2015-02-12 01:00:00+00:00,VALID,1,1,2015-02-11,2015-02-11T14:30:00+00:00,2015-02-11T21:00:00+00:00,2015-02-11 21:00:00+00:00,0
2015-02-13,2015-02-12 05:30:00+00:00,2015-02-13 01:00:00+00:00,VALID,1,1,2015-02-12,2015-02-12T14:30:00+00:00,2015-02-12T21:00:00+00:00,2015-02-12 21:00:00+00:00,0
2015-02-24,2015-02-13 05:30:00+00:00,2015-02-24 01:00:00+00:00,VALID,6,6,2015-02-13;2015-02-17;2015-02-18;2015-02-19;2015-02-20;2015-02-23,2015-02-13T14:30:00+00:00;2015-02-17T14:30:00+00:00;2015-02-18T14:30:00+00:00;2015-02-19T14:30:00+00:00;2015-02-20T14:30:00+00:00;2015-02-23T14:30:00+00:00,2015-02-13T21:00:00+00:00;2015-02-17T21:00:00+00:00;2015-02-18T21:00:00+00:00;2015-02-19T21:00:00+00:00;2015-02-20T21:00:00+00:00;2015-02-23T21:00:00+00:00,2015-02-23 21:00:00+00:00,0
2015-02-25,2015-02-24 05:30:00+00:00,2015-02-25 01:00:00+00:00,VALID,1,1,2015-02-24,2015-02-24T14:30:00+00:00,2015-02-24T21:00:00+00:00,2015-02-24 21:00:00+00:00,0
2015-02-26,2015-02-25 05:30:00+00:00,2015-02-26 01:00:00+00:00,VALID,1,1,2015-02-25,2015-02-25T14:30:00+00:00,2015-02-25T21:00:00+00:00,2015-02-25 21:00:00+00:00,0
2015-03-02,2015-02-26 05:30:00+00:00,2015-03-02 01:00:00+00:00,VALID,2,2,2015-02-26;2015-02-27,2015-02-26T14:30:00+00:00;2015-02-27T14:30:00+00:00,2015-02-26T21:00:00+00:00;2015-02-27T21:00:00+00:00,2015-02-27 21:00:00+00:00,0
2015-03-03,2015-03-02 05:30:00+00:00,2015-03-03 01:00:00+00:00,VALID,1,1,2015-03-02,2015-03-02T14:30:00+00:00,2015-03-02T21:00:00+00:00,2015-03-02 21:00:00+00:00,0
2015-03-04,2015-03-03 05:30:00+00:00,2015-03-04 01:00:00+00:00,VALID,1,1,2015-03-03,2015-03-03T14:30:00+00:00,2015-03-03T21:00:00+00:00,2015-03-03 21:00:00+00:00,0
2015-03-05,2015-03-04 05:30:00+00:00,2015-03-05 01:00:00+00:00,VALID,1,1,2015-03-04,2015-03-04T14:30:00+00:00,2015-03-04T21:00:00+00:00,2015-03-04 21:00:00+00:00,0
2015-03-06,2015-03-05 05:30:00+00:00,2015-03-06 01:00:00+00:00,VALID,1,1,2015-03-05,2015-03-05T14:30:00+00:00,2015-03-05T21:00:00+00:00,2015-03-05 21:00:00+00:00,0
2015-03-09,2015-03-06 05:30:00+00:00,2015-03-09 01:00:00+00:00,VALID,1,1,2015-03-06,2015-03-06T14:30:00+00:00,2015-03-06T21:00:00+00:00,2015-03-06 21:00:00+00:00,0
2015-03-10,2015-03-09 05:30:00+00:00,2015-03-10 01:00:00+00:00,VALID,1,1,2015-03-09,2015-03-09T13:30:00+00:00,2015-03-09T20:00:00+00:00,2015-03-09 20:00:00+00:00,0
2015-03-11,2015-03-10 05:30:00+00:00,2015-03-11 01:00:00+00:00,VALID,1,1,2015-03-10,2015-03-10T13:30:00+00:00,2015-03-10T20:00:00+00:00,2015-03-10 20:00:00+00:00,0
2015-03-12,2015-03-11 05:30:00+00:00,2015-03-12 01:00:00+00:00,VALID,1,1,2015-03-11,2015-03-11T13:30:00+00:00,2015-03-11T20:00:00+00:00,2015-03-11 20:00:00+00:00,0
2015-03-13,2015-03-12 05:30:00+00:00,2015-03-13 01:00:00+00:00,VALID,1,1,2015-03-12,2015-03-12T13:30:00+00:00,2015-03-12T20:00:00+00:00,2015-03-12 20:00:00+00:00,0
2015-03-16,2015-03-13 05:30:00+00:00,2015-03-16 01:00:00+00:00,VALID,1,1,2015-03-13,2015-03-13T13:30:00+00:00,2015-03-13T20:00:00+00:00,2015-03-13 20:00:00+00:00,0
2015-03-17,2015-03-16 05:30:00+00:00,2015-03-17 01:00:00+00:00,VALID,1,1,2015-03-16,2015-03-16T13:30:00+00:00,2015-03-16T20:00:00+00:00,2015-03-16 20:00:00+00:00,0
2015-03-18,2015-03-17 05:30:00+00:00,2015-03-18 01:00:00+00:00,VALID,1,1,2015-03-17,2015-03-17T13:30:00+00:00,2015-03-17T20:00:00+00:00,2015-03-17 20:00:00+00:00,0
2015-03-19,2015-03-18 05:30:00+00:00,2015-03-19 01:00:00+00:00,VALID,1,1,2015-03-18,2015-03-18T13:30:00+00:00,2015-03-18T20:00:00+00:00,2015-03-18 20:00:00+00:00,0
2015-03-20,2015-03-19 05:30:00+00:00,2015-03-20 01:00:00+00:00,VALID,1,1,2015-03-19,2015-03-19T13:30:00+00:00,2015-03-19T20:00:00+00:00,2015-03-19 20:00:00+00:00,0
2015-03-23,2015-03-20 05:30:00+00:00,2015-03-23 01:00:00+00:00,VALID,1,1,2015-03-20,2015-03-20T13:30:00+00:00,2015-03-20T20:00:00+00:00,2015-03-20 20:00:00+00:00,0
2015-03-24,2015-03-23 05:30:00+00:00,2015-03-24 01:00:00+00:00,VALID,1,1,2015-03-23,2015-03-23T13:30:00+00:00,2015-03-23T20:00:00+00:00,2015-03-23 20:00:00+00:00,0
2015-03-25,2015-03-24 05:30:00+00:00,2015-03-25 01:00:00+00:00,VALID,1,1,2015-03-24,2015-03-24T13:30:00+00:00,2015-03-24T20:00:00+00:00,2015-03-24 20:00:00+00:00,0
2015-03-26,2015-03-25 05:30:00+00:00,2015-03-26 01:00:00+00:00,VALID,1,1,2015-03-25,2015-03-25T13:30:00+00:00,2015-03-25T20:00:00+00:00,2015-03-25 20:00:00+00:00,0
2015-03-27,2015-03-26 05:30:00+00:00,2015-03-27 01:00:00+00:00,VALID,1,1,2015-03-26,2015-03-26T13:30:00+00:00,2015-03-26T20:00:00+00:00,2015-03-26 20:00:00+00:00,0
2015-03-30,2015-03-27 05:30:00+00:00,2015-03-30 01:00:00+00:00,VALID,1,1,2015-03-27,2015-03-27T13:30:00+00:00,2015-03-27T20:00:00+00:00,2015-03-27 20:00:00+00:00,0
2015-03-31,2015-03-30 05:30:00+00:00,2015-03-31 01:00:00+00:00,VALID,1,1,2015-03-30,2015-03-30T13:30:00+00:00,2015-03-30T20:00:00+00:00,2015-03-30 20:00:00+00:00,0
2015-04-01,2015-03-31 05:30:00+00:00,2015-04-01 01:00:00+00:00,VALID,1,1,2015-03-31,2015-03-31T13:30:00+00:00,2015-03-31T20:00:00+00:00,2015-03-31 20:00:00+00:00,0
2015-04-02,2015-04-01 05:30:00+00:00,2015-04-02 01:00:00+00:00,VALID,1,1,2015-04-01,2015-04-01T13:30:00+00:00,2015-04-01T20:00:00+00:00,2015-04-01 20:00:00+00:00,0
2015-04-07,2015-04-02 05:30:00+00:00,2015-04-07 01:00:00+00:00,VALID,2,2,2015-04-02;2015-04-06,2015-04-02T13:30:00+00:00;2015-04-06T13:30:00+00:00,2015-04-02T20:00:00+00:00;2015-04-06T20:00:00+00:00,2015-04-06 20:00:00+00:00,0
2015-04-08,2015-04-07 05:30:00+00:00,2015-04-08 01:00:00+00:00,VALID,1,1,2015-04-07,2015-04-07T13:30:00+00:00,2015-04-07T20:00:00+00:00,2015-04-07 20:00:00+00:00,0
2015-04-09,2015-04-08 05:30:00+00:00,2015-04-09 01:00:00+00:00,VALID,1,1,2015-04-08,2015-04-08T13:30:00+00:00,2015-04-08T20:00:00+00:00,2015-04-08 20:00:00+00:00,0
2015-04-10,2015-04-09 05:30:00+00:00,2015-04-10 01:00:00+00:00,VALID,1,1,2015-04-09,2015-04-09T13:30:00+00:00,2015-04-09T20:00:00+00:00,2015-04-09 20:00:00+00:00,0
2015-04-13,2015-04-10 05:30:00+00:00,2015-04-13 01:00:00+00:00,VALID,1,1,2015-04-10,2015-04-10T13:30:00+00:00,2015-04-10T20:00:00+00:00,2015-04-10 20:00:00+00:00,0
2015-04-14,2015-04-13 05:30:00+00:00,2015-04-14 01:00:00+00:00,VALID,1,1,2015-04-13,2015-04-13T13:30:00+00:00,2015-04-13T20:00:00+00:00,2015-04-13 20:00:00+00:00,0
2015-04-15,2015-04-14 05:30:00+00:00,2015-04-15 01:00:00+00:00,VALID,1,1,2015-04-14,2015-04-14T13:30:00+00:00,2015-04-14T20:00:00+00:00,2015-04-14 20:00:00+00:00,0
2015-04-16,2015-04-15 05:30:00+00:00,2015-04-16 01:00:00+00:00,VALID,1,1,2015-04-15,2015-04-15T13:30:00+00:00,2015-04-15T20:00:00+00:00,2015-04-15 20:00:00+00:00,0
2015-04-17,2015-04-16 05:30:00+00:00,2015-04-17 01:00:00+00:00,VALID,1,1,2015-04-16,2015-04-16T13:30:00+00:00,2015-04-16T20:00:00+00:00,2015-04-16 20:00:00+00:00,0
2015-04-20,2015-04-17 05:30:00+00:00,2015-04-20 01:00:00+00:00,VALID,1,1,2015-04-17,2015-04-17T13:30:00+00:00,2015-04-17T20:00:00+00:00,2015-04-17 20:00:00+00:00,0
2015-04-21,2015-04-20 05:30:00+00:00,2015-04-21 01:00:00+00:00,VALID,1,1,2015-04-20,2015-04-20T13:30:00+00:00,2015-04-20T20:00:00+00:00,2015-04-20 20:00:00+00:00,0
2015-04-22,2015-04-21 05:30:00+00:00,2015-04-22 01:00:00+00:00,VALID,1,1,2015-04-21,2015-04-21T13:30:00+00:00,2015-04-21T20:00:00+00:00,2015-04-21 20:00:00+00:00,0
2015-04-23,2015-04-22 05:30:00+00:00,2015-04-23 01:00:00+00:00,VALID,1,1,2015-04-22,2015-04-22T13:30:00+00:00,2015-04-22T20:00:00+00:00,2015-04-22 20:00:00+00:00,0
2015-04-24,2015-04-23 05:30:00+00:00,2015-04-24 01:00:00+00:00,VALID,1,1,2015-04-23,2015-04-23T13:30:00+00:00,2015-04-23T20:00:00+00:00,2015-04-23 20:00:00+00:00,0
2015-04-27,2015-04-24 05:30:00+00:00,2015-04-27 01:00:00+00:00,VALID,1,1,2015-04-24,2015-04-24T13:30:00+00:00,2015-04-24T20:00:00+00:00,2015-04-24 20:00:00+00:00,0
2015-04-28,2015-04-27 05:30:00+00:00,2015-04-28 01:00:00+00:00,VALID,1,1,2015-04-27,2015-04-27T13:30:00+00:00,2015-04-27T20:00:00+00:00,2015-04-27 20:00:00+00:00,0
2015-04-29,2015-04-28 05:30:00+00:00,2015-04-29 01:00:00+00:00,VALID,1,1,2015-04-28,2015-04-28T13:30:00+00:00,2015-04-28T20:00:00+00:00,2015-04-28 20:00:00+00:00,0
2015-04-30,2015-04-29 05:30:00+00:00,2015-04-30 01:00:00+00:00,VALID,1,1,2015-04-29,2015-04-29T13:30:00+00:00,2015-04-29T20:00:00+00:00,2015-04-29 20:00:00+00:00,0
2015-05-04,2015-04-30 05:30:00+00:00,2015-05-04 01:00:00+00:00,VALID,2,2,2015-04-30;2015-05-01,2015-04-30T13:30:00+00:00;2015-05-01T13:30:00+00:00,2015-04-30T20:00:00+00:00;2015-05-01T20:00:00+00:00,2015-05-01 20:00:00+00:00,0
2015-05-05,2015-05-04 05:30:00+00:00,2015-05-05 01:00:00+00:00,VALID,1,1,2015-05-04,2015-05-04T13:30:00+00:00,2015-05-04T20:00:00+00:00,2015-05-04 20:00:00+00:00,0
2015-05-06,2015-05-05 05:30:00+00:00,2015-05-06 01:00:00+00:00,VALID,1,1,2015-05-05,2015-05-05T13:30:00+00:00,2015-05-05T20:00:00+00:00,2015-05-05 20:00:00+00:00,0
2015-05-07,2015-05-06 05:30:00+00:00,2015-05-07 01:00:00+00:00,VALID,1,1,2015-05-06,2015-05-06T13:30:00+00:00,2015-05-06T20:00:00+00:00,2015-05-06 20:00:00+00:00,0
2015-05-08,2015-05-07 05:30:00+00:00,2015-05-08 01:00:00+00:00,VALID,1,1,2015-05-07,2015-05-07T13:30:00+00:00,2015-05-07T20:00:00+00:00,2015-05-07 20:00:00+00:00,0
2015-05-11,2015-05-08 05:30:00+00:00,2015-05-11 01:00:00+00:00,VALID,1,1,2015-05-08,2015-05-08T13:30:00+00:00,2015-05-08T20:00:00+00:00,2015-05-08 20:00:00+00:00,0
2015-05-12,2015-05-11 05:30:00+00:00,2015-05-12 01:00:00+00:00,VALID,1,1,2015-05-11,2015-05-11T13:30:00+00:00,2015-05-11T20:00:00+00:00,2015-05-11 20:00:00+00:00,0
2015-05-13,2015-05-12 05:30:00+00:00,2015-05-13 01:00:00+00:00,VALID,1,1,2015-05-12,2015-05-12T13:30:00+00:00,2015-05-12T20:00:00+00:00,2015-05-12 20:00:00+00:00,0
2015-05-14,2015-05-13 05:30:00+00:00,2015-05-14 01:00:00+00:00,VALID,1,1,2015-05-13,2015-05-13T13:30:00+00:00,2015-05-13T20:00:00+00:00,2015-05-13 20:00:00+00:00,0
2015-05-15,2015-05-14 05:30:00+00:00,2015-05-15 01:00:00+00:00,VALID,1,1,2015-05-14,2015-05-14T13:30:00+00:00,2015-05-14T20:00:00+00:00,2015-05-14 20:00:00+00:00,0
2015-05-18,2015-05-15 05:30:00+00:00,2015-05-18 01:00:00+00:00,VALID,1,1,2015-05-15,2015-05-15T13:30:00+00:00,2015-05-15T20:00:00+00:00,2015-05-15 20:00:00+00:00,0
2015-05-19,2015-05-18 05:30:00+00:00,2015-05-19 01:00:00+00:00,VALID,1,1,2015-05-18,2015-05-18T13:30:00+00:00,2015-05-18T20:00:00+00:00,2015-05-18 20:00:00+00:00,0
2015-05-20,2015-05-19 05:30:00+00:00,2015-05-20 01:00:00+00:00,VALID,1,1,2015-05-19,2015-05-19T13:30:00+00:00,2015-05-19T20:00:00+00:00,2015-05-19 20:00:00+00:00,0
2015-05-21,2015-05-20 05:30:00+00:00,2015-05-21 01:00:00+00:00,VALID,1,1,2015-05-20,2015-05-20T13:30:00+00:00,2015-05-20T20:00:00+00:00,2015-05-20 20:00:00+00:00,0
2015-05-22,2015-05-21 05:30:00+00:00,2015-05-22 01:00:00+00:00,VALID,1,1,2015-05-21,2015-05-21T13:30:00+00:00,2015-05-21T20:00:00+00:00,2015-05-21 20:00:00+00:00,0
2015-05-25,2015-05-22 05:30:00+00:00,2015-05-25 01:00:00+00:00,VALID,1,1,2015-05-22,2015-05-22T13:30:00+00:00,2015-05-22T20:00:00+00:00,2015-05-22 20:00:00+00:00,0
2015-05-26,2015-05-25 05:30:00+00:00,2015-05-26 01:00:00+00:00,EMPTY_US_WINDOW,0,0,,,,,0
2015-05-27,2015-05-26 05:30:00+00:00,2015-05-27 01:00:00+00:00,VALID,1,1,2015-05-26,2015-05-26T13:30:00+00:00,2015-05-26T20:00:00+00:00,2015-05-26 20:00:00+00:00,0
2015-05-28,2015-05-27 05:30:00+00:00,2015-05-28 01:00:00+00:00,VALID,1,1,2015-05-27,2015-05-27T13:30:00+00:00,2015-05-27T20:00:00+00:00,2015-05-27 20:00:00+00:00,0
2015-05-29,2015-05-28 05:30:00+00:00,2015-05-29 01:00:00+00:00,VALID,1,1,2015-05-28,2015-05-28T13:30:00+00:00,2015-05-28T20:00:00+00:00,2015-05-28 20:00:00+00:00,0
2015-06-01,2015-05-29 05:30:00+00:00,2015-06-01 01:00:00+00:00,VALID,1,1,2015-05-29,2015-05-29T13:30:00+00:00,2015-05-29T20:00:00+00:00,2015-05-29 20:00:00+00:00,0
2015-06-02,2015-06-01 05:30:00+00:00,2015-06-02 01:00:00+00:00,VALID,1,1,2015-06-01,2015-06-01T13:30:00+00:00,2015-06-01T20:00:00+00:00,2015-06-01 20:00:00+00:00,0
2015-06-03,2015-06-02 05:30:00+00:00,2015-06-03 01:00:00+00:00,VALID,1,1,2015-06-02,2015-06-02T13:30:00+00:00,2015-06-02T20:00:00+00:00,2015-06-02 20:00:00+00:00,0
2015-06-04,2015-06-03 05:30:00+00:00,2015-06-04 01:00:00+00:00,VALID,1,1,2015-06-03,2015-06-03T13:30:00+00:00,2015-06-03T20:00:00+00:00,2015-06-03 20:00:00+00:00,0
2015-06-05,2015-06-04 05:30:00+00:00,2015-06-05 01:00:00+00:00,VALID,1,1,2015-06-04,2015-06-04T13:30:00+00:00,2015-06-04T20:00:00+00:00,2015-06-04 20:00:00+00:00,0
2015-06-08,2015-06-05 05:30:00+00:00,2015-06-08 01:00:00+00:00,VALID,1,1,2015-06-05,2015-06-05T13:30:00+00:00,2015-06-05T20:00:00+00:00,2015-06-05 20:00:00+00:00,0
2015-06-09,2015-06-08 05:30:00+00:00,2015-06-09 01:00:00+00:00,VALID,1,1,2015-06-08,2015-06-08T13:30:00+00:00,2015-06-08T20:00:00+00:00,2015-06-08 20:00:00+00:00,0
2015-06-10,2015-06-09 05:30:00+00:00,2015-06-10 01:00:00+00:00,VALID,1,1,2015-06-09,2015-06-09T13:30:00+00:00,2015-06-09T20:00:00+00:00,2015-06-09 20:00:00+00:00,0
2015-06-11,2015-06-10 05:30:00+00:00,2015-06-11 01:00:00+00:00,VALID,1,1,2015-06-10,2015-06-10T13:30:00+00:00,2015-06-10T20:00:00+00:00,2015-06-10 20:00:00+00:00,0
2015-06-12,2015-06-11 05:30:00+00:00,2015-06-12 01:00:00+00:00,VALID,1,1,2015-06-11,2015-06-11T13:30:00+00:00,2015-06-11T20:00:00+00:00,2015-06-11 20:00:00+00:00,0
2015-06-15,2015-06-12 05:30:00+00:00,2015-06-15 01:00:00+00:00,VALID,1,1,2015-06-12,2015-06-12T13:30:00+00:00,2015-06-12T20:00:00+00:00,2015-06-12 20:00:00+00:00,0
2015-06-16,2015-06-15 05:30:00+00:00,2015-06-16 01:00:00+00:00,VALID,1,1,2015-06-15,2015-06-15T13:30:00+00:00,2015-06-15T20:00:00+00:00,2015-06-15 20:00:00+00:00,0
2015-06-17,2015-06-16 05:30:00+00:00,2015-06-17 01:00:00+00:00,VALID,1,1,2015-06-16,2015-06-16T13:30:00+00:00,2015-06-16T20:00:00+00:00,2015-06-16 20:00:00+00:00,0
2015-06-18,2015-06-17 05:30:00+00:00,2015-06-18 01:00:00+00:00,VALID,1,1,2015-06-17,2015-06-17T13:30:00+00:00,2015-06-17T20:00:00+00:00,2015-06-17 20:00:00+00:00,0
2015-06-22,2015-06-18 05:30:00+00:00,2015-06-22 01:00:00+00:00,VALID,2,2,2015-06-18;2015-06-19,2015-06-18T13:30:00+00:00;2015-06-19T13:30:00+00:00,2015-06-18T20:00:00+00:00;2015-06-19T20:00:00+00:00,2015-06-19 20:00:00+00:00,0
2015-06-23,2015-06-22 05:30:00+00:00,2015-06-23 01:00:00+00:00,VALID,1,1,2015-06-22,2015-06-22T13:30:00+00:00,2015-06-22T20:00:00+00:00,2015-06-22 20:00:00+00:00,0
2015-06-24,2015-06-23 05:30:00+00:00,2015-06-24 01:00:00+00:00,VALID,1,1,2015-06-23,2015-06-23T13:30:00+00:00,2015-06-23T20:00:00+00:00,2015-06-23 20:00:00+00:00,0
2015-06-25,2015-06-24 05:30:00+00:00,2015-06-25 01:00:00+00:00,VALID,1,1,2015-06-24,2015-06-24T13:30:00+00:00,2015-06-24T20:00:00+00:00,2015-06-24 20:00:00+00:00,0
2015-06-26,2015-06-25 05:30:00+00:00,2015-06-26 01:00:00+00:00,VALID,1,1,2015-06-25,2015-06-25T13:30:00+00:00,2015-06-25T20:00:00+00:00,2015-06-25 20:00:00+00:00,0
2015-06-29,2015-06-26 05:30:00+00:00,2015-06-29 01:00:00+00:00,VALID,1,1,2015-06-26,2015-06-26T13:30:00+00:00,2015-06-26T20:00:00+00:00,2015-06-26 20:00:00+00:00,0
2015-06-30,2015-06-29 05:30:00+00:00,2015-06-30 01:00:00+00:00,VALID,1,1,2015-06-29,2015-06-29T13:30:00+00:00,2015-06-29T20:00:00+00:00,2015-06-29 20:00:00+00:00,0
2015-07-01,2015-06-30 05:30:00+00:00,2015-07-01 01:00:00+00:00,VALID,1,1,2015-06-30,2015-06-30T13:30:00+00:00,2015-06-30T20:00:00+00:00,2015-06-30 20:00:00+00:00,0
2015-07-02,2015-07-01 05:30:00+00:00,2015-07-02 01:00:00+00:00,VALID,1,1,2015-07-01,2015-07-01T13:30:00+00:00,2015-07-01T20:00:00+00:00,2015-07-01 20:00:00+00:00,0
2015-07-03,2015-07-02 05:30:00+00:00,2015-07-03 01:00:00+00:00,VALID,1,1,2015-07-02,2015-07-02T13:30:00+00:00,2015-07-02T20:00:00+00:00,2015-07-02 20:00:00+00:00,0
2015-07-06,2015-07-03 05:30:00+00:00,2015-07-06 01:00:00+00:00,EMPTY_US_WINDOW,0,0,,,,,0
2015-07-07,2015-07-06 05:30:00+00:00,2015-07-07 01:00:00+00:00,VALID,1,1,2015-07-06,2015-07-06T13:30:00+00:00,2015-07-06T20:00:00+00:00,2015-07-06 20:00:00+00:00,0
2015-07-08,2015-07-07 05:30:00+00:00,2015-07-08 01:00:00+00:00,VALID,1,1,2015-07-07,2015-07-07T13:30:00+00:00,2015-07-07T20:00:00+00:00,2015-07-07 20:00:00+00:00,0
2015-07-09,2015-07-08 05:30:00+00:00,2015-07-09 01:00:00+00:00,VALID,1,1,2015-07-08,2015-07-08T13:30:00+00:00,2015-07-08T20:00:00+00:00,2015-07-08 20:00:00+00:00,0
2015-07-13,2015-07-09 05:30:00+00:00,2015-07-13 01:00:00+00:00,VALID,2,2,2015-07-09;2015-07-10,2015-07-09T13:30:00+00:00;2015-07-10T13:30:00+00:00,2015-07-09T20:00:00+00:00;2015-07-10T20:00:00+00:00,2015-07-10 20:00:00+00:00,0
2015-07-14,2015-07-13 05:30:00+00:00,2015-07-14 01:00:00+00:00,VALID,1,1,2015-07-13,2015-07-13T13:30:00+00:00,2015-07-13T20:00:00+00:00,2015-07-13 20:00:00+00:00,0
2015-07-15,2015-07-14 05:30:00+00:00,2015-07-15 01:00:00+00:00,VALID,1,1,2015-07-14,2015-07-14T13:30:00+00:00,2015-07-14T20:00:00+00:00,2015-07-14 20:00:00+00:00,0
2015-07-16,2015-07-15 05:30:00+00:00,2015-07-16 01:00:00+00:00,VALID,1,1,2015-07-15,2015-07-15T13:30:00+00:00,2015-07-15T20:00:00+00:00,2015-07-15 20:00:00+00:00,0
2015-07-17,2015-07-16 05:30:00+00:00,2015-07-17 01:00:00+00:00,VALID,1,1,2015-07-16,2015-07-16T13:30:00+00:00,2015-07-16T20:00:00+00:00,2015-07-16 20:00:00+00:00,0
2015-07-20,2015-07-17 05:30:00+00:00,2015-07-20 01:00:00+00:00,VALID,1,1,2015-07-17,2015-07-17T13:30:00+00:00,2015-07-17T20:00:00+00:00,2015-07-17 20:00:00+00:00,0
2015-07-21,2015-07-20 05:30:00+00:00,2015-07-21 01:00:00+00:00,VALID,1,1,2015-07-20,2015-07-20T13:30:00+00:00,2015-07-20T20:00:00+00:00,2015-07-20 20:00:00+00:00,0
2015-07-22,2015-07-21 05:30:00+00:00,2015-07-22 01:00:00+00:00,VALID,1,1,2015-07-21,2015-07-21T13:30:00+00:00,2015-07-21T20:00:00+00:00,2015-07-21 20:00:00+00:00,0
2015-07-23,2015-07-22 05:30:00+00:00,2015-07-23 01:00:00+00:00,VALID,1,1,2015-07-22,2015-07-22T13:30:00+00:00,2015-07-22T20:00:00+00:00,2015-07-22 20:00:00+00:00,0
2015-07-24,2015-07-23 05:30:00+00:00,2015-07-24 01:00:00+00:00,VALID,1,1,2015-07-23,2015-07-23T13:30:00+00:00,2015-07-23T20:00:00+00:00,2015-07-23 20:00:00+00:00,0
2015-07-27,2015-07-24 05:30:00+00:00,2015-07-27 01:00:00+00:00,VALID,1,1,2015-07-24,2015-07-24T13:30:00+00:00,2015-07-24T20:00:00+00:00,2015-07-24 20:00:00+00:00,0
2015-07-28,2015-07-27 05:30:00+00:00,2015-07-28 01:00:00+00:00,VALID,1,1,2015-07-27,2015-07-27T13:30:00+00:00,2015-07-27T20:00:00+00:00,2015-07-27 20:00:00+00:00,0
2015-07-29,2015-07-28 05:30:00+00:00,2015-07-29 01:00:00+00:00,VALID,1,1,2015-07-28,2015-07-28T13:30:00+00:00,2015-07-28T20:00:00+00:00,2015-07-28 20:00:00+00:00,0
2015-07-30,2015-07-29 05:30:00+00:00,2015-07-30 01:00:00+00:00,VALID,1,1,2015-07-29,2015-07-29T13:30:00+00:00,2015-07-29T20:00:00+00:00,2015-07-29 20:00:00+00:00,0
2015-07-31,2015-07-30 05:30:00+00:00,2015-07-31 01:00:00+00:00,VALID,1,1,2015-07-30,2015-07-30T13:30:00+00:00,2015-07-30T20:00:00+00:00,2015-07-30 20:00:00+00:00,0
2015-08-03,2015-07-31 05:30:00+00:00,2015-08-03 01:00:00+00:00,VALID,1,1,2015-07-31,2015-07-31T13:30:00+00:00,2015-07-31T20:00:00+00:00,2015-07-31 20:00:00+00:00,0
2015-08-04,2015-08-03 05:30:00+00:00,2015-08-04 01:00:00+00:00,VALID,1,1,2015-08-03,2015-08-03T13:30:00+00:00,2015-08-03T20:00:00+00:00,2015-08-03 20:00:00+00:00,0
2015-08-05,2015-08-04 05:30:00+00:00,2015-08-05 01:00:00+00:00,VALID,1,1,2015-08-04,2015-08-04T13:30:00+00:00,2015-08-04T20:00:00+00:00,2015-08-04 20:00:00+00:00,0
2015-08-06,2015-08-05 05:30:00+00:00,2015-08-06 01:00:00+00:00,VALID,1,1,2015-08-05,2015-08-05T13:30:00+00:00,2015-08-05T20:00:00+00:00,2015-08-05 20:00:00+00:00,0
2015-08-07,2015-08-06 05:30:00+00:00,2015-08-07 01:00:00+00:00,VALID,1,1,2015-08-06,2015-08-06T13:30:00+00:00,2015-08-06T20:00:00+00:00,2015-08-06 20:00:00+00:00,0
2015-08-10,2015-08-07 05:30:00+00:00,2015-08-10 01:00:00+00:00,VALID,1,1,2015-08-07,2015-08-07T13:30:00+00:00,2015-08-07T20:00:00+00:00,2015-08-07 20:00:00+00:00,0
2015-08-11,2015-08-10 05:30:00+00:00,2015-08-11 01:00:00+00:00,VALID,1,1,2015-08-10,2015-08-10T13:30:00+00:00,2015-08-10T20:00:00+00:00,2015-08-10 20:00:00+00:00,0
2015-08-12,2015-08-11 05:30:00+00:00,2015-08-12 01:00:00+00:00,VALID,1,1,2015-08-11,2015-08-11T13:30:00+00:00,2015-08-11T20:00:00+00:00,2015-08-11 20:00:00+00:00,0
2015-08-13,2015-08-12 05:30:00+00:00,2015-08-13 01:00:00+00:00,VALID,1,1,2015-08-12,2015-08-12T13:30:00+00:00,2015-08-12T20:00:00+00:00,2015-08-12 20:00:00+00:00,0
2015-08-14,2015-08-13 05:30:00+00:00,2015-08-14 01:00:00+00:00,VALID,1,1,2015-08-13,2015-08-13T13:30:00+00:00,2015-08-13T20:00:00+00:00,2015-08-13 20:00:00+00:00,0
2015-08-17,2015-08-14 05:30:00+00:00,2015-08-17 01:00:00+00:00,VALID,1,1,2015-08-14,2015-08-14T13:30:00+00:00,2015-08-14T20:00:00+00:00,2015-08-14 20:00:00+00:00,0
2015-08-18,2015-08-17 05:30:00+00:00,2015-08-18 01:00:00+00:00,VALID,1,1,2015-08-17,2015-08-17T13:30:00+00:00,2015-08-17T20:00:00+00:00,2015-08-17 20:00:00+00:00,0
2015-08-19,2015-08-18 05:30:00+00:00,2015-08-19 01:00:00+00:00,VALID,1,1,2015-08-18,2015-08-18T13:30:00+00:00,2015-08-18T20:00:00+00:00,2015-08-18 20:00:00+00:00,0
2015-08-20,2015-08-19 05:30:00+00:00,2015-08-20 01:00:00+00:00,VALID,1,1,2015-08-19,2015-08-19T13:30:00+00:00,2015-08-19T20:00:00+00:00,2015-08-19 20:00:00+00:00,0
2015-08-21,2015-08-20 05:30:00+00:00,2015-08-21 01:00:00+00:00,VALID,1,1,2015-08-20,2015-08-20T13:30:00+00:00,2015-08-20T20:00:00+00:00,2015-08-20 20:00:00+00:00,0
2015-08-24,2015-08-21 05:30:00+00:00,2015-08-24 01:00:00+00:00,VALID,1,1,2015-08-21,2015-08-21T13:30:00+00:00,2015-08-21T20:00:00+00:00,2015-08-21 20:00:00+00:00,0
2015-08-25,2015-08-24 05:30:00+00:00,2015-08-25 01:00:00+00:00,VALID,1,1,2015-08-24,2015-08-24T13:30:00+00:00,2015-08-24T20:00:00+00:00,2015-08-24 20:00:00+00:00,0
2015-08-26,2015-08-25 05:30:00+00:00,2015-08-26 01:00:00+00:00,VALID,1,1,2015-08-25,2015-08-25T13:30:00+00:00,2015-08-25T20:00:00+00:00,2015-08-25 20:00:00+00:00,0
2015-08-27,2015-08-26 05:30:00+00:00,2015-08-27 01:00:00+00:00,VALID,1,1,2015-08-26,2015-08-26T13:30:00+00:00,2015-08-26T20:00:00+00:00,2015-08-26 20:00:00+00:00,0
2015-08-28,2015-08-27 05:30:00+00:00,2015-08-28 01:00:00+00:00,VALID,1,1,2015-08-27,2015-08-27T13:30:00+00:00,2015-08-27T20:00:00+00:00,2015-08-27 20:00:00+00:00,0
2015-08-31,2015-08-28 05:30:00+00:00,2015-08-31 01:00:00+00:00,VALID,1,1,2015-08-28,2015-08-28T13:30:00+00:00,2015-08-28T20:00:00+00:00,2015-08-28 20:00:00+00:00,0
2015-09-01,2015-08-31 05:30:00+00:00,2015-09-01 01:00:00+00:00,VALID,1,1,2015-08-31,2015-08-31T13:30:00+00:00,2015-08-31T20:00:00+00:00,2015-08-31 20:00:00+00:00,0
2015-09-02,2015-09-01 05:30:00+00:00,2015-09-02 01:00:00+00:00,VALID,1,1,2015-09-01,2015-09-01T13:30:00+00:00,2015-09-01T20:00:00+00:00,2015-09-01 20:00:00+00:00,0
2015-09-03,2015-09-02 05:30:00+00:00,2015-09-03 01:00:00+00:00,VALID,1,1,2015-09-02,2015-09-02T13:30:00+00:00,2015-09-02T20:00:00+00:00,2015-09-02 20:00:00+00:00,0
2015-09-04,2015-09-03 05:30:00+00:00,2015-09-04 01:00:00+00:00,VALID,1,1,2015-09-03,2015-09-03T13:30:00+00:00,2015-09-03T20:00:00+00:00,2015-09-03 20:00:00+00:00,0
2015-09-07,2015-09-04 05:30:00+00:00,2015-09-07 01:00:00+00:00,VALID,1,1,2015-09-04,2015-09-04T13:30:00+00:00,2015-09-04T20:00:00+00:00,2015-09-04 20:00:00+00:00,0
2015-09-08,2015-09-07 05:30:00+00:00,2015-09-08 01:00:00+00:00,EMPTY_US_WINDOW,0,0,,,,,0
2015-09-09,2015-09-08 05:30:00+00:00,2015-09-09 01:00:00+00:00,VALID,1,1,2015-09-08,2015-09-08T13:30:00+00:00,2015-09-08T20:00:00+00:00,2015-09-08 20:00:00+00:00,0
2015-09-10,2015-09-09 05:30:00+00:00,2015-09-10 01:00:00+00:00,VALID,1,1,2015-09-09,2015-09-09T13:30:00+00:00,2015-09-09T20:00:00+00:00,2015-09-09 20:00:00+00:00,0
2015-09-11,2015-09-10 05:30:00+00:00,2015-09-11 01:00:00+00:00,VALID,1,1,2015-09-10,2015-09-10T13:30:00+00:00,2015-09-10T20:00:00+00:00,2015-09-10 20:00:00+00:00,0
2015-09-14,2015-09-11 05:30:00+00:00,2015-09-14 01:00:00+00:00,VALID,1,1,2015-09-11,2015-09-11T13:30:00+00:00,2015-09-11T20:00:00+00:00,2015-09-11 20:00:00+00:00,0
2015-09-15,2015-09-14 05:30:00+00:00,2015-09-15 01:00:00+00:00,VALID,1,1,2015-09-14,2015-09-14T13:30:00+00:00,2015-09-14T20:00:00+00:00,2015-09-14 20:00:00+00:00,0
2015-09-16,2015-09-15 05:30:00+00:00,2015-09-16 01:00:00+00:00,VALID,1,1,2015-09-15,2015-09-15T13:30:00+00:00,2015-09-15T20:00:00+00:00,2015-09-15 20:00:00+00:00,0
2015-09-17,2015-09-16 05:30:00+00:00,2015-09-17 01:00:00+00:00,VALID,1,1,2015-09-16,2015-09-16T13:30:00+00:00,2015-09-16T20:00:00+00:00,2015-09-16 20:00:00+00:00,0
2015-09-18,2015-09-17 05:30:00+00:00,2015-09-18 01:00:00+00:00,VALID,1,1,2015-09-17,2015-09-17T13:30:00+00:00,2015-09-17T20:00:00+00:00,2015-09-17 20:00:00+00:00,0
2015-09-21,2015-09-18 05:30:00+00:00,2015-09-21 01:00:00+00:00,VALID,1,1,2015-09-18,2015-09-18T13:30:00+00:00,2015-09-18T20:00:00+00:00,2015-09-18 20:00:00+00:00,0
2015-09-22,2015-09-21 05:30:00+00:00,2015-09-22 01:00:00+00:00,VALID,1,1,2015-09-21,2015-09-21T13:30:00+00:00,2015-09-21T20:00:00+00:00,2015-09-21 20:00:00+00:00,0
2015-09-23,2015-09-22 05:30:00+00:00,2015-09-23 01:00:00+00:00,VALID,1,1,2015-09-22,2015-09-22T13:30:00+00:00,2015-09-22T20:00:00+00:00,2015-09-22 20:00:00+00:00,0
2015-09-24,2015-09-23 05:30:00+00:00,2015-09-24 01:00:00+00:00,VALID,1,1,2015-09-23,2015-09-23T13:30:00+00:00,2015-09-23T20:00:00+00:00,2015-09-23 20:00:00+00:00,0
2015-09-25,2015-09-24 05:30:00+00:00,2015-09-25 01:00:00+00:00,VALID,1,1,2015-09-24,2015-09-24T13:30:00+00:00,2015-09-24T20:00:00+00:00,2015-09-24 20:00:00+00:00,0
2015-09-30,2015-09-25 05:30:00+00:00,2015-09-30 01:00:00+00:00,VALID,3,3,2015-09-25;2015-09-28;2015-09-29,2015-09-25T13:30:00+00:00;2015-09-28T13:30:00+00:00;2015-09-29T13:30:00+00:00,2015-09-25T20:00:00+00:00;2015-09-28T20:00:00+00:00;2015-09-29T20:00:00+00:00,2015-09-29 20:00:00+00:00,0
2015-10-01,2015-09-30 05:30:00+00:00,2015-10-01 01:00:00+00:00,VALID,1,1,2015-09-30,2015-09-30T13:30:00+00:00,2015-09-30T20:00:00+00:00,2015-09-30 20:00:00+00:00,0
2015-10-02,2015-10-01 05:30:00+00:00,2015-10-02 01:00:00+00:00,VALID,1,1,2015-10-01,2015-10-01T13:30:00+00:00,2015-10-01T20:00:00+00:00,2015-10-01 20:00:00+00:00,0
2015-10-05,2015-10-02 05:30:00+00:00,2015-10-05 01:00:00+00:00,VALID,1,1,2015-10-02,2015-10-02T13:30:00+00:00,2015-10-02T20:00:00+00:00,2015-10-02 20:00:00+00:00,0
2015-10-06,2015-10-05 05:30:00+00:00,2015-10-06 01:00:00+00:00,VALID,1,1,2015-10-05,2015-10-05T13:30:00+00:00,2015-10-05T20:00:00+00:00,2015-10-05 20:00:00+00:00,0
2015-10-07,2015-10-06 05:30:00+00:00,2015-10-07 01:00:00+00:00,VALID,1,1,2015-10-06,2015-10-06T13:30:00+00:00,2015-10-06T20:00:00+00:00,2015-10-06 20:00:00+00:00,0
2015-10-08,2015-10-07 05:30:00+00:00,2015-10-08 01:00:00+00:00,VALID,1,1,2015-10-07,2015-10-07T13:30:00+00:00,2015-10-07T20:00:00+00:00,2015-10-07 20:00:00+00:00,0
2015-10-12,2015-10-08 05:30:00+00:00,2015-10-12 01:00:00+00:00,VALID,2,2,2015-10-08;2015-10-09,2015-10-08T13:30:00+00:00;2015-10-09T13:30:00+00:00,2015-10-08T20:00:00+00:00;2015-10-09T20:00:00+00:00,2015-10-09 20:00:00+00:00,0
2015-10-13,2015-10-12 05:30:00+00:00,2015-10-13 01:00:00+00:00,VALID,1,1,2015-10-12,2015-10-12T13:30:00+00:00,2015-10-12T20:00:00+00:00,2015-10-12 20:00:00+00:00,0
2015-10-14,2015-10-13 05:30:00+00:00,2015-10-14 01:00:00+00:00,VALID,1,1,2015-10-13,2015-10-13T13:30:00+00:00,2015-10-13T20:00:00+00:00,2015-10-13 20:00:00+00:00,0
2015-10-15,2015-10-14 05:30:00+00:00,2015-10-15 01:00:00+00:00,VALID,1,1,2015-10-14,2015-10-14T13:30:00+00:00,2015-10-14T20:00:00+00:00,2015-10-14 20:00:00+00:00,0
2015-10-16,2015-10-15 05:30:00+00:00,2015-10-16 01:00:00+00:00,VALID,1,1,2015-10-15,2015-10-15T13:30:00+00:00,2015-10-15T20:00:00+00:00,2015-10-15 20:00:00+00:00,0
2015-10-19,2015-10-16 05:30:00+00:00,2015-10-19 01:00:00+00:00,VALID,1,1,2015-10-16,2015-10-16T13:30:00+00:00,2015-10-16T20:00:00+00:00,2015-10-16 20:00:00+00:00,0
2015-10-20,2015-10-19 05:30:00+00:00,2015-10-20 01:00:00+00:00,VALID,1,1,2015-10-19,2015-10-19T13:30:00+00:00,2015-10-19T20:00:00+00:00,2015-10-19 20:00:00+00:00,0
2015-10-21,2015-10-20 05:30:00+00:00,2015-10-21 01:00:00+00:00,VALID,1,1,2015-10-20,2015-10-20T13:30:00+00:00,2015-10-20T20:00:00+00:00,2015-10-20 20:00:00+00:00,0
2015-10-22,2015-10-21 05:30:00+00:00,2015-10-22 01:00:00+00:00,VALID,1,1,2015-10-21,2015-10-21T13:30:00+00:00,2015-10-21T20:00:00+00:00,2015-10-21 20:00:00+00:00,0
2015-10-23,2015-10-22 05:30:00+00:00,2015-10-23 01:00:00+00:00,VALID,1,1,2015-10-22,2015-10-22T13:30:00+00:00,2015-10-22T20:00:00+00:00,2015-10-22 20:00:00+00:00,0
2015-10-26,2015-10-23 05:30:00+00:00,2015-10-26 01:00:00+00:00,VALID,1,1,2015-10-23,2015-10-23T13:30:00+00:00,2015-10-23T20:00:00+00:00,2015-10-23 20:00:00+00:00,0
2015-10-27,2015-10-26 05:30:00+00:00,2015-10-27 01:00:00+00:00,VALID,1,1,2015-10-26,2015-10-26T13:30:00+00:00,2015-10-26T20:00:00+00:00,2015-10-26 20:00:00+00:00,0
2015-10-28,2015-10-27 05:30:00+00:00,2015-10-28 01:00:00+00:00,VALID,1,1,2015-10-27,2015-10-27T13:30:00+00:00,2015-10-27T20:00:00+00:00,2015-10-27 20:00:00+00:00,0
2015-10-29,2015-10-28 05:30:00+00:00,2015-10-29 01:00:00+00:00,VALID,1,1,2015-10-28,2015-10-28T13:30:00+00:00,2015-10-28T20:00:00+00:00,2015-10-28 20:00:00+00:00,0
2015-10-30,2015-10-29 05:30:00+00:00,2015-10-30 01:00:00+00:00,VALID,1,1,2015-10-29,2015-10-29T13:30:00+00:00,2015-10-29T20:00:00+00:00,2015-10-29 20:00:00+00:00,0
2015-11-02,2015-10-30 05:30:00+00:00,2015-11-02 01:00:00+00:00,VALID,1,1,2015-10-30,2015-10-30T13:30:00+00:00,2015-10-30T20:00:00+00:00,2015-10-30 20:00:00+00:00,0
2015-11-03,2015-11-02 05:30:00+00:00,2015-11-03 01:00:00+00:00,VALID,1,1,2015-11-02,2015-11-02T14:30:00+00:00,2015-11-02T21:00:00+00:00,2015-11-02 21:00:00+00:00,0
2015-11-04,2015-11-03 05:30:00+00:00,2015-11-04 01:00:00+00:00,VALID,1,1,2015-11-03,2015-11-03T14:30:00+00:00,2015-11-03T21:00:00+00:00,2015-11-03 21:00:00+00:00,0
2015-11-05,2015-11-04 05:30:00+00:00,2015-11-05 01:00:00+00:00,VALID,1,1,2015-11-04,2015-11-04T14:30:00+00:00,2015-11-04T21:00:00+00:00,2015-11-04 21:00:00+00:00,0
2015-11-06,2015-11-05 05:30:00+00:00,2015-11-06 01:00:00+00:00,VALID,1,1,2015-11-05,2015-11-05T14:30:00+00:00,2015-11-05T21:00:00+00:00,2015-11-05 21:00:00+00:00,0
2015-11-09,2015-11-06 05:30:00+00:00,2015-11-09 01:00:00+00:00,VALID,1,1,2015-11-06,2015-11-06T14:30:00+00:00,2015-11-06T21:00:00+00:00,2015-11-06 21:00:00+00:00,0
2015-11-10,2015-11-09 05:30:00+00:00,2015-11-10 01:00:00+00:00,VALID,1,1,2015-11-09,2015-11-09T14:30:00+00:00,2015-11-09T21:00:00+00:00,2015-11-09 21:00:00+00:00,0
2015-11-11,2015-11-10 05:30:00+00:00,2015-11-11 01:00:00+00:00,VALID,1,1,2015-11-10,2015-11-10T14:30:00+00:00,2015-11-10T21:00:00+00:00,2015-11-10 21:00:00+00:00,0
2015-11-12,2015-11-11 05:30:00+00:00,2015-11-12 01:00:00+00:00,VALID,1,1,2015-11-11,2015-11-11T14:30:00+00:00,2015-11-11T21:00:00+00:00,2015-11-11 21:00:00+00:00,0
2015-11-13,2015-11-12 05:30:00+00:00,2015-11-13 01:00:00+00:00,VALID,1,1,2015-11-12,2015-11-12T14:30:00+00:00,2015-11-12T21:00:00+00:00,2015-11-12 21:00:00+00:00,0
2015-11-16,2015-11-13 05:30:00+00:00,2015-11-16 01:00:00+00:00,VALID,1,1,2015-11-13,2015-11-13T14:30:00+00:00,2015-11-13T21:00:00+00:00,2015-11-13 21:00:00+00:00,0
2015-11-17,2015-11-16 05:30:00+00:00,2015-11-17 01:00:00+00:00,VALID,1,1,2015-11-16,2015-11-16T14:30:00+00:00,2015-11-16T21:00:00+00:00,2015-11-16 21:00:00+00:00,0
2015-11-18,2015-11-17 05:30:00+00:00,2015-11-18 01:00:00+00:00,VALID,1,1,2015-11-17,2015-11-17T14:30:00+00:00,2015-11-17T21:00:00+00:00,2015-11-17 21:00:00+00:00,0
2015-11-19,2015-11-18 05:30:00+00:00,2015-11-19 01:00:00+00:00,VALID,1,1,2015-11-18,2015-11-18T14:30:00+00:00,2015-11-18T21:00:00+00:00,2015-11-18 21:00:00+00:00,0
2015-11-20,2015-11-19 05:30:00+00:00,2015-11-20 01:00:00+00:00,VALID,1,1,2015-11-19,2015-11-19T14:30:00+00:00,2015-11-19T21:00:00+00:00,2015-11-19 21:00:00+00:00,0
2015-11-23,2015-11-20 05:30:00+00:00,2015-11-23 01:00:00+00:00,VALID,1,1,2015-11-20,2015-11-20T14:30:00+00:00,2015-11-20T21:00:00+00:00,2015-11-20 21:00:00+00:00,0
2015-11-24,2015-11-23 05:30:00+00:00,2015-11-24 01:00:00+00:00,VALID,1,1,2015-11-23,2015-11-23T14:30:00+00:00,2015-11-23T21:00:00+00:00,2015-11-23 21:00:00+00:00,0
2015-11-25,2015-11-24 05:30:00+00:00,2015-11-25 01:00:00+00:00,VALID,1,1,2015-11-24,2015-11-24T14:30:00+00:00,2015-11-24T21:00:00+00:00,2015-11-24 21:00:00+00:00,0
2015-11-26,2015-11-25 05:30:00+00:00,2015-11-26 01:00:00+00:00,VALID,1,1,2015-11-25,2015-11-25T14:30:00+00:00,2015-11-25T21:00:00+00:00,2015-11-25 21:00:00+00:00,0
2015-11-27,2015-11-26 05:30:00+00:00,2015-11-27 01:00:00+00:00,EMPTY_US_WINDOW,0,0,,,,,0
2015-11-30,2015-11-27 05:30:00+00:00,2015-11-30 01:00:00+00:00,VALID,1,1,2015-11-27,2015-11-27T14:30:00+00:00,2015-11-27T18:00:00+00:00,2015-11-27 18:00:00+00:00,1
2015-12-01,2015-11-30 05:30:00+00:00,2015-12-01 01:00:00+00:00,VALID,1,1,2015-11-30,2015-11-30T14:30:00+00:00,2015-11-30T21:00:00+00:00,2015-11-30 21:00:00+00:00,0
2015-12-02,2015-12-01 05:30:00+00:00,2015-12-02 01:00:00+00:00,VALID,1,1,2015-12-01,2015-12-01T14:30:00+00:00,2015-12-01T21:00:00+00:00,2015-12-01 21:00:00+00:00,0
2015-12-03,2015-12-02 05:30:00+00:00,2015-12-03 01:00:00+00:00,VALID,1,1,2015-12-02,2015-12-02T14:30:00+00:00,2015-12-02T21:00:00+00:00,2015-12-02 21:00:00+00:00,0
2015-12-04,2015-12-03 05:30:00+00:00,2015-12-04 01:00:00+00:00,VALID,1,1,2015-12-03,2015-12-03T14:30:00+00:00,2015-12-03T21:00:00+00:00,2015-12-03 21:00:00+00:00,0
2015-12-07,2015-12-04 05:30:00+00:00,2015-12-07 01:00:00+00:00,VALID,1,1,2015-12-04,2015-12-04T14:30:00+00:00,2015-12-04T21:00:00+00:00,2015-12-04 21:00:00+00:00,0
2015-12-08,2015-12-07 05:30:00+00:00,2015-12-08 01:00:00+00:00,VALID,1,1,2015-12-07,2015-12-07T14:30:00+00:00,2015-12-07T21:00:00+00:00,2015-12-07 21:00:00+00:00,0
2015-12-09,2015-12-08 05:30:00+00:00,2015-12-09 01:00:00+00:00,VALID,1,1,2015-12-08,2015-12-08T14:30:00+00:00,2015-12-08T21:00:00+00:00,2015-12-08 21:00:00+00:00,0
2015-12-10,2015-12-09 05:30:00+00:00,2015-12-10 01:00:00+00:00,VALID,1,1,2015-12-09,2015-12-09T14:30:00+00:00,2015-12-09T21:00:00+00:00,2015-12-09 21:00:00+00:00,0
2015-12-11,2015-12-10 05:30:00+00:00,2015-12-11 01:00:00+00:00,VALID,1,1,2015-12-10,2015-12-10T14:30:00+00:00,2015-12-10T21:00:00+00:00,2015-12-10 21:00:00+00:00,0
2015-12-14,2015-12-11 05:30:00+00:00,2015-12-14 01:00:00+00:00,VALID,1,1,2015-12-11,2015-12-11T14:30:00+00:00,2015-12-11T21:00:00+00:00,2015-12-11 21:00:00+00:00,0
2015-12-15,2015-12-14 05:30:00+00:00,2015-12-15 01:00:00+00:00,VALID,1,1,2015-12-14,2015-12-14T14:30:00+00:00,2015-12-14T21:00:00+00:00,2015-12-14 21:00:00+00:00,0
2015-12-16,2015-12-15 05:30:00+00:00,2015-12-16 01:00:00+00:00,VALID,1,1,2015-12-15,2015-12-15T14:30:00+00:00,2015-12-15T21:00:00+00:00,2015-12-15 21:00:00+00:00,0
2015-12-17,2015-12-16 05:30:00+00:00,2015-12-17 01:00:00+00:00,VALID,1,1,2015-12-16,2015-12-16T14:30:00+00:00,2015-12-16T21:00:00+00:00,2015-12-16 21:00:00+00:00,0
2015-12-18,2015-12-17 05:30:00+00:00,2015-12-18 01:00:00+00:00,VALID,1,1,2015-12-17,2015-12-17T14:30:00+00:00,2015-12-17T21:00:00+00:00,2015-12-17 21:00:00+00:00,0
2015-12-21,2015-12-18 05:30:00+00:00,2015-12-21 01:00:00+00:00,VALID,1,1,2015-12-18,2015-12-18T14:30:00+00:00,2015-12-18T21:00:00+00:00,2015-12-18 21:00:00+00:00,0
2015-12-22,2015-12-21 05:30:00+00:00,2015-12-22 01:00:00+00:00,VALID,1,1,2015-12-21,2015-12-21T14:30:00+00:00,2015-12-21T21:00:00+00:00,2015-12-21 21:00:00+00:00,0
2015-12-23,2015-12-22 05:30:00+00:00,2015-12-23 01:00:00+00:00,VALID,1,1,2015-12-22,2015-12-22T14:30:00+00:00,2015-12-22T21:00:00+00:00,2015-12-22 21:00:00+00:00,0
2015-12-24,2015-12-23 05:30:00+00:00,2015-12-24 01:00:00+00:00,VALID,1,1,2015-12-23,2015-12-23T14:30:00+00:00,2015-12-23T21:00:00+00:00,2015-12-23 21:00:00+00:00,0
2015-12-25,2015-12-24 05:30:00+00:00,2015-12-25 01:00:00+00:00,VALID,1,1,2015-12-24,2015-12-24T14:30:00+00:00,2015-12-24T18:00:00+00:00,2015-12-24 18:00:00+00:00,1
2015-12-28,2015-12-25 05:30:00+00:00,2015-12-28 01:00:00+00:00,EMPTY_US_WINDOW,0,0,,,,,0
2015-12-29,2015-12-28 05:30:00+00:00,2015-12-29 01:00:00+00:00,VALID,1,1,2015-12-28,2015-12-28T14:30:00+00:00,2015-12-28T21:00:00+00:00,2015-12-28 21:00:00+00:00,0
2015-12-30,2015-12-29 05:30:00+00:00,2015-12-30 01:00:00+00:00,VALID,1,1,2015-12-29,2015-12-29T14:30:00+00:00,2015-12-29T21:00:00+00:00,2015-12-29 21:00:00+00:00,0
2015-12-31,2015-12-30 05:30:00+00:00,2015-12-31 01:00:00+00:00,VALID,1,1,2015-12-30,2015-12-30T14:30:00+00:00,2015-12-30T21:00:00+00:00,2015-12-30 21:00:00+00:00,0
2016-01-04,2015-12-31 05:30:00+00:00,2016-01-04 01:00:00+00:00,VALID,1,1,2015-12-31,2015-12-31T14:30:00+00:00,2015-12-31T21:00:00+00:00,2015-12-31 21:00:00+00:00,0
2016-01-05,2016-01-04 05:30:00+00:00,2016-01-05 01:00:00+00:00,VALID,1,1,2016-01-04,2016-01-04T14:30:00+00:00,2016-01-04T21:00:00+00:00,2016-01-04 21:00:00+00:00,0
2016-01-06,2016-01-05 05:30:00+00:00,2016-01-06 01:00:00+00:00,VALID,1,1,2016-01-05,2016-01-05T14:30:00+00:00,2016-01-05T21:00:00+00:00,2016-01-05 21:00:00+00:00,0
2016-01-07,2016-01-06 05:30:00+00:00,2016-01-07 01:00:00+00:00,VALID,1,1,2016-01-06,2016-01-06T14:30:00+00:00,2016-01-06T21:00:00+00:00,2016-01-06 21:00:00+00:00,0
2016-01-08,2016-01-07 05:30:00+00:00,2016-01-08 01:00:00+00:00,VALID,1,1,2016-01-07,2016-01-07T14:30:00+00:00,2016-01-07T21:00:00+00:00,2016-01-07 21:00:00+00:00,0
2016-01-11,2016-01-08 05:30:00+00:00,2016-01-11 01:00:00+00:00,VALID,1,1,2016-01-08,2016-01-08T14:30:00+00:00,2016-01-08T21:00:00+00:00,2016-01-08 21:00:00+00:00,0
2016-01-12,2016-01-11 05:30:00+00:00,2016-01-12 01:00:00+00:00,VALID,1,1,2016-01-11,2016-01-11T14:30:00+00:00,2016-01-11T21:00:00+00:00,2016-01-11 21:00:00+00:00,0
2016-01-13,2016-01-12 05:30:00+00:00,2016-01-13 01:00:00+00:00,VALID,1,1,2016-01-12,2016-01-12T14:30:00+00:00,2016-01-12T21:00:00+00:00,2016-01-12 21:00:00+00:00,0
2016-01-14,2016-01-13 05:30:00+00:00,2016-01-14 01:00:00+00:00,VALID,1,1,2016-01-13,2016-01-13T14:30:00+00:00,2016-01-13T21:00:00+00:00,2016-01-13 21:00:00+00:00,0
2016-01-15,2016-01-14 05:30:00+00:00,2016-01-15 01:00:00+00:00,VALID,1,1,2016-01-14,2016-01-14T14:30:00+00:00,2016-01-14T21:00:00+00:00,2016-01-14 21:00:00+00:00,0
2016-01-18,2016-01-15 05:30:00+00:00,2016-01-18 01:00:00+00:00,VALID,1,1,2016-01-15,2016-01-15T14:30:00+00:00,2016-01-15T21:00:00+00:00,2016-01-15 21:00:00+00:00,0
2016-01-19,2016-01-18 05:30:00+00:00,2016-01-19 01:00:00+00:00,EMPTY_US_WINDOW,0,0,,,,,0
2016-01-20,2016-01-19 05:30:00+00:00,2016-01-20 01:00:00+00:00,VALID,1,1,2016-01-19,2016-01-19T14:30:00+00:00,2016-01-19T21:00:00+00:00,2016-01-19 21:00:00+00:00,0
2016-01-21,2016-01-20 05:30:00+00:00,2016-01-21 01:00:00+00:00,VALID,1,1,2016-01-20,2016-01-20T14:30:00+00:00,2016-01-20T21:00:00+00:00,2016-01-20 21:00:00+00:00,0
2016-01-22,2016-01-21 05:30:00+00:00,2016-01-22 01:00:00+00:00,VALID,1,1,2016-01-21,2016-01-21T14:30:00+00:00,2016-01-21T21:00:00+00:00,2016-01-21 21:00:00+00:00,0
2016-01-25,2016-01-22 05:30:00+00:00,2016-01-25 01:00:00+00:00,VALID,1,1,2016-01-22,2016-01-22T14:30:00+00:00,2016-01-22T21:00:00+00:00,2016-01-22 21:00:00+00:00,0
2016-01-26,2016-01-25 05:30:00+00:00,2016-01-26 01:00:00+00:00,VALID,1,1,2016-01-25,2016-01-25T14:30:00+00:00,2016-01-25T21:00:00+00:00,2016-01-25 21:00:00+00:00,0
2016-01-27,2016-01-26 05:30:00+00:00,2016-01-27 01:00:00+00:00,VALID,1,1,2016-01-26,2016-01-26T14:30:00+00:00,2016-01-26T21:00:00+00:00,2016-01-26 21:00:00+00:00,0
2016-01-28,2016-01-27 05:30:00+00:00,2016-01-28 01:00:00+00:00,VALID,1,1,2016-01-27,2016-01-27T14:30:00+00:00,2016-01-27T21:00:00+00:00,2016-01-27 21:00:00+00:00,0
2016-01-29,2016-01-28 05:30:00+00:00,2016-01-29 01:00:00+00:00,VALID,1,1,2016-01-28,2016-01-28T14:30:00+00:00,2016-01-28T21:00:00+00:00,2016-01-28 21:00:00+00:00,0
2016-01-30,2016-01-29 05:30:00+00:00,2016-01-30 01:00:00+00:00,VALID,1,1,2016-01-29,2016-01-29T14:30:00+00:00,2016-01-29T21:00:00+00:00,2016-01-29 21:00:00+00:00,0
2016-02-01,2016-01-30 05:30:00+00:00,2016-02-01 01:00:00+00:00,EMPTY_US_WINDOW,0,0,,,,,0
2016-02-02,2016-02-01 05:30:00+00:00,2016-02-02 01:00:00+00:00,VALID,1,1,2016-02-01,2016-02-01T14:30:00+00:00,2016-02-01T21:00:00+00:00,2016-02-01 21:00:00+00:00,0
2016-02-03,2016-02-02 05:30:00+00:00,2016-02-03 01:00:00+00:00,VALID,1,1,2016-02-02,2016-02-02T14:30:00+00:00,2016-02-02T21:00:00+00:00,2016-02-02 21:00:00+00:00,0
2016-02-15,2016-02-03 05:30:00+00:00,2016-02-15 01:00:00+00:00,VALID,8,8,2016-02-03;2016-02-04;2016-02-05;2016-02-08;2016-02-09;2016-02-10;2016-02-11;2016-02-12,2016-02-03T14:30:00+00:00;2016-02-04T14:30:00+00:00;2016-02-05T14:30:00+00:00;2016-02-08T14:30:00+00:00;2016-02-09T14:30:00+00:00;2016-02-10T14:30:00+00:00;2016-02-11T14:30:00+00:00;2016-02-12T14:30:00+00:00,2016-02-03T21:00:00+00:00;2016-02-04T21:00:00+00:00;2016-02-05T21:00:00+00:00;2016-02-08T21:00:00+00:00;2016-02-09T21:00:00+00:00;2016-02-10T21:00:00+00:00;2016-02-11T21:00:00+00:00;2016-02-12T21:00:00+00:00,2016-02-12 21:00:00+00:00,0
2016-02-16,2016-02-15 05:30:00+00:00,2016-02-16 01:00:00+00:00,EMPTY_US_WINDOW,0,0,,,,,0
2016-02-17,2016-02-16 05:30:00+00:00,2016-02-17 01:00:00+00:00,VALID,1,1,2016-02-16,2016-02-16T14:30:00+00:00,2016-02-16T21:00:00+00:00,2016-02-16 21:00:00+00:00,0
2016-02-18,2016-02-17 05:30:00+00:00,2016-02-18 01:00:00+00:00,VALID,1,1,2016-02-17,2016-02-17T14:30:00+00:00,2016-02-17T21:00:00+00:00,2016-02-17 21:00:00+00:00,0
2016-02-19,2016-02-18 05:30:00+00:00,2016-02-19 01:00:00+00:00,VALID,1,1,2016-02-18,2016-02-18T14:30:00+00:00,2016-02-18T21:00:00+00:00,2016-02-18 21:00:00+00:00,0
2016-02-22,2016-02-19 05:30:00+00:00,2016-02-22 01:00:00+00:00,VALID,1,1,2016-02-19,2016-02-19T14:30:00+00:00,2016-02-19T21:00:00+00:00,2016-02-19 21:00:00+00:00,0
2016-02-23,2016-02-22 05:30:00+00:00,2016-02-23 01:00:00+00:00,VALID,1,1,2016-02-22,2016-02-22T14:30:00+00:00,2016-02-22T21:00:00+00:00,2016-02-22 21:00:00+00:00,0
2016-02-24,2016-02-23 05:30:00+00:00,2016-02-24 01:00:00+00:00,VALID,1,1,2016-02-23,2016-02-23T14:30:00+00:00,2016-02-23T21:00:00+00:00,2016-02-23 21:00:00+00:00,0
2016-02-25,2016-02-24 05:30:00+00:00,2016-02-25 01:00:00+00:00,VALID,1,1,2016-02-24,2016-02-24T14:30:00+00:00,2016-02-24T21:00:00+00:00,2016-02-24 21:00:00+00:00,0
2016-02-26,2016-02-25 05:30:00+00:00,2016-02-26 01:00:00+00:00,VALID,1,1,2016-02-25,2016-02-25T14:30:00+00:00,2016-02-25T21:00:00+00:00,2016-02-25 21:00:00+00:00,0
2016-03-01,2016-02-26 05:30:00+00:00,2016-03-01 01:00:00+00:00,VALID,2,2,2016-02-26;2016-02-29,2016-02-26T14:30:00+00:00;2016-02-29T14:30:00+00:00,2016-02-26T21:00:00+00:00;2016-02-29T21:00:00+00:00,2016-02-29 21:00:00+00:00,0
2016-03-02,2016-03-01 05:30:00+00:00,2016-03-02 01:00:00+00:00,VALID,1,1,2016-03-01,2016-03-01T14:30:00+00:00,2016-03-01T21:00:00+00:00,2016-03-01 21:00:00+00:00,0
2016-03-03,2016-03-02 05:30:00+00:00,2016-03-03 01:00:00+00:00,VALID,1,1,2016-03-02,2016-03-02T14:30:00+00:00,2016-03-02T21:00:00+00:00,2016-03-02 21:00:00+00:00,0
2016-03-04,2016-03-03 05:30:00+00:00,2016-03-04 01:00:00+00:00,VALID,1,1,2016-03-03,2016-03-03T14:30:00+00:00,2016-03-03T21:00:00+00:00,2016-03-03 21:00:00+00:00,0
2016-03-07,2016-03-04 05:30:00+00:00,2016-03-07 01:00:00+00:00,VALID,1,1,2016-03-04,2016-03-04T14:30:00+00:00,2016-03-04T21:00:00+00:00,2016-03-04 21:00:00+00:00,0
2016-03-08,2016-03-07 05:30:00+00:00,2016-03-08 01:00:00+00:00,VALID,1,1,2016-03-07,2016-03-07T14:30:00+00:00,2016-03-07T21:00:00+00:00,2016-03-07 21:00:00+00:00,0
2016-03-09,2016-03-08 05:30:00+00:00,2016-03-09 01:00:00+00:00,VALID,1,1,2016-03-08,2016-03-08T14:30:00+00:00,2016-03-08T21:00:00+00:00,2016-03-08 21:00:00+00:00,0
2016-03-10,2016-03-09 05:30:00+00:00,2016-03-10 01:00:00+00:00,VALID,1,1,2016-03-09,2016-03-09T14:30:00+00:00,2016-03-09T21:00:00+00:00,2016-03-09 21:00:00+00:00,0
2016-03-11,2016-03-10 05:30:00+00:00,2016-03-11 01:00:00+00:00,VALID,1,1,2016-03-10,2016-03-10T14:30:00+00:00,2016-03-10T21:00:00+00:00,2016-03-10 21:00:00+00:00,0
2016-03-14,2016-03-11 05:30:00+00:00,2016-03-14 01:00:00+00:00,VALID,1,1,2016-03-11,2016-03-11T14:30:00+00:00,2016-03-11T21:00:00+00:00,2016-03-11 21:00:00+00:00,0
2016-03-15,2016-03-14 05:30:00+00:00,2016-03-15 01:00:00+00:00,VALID,1,1,2016-03-14,2016-03-14T13:30:00+00:00,2016-03-14T20:00:00+00:00,2016-03-14 20:00:00+00:00,0
2016-03-16,2016-03-15 05:30:00+00:00,2016-03-16 01:00:00+00:00,VALID,1,1,2016-03-15,2016-03-15T13:30:00+00:00,2016-03-15T20:00:00+00:00,2016-03-15 20:00:00+00:00,0
2016-03-17,2016-03-16 05:30:00+00:00,2016-03-17 01:00:00+00:00,VALID,1,1,2016-03-16,2016-03-16T13:30:00+00:00,2016-03-16T20:00:00+00:00,2016-03-16 20:00:00+00:00,0
2016-03-18,2016-03-17 05:30:00+00:00,2016-03-18 01:00:00+00:00,VALID,1,1,2016-03-17,2016-03-17T13:30:00+00:00,2016-03-17T20:00:00+00:00,2016-03-17 20:00:00+00:00,0
2016-03-21,2016-03-18 05:30:00+00:00,2016-03-21 01:00:00+00:00,VALID,1,1,2016-03-18,2016-03-18T13:30:00+00:00,2016-03-18T20:00:00+00:00,2016-03-18 20:00:00+00:00,0
2016-03-22,2016-03-21 05:30:00+00:00,2016-03-22 01:00:00+00:00,VALID,1,1,2016-03-21,2016-03-21T13:30:00+00:00,2016-03-21T20:00:00+00:00,2016-03-21 20:00:00+00:00,0
2016-03-23,2016-03-22 05:30:00+00:00,2016-03-23 01:00:00+00:00,VALID,1,1,2016-03-22,2016-03-22T13:30:00+00:00,2016-03-22T20:00:00+00:00,2016-03-22 20:00:00+00:00,0
2016-03-24,2016-03-23 05:30:00+00:00,2016-03-24 01:00:00+00:00,VALID,1,1,2016-03-23,2016-03-23T13:30:00+00:00,2016-03-23T20:00:00+00:00,2016-03-23 20:00:00+00:00,0
2016-03-25,2016-03-24 05:30:00+00:00,2016-03-25 01:00:00+00:00,VALID,1,1,2016-03-24,2016-03-24T13:30:00+00:00,2016-03-24T20:00:00+00:00,2016-03-24 20:00:00+00:00,0
2016-03-28,2016-03-25 05:30:00+00:00,2016-03-28 01:00:00+00:00,EMPTY_US_WINDOW,0,0,,,,,0
2016-03-29,2016-03-28 05:30:00+00:00,2016-03-29 01:00:00+00:00,VALID,1,1,2016-03-28,2016-03-28T13:30:00+00:00,2016-03-28T20:00:00+00:00,2016-03-28 20:00:00+00:00,0
2016-03-30,2016-03-29 05:30:00+00:00,2016-03-30 01:00:00+00:00,VALID,1,1,2016-03-29,2016-03-29T13:30:00+00:00,2016-03-29T20:00:00+00:00,2016-03-29 20:00:00+00:00,0
2016-03-31,2016-03-30 05:30:00+00:00,2016-03-31 01:00:00+00:00,VALID,1,1,2016-03-30,2016-03-30T13:30:00+00:00,2016-03-30T20:00:00+00:00,2016-03-30 20:00:00+00:00,0
2016-04-01,2016-03-31 05:30:00+00:00,2016-04-01 01:00:00+00:00,VALID,1,1,2016-03-31,2016-03-31T13:30:00+00:00,2016-03-31T20:00:00+00:00,2016-03-31 20:00:00+00:00,0
2016-04-06,2016-04-01 05:30:00+00:00,2016-04-06 01:00:00+00:00,VALID,3,3,2016-04-01;2016-04-04;2016-04-05,2016-04-01T13:30:00+00:00;2016-04-04T13:30:00+00:00;2016-04-05T13:30:00+00:00,2016-04-01T20:00:00+00:00;2016-04-04T20:00:00+00:00;2016-04-05T20:00:00+00:00,2016-04-05 20:00:00+00:00,0
2016-04-07,2016-04-06 05:30:00+00:00,2016-04-07 01:00:00+00:00,VALID,1,1,2016-04-06,2016-04-06T13:30:00+00:00,2016-04-06T20:00:00+00:00,2016-04-06 20:00:00+00:00,0
2016-04-08,2016-04-07 05:30:00+00:00,2016-04-08 01:00:00+00:00,VALID,1,1,2016-04-07,2016-04-07T13:30:00+00:00,2016-04-07T20:00:00+00:00,2016-04-07 20:00:00+00:00,0
2016-04-11,2016-04-08 05:30:00+00:00,2016-04-11 01:00:00+00:00,VALID,1,1,2016-04-08,2016-04-08T13:30:00+00:00,2016-04-08T20:00:00+00:00,2016-04-08 20:00:00+00:00,0
2016-04-12,2016-04-11 05:30:00+00:00,2016-04-12 01:00:00+00:00,VALID,1,1,2016-04-11,2016-04-11T13:30:00+00:00,2016-04-11T20:00:00+00:00,2016-04-11 20:00:00+00:00,0
2016-04-13,2016-04-12 05:30:00+00:00,2016-04-13 01:00:00+00:00,VALID,1,1,2016-04-12,2016-04-12T13:30:00+00:00,2016-04-12T20:00:00+00:00,2016-04-12 20:00:00+00:00,0
2016-04-14,2016-04-13 05:30:00+00:00,2016-04-14 01:00:00+00:00,VALID,1,1,2016-04-13,2016-04-13T13:30:00+00:00,2016-04-13T20:00:00+00:00,2016-04-13 20:00:00+00:00,0
2016-04-15,2016-04-14 05:30:00+00:00,2016-04-15 01:00:00+00:00,VALID,1,1,2016-04-14,2016-04-14T13:30:00+00:00,2016-04-14T20:00:00+00:00,2016-04-14 20:00:00+00:00,0
2016-04-18,2016-04-15 05:30:00+00:00,2016-04-18 01:00:00+00:00,VALID,1,1,2016-04-15,2016-04-15T13:30:00+00:00,2016-04-15T20:00:00+00:00,2016-04-15 20:00:00+00:00,0
2016-04-19,2016-04-18 05:30:00+00:00,2016-04-19 01:00:00+00:00,VALID,1,1,2016-04-18,2016-04-18T13:30:00+00:00,2016-04-18T20:00:00+00:00,2016-04-18 20:00:00+00:00,0
2016-04-20,2016-04-19 05:30:00+00:00,2016-04-20 01:00:00+00:00,VALID,1,1,2016-04-19,2016-04-19T13:30:00+00:00,2016-04-19T20:00:00+00:00,2016-04-19 20:00:00+00:00,0
2016-04-21,2016-04-20 05:30:00+00:00,2016-04-21 01:00:00+00:00,VALID,1,1,2016-04-20,2016-04-20T13:30:00+00:00,2016-04-20T20:00:00+00:00,2016-04-20 20:00:00+00:00,0
2016-04-22,2016-04-21 05:30:00+00:00,2016-04-22 01:00:00+00:00,VALID,1,1,2016-04-21,2016-04-21T13:30:00+00:00,2016-04-21T20:00:00+00:00,2016-04-21 20:00:00+00:00,0
2016-04-25,2016-04-22 05:30:00+00:00,2016-04-25 01:00:00+00:00,VALID,1,1,2016-04-22,2016-04-22T13:30:00+00:00,2016-04-22T20:00:00+00:00,2016-04-22 20:00:00+00:00,0
2016-04-26,2016-04-25 05:30:00+00:00,2016-04-26 01:00:00+00:00,VALID,1,1,2016-04-25,2016-04-25T13:30:00+00:00,2016-04-25T20:00:00+00:00,2016-04-25 20:00:00+00:00,0
2016-04-27,2016-04-26 05:30:00+00:00,2016-04-27 01:00:00+00:00,VALID,1,1,2016-04-26,2016-04-26T13:30:00+00:00,2016-04-26T20:00:00+00:00,2016-04-26 20:00:00+00:00,0
2016-04-28,2016-04-27 05:30:00+00:00,2016-04-28 01:00:00+00:00,VALID,1,1,2016-04-27,2016-04-27T13:30:00+00:00,2016-04-27T20:00:00+00:00,2016-04-27 20:00:00+00:00,0
2016-04-29,2016-04-28 05:30:00+00:00,2016-04-29 01:00:00+00:00,VALID,1,1,2016-04-28,2016-04-28T13:30:00+00:00,2016-04-28T20:00:00+00:00,2016-04-28 20:00:00+00:00,0
2016-05-03,2016-04-29 05:30:00+00:00,2016-05-03 01:00:00+00:00,VALID,2,2,2016-04-29;2016-05-02,2016-04-29T13:30:00+00:00;2016-05-02T13:30:00+00:00,2016-04-29T20:00:00+00:00;2016-05-02T20:00:00+00:00,2016-05-02 20:00:00+00:00,0
2016-05-04,2016-05-03 05:30:00+00:00,2016-05-04 01:00:00+00:00,VALID,1,1,2016-05-03,2016-05-03T13:30:00+00:00,2016-05-03T20:00:00+00:00,2016-05-03 20:00:00+00:00,0
2016-05-05,2016-05-04 05:30:00+00:00,2016-05-05 01:00:00+00:00,VALID,1,1,2016-05-04,2016-05-04T13:30:00+00:00,2016-05-04T20:00:00+00:00,2016-05-04 20:00:00+00:00,0
2016-05-06,2016-05-05 05:30:00+00:00,2016-05-06 01:00:00+00:00,VALID,1,1,2016-05-05,2016-05-05T13:30:00+00:00,2016-05-05T20:00:00+00:00,2016-05-05 20:00:00+00:00,0
2016-05-09,2016-05-06 05:30:00+00:00,2016-05-09 01:00:00+00:00,VALID,1,1,2016-05-06,2016-05-06T13:30:00+00:00,2016-05-06T20:00:00+00:00,2016-05-06 20:00:00+00:00,0
2016-05-10,2016-05-09 05:30:00+00:00,2016-05-10 01:00:00+00:00,VALID,1,1,2016-05-09,2016-05-09T13:30:00+00:00,2016-05-09T20:00:00+00:00,2016-05-09 20:00:00+00:00,0
2016-05-11,2016-05-10 05:30:00+00:00,2016-05-11 01:00:00+00:00,VALID,1,1,2016-05-10,2016-05-10T13:30:00+00:00,2016-05-10T20:00:00+00:00,2016-05-10 20:00:00+00:00,0
2016-05-12,2016-05-11 05:30:00+00:00,2016-05-12 01:00:00+00:00,VALID,1,1,2016-05-11,2016-05-11T13:30:00+00:00,2016-05-11T20:00:00+00:00,2016-05-11 20:00:00+00:00,0
2016-05-13,2016-05-12 05:30:00+00:00,2016-05-13 01:00:00+00:00,VALID,1,1,2016-05-12,2016-05-12T13:30:00+00:00,2016-05-12T20:00:00+00:00,2016-05-12 20:00:00+00:00,0
2016-05-16,2016-05-13 05:30:00+00:00,2016-05-16 01:00:00+00:00,VALID,1,1,2016-05-13,2016-05-13T13:30:00+00:00,2016-05-13T20:00:00+00:00,2016-05-13 20:00:00+00:00,0
2016-05-17,2016-05-16 05:30:00+00:00,2016-05-17 01:00:00+00:00,VALID,1,1,2016-05-16,2016-05-16T13:30:00+00:00,2016-05-16T20:00:00+00:00,2016-05-16 20:00:00+00:00,0
2016-05-18,2016-05-17 05:30:00+00:00,2016-05-18 01:00:00+00:00,VALID,1,1,2016-05-17,2016-05-17T13:30:00+00:00,2016-05-17T20:00:00+00:00,2016-05-17 20:00:00+00:00,0
2016-05-19,2016-05-18 05:30:00+00:00,2016-05-19 01:00:00+00:00,VALID,1,1,2016-05-18,2016-05-18T13:30:00+00:00,2016-05-18T20:00:00+00:00,2016-05-18 20:00:00+00:00,0
2016-05-20,2016-05-19 05:30:00+00:00,2016-05-20 01:00:00+00:00,VALID,1,1,2016-05-19,2016-05-19T13:30:00+00:00,2016-05-19T20:00:00+00:00,2016-05-19 20:00:00+00:00,0
2016-05-23,2016-05-20 05:30:00+00:00,2016-05-23 01:00:00+00:00,VALID,1,1,2016-05-20,2016-05-20T13:30:00+00:00,2016-05-20T20:00:00+00:00,2016-05-20 20:00:00+00:00,0
2016-05-24,2016-05-23 05:30:00+00:00,2016-05-24 01:00:00+00:00,VALID,1,1,2016-05-23,2016-05-23T13:30:00+00:00,2016-05-23T20:00:00+00:00,2016-05-23 20:00:00+00:00,0
2016-05-25,2016-05-24 05:30:00+00:00,2016-05-25 01:00:00+00:00,VALID,1,1,2016-05-24,2016-05-24T13:30:00+00:00,2016-05-24T20:00:00+00:00,2016-05-24 20:00:00+00:00,0
2016-05-26,2016-05-25 05:30:00+00:00,2016-05-26 01:00:00+00:00,VALID,1,1,2016-05-25,2016-05-25T13:30:00+00:00,2016-05-25T20:00:00+00:00,2016-05-25 20:00:00+00:00,0
2016-05-27,2016-05-26 05:30:00+00:00,2016-05-27 01:00:00+00:00,VALID,1,1,2016-05-26,2016-05-26T13:30:00+00:00,2016-05-26T20:00:00+00:00,2016-05-26 20:00:00+00:00,0
2016-05-30,2016-05-27 05:30:00+00:00,2016-05-30 01:00:00+00:00,VALID,1,1,2016-05-27,2016-05-27T13:30:00+00:00,2016-05-27T20:00:00+00:00,2016-05-27 20:00:00+00:00,0
2016-05-31,2016-05-30 05:30:00+00:00,2016-05-31 01:00:00+00:00,EMPTY_US_WINDOW,0,0,,,,,0
2016-06-01,2016-05-31 05:30:00+00:00,2016-06-01 01:00:00+00:00,VALID,1,1,2016-05-31,2016-05-31T13:30:00+00:00,2016-05-31T20:00:00+00:00,2016-05-31 20:00:00+00:00,0
2016-06-02,2016-06-01 05:30:00+00:00,2016-06-02 01:00:00+00:00,VALID,1,1,2016-06-01,2016-06-01T13:30:00+00:00,2016-06-01T20:00:00+00:00,2016-06-01 20:00:00+00:00,0
2016-06-03,2016-06-02 05:30:00+00:00,2016-06-03 01:00:00+00:00,VALID,1,1,2016-06-02,2016-06-02T13:30:00+00:00,2016-06-02T20:00:00+00:00,2016-06-02 20:00:00+00:00,0
2016-06-04,2016-06-03 05:30:00+00:00,2016-06-04 01:00:00+00:00,VALID,1,1,2016-06-03,2016-06-03T13:30:00+00:00,2016-06-03T20:00:00+00:00,2016-06-03 20:00:00+00:00,0
2016-06-06,2016-06-04 05:30:00+00:00,2016-06-06 01:00:00+00:00,EMPTY_US_WINDOW,0,0,,,,,0
2016-06-07,2016-06-06 05:30:00+00:00,2016-06-07 01:00:00+00:00,VALID,1,1,2016-06-06,2016-06-06T13:30:00+00:00,2016-06-06T20:00:00+00:00,2016-06-06 20:00:00+00:00,0
2016-06-08,2016-06-07 05:30:00+00:00,2016-06-08 01:00:00+00:00,VALID,1,1,2016-06-07,2016-06-07T13:30:00+00:00,2016-06-07T20:00:00+00:00,2016-06-07 20:00:00+00:00,0
2016-06-13,2016-06-08 05:30:00+00:00,2016-06-13 01:00:00+00:00,VALID,3,3,2016-06-08;2016-06-09;2016-06-10,2016-06-08T13:30:00+00:00;2016-06-09T13:30:00+00:00;2016-06-10T13:30:00+00:00,2016-06-08T20:00:00+00:00;2016-06-09T20:00:00+00:00;2016-06-10T20:00:00+00:00,2016-06-10 20:00:00+00:00,0
2016-06-14,2016-06-13 05:30:00+00:00,2016-06-14 01:00:00+00:00,VALID,1,1,2016-06-13,2016-06-13T13:30:00+00:00,2016-06-13T20:00:00+00:00,2016-06-13 20:00:00+00:00,0
2016-06-15,2016-06-14 05:30:00+00:00,2016-06-15 01:00:00+00:00,VALID,1,1,2016-06-14,2016-06-14T13:30:00+00:00,2016-06-14T20:00:00+00:00,2016-06-14 20:00:00+00:00,0
2016-06-16,2016-06-15 05:30:00+00:00,2016-06-16 01:00:00+00:00,VALID,1,1,2016-06-15,2016-06-15T13:30:00+00:00,2016-06-15T20:00:00+00:00,2016-06-15 20:00:00+00:00,0
2016-06-17,2016-06-16 05:30:00+00:00,2016-06-17 01:00:00+00:00,VALID,1,1,2016-06-16,2016-06-16T13:30:00+00:00,2016-06-16T20:00:00+00:00,2016-06-16 20:00:00+00:00,0
2016-06-20,2016-06-17 05:30:00+00:00,2016-06-20 01:00:00+00:00,VALID,1,1,2016-06-17,2016-06-17T13:30:00+00:00,2016-06-17T20:00:00+00:00,2016-06-17 20:00:00+00:00,0
2016-06-21,2016-06-20 05:30:00+00:00,2016-06-21 01:00:00+00:00,VALID,1,1,2016-06-20,2016-06-20T13:30:00+00:00,2016-06-20T20:00:00+00:00,2016-06-20 20:00:00+00:00,0
2016-06-22,2016-06-21 05:30:00+00:00,2016-06-22 01:00:00+00:00,VALID,1,1,2016-06-21,2016-06-21T13:30:00+00:00,2016-06-21T20:00:00+00:00,2016-06-21 20:00:00+00:00,0
2016-06-23,2016-06-22 05:30:00+00:00,2016-06-23 01:00:00+00:00,VALID,1,1,2016-06-22,2016-06-22T13:30:00+00:00,2016-06-22T20:00:00+00:00,2016-06-22 20:00:00+00:00,0
2016-06-24,2016-06-23 05:30:00+00:00,2016-06-24 01:00:00+00:00,VALID,1,1,2016-06-23,2016-06-23T13:30:00+00:00,2016-06-23T20:00:00+00:00,2016-06-23 20:00:00+00:00,0
2016-06-27,2016-06-24 05:30:00+00:00,2016-06-27 01:00:00+00:00,VALID,1,1,2016-06-24,2016-06-24T13:30:00+00:00,2016-06-24T20:00:00+00:00,2016-06-24 20:00:00+00:00,0
2016-06-28,2016-06-27 05:30:00+00:00,2016-06-28 01:00:00+00:00,VALID,1,1,2016-06-27,2016-06-27T13:30:00+00:00,2016-06-27T20:00:00+00:00,2016-06-27 20:00:00+00:00,0
2016-06-29,2016-06-28 05:30:00+00:00,2016-06-29 01:00:00+00:00,VALID,1,1,2016-06-28,2016-06-28T13:30:00+00:00,2016-06-28T20:00:00+00:00,2016-06-28 20:00:00+00:00,0
2016-06-30,2016-06-29 05:30:00+00:00,2016-06-30 01:00:00+00:00,VALID,1,1,2016-06-29,2016-06-29T13:30:00+00:00,2016-06-29T20:00:00+00:00,2016-06-29 20:00:00+00:00,0
2016-07-01,2016-06-30 05:30:00+00:00,2016-07-01 01:00:00+00:00,VALID,1,1,2016-06-30,2016-06-30T13:30:00+00:00,2016-06-30T20:00:00+00:00,2016-06-30 20:00:00+00:00,0
2016-07-04,2016-07-01 05:30:00+00:00,2016-07-04 01:00:00+00:00,VALID,1,1,2016-07-01,2016-07-01T13:30:00+00:00,2016-07-01T20:00:00+00:00,2016-07-01 20:00:00+00:00,0
2016-07-05,2016-07-04 05:30:00+00:00,2016-07-05 01:00:00+00:00,EMPTY_US_WINDOW,0,0,,,,,0
2016-07-06,2016-07-05 05:30:00+00:00,2016-07-06 01:00:00+00:00,VALID,1,1,2016-07-05,2016-07-05T13:30:00+00:00,2016-07-05T20:00:00+00:00,2016-07-05 20:00:00+00:00,0
2016-07-07,2016-07-06 05:30:00+00:00,2016-07-07 01:00:00+00:00,VALID,1,1,2016-07-06,2016-07-06T13:30:00+00:00,2016-07-06T20:00:00+00:00,2016-07-06 20:00:00+00:00,0
2016-07-11,2016-07-07 05:30:00+00:00,2016-07-11 01:00:00+00:00,VALID,2,2,2016-07-07;2016-07-08,2016-07-07T13:30:00+00:00;2016-07-08T13:30:00+00:00,2016-07-07T20:00:00+00:00;2016-07-08T20:00:00+00:00,2016-07-08 20:00:00+00:00,0
2016-07-12,2016-07-11 05:30:00+00:00,2016-07-12 01:00:00+00:00,VALID,1,1,2016-07-11,2016-07-11T13:30:00+00:00,2016-07-11T20:00:00+00:00,2016-07-11 20:00:00+00:00,0
2016-07-13,2016-07-12 05:30:00+00:00,2016-07-13 01:00:00+00:00,VALID,1,1,2016-07-12,2016-07-12T13:30:00+00:00,2016-07-12T20:00:00+00:00,2016-07-12 20:00:00+00:00,0
2016-07-14,2016-07-13 05:30:00+00:00,2016-07-14 01:00:00+00:00,VALID,1,1,2016-07-13,2016-07-13T13:30:00+00:00,2016-07-13T20:00:00+00:00,2016-07-13 20:00:00+00:00,0
2016-07-15,2016-07-14 05:30:00+00:00,2016-07-15 01:00:00+00:00,VALID,1,1,2016-07-14,2016-07-14T13:30:00+00:00,2016-07-14T20:00:00+00:00,2016-07-14 20:00:00+00:00,0
2016-07-18,2016-07-15 05:30:00+00:00,2016-07-18 01:00:00+00:00,VALID,1,1,2016-07-15,2016-07-15T13:30:00+00:00,2016-07-15T20:00:00+00:00,2016-07-15 20:00:00+00:00,0
2016-07-19,2016-07-18 05:30:00+00:00,2016-07-19 01:00:00+00:00,VALID,1,1,2016-07-18,2016-07-18T13:30:00+00:00,2016-07-18T20:00:00+00:00,2016-07-18 20:00:00+00:00,0
2016-07-20,2016-07-19 05:30:00+00:00,2016-07-20 01:00:00+00:00,VALID,1,1,2016-07-19,2016-07-19T13:30:00+00:00,2016-07-19T20:00:00+00:00,2016-07-19 20:00:00+00:00,0
2016-07-21,2016-07-20 05:30:00+00:00,2016-07-21 01:00:00+00:00,VALID,1,1,2016-07-20,2016-07-20T13:30:00+00:00,2016-07-20T20:00:00+00:00,2016-07-20 20:00:00+00:00,0
2016-07-22,2016-07-21 05:30:00+00:00,2016-07-22 01:00:00+00:00,VALID,1,1,2016-07-21,2016-07-21T13:30:00+00:00,2016-07-21T20:00:00+00:00,2016-07-21 20:00:00+00:00,0
2016-07-25,2016-07-22 05:30:00+00:00,2016-07-25 01:00:00+00:00,VALID,1,1,2016-07-22,2016-07-22T13:30:00+00:00,2016-07-22T20:00:00+00:00,2016-07-22 20:00:00+00:00,0
2016-07-26,2016-07-25 05:30:00+00:00,2016-07-26 01:00:00+00:00,VALID,1,1,2016-07-25,2016-07-25T13:30:00+00:00,2016-07-25T20:00:00+00:00,2016-07-25 20:00:00+00:00,0
2016-07-27,2016-07-26 05:30:00+00:00,2016-07-27 01:00:00+00:00,VALID,1,1,2016-07-26,2016-07-26T13:30:00+00:00,2016-07-26T20:00:00+00:00,2016-07-26 20:00:00+00:00,0
2016-07-28,2016-07-27 05:30:00+00:00,2016-07-28 01:00:00+00:00,VALID,1,1,2016-07-27,2016-07-27T13:30:00+00:00,2016-07-27T20:00:00+00:00,2016-07-27 20:00:00+00:00,0
2016-07-29,2016-07-28 05:30:00+00:00,2016-07-29 01:00:00+00:00,VALID,1,1,2016-07-28,2016-07-28T13:30:00+00:00,2016-07-28T20:00:00+00:00,2016-07-28 20:00:00+00:00,0
2016-08-01,2016-07-29 05:30:00+00:00,2016-08-01 01:00:00+00:00,VALID,1,1,2016-07-29,2016-07-29T13:30:00+00:00,2016-07-29T20:00:00+00:00,2016-07-29 20:00:00+00:00,0
2016-08-02,2016-08-01 05:30:00+00:00,2016-08-02 01:00:00+00:00,VALID,1,1,2016-08-01,2016-08-01T13:30:00+00:00,2016-08-01T20:00:00+00:00,2016-08-01 20:00:00+00:00,0
2016-08-03,2016-08-02 05:30:00+00:00,2016-08-03 01:00:00+00:00,VALID,1,1,2016-08-02,2016-08-02T13:30:00+00:00,2016-08-02T20:00:00+00:00,2016-08-02 20:00:00+00:00,0
2016-08-04,2016-08-03 05:30:00+00:00,2016-08-04 01:00:00+00:00,VALID,1,1,2016-08-03,2016-08-03T13:30:00+00:00,2016-08-03T20:00:00+00:00,2016-08-03 20:00:00+00:00,0
2016-08-05,2016-08-04 05:30:00+00:00,2016-08-05 01:00:00+00:00,VALID,1,1,2016-08-04,2016-08-04T13:30:00+00:00,2016-08-04T20:00:00+00:00,2016-08-04 20:00:00+00:00,0
2016-08-08,2016-08-05 05:30:00+00:00,2016-08-08 01:00:00+00:00,VALID,1,1,2016-08-05,2016-08-05T13:30:00+00:00,2016-08-05T20:00:00+00:00,2016-08-05 20:00:00+00:00,0
2016-08-09,2016-08-08 05:30:00+00:00,2016-08-09 01:00:00+00:00,VALID,1,1,2016-08-08,2016-08-08T13:30:00+00:00,2016-08-08T20:00:00+00:00,2016-08-08 20:00:00+00:00,0
2016-08-10,2016-08-09 05:30:00+00:00,2016-08-10 01:00:00+00:00,VALID,1,1,2016-08-09,2016-08-09T13:30:00+00:00,2016-08-09T20:00:00+00:00,2016-08-09 20:00:00+00:00,0
2016-08-11,2016-08-10 05:30:00+00:00,2016-08-11 01:00:00+00:00,VALID,1,1,2016-08-10,2016-08-10T13:30:00+00:00,2016-08-10T20:00:00+00:00,2016-08-10 20:00:00+00:00,0
2016-08-12,2016-08-11 05:30:00+00:00,2016-08-12 01:00:00+00:00,VALID,1,1,2016-08-11,2016-08-11T13:30:00+00:00,2016-08-11T20:00:00+00:00,2016-08-11 20:00:00+00:00,0
2016-08-15,2016-08-12 05:30:00+00:00,2016-08-15 01:00:00+00:00,VALID,1,1,2016-08-12,2016-08-12T13:30:00+00:00,2016-08-12T20:00:00+00:00,2016-08-12 20:00:00+00:00,0
2016-08-16,2016-08-15 05:30:00+00:00,2016-08-16 01:00:00+00:00,VALID,1,1,2016-08-15,2016-08-15T13:30:00+00:00,2016-08-15T20:00:00+00:00,2016-08-15 20:00:00+00:00,0
2016-08-17,2016-08-16 05:30:00+00:00,2016-08-17 01:00:00+00:00,VALID,1,1,2016-08-16,2016-08-16T13:30:00+00:00,2016-08-16T20:00:00+00:00,2016-08-16 20:00:00+00:00,0
2016-08-18,2016-08-17 05:30:00+00:00,2016-08-18 01:00:00+00:00,VALID,1,1,2016-08-17,2016-08-17T13:30:00+00:00,2016-08-17T20:00:00+00:00,2016-08-17 20:00:00+00:00,0
2016-08-19,2016-08-18 05:30:00+00:00,2016-08-19 01:00:00+00:00,VALID,1,1,2016-08-18,2016-08-18T13:30:00+00:00,2016-08-18T20:00:00+00:00,2016-08-18 20:00:00+00:00,0
2016-08-22,2016-08-19 05:30:00+00:00,2016-08-22 01:00:00+00:00,VALID,1,1,2016-08-19,2016-08-19T13:30:00+00:00,2016-08-19T20:00:00+00:00,2016-08-19 20:00:00+00:00,0
2016-08-23,2016-08-22 05:30:00+00:00,2016-08-23 01:00:00+00:00,VALID,1,1,2016-08-22,2016-08-22T13:30:00+00:00,2016-08-22T20:00:00+00:00,2016-08-22 20:00:00+00:00,0
2016-08-24,2016-08-23 05:30:00+00:00,2016-08-24 01:00:00+00:00,VALID,1,1,2016-08-23,2016-08-23T13:30:00+00:00,2016-08-23T20:00:00+00:00,2016-08-23 20:00:00+00:00,0
2016-08-25,2016-08-24 05:30:00+00:00,2016-08-25 01:00:00+00:00,VALID,1,1,2016-08-24,2016-08-24T13:30:00+00:00,2016-08-24T20:00:00+00:00,2016-08-24 20:00:00+00:00,0
2016-08-26,2016-08-25 05:30:00+00:00,2016-08-26 01:00:00+00:00,VALID,1,1,2016-08-25,2016-08-25T13:30:00+00:00,2016-08-25T20:00:00+00:00,2016-08-25 20:00:00+00:00,0
2016-08-29,2016-08-26 05:30:00+00:00,2016-08-29 01:00:00+00:00,VALID,1,1,2016-08-26,2016-08-26T13:30:00+00:00,2016-08-26T20:00:00+00:00,2016-08-26 20:00:00+00:00,0
2016-08-30,2016-08-29 05:30:00+00:00,2016-08-30 01:00:00+00:00,VALID,1,1,2016-08-29,2016-08-29T13:30:00+00:00,2016-08-29T20:00:00+00:00,2016-08-29 20:00:00+00:00,0
2016-08-31,2016-08-30 05:30:00+00:00,2016-08-31 01:00:00+00:00,VALID,1,1,2016-08-30,2016-08-30T13:30:00+00:00,2016-08-30T20:00:00+00:00,2016-08-30 20:00:00+00:00,0
2016-09-01,2016-08-31 05:30:00+00:00,2016-09-01 01:00:00+00:00,VALID,1,1,2016-08-31,2016-08-31T13:30:00+00:00,2016-08-31T20:00:00+00:00,2016-08-31 20:00:00+00:00,0
2016-09-02,2016-09-01 05:30:00+00:00,2016-09-02 01:00:00+00:00,VALID,1,1,2016-09-01,2016-09-01T13:30:00+00:00,2016-09-01T20:00:00+00:00,2016-09-01 20:00:00+00:00,0
2016-09-05,2016-09-02 05:30:00+00:00,2016-09-05 01:00:00+00:00,VALID,1,1,2016-09-02,2016-09-02T13:30:00+00:00,2016-09-02T20:00:00+00:00,2016-09-02 20:00:00+00:00,0
2016-09-06,2016-09-05 05:30:00+00:00,2016-09-06 01:00:00+00:00,EMPTY_US_WINDOW,0,0,,,,,0
2016-09-07,2016-09-06 05:30:00+00:00,2016-09-07 01:00:00+00:00,VALID,1,1,2016-09-06,2016-09-06T13:30:00+00:00,2016-09-06T20:00:00+00:00,2016-09-06 20:00:00+00:00,0
2016-09-08,2016-09-07 05:30:00+00:00,2016-09-08 01:00:00+00:00,VALID,1,1,2016-09-07,2016-09-07T13:30:00+00:00,2016-09-07T20:00:00+00:00,2016-09-07 20:00:00+00:00,0
2016-09-09,2016-09-08 05:30:00+00:00,2016-09-09 01:00:00+00:00,VALID,1,1,2016-09-08,2016-09-08T13:30:00+00:00,2016-09-08T20:00:00+00:00,2016-09-08 20:00:00+00:00,0
2016-09-10,2016-09-09 05:30:00+00:00,2016-09-10 01:00:00+00:00,VALID,1,1,2016-09-09,2016-09-09T13:30:00+00:00,2016-09-09T20:00:00+00:00,2016-09-09 20:00:00+00:00,0
2016-09-12,2016-09-10 05:30:00+00:00,2016-09-12 01:00:00+00:00,EMPTY_US_WINDOW,0,0,,,,,0
2016-09-13,2016-09-12 05:30:00+00:00,2016-09-13 01:00:00+00:00,VALID,1,1,2016-09-12,2016-09-12T13:30:00+00:00,2016-09-12T20:00:00+00:00,2016-09-12 20:00:00+00:00,0
2016-09-14,2016-09-13 05:30:00+00:00,2016-09-14 01:00:00+00:00,VALID,1,1,2016-09-13,2016-09-13T13:30:00+00:00,2016-09-13T20:00:00+00:00,2016-09-13 20:00:00+00:00,0
2016-09-19,2016-09-14 05:30:00+00:00,2016-09-19 01:00:00+00:00,VALID,3,3,2016-09-14;2016-09-15;2016-09-16,2016-09-14T13:30:00+00:00;2016-09-15T13:30:00+00:00;2016-09-16T13:30:00+00:00,2016-09-14T20:00:00+00:00;2016-09-15T20:00:00+00:00;2016-09-16T20:00:00+00:00,2016-09-16 20:00:00+00:00,0
2016-09-20,2016-09-19 05:30:00+00:00,2016-09-20 01:00:00+00:00,VALID,1,1,2016-09-19,2016-09-19T13:30:00+00:00,2016-09-19T20:00:00+00:00,2016-09-19 20:00:00+00:00,0
2016-09-21,2016-09-20 05:30:00+00:00,2016-09-21 01:00:00+00:00,VALID,1,1,2016-09-20,2016-09-20T13:30:00+00:00,2016-09-20T20:00:00+00:00,2016-09-20 20:00:00+00:00,0
2016-09-22,2016-09-21 05:30:00+00:00,2016-09-22 01:00:00+00:00,VALID,1,1,2016-09-21,2016-09-21T13:30:00+00:00,2016-09-21T20:00:00+00:00,2016-09-21 20:00:00+00:00,0
2016-09-23,2016-09-22 05:30:00+00:00,2016-09-23 01:00:00+00:00,VALID,1,1,2016-09-22,2016-09-22T13:30:00+00:00,2016-09-22T20:00:00+00:00,2016-09-22 20:00:00+00:00,0
2016-09-26,2016-09-23 05:30:00+00:00,2016-09-26 01:00:00+00:00,VALID,1,1,2016-09-23,2016-09-23T13:30:00+00:00,2016-09-23T20:00:00+00:00,2016-09-23 20:00:00+00:00,0
2016-09-29,2016-09-26 05:30:00+00:00,2016-09-29 01:00:00+00:00,VALID,3,3,2016-09-26;2016-09-27;2016-09-28,2016-09-26T13:30:00+00:00;2016-09-27T13:30:00+00:00;2016-09-28T13:30:00+00:00,2016-09-26T20:00:00+00:00;2016-09-27T20:00:00+00:00;2016-09-28T20:00:00+00:00,2016-09-28 20:00:00+00:00,0
2016-09-30,2016-09-29 05:30:00+00:00,2016-09-30 01:00:00+00:00,VALID,1,1,2016-09-29,2016-09-29T13:30:00+00:00,2016-09-29T20:00:00+00:00,2016-09-29 20:00:00+00:00,0
2016-10-03,2016-09-30 05:30:00+00:00,2016-10-03 01:00:00+00:00,VALID,1,1,2016-09-30,2016-09-30T13:30:00+00:00,2016-09-30T20:00:00+00:00,2016-09-30 20:00:00+00:00,0
2016-10-04,2016-10-03 05:30:00+00:00,2016-10-04 01:00:00+00:00,VALID,1,1,2016-10-03,2016-10-03T13:30:00+00:00,2016-10-03T20:00:00+00:00,2016-10-03 20:00:00+00:00,0
2016-10-05,2016-10-04 05:30:00+00:00,2016-10-05 01:00:00+00:00,VALID,1,1,2016-10-04,2016-10-04T13:30:00+00:00,2016-10-04T20:00:00+00:00,2016-10-04 20:00:00+00:00,0
2016-10-06,2016-10-05 05:30:00+00:00,2016-10-06 01:00:00+00:00,VALID,1,1,2016-10-05,2016-10-05T13:30:00+00:00,2016-10-05T20:00:00+00:00,2016-10-05 20:00:00+00:00,0
2016-10-07,2016-10-06 05:30:00+00:00,2016-10-07 01:00:00+00:00,VALID,1,1,2016-10-06,2016-10-06T13:30:00+00:00,2016-10-06T20:00:00+00:00,2016-10-06 20:00:00+00:00,0
2016-10-11,2016-10-07 05:30:00+00:00,2016-10-11 01:00:00+00:00,VALID,2,2,2016-10-07;2016-10-10,2016-10-07T13:30:00+00:00;2016-10-10T13:30:00+00:00,2016-10-07T20:00:00+00:00;2016-10-10T20:00:00+00:00,2016-10-10 20:00:00+00:00,0
2016-10-12,2016-10-11 05:30:00+00:00,2016-10-12 01:00:00+00:00,VALID,1,1,2016-10-11,2016-10-11T13:30:00+00:00,2016-10-11T20:00:00+00:00,2016-10-11 20:00:00+00:00,0
2016-10-13,2016-10-12 05:30:00+00:00,2016-10-13 01:00:00+00:00,VALID,1,1,2016-10-12,2016-10-12T13:30:00+00:00,2016-10-12T20:00:00+00:00,2016-10-12 20:00:00+00:00,0
2016-10-14,2016-10-13 05:30:00+00:00,2016-10-14 01:00:00+00:00,VALID,1,1,2016-10-13,2016-10-13T13:30:00+00:00,2016-10-13T20:00:00+00:00,2016-10-13 20:00:00+00:00,0
2016-10-17,2016-10-14 05:30:00+00:00,2016-10-17 01:00:00+00:00,VALID,1,1,2016-10-14,2016-10-14T13:30:00+00:00,2016-10-14T20:00:00+00:00,2016-10-14 20:00:00+00:00,0
2016-10-18,2016-10-17 05:30:00+00:00,2016-10-18 01:00:00+00:00,VALID,1,1,2016-10-17,2016-10-17T13:30:00+00:00,2016-10-17T20:00:00+00:00,2016-10-17 20:00:00+00:00,0
2016-10-19,2016-10-18 05:30:00+00:00,2016-10-19 01:00:00+00:00,VALID,1,1,2016-10-18,2016-10-18T13:30:00+00:00,2016-10-18T20:00:00+00:00,2016-10-18 20:00:00+00:00,0
2016-10-20,2016-10-19 05:30:00+00:00,2016-10-20 01:00:00+00:00,VALID,1,1,2016-10-19,2016-10-19T13:30:00+00:00,2016-10-19T20:00:00+00:00,2016-10-19 20:00:00+00:00,0
2016-10-21,2016-10-20 05:30:00+00:00,2016-10-21 01:00:00+00:00,VALID,1,1,2016-10-20,2016-10-20T13:30:00+00:00,2016-10-20T20:00:00+00:00,2016-10-20 20:00:00+00:00,0
2016-10-24,2016-10-21 05:30:00+00:00,2016-10-24 01:00:00+00:00,VALID,1,1,2016-10-21,2016-10-21T13:30:00+00:00,2016-10-21T20:00:00+00:00,2016-10-21 20:00:00+00:00,0
2016-10-25,2016-10-24 05:30:00+00:00,2016-10-25 01:00:00+00:00,VALID,1,1,2016-10-24,2016-10-24T13:30:00+00:00,2016-10-24T20:00:00+00:00,2016-10-24 20:00:00+00:00,0
2016-10-26,2016-10-25 05:30:00+00:00,2016-10-26 01:00:00+00:00,VALID,1,1,2016-10-25,2016-10-25T13:30:00+00:00,2016-10-25T20:00:00+00:00,2016-10-25 20:00:00+00:00,0
2016-10-27,2016-10-26 05:30:00+00:00,2016-10-27 01:00:00+00:00,VALID,1,1,2016-10-26,2016-10-26T13:30:00+00:00,2016-10-26T20:00:00+00:00,2016-10-26 20:00:00+00:00,0
2016-10-28,2016-10-27 05:30:00+00:00,2016-10-28 01:00:00+00:00,VALID,1,1,2016-10-27,2016-10-27T13:30:00+00:00,2016-10-27T20:00:00+00:00,2016-10-27 20:00:00+00:00,0
2016-10-31,2016-10-28 05:30:00+00:00,2016-10-31 01:00:00+00:00,VALID,1,1,2016-10-28,2016-10-28T13:30:00+00:00,2016-10-28T20:00:00+00:00,2016-10-28 20:00:00+00:00,0
2016-11-01,2016-10-31 05:30:00+00:00,2016-11-01 01:00:00+00:00,VALID,1,1,2016-10-31,2016-10-31T13:30:00+00:00,2016-10-31T20:00:00+00:00,2016-10-31 20:00:00+00:00,0
2016-11-02,2016-11-01 05:30:00+00:00,2016-11-02 01:00:00+00:00,VALID,1,1,2016-11-01,2016-11-01T13:30:00+00:00,2016-11-01T20:00:00+00:00,2016-11-01 20:00:00+00:00,0
2016-11-03,2016-11-02 05:30:00+00:00,2016-11-03 01:00:00+00:00,VALID,1,1,2016-11-02,2016-11-02T13:30:00+00:00,2016-11-02T20:00:00+00:00,2016-11-02 20:00:00+00:00,0
2016-11-04,2016-11-03 05:30:00+00:00,2016-11-04 01:00:00+00:00,VALID,1,1,2016-11-03,2016-11-03T13:30:00+00:00,2016-11-03T20:00:00+00:00,2016-11-03 20:00:00+00:00,0
2016-11-07,2016-11-04 05:30:00+00:00,2016-11-07 01:00:00+00:00,VALID,1,1,2016-11-04,2016-11-04T13:30:00+00:00,2016-11-04T20:00:00+00:00,2016-11-04 20:00:00+00:00,0
2016-11-08,2016-11-07 05:30:00+00:00,2016-11-08 01:00:00+00:00,VALID,1,1,2016-11-07,2016-11-07T14:30:00+00:00,2016-11-07T21:00:00+00:00,2016-11-07 21:00:00+00:00,0
2016-11-09,2016-11-08 05:30:00+00:00,2016-11-09 01:00:00+00:00,VALID,1,1,2016-11-08,2016-11-08T14:30:00+00:00,2016-11-08T21:00:00+00:00,2016-11-08 21:00:00+00:00,0
2016-11-10,2016-11-09 05:30:00+00:00,2016-11-10 01:00:00+00:00,VALID,1,1,2016-11-09,2016-11-09T14:30:00+00:00,2016-11-09T21:00:00+00:00,2016-11-09 21:00:00+00:00,0
2016-11-11,2016-11-10 05:30:00+00:00,2016-11-11 01:00:00+00:00,VALID,1,1,2016-11-10,2016-11-10T14:30:00+00:00,2016-11-10T21:00:00+00:00,2016-11-10 21:00:00+00:00,0
2016-11-14,2016-11-11 05:30:00+00:00,2016-11-14 01:00:00+00:00,VALID,1,1,2016-11-11,2016-11-11T14:30:00+00:00,2016-11-11T21:00:00+00:00,2016-11-11 21:00:00+00:00,0
2016-11-15,2016-11-14 05:30:00+00:00,2016-11-15 01:00:00+00:00,VALID,1,1,2016-11-14,2016-11-14T14:30:00+00:00,2016-11-14T21:00:00+00:00,2016-11-14 21:00:00+00:00,0
2016-11-16,2016-11-15 05:30:00+00:00,2016-11-16 01:00:00+00:00,VALID,1,1,2016-11-15,2016-11-15T14:30:00+00:00,2016-11-15T21:00:00+00:00,2016-11-15 21:00:00+00:00,0
2016-11-17,2016-11-16 05:30:00+00:00,2016-11-17 01:00:00+00:00,VALID,1,1,2016-11-16,2016-11-16T14:30:00+00:00,2016-11-16T21:00:00+00:00,2016-11-16 21:00:00+00:00,0
2016-11-18,2016-11-17 05:30:00+00:00,2016-11-18 01:00:00+00:00,VALID,1,1,2016-11-17,2016-11-17T14:30:00+00:00,2016-11-17T21:00:00+00:00,2016-11-17 21:00:00+00:00,0
2016-11-21,2016-11-18 05:30:00+00:00,2016-11-21 01:00:00+00:00,VALID,1,1,2016-11-18,2016-11-18T14:30:00+00:00,2016-11-18T21:00:00+00:00,2016-11-18 21:00:00+00:00,0
2016-11-22,2016-11-21 05:30:00+00:00,2016-11-22 01:00:00+00:00,VALID,1,1,2016-11-21,2016-11-21T14:30:00+00:00,2016-11-21T21:00:00+00:00,2016-11-21 21:00:00+00:00,0
2016-11-23,2016-11-22 05:30:00+00:00,2016-11-23 01:00:00+00:00,VALID,1,1,2016-11-22,2016-11-22T14:30:00+00:00,2016-11-22T21:00:00+00:00,2016-11-22 21:00:00+00:00,0
2016-11-24,2016-11-23 05:30:00+00:00,2016-11-24 01:00:00+00:00,VALID,1,1,2016-11-23,2016-11-23T14:30:00+00:00,2016-11-23T21:00:00+00:00,2016-11-23 21:00:00+00:00,0
2016-11-25,2016-11-24 05:30:00+00:00,2016-11-25 01:00:00+00:00,EMPTY_US_WINDOW,0,0,,,,,0
2016-11-28,2016-11-25 05:30:00+00:00,2016-11-28 01:00:00+00:00,VALID,1,1,2016-11-25,2016-11-25T14:30:00+00:00,2016-11-25T18:00:00+00:00,2016-11-25 18:00:00+00:00,1
2016-11-29,2016-11-28 05:30:00+00:00,2016-11-29 01:00:00+00:00,VALID,1,1,2016-11-28,2016-11-28T14:30:00+00:00,2016-11-28T21:00:00+00:00,2016-11-28 21:00:00+00:00,0
2016-11-30,2016-11-29 05:30:00+00:00,2016-11-30 01:00:00+00:00,VALID,1,1,2016-11-29,2016-11-29T14:30:00+00:00,2016-11-29T21:00:00+00:00,2016-11-29 21:00:00+00:00,0
2016-12-01,2016-11-30 05:30:00+00:00,2016-12-01 01:00:00+00:00,VALID,1,1,2016-11-30,2016-11-30T14:30:00+00:00,2016-11-30T21:00:00+00:00,2016-11-30 21:00:00+00:00,0
2016-12-02,2016-12-01 05:30:00+00:00,2016-12-02 01:00:00+00:00,VALID,1,1,2016-12-01,2016-12-01T14:30:00+00:00,2016-12-01T21:00:00+00:00,2016-12-01 21:00:00+00:00,0
2016-12-05,2016-12-02 05:30:00+00:00,2016-12-05 01:00:00+00:00,VALID,1,1,2016-12-02,2016-12-02T14:30:00+00:00,2016-12-02T21:00:00+00:00,2016-12-02 21:00:00+00:00,0
2016-12-06,2016-12-05 05:30:00+00:00,2016-12-06 01:00:00+00:00,VALID,1,1,2016-12-05,2016-12-05T14:30:00+00:00,2016-12-05T21:00:00+00:00,2016-12-05 21:00:00+00:00,0
2016-12-07,2016-12-06 05:30:00+00:00,2016-12-07 01:00:00+00:00,VALID,1,1,2016-12-06,2016-12-06T14:30:00+00:00,2016-12-06T21:00:00+00:00,2016-12-06 21:00:00+00:00,0
2016-12-08,2016-12-07 05:30:00+00:00,2016-12-08 01:00:00+00:00,VALID,1,1,2016-12-07,2016-12-07T14:30:00+00:00,2016-12-07T21:00:00+00:00,2016-12-07 21:00:00+00:00,0
2016-12-09,2016-12-08 05:30:00+00:00,2016-12-09 01:00:00+00:00,VALID,1,1,2016-12-08,2016-12-08T14:30:00+00:00,2016-12-08T21:00:00+00:00,2016-12-08 21:00:00+00:00,0
2016-12-12,2016-12-09 05:30:00+00:00,2016-12-12 01:00:00+00:00,VALID,1,1,2016-12-09,2016-12-09T14:30:00+00:00,2016-12-09T21:00:00+00:00,2016-12-09 21:00:00+00:00,0
2016-12-13,2016-12-12 05:30:00+00:00,2016-12-13 01:00:00+00:00,VALID,1,1,2016-12-12,2016-12-12T14:30:00+00:00,2016-12-12T21:00:00+00:00,2016-12-12 21:00:00+00:00,0
2016-12-14,2016-12-13 05:30:00+00:00,2016-12-14 01:00:00+00:00,VALID,1,1,2016-12-13,2016-12-13T14:30:00+00:00,2016-12-13T21:00:00+00:00,2016-12-13 21:00:00+00:00,0
2016-12-15,2016-12-14 05:30:00+00:00,2016-12-15 01:00:00+00:00,VALID,1,1,2016-12-14,2016-12-14T14:30:00+00:00,2016-12-14T21:00:00+00:00,2016-12-14 21:00:00+00:00,0
2016-12-16,2016-12-15 05:30:00+00:00,2016-12-16 01:00:00+00:00,VALID,1,1,2016-12-15,2016-12-15T14:30:00+00:00,2016-12-15T21:00:00+00:00,2016-12-15 21:00:00+00:00,0
2016-12-19,2016-12-16 05:30:00+00:00,2016-12-19 01:00:00+00:00,VALID,1,1,2016-12-16,2016-12-16T14:30:00+00:00,2016-12-16T21:00:00+00:00,2016-12-16 21:00:00+00:00,0
2016-12-20,2016-12-19 05:30:00+00:00,2016-12-20 01:00:00+00:00,VALID,1,1,2016-12-19,2016-12-19T14:30:00+00:00,2016-12-19T21:00:00+00:00,2016-12-19 21:00:00+00:00,0
2016-12-21,2016-12-20 05:30:00+00:00,2016-12-21 01:00:00+00:00,VALID,1,1,2016-12-20,2016-12-20T14:30:00+00:00,2016-12-20T21:00:00+00:00,2016-12-20 21:00:00+00:00,0
2016-12-22,2016-12-21 05:30:00+00:00,2016-12-22 01:00:00+00:00,VALID,1,1,2016-12-21,2016-12-21T14:30:00+00:00,2016-12-21T21:00:00+00:00,2016-12-21 21:00:00+00:00,0
2016-12-23,2016-12-22 05:30:00+00:00,2016-12-23 01:00:00+00:00,VALID,1,1,2016-12-22,2016-12-22T14:30:00+00:00,2016-12-22T21:00:00+00:00,2016-12-22 21:00:00+00:00,0
2016-12-26,2016-12-23 05:30:00+00:00,2016-12-26 01:00:00+00:00,VALID,1,1,2016-12-23,2016-12-23T14:30:00+00:00,2016-12-23T21:00:00+00:00,2016-12-23 21:00:00+00:00,0
2016-12-27,2016-12-26 05:30:00+00:00,2016-12-27 01:00:00+00:00,EMPTY_US_WINDOW,0,0,,,,,0
2016-12-28,2016-12-27 05:30:00+00:00,2016-12-28 01:00:00+00:00,VALID,1,1,2016-12-27,2016-12-27T14:30:00+00:00,2016-12-27T21:00:00+00:00,2016-12-27 21:00:00+00:00,0
2016-12-29,2016-12-28 05:30:00+00:00,2016-12-29 01:00:00+00:00,VALID,1,1,2016-12-28,2016-12-28T14:30:00+00:00,2016-12-28T21:00:00+00:00,2016-12-28 21:00:00+00:00,0
2016-12-30,2016-12-29 05:30:00+00:00,2016-12-30 01:00:00+00:00,VALID,1,1,2016-12-29,2016-12-29T14:30:00+00:00,2016-12-29T21:00:00+00:00,2016-12-29 21:00:00+00:00,0
2017-01-03,2016-12-30 05:30:00+00:00,2017-01-03 01:00:00+00:00,VALID,1,1,2016-12-30,2016-12-30T14:30:00+00:00,2016-12-30T21:00:00+00:00,2016-12-30 21:00:00+00:00,0
2017-01-04,2017-01-03 05:30:00+00:00,2017-01-04 01:00:00+00:00,VALID,1,1,2017-01-03,2017-01-03T14:30:00+00:00,2017-01-03T21:00:00+00:00,2017-01-03 21:00:00+00:00,0
2017-01-05,2017-01-04 05:30:00+00:00,2017-01-05 01:00:00+00:00,VALID,1,1,2017-01-04,2017-01-04T14:30:00+00:00,2017-01-04T21:00:00+00:00,2017-01-04 21:00:00+00:00,0
2017-01-06,2017-01-05 05:30:00+00:00,2017-01-06 01:00:00+00:00,VALID,1,1,2017-01-05,2017-01-05T14:30:00+00:00,2017-01-05T21:00:00+00:00,2017-01-05 21:00:00+00:00,0
2017-01-09,2017-01-06 05:30:00+00:00,2017-01-09 01:00:00+00:00,VALID,1,1,2017-01-06,2017-01-06T14:30:00+00:00,2017-01-06T21:00:00+00:00,2017-01-06 21:00:00+00:00,0
2017-01-10,2017-01-09 05:30:00+00:00,2017-01-10 01:00:00+00:00,VALID,1,1,2017-01-09,2017-01-09T14:30:00+00:00,2017-01-09T21:00:00+00:00,2017-01-09 21:00:00+00:00,0
2017-01-11,2017-01-10 05:30:00+00:00,2017-01-11 01:00:00+00:00,VALID,1,1,2017-01-10,2017-01-10T14:30:00+00:00,2017-01-10T21:00:00+00:00,2017-01-10 21:00:00+00:00,0
2017-01-12,2017-01-11 05:30:00+00:00,2017-01-12 01:00:00+00:00,VALID,1,1,2017-01-11,2017-01-11T14:30:00+00:00,2017-01-11T21:00:00+00:00,2017-01-11 21:00:00+00:00,0
2017-01-13,2017-01-12 05:30:00+00:00,2017-01-13 01:00:00+00:00,VALID,1,1,2017-01-12,2017-01-12T14:30:00+00:00,2017-01-12T21:00:00+00:00,2017-01-12 21:00:00+00:00,0
2017-01-16,2017-01-13 05:30:00+00:00,2017-01-16 01:00:00+00:00,VALID,1,1,2017-01-13,2017-01-13T14:30:00+00:00,2017-01-13T21:00:00+00:00,2017-01-13 21:00:00+00:00,0
2017-01-17,2017-01-16 05:30:00+00:00,2017-01-17 01:00:00+00:00,EMPTY_US_WINDOW,0,0,,,,,0
2017-01-18,2017-01-17 05:30:00+00:00,2017-01-18 01:00:00+00:00,VALID,1,1,2017-01-17,2017-01-17T14:30:00+00:00,2017-01-17T21:00:00+00:00,2017-01-17 21:00:00+00:00,0
2017-01-19,2017-01-18 05:30:00+00:00,2017-01-19 01:00:00+00:00,VALID,1,1,2017-01-18,2017-01-18T14:30:00+00:00,2017-01-18T21:00:00+00:00,2017-01-18 21:00:00+00:00,0
2017-01-20,2017-01-19 05:30:00+00:00,2017-01-20 01:00:00+00:00,VALID,1,1,2017-01-19,2017-01-19T14:30:00+00:00,2017-01-19T21:00:00+00:00,2017-01-19 21:00:00+00:00,0
2017-01-23,2017-01-20 05:30:00+00:00,2017-01-23 01:00:00+00:00,VALID,1,1,2017-01-20,2017-01-20T14:30:00+00:00,2017-01-20T21:00:00+00:00,2017-01-20 21:00:00+00:00,0
2017-01-24,2017-01-23 05:30:00+00:00,2017-01-24 01:00:00+00:00,VALID,1,1,2017-01-23,2017-01-23T14:30:00+00:00,2017-01-23T21:00:00+00:00,2017-01-23 21:00:00+00:00,0
2017-02-02,2017-01-24 05:30:00+00:00,2017-02-02 01:00:00+00:00,VALID,7,7,2017-01-24;2017-01-25;2017-01-26;2017-01-27;2017-01-30;2017-01-31;2017-02-01,2017-01-24T14:30:00+00:00;2017-01-25T14:30:00+00:00;2017-01-26T14:30:00+00:00;2017-01-27T14:30:00+00:00;2017-01-30T14:30:00+00:00;2017-01-31T14:30:00+00:00;2017-02-01T14:30:00+00:00,2017-01-24T21:00:00+00:00;2017-01-25T21:00:00+00:00;2017-01-26T21:00:00+00:00;2017-01-27T21:00:00+00:00;2017-01-30T21:00:00+00:00;2017-01-31T21:00:00+00:00;2017-02-01T21:00:00+00:00,2017-02-01 21:00:00+00:00,0
2017-02-03,2017-02-02 05:30:00+00:00,2017-02-03 01:00:00+00:00,VALID,1,1,2017-02-02,2017-02-02T14:30:00+00:00,2017-02-02T21:00:00+00:00,2017-02-02 21:00:00+00:00,0
2017-02-06,2017-02-03 05:30:00+00:00,2017-02-06 01:00:00+00:00,VALID,1,1,2017-02-03,2017-02-03T14:30:00+00:00,2017-02-03T21:00:00+00:00,2017-02-03 21:00:00+00:00,0
2017-02-07,2017-02-06 05:30:00+00:00,2017-02-07 01:00:00+00:00,VALID,1,1,2017-02-06,2017-02-06T14:30:00+00:00,2017-02-06T21:00:00+00:00,2017-02-06 21:00:00+00:00,0
2017-02-08,2017-02-07 05:30:00+00:00,2017-02-08 01:00:00+00:00,VALID,1,1,2017-02-07,2017-02-07T14:30:00+00:00,2017-02-07T21:00:00+00:00,2017-02-07 21:00:00+00:00,0
2017-02-09,2017-02-08 05:30:00+00:00,2017-02-09 01:00:00+00:00,VALID,1,1,2017-02-08,2017-02-08T14:30:00+00:00,2017-02-08T21:00:00+00:00,2017-02-08 21:00:00+00:00,0
2017-02-10,2017-02-09 05:30:00+00:00,2017-02-10 01:00:00+00:00,VALID,1,1,2017-02-09,2017-02-09T14:30:00+00:00,2017-02-09T21:00:00+00:00,2017-02-09 21:00:00+00:00,0
2017-02-13,2017-02-10 05:30:00+00:00,2017-02-13 01:00:00+00:00,VALID,1,1,2017-02-10,2017-02-10T14:30:00+00:00,2017-02-10T21:00:00+00:00,2017-02-10 21:00:00+00:00,0
2017-02-14,2017-02-13 05:30:00+00:00,2017-02-14 01:00:00+00:00,VALID,1,1,2017-02-13,2017-02-13T14:30:00+00:00,2017-02-13T21:00:00+00:00,2017-02-13 21:00:00+00:00,0
2017-02-15,2017-02-14 05:30:00+00:00,2017-02-15 01:00:00+00:00,VALID,1,1,2017-02-14,2017-02-14T14:30:00+00:00,2017-02-14T21:00:00+00:00,2017-02-14 21:00:00+00:00,0
2017-02-16,2017-02-15 05:30:00+00:00,2017-02-16 01:00:00+00:00,VALID,1,1,2017-02-15,2017-02-15T14:30:00+00:00,2017-02-15T21:00:00+00:00,2017-02-15 21:00:00+00:00,0
2017-02-17,2017-02-16 05:30:00+00:00,2017-02-17 01:00:00+00:00,VALID,1,1,2017-02-16,2017-02-16T14:30:00+00:00,2017-02-16T21:00:00+00:00,2017-02-16 21:00:00+00:00,0
2017-02-18,2017-02-17 05:30:00+00:00,2017-02-18 01:00:00+00:00,VALID,1,1,2017-02-17,2017-02-17T14:30:00+00:00,2017-02-17T21:00:00+00:00,2017-02-17 21:00:00+00:00,0
2017-02-20,2017-02-18 05:30:00+00:00,2017-02-20 01:00:00+00:00,EMPTY_US_WINDOW,0,0,,,,,0
2017-02-21,2017-02-20 05:30:00+00:00,2017-02-21 01:00:00+00:00,EMPTY_US_WINDOW,0,0,,,,,0
2017-02-22,2017-02-21 05:30:00+00:00,2017-02-22 01:00:00+00:00,VALID,1,1,2017-02-21,2017-02-21T14:30:00+00:00,2017-02-21T21:00:00+00:00,2017-02-21 21:00:00+00:00,0
2017-02-23,2017-02-22 05:30:00+00:00,2017-02-23 01:00:00+00:00,VALID,1,1,2017-02-22,2017-02-22T14:30:00+00:00,2017-02-22T21:00:00+00:00,2017-02-22 21:00:00+00:00,0
2017-02-24,2017-02-23 05:30:00+00:00,2017-02-24 01:00:00+00:00,VALID,1,1,2017-02-23,2017-02-23T14:30:00+00:00,2017-02-23T21:00:00+00:00,2017-02-23 21:00:00+00:00,0
2017-03-01,2017-02-24 05:30:00+00:00,2017-03-01 01:00:00+00:00,VALID,3,3,2017-02-24;2017-02-27;2017-02-28,2017-02-24T14:30:00+00:00;2017-02-27T14:30:00+00:00;2017-02-28T14:30:00+00:00,2017-02-24T21:00:00+00:00;2017-02-27T21:00:00+00:00;2017-02-28T21:00:00+00:00,2017-02-28 21:00:00+00:00,0
2017-03-02,2017-03-01 05:30:00+00:00,2017-03-02 01:00:00+00:00,VALID,1,1,2017-03-01,2017-03-01T14:30:00+00:00,2017-03-01T21:00:00+00:00,2017-03-01 21:00:00+00:00,0
2017-03-03,2017-03-02 05:30:00+00:00,2017-03-03 01:00:00+00:00,VALID,1,1,2017-03-02,2017-03-02T14:30:00+00:00,2017-03-02T21:00:00+00:00,2017-03-02 21:00:00+00:00,0
2017-03-06,2017-03-03 05:30:00+00:00,2017-03-06 01:00:00+00:00,VALID,1,1,2017-03-03,2017-03-03T14:30:00+00:00,2017-03-03T21:00:00+00:00,2017-03-03 21:00:00+00:00,0
2017-03-07,2017-03-06 05:30:00+00:00,2017-03-07 01:00:00+00:00,VALID,1,1,2017-03-06,2017-03-06T14:30:00+00:00,2017-03-06T21:00:00+00:00,2017-03-06 21:00:00+00:00,0
2017-03-08,2017-03-07 05:30:00+00:00,2017-03-08 01:00:00+00:00,VALID,1,1,2017-03-07,2017-03-07T14:30:00+00:00,2017-03-07T21:00:00+00:00,2017-03-07 21:00:00+00:00,0
2017-03-09,2017-03-08 05:30:00+00:00,2017-03-09 01:00:00+00:00,VALID,1,1,2017-03-08,2017-03-08T14:30:00+00:00,2017-03-08T21:00:00+00:00,2017-03-08 21:00:00+00:00,0
2017-03-10,2017-03-09 05:30:00+00:00,2017-03-10 01:00:00+00:00,VALID,1,1,2017-03-09,2017-03-09T14:30:00+00:00,2017-03-09T21:00:00+00:00,2017-03-09 21:00:00+00:00,0
2017-03-13,2017-03-10 05:30:00+00:00,2017-03-13 01:00:00+00:00,VALID,1,1,2017-03-10,2017-03-10T14:30:00+00:00,2017-03-10T21:00:00+00:00,2017-03-10 21:00:00+00:00,0
2017-03-14,2017-03-13 05:30:00+00:00,2017-03-14 01:00:00+00:00,VALID,1,1,2017-03-13,2017-03-13T13:30:00+00:00,2017-03-13T20:00:00+00:00,2017-03-13 20:00:00+00:00,0
2017-03-15,2017-03-14 05:30:00+00:00,2017-03-15 01:00:00+00:00,VALID,1,1,2017-03-14,2017-03-14T13:30:00+00:00,2017-03-14T20:00:00+00:00,2017-03-14 20:00:00+00:00,0
2017-03-16,2017-03-15 05:30:00+00:00,2017-03-16 01:00:00+00:00,VALID,1,1,2017-03-15,2017-03-15T13:30:00+00:00,2017-03-15T20:00:00+00:00,2017-03-15 20:00:00+00:00,0
2017-03-17,2017-03-16 05:30:00+00:00,2017-03-17 01:00:00+00:00,VALID,1,1,2017-03-16,2017-03-16T13:30:00+00:00,2017-03-16T20:00:00+00:00,2017-03-16 20:00:00+00:00,0
2017-03-20,2017-03-17 05:30:00+00:00,2017-03-20 01:00:00+00:00,VALID,1,1,2017-03-17,2017-03-17T13:30:00+00:00,2017-03-17T20:00:00+00:00,2017-03-17 20:00:00+00:00,0
2017-03-21,2017-03-20 05:30:00+00:00,2017-03-21 01:00:00+00:00,VALID,1,1,2017-03-20,2017-03-20T13:30:00+00:00,2017-03-20T20:00:00+00:00,2017-03-20 20:00:00+00:00,0
2017-03-22,2017-03-21 05:30:00+00:00,2017-03-22 01:00:00+00:00,VALID,1,1,2017-03-21,2017-03-21T13:30:00+00:00,2017-03-21T20:00:00+00:00,2017-03-21 20:00:00+00:00,0
2017-03-23,2017-03-22 05:30:00+00:00,2017-03-23 01:00:00+00:00,VALID,1,1,2017-03-22,2017-03-22T13:30:00+00:00,2017-03-22T20:00:00+00:00,2017-03-22 20:00:00+00:00,0
2017-03-24,2017-03-23 05:30:00+00:00,2017-03-24 01:00:00+00:00,VALID,1,1,2017-03-23,2017-03-23T13:30:00+00:00,2017-03-23T20:00:00+00:00,2017-03-23 20:00:00+00:00,0
2017-03-27,2017-03-24 05:30:00+00:00,2017-03-27 01:00:00+00:00,VALID,1,1,2017-03-24,2017-03-24T13:30:00+00:00,2017-03-24T20:00:00+00:00,2017-03-24 20:00:00+00:00,0
2017-03-28,2017-03-27 05:30:00+00:00,2017-03-28 01:00:00+00:00,VALID,1,1,2017-03-27,2017-03-27T13:30:00+00:00,2017-03-27T20:00:00+00:00,2017-03-27 20:00:00+00:00,0
2017-03-29,2017-03-28 05:30:00+00:00,2017-03-29 01:00:00+00:00,VALID,1,1,2017-03-28,2017-03-28T13:30:00+00:00,2017-03-28T20:00:00+00:00,2017-03-28 20:00:00+00:00,0
2017-03-30,2017-03-29 05:30:00+00:00,2017-03-30 01:00:00+00:00,VALID,1,1,2017-03-29,2017-03-29T13:30:00+00:00,2017-03-29T20:00:00+00:00,2017-03-29 20:00:00+00:00,0
2017-03-31,2017-03-30 05:30:00+00:00,2017-03-31 01:00:00+00:00,VALID,1,1,2017-03-30,2017-03-30T13:30:00+00:00,2017-03-30T20:00:00+00:00,2017-03-30 20:00:00+00:00,0
2017-04-05,2017-03-31 05:30:00+00:00,2017-04-05 01:00:00+00:00,VALID,3,3,2017-03-31;2017-04-03;2017-04-04,2017-03-31T13:30:00+00:00;2017-04-03T13:30:00+00:00;2017-04-04T13:30:00+00:00,2017-03-31T20:00:00+00:00;2017-04-03T20:00:00+00:00;2017-04-04T20:00:00+00:00,2017-04-04 20:00:00+00:00,0
2017-04-06,2017-04-05 05:30:00+00:00,2017-04-06 01:00:00+00:00,VALID,1,1,2017-04-05,2017-04-05T13:30:00+00:00,2017-04-05T20:00:00+00:00,2017-04-05 20:00:00+00:00,0
2017-04-07,2017-04-06 05:30:00+00:00,2017-04-07 01:00:00+00:00,VALID,1,1,2017-04-06,2017-04-06T13:30:00+00:00,2017-04-06T20:00:00+00:00,2017-04-06 20:00:00+00:00,0
2017-04-10,2017-04-07 05:30:00+00:00,2017-04-10 01:00:00+00:00,VALID,1,1,2017-04-07,2017-04-07T13:30:00+00:00,2017-04-07T20:00:00+00:00,2017-04-07 20:00:00+00:00,0
2017-04-11,2017-04-10 05:30:00+00:00,2017-04-11 01:00:00+00:00,VALID,1,1,2017-04-10,2017-04-10T13:30:00+00:00,2017-04-10T20:00:00+00:00,2017-04-10 20:00:00+00:00,0
2017-04-12,2017-04-11 05:30:00+00:00,2017-04-12 01:00:00+00:00,VALID,1,1,2017-04-11,2017-04-11T13:30:00+00:00,2017-04-11T20:00:00+00:00,2017-04-11 20:00:00+00:00,0
2017-04-13,2017-04-12 05:30:00+00:00,2017-04-13 01:00:00+00:00,VALID,1,1,2017-04-12,2017-04-12T13:30:00+00:00,2017-04-12T20:00:00+00:00,2017-04-12 20:00:00+00:00,0
2017-04-14,2017-04-13 05:30:00+00:00,2017-04-14 01:00:00+00:00,VALID,1,1,2017-04-13,2017-04-13T13:30:00+00:00,2017-04-13T20:00:00+00:00,2017-04-13 20:00:00+00:00,0
2017-04-17,2017-04-14 05:30:00+00:00,2017-04-17 01:00:00+00:00,EMPTY_US_WINDOW,0,0,,,,,0
2017-04-18,2017-04-17 05:30:00+00:00,2017-04-18 01:00:00+00:00,VALID,1,1,2017-04-17,2017-04-17T13:30:00+00:00,2017-04-17T20:00:00+00:00,2017-04-17 20:00:00+00:00,0
2017-04-19,2017-04-18 05:30:00+00:00,2017-04-19 01:00:00+00:00,VALID,1,1,2017-04-18,2017-04-18T13:30:00+00:00,2017-04-18T20:00:00+00:00,2017-04-18 20:00:00+00:00,0
2017-04-20,2017-04-19 05:30:00+00:00,2017-04-20 01:00:00+00:00,VALID,1,1,2017-04-19,2017-04-19T13:30:00+00:00,2017-04-19T20:00:00+00:00,2017-04-19 20:00:00+00:00,0
2017-04-21,2017-04-20 05:30:00+00:00,2017-04-21 01:00:00+00:00,VALID,1,1,2017-04-20,2017-04-20T13:30:00+00:00,2017-04-20T20:00:00+00:00,2017-04-20 20:00:00+00:00,0
2017-04-24,2017-04-21 05:30:00+00:00,2017-04-24 01:00:00+00:00,VALID,1,1,2017-04-21,2017-04-21T13:30:00+00:00,2017-04-21T20:00:00+00:00,2017-04-21 20:00:00+00:00,0
2017-04-25,2017-04-24 05:30:00+00:00,2017-04-25 01:00:00+00:00,VALID,1,1,2017-04-24,2017-04-24T13:30:00+00:00,2017-04-24T20:00:00+00:00,2017-04-24 20:00:00+00:00,0
2017-04-26,2017-04-25 05:30:00+00:00,2017-04-26 01:00:00+00:00,VALID,1,1,2017-04-25,2017-04-25T13:30:00+00:00,2017-04-25T20:00:00+00:00,2017-04-25 20:00:00+00:00,0
2017-04-27,2017-04-26 05:30:00+00:00,2017-04-27 01:00:00+00:00,VALID,1,1,2017-04-26,2017-04-26T13:30:00+00:00,2017-04-26T20:00:00+00:00,2017-04-26 20:00:00+00:00,0
2017-04-28,2017-04-27 05:30:00+00:00,2017-04-28 01:00:00+00:00,VALID,1,1,2017-04-27,2017-04-27T13:30:00+00:00,2017-04-27T20:00:00+00:00,2017-04-27 20:00:00+00:00,0
2017-05-02,2017-04-28 05:30:00+00:00,2017-05-02 01:00:00+00:00,VALID,2,2,2017-04-28;2017-05-01,2017-04-28T13:30:00+00:00;2017-05-01T13:30:00+00:00,2017-04-28T20:00:00+00:00;2017-05-01T20:00:00+00:00,2017-05-01 20:00:00+00:00,0
2017-05-03,2017-05-02 05:30:00+00:00,2017-05-03 01:00:00+00:00,VALID,1,1,2017-05-02,2017-05-02T13:30:00+00:00,2017-05-02T20:00:00+00:00,2017-05-02 20:00:00+00:00,0
2017-05-04,2017-05-03 05:30:00+00:00,2017-05-04 01:00:00+00:00,VALID,1,1,2017-05-03,2017-05-03T13:30:00+00:00,2017-05-03T20:00:00+00:00,2017-05-03 20:00:00+00:00,0
2017-05-05,2017-05-04 05:30:00+00:00,2017-05-05 01:00:00+00:00,VALID,1,1,2017-05-04,2017-05-04T13:30:00+00:00,2017-05-04T20:00:00+00:00,2017-05-04 20:00:00+00:00,0
2017-05-08,2017-05-05 05:30:00+00:00,2017-05-08 01:00:00+00:00,VALID,1,1,2017-05-05,2017-05-05T13:30:00+00:00,2017-05-05T20:00:00+00:00,2017-05-05 20:00:00+00:00,0
2017-05-09,2017-05-08 05:30:00+00:00,2017-05-09 01:00:00+00:00,VALID,1,1,2017-05-08,2017-05-08T13:30:00+00:00,2017-05-08T20:00:00+00:00,2017-05-08 20:00:00+00:00,0
2017-05-10,2017-05-09 05:30:00+00:00,2017-05-10 01:00:00+00:00,VALID,1,1,2017-05-09,2017-05-09T13:30:00+00:00,2017-05-09T20:00:00+00:00,2017-05-09 20:00:00+00:00,0
2017-05-11,2017-05-10 05:30:00+00:00,2017-05-11 01:00:00+00:00,VALID,1,1,2017-05-10,2017-05-10T13:30:00+00:00,2017-05-10T20:00:00+00:00,2017-05-10 20:00:00+00:00,0
2017-05-12,2017-05-11 05:30:00+00:00,2017-05-12 01:00:00+00:00,VALID,1,1,2017-05-11,2017-05-11T13:30:00+00:00,2017-05-11T20:00:00+00:00,2017-05-11 20:00:00+00:00,0
2017-05-15,2017-05-12 05:30:00+00:00,2017-05-15 01:00:00+00:00,VALID,1,1,2017-05-12,2017-05-12T13:30:00+00:00,2017-05-12T20:00:00+00:00,2017-05-12 20:00:00+00:00,0
2017-05-16,2017-05-15 05:30:00+00:00,2017-05-16 01:00:00+00:00,VALID,1,1,2017-05-15,2017-05-15T13:30:00+00:00,2017-05-15T20:00:00+00:00,2017-05-15 20:00:00+00:00,0
2017-05-17,2017-05-16 05:30:00+00:00,2017-05-17 01:00:00+00:00,VALID,1,1,2017-05-16,2017-05-16T13:30:00+00:00,2017-05-16T20:00:00+00:00,2017-05-16 20:00:00+00:00,0
2017-05-18,2017-05-17 05:30:00+00:00,2017-05-18 01:00:00+00:00,VALID,1,1,2017-05-17,2017-05-17T13:30:00+00:00,2017-05-17T20:00:00+00:00,2017-05-17 20:00:00+00:00,0
2017-05-19,2017-05-18 05:30:00+00:00,2017-05-19 01:00:00+00:00,VALID,1,1,2017-05-18,2017-05-18T13:30:00+00:00,2017-05-18T20:00:00+00:00,2017-05-18 20:00:00+00:00,0
2017-05-22,2017-05-19 05:30:00+00:00,2017-05-22 01:00:00+00:00,VALID,1,1,2017-05-19,2017-05-19T13:30:00+00:00,2017-05-19T20:00:00+00:00,2017-05-19 20:00:00+00:00,0
2017-05-23,2017-05-22 05:30:00+00:00,2017-05-23 01:00:00+00:00,VALID,1,1,2017-05-22,2017-05-22T13:30:00+00:00,2017-05-22T20:00:00+00:00,2017-05-22 20:00:00+00:00,0
2017-05-24,2017-05-23 05:30:00+00:00,2017-05-24 01:00:00+00:00,VALID,1,1,2017-05-23,2017-05-23T13:30:00+00:00,2017-05-23T20:00:00+00:00,2017-05-23 20:00:00+00:00,0
2017-05-25,2017-05-24 05:30:00+00:00,2017-05-25 01:00:00+00:00,VALID,1,1,2017-05-24,2017-05-24T13:30:00+00:00,2017-05-24T20:00:00+00:00,2017-05-24 20:00:00+00:00,0
2017-05-26,2017-05-25 05:30:00+00:00,2017-05-26 01:00:00+00:00,VALID,1,1,2017-05-25,2017-05-25T13:30:00+00:00,2017-05-25T20:00:00+00:00,2017-05-25 20:00:00+00:00,0
2017-05-31,2017-05-26 05:30:00+00:00,2017-05-31 01:00:00+00:00,VALID,2,2,2017-05-26;2017-05-30,2017-05-26T13:30:00+00:00;2017-05-30T13:30:00+00:00,2017-05-26T20:00:00+00:00;2017-05-30T20:00:00+00:00,2017-05-30 20:00:00+00:00,0
2017-06-01,2017-05-31 05:30:00+00:00,2017-06-01 01:00:00+00:00,VALID,1,1,2017-05-31,2017-05-31T13:30:00+00:00,2017-05-31T20:00:00+00:00,2017-05-31 20:00:00+00:00,0
2017-06-02,2017-06-01 05:30:00+00:00,2017-06-02 01:00:00+00:00,VALID,1,1,2017-06-01,2017-06-01T13:30:00+00:00,2017-06-01T20:00:00+00:00,2017-06-01 20:00:00+00:00,0
2017-06-03,2017-06-02 05:30:00+00:00,2017-06-03 01:00:00+00:00,VALID,1,1,2017-06-02,2017-06-02T13:30:00+00:00,2017-06-02T20:00:00+00:00,2017-06-02 20:00:00+00:00,0
2017-06-05,2017-06-03 05:30:00+00:00,2017-06-05 01:00:00+00:00,EMPTY_US_WINDOW,0,0,,,,,0
2017-06-06,2017-06-05 05:30:00+00:00,2017-06-06 01:00:00+00:00,VALID,1,1,2017-06-05,2017-06-05T13:30:00+00:00,2017-06-05T20:00:00+00:00,2017-06-05 20:00:00+00:00,0
2017-06-07,2017-06-06 05:30:00+00:00,2017-06-07 01:00:00+00:00,VALID,1,1,2017-06-06,2017-06-06T13:30:00+00:00,2017-06-06T20:00:00+00:00,2017-06-06 20:00:00+00:00,0
2017-06-08,2017-06-07 05:30:00+00:00,2017-06-08 01:00:00+00:00,VALID,1,1,2017-06-07,2017-06-07T13:30:00+00:00,2017-06-07T20:00:00+00:00,2017-06-07 20:00:00+00:00,0
2017-06-09,2017-06-08 05:30:00+00:00,2017-06-09 01:00:00+00:00,VALID,1,1,2017-06-08,2017-06-08T13:30:00+00:00,2017-06-08T20:00:00+00:00,2017-06-08 20:00:00+00:00,0
2017-06-12,2017-06-09 05:30:00+00:00,2017-06-12 01:00:00+00:00,VALID,1,1,2017-06-09,2017-06-09T13:30:00+00:00,2017-06-09T20:00:00+00:00,2017-06-09 20:00:00+00:00,0
2017-06-13,2017-06-12 05:30:00+00:00,2017-06-13 01:00:00+00:00,VALID,1,1,2017-06-12,2017-06-12T13:30:00+00:00,2017-06-12T20:00:00+00:00,2017-06-12 20:00:00+00:00,0
2017-06-14,2017-06-13 05:30:00+00:00,2017-06-14 01:00:00+00:00,VALID,1,1,2017-06-13,2017-06-13T13:30:00+00:00,2017-06-13T20:00:00+00:00,2017-06-13 20:00:00+00:00,0
2017-06-15,2017-06-14 05:30:00+00:00,2017-06-15 01:00:00+00:00,VALID,1,1,2017-06-14,2017-06-14T13:30:00+00:00,2017-06-14T20:00:00+00:00,2017-06-14 20:00:00+00:00,0
2017-06-16,2017-06-15 05:30:00+00:00,2017-06-16 01:00:00+00:00,VALID,1,1,2017-06-15,2017-06-15T13:30:00+00:00,2017-06-15T20:00:00+00:00,2017-06-15 20:00:00+00:00,0
2017-06-19,2017-06-16 05:30:00+00:00,2017-06-19 01:00:00+00:00,VALID,1,1,2017-06-16,2017-06-16T13:30:00+00:00,2017-06-16T20:00:00+00:00,2017-06-16 20:00:00+00:00,0
2017-06-20,2017-06-19 05:30:00+00:00,2017-06-20 01:00:00+00:00,VALID,1,1,2017-06-19,2017-06-19T13:30:00+00:00,2017-06-19T20:00:00+00:00,2017-06-19 20:00:00+00:00,0
2017-06-21,2017-06-20 05:30:00+00:00,2017-06-21 01:00:00+00:00,VALID,1,1,2017-06-20,2017-06-20T13:30:00+00:00,2017-06-20T20:00:00+00:00,2017-06-20 20:00:00+00:00,0
2017-06-22,2017-06-21 05:30:00+00:00,2017-06-22 01:00:00+00:00,VALID,1,1,2017-06-21,2017-06-21T13:30:00+00:00,2017-06-21T20:00:00+00:00,2017-06-21 20:00:00+00:00,0
2017-06-23,2017-06-22 05:30:00+00:00,2017-06-23 01:00:00+00:00,VALID,1,1,2017-06-22,2017-06-22T13:30:00+00:00,2017-06-22T20:00:00+00:00,2017-06-22 20:00:00+00:00,0
2017-06-26,2017-06-23 05:30:00+00:00,2017-06-26 01:00:00+00:00,VALID,1,1,2017-06-23,2017-06-23T13:30:00+00:00,2017-06-23T20:00:00+00:00,2017-06-23 20:00:00+00:00,0
2017-06-27,2017-06-26 05:30:00+00:00,2017-06-27 01:00:00+00:00,VALID,1,1,2017-06-26,2017-06-26T13:30:00+00:00,2017-06-26T20:00:00+00:00,2017-06-26 20:00:00+00:00,0
2017-06-28,2017-06-27 05:30:00+00:00,2017-06-28 01:00:00+00:00,VALID,1,1,2017-06-27,2017-06-27T13:30:00+00:00,2017-06-27T20:00:00+00:00,2017-06-27 20:00:00+00:00,0
2017-06-29,2017-06-28 05:30:00+00:00,2017-06-29 01:00:00+00:00,VALID,1,1,2017-06-28,2017-06-28T13:30:00+00:00,2017-06-28T20:00:00+00:00,2017-06-28 20:00:00+00:00,0
2017-06-30,2017-06-29 05:30:00+00:00,2017-06-30 01:00:00+00:00,VALID,1,1,2017-06-29,2017-06-29T13:30:00+00:00,2017-06-29T20:00:00+00:00,2017-06-29 20:00:00+00:00,0
2017-07-03,2017-06-30 05:30:00+00:00,2017-07-03 01:00:00+00:00,VALID,1,1,2017-06-30,2017-06-30T13:30:00+00:00,2017-06-30T20:00:00+00:00,2017-06-30 20:00:00+00:00,0
2017-07-04,2017-07-03 05:30:00+00:00,2017-07-04 01:00:00+00:00,VALID,1,1,2017-07-03,2017-07-03T13:30:00+00:00,2017-07-03T17:00:00+00:00,2017-07-03 17:00:00+00:00,1
2017-07-05,2017-07-04 05:30:00+00:00,2017-07-05 01:00:00+00:00,EMPTY_US_WINDOW,0,0,,,,,0
2017-07-06,2017-07-05 05:30:00+00:00,2017-07-06 01:00:00+00:00,VALID,1,1,2017-07-05,2017-07-05T13:30:00+00:00,2017-07-05T20:00:00+00:00,2017-07-05 20:00:00+00:00,0
2017-07-07,2017-07-06 05:30:00+00:00,2017-07-07 01:00:00+00:00,VALID,1,1,2017-07-06,2017-07-06T13:30:00+00:00,2017-07-06T20:00:00+00:00,2017-07-06 20:00:00+00:00,0
2017-07-10,2017-07-07 05:30:00+00:00,2017-07-10 01:00:00+00:00,VALID,1,1,2017-07-07,2017-07-07T13:30:00+00:00,2017-07-07T20:00:00+00:00,2017-07-07 20:00:00+00:00,0
2017-07-11,2017-07-10 05:30:00+00:00,2017-07-11 01:00:00+00:00,VALID,1,1,2017-07-10,2017-07-10T13:30:00+00:00,2017-07-10T20:00:00+00:00,2017-07-10 20:00:00+00:00,0
2017-07-12,2017-07-11 05:30:00+00:00,2017-07-12 01:00:00+00:00,VALID,1,1,2017-07-11,2017-07-11T13:30:00+00:00,2017-07-11T20:00:00+00:00,2017-07-11 20:00:00+00:00,0
2017-07-13,2017-07-12 05:30:00+00:00,2017-07-13 01:00:00+00:00,VALID,1,1,2017-07-12,2017-07-12T13:30:00+00:00,2017-07-12T20:00:00+00:00,2017-07-12 20:00:00+00:00,0
2017-07-14,2017-07-13 05:30:00+00:00,2017-07-14 01:00:00+00:00,VALID,1,1,2017-07-13,2017-07-13T13:30:00+00:00,2017-07-13T20:00:00+00:00,2017-07-13 20:00:00+00:00,0
2017-07-17,2017-07-14 05:30:00+00:00,2017-07-17 01:00:00+00:00,VALID,1,1,2017-07-14,2017-07-14T13:30:00+00:00,2017-07-14T20:00:00+00:00,2017-07-14 20:00:00+00:00,0
2017-07-18,2017-07-17 05:30:00+00:00,2017-07-18 01:00:00+00:00,VALID,1,1,2017-07-17,2017-07-17T13:30:00+00:00,2017-07-17T20:00:00+00:00,2017-07-17 20:00:00+00:00,0
2017-07-19,2017-07-18 05:30:00+00:00,2017-07-19 01:00:00+00:00,VALID,1,1,2017-07-18,2017-07-18T13:30:00+00:00,2017-07-18T20:00:00+00:00,2017-07-18 20:00:00+00:00,0
2017-07-20,2017-07-19 05:30:00+00:00,2017-07-20 01:00:00+00:00,VALID,1,1,2017-07-19,2017-07-19T13:30:00+00:00,2017-07-19T20:00:00+00:00,2017-07-19 20:00:00+00:00,0
2017-07-21,2017-07-20 05:30:00+00:00,2017-07-21 01:00:00+00:00,VALID,1,1,2017-07-20,2017-07-20T13:30:00+00:00,2017-07-20T20:00:00+00:00,2017-07-20 20:00:00+00:00,0
2017-07-24,2017-07-21 05:30:00+00:00,2017-07-24 01:00:00+00:00,VALID,1,1,2017-07-21,2017-07-21T13:30:00+00:00,2017-07-21T20:00:00+00:00,2017-07-21 20:00:00+00:00,0
2017-07-25,2017-07-24 05:30:00+00:00,2017-07-25 01:00:00+00:00,VALID,1,1,2017-07-24,2017-07-24T13:30:00+00:00,2017-07-24T20:00:00+00:00,2017-07-24 20:00:00+00:00,0
2017-07-26,2017-07-25 05:30:00+00:00,2017-07-26 01:00:00+00:00,VALID,1,1,2017-07-25,2017-07-25T13:30:00+00:00,2017-07-25T20:00:00+00:00,2017-07-25 20:00:00+00:00,0
2017-07-27,2017-07-26 05:30:00+00:00,2017-07-27 01:00:00+00:00,VALID,1,1,2017-07-26,2017-07-26T13:30:00+00:00,2017-07-26T20:00:00+00:00,2017-07-26 20:00:00+00:00,0
2017-07-28,2017-07-27 05:30:00+00:00,2017-07-28 01:00:00+00:00,VALID,1,1,2017-07-27,2017-07-27T13:30:00+00:00,2017-07-27T20:00:00+00:00,2017-07-27 20:00:00+00:00,0
2017-07-31,2017-07-28 05:30:00+00:00,2017-07-31 01:00:00+00:00,VALID,1,1,2017-07-28,2017-07-28T13:30:00+00:00,2017-07-28T20:00:00+00:00,2017-07-28 20:00:00+00:00,0
2017-08-01,2017-07-31 05:30:00+00:00,2017-08-01 01:00:00+00:00,VALID,1,1,2017-07-31,2017-07-31T13:30:00+00:00,2017-07-31T20:00:00+00:00,2017-07-31 20:00:00+00:00,0
2017-08-02,2017-08-01 05:30:00+00:00,2017-08-02 01:00:00+00:00,VALID,1,1,2017-08-01,2017-08-01T13:30:00+00:00,2017-08-01T20:00:00+00:00,2017-08-01 20:00:00+00:00,0
2017-08-03,2017-08-02 05:30:00+00:00,2017-08-03 01:00:00+00:00,VALID,1,1,2017-08-02,2017-08-02T13:30:00+00:00,2017-08-02T20:00:00+00:00,2017-08-02 20:00:00+00:00,0
2017-08-04,2017-08-03 05:30:00+00:00,2017-08-04 01:00:00+00:00,VALID,1,1,2017-08-03,2017-08-03T13:30:00+00:00,2017-08-03T20:00:00+00:00,2017-08-03 20:00:00+00:00,0
2017-08-07,2017-08-04 05:30:00+00:00,2017-08-07 01:00:00+00:00,VALID,1,1,2017-08-04,2017-08-04T13:30:00+00:00,2017-08-04T20:00:00+00:00,2017-08-04 20:00:00+00:00,0
2017-08-08,2017-08-07 05:30:00+00:00,2017-08-08 01:00:00+00:00,VALID,1,1,2017-08-07,2017-08-07T13:30:00+00:00,2017-08-07T20:00:00+00:00,2017-08-07 20:00:00+00:00,0
2017-08-09,2017-08-08 05:30:00+00:00,2017-08-09 01:00:00+00:00,VALID,1,1,2017-08-08,2017-08-08T13:30:00+00:00,2017-08-08T20:00:00+00:00,2017-08-08 20:00:00+00:00,0
2017-08-10,2017-08-09 05:30:00+00:00,2017-08-10 01:00:00+00:00,VALID,1,1,2017-08-09,2017-08-09T13:30:00+00:00,2017-08-09T20:00:00+00:00,2017-08-09 20:00:00+00:00,0
2017-08-11,2017-08-10 05:30:00+00:00,2017-08-11 01:00:00+00:00,VALID,1,1,2017-08-10,2017-08-10T13:30:00+00:00,2017-08-10T20:00:00+00:00,2017-08-10 20:00:00+00:00,0
2017-08-14,2017-08-11 05:30:00+00:00,2017-08-14 01:00:00+00:00,VALID,1,1,2017-08-11,2017-08-11T13:30:00+00:00,2017-08-11T20:00:00+00:00,2017-08-11 20:00:00+00:00,0
2017-08-15,2017-08-14 05:30:00+00:00,2017-08-15 01:00:00+00:00,VALID,1,1,2017-08-14,2017-08-14T13:30:00+00:00,2017-08-14T20:00:00+00:00,2017-08-14 20:00:00+00:00,0
2017-08-16,2017-08-15 05:30:00+00:00,2017-08-16 01:00:00+00:00,VALID,1,1,2017-08-15,2017-08-15T13:30:00+00:00,2017-08-15T20:00:00+00:00,2017-08-15 20:00:00+00:00,0
2017-08-17,2017-08-16 05:30:00+00:00,2017-08-17 01:00:00+00:00,VALID,1,1,2017-08-16,2017-08-16T13:30:00+00:00,2017-08-16T20:00:00+00:00,2017-08-16 20:00:00+00:00,0
2017-08-18,2017-08-17 05:30:00+00:00,2017-08-18 01:00:00+00:00,VALID,1,1,2017-08-17,2017-08-17T13:30:00+00:00,2017-08-17T20:00:00+00:00,2017-08-17 20:00:00+00:00,0
2017-08-21,2017-08-18 05:30:00+00:00,2017-08-21 01:00:00+00:00,VALID,1,1,2017-08-18,2017-08-18T13:30:00+00:00,2017-08-18T20:00:00+00:00,2017-08-18 20:00:00+00:00,0
2017-08-22,2017-08-21 05:30:00+00:00,2017-08-22 01:00:00+00:00,VALID,1,1,2017-08-21,2017-08-21T13:30:00+00:00,2017-08-21T20:00:00+00:00,2017-08-21 20:00:00+00:00,0
2017-08-23,2017-08-22 05:30:00+00:00,2017-08-23 01:00:00+00:00,VALID,1,1,2017-08-22,2017-08-22T13:30:00+00:00,2017-08-22T20:00:00+00:00,2017-08-22 20:00:00+00:00,0
2017-08-24,2017-08-23 05:30:00+00:00,2017-08-24 01:00:00+00:00,VALID,1,1,2017-08-23,2017-08-23T13:30:00+00:00,2017-08-23T20:00:00+00:00,2017-08-23 20:00:00+00:00,0
2017-08-25,2017-08-24 05:30:00+00:00,2017-08-25 01:00:00+00:00,VALID,1,1,2017-08-24,2017-08-24T13:30:00+00:00,2017-08-24T20:00:00+00:00,2017-08-24 20:00:00+00:00,0
2017-08-28,2017-08-25 05:30:00+00:00,2017-08-28 01:00:00+00:00,VALID,1,1,2017-08-25,2017-08-25T13:30:00+00:00,2017-08-25T20:00:00+00:00,2017-08-25 20:00:00+00:00,0
2017-08-29,2017-08-28 05:30:00+00:00,2017-08-29 01:00:00+00:00,VALID,1,1,2017-08-28,2017-08-28T13:30:00+00:00,2017-08-28T20:00:00+00:00,2017-08-28 20:00:00+00:00,0
2017-08-30,2017-08-29 05:30:00+00:00,2017-08-30 01:00:00+00:00,VALID,1,1,2017-08-29,2017-08-29T13:30:00+00:00,2017-08-29T20:00:00+00:00,2017-08-29 20:00:00+00:00,0
2017-08-31,2017-08-30 05:30:00+00:00,2017-08-31 01:00:00+00:00,VALID,1,1,2017-08-30,2017-08-30T13:30:00+00:00,2017-08-30T20:00:00+00:00,2017-08-30 20:00:00+00:00,0
2017-09-01,2017-08-31 05:30:00+00:00,2017-09-01 01:00:00+00:00,VALID,1,1,2017-08-31,2017-08-31T13:30:00+00:00,2017-08-31T20:00:00+00:00,2017-08-31 20:00:00+00:00,0
2017-09-04,2017-09-01 05:30:00+00:00,2017-09-04 01:00:00+00:00,VALID,1,1,2017-09-01,2017-09-01T13:30:00+00:00,2017-09-01T20:00:00+00:00,2017-09-01 20:00:00+00:00,0
2017-09-05,2017-09-04 05:30:00+00:00,2017-09-05 01:00:00+00:00,EMPTY_US_WINDOW,0,0,,,,,0
2017-09-06,2017-09-05 05:30:00+00:00,2017-09-06 01:00:00+00:00,VALID,1,1,2017-09-05,2017-09-05T13:30:00+00:00,2017-09-05T20:00:00+00:00,2017-09-05 20:00:00+00:00,0
2017-09-07,2017-09-06 05:30:00+00:00,2017-09-07 01:00:00+00:00,VALID,1,1,2017-09-06,2017-09-06T13:30:00+00:00,2017-09-06T20:00:00+00:00,2017-09-06 20:00:00+00:00,0
2017-09-08,2017-09-07 05:30:00+00:00,2017-09-08 01:00:00+00:00,VALID,1,1,2017-09-07,2017-09-07T13:30:00+00:00,2017-09-07T20:00:00+00:00,2017-09-07 20:00:00+00:00,0
2017-09-11,2017-09-08 05:30:00+00:00,2017-09-11 01:00:00+00:00,VALID,1,1,2017-09-08,2017-09-08T13:30:00+00:00,2017-09-08T20:00:00+00:00,2017-09-08 20:00:00+00:00,0
2017-09-12,2017-09-11 05:30:00+00:00,2017-09-12 01:00:00+00:00,VALID,1,1,2017-09-11,2017-09-11T13:30:00+00:00,2017-09-11T20:00:00+00:00,2017-09-11 20:00:00+00:00,0
2017-09-13,2017-09-12 05:30:00+00:00,2017-09-13 01:00:00+00:00,VALID,1,1,2017-09-12,2017-09-12T13:30:00+00:00,2017-09-12T20:00:00+00:00,2017-09-12 20:00:00+00:00,0
2017-09-14,2017-09-13 05:30:00+00:00,2017-09-14 01:00:00+00:00,VALID,1,1,2017-09-13,2017-09-13T13:30:00+00:00,2017-09-13T20:00:00+00:00,2017-09-13 20:00:00+00:00,0
2017-09-15,2017-09-14 05:30:00+00:00,2017-09-15 01:00:00+00:00,VALID,1,1,2017-09-14,2017-09-14T13:30:00+00:00,2017-09-14T20:00:00+00:00,2017-09-14 20:00:00+00:00,0
2017-09-18,2017-09-15 05:30:00+00:00,2017-09-18 01:00:00+00:00,VALID,1,1,2017-09-15,2017-09-15T13:30:00+00:00,2017-09-15T20:00:00+00:00,2017-09-15 20:00:00+00:00,0
2017-09-19,2017-09-18 05:30:00+00:00,2017-09-19 01:00:00+00:00,VALID,1,1,2017-09-18,2017-09-18T13:30:00+00:00,2017-09-18T20:00:00+00:00,2017-09-18 20:00:00+00:00,0
2017-09-20,2017-09-19 05:30:00+00:00,2017-09-20 01:00:00+00:00,VALID,1,1,2017-09-19,2017-09-19T13:30:00+00:00,2017-09-19T20:00:00+00:00,2017-09-19 20:00:00+00:00,0
2017-09-21,2017-09-20 05:30:00+00:00,2017-09-21 01:00:00+00:00,VALID,1,1,2017-09-20,2017-09-20T13:30:00+00:00,2017-09-20T20:00:00+00:00,2017-09-20 20:00:00+00:00,0
2017-09-22,2017-09-21 05:30:00+00:00,2017-09-22 01:00:00+00:00,VALID,1,1,2017-09-21,2017-09-21T13:30:00+00:00,2017-09-21T20:00:00+00:00,2017-09-21 20:00:00+00:00,0
2017-09-25,2017-09-22 05:30:00+00:00,2017-09-25 01:00:00+00:00,VALID,1,1,2017-09-22,2017-09-22T13:30:00+00:00,2017-09-22T20:00:00+00:00,2017-09-22 20:00:00+00:00,0
2017-09-26,2017-09-25 05:30:00+00:00,2017-09-26 01:00:00+00:00,VALID,1,1,2017-09-25,2017-09-25T13:30:00+00:00,2017-09-25T20:00:00+00:00,2017-09-25 20:00:00+00:00,0
2017-09-27,2017-09-26 05:30:00+00:00,2017-09-27 01:00:00+00:00,VALID,1,1,2017-09-26,2017-09-26T13:30:00+00:00,2017-09-26T20:00:00+00:00,2017-09-26 20:00:00+00:00,0
2017-09-28,2017-09-27 05:30:00+00:00,2017-09-28 01:00:00+00:00,VALID,1,1,2017-09-27,2017-09-27T13:30:00+00:00,2017-09-27T20:00:00+00:00,2017-09-27 20:00:00+00:00,0
2017-09-29,2017-09-28 05:30:00+00:00,2017-09-29 01:00:00+00:00,VALID,1,1,2017-09-28,2017-09-28T13:30:00+00:00,2017-09-28T20:00:00+00:00,2017-09-28 20:00:00+00:00,0
2017-09-30,2017-09-29 05:30:00+00:00,2017-09-30 01:00:00+00:00,VALID,1,1,2017-09-29,2017-09-29T13:30:00+00:00,2017-09-29T20:00:00+00:00,2017-09-29 20:00:00+00:00,0
2017-10-02,2017-09-30 05:30:00+00:00,2017-10-02 01:00:00+00:00,EMPTY_US_WINDOW,0,0,,,,,0
2017-10-03,2017-10-02 05:30:00+00:00,2017-10-03 01:00:00+00:00,VALID,1,1,2017-10-02,2017-10-02T13:30:00+00:00,2017-10-02T20:00:00+00:00,2017-10-02 20:00:00+00:00,0
2017-10-05,2017-10-03 05:30:00+00:00,2017-10-05 01:00:00+00:00,VALID,2,2,2017-10-03;2017-10-04,2017-10-03T13:30:00+00:00;2017-10-04T13:30:00+00:00,2017-10-03T20:00:00+00:00;2017-10-04T20:00:00+00:00,2017-10-04 20:00:00+00:00,0
2017-10-06,2017-10-05 05:30:00+00:00,2017-10-06 01:00:00+00:00,VALID,1,1,2017-10-05,2017-10-05T13:30:00+00:00,2017-10-05T20:00:00+00:00,2017-10-05 20:00:00+00:00,0
2017-10-11,2017-10-06 05:30:00+00:00,2017-10-11 01:00:00+00:00,VALID,3,3,2017-10-06;2017-10-09;2017-10-10,2017-10-06T13:30:00+00:00;2017-10-09T13:30:00+00:00;2017-10-10T13:30:00+00:00,2017-10-06T20:00:00+00:00;2017-10-09T20:00:00+00:00;2017-10-10T20:00:00+00:00,2017-10-10 20:00:00+00:00,0
2017-10-12,2017-10-11 05:30:00+00:00,2017-10-12 01:00:00+00:00,VALID,1,1,2017-10-11,2017-10-11T13:30:00+00:00,2017-10-11T20:00:00+00:00,2017-10-11 20:00:00+00:00,0
2017-10-13,2017-10-12 05:30:00+00:00,2017-10-13 01:00:00+00:00,VALID,1,1,2017-10-12,2017-10-12T13:30:00+00:00,2017-10-12T20:00:00+00:00,2017-10-12 20:00:00+00:00,0
2017-10-16,2017-10-13 05:30:00+00:00,2017-10-16 01:00:00+00:00,VALID,1,1,2017-10-13,2017-10-13T13:30:00+00:00,2017-10-13T20:00:00+00:00,2017-10-13 20:00:00+00:00,0
2017-10-17,2017-10-16 05:30:00+00:00,2017-10-17 01:00:00+00:00,VALID,1,1,2017-10-16,2017-10-16T13:30:00+00:00,2017-10-16T20:00:00+00:00,2017-10-16 20:00:00+00:00,0
2017-10-18,2017-10-17 05:30:00+00:00,2017-10-18 01:00:00+00:00,VALID,1,1,2017-10-17,2017-10-17T13:30:00+00:00,2017-10-17T20:00:00+00:00,2017-10-17 20:00:00+00:00,0
2017-10-19,2017-10-18 05:30:00+00:00,2017-10-19 01:00:00+00:00,VALID,1,1,2017-10-18,2017-10-18T13:30:00+00:00,2017-10-18T20:00:00+00:00,2017-10-18 20:00:00+00:00,0
2017-10-20,2017-10-19 05:30:00+00:00,2017-10-20 01:00:00+00:00,VALID,1,1,2017-10-19,2017-10-19T13:30:00+00:00,2017-10-19T20:00:00+00:00,2017-10-19 20:00:00+00:00,0
2017-10-23,2017-10-20 05:30:00+00:00,2017-10-23 01:00:00+00:00,VALID,1,1,2017-10-20,2017-10-20T13:30:00+00:00,2017-10-20T20:00:00+00:00,2017-10-20 20:00:00+00:00,0
2017-10-24,2017-10-23 05:30:00+00:00,2017-10-24 01:00:00+00:00,VALID,1,1,2017-10-23,2017-10-23T13:30:00+00:00,2017-10-23T20:00:00+00:00,2017-10-23 20:00:00+00:00,0
2017-10-25,2017-10-24 05:30:00+00:00,2017-10-25 01:00:00+00:00,VALID,1,1,2017-10-24,2017-10-24T13:30:00+00:00,2017-10-24T20:00:00+00:00,2017-10-24 20:00:00+00:00,0
2017-10-26,2017-10-25 05:30:00+00:00,2017-10-26 01:00:00+00:00,VALID,1,1,2017-10-25,2017-10-25T13:30:00+00:00,2017-10-25T20:00:00+00:00,2017-10-25 20:00:00+00:00,0
2017-10-27,2017-10-26 05:30:00+00:00,2017-10-27 01:00:00+00:00,VALID,1,1,2017-10-26,2017-10-26T13:30:00+00:00,2017-10-26T20:00:00+00:00,2017-10-26 20:00:00+00:00,0
2017-10-30,2017-10-27 05:30:00+00:00,2017-10-30 01:00:00+00:00,VALID,1,1,2017-10-27,2017-10-27T13:30:00+00:00,2017-10-27T20:00:00+00:00,2017-10-27 20:00:00+00:00,0
2017-10-31,2017-10-30 05:30:00+00:00,2017-10-31 01:00:00+00:00,VALID,1,1,2017-10-30,2017-10-30T13:30:00+00:00,2017-10-30T20:00:00+00:00,2017-10-30 20:00:00+00:00,0
2017-11-01,2017-10-31 05:30:00+00:00,2017-11-01 01:00:00+00:00,VALID,1,1,2017-10-31,2017-10-31T13:30:00+00:00,2017-10-31T20:00:00+00:00,2017-10-31 20:00:00+00:00,0
2017-11-02,2017-11-01 05:30:00+00:00,2017-11-02 01:00:00+00:00,VALID,1,1,2017-11-01,2017-11-01T13:30:00+00:00,2017-11-01T20:00:00+00:00,2017-11-01 20:00:00+00:00,0
2017-11-03,2017-11-02 05:30:00+00:00,2017-11-03 01:00:00+00:00,VALID,1,1,2017-11-02,2017-11-02T13:30:00+00:00,2017-11-02T20:00:00+00:00,2017-11-02 20:00:00+00:00,0
2017-11-06,2017-11-03 05:30:00+00:00,2017-11-06 01:00:00+00:00,VALID,1,1,2017-11-03,2017-11-03T13:30:00+00:00,2017-11-03T20:00:00+00:00,2017-11-03 20:00:00+00:00,0
2017-11-07,2017-11-06 05:30:00+00:00,2017-11-07 01:00:00+00:00,VALID,1,1,2017-11-06,2017-11-06T14:30:00+00:00,2017-11-06T21:00:00+00:00,2017-11-06 21:00:00+00:00,0
2017-11-08,2017-11-07 05:30:00+00:00,2017-11-08 01:00:00+00:00,VALID,1,1,2017-11-07,2017-11-07T14:30:00+00:00,2017-11-07T21:00:00+00:00,2017-11-07 21:00:00+00:00,0
2017-11-09,2017-11-08 05:30:00+00:00,2017-11-09 01:00:00+00:00,VALID,1,1,2017-11-08,2017-11-08T14:30:00+00:00,2017-11-08T21:00:00+00:00,2017-11-08 21:00:00+00:00,0
2017-11-10,2017-11-09 05:30:00+00:00,2017-11-10 01:00:00+00:00,VALID,1,1,2017-11-09,2017-11-09T14:30:00+00:00,2017-11-09T21:00:00+00:00,2017-11-09 21:00:00+00:00,0
2017-11-13,2017-11-10 05:30:00+00:00,2017-11-13 01:00:00+00:00,VALID,1,1,2017-11-10,2017-11-10T14:30:00+00:00,2017-11-10T21:00:00+00:00,2017-11-10 21:00:00+00:00,0
2017-11-14,2017-11-13 05:30:00+00:00,2017-11-14 01:00:00+00:00,VALID,1,1,2017-11-13,2017-11-13T14:30:00+00:00,2017-11-13T21:00:00+00:00,2017-11-13 21:00:00+00:00,0
2017-11-15,2017-11-14 05:30:00+00:00,2017-11-15 01:00:00+00:00,VALID,1,1,2017-11-14,2017-11-14T14:30:00+00:00,2017-11-14T21:00:00+00:00,2017-11-14 21:00:00+00:00,0
2017-11-16,2017-11-15 05:30:00+00:00,2017-11-16 01:00:00+00:00,VALID,1,1,2017-11-15,2017-11-15T14:30:00+00:00,2017-11-15T21:00:00+00:00,2017-11-15 21:00:00+00:00,0
2017-11-17,2017-11-16 05:30:00+00:00,2017-11-17 01:00:00+00:00,VALID,1,1,2017-11-16,2017-11-16T14:30:00+00:00,2017-11-16T21:00:00+00:00,2017-11-16 21:00:00+00:00,0
2017-11-20,2017-11-17 05:30:00+00:00,2017-11-20 01:00:00+00:00,VALID,1,1,2017-11-17,2017-11-17T14:30:00+00:00,2017-11-17T21:00:00+00:00,2017-11-17 21:00:00+00:00,0
2017-11-21,2017-11-20 05:30:00+00:00,2017-11-21 01:00:00+00:00,VALID,1,1,2017-11-20,2017-11-20T14:30:00+00:00,2017-11-20T21:00:00+00:00,2017-11-20 21:00:00+00:00,0
2017-11-22,2017-11-21 05:30:00+00:00,2017-11-22 01:00:00+00:00,VALID,1,1,2017-11-21,2017-11-21T14:30:00+00:00,2017-11-21T21:00:00+00:00,2017-11-21 21:00:00+00:00,0
2017-11-23,2017-11-22 05:30:00+00:00,2017-11-23 01:00:00+00:00,VALID,1,1,2017-11-22,2017-11-22T14:30:00+00:00,2017-11-22T21:00:00+00:00,2017-11-22 21:00:00+00:00,0
2017-11-24,2017-11-23 05:30:00+00:00,2017-11-24 01:00:00+00:00,EMPTY_US_WINDOW,0,0,,,,,0
2017-11-27,2017-11-24 05:30:00+00:00,2017-11-27 01:00:00+00:00,VALID,1,1,2017-11-24,2017-11-24T14:30:00+00:00,2017-11-24T18:00:00+00:00,2017-11-24 18:00:00+00:00,1
2017-11-28,2017-11-27 05:30:00+00:00,2017-11-28 01:00:00+00:00,VALID,1,1,2017-11-27,2017-11-27T14:30:00+00:00,2017-11-27T21:00:00+00:00,2017-11-27 21:00:00+00:00,0
2017-11-29,2017-11-28 05:30:00+00:00,2017-11-29 01:00:00+00:00,VALID,1,1,2017-11-28,2017-11-28T14:30:00+00:00,2017-11-28T21:00:00+00:00,2017-11-28 21:00:00+00:00,0
2017-11-30,2017-11-29 05:30:00+00:00,2017-11-30 01:00:00+00:00,VALID,1,1,2017-11-29,2017-11-29T14:30:00+00:00,2017-11-29T21:00:00+00:00,2017-11-29 21:00:00+00:00,0
2017-12-01,2017-11-30 05:30:00+00:00,2017-12-01 01:00:00+00:00,VALID,1,1,2017-11-30,2017-11-30T14:30:00+00:00,2017-11-30T21:00:00+00:00,2017-11-30 21:00:00+00:00,0
2017-12-04,2017-12-01 05:30:00+00:00,2017-12-04 01:00:00+00:00,VALID,1,1,2017-12-01,2017-12-01T14:30:00+00:00,2017-12-01T21:00:00+00:00,2017-12-01 21:00:00+00:00,0
2017-12-05,2017-12-04 05:30:00+00:00,2017-12-05 01:00:00+00:00,VALID,1,1,2017-12-04,2017-12-04T14:30:00+00:00,2017-12-04T21:00:00+00:00,2017-12-04 21:00:00+00:00,0
2017-12-06,2017-12-05 05:30:00+00:00,2017-12-06 01:00:00+00:00,VALID,1,1,2017-12-05,2017-12-05T14:30:00+00:00,2017-12-05T21:00:00+00:00,2017-12-05 21:00:00+00:00,0
2017-12-07,2017-12-06 05:30:00+00:00,2017-12-07 01:00:00+00:00,VALID,1,1,2017-12-06,2017-12-06T14:30:00+00:00,2017-12-06T21:00:00+00:00,2017-12-06 21:00:00+00:00,0
2017-12-08,2017-12-07 05:30:00+00:00,2017-12-08 01:00:00+00:00,VALID,1,1,2017-12-07,2017-12-07T14:30:00+00:00,2017-12-07T21:00:00+00:00,2017-12-07 21:00:00+00:00,0
2017-12-11,2017-12-08 05:30:00+00:00,2017-12-11 01:00:00+00:00,VALID,1,1,2017-12-08,2017-12-08T14:30:00+00:00,2017-12-08T21:00:00+00:00,2017-12-08 21:00:00+00:00,0
2017-12-12,2017-12-11 05:30:00+00:00,2017-12-12 01:00:00+00:00,VALID,1,1,2017-12-11,2017-12-11T14:30:00+00:00,2017-12-11T21:00:00+00:00,2017-12-11 21:00:00+00:00,0
2017-12-13,2017-12-12 05:30:00+00:00,2017-12-13 01:00:00+00:00,VALID,1,1,2017-12-12,2017-12-12T14:30:00+00:00,2017-12-12T21:00:00+00:00,2017-12-12 21:00:00+00:00,0
2017-12-14,2017-12-13 05:30:00+00:00,2017-12-14 01:00:00+00:00,VALID,1,1,2017-12-13,2017-12-13T14:30:00+00:00,2017-12-13T21:00:00+00:00,2017-12-13 21:00:00+00:00,0
2017-12-15,2017-12-14 05:30:00+00:00,2017-12-15 01:00:00+00:00,VALID,1,1,2017-12-14,2017-12-14T14:30:00+00:00,2017-12-14T21:00:00+00:00,2017-12-14 21:00:00+00:00,0
2017-12-18,2017-12-15 05:30:00+00:00,2017-12-18 01:00:00+00:00,VALID,1,1,2017-12-15,2017-12-15T14:30:00+00:00,2017-12-15T21:00:00+00:00,2017-12-15 21:00:00+00:00,0
2017-12-19,2017-12-18 05:30:00+00:00,2017-12-19 01:00:00+00:00,VALID,1,1,2017-12-18,2017-12-18T14:30:00+00:00,2017-12-18T21:00:00+00:00,2017-12-18 21:00:00+00:00,0
2017-12-20,2017-12-19 05:30:00+00:00,2017-12-20 01:00:00+00:00,VALID,1,1,2017-12-19,2017-12-19T14:30:00+00:00,2017-12-19T21:00:00+00:00,2017-12-19 21:00:00+00:00,0
2017-12-21,2017-12-20 05:30:00+00:00,2017-12-21 01:00:00+00:00,VALID,1,1,2017-12-20,2017-12-20T14:30:00+00:00,2017-12-20T21:00:00+00:00,2017-12-20 21:00:00+00:00,0
2017-12-22,2017-12-21 05:30:00+00:00,2017-12-22 01:00:00+00:00,VALID,1,1,2017-12-21,2017-12-21T14:30:00+00:00,2017-12-21T21:00:00+00:00,2017-12-21 21:00:00+00:00,0
2017-12-25,2017-12-22 05:30:00+00:00,2017-12-25 01:00:00+00:00,VALID,1,1,2017-12-22,2017-12-22T14:30:00+00:00,2017-12-22T21:00:00+00:00,2017-12-22 21:00:00+00:00,0
2017-12-26,2017-12-25 05:30:00+00:00,2017-12-26 01:00:00+00:00,EMPTY_US_WINDOW,0,0,,,,,0
2017-12-27,2017-12-26 05:30:00+00:00,2017-12-27 01:00:00+00:00,VALID,1,1,2017-12-26,2017-12-26T14:30:00+00:00,2017-12-26T21:00:00+00:00,2017-12-26 21:00:00+00:00,0
2017-12-28,2017-12-27 05:30:00+00:00,2017-12-28 01:00:00+00:00,VALID,1,1,2017-12-27,2017-12-27T14:30:00+00:00,2017-12-27T21:00:00+00:00,2017-12-27 21:00:00+00:00,0
2017-12-29,2017-12-28 05:30:00+00:00,2017-12-29 01:00:00+00:00,VALID,1,1,2017-12-28,2017-12-28T14:30:00+00:00,2017-12-28T21:00:00+00:00,2017-12-28 21:00:00+00:00,0
2018-01-02,2017-12-29 05:30:00+00:00,2018-01-02 01:00:00+00:00,VALID,1,1,2017-12-29,2017-12-29T14:30:00+00:00,2017-12-29T21:00:00+00:00,2017-12-29 21:00:00+00:00,0
2018-01-03,2018-01-02 05:30:00+00:00,2018-01-03 01:00:00+00:00,VALID,1,1,2018-01-02,2018-01-02T14:30:00+00:00,2018-01-02T21:00:00+00:00,2018-01-02 21:00:00+00:00,0
2018-01-04,2018-01-03 05:30:00+00:00,2018-01-04 01:00:00+00:00,VALID,1,1,2018-01-03,2018-01-03T14:30:00+00:00,2018-01-03T21:00:00+00:00,2018-01-03 21:00:00+00:00,0
2018-01-05,2018-01-04 05:30:00+00:00,2018-01-05 01:00:00+00:00,VALID,1,1,2018-01-04,2018-01-04T14:30:00+00:00,2018-01-04T21:00:00+00:00,2018-01-04 21:00:00+00:00,0
2018-01-08,2018-01-05 05:30:00+00:00,2018-01-08 01:00:00+00:00,VALID,1,1,2018-01-05,2018-01-05T14:30:00+00:00,2018-01-05T21:00:00+00:00,2018-01-05 21:00:00+00:00,0
2018-01-09,2018-01-08 05:30:00+00:00,2018-01-09 01:00:00+00:00,VALID,1,1,2018-01-08,2018-01-08T14:30:00+00:00,2018-01-08T21:00:00+00:00,2018-01-08 21:00:00+00:00,0
2018-01-10,2018-01-09 05:30:00+00:00,2018-01-10 01:00:00+00:00,VALID,1,1,2018-01-09,2018-01-09T14:30:00+00:00,2018-01-09T21:00:00+00:00,2018-01-09 21:00:00+00:00,0
2018-01-11,2018-01-10 05:30:00+00:00,2018-01-11 01:00:00+00:00,VALID,1,1,2018-01-10,2018-01-10T14:30:00+00:00,2018-01-10T21:00:00+00:00,2018-01-10 21:00:00+00:00,0
2018-01-12,2018-01-11 05:30:00+00:00,2018-01-12 01:00:00+00:00,VALID,1,1,2018-01-11,2018-01-11T14:30:00+00:00,2018-01-11T21:00:00+00:00,2018-01-11 21:00:00+00:00,0
2018-01-15,2018-01-12 05:30:00+00:00,2018-01-15 01:00:00+00:00,VALID,1,1,2018-01-12,2018-01-12T14:30:00+00:00,2018-01-12T21:00:00+00:00,2018-01-12 21:00:00+00:00,0
2018-01-16,2018-01-15 05:30:00+00:00,2018-01-16 01:00:00+00:00,EMPTY_US_WINDOW,0,0,,,,,0
2018-01-17,2018-01-16 05:30:00+00:00,2018-01-17 01:00:00+00:00,VALID,1,1,2018-01-16,2018-01-16T14:30:00+00:00,2018-01-16T21:00:00+00:00,2018-01-16 21:00:00+00:00,0
2018-01-18,2018-01-17 05:30:00+00:00,2018-01-18 01:00:00+00:00,VALID,1,1,2018-01-17,2018-01-17T14:30:00+00:00,2018-01-17T21:00:00+00:00,2018-01-17 21:00:00+00:00,0
2018-01-19,2018-01-18 05:30:00+00:00,2018-01-19 01:00:00+00:00,VALID,1,1,2018-01-18,2018-01-18T14:30:00+00:00,2018-01-18T21:00:00+00:00,2018-01-18 21:00:00+00:00,0
2018-01-22,2018-01-19 05:30:00+00:00,2018-01-22 01:00:00+00:00,VALID,1,1,2018-01-19,2018-01-19T14:30:00+00:00,2018-01-19T21:00:00+00:00,2018-01-19 21:00:00+00:00,0
2018-01-23,2018-01-22 05:30:00+00:00,2018-01-23 01:00:00+00:00,VALID,1,1,2018-01-22,2018-01-22T14:30:00+00:00,2018-01-22T21:00:00+00:00,2018-01-22 21:00:00+00:00,0
2018-01-24,2018-01-23 05:30:00+00:00,2018-01-24 01:00:00+00:00,VALID,1,1,2018-01-23,2018-01-23T14:30:00+00:00,2018-01-23T21:00:00+00:00,2018-01-23 21:00:00+00:00,0
2018-01-25,2018-01-24 05:30:00+00:00,2018-01-25 01:00:00+00:00,VALID,1,1,2018-01-24,2018-01-24T14:30:00+00:00,2018-01-24T21:00:00+00:00,2018-01-24 21:00:00+00:00,0
2018-01-26,2018-01-25 05:30:00+00:00,2018-01-26 01:00:00+00:00,VALID,1,1,2018-01-25,2018-01-25T14:30:00+00:00,2018-01-25T21:00:00+00:00,2018-01-25 21:00:00+00:00,0
2018-01-29,2018-01-26 05:30:00+00:00,2018-01-29 01:00:00+00:00,VALID,1,1,2018-01-26,2018-01-26T14:30:00+00:00,2018-01-26T21:00:00+00:00,2018-01-26 21:00:00+00:00,0
2018-01-30,2018-01-29 05:30:00+00:00,2018-01-30 01:00:00+00:00,VALID,1,1,2018-01-29,2018-01-29T14:30:00+00:00,2018-01-29T21:00:00+00:00,2018-01-29 21:00:00+00:00,0
2018-01-31,2018-01-30 05:30:00+00:00,2018-01-31 01:00:00+00:00,VALID,1,1,2018-01-30,2018-01-30T14:30:00+00:00,2018-01-30T21:00:00+00:00,2018-01-30 21:00:00+00:00,0
2018-02-01,2018-01-31 05:30:00+00:00,2018-02-01 01:00:00+00:00,VALID,1,1,2018-01-31,2018-01-31T14:30:00+00:00,2018-01-31T21:00:00+00:00,2018-01-31 21:00:00+00:00,0
2018-02-02,2018-02-01 05:30:00+00:00,2018-02-02 01:00:00+00:00,VALID,1,1,2018-02-01,2018-02-01T14:30:00+00:00,2018-02-01T21:00:00+00:00,2018-02-01 21:00:00+00:00,0
2018-02-05,2018-02-02 05:30:00+00:00,2018-02-05 01:00:00+00:00,VALID,1,1,2018-02-02,2018-02-02T14:30:00+00:00,2018-02-02T21:00:00+00:00,2018-02-02 21:00:00+00:00,0
2018-02-06,2018-02-05 05:30:00+00:00,2018-02-06 01:00:00+00:00,VALID,1,1,2018-02-05,2018-02-05T14:30:00+00:00,2018-02-05T21:00:00+00:00,2018-02-05 21:00:00+00:00,0
2018-02-07,2018-02-06 05:30:00+00:00,2018-02-07 01:00:00+00:00,VALID,1,1,2018-02-06,2018-02-06T14:30:00+00:00,2018-02-06T21:00:00+00:00,2018-02-06 21:00:00+00:00,0
2018-02-08,2018-02-07 05:30:00+00:00,2018-02-08 01:00:00+00:00,VALID,1,1,2018-02-07,2018-02-07T14:30:00+00:00,2018-02-07T21:00:00+00:00,2018-02-07 21:00:00+00:00,0
2018-02-09,2018-02-08 05:30:00+00:00,2018-02-09 01:00:00+00:00,VALID,1,1,2018-02-08,2018-02-08T14:30:00+00:00,2018-02-08T21:00:00+00:00,2018-02-08 21:00:00+00:00,0
2018-02-12,2018-02-09 05:30:00+00:00,2018-02-12 01:00:00+00:00,VALID,1,1,2018-02-09,2018-02-09T14:30:00+00:00,2018-02-09T21:00:00+00:00,2018-02-09 21:00:00+00:00,0
2018-02-21,2018-02-12 05:30:00+00:00,2018-02-21 01:00:00+00:00,VALID,6,6,2018-02-12;2018-02-13;2018-02-14;2018-02-15;2018-02-16;2018-02-20,2018-02-12T14:30:00+00:00;2018-02-13T14:30:00+00:00;2018-02-14T14:30:00+00:00;2018-02-15T14:30:00+00:00;2018-02-16T14:30:00+00:00;2018-02-20T14:30:00+00:00,2018-02-12T21:00:00+00:00;2018-02-13T21:00:00+00:00;2018-02-14T21:00:00+00:00;2018-02-15T21:00:00+00:00;2018-02-16T21:00:00+00:00;2018-02-20T21:00:00+00:00,2018-02-20 21:00:00+00:00,0
2018-02-22,2018-02-21 05:30:00+00:00,2018-02-22 01:00:00+00:00,VALID,1,1,2018-02-21,2018-02-21T14:30:00+00:00,2018-02-21T21:00:00+00:00,2018-02-21 21:00:00+00:00,0
2018-02-23,2018-02-22 05:30:00+00:00,2018-02-23 01:00:00+00:00,VALID,1,1,2018-02-22,2018-02-22T14:30:00+00:00,2018-02-22T21:00:00+00:00,2018-02-22 21:00:00+00:00,0
2018-02-26,2018-02-23 05:30:00+00:00,2018-02-26 01:00:00+00:00,VALID,1,1,2018-02-23,2018-02-23T14:30:00+00:00,2018-02-23T21:00:00+00:00,2018-02-23 21:00:00+00:00,0
2018-02-27,2018-02-26 05:30:00+00:00,2018-02-27 01:00:00+00:00,VALID,1,1,2018-02-26,2018-02-26T14:30:00+00:00,2018-02-26T21:00:00+00:00,2018-02-26 21:00:00+00:00,0
2018-03-01,2018-02-27 05:30:00+00:00,2018-03-01 01:00:00+00:00,VALID,2,2,2018-02-27;2018-02-28,2018-02-27T14:30:00+00:00;2018-02-28T14:30:00+00:00,2018-02-27T21:00:00+00:00;2018-02-28T21:00:00+00:00,2018-02-28 21:00:00+00:00,0
2018-03-02,2018-03-01 05:30:00+00:00,2018-03-02 01:00:00+00:00,VALID,1,1,2018-03-01,2018-03-01T14:30:00+00:00,2018-03-01T21:00:00+00:00,2018-03-01 21:00:00+00:00,0
2018-03-05,2018-03-02 05:30:00+00:00,2018-03-05 01:00:00+00:00,VALID,1,1,2018-03-02,2018-03-02T14:30:00+00:00,2018-03-02T21:00:00+00:00,2018-03-02 21:00:00+00:00,0
2018-03-06,2018-03-05 05:30:00+00:00,2018-03-06 01:00:00+00:00,VALID,1,1,2018-03-05,2018-03-05T14:30:00+00:00,2018-03-05T21:00:00+00:00,2018-03-05 21:00:00+00:00,0
2018-03-07,2018-03-06 05:30:00+00:00,2018-03-07 01:00:00+00:00,VALID,1,1,2018-03-06,2018-03-06T14:30:00+00:00,2018-03-06T21:00:00+00:00,2018-03-06 21:00:00+00:00,0
2018-03-08,2018-03-07 05:30:00+00:00,2018-03-08 01:00:00+00:00,VALID,1,1,2018-03-07,2018-03-07T14:30:00+00:00,2018-03-07T21:00:00+00:00,2018-03-07 21:00:00+00:00,0
2018-03-09,2018-03-08 05:30:00+00:00,2018-03-09 01:00:00+00:00,VALID,1,1,2018-03-08,2018-03-08T14:30:00+00:00,2018-03-08T21:00:00+00:00,2018-03-08 21:00:00+00:00,0
2018-03-12,2018-03-09 05:30:00+00:00,2018-03-12 01:00:00+00:00,VALID,1,1,2018-03-09,2018-03-09T14:30:00+00:00,2018-03-09T21:00:00+00:00,2018-03-09 21:00:00+00:00,0
2018-03-13,2018-03-12 05:30:00+00:00,2018-03-13 01:00:00+00:00,VALID,1,1,2018-03-12,2018-03-12T13:30:00+00:00,2018-03-12T20:00:00+00:00,2018-03-12 20:00:00+00:00,0
2018-03-14,2018-03-13 05:30:00+00:00,2018-03-14 01:00:00+00:00,VALID,1,1,2018-03-13,2018-03-13T13:30:00+00:00,2018-03-13T20:00:00+00:00,2018-03-13 20:00:00+00:00,0
2018-03-15,2018-03-14 05:30:00+00:00,2018-03-15 01:00:00+00:00,VALID,1,1,2018-03-14,2018-03-14T13:30:00+00:00,2018-03-14T20:00:00+00:00,2018-03-14 20:00:00+00:00,0
2018-03-16,2018-03-15 05:30:00+00:00,2018-03-16 01:00:00+00:00,VALID,1,1,2018-03-15,2018-03-15T13:30:00+00:00,2018-03-15T20:00:00+00:00,2018-03-15 20:00:00+00:00,0
2018-03-19,2018-03-16 05:30:00+00:00,2018-03-19 01:00:00+00:00,VALID,1,1,2018-03-16,2018-03-16T13:30:00+00:00,2018-03-16T20:00:00+00:00,2018-03-16 20:00:00+00:00,0
2018-03-20,2018-03-19 05:30:00+00:00,2018-03-20 01:00:00+00:00,VALID,1,1,2018-03-19,2018-03-19T13:30:00+00:00,2018-03-19T20:00:00+00:00,2018-03-19 20:00:00+00:00,0
2018-03-21,2018-03-20 05:30:00+00:00,2018-03-21 01:00:00+00:00,VALID,1,1,2018-03-20,2018-03-20T13:30:00+00:00,2018-03-20T20:00:00+00:00,2018-03-20 20:00:00+00:00,0
2018-03-22,2018-03-21 05:30:00+00:00,2018-03-22 01:00:00+00:00,VALID,1,1,2018-03-21,2018-03-21T13:30:00+00:00,2018-03-21T20:00:00+00:00,2018-03-21 20:00:00+00:00,0
2018-03-23,2018-03-22 05:30:00+00:00,2018-03-23 01:00:00+00:00,VALID,1,1,2018-03-22,2018-03-22T13:30:00+00:00,2018-03-22T20:00:00+00:00,2018-03-22 20:00:00+00:00,0
2018-03-26,2018-03-23 05:30:00+00:00,2018-03-26 01:00:00+00:00,VALID,1,1,2018-03-23,2018-03-23T13:30:00+00:00,2018-03-23T20:00:00+00:00,2018-03-23 20:00:00+00:00,0
2018-03-27,2018-03-26 05:30:00+00:00,2018-03-27 01:00:00+00:00,VALID,1,1,2018-03-26,2018-03-26T13:30:00+00:00,2018-03-26T20:00:00+00:00,2018-03-26 20:00:00+00:00,0
2018-03-28,2018-03-27 05:30:00+00:00,2018-03-28 01:00:00+00:00,VALID,1,1,2018-03-27,2018-03-27T13:30:00+00:00,2018-03-27T20:00:00+00:00,2018-03-27 20:00:00+00:00,0
2018-03-29,2018-03-28 05:30:00+00:00,2018-03-29 01:00:00+00:00,VALID,1,1,2018-03-28,2018-03-28T13:30:00+00:00,2018-03-28T20:00:00+00:00,2018-03-28 20:00:00+00:00,0
2018-03-30,2018-03-29 05:30:00+00:00,2018-03-30 01:00:00+00:00,VALID,1,1,2018-03-29,2018-03-29T13:30:00+00:00,2018-03-29T20:00:00+00:00,2018-03-29 20:00:00+00:00,0
2018-03-31,2018-03-30 05:30:00+00:00,2018-03-31 01:00:00+00:00,EMPTY_US_WINDOW,0,0,,,,,0
2018-04-02,2018-03-31 05:30:00+00:00,2018-04-02 01:00:00+00:00,EMPTY_US_WINDOW,0,0,,,,,0
2018-04-03,2018-04-02 05:30:00+00:00,2018-04-03 01:00:00+00:00,VALID,1,1,2018-04-02,2018-04-02T13:30:00+00:00,2018-04-02T20:00:00+00:00,2018-04-02 20:00:00+00:00,0
2018-04-09,2018-04-03 05:30:00+00:00,2018-04-09 01:00:00+00:00,VALID,4,4,2018-04-03;2018-04-04;2018-04-05;2018-04-06,2018-04-03T13:30:00+00:00;2018-04-04T13:30:00+00:00;2018-04-05T13:30:00+00:00;2018-04-06T13:30:00+00:00,2018-04-03T20:00:00+00:00;2018-04-04T20:00:00+00:00;2018-04-05T20:00:00+00:00;2018-04-06T20:00:00+00:00,2018-04-06 20:00:00+00:00,0
2018-04-10,2018-04-09 05:30:00+00:00,2018-04-10 01:00:00+00:00,VALID,1,1,2018-04-09,2018-04-09T13:30:00+00:00,2018-04-09T20:00:00+00:00,2018-04-09 20:00:00+00:00,0
2018-04-11,2018-04-10 05:30:00+00:00,2018-04-11 01:00:00+00:00,VALID,1,1,2018-04-10,2018-04-10T13:30:00+00:00,2018-04-10T20:00:00+00:00,2018-04-10 20:00:00+00:00,0
2018-04-12,2018-04-11 05:30:00+00:00,2018-04-12 01:00:00+00:00,VALID,1,1,2018-04-11,2018-04-11T13:30:00+00:00,2018-04-11T20:00:00+00:00,2018-04-11 20:00:00+00:00,0
2018-04-13,2018-04-12 05:30:00+00:00,2018-04-13 01:00:00+00:00,VALID,1,1,2018-04-12,2018-04-12T13:30:00+00:00,2018-04-12T20:00:00+00:00,2018-04-12 20:00:00+00:00,0
2018-04-16,2018-04-13 05:30:00+00:00,2018-04-16 01:00:00+00:00,VALID,1,1,2018-04-13,2018-04-13T13:30:00+00:00,2018-04-13T20:00:00+00:00,2018-04-13 20:00:00+00:00,0
2018-04-17,2018-04-16 05:30:00+00:00,2018-04-17 01:00:00+00:00,VALID,1,1,2018-04-16,2018-04-16T13:30:00+00:00,2018-04-16T20:00:00+00:00,2018-04-16 20:00:00+00:00,0
2018-04-18,2018-04-17 05:30:00+00:00,2018-04-18 01:00:00+00:00,VALID,1,1,2018-04-17,2018-04-17T13:30:00+00:00,2018-04-17T20:00:00+00:00,2018-04-17 20:00:00+00:00,0
2018-04-19,2018-04-18 05:30:00+00:00,2018-04-19 01:00:00+00:00,VALID,1,1,2018-04-18,2018-04-18T13:30:00+00:00,2018-04-18T20:00:00+00:00,2018-04-18 20:00:00+00:00,0
2018-04-20,2018-04-19 05:30:00+00:00,2018-04-20 01:00:00+00:00,VALID,1,1,2018-04-19,2018-04-19T13:30:00+00:00,2018-04-19T20:00:00+00:00,2018-04-19 20:00:00+00:00,0
2018-04-23,2018-04-20 05:30:00+00:00,2018-04-23 01:00:00+00:00,VALID,1,1,2018-04-20,2018-04-20T13:30:00+00:00,2018-04-20T20:00:00+00:00,2018-04-20 20:00:00+00:00,0
2018-04-24,2018-04-23 05:30:00+00:00,2018-04-24 01:00:00+00:00,VALID,1,1,2018-04-23,2018-04-23T13:30:00+00:00,2018-04-23T20:00:00+00:00,2018-04-23 20:00:00+00:00,0
2018-04-25,2018-04-24 05:30:00+00:00,2018-04-25 01:00:00+00:00,VALID,1,1,2018-04-24,2018-04-24T13:30:00+00:00,2018-04-24T20:00:00+00:00,2018-04-24 20:00:00+00:00,0
2018-04-26,2018-04-25 05:30:00+00:00,2018-04-26 01:00:00+00:00,VALID,1,1,2018-04-25,2018-04-25T13:30:00+00:00,2018-04-25T20:00:00+00:00,2018-04-25 20:00:00+00:00,0
2018-04-27,2018-04-26 05:30:00+00:00,2018-04-27 01:00:00+00:00,VALID,1,1,2018-04-26,2018-04-26T13:30:00+00:00,2018-04-26T20:00:00+00:00,2018-04-26 20:00:00+00:00,0
2018-04-30,2018-04-27 05:30:00+00:00,2018-04-30 01:00:00+00:00,VALID,1,1,2018-04-27,2018-04-27T13:30:00+00:00,2018-04-27T20:00:00+00:00,2018-04-27 20:00:00+00:00,0
2018-05-02,2018-04-30 05:30:00+00:00,2018-05-02 01:00:00+00:00,VALID,2,2,2018-04-30;2018-05-01,2018-04-30T13:30:00+00:00;2018-05-01T13:30:00+00:00,2018-04-30T20:00:00+00:00;2018-05-01T20:00:00+00:00,2018-05-01 20:00:00+00:00,0
2018-05-03,2018-05-02 05:30:00+00:00,2018-05-03 01:00:00+00:00,VALID,1,1,2018-05-02,2018-05-02T13:30:00+00:00,2018-05-02T20:00:00+00:00,2018-05-02 20:00:00+00:00,0
2018-05-04,2018-05-03 05:30:00+00:00,2018-05-04 01:00:00+00:00,VALID,1,1,2018-05-03,2018-05-03T13:30:00+00:00,2018-05-03T20:00:00+00:00,2018-05-03 20:00:00+00:00,0
2018-05-07,2018-05-04 05:30:00+00:00,2018-05-07 01:00:00+00:00,VALID,1,1,2018-05-04,2018-05-04T13:30:00+00:00,2018-05-04T20:00:00+00:00,2018-05-04 20:00:00+00:00,0
2018-05-08,2018-05-07 05:30:00+00:00,2018-05-08 01:00:00+00:00,VALID,1,1,2018-05-07,2018-05-07T13:30:00+00:00,2018-05-07T20:00:00+00:00,2018-05-07 20:00:00+00:00,0
2018-05-09,2018-05-08 05:30:00+00:00,2018-05-09 01:00:00+00:00,VALID,1,1,2018-05-08,2018-05-08T13:30:00+00:00,2018-05-08T20:00:00+00:00,2018-05-08 20:00:00+00:00,0
2018-05-10,2018-05-09 05:30:00+00:00,2018-05-10 01:00:00+00:00,VALID,1,1,2018-05-09,2018-05-09T13:30:00+00:00,2018-05-09T20:00:00+00:00,2018-05-09 20:00:00+00:00,0
2018-05-11,2018-05-10 05:30:00+00:00,2018-05-11 01:00:00+00:00,VALID,1,1,2018-05-10,2018-05-10T13:30:00+00:00,2018-05-10T20:00:00+00:00,2018-05-10 20:00:00+00:00,0
2018-05-14,2018-05-11 05:30:00+00:00,2018-05-14 01:00:00+00:00,VALID,1,1,2018-05-11,2018-05-11T13:30:00+00:00,2018-05-11T20:00:00+00:00,2018-05-11 20:00:00+00:00,0
2018-05-15,2018-05-14 05:30:00+00:00,2018-05-15 01:00:00+00:00,VALID,1,1,2018-05-14,2018-05-14T13:30:00+00:00,2018-05-14T20:00:00+00:00,2018-05-14 20:00:00+00:00,0
2018-05-16,2018-05-15 05:30:00+00:00,2018-05-16 01:00:00+00:00,VALID,1,1,2018-05-15,2018-05-15T13:30:00+00:00,2018-05-15T20:00:00+00:00,2018-05-15 20:00:00+00:00,0
2018-05-17,2018-05-16 05:30:00+00:00,2018-05-17 01:00:00+00:00,VALID,1,1,2018-05-16,2018-05-16T13:30:00+00:00,2018-05-16T20:00:00+00:00,2018-05-16 20:00:00+00:00,0
2018-05-18,2018-05-17 05:30:00+00:00,2018-05-18 01:00:00+00:00,VALID,1,1,2018-05-17,2018-05-17T13:30:00+00:00,2018-05-17T20:00:00+00:00,2018-05-17 20:00:00+00:00,0
2018-05-21,2018-05-18 05:30:00+00:00,2018-05-21 01:00:00+00:00,VALID,1,1,2018-05-18,2018-05-18T13:30:00+00:00,2018-05-18T20:00:00+00:00,2018-05-18 20:00:00+00:00,0
2018-05-22,2018-05-21 05:30:00+00:00,2018-05-22 01:00:00+00:00,VALID,1,1,2018-05-21,2018-05-21T13:30:00+00:00,2018-05-21T20:00:00+00:00,2018-05-21 20:00:00+00:00,0
2018-05-23,2018-05-22 05:30:00+00:00,2018-05-23 01:00:00+00:00,VALID,1,1,2018-05-22,2018-05-22T13:30:00+00:00,2018-05-22T20:00:00+00:00,2018-05-22 20:00:00+00:00,0
2018-05-24,2018-05-23 05:30:00+00:00,2018-05-24 01:00:00+00:00,VALID,1,1,2018-05-23,2018-05-23T13:30:00+00:00,2018-05-23T20:00:00+00:00,2018-05-23 20:00:00+00:00,0
2018-05-25,2018-05-24 05:30:00+00:00,2018-05-25 01:00:00+00:00,VALID,1,1,2018-05-24,2018-05-24T13:30:00+00:00,2018-05-24T20:00:00+00:00,2018-05-24 20:00:00+00:00,0
2018-05-28,2018-05-25 05:30:00+00:00,2018-05-28 01:00:00+00:00,VALID,1,1,2018-05-25,2018-05-25T13:30:00+00:00,2018-05-25T20:00:00+00:00,2018-05-25 20:00:00+00:00,0
2018-05-29,2018-05-28 05:30:00+00:00,2018-05-29 01:00:00+00:00,EMPTY_US_WINDOW,0,0,,,,,0
2018-05-30,2018-05-29 05:30:00+00:00,2018-05-30 01:00:00+00:00,VALID,1,1,2018-05-29,2018-05-29T13:30:00+00:00,2018-05-29T20:00:00+00:00,2018-05-29 20:00:00+00:00,0
2018-05-31,2018-05-30 05:30:00+00:00,2018-05-31 01:00:00+00:00,VALID,1,1,2018-05-30,2018-05-30T13:30:00+00:00,2018-05-30T20:00:00+00:00,2018-05-30 20:00:00+00:00,0
2018-06-01,2018-05-31 05:30:00+00:00,2018-06-01 01:00:00+00:00,VALID,1,1,2018-05-31,2018-05-31T13:30:00+00:00,2018-05-31T20:00:00+00:00,2018-05-31 20:00:00+00:00,0
2018-06-04,2018-06-01 05:30:00+00:00,2018-06-04 01:00:00+00:00,VALID,1,1,2018-06-01,2018-06-01T13:30:00+00:00,2018-06-01T20:00:00+00:00,2018-06-01 20:00:00+00:00,0
2018-06-05,2018-06-04 05:30:00+00:00,2018-06-05 01:00:00+00:00,VALID,1,1,2018-06-04,2018-06-04T13:30:00+00:00,2018-06-04T20:00:00+00:00,2018-06-04 20:00:00+00:00,0
2018-06-06,2018-06-05 05:30:00+00:00,2018-06-06 01:00:00+00:00,VALID,1,1,2018-06-05,2018-06-05T13:30:00+00:00,2018-06-05T20:00:00+00:00,2018-06-05 20:00:00+00:00,0
2018-06-07,2018-06-06 05:30:00+00:00,2018-06-07 01:00:00+00:00,VALID,1,1,2018-06-06,2018-06-06T13:30:00+00:00,2018-06-06T20:00:00+00:00,2018-06-06 20:00:00+00:00,0
2018-06-08,2018-06-07 05:30:00+00:00,2018-06-08 01:00:00+00:00,VALID,1,1,2018-06-07,2018-06-07T13:30:00+00:00,2018-06-07T20:00:00+00:00,2018-06-07 20:00:00+00:00,0
2018-06-11,2018-06-08 05:30:00+00:00,2018-06-11 01:00:00+00:00,VALID,1,1,2018-06-08,2018-06-08T13:30:00+00:00,2018-06-08T20:00:00+00:00,2018-06-08 20:00:00+00:00,0
2018-06-12,2018-06-11 05:30:00+00:00,2018-06-12 01:00:00+00:00,VALID,1,1,2018-06-11,2018-06-11T13:30:00+00:00,2018-06-11T20:00:00+00:00,2018-06-11 20:00:00+00:00,0
2018-06-13,2018-06-12 05:30:00+00:00,2018-06-13 01:00:00+00:00,VALID,1,1,2018-06-12,2018-06-12T13:30:00+00:00,2018-06-12T20:00:00+00:00,2018-06-12 20:00:00+00:00,0
2018-06-14,2018-06-13 05:30:00+00:00,2018-06-14 01:00:00+00:00,VALID,1,1,2018-06-13,2018-06-13T13:30:00+00:00,2018-06-13T20:00:00+00:00,2018-06-13 20:00:00+00:00,0
2018-06-15,2018-06-14 05:30:00+00:00,2018-06-15 01:00:00+00:00,VALID,1,1,2018-06-14,2018-06-14T13:30:00+00:00,2018-06-14T20:00:00+00:00,2018-06-14 20:00:00+00:00,0
2018-06-19,2018-06-15 05:30:00+00:00,2018-06-19 01:00:00+00:00,VALID,2,2,2018-06-15;2018-06-18,2018-06-15T13:30:00+00:00;2018-06-18T13:30:00+00:00,2018-06-15T20:00:00+00:00;2018-06-18T20:00:00+00:00,2018-06-18 20:00:00+00:00,0
2018-06-20,2018-06-19 05:30:00+00:00,2018-06-20 01:00:00+00:00,VALID,1,1,2018-06-19,2018-06-19T13:30:00+00:00,2018-06-19T20:00:00+00:00,2018-06-19 20:00:00+00:00,0
2018-06-21,2018-06-20 05:30:00+00:00,2018-06-21 01:00:00+00:00,VALID,1,1,2018-06-20,2018-06-20T13:30:00+00:00,2018-06-20T20:00:00+00:00,2018-06-20 20:00:00+00:00,0
2018-06-22,2018-06-21 05:30:00+00:00,2018-06-22 01:00:00+00:00,VALID,1,1,2018-06-21,2018-06-21T13:30:00+00:00,2018-06-21T20:00:00+00:00,2018-06-21 20:00:00+00:00,0
2018-06-25,2018-06-22 05:30:00+00:00,2018-06-25 01:00:00+00:00,VALID,1,1,2018-06-22,2018-06-22T13:30:00+00:00,2018-06-22T20:00:00+00:00,2018-06-22 20:00:00+00:00,0
2018-06-26,2018-06-25 05:30:00+00:00,2018-06-26 01:00:00+00:00,VALID,1,1,2018-06-25,2018-06-25T13:30:00+00:00,2018-06-25T20:00:00+00:00,2018-06-25 20:00:00+00:00,0
2018-06-27,2018-06-26 05:30:00+00:00,2018-06-27 01:00:00+00:00,VALID,1,1,2018-06-26,2018-06-26T13:30:00+00:00,2018-06-26T20:00:00+00:00,2018-06-26 20:00:00+00:00,0
2018-06-28,2018-06-27 05:30:00+00:00,2018-06-28 01:00:00+00:00,VALID,1,1,2018-06-27,2018-06-27T13:30:00+00:00,2018-06-27T20:00:00+00:00,2018-06-27 20:00:00+00:00,0
2018-06-29,2018-06-28 05:30:00+00:00,2018-06-29 01:00:00+00:00,VALID,1,1,2018-06-28,2018-06-28T13:30:00+00:00,2018-06-28T20:00:00+00:00,2018-06-28 20:00:00+00:00,0
2018-07-02,2018-06-29 05:30:00+00:00,2018-07-02 01:00:00+00:00,VALID,1,1,2018-06-29,2018-06-29T13:30:00+00:00,2018-06-29T20:00:00+00:00,2018-06-29 20:00:00+00:00,0
2018-07-03,2018-07-02 05:30:00+00:00,2018-07-03 01:00:00+00:00,VALID,1,1,2018-07-02,2018-07-02T13:30:00+00:00,2018-07-02T20:00:00+00:00,2018-07-02 20:00:00+00:00,0
2018-07-04,2018-07-03 05:30:00+00:00,2018-07-04 01:00:00+00:00,VALID,1,1,2018-07-03,2018-07-03T13:30:00+00:00,2018-07-03T17:00:00+00:00,2018-07-03 17:00:00+00:00,1
2018-07-05,2018-07-04 05:30:00+00:00,2018-07-05 01:00:00+00:00,EMPTY_US_WINDOW,0,0,,,,,0
2018-07-06,2018-07-05 05:30:00+00:00,2018-07-06 01:00:00+00:00,VALID,1,1,2018-07-05,2018-07-05T13:30:00+00:00,2018-07-05T20:00:00+00:00,2018-07-05 20:00:00+00:00,0
2018-07-09,2018-07-06 05:30:00+00:00,2018-07-09 01:00:00+00:00,VALID,1,1,2018-07-06,2018-07-06T13:30:00+00:00,2018-07-06T20:00:00+00:00,2018-07-06 20:00:00+00:00,0
2018-07-10,2018-07-09 05:30:00+00:00,2018-07-10 01:00:00+00:00,VALID,1,1,2018-07-09,2018-07-09T13:30:00+00:00,2018-07-09T20:00:00+00:00,2018-07-09 20:00:00+00:00,0
2018-07-11,2018-07-10 05:30:00+00:00,2018-07-11 01:00:00+00:00,VALID,1,1,2018-07-10,2018-07-10T13:30:00+00:00,2018-07-10T20:00:00+00:00,2018-07-10 20:00:00+00:00,0
2018-07-12,2018-07-11 05:30:00+00:00,2018-07-12 01:00:00+00:00,VALID,1,1,2018-07-11,2018-07-11T13:30:00+00:00,2018-07-11T20:00:00+00:00,2018-07-11 20:00:00+00:00,0
2018-07-13,2018-07-12 05:30:00+00:00,2018-07-13 01:00:00+00:00,VALID,1,1,2018-07-12,2018-07-12T13:30:00+00:00,2018-07-12T20:00:00+00:00,2018-07-12 20:00:00+00:00,0
2018-07-16,2018-07-13 05:30:00+00:00,2018-07-16 01:00:00+00:00,VALID,1,1,2018-07-13,2018-07-13T13:30:00+00:00,2018-07-13T20:00:00+00:00,2018-07-13 20:00:00+00:00,0
2018-07-17,2018-07-16 05:30:00+00:00,2018-07-17 01:00:00+00:00,VALID,1,1,2018-07-16,2018-07-16T13:30:00+00:00,2018-07-16T20:00:00+00:00,2018-07-16 20:00:00+00:00,0
2018-07-18,2018-07-17 05:30:00+00:00,2018-07-18 01:00:00+00:00,VALID,1,1,2018-07-17,2018-07-17T13:30:00+00:00,2018-07-17T20:00:00+00:00,2018-07-17 20:00:00+00:00,0
2018-07-19,2018-07-18 05:30:00+00:00,2018-07-19 01:00:00+00:00,VALID,1,1,2018-07-18,2018-07-18T13:30:00+00:00,2018-07-18T20:00:00+00:00,2018-07-18 20:00:00+00:00,0
2018-07-20,2018-07-19 05:30:00+00:00,2018-07-20 01:00:00+00:00,VALID,1,1,2018-07-19,2018-07-19T13:30:00+00:00,2018-07-19T20:00:00+00:00,2018-07-19 20:00:00+00:00,0
2018-07-23,2018-07-20 05:30:00+00:00,2018-07-23 01:00:00+00:00,VALID,1,1,2018-07-20,2018-07-20T13:30:00+00:00,2018-07-20T20:00:00+00:00,2018-07-20 20:00:00+00:00,0
2018-07-24,2018-07-23 05:30:00+00:00,2018-07-24 01:00:00+00:00,VALID,1,1,2018-07-23,2018-07-23T13:30:00+00:00,2018-07-23T20:00:00+00:00,2018-07-23 20:00:00+00:00,0
2018-07-25,2018-07-24 05:30:00+00:00,2018-07-25 01:00:00+00:00,VALID,1,1,2018-07-24,2018-07-24T13:30:00+00:00,2018-07-24T20:00:00+00:00,2018-07-24 20:00:00+00:00,0
2018-07-26,2018-07-25 05:30:00+00:00,2018-07-26 01:00:00+00:00,VALID,1,1,2018-07-25,2018-07-25T13:30:00+00:00,2018-07-25T20:00:00+00:00,2018-07-25 20:00:00+00:00,0
2018-07-27,2018-07-26 05:30:00+00:00,2018-07-27 01:00:00+00:00,VALID,1,1,2018-07-26,2018-07-26T13:30:00+00:00,2018-07-26T20:00:00+00:00,2018-07-26 20:00:00+00:00,0
2018-07-30,2018-07-27 05:30:00+00:00,2018-07-30 01:00:00+00:00,VALID,1,1,2018-07-27,2018-07-27T13:30:00+00:00,2018-07-27T20:00:00+00:00,2018-07-27 20:00:00+00:00,0
2018-07-31,2018-07-30 05:30:00+00:00,2018-07-31 01:00:00+00:00,VALID,1,1,2018-07-30,2018-07-30T13:30:00+00:00,2018-07-30T20:00:00+00:00,2018-07-30 20:00:00+00:00,0
2018-08-01,2018-07-31 05:30:00+00:00,2018-08-01 01:00:00+00:00,VALID,1,1,2018-07-31,2018-07-31T13:30:00+00:00,2018-07-31T20:00:00+00:00,2018-07-31 20:00:00+00:00,0
2018-08-02,2018-08-01 05:30:00+00:00,2018-08-02 01:00:00+00:00,VALID,1,1,2018-08-01,2018-08-01T13:30:00+00:00,2018-08-01T20:00:00+00:00,2018-08-01 20:00:00+00:00,0
2018-08-03,2018-08-02 05:30:00+00:00,2018-08-03 01:00:00+00:00,VALID,1,1,2018-08-02,2018-08-02T13:30:00+00:00,2018-08-02T20:00:00+00:00,2018-08-02 20:00:00+00:00,0
2018-08-06,2018-08-03 05:30:00+00:00,2018-08-06 01:00:00+00:00,VALID,1,1,2018-08-03,2018-08-03T13:30:00+00:00,2018-08-03T20:00:00+00:00,2018-08-03 20:00:00+00:00,0
2018-08-07,2018-08-06 05:30:00+00:00,2018-08-07 01:00:00+00:00,VALID,1,1,2018-08-06,2018-08-06T13:30:00+00:00,2018-08-06T20:00:00+00:00,2018-08-06 20:00:00+00:00,0
2018-08-08,2018-08-07 05:30:00+00:00,2018-08-08 01:00:00+00:00,VALID,1,1,2018-08-07,2018-08-07T13:30:00+00:00,2018-08-07T20:00:00+00:00,2018-08-07 20:00:00+00:00,0
2018-08-09,2018-08-08 05:30:00+00:00,2018-08-09 01:00:00+00:00,VALID,1,1,2018-08-08,2018-08-08T13:30:00+00:00,2018-08-08T20:00:00+00:00,2018-08-08 20:00:00+00:00,0
2018-08-10,2018-08-09 05:30:00+00:00,2018-08-10 01:00:00+00:00,VALID,1,1,2018-08-09,2018-08-09T13:30:00+00:00,2018-08-09T20:00:00+00:00,2018-08-09 20:00:00+00:00,0
2018-08-13,2018-08-10 05:30:00+00:00,2018-08-13 01:00:00+00:00,VALID,1,1,2018-08-10,2018-08-10T13:30:00+00:00,2018-08-10T20:00:00+00:00,2018-08-10 20:00:00+00:00,0
2018-08-14,2018-08-13 05:30:00+00:00,2018-08-14 01:00:00+00:00,VALID,1,1,2018-08-13,2018-08-13T13:30:00+00:00,2018-08-13T20:00:00+00:00,2018-08-13 20:00:00+00:00,0
2018-08-15,2018-08-14 05:30:00+00:00,2018-08-15 01:00:00+00:00,VALID,1,1,2018-08-14,2018-08-14T13:30:00+00:00,2018-08-14T20:00:00+00:00,2018-08-14 20:00:00+00:00,0
2018-08-16,2018-08-15 05:30:00+00:00,2018-08-16 01:00:00+00:00,VALID,1,1,2018-08-15,2018-08-15T13:30:00+00:00,2018-08-15T20:00:00+00:00,2018-08-15 20:00:00+00:00,0
2018-08-17,2018-08-16 05:30:00+00:00,2018-08-17 01:00:00+00:00,VALID,1,1,2018-08-16,2018-08-16T13:30:00+00:00,2018-08-16T20:00:00+00:00,2018-08-16 20:00:00+00:00,0
2018-08-20,2018-08-17 05:30:00+00:00,2018-08-20 01:00:00+00:00,VALID,1,1,2018-08-17,2018-08-17T13:30:00+00:00,2018-08-17T20:00:00+00:00,2018-08-17 20:00:00+00:00,0
2018-08-21,2018-08-20 05:30:00+00:00,2018-08-21 01:00:00+00:00,VALID,1,1,2018-08-20,2018-08-20T13:30:00+00:00,2018-08-20T20:00:00+00:00,2018-08-20 20:00:00+00:00,0
2018-08-22,2018-08-21 05:30:00+00:00,2018-08-22 01:00:00+00:00,VALID,1,1,2018-08-21,2018-08-21T13:30:00+00:00,2018-08-21T20:00:00+00:00,2018-08-21 20:00:00+00:00,0
2018-08-23,2018-08-22 05:30:00+00:00,2018-08-23 01:00:00+00:00,VALID,1,1,2018-08-22,2018-08-22T13:30:00+00:00,2018-08-22T20:00:00+00:00,2018-08-22 20:00:00+00:00,0
2018-08-24,2018-08-23 05:30:00+00:00,2018-08-24 01:00:00+00:00,VALID,1,1,2018-08-23,2018-08-23T13:30:00+00:00,2018-08-23T20:00:00+00:00,2018-08-23 20:00:00+00:00,0
2018-08-27,2018-08-24 05:30:00+00:00,2018-08-27 01:00:00+00:00,VALID,1,1,2018-08-24,2018-08-24T13:30:00+00:00,2018-08-24T20:00:00+00:00,2018-08-24 20:00:00+00:00,0
2018-08-28,2018-08-27 05:30:00+00:00,2018-08-28 01:00:00+00:00,VALID,1,1,2018-08-27,2018-08-27T13:30:00+00:00,2018-08-27T20:00:00+00:00,2018-08-27 20:00:00+00:00,0
2018-08-29,2018-08-28 05:30:00+00:00,2018-08-29 01:00:00+00:00,VALID,1,1,2018-08-28,2018-08-28T13:30:00+00:00,2018-08-28T20:00:00+00:00,2018-08-28 20:00:00+00:00,0
2018-08-30,2018-08-29 05:30:00+00:00,2018-08-30 01:00:00+00:00,VALID,1,1,2018-08-29,2018-08-29T13:30:00+00:00,2018-08-29T20:00:00+00:00,2018-08-29 20:00:00+00:00,0
2018-08-31,2018-08-30 05:30:00+00:00,2018-08-31 01:00:00+00:00,VALID,1,1,2018-08-30,2018-08-30T13:30:00+00:00,2018-08-30T20:00:00+00:00,2018-08-30 20:00:00+00:00,0
2018-09-03,2018-08-31 05:30:00+00:00,2018-09-03 01:00:00+00:00,VALID,1,1,2018-08-31,2018-08-31T13:30:00+00:00,2018-08-31T20:00:00+00:00,2018-08-31 20:00:00+00:00,0
2018-09-04,2018-09-03 05:30:00+00:00,2018-09-04 01:00:00+00:00,EMPTY_US_WINDOW,0,0,,,,,0
2018-09-05,2018-09-04 05:30:00+00:00,2018-09-05 01:00:00+00:00,VALID,1,1,2018-09-04,2018-09-04T13:30:00+00:00,2018-09-04T20:00:00+00:00,2018-09-04 20:00:00+00:00,0
2018-09-06,2018-09-05 05:30:00+00:00,2018-09-06 01:00:00+00:00,VALID,1,1,2018-09-05,2018-09-05T13:30:00+00:00,2018-09-05T20:00:00+00:00,2018-09-05 20:00:00+00:00,0
2018-09-07,2018-09-06 05:30:00+00:00,2018-09-07 01:00:00+00:00,VALID,1,1,2018-09-06,2018-09-06T13:30:00+00:00,2018-09-06T20:00:00+00:00,2018-09-06 20:00:00+00:00,0
2018-09-10,2018-09-07 05:30:00+00:00,2018-09-10 01:00:00+00:00,VALID,1,1,2018-09-07,2018-09-07T13:30:00+00:00,2018-09-07T20:00:00+00:00,2018-09-07 20:00:00+00:00,0
2018-09-11,2018-09-10 05:30:00+00:00,2018-09-11 01:00:00+00:00,VALID,1,1,2018-09-10,2018-09-10T13:30:00+00:00,2018-09-10T20:00:00+00:00,2018-09-10 20:00:00+00:00,0
2018-09-12,2018-09-11 05:30:00+00:00,2018-09-12 01:00:00+00:00,VALID,1,1,2018-09-11,2018-09-11T13:30:00+00:00,2018-09-11T20:00:00+00:00,2018-09-11 20:00:00+00:00,0
2018-09-13,2018-09-12 05:30:00+00:00,2018-09-13 01:00:00+00:00,VALID,1,1,2018-09-12,2018-09-12T13:30:00+00:00,2018-09-12T20:00:00+00:00,2018-09-12 20:00:00+00:00,0
2018-09-14,2018-09-13 05:30:00+00:00,2018-09-14 01:00:00+00:00,VALID,1,1,2018-09-13,2018-09-13T13:30:00+00:00,2018-09-13T20:00:00+00:00,2018-09-13 20:00:00+00:00,0
2018-09-17,2018-09-14 05:30:00+00:00,2018-09-17 01:00:00+00:00,VALID,1,1,2018-09-14,2018-09-14T13:30:00+00:00,2018-09-14T20:00:00+00:00,2018-09-14 20:00:00+00:00,0
2018-09-18,2018-09-17 05:30:00+00:00,2018-09-18 01:00:00+00:00,VALID,1,1,2018-09-17,2018-09-17T13:30:00+00:00,2018-09-17T20:00:00+00:00,2018-09-17 20:00:00+00:00,0
2018-09-19,2018-09-18 05:30:00+00:00,2018-09-19 01:00:00+00:00,VALID,1,1,2018-09-18,2018-09-18T13:30:00+00:00,2018-09-18T20:00:00+00:00,2018-09-18 20:00:00+00:00,0
2018-09-20,2018-09-19 05:30:00+00:00,2018-09-20 01:00:00+00:00,VALID,1,1,2018-09-19,2018-09-19T13:30:00+00:00,2018-09-19T20:00:00+00:00,2018-09-19 20:00:00+00:00,0
2018-09-21,2018-09-20 05:30:00+00:00,2018-09-21 01:00:00+00:00,VALID,1,1,2018-09-20,2018-09-20T13:30:00+00:00,2018-09-20T20:00:00+00:00,2018-09-20 20:00:00+00:00,0
2018-09-25,2018-09-21 05:30:00+00:00,2018-09-25 01:00:00+00:00,VALID,2,2,2018-09-21;2018-09-24,2018-09-21T13:30:00+00:00;2018-09-24T13:30:00+00:00,2018-09-21T20:00:00+00:00;2018-09-24T20:00:00+00:00,2018-09-24 20:00:00+00:00,0
2018-09-26,2018-09-25 05:30:00+00:00,2018-09-26 01:00:00+00:00,VALID,1,1,2018-09-25,2018-09-25T13:30:00+00:00,2018-09-25T20:00:00+00:00,2018-09-25 20:00:00+00:00,0
2018-09-27,2018-09-26 05:30:00+00:00,2018-09-27 01:00:00+00:00,VALID,1,1,2018-09-26,2018-09-26T13:30:00+00:00,2018-09-26T20:00:00+00:00,2018-09-26 20:00:00+00:00,0
2018-09-28,2018-09-27 05:30:00+00:00,2018-09-28 01:00:00+00:00,VALID,1,1,2018-09-27,2018-09-27T13:30:00+00:00,2018-09-27T20:00:00+00:00,2018-09-27 20:00:00+00:00,0
2018-10-01,2018-09-28 05:30:00+00:00,2018-10-01 01:00:00+00:00,VALID,1,1,2018-09-28,2018-09-28T13:30:00+00:00,2018-09-28T20:00:00+00:00,2018-09-28 20:00:00+00:00,0
2018-10-02,2018-10-01 05:30:00+00:00,2018-10-02 01:00:00+00:00,VALID,1,1,2018-10-01,2018-10-01T13:30:00+00:00,2018-10-01T20:00:00+00:00,2018-10-01 20:00:00+00:00,0
2018-10-03,2018-10-02 05:30:00+00:00,2018-10-03 01:00:00+00:00,VALID,1,1,2018-10-02,2018-10-02T13:30:00+00:00,2018-10-02T20:00:00+00:00,2018-10-02 20:00:00+00:00,0
2018-10-04,2018-10-03 05:30:00+00:00,2018-10-04 01:00:00+00:00,VALID,1,1,2018-10-03,2018-10-03T13:30:00+00:00,2018-10-03T20:00:00+00:00,2018-10-03 20:00:00+00:00,0
2018-10-05,2018-10-04 05:30:00+00:00,2018-10-05 01:00:00+00:00,VALID,1,1,2018-10-04,2018-10-04T13:30:00+00:00,2018-10-04T20:00:00+00:00,2018-10-04 20:00:00+00:00,0
2018-10-08,2018-10-05 05:30:00+00:00,2018-10-08 01:00:00+00:00,VALID,1,1,2018-10-05,2018-10-05T13:30:00+00:00,2018-10-05T20:00:00+00:00,2018-10-05 20:00:00+00:00,0
2018-10-09,2018-10-08 05:30:00+00:00,2018-10-09 01:00:00+00:00,VALID,1,1,2018-10-08,2018-10-08T13:30:00+00:00,2018-10-08T20:00:00+00:00,2018-10-08 20:00:00+00:00,0
2018-10-11,2018-10-09 05:30:00+00:00,2018-10-11 01:00:00+00:00,VALID,2,2,2018-10-09;2018-10-10,2018-10-09T13:30:00+00:00;2018-10-10T13:30:00+00:00,2018-10-09T20:00:00+00:00;2018-10-10T20:00:00+00:00,2018-10-10 20:00:00+00:00,0
2018-10-12,2018-10-11 05:30:00+00:00,2018-10-12 01:00:00+00:00,VALID,1,1,2018-10-11,2018-10-11T13:30:00+00:00,2018-10-11T20:00:00+00:00,2018-10-11 20:00:00+00:00,0
2018-10-15,2018-10-12 05:30:00+00:00,2018-10-15 01:00:00+00:00,VALID,1,1,2018-10-12,2018-10-12T13:30:00+00:00,2018-10-12T20:00:00+00:00,2018-10-12 20:00:00+00:00,0
2018-10-16,2018-10-15 05:30:00+00:00,2018-10-16 01:00:00+00:00,VALID,1,1,2018-10-15,2018-10-15T13:30:00+00:00,2018-10-15T20:00:00+00:00,2018-10-15 20:00:00+00:00,0
2018-10-17,2018-10-16 05:30:00+00:00,2018-10-17 01:00:00+00:00,VALID,1,1,2018-10-16,2018-10-16T13:30:00+00:00,2018-10-16T20:00:00+00:00,2018-10-16 20:00:00+00:00,0
2018-10-18,2018-10-17 05:30:00+00:00,2018-10-18 01:00:00+00:00,VALID,1,1,2018-10-17,2018-10-17T13:30:00+00:00,2018-10-17T20:00:00+00:00,2018-10-17 20:00:00+00:00,0
2018-10-19,2018-10-18 05:30:00+00:00,2018-10-19 01:00:00+00:00,VALID,1,1,2018-10-18,2018-10-18T13:30:00+00:00,2018-10-18T20:00:00+00:00,2018-10-18 20:00:00+00:00,0
2018-10-22,2018-10-19 05:30:00+00:00,2018-10-22 01:00:00+00:00,VALID,1,1,2018-10-19,2018-10-19T13:30:00+00:00,2018-10-19T20:00:00+00:00,2018-10-19 20:00:00+00:00,0
2018-10-23,2018-10-22 05:30:00+00:00,2018-10-23 01:00:00+00:00,VALID,1,1,2018-10-22,2018-10-22T13:30:00+00:00,2018-10-22T20:00:00+00:00,2018-10-22 20:00:00+00:00,0
2018-10-24,2018-10-23 05:30:00+00:00,2018-10-24 01:00:00+00:00,VALID,1,1,2018-10-23,2018-10-23T13:30:00+00:00,2018-10-23T20:00:00+00:00,2018-10-23 20:00:00+00:00,0
2018-10-25,2018-10-24 05:30:00+00:00,2018-10-25 01:00:00+00:00,VALID,1,1,2018-10-24,2018-10-24T13:30:00+00:00,2018-10-24T20:00:00+00:00,2018-10-24 20:00:00+00:00,0
2018-10-26,2018-10-25 05:30:00+00:00,2018-10-26 01:00:00+00:00,VALID,1,1,2018-10-25,2018-10-25T13:30:00+00:00,2018-10-25T20:00:00+00:00,2018-10-25 20:00:00+00:00,0
2018-10-29,2018-10-26 05:30:00+00:00,2018-10-29 01:00:00+00:00,VALID,1,1,2018-10-26,2018-10-26T13:30:00+00:00,2018-10-26T20:00:00+00:00,2018-10-26 20:00:00+00:00,0
2018-10-30,2018-10-29 05:30:00+00:00,2018-10-30 01:00:00+00:00,VALID,1,1,2018-10-29,2018-10-29T13:30:00+00:00,2018-10-29T20:00:00+00:00,2018-10-29 20:00:00+00:00,0
2018-10-31,2018-10-30 05:30:00+00:00,2018-10-31 01:00:00+00:00,VALID,1,1,2018-10-30,2018-10-30T13:30:00+00:00,2018-10-30T20:00:00+00:00,2018-10-30 20:00:00+00:00,0
2018-11-01,2018-10-31 05:30:00+00:00,2018-11-01 01:00:00+00:00,VALID,1,1,2018-10-31,2018-10-31T13:30:00+00:00,2018-10-31T20:00:00+00:00,2018-10-31 20:00:00+00:00,0
2018-11-02,2018-11-01 05:30:00+00:00,2018-11-02 01:00:00+00:00,VALID,1,1,2018-11-01,2018-11-01T13:30:00+00:00,2018-11-01T20:00:00+00:00,2018-11-01 20:00:00+00:00,0
2018-11-05,2018-11-02 05:30:00+00:00,2018-11-05 01:00:00+00:00,VALID,1,1,2018-11-02,2018-11-02T13:30:00+00:00,2018-11-02T20:00:00+00:00,2018-11-02 20:00:00+00:00,0
2018-11-06,2018-11-05 05:30:00+00:00,2018-11-06 01:00:00+00:00,VALID,1,1,2018-11-05,2018-11-05T14:30:00+00:00,2018-11-05T21:00:00+00:00,2018-11-05 21:00:00+00:00,0
2018-11-07,2018-11-06 05:30:00+00:00,2018-11-07 01:00:00+00:00,VALID,1,1,2018-11-06,2018-11-06T14:30:00+00:00,2018-11-06T21:00:00+00:00,2018-11-06 21:00:00+00:00,0
2018-11-08,2018-11-07 05:30:00+00:00,2018-11-08 01:00:00+00:00,VALID,1,1,2018-11-07,2018-11-07T14:30:00+00:00,2018-11-07T21:00:00+00:00,2018-11-07 21:00:00+00:00,0
2018-11-09,2018-11-08 05:30:00+00:00,2018-11-09 01:00:00+00:00,VALID,1,1,2018-11-08,2018-11-08T14:30:00+00:00,2018-11-08T21:00:00+00:00,2018-11-08 21:00:00+00:00,0
2018-11-12,2018-11-09 05:30:00+00:00,2018-11-12 01:00:00+00:00,VALID,1,1,2018-11-09,2018-11-09T14:30:00+00:00,2018-11-09T21:00:00+00:00,2018-11-09 21:00:00+00:00,0
2018-11-13,2018-11-12 05:30:00+00:00,2018-11-13 01:00:00+00:00,VALID,1,1,2018-11-12,2018-11-12T14:30:00+00:00,2018-11-12T21:00:00+00:00,2018-11-12 21:00:00+00:00,0
2018-11-14,2018-11-13 05:30:00+00:00,2018-11-14 01:00:00+00:00,VALID,1,1,2018-11-13,2018-11-13T14:30:00+00:00,2018-11-13T21:00:00+00:00,2018-11-13 21:00:00+00:00,0
2018-11-15,2018-11-14 05:30:00+00:00,2018-11-15 01:00:00+00:00,VALID,1,1,2018-11-14,2018-11-14T14:30:00+00:00,2018-11-14T21:00:00+00:00,2018-11-14 21:00:00+00:00,0
2018-11-16,2018-11-15 05:30:00+00:00,2018-11-16 01:00:00+00:00,VALID,1,1,2018-11-15,2018-11-15T14:30:00+00:00,2018-11-15T21:00:00+00:00,2018-11-15 21:00:00+00:00,0
2018-11-19,2018-11-16 05:30:00+00:00,2018-11-19 01:00:00+00:00,VALID,1,1,2018-11-16,2018-11-16T14:30:00+00:00,2018-11-16T21:00:00+00:00,2018-11-16 21:00:00+00:00,0
2018-11-20,2018-11-19 05:30:00+00:00,2018-11-20 01:00:00+00:00,VALID,1,1,2018-11-19,2018-11-19T14:30:00+00:00,2018-11-19T21:00:00+00:00,2018-11-19 21:00:00+00:00,0
2018-11-21,2018-11-20 05:30:00+00:00,2018-11-21 01:00:00+00:00,VALID,1,1,2018-11-20,2018-11-20T14:30:00+00:00,2018-11-20T21:00:00+00:00,2018-11-20 21:00:00+00:00,0
2018-11-22,2018-11-21 05:30:00+00:00,2018-11-22 01:00:00+00:00,VALID,1,1,2018-11-21,2018-11-21T14:30:00+00:00,2018-11-21T21:00:00+00:00,2018-11-21 21:00:00+00:00,0
2018-11-23,2018-11-22 05:30:00+00:00,2018-11-23 01:00:00+00:00,EMPTY_US_WINDOW,0,0,,,,,0
2018-11-26,2018-11-23 05:30:00+00:00,2018-11-26 01:00:00+00:00,VALID,1,1,2018-11-23,2018-11-23T14:30:00+00:00,2018-11-23T18:00:00+00:00,2018-11-23 18:00:00+00:00,1
2018-11-27,2018-11-26 05:30:00+00:00,2018-11-27 01:00:00+00:00,VALID,1,1,2018-11-26,2018-11-26T14:30:00+00:00,2018-11-26T21:00:00+00:00,2018-11-26 21:00:00+00:00,0
2018-11-28,2018-11-27 05:30:00+00:00,2018-11-28 01:00:00+00:00,VALID,1,1,2018-11-27,2018-11-27T14:30:00+00:00,2018-11-27T21:00:00+00:00,2018-11-27 21:00:00+00:00,0
2018-11-29,2018-11-28 05:30:00+00:00,2018-11-29 01:00:00+00:00,VALID,1,1,2018-11-28,2018-11-28T14:30:00+00:00,2018-11-28T21:00:00+00:00,2018-11-28 21:00:00+00:00,0
2018-11-30,2018-11-29 05:30:00+00:00,2018-11-30 01:00:00+00:00,VALID,1,1,2018-11-29,2018-11-29T14:30:00+00:00,2018-11-29T21:00:00+00:00,2018-11-29 21:00:00+00:00,0
2018-12-03,2018-11-30 05:30:00+00:00,2018-12-03 01:00:00+00:00,VALID,1,1,2018-11-30,2018-11-30T14:30:00+00:00,2018-11-30T21:00:00+00:00,2018-11-30 21:00:00+00:00,0
2018-12-04,2018-12-03 05:30:00+00:00,2018-12-04 01:00:00+00:00,VALID,1,1,2018-12-03,2018-12-03T14:30:00+00:00,2018-12-03T21:00:00+00:00,2018-12-03 21:00:00+00:00,0
2018-12-05,2018-12-04 05:30:00+00:00,2018-12-05 01:00:00+00:00,VALID,1,1,2018-12-04,2018-12-04T14:30:00+00:00,2018-12-04T21:00:00+00:00,2018-12-04 21:00:00+00:00,0
2018-12-06,2018-12-05 05:30:00+00:00,2018-12-06 01:00:00+00:00,EMPTY_US_WINDOW,0,0,,,,,0
2018-12-07,2018-12-06 05:30:00+00:00,2018-12-07 01:00:00+00:00,VALID,1,1,2018-12-06,2018-12-06T14:30:00+00:00,2018-12-06T21:00:00+00:00,2018-12-06 21:00:00+00:00,0
2018-12-10,2018-12-07 05:30:00+00:00,2018-12-10 01:00:00+00:00,VALID,1,1,2018-12-07,2018-12-07T14:30:00+00:00,2018-12-07T21:00:00+00:00,2018-12-07 21:00:00+00:00,0
2018-12-11,2018-12-10 05:30:00+00:00,2018-12-11 01:00:00+00:00,VALID,1,1,2018-12-10,2018-12-10T14:30:00+00:00,2018-12-10T21:00:00+00:00,2018-12-10 21:00:00+00:00,0
2018-12-12,2018-12-11 05:30:00+00:00,2018-12-12 01:00:00+00:00,VALID,1,1,2018-12-11,2018-12-11T14:30:00+00:00,2018-12-11T21:00:00+00:00,2018-12-11 21:00:00+00:00,0
2018-12-13,2018-12-12 05:30:00+00:00,2018-12-13 01:00:00+00:00,VALID,1,1,2018-12-12,2018-12-12T14:30:00+00:00,2018-12-12T21:00:00+00:00,2018-12-12 21:00:00+00:00,0
2018-12-14,2018-12-13 05:30:00+00:00,2018-12-14 01:00:00+00:00,VALID,1,1,2018-12-13,2018-12-13T14:30:00+00:00,2018-12-13T21:00:00+00:00,2018-12-13 21:00:00+00:00,0
2018-12-17,2018-12-14 05:30:00+00:00,2018-12-17 01:00:00+00:00,VALID,1,1,2018-12-14,2018-12-14T14:30:00+00:00,2018-12-14T21:00:00+00:00,2018-12-14 21:00:00+00:00,0
2018-12-18,2018-12-17 05:30:00+00:00,2018-12-18 01:00:00+00:00,VALID,1,1,2018-12-17,2018-12-17T14:30:00+00:00,2018-12-17T21:00:00+00:00,2018-12-17 21:00:00+00:00,0
2018-12-19,2018-12-18 05:30:00+00:00,2018-12-19 01:00:00+00:00,VALID,1,1,2018-12-18,2018-12-18T14:30:00+00:00,2018-12-18T21:00:00+00:00,2018-12-18 21:00:00+00:00,0
2018-12-20,2018-12-19 05:30:00+00:00,2018-12-20 01:00:00+00:00,VALID,1,1,2018-12-19,2018-12-19T14:30:00+00:00,2018-12-19T21:00:00+00:00,2018-12-19 21:00:00+00:00,0
2018-12-21,2018-12-20 05:30:00+00:00,2018-12-21 01:00:00+00:00,VALID,1,1,2018-12-20,2018-12-20T14:30:00+00:00,2018-12-20T21:00:00+00:00,2018-12-20 21:00:00+00:00,0
2018-12-22,2018-12-21 05:30:00+00:00,2018-12-22 01:00:00+00:00,VALID,1,1,2018-12-21,2018-12-21T14:30:00+00:00,2018-12-21T21:00:00+00:00,2018-12-21 21:00:00+00:00,0
2018-12-24,2018-12-22 05:30:00+00:00,2018-12-24 01:00:00+00:00,EMPTY_US_WINDOW,0,0,,,,,0
2018-12-25,2018-12-24 05:30:00+00:00,2018-12-25 01:00:00+00:00,VALID,1,1,2018-12-24,2018-12-24T14:30:00+00:00,2018-12-24T18:00:00+00:00,2018-12-24 18:00:00+00:00,1
2018-12-26,2018-12-25 05:30:00+00:00,2018-12-26 01:00:00+00:00,EMPTY_US_WINDOW,0,0,,,,,0
2018-12-27,2018-12-26 05:30:00+00:00,2018-12-27 01:00:00+00:00,VALID,1,1,2018-12-26,2018-12-26T14:30:00+00:00,2018-12-26T21:00:00+00:00,2018-12-26 21:00:00+00:00,0
2018-12-28,2018-12-27 05:30:00+00:00,2018-12-28 01:00:00+00:00,VALID,1,1,2018-12-27,2018-12-27T14:30:00+00:00,2018-12-27T21:00:00+00:00,2018-12-27 21:00:00+00:00,0
