"source_timestamp_utc","open","high","low","close","adj_close","volume"
"2008-01-02T01:00:00.0000000+00:00","40,13999938964844","40,13999938964844","40,13999938964844","40,13999938964844","34,70729064941406","0"
"2008-01-03T01:00:00.0000000+00:00","39,099998474121094","39,099998474121094","39,099998474121094","39,099998474121094","33,808048248291016","0"
"2008-01-04T01:00:00.0000000+00:00","38,63999938964844","38,63999938964844","38,63999938964844","38,63999938964844","33,410308837890625","0"
"2008-01-07T01:00:00.0000000+00:00","36,15999984741211","36,15999984741211","36,15999984741211","36,15999984741211","31,265960693359375","0"
"2008-01-08T01:00:00.0000000+00:00","35,81999969482422","35,81999969482422","35,81999969482422","35,81999969482422","30,97197723388672","0"
"2008-01-09T01:00:00.0000000+00:00","36,689998626708984","36,689998626708984","36,689998626708984","36,689998626708984","31,724224090576172","0"
"2008-01-10T01:00:00.0000000+00:00","36,470001220703125","36,470001220703125","36,470001220703125","36,470001220703125","31,53400230407715","0"
"2008-01-11T01:00:00.0000000+00:00","36,54999923706055","36,54999923706055","36,54999923706055","36,54999923706055","31,603174209594727","0"
"2008-01-14T01:00:00.0000000+00:00","36,369998931884766","36,369998931884766","36,369998931884766","36,369998931884766","31,44753646850586","0"
"2008-01-15T01:00:00.0000000+00:00","37,349998474121094","37,349998474121094","37,349998474121094","37,349998474121094","32,294898986816406","0"
"2008-01-16T01:00:00.0000000+00:00","35,599998474121094","35,599998474121094","35,599998474121094","35,599998474121094","30,78175163269043","0"
"2008-01-17T01:00:00.0000000+00:00","35,709999084472656","35,709999084472656","35,709999084472656","35,709999084472656","30,876859664916992","0"
"2008-01-18T01:00:00.0000000+00:00","36,209999084472656","36,209999084472656","36,209999084472656","36,209999084472656","31,30919075012207","0"
"2008-01-21T01:00:00.0000000+00:00","35,75","35,75","35,75","35,75","30,91145133972168","0"
"2008-01-22T01:00:00.0000000+00:00","33,34000015258789","33,34000015258789","33,34000015258789","33,34000015258789","28,82762908935547","0"
"2008-01-23T01:00:00.0000000+00:00","32,91999816894531","32,91999816894531","32,91999816894531","32,91999816894531","28,4644718170166","0"
"2008-01-24T01:00:00.0000000+00:00","33,349998474121094","33,349998474121094","33,349998474121094","33,349998474121094","28,836275100708008","0"
"2008-01-25T01:00:00.0000000+00:00","34,95000076293945","34,95000076293945","34,95000076293945","34,95000076293945","30,219724655151367","0"
"2008-01-28T01:00:00.0000000+00:00","33,810001373291016","33,810001373291016","33,810001373291016","33,810001373291016","29,234018325805664","0"
"2008-01-29T01:00:00.0000000+00:00","34,58000183105469","34,58000183105469","34,58000183105469","34,58000183105469","29,899805068969727","0"
"2008-01-30T01:00:00.0000000+00:00","34,75","34,75","34,75","34,75","30,046796798706055","0"
"2008-01-31T01:00:00.0000000+00:00","35,119998931884766","35,119998931884766","35,119998931884766","35,119998931884766","30,366716384887695","0"
"2008-02-01T01:00:00.0000000+00:00","35,45000076293945","35,45000076293945","35,45000076293945","35,45000076293945","30,652055740356445","0"
"2008-02-12T01:00:00.0000000+00:00","34,279998779296875","34,279998779296875","34,279998779296875","34,279998779296875","29,64040756225586","0"
"2008-02-13T01:00:00.0000000+00:00","34,18000030517578","34,18000030517578","34,18000030517578","34,18000030517578","29,553937911987305","0"
"2008-02-14T01:00:00.0000000+00:00","35,86000061035156","35,86000061035156","35,86000061035156","35,86000061035156","31,00656509399414","0"
"2008-02-15T01:00:00.0000000+00:00","36,09000015258789","36,09000015258789","36,09000015258789","36,09000015258789","31,205434799194336","0"
"2008-02-18T01:00:00.0000000+00:00","35,93000030517578","35,93000030517578","35,93000030517578","35,93000030517578","31,06709098815918","0"
"2008-02-19T01:00:00.0000000+00:00","36,56999969482422","36,56999969482422","36,56999969482422","36,56999969482422","31,62047004699707","0"
"2008-02-20T01:00:00.0000000+00:00","36,08000183105469","36,08000183105469","36,08000183105469","36,08000183105469","31,19678497314453","0"
"2008-02-21T01:00:00.0000000+00:00","37,06999969482422","37,06999969482422","37,06999969482422","37,06999969482422","32,05280303955078","0"
"2008-02-22T01:00:00.0000000+00:00","37,16999816894531","37,16999816894531","37,16999816894531","37,16999816894531","32,13925552368164","0"
"2008-02-25T01:00:00.0000000+00:00","37,86000061035156","37,86000061035156","37,86000061035156","37,86000061035156","32,73588180541992","0"
"2008-02-26T01:00:00.0000000+00:00","38,15999984741211","38,15999984741211","38,15999984741211","38,15999984741211","32,995269775390625","0"
"2008-02-27T01:00:00.0000000+00:00","38,93000030517578","38,93000030517578","38,93000030517578","38,93000030517578","33,66105270385742","0"
"2008-02-29T01:00:00.0000000+00:00","38,29999923706055","38,29999923706055","38,29999923706055","38,29999923706055","33,11632537841797","0"
"2008-03-03T01:00:00.0000000+00:00","37","37","37","37","31,992271423339844","0"
"2008-03-04T01:00:00.0000000+00:00","37,970001220703125","37,970001220703125","37,970001220703125","37,970001220703125","32,830989837646484","0"
"2008-03-05T01:00:00.0000000+00:00","37,790000915527344","37,790000915527344","37,790000915527344","37,790000915527344","32,67535400390625","0"
"2008-03-06T01:00:00.0000000+00:00","39,290000915527344","39,290000915527344","39,290000915527344","39,290000915527344","33,97233581542969","0"
"2008-03-07T01:00:00.0000000+00:00","38,939998626708984","38,939998626708984","38,939998626708984","38,939998626708984","33,669700622558594","0"
"2008-03-10T01:00:00.0000000+00:00","37,720001220703125","37,720001220703125","37,720001220703125","37,720001220703125","32,61482238769531","0"
"2008-03-11T01:00:00.0000000+00:00","37,91999816894531","37,91999816894531","37,91999816894531","37,91999816894531","32,787757873535156","0"
"2008-03-12T01:00:00.0000000+00:00","38,279998779296875","38,279998779296875","38,279998779296875","38,279998779296875","33,09902572631836","0"
"2008-03-13T01:00:00.0000000+00:00","37,29999923706055","37,29999923706055","37,29999923706055","37,29999923706055","32,25166320800781","0"
"2008-03-14T01:00:00.0000000+00:00","36,93000030517578","36,93000030517578","36,93000030517578","36,93000030517578","31,93174171447754","0"
"2008-03-17T01:00:00.0000000+00:00","35,77000045776367","35,77000045776367","35,77000045776367","35,77000045776367","30,92874526977539","0"
"2008-03-18T01:00:00.0000000+00:00","36,0099983215332","36,0099983215332","36,0099983215332","36,0099983215332","31,13625717163086","0"
"2008-03-19T01:00:00.0000000+00:00","36,68000030517578","36,68000030517578","36,68000030517578","36,68000030517578","31,71558380126953","0"
"2008-03-20T01:00:00.0000000+00:00","36,88999938964844","36,88999938964844","36,88999938964844","36,88999938964844","31,89716148376465","0"
"2008-03-21T01:00:00.0000000+00:00","37,939998626708984","37,939998626708984","37,939998626708984","37,939998626708984","32,80503845214844","0"
"2008-03-24T01:00:00.0000000+00:00","39,08000183105469","39,08000183105469","39,08000183105469","39,08000183105469","33,7907600402832","0"
"2008-03-25T01:00:00.0000000+00:00","39,22999954223633","39,22999954223633","39,22999954223633","39,22999954223633","33,920448303222656","0"
"2008-03-26T01:00:00.0000000+00:00","38,77000045776367","38,77000045776367","38,77000045776367","38,77000045776367","33,52271270751953","0"
"2008-03-27T01:00:00.0000000+00:00","37,70000076293945","37,70000076293945","37,70000076293945","37,70000076293945","32,59752655029297","0"
"2008-03-28T01:00:00.0000000+00:00","37,5099983215332","37,5099983215332","37,5099983215332","37,5099983215332","32,43324661254883","0"
"2008-03-31T01:00:00.0000000+00:00","37,619998931884766","37,619998931884766","37,619998931884766","37,619998931884766","32,52835464477539","0"
"2008-04-01T01:00:00.0000000+00:00","37,279998779296875","37,279998779296875","37,279998779296875","37,279998779296875","32,234375","0"
"2008-04-02T01:00:00.0000000+00:00","38,54999923706055","38,54999923706055","38,54999923706055","38,54999923706055","33,33248519897461","0"
"2008-04-03T01:00:00.0000000+00:00","38,810001373291016","38,810001373291016","38,810001373291016","38,810001373291016","33,55730056762695","0"
"2008-04-07T01:00:00.0000000+00:00","39,279998779296875","39,279998779296875","39,279998779296875","39,279998779296875","33,96368408203125","0"
"2008-04-08T01:00:00.0000000+00:00","39","39","39","39","33,721580505371094","0"
"2008-04-09T01:00:00.0000000+00:00","38,810001373291016","38,810001373291016","38,810001373291016","38,810001373291016","33,55730056762695","0"
"2008-04-10T01:00:00.0000000+00:00","39,630001068115234","39,630001068115234","39,630001068115234","39,630001068115234","34,26632308959961","0"
"2008-04-11T01:00:00.0000000+00:00","40,0099983215332","40,0099983215332","40,0099983215332","40,0099983215332","34,594879150390625","0"
"2008-04-14T01:00:00.0000000+00:00","39,5","39,5","39,5","39,5","34,15391540527344","0"
"2008-04-15T01:00:00.0000000+00:00","39,4900016784668","39,4900016784668","39,4900016784668","39,4900016784668","34,145267486572266","0"
"2008-04-16T01:00:00.0000000+00:00","40,060001373291016","40,060001373291016","40,060001373291016","40,060001373291016","34,638118743896484","0"
"2008-04-17T01:00:00.0000000+00:00","40,61000061035156","40,61000061035156","40,61000061035156","40,61000061035156","35,113677978515625","0"
"2008-04-18T01:00:00.0000000+00:00","40,25","40,25","40,25","40,25","34,80240249633789","0"
"2008-04-21T01:00:00.0000000+00:00","40,880001068115234","40,880001068115234","40,880001068115234","40,880001068115234","35,347137451171875","0"
"2008-04-22T01:00:00.0000000+00:00","40,650001525878906","40,650001525878906","40,650001525878906","40,650001525878906","35,14826583862305","0"
"2008-04-23T01:00:00.0000000+00:00","40,11000061035156","40,11000061035156","40,11000061035156","40,11000061035156","34,68135070800781","0"
"2008-04-24T01:00:00.0000000+00:00","39,779998779296875","39,779998779296875","39,779998779296875","39,779998779296875","34,39601135253906","0"
"2008-04-25T01:00:00.0000000+00:00","39,90999984741211","39,90999984741211","39,90999984741211","39,90999984741211","34,50841522216797","0"
"2008-04-28T01:00:00.0000000+00:00","40,4900016784668","40,4900016784668","40,4900016784668","40,4900016784668","35,009925842285156","0"
"2008-04-29T01:00:00.0000000+00:00","39,68000030517578","39,68000030517578","39,68000030517578","39,68000030517578","34,30955505371094","0"
"2008-04-30T01:00:00.0000000+00:00","40,060001373291016","40,060001373291016","40,060001373291016","40,060001373291016","34,638118743896484","0"
"2008-05-02T01:00:00.0000000+00:00","40,310001373291016","40,310001373291016","40,310001373291016","40,310001373291016","34,85428237915039","0"
"2008-05-05T01:00:00.0000000+00:00","39,75","39,75","39,75","39,75","34,37007522583008","0"
"2008-05-06T01:00:00.0000000+00:00","40,25","40,25","40,25","40,25","34,80240249633789","0"
"2008-05-07T01:00:00.0000000+00:00","40,5099983215332","40,5099983215332","40,5099983215332","40,5099983215332","35,0272102355957","0"
"2008-05-08T01:00:00.0000000+00:00","39,939998626708984","39,939998626708984","39,939998626708984","39,939998626708984","34,534358978271484","0"
"2008-05-09T01:00:00.0000000+00:00","39,459999084472656","39,459999084472656","39,459999084472656","39,459999084472656","34,119327545166016","0"
"2008-05-12T01:00:00.0000000+00:00","39,93000030517578","39,93000030517578","39,93000030517578","39,93000030517578","34,52571487426758","0"
"2008-05-13T01:00:00.0000000+00:00","40,68000030517578","40,68000030517578","40,68000030517578","40,68000030517578","35,174198150634766","0"
"2008-05-14T01:00:00.0000000+00:00","40,88999938964844","40,88999938964844","40,88999938964844","40,88999938964844","35,35578536987305","0"
"2008-05-15T01:00:00.0000000+00:00","41,41999816894531","41,41999816894531","41,41999816894531","41,41999816894531","35,81405258178711","0"
"2008-05-16T01:00:00.0000000+00:00","41,689998626708984","41,689998626708984","41,689998626708984","41,689998626708984","36,047508239746094","0"
"2008-05-19T01:00:00.0000000+00:00","41,75","41,75","41,75","41,75","36,09938430786133","0"
"2008-05-20T01:00:00.0000000+00:00","40,7599983215332","40,7599983215332","40,7599983215332","40,7599983215332","35,24337387084961","0"
"2008-05-21T01:00:00.0000000+00:00","40,43000030517578","40,43000030517578","40,43000030517578","40,43000030517578","34,95804214477539","0"
"2008-05-22T01:00:00.0000000+00:00","40,349998474121094","40,349998474121094","40,349998474121094","40,349998474121094","34,88887023925781","0"
"2008-05-23T01:00:00.0000000+00:00","39,34000015258789","39,34000015258789","39,34000015258789","39,34000015258789","34,015560150146484","0"
"2008-05-26T01:00:00.0000000+00:00","38,75","38,75","38,75","38,75","33,50542068481445","0"
"2008-05-27T01:00:00.0000000+00:00","39,09000015258789","39,09000015258789","39,09000015258789","39,09000015258789","33,799400329589844","0"
"2008-05-28T01:00:00.0000000+00:00","38,79999923706055","38,79999923706055","38,79999923706055","38,79999923706055","33,548648834228516","0"
"2008-05-29T01:00:00.0000000+00:00","38,97999954223633","38,97999954223633","38,97999954223633","38,97999954223633","33,704288482666016","0"
"2008-05-30T01:00:00.0000000+00:00","38,88999938964844","38,88999938964844","38,88999938964844","38,88999938964844","33,626468658447266","0"
"2008-06-02T01:00:00.0000000+00:00","39,560001373291016","39,560001373291016","39,560001373291016","39,560001373291016","34,20578384399414","0"
"2008-06-03T01:00:00.0000000+00:00","38,68000030517578","38,68000030517578","38,68000030517578","38,68000030517578","33,44490051269531","0"
"2008-06-04T01:00:00.0000000+00:00","39,09000015258789","39,09000015258789","39,09000015258789","39,09000015258789","33,799400329589844","0"
"2008-06-05T01:00:00.0000000+00:00","39,66999816894531","39,66999816894531","39,66999816894531","39,66999816894531","34,300899505615234","0"
"2008-06-06T01:00:00.0000000+00:00","39,709999084472656","39,709999084472656","39,709999084472656","39,709999084472656","34,335487365722656","0"
"2008-06-09T01:00:00.0000000+00:00","38,63999938964844","38,63999938964844","38,63999938964844","38,63999938964844","33,410308837890625","0"
"2008-06-10T01:00:00.0000000+00:00","37,689998626708984","37,689998626708984","37,689998626708984","37,689998626708984","32,58888244628906","0"
"2008-06-11T01:00:00.0000000+00:00","37,77000045776367","37,77000045776367","37,77000045776367","37,77000045776367","32,65805435180664","0"
"2008-06-12T01:00:00.0000000+00:00","36,59000015258789","36,59000015258789","36,59000015258789","36,59000015258789","31,637758255004883","0"
"2008-06-13T01:00:00.0000000+00:00","36,68000030517578","36,68000030517578","36,68000030517578","36,68000030517578","31,71558380126953","0"
"2008-06-16T01:00:00.0000000+00:00","36,810001373291016","36,810001373291016","36,810001373291016","36,810001373291016","31,82798194885254","0"
"2008-06-17T01:00:00.0000000+00:00","36,81999969482422","36,81999969482422","36,81999969482422","36,81999969482422","31,83662986755371","0"
"2008-06-18T01:00:00.0000000+00:00","36,88999938964844","36,88999938964844","36,88999938964844","36,88999938964844","31,89716148376465","0"
"2008-06-19T01:00:00.0000000+00:00","36,09000015258789","36,09000015258789","36,09000015258789","36,09000015258789","31,205434799194336","0"
"2008-06-20T01:00:00.0000000+00:00","35,72999954223633","35,72999954223633","35,72999954223633","35,72999954223633","30,894161224365234","0"
"2008-06-23T01:00:00.0000000+00:00","35,630001068115234","35,630001068115234","35,630001068115234","35,630001068115234","30,807689666748047","0"
"2008-06-24T01:00:00.0000000+00:00","34,93000030517578","34,93000030517578","34,93000030517578","34,93000030517578","30,20243263244629","0"
"2008-06-25T01:00:00.0000000+00:00","35,779998779296875","35,779998779296875","35,779998779296875","35,779998779296875","30,937389373779297","0"
"2008-06-26T01:00:00.0000000+00:00","35,43000030517578","35,43000030517578","35,43000030517578","35,43000030517578","30,634763717651367","0"
"2008-06-27T01:00:00.0000000+00:00","34,27000045776367","34,27000045776367","34,27000045776367","34,27000045776367","29,631759643554688","0"
"2008-06-30T01:00:00.0000000+00:00","34,349998474121094","34,349998474121094","34,349998474121094","34,349998474121094","29,700931549072266","0"
"2008-07-01T01:00:00.0000000+00:00","34,220001220703125","34,220001220703125","34,220001220703125","34,220001220703125","29,588529586791992","0"
"2008-07-02T01:00:00.0000000+00:00","33,97999954223633","33,97999954223633","33,97999954223633","33,97999954223633","29,38100814819336","0"
"2008-07-03T01:00:00.0000000+00:00","34,040000915527344","34,040000915527344","34,040000915527344","34,040000915527344","29,43288803100586","0"
"2008-07-04T01:00:00.0000000+00:00","33,2599983215332","33,2599983215332","33,2599983215332","33,2599983215332","28,758455276489258","0"
"2008-07-07T01:00:00.0000000+00:00","33,63999938964844","33,63999938964844","33,63999938964844","33,63999938964844","29,087026596069336","0"
"2008-07-08T01:00:00.0000000+00:00","32,40999984741211","32,40999984741211","32,40999984741211","32,40999984741211","28,023500442504883","0"
"2008-07-09T01:00:00.0000000+00:00","32,150001525878906","32,150001525878906","32,150001525878906","32,150001525878906","27,798690795898438","0"
"2008-07-10T01:00:00.0000000+00:00","32","32","32","32","27,668989181518555","0"
"2008-07-11T01:00:00.0000000+00:00","33,13999938964844","33,13999938964844","33,13999938964844","33,13999938964844","28,654695510864258","0"
"2008-07-14T01:00:00.0000000+00:00","32,7400016784668","32,7400016784668","32,7400016784668","32,7400016784668","28,308837890625","0"
"2008-07-15T01:00:00.0000000+00:00","31,299999237060547","31,299999237060547","31,299999237060547","31,299999237060547","27,063730239868164","0"
"2008-07-16T01:00:00.0000000+00:00","31,040000915527344","31,040000915527344","31,040000915527344","31,040000915527344","26,838918685913086","0"
"2008-07-17T01:00:00.0000000+00:00","32,66999816894531","32,66999816894531","32,66999816894531","32,66999816894531","28,248310089111328","0"
"2008-07-18T01:00:00.0000000+00:00","32,2599983215332","32,2599983215332","32,2599983215332","32,2599983215332","27,893802642822266","0"
"2008-07-21T01:00:00.0000000+00:00","33,61000061035156","33,61000061035156","33,61000061035156","33,61000061035156","29,06108856201172","0"
"2008-07-22T01:00:00.0000000+00:00","33,15999984741211","33,15999984741211","33,15999984741211","33,15999984741211","28,6719913482666","0"
"2008-07-23T01:00:00.0000000+00:00","33,650001525878906","33,650001525878906","33,650001525878906","33,650001525878906","29,095670700073242","0"
"2008-07-24T01:00:00.0000000+00:00","34,22999954223633","34,22999954223633","34,22999954223633","34,22999954223633","29,59717559814453","0"
"2008-07-25T01:00:00.0000000+00:00","33,540000915527344","33,540000915527344","33,540000915527344","33,540000915527344","29,00056266784668","0"
"2008-07-28T01:00:00.0000000+00:00","33,540000915527344","33,540000915527344","33,540000915527344","33,540000915527344","29,00056266784668","0"
"2008-07-29T01:00:00.0000000+00:00","32,279998779296875","32,279998779296875","32,279998779296875","32,279998779296875","27,911096572875977","0"
"2008-07-30T01:00:00.0000000+00:00","32,79999923706055","32,79999923706055","32,79999923706055","32,79999923706055","28,360713958740234","0"
"2008-07-31T01:00:00.0000000+00:00","32,59000015258789","32,59000015258789","32,59000015258789","32,59000015258789","28,17913818359375","0"
"2008-08-01T01:00:00.0000000+00:00","32,56999969482422","32,56999969482422","32,56999969482422","32,56999969482422","28,161846160888672","0"
"2008-08-04T01:00:00.0000000+00:00","32,5099983215332","32,5099983215332","32,5099983215332","32,5099983215332","28,109962463378906","0"
"2008-08-05T01:00:00.0000000+00:00","31,950000762939453","31,950000762939453","31,950000762939453","31,950000762939453","27,62575912475586","0"
"2008-08-06T01:00:00.0000000+00:00","33,560001373291016","33,560001373291016","33,560001373291016","33,560001373291016","29,017852783203125","0"
"2008-08-07T01:00:00.0000000+00:00","33,970001220703125","33,970001220703125","33,970001220703125","33,970001220703125","29,372364044189453","0"
"2008-08-08T01:00:00.0000000+00:00","35,060001373291016","35,060001373291016","35,060001373291016","35,060001373291016","30,314838409423828","0"
"2008-08-11T01:00:00.0000000+00:00","35,900001525878906","35,900001525878906","35,900001525878906","35,900001525878906","31,041147232055664","0"
"2008-08-12T01:00:00.0000000+00:00","36,18000030517578","36,18000030517578","36,18000030517578","36,18000030517578","31,28325653076172","0"
"2008-08-13T01:00:00.0000000+00:00","36,279998779296875","36,279998779296875","36,279998779296875","36,279998779296875","31,36971092224121","0"
"2008-08-14T01:00:00.0000000+00:00","36,209999084472656","36,209999084472656","36,209999084472656","36,209999084472656","31,30919075012207","0"
"2008-08-15T01:00:00.0000000+00:00","35,5","35,5","35,5","35,5","30,695281982421875","0"
"2008-08-18T01:00:00.0000000+00:00","34,7599983215332","34,7599983215332","34,7599983215332","34,7599983215332","30,055438995361328","0"
"2008-08-19T01:00:00.0000000+00:00","34,5","34,5","34,5","34,5","29,830631256103516","0"
"2008-08-20T01:00:00.0000000+00:00","34,91999816894531","34,91999816894531","34,91999816894531","34,91999816894531","30,19378089904785","0"
"2008-08-21T01:00:00.0000000+00:00","34,400001525878906","34,400001525878906","34,400001525878906","34,400001525878906","29,744165420532227","0"
"2008-08-22T01:00:00.0000000+00:00","34,38999938964844","34,38999938964844","34,38999938964844","34,38999938964844","29,735517501831055","0"
"2008-08-25T01:00:00.0000000+00:00","34,91999816894531","34,91999816894531","34,91999816894531","34,91999816894531","30,19378089904785","0"
"2008-08-26T01:00:00.0000000+00:00","34,880001068115234","34,880001068115234","34,880001068115234","34,880001068115234","30,159198760986328","0"
"2008-08-27T01:00:00.0000000+00:00","35,65999984741211","35,65999984741211","35,65999984741211","35,65999984741211","30,833635330200195","0"
"2008-08-28T01:00:00.0000000+00:00","35,18000030517578","35,18000030517578","35,18000030517578","35,18000030517578","30,418594360351562","0"
"2008-08-29T01:00:00.0000000+00:00","34,880001068115234","34,880001068115234","34,880001068115234","34,880001068115234","30,159198760986328","0"
"2008-09-01T01:00:00.0000000+00:00","33,130001068115234","33,130001068115234","33,130001068115234","33,130001068115234","28,646055221557617","0"
"2008-09-02T01:00:00.0000000+00:00","32,20000076293945","32,20000076293945","32,20000076293945","32,20000076293945","27,841920852661133","0"
"2008-09-03T01:00:00.0000000+00:00","32","32","32","32","27,668989181518555","0"
"2008-09-04T01:00:00.0000000+00:00","31,299999237060547","31,299999237060547","31,299999237060547","31,299999237060547","27,063730239868164","0"
"2008-09-05T01:00:00.0000000+00:00","31,030000686645508","31,030000686645508","31,030000686645508","31,030000686645508","26,830272674560547","0"
"2008-09-08T01:00:00.0000000+00:00","33,04999923706055","33,04999923706055","33,04999923706055","33,04999923706055","28,576875686645508","0"
"2008-09-09T01:00:00.0000000+00:00","31,59000015258789","31,59000015258789","31,59000015258789","31,59000015258789","27,31447982788086","0"
"2008-09-10T01:00:00.0000000+00:00","31,520000457763672","31,520000457763672","31,520000457763672","31,520000457763672","27,253955841064453","0"
"2008-09-11T01:00:00.0000000+00:00","30,540000915527344","30,540000915527344","30,540000915527344","30,540000915527344","26,406593322753906","0"
"2008-09-12T01:00:00.0000000+00:00","30,729999542236328","30,729999542236328","30,729999542236328","30,729999542236328","26,570880889892578","0"
"2008-09-15T01:00:00.0000000+00:00","29,489999771118164","29,489999771118164","29,489999771118164","29,489999771118164","25,498699188232422","0"
"2008-09-16T01:00:00.0000000+00:00","28,489999771118164","28,489999771118164","28,489999771118164","28,489999771118164","24,634050369262695","0"
"2008-09-17T01:00:00.0000000+00:00","29,25","29,25","29,25","29,25","25,291189193725586","0"
"2008-09-18T01:00:00.0000000+00:00","28,81999969482422","28,81999969482422","28,81999969482422","28,81999969482422","24,91938591003418","0"
"2008-09-19T01:00:00.0000000+00:00","30,719999313354492","30,719999313354492","30,719999313354492","30,719999313354492","26,562231063842773","0"
"2008-09-22T01:00:00.0000000+00:00","31,43000030517578","31,43000030517578","31,43000030517578","31,43000030517578","27,17613410949707","0"
"2008-09-23T01:00:00.0000000+00:00","31,84000015258789","31,84000015258789","31,84000015258789","31,84000015258789","27,530641555786133","0"
"2008-09-24T01:00:00.0000000+00:00","31,389999389648438","31,389999389648438","31,389999389648438","31,389999389648438","27,141551971435547","0"
"2008-09-25T01:00:00.0000000+00:00","30,959999084472656","30,959999084472656","30,959999084472656","30,959999084472656","26,76974868774414","0"
"2008-09-26T01:00:00.0000000+00:00","30,219999313354492","30,219999313354492","30,219999313354492","30,219999313354492","26,129901885986328","0"
"2008-09-29T01:00:00.0000000+00:00","30,219999313354492","30,219999313354492","30,219999313354492","30,219999313354492","26,129901885986328","0"
"2008-09-30T01:00:00.0000000+00:00","28,969999313354492","28,969999313354492","28,969999313354492","28,969999313354492","25,049083709716797","0"
"2008-10-01T01:00:00.0000000+00:00","29,149999618530273","29,149999618530273","29,149999618530273","29,149999618530273","25,20471954345703","0"
"2008-10-02T01:00:00.0000000+00:00","28,350000381469727","28,350000381469727","28,350000381469727","28,350000381469727","24,51299476623535","0"
"2008-10-03T01:00:00.0000000+00:00","28,6299991607666","28,6299991607666","28,6299991607666","28,6299991607666","24,75510025024414","0"
"2008-10-06T01:00:00.0000000+00:00","27,149999618530273","27,149999618530273","27,149999618530273","27,149999618530273","23,47540855407715","0"
"2008-10-07T01:00:00.0000000+00:00","27,360000610351562","27,360000610351562","27,360000610351562","27,360000610351562","23,6569881439209","0"
"2008-10-08T01:00:00.0000000+00:00","25,600000381469727","25,600000381469727","25,600000381469727","25,600000381469727","22,135189056396484","0"
"2008-10-09T01:00:00.0000000+00:00","25,280000686645508","25,280000686645508","25,280000686645508","25,280000686645508","21,858503341674805","0"
"2008-10-13T01:00:00.0000000+00:00","24,899999618530273","24,899999618530273","24,899999618530273","24,899999618530273","21,52993392944336","0"
"2008-10-14T01:00:00.0000000+00:00","26,610000610351562","26,610000610351562","26,610000610351562","26,610000610351562","23,008495330810547","0"
"2008-10-15T01:00:00.0000000+00:00","26,329999923706055","26,329999923706055","26,329999923706055","26,329999923706055","22,76639175415039","0"
"2008-10-16T01:00:00.0000000+00:00","25,440000534057617","25,440000534057617","25,440000534057617","25,440000534057617","21,996849060058594","0"
"2008-10-17T01:00:00.0000000+00:00","24,8700008392334","24,8700008392334","24,8700008392334","24,8700008392334","21,503992080688477","0"
"2008-10-20T01:00:00.0000000+00:00","24,670000076293945","24,670000076293945","24,670000076293945","24,670000076293945","21,3310604095459","0"
"2008-10-21T01:00:00.0000000+00:00","24,420000076293945","24,420000076293945","24,420000076293945","24,420000076293945","21,114898681640625","0"
"2008-10-22T01:00:00.0000000+00:00","23,709999084472656","23,709999084472656","23,709999084472656","23,709999084472656","20,500988006591797","0"
"2008-10-23T01:00:00.0000000+00:00","22,93000030517578","22,93000030517578","22,93000030517578","22,93000030517578","19,82655906677246","0"
"2008-10-24T01:00:00.0000000+00:00","22,149999618530273","22,149999618530273","22,149999618530273","22,149999618530273","19,152132034301758","0"
"2008-10-27T01:00:00.0000000+00:00","20,899999618530273","20,899999618530273","20,899999618530273","20,899999618530273","18,07131004333496","0"
"2008-10-28T01:00:00.0000000+00:00","21,260000228881836","21,260000228881836","21,260000228881836","21,260000228881836","18,382587432861328","0"
"2008-10-29T01:00:00.0000000+00:00","21,360000610351562","21,360000610351562","21,360000610351562","21,360000610351562","18,469051361083984","0"
"2008-10-30T01:00:00.0000000+00:00","22,709999084472656","22,709999084472656","22,709999084472656","22,709999084472656","19,636335372924805","0"
"2008-10-31T01:00:00.0000000+00:00","23,600000381469727","23,600000381469727","23,600000381469727","23,600000381469727","20,405879974365234","0"
"2008-11-03T01:00:00.0000000+00:00","23,920000076293945","23,920000076293945","23,920000076293945","23,920000076293945","20,682567596435547","0"
"2008-11-04T01:00:00.0000000+00:00","23,860000610351562","23,860000610351562","23,860000610351562","23,860000610351562","20,630693435668945","0"
"2008-11-05T01:00:00.0000000+00:00","23,6299991607666","23,6299991607666","23,6299991607666","23,6299991607666","20,431821823120117","0"
"2008-11-06T01:00:00.0000000+00:00","22,020000457763672","22,020000457763672","22,020000457763672","22,020000457763672","19,03972053527832","0"
"2008-11-07T01:00:00.0000000+00:00","22,049999237060547","22,049999237060547","22,049999237060547","22,049999237060547","19,065662384033203","0"
"2008-11-10T01:00:00.0000000+00:00","21,690000534057617","21,690000534057617","21,690000534057617","21,690000534057617","18,754390716552734","0"
"2008-11-11T01:00:00.0000000+00:00","21,229999542236328","21,229999542236328","21,229999542236328","21,229999542236328","18,356647491455078","0"
"2008-11-12T01:00:00.0000000+00:00","21,270000457763672","21,270000457763672","21,270000457763672","21,270000457763672","18,3912296295166","0"
"2008-11-13T01:00:00.0000000+00:00","20,030000686645508","20,030000686645508","20,030000686645508","20,030000686645508","17,319059371948242","0"
"2008-11-14T01:00:00.0000000+00:00","20,049999237060547","20,049999237060547","20,049999237060547","20,049999237060547","17,336353302001953","0"
"2008-11-17T01:00:00.0000000+00:00","19,520000457763672","19,520000457763672","19,520000457763672","19,520000457763672","16,878084182739258","0"
"2008-11-18T01:00:00.0000000+00:00","18,43000030517578","18,43000030517578","18,43000030517578","18,43000030517578","15,935608863830566","0"
"2008-11-19T01:00:00.0000000+00:00","18,299999237060547","18,299999237060547","18,299999237060547","18,299999237060547","15,823202133178711","0"
"2008-11-20T01:00:00.0000000+00:00","17,34000015258789","17,34000015258789","17,34000015258789","17,34000015258789","14,993135452270508","0"
"2008-11-21T01:00:00.0000000+00:00","18,200000762939453","18,200000762939453","18,200000762939453","18,200000762939453","15,736740112304688","0"
"2008-11-24T01:00:00.0000000+00:00","17,940000534057617","17,940000534057617","17,940000534057617","17,940000534057617","15,511929512023926","0"
"2008-11-25T01:00:00.0000000+00:00","18,75","18,75","18,75","18,75","16,212297439575195","0"
"2008-11-26T01:00:00.0000000+00:00","18,649999618530273","18,649999618530273","18,649999618530273","18,649999618530273","16,125831604003906","0"
"2008-11-27T01:00:00.0000000+00:00","19,65999984741211","19,65999984741211","19,65999984741211","19,65999984741211","16,99913787841797","0"
"2008-11-28T01:00:00.0000000+00:00","19,760000228881836","19,760000228881836","19,760000228881836","19,760000228881836","17,08559799194336","0"
"2008-12-01T01:00:00.0000000+00:00","19,93000030517578","19,93000030517578","19,93000030517578","19,93000030517578","17,23259735107422","0"
"2008-12-02T01:00:00.0000000+00:00","18,760000228881836","18,760000228881836","18,760000228881836","18,760000228881836","16,220947265625","0"
"2008-12-03T01:00:00.0000000+00:00","18,25","18,25","18,25","18,25","15,779973030090332","0"
"2008-12-04T01:00:00.0000000+00:00","18,170000076293945","18,170000076293945","18,170000076293945","18,170000076293945","15,710798263549805","0"
"2008-12-05T01:00:00.0000000+00:00","18,040000915527344","18,040000915527344","18,040000915527344","18,040000915527344","15,598392486572266","0"
"2008-12-08T01:00:00.0000000+00:00","19,200000762939453","19,200000762939453","19,200000762939453","19,200000762939453","16,601394653320312","0"
"2008-12-09T01:00:00.0000000+00:00","19,68000030517578","19,68000030517578","19,68000030517578","19,68000030517578","17,016429901123047","0"
"2008-12-10T01:00:00.0000000+00:00","20,93000030517578","20,93000030517578","20,93000030517578","20,93000030517578","18,097248077392578","0"
"2008-12-11T01:00:00.0000000+00:00","21,219999313354492","21,219999313354492","21,219999313354492","21,219999313354492","18,347997665405273","0"
"2008-12-12T01:00:00.0000000+00:00","20,110000610351562","20,110000610351562","20,110000610351562","20,110000610351562","17,38823127746582","0"
"2008-12-15T01:00:00.0000000+00:00","21,049999237060547","21,049999237060547","21,049999237060547","21,049999237060547","18,20100975036621","0"
"2008-12-16T01:00:00.0000000+00:00","21,149999618530273","21,149999618530273","21,149999618530273","21,149999618530273","18,287471771240234","0"
"2008-12-17T01:00:00.0000000+00:00","21,389999389648438","21,389999389648438","21,389999389648438","21,389999389648438","18,494991302490234","0"
"2008-12-18T01:00:00.0000000+00:00","21,43000030517578","21,43000030517578","21,43000030517578","21,43000030517578","18,52957534790039","0"
"2008-12-19T01:00:00.0000000+00:00","21,389999389648438","21,389999389648438","21,389999389648438","21,389999389648438","18,494991302490234","0"
"2008-12-22T01:00:00.0000000+00:00","20,8799991607666","20,8799991607666","20,8799991607666","20,8799991607666","18,054012298583984","0"
"2008-12-23T01:00:00.0000000+00:00","20,170000076293945","20,170000076293945","20,170000076293945","20,170000076293945","17,44011116027832","0"
"2008-12-24T01:00:00.0000000+00:00","20,1200008392334","20,1200008392334","20,1200008392334","20,1200008392334","17,39687728881836","0"
"2008-12-25T01:00:00.0000000+00:00","19,979999542236328","19,979999542236328","19,979999542236328","19,979999542236328","17,275827407836914","0"
"2008-12-26T01:00:00.0000000+00:00","20,1200008392334","20,1200008392334","20,1200008392334","20,1200008392334","17,39687728881836","0"
"2008-12-29T01:00:00.0000000+00:00","20,010000228881836","20,010000228881836","20,010000228881836","20,010000228881836","17,30176544189453","0"
"2008-12-30T01:00:00.0000000+00:00","20,979999542236328","20,979999542236328","20,979999542236328","20,979999542236328","18,140480041503906","0"
"2008-12-31T01:00:00.0000000+00:00","20,920000076293945","20,920000076293945","20,920000076293945","20,920000076293945","18,088603973388672","0"
"2009-01-02T01:00:00.0000000+00:00",,,,,,
"2009-01-05T01:00:00.0000000+00:00","0","22,299999237060547","21,540000915527344","21,770000457763672","18,823558807373047","44000"
"2009-01-06T01:00:00.0000000+00:00","0","21,899999618530273","21,639999389648438","21,899999618530273","18,935964584350586","9000"
"2009-01-07T01:00:00.0000000+00:00","0","22,209999084472656","21,809999465942383","21,899999618530273","18,935964584350586","27000"
"2009-01-08T01:00:00.0000000+00:00","0","21,299999237060547","20,600000381469727","20,600000381469727","17,811912536621094","48000"
"2009-01-09T01:00:00.0000000+00:00","0","20,450000762939453","20,270000457763672","20,450000762939453","17,682214736938477","33000"
"2009-01-12T01:00:00.0000000+00:00","0","21,09000015258789","19,889999389648438","21,09000015258789","18,235593795776367","8000"
"2009-01-13T01:00:00.0000000+00:00","0","20,989999771118164","19,940000534057617","20,989999771118164","18,14912986755371","74000"
"2009-01-14T01:00:00.0000000+00:00","0","20,860000610351562","20,540000915527344","20,540000915527344","17,760032653808594","7000"
"2009-01-15T01:00:00.0000000+00:00","0","20,540000915527344","19,690000534057617","19,700000762939453","17,033721923828125","21000"
"2009-01-16T01:00:00.0000000+00:00","0","20,049999237060547","19,93000030517578","19,93000030517578","17,23259735107422","10000"
"2009-01-19T01:00:00.0000000+00:00","0","20,079999923706055","20","20,06999969482422","17,35364532470703","8000"
"2009-01-20T01:00:00.0000000+00:00","0","19,700000762939453","19,40999984741211","19,40999984741211","16,782974243164062","51000"
"2009-01-21T01:00:00.0000000+00:00","0","19,450000762939453","19,200000762939453","19,239999771118164","16,6359806060791","161000"
"2009-02-02T01:00:00.0000000+00:00","0","20,200000762939453","19,649999618530273","20,200000762939453","17,46605110168457","58000"
"2009-02-03T01:00:00.0000000+00:00","0","20,649999618530273","20,18000030517578","20,510000228881836","17,734092712402344","48000"
"2009-02-04T01:00:00.0000000+00:00","0","21","20,700000762939453","20,780000686645508","17,967552185058594","28000"
"2009-02-05T01:00:00.0000000+00:00","0","20,920000076293945","20,209999084472656","20,899999618530273","18,07131004333496","102000"
"2009-02-06T01:00:00.0000000+00:00","0","21,420000076293945","21,06999969482422","21,200000762939453","18,33070945739746","13000"
"2009-02-09T01:00:00.0000000+00:00","0","21,950000762939453","21,700000762939453","21,700000762939453","18,763032913208008","26000"
"2009-02-10T01:00:00.0000000+00:00","0","22","21,510000228881836","21,829999923706055","18,875438690185547","14000"
"2009-02-11T01:00:00.0000000+00:00","0","22,270000457763672","21,860000610351562","22,270000457763672","19,255887985229492","82000"
"2009-02-12T01:00:00.0000000+00:00","0","22,3799991607666","21,700000762939453","22,09000015258789","19,10024642944336","26000"
"2009-02-13T01:00:00.0000000+00:00","0","22,56999969482422","22,06999969482422","22,56999969482422","19,515283584594727","13000"
"2009-02-16T01:00:00.0000000+00:00","0","22,649999618530273","22,479999542236328","22,479999542236328","19,43746566772461","7000"
"2009-02-17T01:00:00.0000000+00:00","0","22,280000686645508","21,719999313354492","21,719999313354492","18,780323028564453","16000"
"2009-02-18T01:00:00.0000000+00:00","0","21,90999984741211","21,399999618530273","21,65999984741211","18,72844886779785","9000"
"2009-02-19T01:00:00.0000000+00:00","0","22,3700008392334","21,639999389648438","22","19,022428512573242","64000"
"2009-02-20T01:00:00.0000000+00:00","21,729999542236328","21,729999542236328","21,729999542236328","21,729999542236328","18,788972854614258","0"
"2009-02-23T01:00:00.0000000+00:00","22,239999771118164","22,239999771118164","22,239999771118164","22,239999771118164","19,229948043823242","0"
"2009-02-24T01:00:00.0000000+00:00","21,8700008392334","21,8700008392334","21,8700008392334","21,8700008392334","18,9100284576416","0"
"2009-02-25T01:00:00.0000000+00:00","22,079999923706055","22,079999923706055","22,079999923706055","22,079999923706055","19,09160614013672","0"
"2009-02-26T01:00:00.0000000+00:00","22,260000228881836","22,260000228881836","22,260000228881836","22,260000228881836","19,247243881225586","0"
"2009-02-27T01:00:00.0000000+00:00","22,469999313354492","22,469999313354492","22,469999313354492","22,469999313354492","19,42881965637207","0"
"2009-03-02T01:00:00.0000000+00:00","21,90999984741211","21,90999984741211","21,90999984741211","21,90999984741211","18,944610595703125","0"
"2009-03-03T01:00:00.0000000+00:00","22,06999969482422","22,06999969482422","22,06999969482422","22,06999969482422","19,082956314086914","0"
"2009-03-04T01:00:00.0000000+00:00","0","22,5","22,239999771118164","22,479999542236328","19,43746566772461","13000"
"2009-03-05T01:00:00.0000000+00:00","0","23,09000015258789","22,600000381469727","23","19,8870849609375","41000"
"2009-03-06T01:00:00.0000000+00:00","0","23,209999084472656","22,739999771118164","23,209999084472656","20,06866455078125","59000"
"2009-03-09T01:00:00.0000000+00:00","0","23,200000762939453","22,690000534057617","23,200000762939453","20,06001853942871","50000"
"2009-03-10T01:00:00.0000000+00:00","0","23,200000762939453","23","23,200000762939453","20,06001853942871","38000"
"2009-03-11T01:00:00.0000000+00:00","0","24","23,5","24","20,75174331665039","29000"
"2009-03-12T01:00:00.0000000+00:00","0","23,81999969482422","23,489999771118164","23,709999084472656","20,500988006591797","31000"
"2009-03-13T01:00:00.0000000+00:00","0","24,690000534057617","24","24,190000534057617","20,91602897644043","81000"
"2009-03-16T01:00:00.0000000+00:00","0","24,579999923706055","23,399999618530273","24,299999237060547","21,011140823364258","37000"
"2009-03-17T01:00:00.0000000+00:00","0","24,600000381469727","24,010000228881836","24,600000381469727","21,27053451538086","26000"
"2009-03-18T01:00:00.0000000+00:00","0","24,799999237060547","24,600000381469727","24,68000030517578","21,339710235595703","22000"
"2009-03-19T01:00:00.0000000+00:00","0","24,899999618530273","24,68000030517578","24,68000030517578","21,339710235595703","27000"
"2009-03-20T01:00:00.0000000+00:00","0","24,68000030517578","23,889999389648438","23,889999389648438","20,656627655029297","26000"
"2009-03-23T01:00:00.0000000+00:00","0","24,780000686645508","24,399999618530273","24,780000686645508","21,426176071166992","11000"
"2009-03-24T01:00:00.0000000+00:00","0","25,690000534057617","25,219999313354492","25,690000534057617","22,2130126953125","101000"
"2009-03-25T01:00:00.0000000+00:00","0","27","25,489999771118164","27","23,3457088470459","83000"
"2009-03-26T01:00:00.0000000+00:00","0","27,200000762939453","26,260000228881836","26,5","22,913381576538086","85000"
"2009-03-27T01:00:00.0000000+00:00","0","26,950000762939453","25,700000762939453","25,700000762939453","22,221660614013672","53000"
"2009-03-30T01:00:00.0000000+00:00","0","25,850000381469727","25,5","25,530000686645508","22,074668884277344","35000"
"2009-03-31T01:00:00.0000000+00:00","0","26,15999984741211","24,549999237060547","25,889999389648438","22,385942459106445","42000"
"2009-04-02T01:00:00.0000000+00:00","0","26,600000381469727","25,899999618530273","26,600000381469727","22,999849319458008","69000"
"2009-04-03T01:00:00.0000000+00:00","0","26,760000228881836","26","26,760000228881836","23,138193130493164","70000"
"2009-04-06T01:00:00.0000000+00:00","0","26,889999389648438","26","26","22,481054306030273","27000"
"2009-04-07T01:00:00.0000000+00:00","0","26,489999771118164","26,110000610351562","26,299999237060547","22,740447998046875","39000"
"2009-04-08T01:00:00.0000000+00:00","0","26,25","25,700000762939453","25,700000762939453","22,221660614013672","21000"
"2009-04-09T01:00:00.0000000+00:00","0","26,889999389648438","26,200000762939453","26,8799991607666","23,2419490814209","102000"
"2009-04-10T01:00:00.0000000+00:00","0","27,5","26,5","26,5","22,913381576538086","88000"
"2009-04-13T01:00:00.0000000+00:00","0","27,290000915527344","26,110000610351562","27,290000915527344","23,59646224975586","90000"
"2009-04-14T01:00:00.0000000+00:00","0","27,5","26,540000915527344","26,540000915527344","22,947967529296875","114000"
"2009-04-15T01:00:00.0000000+00:00","0","27,40999984741211","27","27,399999618530273","23,691574096679688","22000"
"2009-04-16T01:00:00.0000000+00:00","0","27,940000534057617","27,600000381469727","27,93000030517578","24,14984130859375","425000"
"2009-04-17T01:00:00.0000000+00:00","0","28,479999542236328","26,5","28,479999542236328","24,625404357910156","85000"
"2009-04-20T01:00:00.0000000+00:00","0","27,5","26,809999465942383","27,5","23,778039932250977","75000"
"2009-04-21T01:00:00.0000000+00:00","0","27,790000915527344","26,899999618530273","27,790000915527344","24,028791427612305","60000"
"2009-04-22T01:00:00.0000000+00:00","0","27,799999237060547","27,540000915527344","27,799999237060547","24,037429809570312","78000"
"2009-04-23T01:00:00.0000000+00:00","0","28","27,5","27,760000228881836","24,002851486206055","71000"
"2009-04-24T01:00:00.0000000+00:00","0","28,170000076293945","27,6200008392334","27,6299991607666","23,890443801879883","63000"
"2009-04-27T01:00:00.0000000+00:00","0","29,559999465942383","27,020000457763672","29,559999465942383","25,55922508239746","78000"
"2009-04-28T01:00:00.0000000+00:00","0","27,100000381469727","26,1299991607666","26,1299991607666","22,593456268310547","150000"
"2009-04-29T01:00:00.0000000+00:00","0","26,100000381469727","25,469999313354492","25,540000915527344","22,08331298828125","39000"
"2009-04-30T01:00:00.0000000+00:00","0","27,31999969482422","26,030000686645508","27,31999969482422","23,622400283813477","83000"
"2009-05-04T01:00:00.0000000+00:00","0","29,229999542236328","28","29,229999542236328","25,273895263671875","123000"
"2009-05-05T01:00:00.0000000+00:00","0","30,799999237060547","28,600000381469727","28,600000381469727","24,729158401489258","181000"
"2009-05-06T01:00:00.0000000+00:00","0","29,299999237060547","28,5","29,299999237060547","25,33441925048828","11000"
"2009-05-07T01:00:00.0000000+00:00","0","30","28,299999237060547","28,299999237060547","24,469762802124023","72000"
"2009-05-08T01:00:00.0000000+00:00","0","28,600000381469727","27,799999237060547","28,549999237060547","24,68592071533203","651000"
"2009-05-11T01:00:00.0000000+00:00","0","29,25","28,549999237060547","29","25,075021743774414","50000"
"2009-05-12T01:00:00.0000000+00:00","0","28,709999084472656","27,020000457763672","27,020000457763672","23,36300277709961","69000"
"2009-05-13T01:00:00.0000000+00:00","0","28,5","27,510000228881836","28,5","24,642696380615234","30000"
"2009-05-14T01:00:00.0000000+00:00","0","28,139999389648438","27","27","23,3457088470459","187000"
"2009-05-15T01:00:00.0000000+00:00","0","28,219999313354492","27,299999237060547","28,219999313354492","24,400588989257812","14000"
"2009-05-18T01:00:00.0000000+00:00","0","28,389999389648438","28,100000381469727","28,3799991607666","24,538938522338867","36000"
"2009-05-19T01:00:00.0000000+00:00","0","29,100000381469727","28,5","28,520000457763672","24,65998649597168","102000"
"2009-05-20T01:00:00.0000000+00:00","0","29","28,799999237060547","28,799999237060547","24,90209197998047","6000"
"2009-05-21T01:00:00.0000000+00:00","0","29,149999618530273","28,5","29,059999465942383","25,126903533935547","131000"
"2009-05-22T01:00:00.0000000+00:00","0","29,100000381469727","28,739999771118164","29","25,075021743774414","247000"
"2009-05-25T01:00:00.0000000+00:00","0","29,299999237060547","28,469999313354492","28,5","24,642696380615234","151000"
"2009-05-26T01:00:00.0000000+00:00","0","28,600000381469727","28,09000015258789","28,110000610351562","24,30548095703125","151000"
"2009-05-27T01:00:00.0000000+00:00","0","29,850000381469727","28","29,850000381469727","25,80998420715332","146000"
"2009-06-01T01:00:00.0000000+00:00","0","29,850000381469727","29,5","29,5","25,507349014282227","73000"
"2009-06-02T01:00:00.0000000+00:00","0","29,899999618530273","29,1200008392334","29,329999923706055","25,36035919189453","736000"
"2009-06-03T01:00:00.0000000+00:00","0","29,600000381469727","29","29,100000381469727","25,16148567199707","1195000"
"2009-06-04T01:00:00.0000000+00:00","0","29,5","28,780000686645508","28,809999465942383","24,910736083984375","58000"
"2009-06-05T01:00:00.0000000+00:00","0","28,969999313354492","28,809999465942383","28,8700008392334","24,962615966796875","32000"
"2009-06-08T01:00:00.0000000+00:00","0","29,079999923706055","28,25","28,25","24,426532745361328","32000"
"2009-06-09T01:00:00.0000000+00:00","0","28,440000534057617","27,600000381469727","27,600000381469727","23,8645076751709","20000"
"2009-06-10T01:00:00.0000000+00:00","0","28,100000381469727","27,90999984741211","28,100000381469727","24,296831130981445","279000"
"2009-06-11T01:00:00.0000000+00:00","0","28,229999542236328","27,700000762939453","28,18000030517578","24,366004943847656","22000"
"2009-06-12T01:00:00.0000000+00:00","0","28,100000381469727","27,700000762939453","27,799999237060547","24,037429809570312","15000"
"2009-06-15T01:00:00.0000000+00:00","0","27,489999771118164","26,399999618530273","26,510000228881836","22,922029495239258","15000"
"2009-06-16T01:00:00.0000000+00:00","0","26,5","26,299999237060547","26,299999237060547","22,740447998046875","12000"
"2009-06-17T01:00:00.0000000+00:00","0","26,600000381469727","26,149999618530273","26,18000030517578","22,63669204711914","28000"
"2009-06-18T01:00:00.0000000+00:00","0","26,18000030517578","25,700000762939453","25,989999771118164","22,472408294677734","46000"
"2009-06-19T01:00:00.0000000+00:00","0","26,079999923706055","25,90999984741211","26,049999237060547","22,524288177490234","42000"
"2009-06-22T01:00:00.0000000+00:00","0","26,770000457763672","25,200000762939453","26,770000457763672","23,146841049194336","65000"
"2009-06-23T01:00:00.0000000+00:00","0","26,770000457763672","26,1299991607666","26,329999923706055","22,76639175415039","61000"
"2009-06-24T01:00:00.0000000+00:00","0","27,5","26,600000381469727","27","23,3457088470459","94000"
"2009-06-25T01:00:00.0000000+00:00","0","27,200000762939453","26,889999389648438","27,200000762939453","23,518648147583008","47000"
"2009-06-26T01:00:00.0000000+00:00","0","27,299999237060547","27,200000762939453","27,239999771118164","23,553224563598633","65000"
"2009-06-29T01:00:00.0000000+00:00","0","27,170000076293945","26,989999771118164","27,170000076293945","23,49270248413086","10000"
"2009-06-30T01:00:00.0000000+00:00","0","27,25","27,040000915527344","27,25","23,561872482299805","4000"
"2009-07-01T01:00:00.0000000+00:00","0","27,75","27,399999618530273","27,75","23,994199752807617","65000"
"2009-07-02T01:00:00.0000000+00:00","0","28,299999237060547","27,93000030517578","28,290000915527344","24,46112060546875","112000"
"2009-07-03T01:00:00.0000000+00:00","0","28,290000915527344","28,010000228881836","28,010000228881836","24,219013214111328","3000"
"2009-07-06T01:00:00.0000000+00:00","0","28,1200008392334","28,010000228881836","28,1200008392334","24,31412696838379","10000"
"2009-07-07T01:00:00.0000000+00:00","0","28,760000228881836","28,200000762939453","28,600000381469727","24,729158401489258","107000"
"2009-07-08T01:00:00.0000000+00:00","0","28,6200008392334","28,200000762939453","28,489999771118164","24,634050369262695","66000"
"2009-07-09T01:00:00.0000000+00:00","0","29,100000381469727","28,489999771118164","28,90999984741211","24,997203826904297","31000"
"2009-07-10T01:00:00.0000000+00:00","0","29,100000381469727","29","29,100000381469727","25,16148567199707","7000"
"2009-07-13T01:00:00.0000000+00:00","0","29,290000915527344","29","29,06999969482422","25,13555145263672","9000"
"2009-07-14T01:00:00.0000000+00:00","0","29","28,200000762939453","29","25,075021743774414","42000"
"2009-07-15T01:00:00.0000000+00:00","0","29,799999237060547","29,020000457763672","29,799999237060547","25,766748428344727","17000"
"2009-07-16T01:00:00.0000000+00:00","0","30,690000534057617","30,010000228881836","30,420000076293945","26,30283546447754","18000"
"2009-07-17T01:00:00.0000000+00:00","0","30,5","29,899999618530273","29,899999618530273","25,85321044921875","14000"
"2009-07-20T01:00:00.0000000+00:00","0","30,670000076293945","29,899999618530273","30,43000030517578","26,311479568481445","38000"
"2009-07-21T01:00:00.0000000+00:00","0","30,670000076293945","30,43000030517578","30,59000015258789","26,4498233795166","17000"
"2009-07-22T01:00:00.0000000+00:00","0","30,799999237060547","30,540000915527344","30,729999542236328","26,570880889892578","29000"
"2009-07-23T01:00:00.0000000+00:00","0","30,719999313354492","30,719999313354492","30,719999313354492","26,562231063842773","2000"
"2009-07-24T01:00:00.0000000+00:00","0","31,100000381469727","30,729999542236328","30,75","26,588171005249023","18000"
"2009-07-27T01:00:00.0000000+00:00","0","31,299999237060547","31,030000686645508","31,149999618530273","26,93403434753418","25000"
"2009-07-28T01:00:00.0000000+00:00","0","33,29999923706055","31,540000915527344","31,90999984741211","27,591167449951172","37000"
"2009-07-29T01:00:00.0000000+00:00","0","32,13999938964844","31,5","31,579999923706055","27,305835723876953","22000"
"2009-07-30T01:00:00.0000000+00:00","0","31,290000915527344","30,600000381469727","30,600000381469727","26,45847511291504","8000"
"2009-07-31T01:00:00.0000000+00:00","0","32,380001068115234","31,010000228881836","31,450000762939453","27,193429946899414","975000"
"2009-08-03T01:00:00.0000000+00:00","0","32,5","31","31","26,80433464050293","18000"
"2009-08-04T01:00:00.0000000+00:00","0","31","29,530000686645508","29,530000686645508","25,533292770385742","18000"
"2009-08-05T01:00:00.0000000+00:00","0","30,489999771118164","29,799999237060547","29,799999237060547","25,766748428344727","24000"
"2009-08-06T01:00:00.0000000+00:00","0","30,3799991607666","29,799999237060547","30,3799991607666","26,26824378967285","20000"
"2009-08-07T01:00:00.0000000+00:00",,,,,,
"2009-08-10T01:00:00.0000000+00:00","0","31,200000762939453","30,299999237060547","30,31999969482422","26,21636962890625","21000"
"2009-08-11T01:00:00.0000000+00:00","0","30,459999084472656","30,299999237060547","30,459999084472656","26,337417602539062","30000"
"2009-08-12T01:00:00.0000000+00:00","0","31,09000015258789","30,600000381469727","31","26,80433464050293","28000"
"2009-08-13T01:00:00.0000000+00:00","0","31,200000762939453","30,770000457763672","31,200000762939453","26,977264404296875","30000"
"2009-08-14T01:00:00.0000000+00:00","0","31,59000015258789","31,229999542236328","31,59000015258789","27,31447982788086","47000"
"2009-08-17T01:00:00.0000000+00:00","0","31,030000686645508","30,90999984741211","30,90999984741211","26,726518630981445","67000"
"2009-08-18T01:00:00.0000000+00:00","0","30,799999237060547","30","30","25,939678192138672","35000"
"2009-08-19T01:00:00.0000000+00:00","0","30,5","30,299999237060547","30,459999084472656","26,337417602539062","52000"
"2009-08-20T01:00:00.0000000+00:00","0","30,399999618530273","29,760000228881836","30,399999618530273","26,285541534423828","42000"
"2009-08-21T01:00:00.0000000+00:00","0","30,399999618530273","30,110000610351562","30,25","26,155839920043945","18000"
"2009-08-24T01:00:00.0000000+00:00","0","30,760000228881836","30,459999084472656","30,760000228881836","26,596818923950195","117000"
"2009-08-25T01:00:00.0000000+00:00","0","31,059999465942383","30,90999984741211","30,989999771118164","26,795686721801758","231000"
"2009-08-26T01:00:00.0000000+00:00","0","30,420000076293945","29,719999313354492","29,8799991607666","25,83591651916504","30000"
"2009-08-27T01:00:00.0000000+00:00","0","30,200000762939453","29,920000076293945","30","25,939678192138672","38000"
"2009-08-28T01:00:00.0000000+00:00","0","30,5","30,190000534057617","30,190000534057617","26,10396385192871","36000"
"2009-08-31T01:00:00.0000000+00:00","0","30,850000381469727","30,309999465942383","30,850000381469727","26,674636840820312","74000"
"2009-09-01T01:00:00.0000000+00:00","0","31,600000381469727","30,510000228881836","31,600000381469727","27,323131561279297","42000"
"2009-09-02T01:00:00.0000000+00:00","0","31,549999237060547","31,350000381469727","31,549999237060547","27,27989387512207","49000"
"2009-09-03T01:00:00.0000000+00:00","0","31,899999618530273","31,420000076293945","31,530000686645508","27,262603759765625","39000"
"2009-09-04T01:00:00.0000000+00:00","0","31,75","31,299999237060547","31,299999237060547","27,063730239868164","241000"
"2009-09-07T01:00:00.0000000+00:00","0","31,8799991607666","31,510000228881836","31,719999313354492","27,42688751220703","40000"
"2009-09-08T01:00:00.0000000+00:00","0","31,979999542236328","31,719999313354492","31,799999237060547","27,496057510375977","868000"
"2009-09-09T01:00:00.0000000+00:00","0","32,099998474121094","31,719999313354492","31,719999313354492","27,42688751220703","72000"
"2009-09-10T01:00:00.0000000+00:00","0","32,5","32","32,369998931884766","27,98891258239746","272000"
"2009-09-11T01:00:00.0000000+00:00","0","32,45000076293945","32,099998474121094","32,38999938964844","28,00620460510254","164000"
"2009-09-14T01:00:00.0000000+00:00","0","32,400001525878906","32","32,400001525878906","28,014854431152344","122000"
"2009-09-15T01:00:00.0000000+00:00","0","32,369998931884766","32,13999938964844","32,349998474121094","27,97161865234375","399000"
"2009-09-16T01:00:00.0000000+00:00","0","32,72999954223633","32,470001220703125","32,54999923706055","28,14455223083496","338000"
"2009-09-17T01:00:00.0000000+00:00","0","32,81999969482422","32,560001373291016","32,779998779296875","28,34341812133789","31000"
"2009-09-18T01:00:00.0000000+00:00","0","32,779998779296875","32,5","32,70000076293945","28,274250030517578","68000"
"2009-09-21T01:00:00.0000000+00:00","0","32,84000015258789","32,630001068115234","32,84000015258789","28,395305633544922","35000"
"2009-09-22T01:00:00.0000000+00:00","0","32,79999923706055","32,61000061035156","32,689998626708984","28,26559829711914","40000"
"2009-09-23T01:00:00.0000000+00:00","0","32,79999923706055","32,59000015258789","32,79999923706055","28,360713958740234","98000"
"2009-09-24T01:00:00.0000000+00:00","0","32,72999954223633","32,11000061035156","32,72999954223633","28,300188064575195","67000"
"2009-09-25T01:00:00.0000000+00:00","0","32,31999969482422","32,02000045776367","32,29999923706055","27,92838478088379","33000"
"2009-09-28T01:00:00.0000000+00:00","0","32,29999923706055","31,719999313354492","31,719999313354492","27,42688751220703","31000"
"2009-09-29T01:00:00.0000000+00:00","0","32,58000183105469","32","32,58000183105469","28,17049217224121","81000"
"2009-09-30T01:00:00.0000000+00:00","0","32,900001525878906","32,790000915527344","32,810001373291016","28,36936378479004","75000"
"2009-10-01T01:00:00.0000000+00:00","0","33,189998626708984","32,810001373291016","32,810001373291016","28,36936378479004","119000"
"2009-10-02T01:00:00.0000000+00:00","0","32,31999969482422","32,189998626708984","32,189998626708984","27,83327293395996","2000"
"2009-10-05T01:00:00.0000000+00:00","0","32,20000076293945","32,0099983215332","32,20000076293945","27,841920852661133","43000"
"2009-10-06T01:00:00.0000000+00:00","0","32,75","32,34000015258789","32,75","28,31747817993164","63000"
"2009-10-07T01:00:00.0000000+00:00","0","33","32,720001220703125","32,720001220703125","28,291542053222656","48000"
"2009-10-08T01:00:00.0000000+00:00","0","32,75","32,22999954223633","32,22999954223633","27,867860794067383","52000"
"2009-10-09T01:00:00.0000000+00:00","0","32,59000015258789","32,119998931884766","32,119998931884766","27,772747039794922","57000"
"2009-10-12T01:00:00.0000000+00:00","0","32,63999938964844","32,16999816894531","32,63999938964844","28,22237205505371","52000"
"2009-10-13T01:00:00.0000000+00:00","0","32,810001373291016","32,20000076293945","32,79999923706055","28,360713958740234","68000"
"2009-10-14T01:00:00.0000000+00:00","0","33,33000183105469","32,79999923706055","33,33000183105469","28,818984985351562","40000"
"2009-10-15T01:00:00.0000000+00:00","0","34","33,349998474121094","33,380001068115234","28,86221694946289","35000"
"2009-10-16T01:00:00.0000000+00:00","0","33,5","33,20000076293945","33,5","28,965974807739258","16000"
"2009-10-19T01:00:00.0000000+00:00","0","33,59000015258789","33,25","33,52000045776367","28,98326873779297","92000"
"2009-10-20T01:00:00.0000000+00:00","0","33,650001525878906","33,5099983215332","33,650001525878906","29,095670700073242","70000"
"2009-10-21T01:00:00.0000000+00:00","0","33,4900016784668","33,31999969482422","33,31999969482422","28,810340881347656","53000"
"2009-10-22T01:00:00.0000000+00:00","0","33,119998931884766","32,310001373291016","32,310001373291016","27,937034606933594","121000"
"2009-10-23T01:00:00.0000000+00:00","0","32,79999923706055","32,650001525878906","32,70000076293945","28,274250030517578","56000"
"2009-10-26T01:00:00.0000000+00:00","0","32,900001525878906","32,41999816894531","32,43000030517578","28,040794372558594","60000"
"2009-10-27T01:00:00.0000000+00:00","0","32,970001220703125","32,369998931884766","32,970001220703125","28,507709503173828","60000"
"2009-10-28T01:00:00.0000000+00:00","0","32,5","32,29999923706055","32,5","28,101318359375","58000"
"2009-10-29T01:00:00.0000000+00:00","0","31,799999237060547","31,600000381469727","31,700000762939453","27,409597396850586","13000"
"2009-10-30T01:00:00.0000000+00:00","0","32,04999923706055","31,700000762939453","32,04999923706055","27,712221145629883","7000"
"2009-11-02T01:00:00.0000000+00:00","0","31,979999542236328","31,600000381469727","31,979999542236328","27,651695251464844","114000"
"2009-11-03T01:00:00.0000000+00:00","0","31,979999542236328","31,979999542236328","31,979999542236328","27,651695251464844","2000"
"2009-11-04T01:00:00.0000000+00:00","0","32,150001525878906","31,700000762939453","32,150001525878906","27,798690795898438","58000"
"2009-11-05T01:00:00.0000000+00:00","0","32,150001525878906","32,0099983215332","32,0099983215332","27,67763328552246","60000"
"2009-11-06T01:00:00.0000000+00:00","0","32,400001525878906","32,060001373291016","32,38999938964844","28,00620460510254","65000"
"2009-11-09T01:00:00.0000000+00:00","0","32,47999954223633","32,33000183105469","32,47999954223633","28,084022521972656","74000"
"2009-11-10T01:00:00.0000000+00:00","0","32,599998474121094","32,47999954223633","32,599998474121094","28,187782287597656","65000"
"2009-11-11T01:00:00.0000000+00:00","0","33,279998779296875","32,599998474121094","33,279998779296875","28,77574920654297","55000"
"2009-11-12T01:00:00.0000000+00:00","0","33,5","33,279998779296875","33,5","28,965974807739258","71000"
"2009-11-13T01:00:00.0000000+00:00","0","33,400001525878906","33,400001525878906","33,400001525878906","28,879512786865234","55000"
"2009-11-16T01:00:00.0000000+00:00","0","34","33,400001525878906","34","29,39830207824707","89000"
"2009-11-17T01:00:00.0000000+00:00","0","34,29999923706055","33,5099983215332","33,540000915527344","29,00056266784668","65000"
"2009-11-18T01:00:00.0000000+00:00","0","33,529998779296875","33,400001525878906","33,529998779296875","28,991912841796875","65000"
"2009-11-19T01:00:00.0000000+00:00","0","33,79999923706055","33,54999923706055","33,79999923706055","29,22536849975586","58000"
"2009-11-20T01:00:00.0000000+00:00","0","33,70000076293945","32,84000015258789","32,84000015258789","28,395305633544922","1971000"
"2009-11-23T01:00:00.0000000+00:00","0","33,86000061035156","32,900001525878906","33,86000061035156","29,277250289916992","342000"
"2009-11-24T01:00:00.0000000+00:00","0","33,9900016784668","33,43000030517578","33,9900016784668","29,38965606689453","107000"
"2009-11-25T01:00:00.0000000+00:00","0","33,95000076293945","33,45000076293945","33,7599983215332","29,190780639648438","17000"
"2009-11-26T01:00:00.0000000+00:00","0","34,150001525878906","33,880001068115234","34,119998931884766","29,50206184387207","18000"
"2009-11-27T01:00:00.0000000+00:00","0","33,61000061035156","33,45000076293945","33,45000076293945","28,922740936279297","20000"
"2009-11-30T01:00:00.0000000+00:00","0","33,29999923706055","32,91999816894531","33,290000915527344","28,78439712524414","70000"
"2009-12-01T01:00:00.0000000+00:00","0","33,720001220703125","32,90999984741211","33,720001220703125","29,156198501586914","57000"
"2009-12-02T01:00:00.0000000+00:00","0","33,970001220703125","33,400001525878906","33,560001373291016","29,017852783203125","55000"
"2009-12-03T01:00:00.0000000+00:00","0","33,619998931884766","33,52000045776367","33,529998779296875","28,991912841796875","90000"
"2009-12-04T01:00:00.0000000+00:00","0","33,66999816894531","33,18000030517578","33,66999816894531","29,112960815429688","107000"
"2009-12-07T01:00:00.0000000+00:00","0","33,599998474121094","33,400001525878906","33,5","28,965974807739258","56000"
"2009-12-08T01:00:00.0000000+00:00","0","34","33,599998474121094","33,9900016784668","29,38965606689453","61000"
"2009-12-09T01:00:00.0000000+00:00","0","33,79999923706055","33,61000061035156","33,7400016784668","29,173492431640625","56000"
"2009-12-10T01:00:00.0000000+00:00","0","33,79999923706055","33,79999923706055","33,79999923706055","29,22536849975586","2000"
"2009-12-11T01:00:00.0000000+00:00","0","33,880001068115234","33,79999923706055","33,880001068115234","29,294544219970703","6000"
"2009-12-14T01:00:00.0000000+00:00","0","34,290000915527344","33,72999954223633","34,25","29,61446762084961","28000"
"2009-12-15T01:00:00.0000000+00:00","0","34,25","34,22999954223633","34,22999954223633","29,59717559814453","2000"
"2009-12-16T01:00:00.0000000+00:00","0","33,939998626708984","33,40999984741211","33,939998626708984","29,34642219543457","8000"
"2009-12-17T01:00:00.0000000+00:00","0","33,939998626708984","33,79999923706055","33,79999923706055","29,22536849975586","8000"
"2009-12-18T01:00:00.0000000+00:00","0","33,9900016784668","33,650001525878906","33,9900016784668","29,38965606689453","40000"
"2009-12-21T01:00:00.0000000+00:00","0","34,790000915527344","33,56999969482422","34,790000915527344","30,081378936767578","53000"
"2009-12-22T01:00:00.0000000+00:00","0","34,650001525878906","34,599998474121094","34,650001525878906","29,9603328704834","4000"
"2009-12-23T01:00:00.0000000+00:00","0","34,650001525878906","34,5","34,5","29,830631256103516","19000"
"2009-12-24T01:00:00.0000000+00:00","0","35,20000076293945","34,689998626708984","35","30,262958526611328","38000"
"2009-12-25T01:00:00.0000000+00:00","0","35,29999923706055","35,20000076293945","35,20000076293945","30,435890197753906","23000"
"2009-12-28T01:00:00.0000000+00:00","0","35,4900016784668","35,20000076293945","35,4900016784668","30,68663787841797","14000"
"2009-12-29T01:00:00.0000000+00:00","0","35,599998474121094","35,349998474121094","35,599998474121094","30,78175163269043","29000"
"2009-12-30T01:00:00.0000000+00:00","0","36,5","35,5","36,15999984741211","31,265960693359375","68000"
"2009-12-31T01:00:00.0000000+00:00","0","36,5","36","36,5","31,559946060180664","59000"
"2010-01-04T01:00:00.0000000+00:00","0","36,5099983215332","36,45000076293945","36,5","31,559946060180664","92000"
"2010-01-05T01:00:00.0000000+00:00","0","36,54999923706055","36,04999923706055","36,54999923706055","31,603174209594727","17000"
"2010-01-06T01:00:00.0000000+00:00","0","37,400001525878906","35,70000076293945","37,400001525878906","32,338134765625","45000"
"2010-01-07T01:00:00.0000000+00:00","0","37,5","37","37","31,992271423339844","52000"
"2010-01-08T01:00:00.0000000+00:00","0","36,88999938964844","36,099998474121094","36,88999938964844","31,89716148376465","56000"
"2010-01-11T01:00:00.0000000+00:00","0","37,20000076293945","36,95000076293945","37,099998474121094","32,078739166259766","18000"
"2010-01-12T01:00:00.0000000+00:00","0","37,04999923706055","36,540000915527344","37","31,992271423339844","9000"
"2010-01-13T01:00:00.0000000+00:00","0","37","36,45000076293945","37","31,992271423339844","83000"
"2010-01-14T01:00:00.0000000+00:00","0","37,150001525878906","36,45000076293945","37","31,992271423339844","45000"
"2010-01-15T01:00:00.0000000+00:00","0","37,599998474121094","37,04999923706055","37,599998474121094","32,51106643676758","56000"
"2010-01-18T01:00:00.0000000+00:00","0","37,54999923706055","37,45000076293945","37,45000076293945","32,38136672973633","7000"
"2010-01-19T01:00:00.0000000+00:00","0","37,45000076293945","36,849998474121094","36,849998474121094","31,862565994262695","20000"
"2010-01-20T01:00:00.0000000+00:00","0","36,75","36,29999923706055","36,75","31,776103973388672","39000"
"2010-01-21T01:00:00.0000000+00:00","0","36,29999923706055","35,95000076293945","35,95000076293945","31,084381103515625","12000"
"2010-01-22T01:00:00.0000000+00:00","0","35,45000076293945","35,099998474121094","35,099998474121094","30,349422454833984","38000"
"2010-01-25T01:00:00.0000000+00:00","0","35,099998474121094","34,79999923706055","35","30,262958526611328","11000"
"2010-01-26T01:00:00.0000000+00:00","34,22999954223633","34,22999954223633","34,22999954223633","34,22999954223633","29,59717559814453","0"
"2010-01-27T01:00:00.0000000+00:00","34,20000076293945","34,20000076293945","34","34,04999923706055","29,44153594970703","51000"
"2010-01-28T01:00:00.0000000+00:00","33,91999816894531","35,5","33,91999816894531","35,5","30,695281982421875","38000"
"2010-01-29T01:00:00.0000000+00:00","34,20000076293945","34,20000076293945","33,650001525878906","34","29,39830207824707","76000"
"2010-02-01T01:00:00.0000000+00:00","34","34","33,849998474121094","33,849998474121094","29,268598556518555","10000"
"2010-02-02T01:00:00.0000000+00:00","33,900001525878906","34,040000915527344","33,02000045776367","33,02000045776367","28,550941467285156","112000"
"2010-02-03T01:00:00.0000000+00:00","33,29999923706055","34,060001373291016","33,29999923706055","33,689998626708984","29,13025665283203","42000"
"2010-02-04T01:00:00.0000000+00:00","33,599998474121094","33,630001068115234","33,599998474121094","33,630001068115234","29,07837677001953","6000"
"2010-02-05T01:00:00.0000000+00:00","32,849998474121094","32,869998931884766","32,25","32,38999938964844","28,00620460510254","47000"
"2010-02-08T01:00:00.0000000+00:00","33,5","33,5","32,34000015258789","32,34000015258789","27,962974548339844","25000"
"2010-02-09T01:00:00.0000000+00:00","32,29999923706055","33,29999923706055","32,29999923706055","33,29999923706055","28,793041229248047","83000"
"2010-02-10T01:00:00.0000000+00:00","33,29999923706055","33,5","33,29999923706055","33,5","28,965974807739258","5000"
"2010-02-22T01:00:00.0000000+00:00","34","35,84000015258789","34","35,84000015258789","30,98927116394043","20000"
"2010-02-23T01:00:00.0000000+00:00","34,20000076293945","34,20000076293945","33,349998474121094","34,20000076293945","29,57123565673828","52000"
"2010-02-24T01:00:00.0000000+00:00","33,5099983215332","33,5099983215332","33,5099983215332","33,5099983215332","28,974618911743164","0"
"2010-02-25T01:00:00.0000000+00:00","33,5","33,54999923706055","32,5","33,060001373291016","28,585525512695312","35000"
"2010-02-26T01:00:00.0000000+00:00","33,150001525878906","33,150001525878906","33,150001525878906","33,150001525878906","28,663349151611328","23000"
"2010-03-01T01:00:00.0000000+00:00","33,29999923706055","33,40999984741211","33,150001525878906","33,40999984741211","28,88815689086914","32000"
"2010-03-02T01:00:00.0000000+00:00","33,40999984741211","33,439998626708984","33,40999984741211","33,439998626708984","28,914093017578125","4000"
"2010-03-03T01:00:00.0000000+00:00","33,7400016784668","33,7400016784668","33,54999923706055","33,54999923706055","29,009206771850586","6000"
"2010-03-04T01:00:00.0000000+00:00","33,349998474121094","33,349998474121094","32,88999938964844","32,88999938964844","28,438533782958984","14000"
"2010-03-05T01:00:00.0000000+00:00","32,91999816894531","33,79999923706055","32,91999816894531","33,77000045776367","29,199434280395508","16000"
"2010-03-08T01:00:00.0000000+00:00","33,81999969482422","34,38999938964844","33,790000915527344","33,790000915527344","29,216724395751953","38000"
"2010-03-09T01:00:00.0000000+00:00","34,45000076293945","34,59000015258789","34,45000076293945","34,59000015258789","29,908449172973633","25000"
"2010-03-10T01:00:00.0000000+00:00","34,5","34,5","34,209999084472656","34,209999084472656","29,579879760742188","13000"
"2010-03-11T01:00:00.0000000+00:00","34,5","34,599998474121094","34,5","34,599998474121094","29,91709327697754","25000"
"2010-03-12T01:00:00.0000000+00:00","34,220001220703125","34,220001220703125","34,18000030517578","34,18000030517578","29,553937911987305","7000"
"2010-03-15T01:00:00.0000000+00:00","34,11000061035156","34,119998931884766","32,650001525878906","32,650001525878906","28,23101806640625","40000"
"2010-03-16T01:00:00.0000000+00:00","33,61000061035156","34","33,5099983215332","33,5099983215332","28,974618911743164","72000"
"2010-03-17T01:00:00.0000000+00:00","33,5099983215332","34,5","33,5099983215332","33,52000045776367","28,98326873779297","80000"
"2010-03-18T01:00:00.0000000+00:00","34,560001373291016","34,790000915527344","34,52000045776367","34,52000045776367","29,84792137145996","11000"
"2010-03-19T01:00:00.0000000+00:00","34,5","34,709999084472656","34,189998626708984","34,709999084472656","30,0122127532959","15000"
"2010-03-22T01:00:00.0000000+00:00","33,709999084472656","34,599998474121094","33,709999084472656","34,5","29,830631256103516","157000"
"2010-03-23T01:00:00.0000000+00:00","34,5","34,849998474121094","34,5","34,72999954223633","30,029497146606445","47000"
"2010-03-24T01:00:00.0000000+00:00","34,349998474121094","34,349998474121094","34,349998474121094","34,349998474121094","29,700931549072266","0"
"2010-03-25T01:00:00.0000000+00:00","34,40999984741211","34,40999984741211","34,29999923706055","34,29999923706055","29,657699584960938","15000"
"2010-03-26T01:00:00.0000000+00:00","34,29999923706055","34,86000061035156","34,29999923706055","34,7400016784668","30,038148880004883","14000"
"2010-03-29T01:00:00.0000000+00:00","34,86000061035156","35,349998474121094","34,56999969482422","34,84000015258789","30,124614715576172","57000"
"2010-03-30T01:00:00.0000000+00:00","34,86000061035156","34,86000061035156","34,86000061035156","34,86000061035156","30,14190673828125","14000"
"2010-03-31T01:00:00.0000000+00:00","34,880001068115234","34,880001068115234","34,880001068115234","34,880001068115234","30,159198760986328","42000"
"2010-04-01T01:00:00.0000000+00:00","34,810001373291016","35,29999923706055","34,810001373291016","35,29999923706055","30,522354125976562","111000"
"2010-04-02T01:00:00.0000000+00:00","35,119998931884766","35,400001525878906","35,11000061035156","35,20000076293945","30,435890197753906","38000"
"2010-04-06T01:00:00.0000000+00:00","35,869998931884766","35,869998931884766","35,650001525878906","35,849998474121094","30,997915267944336","4000"
"2010-04-07T01:00:00.0000000+00:00","35,599998474121094","35,849998474121094","35,599998474121094","35,599998474121094","30,78175163269043","19000"
"2010-04-08T01:00:00.0000000+00:00","35,33000183105469","35,33000183105469","35,220001220703125","35,220001220703125","30,45318603515625","4000"
"2010-04-09T01:00:00.0000000+00:00","35,0099983215332","35,029998779296875","34,97999954223633","34,97999954223633","30,24566650390625","208000"
"2010-04-12T01:00:00.0000000+00:00","34,97999954223633","35,400001525878906","34,97999954223633","35,279998779296875","30,505062103271484","212000"
"2010-04-13T01:00:00.0000000+00:00","34,90999984741211","35,08000183105469","34,599998474121094","34,599998474121094","29,91709327697754","221000"
"2010-04-14T01:00:00.0000000+00:00","35","35,41999816894531","34,900001525878906","35,41999816894531","30,626113891601562","227000"
"2010-04-15T01:00:00.0000000+00:00","35,599998474121094","35,599998474121094","35,2599983215332","35,2599983215332","30,487768173217773","28000"
"2010-04-16T01:00:00.0000000+00:00","35,0099983215332","35,5","34,59000015258789","35,5","30,695281982421875","217000"
"2010-04-19T01:00:00.0000000+00:00","35","35","35","35","30,262958526611328","9000"
"2010-04-20T01:00:00.0000000+00:00","34,599998474121094","34,599998474121094","34,599998474121094","34,599998474121094","29,91709327697754","1000"
"2010-04-21T01:00:00.0000000+00:00","34,83000183105469","34,83000183105469","34,83000183105469","34,83000183105469","30,115968704223633","5000"
"2010-04-22T01:00:00.0000000+00:00","34,599998474121094","35,130001068115234","34,599998474121094","35,130001068115234","30,375362396240234","101000"
"2010-04-23T01:00:00.0000000+00:00","34,79999923706055","35,349998474121094","34,79999923706055","35,349998474121094","30,56558609008789","54000"
"2010-04-26T01:00:00.0000000+00:00","35,5099983215332","35,900001525878906","35,5099983215332","35,849998474121094","30,997915267944336","27000"
"2010-04-27T01:00:00.0000000+00:00","35,849998474121094","36,040000915527344","35,56999969482422","35,689998626708984","30,859569549560547","163000"
"2010-04-28T01:00:00.0000000+00:00","35,43000030517578","35,43000030517578","35,060001373291016","35,060001373291016","30,314838409423828","55000"
"2010-04-29T01:00:00.0000000+00:00","35,06999969482422","35,06999969482422","34,900001525878906","35","30,262958526611328","40000"
"2010-04-30T01:00:00.0000000+00:00","35,029998779296875","35,150001525878906","34,970001220703125","35,13999938964844","30,384010314941406","6000"
"2010-05-03T01:00:00.0000000+00:00","34,2599983215332","34,2599983215332","33,20000076293945","34,20000076293945","29,57123565673828","34000"
"2010-05-04T01:00:00.0000000+00:00","34","34","33,20000076293945","33,43000030517578","28,90544891357422","33000"
"2010-05-05T01:00:00.0000000+00:00","33,43000030517578","33,43000030517578","32,20000076293945","32,20000076293945","27,841920852661133","63000"
"2010-05-06T01:00:00.0000000+00:00","32,25","32,25","31,399999618530273","31,420000076293945","27,16749382019043","42000"
"2010-05-07T01:00:00.0000000+00:00","31,399999618530273","31,639999389648438","30,950000762939453","31,5","27,23666000366211","70000"
"2010-05-10T01:00:00.0000000+00:00","31,809999465942383","31,809999465942383","31,809999465942383","31,809999465942383","27,504703521728516","3000"
"2010-05-11T01:00:00.0000000+00:00","32,380001068115234","32,380001068115234","31,799999237060547","31,799999237060547","27,496057510375977","15000"
"2010-05-12T01:00:00.0000000+00:00","31,600000381469727","31,600000381469727","31,59000015258789","31,59000015258789","27,31447982788086","34000"
"2010-05-13T01:00:00.0000000+00:00","32","32,29999923706055","32","32,29999923706055","27,92838478088379","35000"
"2010-05-14T01:00:00.0000000+00:00","31,780000686645508","32,20000076293945","31,780000686645508","32,20000076293945","27,841920852661133","16000"
"2010-05-17T01:00:00.0000000+00:00","31,6200008392334","31,6200008392334","31,200000762939453","31,200000762939453","26,977264404296875","5000"
"2010-05-18T01:00:00.0000000+00:00","31,399999618530273","31,399999618530273","30,5","30,5","26,372005462646484","16000"
"2010-05-19T01:00:00.0000000+00:00","30,049999237060547","30,5","30,049999237060547","30,5","26,372005462646484","26000"
"2010-05-20T01:00:00.0000000+00:00","30,780000686645508","30,780000686645508","30,780000686645508","30,780000686645508","26,61411476135254","1000"
"2010-05-21T01:00:00.0000000+00:00","32,93000030517578","32,93000030517578","29,8700008392334","29,8700008392334","25,827274322509766","119000"
"2010-05-24T01:00:00.0000000+00:00","30,200000762939453","30,450000762939453","30,200000762939453","30,290000915527344","26,190425872802734","126000"
"2010-05-25T01:00:00.0000000+00:00","30,280000686645508","30,280000686645508","29,690000534057617","29,700000762939453","25,680282592773438","88000"
"2010-05-26T01:00:00.0000000+00:00","29,420000076293945","30,18000030517578","29,360000610351562","30,18000030517578","26,095317840576172","8000"
"2010-05-27T01:00:00.0000000+00:00","30,149999618530273","30,170000076293945","30","30","25,939678192138672","11000"
"2010-05-28T01:00:00.0000000+00:00","30,899999618530273","30,899999618530273","30,5","30,600000381469727","26,45847511291504","43000"
"2010-05-31T01:00:00.0000000+00:00","30,889999389648438","30,899999618530273","30,889999389648438","30,899999618530273","26,717870712280273","2000"
"2010-06-01T01:00:00.0000000+00:00","30,399999618530273","30,799999237060547","30,25","30,799999237060547","26,63140296936035","37000"
"2010-06-02T01:00:00.0000000+00:00","30","31","30","31","26,80433464050293","30000"
"2010-06-03T01:00:00.0000000+00:00","31,5","31,5","30,559999465942383","30,559999465942383","26,423885345458984","6000"
"2010-06-04T01:00:00.0000000+00:00","30,520000457763672","30,520000457763672","30,5","30,5","26,372005462646484","2000"
"2010-06-07T01:00:00.0000000+00:00","30","30,399999618530273","30","30,399999618530273","26,285541534423828","18000"
"2010-06-08T01:00:00.0000000+00:00","29,059999465942383","30,280000686645508","29,059999465942383","30,280000686645508","26,181781768798828","12000"
"2010-06-09T01:00:00.0000000+00:00","30","30","29,979999542236328","29,979999542236328","25,922386169433594","14000"
"2010-06-10T01:00:00.0000000+00:00","30,309999465942383","30,309999465942383","30,309999465942383","30,309999465942383","26,207719802856445","0"
"2010-06-11T01:00:00.0000000+00:00","30,549999237060547","30,959999084472656","30,549999237060547","30,829999923706055","26,657344818115234","3000"
"2010-06-14T01:00:00.0000000+00:00","30,829999923706055","30,93000030517578","30,469999313354492","30,469999313354492","26,3460636138916","8000"
"2010-06-15T01:00:00.0000000+00:00","30,989999771118164","31,040000915527344","30,950000762939453","31,040000915527344","26,838918685913086","6000"
"2010-06-17T01:00:00.0000000+00:00","31,489999771118164","31,489999771118164","31,200000762939453","31,299999237060547","27,063730239868164","6000"
"2010-06-18T01:00:00.0000000+00:00","31,3799991607666","31,420000076293945","31,3700008392334","31,399999618530273","27,150196075439453","51000"
"2010-06-21T01:00:00.0000000+00:00","31,600000381469727","31,649999618530273","31,600000381469727","31,649999618530273","27,366361618041992","12000"
"2010-06-22T01:00:00.0000000+00:00","31,760000228881836","31,760000228881836","31,760000228881836","31,760000228881836","27,461471557617188","0"
"2010-06-23T01:00:00.0000000+00:00","31,450000762939453","31,450000762939453","31,399999618530273","31,399999618530273","27,150196075439453","2000"
"2010-06-24T01:00:00.0000000+00:00","31,399999618530273","31,399999618530273","31,399999618530273","31,399999618530273","27,150196075439453","2000"
"2010-06-25T01:00:00.0000000+00:00","31,34000015258789","31,34000015258789","30,81999969482422","31,190000534057617","26,96862030029297","9000"
"2010-06-28T01:00:00.0000000+00:00","31","31","30,280000686645508","30,729999542236328","26,570880889892578","7000"
"2010-06-29T01:00:00.0000000+00:00","31,399999618530273","31,399999618530273","30,709999084472656","30,850000381469727","26,674636840820312","10000"
"2010-06-30T01:00:00.0000000+00:00","30,200000762939453","30,200000762939453","29,899999618530273","30","25,939678192138672","10000"
"2010-07-01T01:00:00.0000000+00:00","29,989999771118164","30,100000381469727","29,649999618530273","29,850000381469727","25,80998420715332","59000"
"2010-07-02T01:00:00.0000000+00:00","29,549999237060547","29,850000381469727","29,299999237060547","29,299999237060547","25,33441925048828","27000"
"2010-07-05T01:00:00.0000000+00:00","29,75","30,299999237060547","29,559999465942383","29,8700008392334","25,827274322509766","17000"
"2010-07-06T01:00:00.0000000+00:00","30","30","30","30","25,939678192138672","1000"
"2010-07-07T01:00:00.0000000+00:00","30,600000381469727","31,350000381469727","30,600000381469727","31,350000381469727","27,106964111328125","14000"
"2010-07-08T01:00:00.0000000+00:00","31,299999237060547","31,600000381469727","31,149999618530273","31,149999618530273","26,93403434753418","16000"
"2010-07-09T01:00:00.0000000+00:00","31,5","31,829999923706055","31,5","31,600000381469727","27,323131561279297","32000"
"2010-07-12T01:00:00.0000000+00:00","31,899999618530273","32","31,899999618530273","31,899999618530273","27,58252716064453","9000"
"2010-07-13T01:00:00.0000000+00:00","32,099998474121094","32,2400016784668","31,899999618530273","32,20000076293945","27,841920852661133","6000"
"2010-07-14T01:00:00.0000000+00:00","32,29999923706055","32,349998474121094","32,08000183105469","32,08000183105469","27,73816680908203","7000"
"2010-07-15T01:00:00.0000000+00:00","32,25","32,29999923706055","32,25","32,279998779296875","27,911096572875977","357000"
"2010-07-16T01:00:00.0000000+00:00","32,20000076293945","32,41999816894531","32,15999984741211","32,15999984741211","27,807336807250977","15000"
"2010-07-19T01:00:00.0000000+00:00","32","32","32","32","27,668989181518555","10000"
"2010-07-20T01:00:00.0000000+00:00","32,25","32,400001525878906","32,25","32,400001525878906","28,014854431152344","46000"
"2010-07-21T01:00:00.0000000+00:00","32,400001525878906","32,40999984741211","32,310001373291016","32,310001373291016","27,937034606933594","158000"
"2010-07-22T01:00:00.0000000+00:00","32,2400016784668","32,2400016784668","32,2400016784668","32,2400016784668","27,876510620117188","0"
"2010-07-23T01:00:00.0000000+00:00","32,150001525878906","32,5","32,150001525878906","32,45000076293945","28,058088302612305","658000"
"2010-07-26T01:00:00.0000000+00:00","32,599998474121094","32,75","32,599998474121094","32,75","28,31747817993164","45000"
"2010-07-27T01:00:00.0000000+00:00","33","33,5","33","33,5","28,965974807739258","8000"
"2010-07-28T01:00:00.0000000+00:00","32,7599983215332","32,7599983215332","32,7599983215332","32,7599983215332","28,326126098632812","5000"
"2010-07-29T01:00:00.0000000+00:00","32,77000045776367","32,77000045776367","32,77000045776367","32,77000045776367","28,33477783203125","3000"
"2010-07-30T01:00:00.0000000+00:00","32,439998626708984","32,439998626708984","32,439998626708984","32,439998626708984","28,0494384765625","3000"
"2010-08-02T01:00:00.0000000+00:00","32,79999923706055","33,59000015258789","32,79999923706055","33,52000045776367","28,98326873779297","129000"
"2010-08-03T01:00:00.0000000+00:00","33,52000045776367","33,52000045776367","33,0099983215332","33,0099983215332","28,54228973388672","3000"
"2010-08-04T01:00:00.0000000+00:00","33","33,099998474121094","32,900001525878906","33,099998474121094","28,620113372802734","19000"
"2010-08-05T01:00:00.0000000+00:00","33,20000076293945","33,20000076293945","33,20000076293945","33,20000076293945","28,706581115722656","1000"
"2010-08-06T01:00:00.0000000+00:00","32,36000061035156","33,279998779296875","32,36000061035156","33,20000076293945","28,706581115722656","79000"
"2010-08-09T01:00:00.0000000+00:00","33,459999084472656","33,459999084472656","33,459999084472656","33,459999084472656","28,931386947631836","8000"
"2010-08-10T01:00:00.0000000+00:00","32,650001525878906","32,650001525878906","32,650001525878906","32,650001525878906","28,23101806640625","5000"
"2010-08-11T01:00:00.0000000+00:00","32,650001525878906","32,79999923706055","32,58000183105469","32,79999923706055","28,360713958740234","12000"
"2010-08-12T01:00:00.0000000+00:00","32,5","32,5","32,5","32,5","28,101318359375","1000"
"2010-08-13T01:00:00.0000000+00:00","32,5","32,88999938964844","32,5","32,5","28,101318359375","32000"
"2010-08-16T01:00:00.0000000+00:00","32,5","32,5","32,099998474121094","32,099998474121094","27,75545310974121","6000"
"2010-08-17T01:00:00.0000000+00:00","32,79999923706055","33,0099983215332","32,5099983215332","32,5099983215332","28,109962463378906","9000"
"2010-08-18T01:00:00.0000000+00:00","32,880001068115234","32,880001068115234","32,880001068115234","32,880001068115234","28,429885864257812","2000"
"2010-08-19T01:00:00.0000000+00:00","32,20000076293945","32,79999923706055","32,060001373291016","32,79999923706055","28,360713958740234","3000"
"2010-08-20T01:00:00.0000000+00:00","32,5","32,5","32,29999923706055","32,29999923706055","27,92838478088379","10000"
"2010-08-23T01:00:00.0000000+00:00","32,29999923706055","32,790000915527344","32,29999923706055","32,790000915527344","28,352069854736328","12000"
"2010-08-24T01:00:00.0000000+00:00","32,63999938964844","32,9900016784668","32,599998474121094","32,599998474121094","28,187782287597656","29000"
"2010-08-25T01:00:00.0000000+00:00","32","32,33000183105469","32","32","27,668989181518555","3000"
"2010-08-26T01:00:00.0000000+00:00","32,20000076293945","32,20000076293945","30,520000457763672","31,489999771118164","27,228017807006836","21000"
"2010-08-27T01:00:00.0000000+00:00","31,489999771118164","31,530000686645508","31,399999618530273","31,450000762939453","27,193429946899414","29000"
"2010-08-30T01:00:00.0000000+00:00","31,700000762939453","31,700000762939453","31,700000762939453","31,700000762939453","27,409597396850586","0"
"2010-08-31T01:00:00.0000000+00:00","31,399999618530273","31,399999618530273","31,260000228881836","31,260000228881836","27,029144287109375","3000"
"2010-09-01T01:00:00.0000000+00:00","31,489999771118164","31,489999771118164","31,399999618530273","31,479999542236328","27,219371795654297","132000"
"2010-09-02T01:00:00.0000000+00:00","30,719999313354492","30,719999313354492","30,719999313354492","30,719999313354492","26,562231063842773","3000"
"2010-09-03T01:00:00.0000000+00:00","31,200000762939453","31,639999389648438","31,200000762939453","31,639999389648438","27,357715606689453","3000"
"2010-09-06T01:00:00.0000000+00:00","31,899999618530273","32,099998474121094","31,799999237060547","31,799999237060547","27,496057510375977","10000"
"2010-09-07T01:00:00.0000000+00:00","32","32,279998779296875","32","32,279998779296875","27,911096572875977","7000"
"2010-09-08T01:00:00.0000000+00:00","32,20000076293945","32,20000076293945","32,20000076293945","32,20000076293945","27,841920852661133","2000"
"2010-09-09T01:00:00.0000000+00:00","31,719999313354492","31,75","31,719999313354492","31,719999313354492","27,42688751220703","5000"
"2010-09-10T01:00:00.0000000+00:00","32","32,599998474121094","32","32,06999969482422","27,729515075683594","78000"
"2010-09-13T01:00:00.0000000+00:00","32,79999923706055","33,4900016784668","32,70000076293945","33,4900016784668","28,95732879638672","76000"
"2010-09-14T01:00:00.0000000+00:00","33,599998474121094","33,599998474121094","33,400001525878906","33,400001525878906","28,879512786865234","11000"
"2010-09-15T01:00:00.0000000+00:00","33,400001525878906","33,709999084472656","33,400001525878906","33,540000915527344","29,00056266784668","26000"
"2010-09-16T01:00:00.0000000+00:00","33,75","33,75","32,81999969482422","32,81999969482422","28,378009796142578","15000"
"2010-09-17T01:00:00.0000000+00:00","32,83000183105469","34,209999084472656","32,83000183105469","33,119998931884766","28,637401580810547","59000"
"2010-09-20T01:00:00.0000000+00:00","33,599998474121094","34","33,599998474121094","33,97999954223633","29,38100814819336","49000"
"2010-09-21T01:00:00.0000000+00:00","33,33000183105469","34,029998779296875","33,33000183105469","33,849998474121094","29,268598556518555","53000"
"2010-09-23T01:00:00.0000000+00:00","33,849998474121094","33,849998474121094","33,540000915527344","33,599998474121094","29,052433013916016","15000"
"2010-09-24T01:00:00.0000000+00:00","33,869998931884766","33,869998931884766","32,5","32,5","28,101318359375","176000"
"2010-09-27T01:00:00.0000000+00:00","33,29999923706055","33,56999969482422","32,599998474121094","32,599998474121094","28,187782287597656","87000"
"2010-09-28T01:00:00.0000000+00:00","32,900001525878906","33,56999969482422","32,900001525878906","33,56999969482422","29,026498794555664","24000"
"2010-09-29T01:00:00.0000000+00:00","33,599998474121094","34,06999969482422","33,599998474121094","34,06999969482422","29,458829879760742","87000"
"2010-09-30T01:00:00.0000000+00:00","33,709999084472656","34,09000015258789","33,5","33,95000076293945","29,355070114135742","23000"
"2010-10-01T01:00:00.0000000+00:00","34","34","33,86000061035156","33,95000076293945","29,355070114135742","36000"
"2010-10-04T01:00:00.0000000+00:00","33,70000076293945","33,70000076293945","33,5","33,5","28,965974807739258","8000"
"2010-10-05T01:00:00.0000000+00:00","33,599998474121094","33,599998474121094","32,849998474121094","32,849998474121094","28,403945922851562","14000"
"2010-10-06T01:00:00.0000000+00:00","33,5099983215332","33,75","33,5099983215332","33,75","29,182138442993164","71000"
"2010-10-07T01:00:00.0000000+00:00","33,75","34","33,75","33,75","29,182138442993164","8000"
"2010-10-08T01:00:00.0000000+00:00","33,560001373291016","33,560001373291016","33,5","33,5","28,965974807739258","21000"
"2010-10-11T01:00:00.0000000+00:00","33,029998779296875","33,45000076293945","33,029998779296875","33,209999084472656","28,71522331237793","29000"
"2010-10-12T01:00:00.0000000+00:00","33,279998779296875","33,279998779296875","32,880001068115234","32,880001068115234","28,429885864257812","4000"
"2010-10-13T01:00:00.0000000+00:00","32,83000183105469","33,040000915527344","32,83000183105469","33,040000915527344","28,568233489990234","3000"
"2010-10-14T01:00:00.0000000+00:00","33,150001525878906","33,150001525878906","32,900001525878906","32,900001525878906","28,447181701660156","3000"
"2010-10-15T01:00:00.0000000+00:00","32,59000015258789","32,59000015258789","32,59000015258789","32,59000015258789","28,17913818359375","2000"
"2010-10-18T01:00:00.0000000+00:00","32,97999954223633","32,97999954223633","31,649999618530273","31,649999618530273","27,366361618041992","39000"
"2010-10-19T01:00:00.0000000+00:00","32","32,43000030517578","31,799999237060547","31,799999237060547","27,496057510375977","19000"
"2010-10-20T01:00:00.0000000+00:00","31,799999237060547","32,79999923706055","31,799999237060547","32,2599983215332","27,893802642822266","263000"
"2010-10-21T01:00:00.0000000+00:00","32,650001525878906","32,900001525878906","32,630001068115234","32,70000076293945","28,274250030517578","19000"
"2010-10-22T01:00:00.0000000+00:00","32,810001373291016","33,099998474121094","32,810001373291016","33","28,533649444580078","4000"
"2010-10-25T01:00:00.0000000+00:00","33","33,650001525878906","33","33,29999923706055","28,793041229248047","87000"
"2010-10-26T01:00:00.0000000+00:00","33,29999923706055","33,77000045776367","33,29999923706055","33,72999954223633","29,16484832763672","18000"
"2010-10-27T01:00:00.0000000+00:00","33,70000076293945","33,90999984741211","33,70000076293945","33,900001525878906","29,311838150024414","11000"
"2010-10-28T01:00:00.0000000+00:00","33,720001220703125","34,099998474121094","33,720001220703125","34,099998474121094","29,484771728515625","12000"
"2010-10-29T01:00:00.0000000+00:00","34,060001373291016","34,060001373291016","34,060001373291016","34,060001373291016","29,45018196105957","0"
"2010-11-01T01:00:00.0000000+00:00","34,380001068115234","34,599998474121094","34,380001068115234","34,47999954223633","29,813337326049805","20000"
"2010-11-02T01:00:00.0000000+00:00","34,36000061035156","34,54999923706055","34,36000061035156","34,54999923706055","29,87386131286621","7000"
"2010-11-03T01:00:00.0000000+00:00","34,5","34,5","34,29999923706055","34,36000061035156","29,709577560424805","12000"
"2010-11-04T01:00:00.0000000+00:00","34,47999954223633","34,68000030517578","34,470001220703125","34,529998779296875","29,8565731048584","51000"
"2010-11-05T01:00:00.0000000+00:00","34,79999923706055","34,79999923706055","34,45000076293945","34,459999084472656","29,796045303344727","22000"
"2010-11-08T01:00:00.0000000+00:00","34,41999816894531","34,41999816894531","33,790000915527344","33,790000915527344","29,216724395751953","19000"
"2010-11-09T01:00:00.0000000+00:00","34,209999084472656","34,439998626708984","34","34","29,39830207824707","23000"
"2010-11-10T01:00:00.0000000+00:00","33,70000076293945","34,5","33,15999984741211","33,15999984741211","28,6719913482666","38000"
"2010-11-11T01:00:00.0000000+00:00","34,43000030517578","34,79999923706055","34,43000030517578","34,599998474121094","29,91709327697754","44000"
"2010-11-12T01:00:00.0000000+00:00","34,599998474121094","34,599998474121094","33,90999984741211","34","29,39830207824707","11000"
"2010-11-15T01:00:00.0000000+00:00","33,619998931884766","33,619998931884766","33,220001220703125","33,400001525878906","28,879512786865234","32000"
"2010-11-16T01:00:00.0000000+00:00","33,5","34,349998474121094","33,5","33,720001220703125","29,156198501586914","19000"
"2010-11-17T01:00:00.0000000+00:00","33,720001220703125","34,5","33,400001525878906","33,400001525878906","28,879512786865234","25000"
"2010-11-18T01:00:00.0000000+00:00","34","34","33,810001373291016","33,9900016784668","29,38965606689453","15000"
"2010-11-19T01:00:00.0000000+00:00","34,16999816894531","34,5","34,16999816894531","34,400001525878906","29,744165420532227","69000"
"2010-11-22T01:00:00.0000000+00:00","34,45000076293945","34,79999923706055","34,150001525878906","34,150001525878906","29,52800178527832","19000"
"2010-11-23T01:00:00.0000000+00:00","34,75","34,869998931884766","34,720001220703125","34,720001220703125","30,020854949951172","16000"
"2010-11-24T01:00:00.0000000+00:00","34,720001220703125","34,72999954223633","34,720001220703125","34,72999954223633","30,029497146606445","4000"
"2010-11-25T01:00:00.0000000+00:00","34,75","35","34,75","35","30,262958526611328","8000"
"2010-11-26T01:00:00.0000000+00:00","34,900001525878906","35","34,599998474121094","34,88999938964844","30,167850494384766","11000"
"2010-11-29T01:00:00.0000000+00:00","34,880001068115234","35,29999923706055","34,880001068115234","35,209999084472656","30,444534301757812","188000"
"2010-11-30T01:00:00.0000000+00:00","35,29999923706055","35,70000076293945","35,29999923706055","35,29999923706055","30,522354125976562","23000"
"2010-12-01T01:00:00.0000000+00:00","35,31999969482422","35,31999969482422","35,31999969482422","35,31999969482422","30,539642333984375","2000"
"2010-12-02T01:00:00.0000000+00:00","35","36,20000076293945","35","35,25","30,479124069213867","69000"
"2010-12-03T01:00:00.0000000+00:00","35,900001525878906","36,90999984741211","35,900001525878906","36,61000061035156","31,655052185058594","87000"
"2010-12-06T01:00:00.0000000+00:00","36,95000076293945","37","36,75","36,79999923706055","31,819337844848633","19000"
"2010-12-07T01:00:00.0000000+00:00","36,70000076293945","36,70000076293945","36,400001525878906","36,4900016784668","31,551298141479492","18000"
"2010-12-08T01:00:00.0000000+00:00","36,66999816894531","36,79999923706055","36,150001525878906","36,150001525878906","31,25731086730957","21000"
"2010-12-09T01:00:00.0000000+00:00","36,79999923706055","37,15999984741211","36,79999923706055","37","31,992271423339844","63000"
"2010-12-10T01:00:00.0000000+00:00","36,599998474121094","36,599998474121094","36,59000015258789","36,59000015258789","31,637758255004883","8000"
"2010-12-13T01:00:00.0000000+00:00","36,59000015258789","37,22999954223633","36,59000015258789","37,13999938964844","32,11332321166992","31000"
"2010-12-14T01:00:00.0000000+00:00","37,18000030517578","37,29999923706055","36,81999969482422","37,29999923706055","32,25166320800781","22000"
"2010-12-15T01:00:00.0000000+00:00","36,619998931884766","36,900001525878906","36,470001220703125","36,81999969482422","31,83662986755371","32000"
"2010-12-16T01:00:00.0000000+00:00","36,849998474121094","37,380001068115234","36,81999969482422","36,90999984741211","31,91444969177246","19000"
"2010-12-17T01:00:00.0000000+00:00","37,459999084472656","37,720001220703125","37,31999969482422","37,470001220703125","32,39866638183594","290000"
"2010-12-20T01:00:00.0000000+00:00","36,900001525878906","37","36,900001525878906","36,900001525878906","31,90580940246582","5000"
"2010-12-21T01:00:00.0000000+00:00","37,099998474121094","37,20000076293945","36,91999816894531","37,20000076293945","32,165199279785156","8000"
"2010-12-22T01:00:00.0000000+00:00","37,20000076293945","37,20000076293945","36,900001525878906","37","31,992271423339844","202000"
"2010-12-23T01:00:00.0000000+00:00","36,77000045776367","37,25","36,77000045776367","37,25","32,20843505859375","29000"
"2010-12-24T01:00:00.0000000+00:00","37,290000915527344","37,290000915527344","37,290000915527344","37,290000915527344","32,24301528930664","1000"
"2010-12-27T01:00:00.0000000+00:00","36,79999923706055","37,279998779296875","36,619998931884766","37,279998779296875","32,234375","13000"
"2010-12-28T01:00:00.0000000+00:00","37,27000045776367","37,29999923706055","37,27000045776367","37,29999923706055","32,25166320800781","9000"
"2010-12-29T01:00:00.0000000+00:00","36,54999923706055","36,54999923706055","36,41999816894531","36,41999816894531","31,49076271057129","10000"
"2010-12-30T01:00:00.0000000+00:00","36,79999923706055","37,20000076293945","36,79999923706055","37,11000061035156","32,087379455566406","16000"
"2010-12-31T01:00:00.0000000+00:00","37","37,400001525878906","37","37,0099983215332","32,000919342041016","39000"
"2011-01-03T01:00:00.0000000+00:00","37,02000045776367","37,400001525878906","36,869998931884766","37,290000915527344","32,24301528930664","12000"
"2011-01-04T01:00:00.0000000+00:00","37","37,400001525878906","37","37,400001525878906","32,338134765625","50000"
"2011-01-05T01:00:00.0000000+00:00","37,29999923706055","37,29999923706055","36,36000061035156","36,36000061035156","31,43889045715332","97000"
"2011-01-06T01:00:00.0000000+00:00","36,36000061035156","38,900001525878906","36,20000076293945","38,900001525878906","33,63511657714844","35000"
"2011-01-07T01:00:00.0000000+00:00","38","38,20000076293945","37,5","37,79999923706055","32,683990478515625","24000"
"2011-01-10T01:00:00.0000000+00:00","37,099998474121094","37,099998474121094","37,099998474121094","37,099998474121094","32,078739166259766","5000"
"2011-01-11T01:00:00.0000000+00:00","37","37,400001525878906","37","37,0099983215332","32,000919342041016","6000"
"2011-01-12T01:00:00.0000000+00:00","37,060001373291016","37,29999923706055","37,02000045776367","37,02000045776367","32,00956344604492","62000"
"2011-01-13T01:00:00.0000000+00:00","37,150001525878906","37,29999923706055","37,150001525878906","37,150001525878906","32,12197494506836","45000"
"2011-01-14T01:00:00.0000000+00:00","37,2599983215332","37,2599983215332","36,95000076293945","37,25","32,20843505859375","10000"
"2011-01-17T01:00:00.0000000+00:00","37,849998474121094","37,849998474121094","37,25","37,25","32,20843505859375","8000"
"2011-01-18T01:00:00.0000000+00:00","36,900001525878906","37,75","36,900001525878906","37,4900016784668","32,415950775146484","27000"
"2011-01-19T01:00:00.0000000+00:00","37,52000045776367","38,02000045776367","37,5","38","32,85692596435547","33000"
"2011-01-20T01:00:00.0000000+00:00","38,09000015258789","38,09000015258789","37,959999084472656","37,97999954223633","32,839630126953125","35000"
"2011-01-21T01:00:00.0000000+00:00","37,060001373291016","37,45000076293945","37,029998779296875","37,43000030517578","32,36407470703125","7000"
"2011-01-24T01:00:00.0000000+00:00","37,43000030517578","37,470001220703125","37,380001068115234","37,380001068115234","32,320838928222656","26000"
"2011-01-25T01:00:00.0000000+00:00","37,79999923706055","37,79999923706055","37,720001220703125","37,720001220703125","32,61482238769531","4000"
"2011-01-26T01:00:00.0000000+00:00","37,31999969482422","37,97999954223633","37,31999969482422","37,97999954223633","32,839630126953125","3000"
"2011-01-27T01:00:00.0000000+00:00","38","38,29999923706055","37,720001220703125","37,880001068115234","32,7531623840332","21000"
"2011-01-28T01:00:00.0000000+00:00","38,099998474121094","38,5","37,75","38,5","33,28926086425781","25000"
"2011-02-08T01:00:00.0000000+00:00","38,29999923706055","38,29999923706055","37,22999954223633","37,22999954223633","32,19114303588867","12000"
"2011-02-09T01:00:00.0000000+00:00","37,5","37,5","37,209999084472656","37,209999084472656","32,173851013183594","16000"
"2011-02-10T01:00:00.0000000+00:00","36,630001068115234","37,02000045776367","36,11000061035156","36,11000061035156","31,22273063659668","176000"
"2011-02-11T01:00:00.0000000+00:00","36,15999984741211","36,15999984741211","35,400001525878906","35,400001525878906","30,608821868896484","38000"
"2011-02-14T01:00:00.0000000+00:00","36","36","35,65999984741211","35,900001525878906","31,041147232055664","19000"
"2011-02-15T01:00:00.0000000+00:00","35,880001068115234","36,290000915527344","35,29999923706055","36,290000915527344","31,37836456298828","10000"
"2011-02-16T01:00:00.0000000+00:00","36,27000045776367","36,34000015258789","36,27000045776367","36,34000015258789","31,42159652709961","3000"
"2011-02-17T01:00:00.0000000+00:00","36,41999816894531","36,900001525878906","36,15999984741211","36,900001525878906","31,90580940246582","14000"
"2011-02-18T01:00:00.0000000+00:00","36,900001525878906","36,900001525878906","35,849998474121094","35,849998474121094","30,997915267944336","31000"
"2011-02-21T01:00:00.0000000+00:00","36,29999923706055","36,29999923706055","36,02000045776367","36,16999816894531","31,27460289001465","12000"
"2011-02-22T01:00:00.0000000+00:00","35,90999984741211","35,90999984741211","35,650001525878906","35,650001525878906","30,824983596801758","2000"
"2011-02-23T01:00:00.0000000+00:00","35,650001525878906","35,66999816894531","34,720001220703125","34,720001220703125","30,020854949951172","13000"
"2011-02-24T01:00:00.0000000+00:00","34,7599983215332","35,79999923706055","34,7599983215332","35,06999969482422","30,323488235473633","4000"
"2011-02-25T01:00:00.0000000+00:00","35,11000061035156","35,43000030517578","35,06999969482422","35,43000030517578","30,634763717651367","39000"
"2011-03-01T01:00:00.0000000+00:00","36,29999923706055","36,43000030517578","35,7400016784668","35,7400016784668","30,902803421020508","15000"
"2011-03-02T01:00:00.0000000+00:00","35,9900016784668","36,310001373291016","35,9900016784668","36,27000045776367","31,361074447631836","12000"
"2011-03-03T01:00:00.0000000+00:00","36,25","36,33000183105469","36,25","36,279998779296875","31,36971092224121","5000"
"2011-03-04T01:00:00.0000000+00:00","36,279998779296875","36,290000915527344","36,20000076293945","36,20000076293945","31,30054473876953","9000"
"2011-03-07T01:00:00.0000000+00:00","35,81999969482422","35,81999969482422","35,75","35,75","30,91145133972168","2000"
"2011-03-08T01:00:00.0000000+00:00","35,83000183105469","36,599998474121094","35,83000183105469","36,52000045776367","31,577234268188477","21000"
"2011-03-09T01:00:00.0000000+00:00","36,470001220703125","36,470001220703125","36,470001220703125","36,470001220703125","31,53400230407715","0"
"2011-03-10T01:00:00.0000000+00:00","35,5","36,02000045776367","35,5","35,880001068115234","31,02385902404785","3000"
"2011-03-11T01:00:00.0000000+00:00","35,11000061035156","35,33000183105469","35,11000061035156","35,29999923706055","30,522354125976562","28000"
"2011-03-14T01:00:00.0000000+00:00","34,619998931884766","34,88999938964844","34,4900016784668","34,88999938964844","30,167850494384766","9000"
"2011-03-15T01:00:00.0000000+00:00","35","35","33,220001220703125","33,220001220703125","28,723873138427734","58000"
"2011-03-16T01:00:00.0000000+00:00","33,70000076293945","33,9900016784668","33,61000061035156","33,9900016784668","29,38965606689453","16000"
"2011-03-17T01:00:00.0000000+00:00","33,40999984741211","33,75","33","33,560001373291016","29,017852783203125","22000"
"2011-03-18T01:00:00.0000000+00:00","33,790000915527344","33,790000915527344","33,790000915527344","33,790000915527344","29,216724395751953","1000"
"2011-03-21T01:00:00.0000000+00:00","34,66999816894531","34,66999816894531","34,66999816894531","34,66999816894531","29,977619171142578","1000"
"2011-03-22T01:00:00.0000000+00:00","34,66999816894531","34,66999816894531","34,66999816894531","34,66999816894531","29,977619171142578","2000"
"2011-03-23T01:00:00.0000000+00:00","34,599998474121094","34,61000061035156","34,11000061035156","34,11000061035156","29,4934139251709","5000"
"2011-03-24T01:00:00.0000000+00:00","34,790000915527344","35,18000030517578","34,709999084472656","35,18000030517578","30,418594360351562","33000"
"2011-03-25T01:00:00.0000000+00:00","34,83000183105469","35,400001525878906","34,83000183105469","35,29999923706055","30,522354125976562","29000"
"2011-03-28T01:00:00.0000000+00:00","34,900001525878906","35,099998474121094","34,900001525878906","35,099998474121094","30,349422454833984","3000"
"2011-03-29T01:00:00.0000000+00:00","34,79999923706055","34,849998474121094","34,5","34,849998474121094","30,13326072692871","12000"
"2011-03-30T01:00:00.0000000+00:00","34,90999984741211","34,90999984741211","34,90999984741211","34,90999984741211","30,185138702392578","1000"
"2011-03-31T01:00:00.0000000+00:00","34,599998474121094","35,2400016784668","34,599998474121094","35,2400016784668","30,470476150512695","2000"
"2011-04-01T01:00:00.0000000+00:00","35","35,2400016784668","35","35,2400016784668","30,470476150512695","5000"
"2011-04-06T01:00:00.0000000+00:00","35,65999984741211","36","35,65999984741211","35,90999984741211","31,049800872802734","10000"
"2011-04-07T01:00:00.0000000+00:00","36,11000061035156","36,900001525878906","36,11000061035156","36,900001525878906","31,90580940246582","10000"
"2011-04-08T01:00:00.0000000+00:00","35,95000076293945","35,95000076293945","35,93000030517578","35,93000030517578","31,06709098815918","3000"
"2011-04-11T01:00:00.0000000+00:00","35,93000030517578","35,93000030517578","35,349998474121094","35,349998474121094","30,56558609008789","7000"
"2011-04-12T01:00:00.0000000+00:00","35,349998474121094","35,5099983215332","35,189998626708984","35,20000076293945","30,435890197753906","68000"
"2011-04-13T01:00:00.0000000+00:00","35,20000076293945","36,5","35,060001373291016","36,5","31,559946060180664","8000"
"2011-04-14T01:00:00.0000000+00:00","35,400001525878906","35,4900016784668","35,25","35,25","30,479124069213867","13000"
"2011-04-15T01:00:00.0000000+00:00","35,40999984741211","35,40999984741211","35,2599983215332","35,2599983215332","30,487768173217773","2000"
"2011-04-18T01:00:00.0000000+00:00","35,75","35,75","34,70000076293945","34,70000076293945","30,00356101989746","5000"
"2011-04-19T01:00:00.0000000+00:00","34,029998779296875","34,54999923706055","34,029998779296875","34,43000030517578","29,770103454589844","22000"
"2011-04-20T01:00:00.0000000+00:00","35,040000915527344","35,099998474121094","35,040000915527344","35,099998474121094","30,349422454833984","12000"
"2011-04-21T01:00:00.0000000+00:00","35,5","35,84000015258789","35,5","35,84000015258789","30,98927116394043","11000"
"2011-04-22T01:00:00.0000000+00:00","35,529998779296875","35,599998474121094","35,5","35,599998474121094","30,78175163269043","14000"
"2011-04-25T01:00:00.0000000+00:00","35,56999969482422","35,56999969482422","35,56999969482422","35,56999969482422","30,755809783935547","3000"
"2011-04-26T01:00:00.0000000+00:00","36,20000076293945","36,20000076293945","36,20000076293945","36,20000076293945","31,30054473876953","1000"
"2011-04-27T01:00:00.0000000+00:00","36,20000076293945","36,5","35,880001068115234","36,400001525878906","31,473480224609375","15000"
"2011-04-28T01:00:00.0000000+00:00","36,31999969482422","36,349998474121094","36,22999954223633","36,22999954223633","31,32648468017578","10000"
"2011-04-29T01:00:00.0000000+00:00","36,060001373291016","36,060001373291016","36,060001373291016","36,060001373291016","31,17949676513672","8000"
"2011-05-03T01:00:00.0000000+00:00","36,119998931884766","36,119998931884766","35,91999816894531","35,97999954223633","31,110322952270508","12000"
"2011-05-04T01:00:00.0000000+00:00","35,61000061035156","36,029998779296875","35,61000061035156","36,029998779296875","31,153553009033203","29000"
"2011-05-05T01:00:00.0000000+00:00","35,9900016784668","36,45000076293945","35,9900016784668","36,45000076293945","31,51671028137207","40000"
"2011-05-06T01:00:00.0000000+00:00","36,40999984741211","36,40999984741211","36,27000045776367","36,27000045776367","31,361074447631836","2000"
"2011-05-09T01:00:00.0000000+00:00","36,70000076293945","36,900001525878906","36,40999984741211","36,40999984741211","31,482120513916016","21000"
"2011-05-10T01:00:00.0000000+00:00","36,34000015258789","36,439998626708984","34,959999084472656","34,959999084472656","30,228370666503906","59000"
"2011-05-11T01:00:00.0000000+00:00","35,5","36,349998474121094","35,5","36,08000183105469","31,19678497314453","6000"
"2011-05-12T01:00:00.0000000+00:00","36,02000045776367","36,65999984741211","36,02000045776367","36,65999984741211","31,698287963867188","66000"
"2011-05-13T01:00:00.0000000+00:00","36,619998931884766","36,619998931884766","36,400001525878906","36,400001525878906","31,473480224609375","60000"
"2011-05-16T01:00:00.0000000+00:00","36","36","35,77000045776367","35,869998931884766","31,015209197998047","155000"
"2011-05-17T01:00:00.0000000+00:00","36","36","35,65999984741211","35,65999984741211","30,833635330200195","28000"
"2011-05-18T01:00:00.0000000+00:00","35,72999954223633","35,97999954223633","35,72999954223633","35,880001068115234","31,02385902404785","13000"
"2011-05-19T01:00:00.0000000+00:00","35,90999984741211","36,560001373291016","35,90999984741211","36,279998779296875","31,36971092224121","22000"
"2011-05-20T01:00:00.0000000+00:00","35,81999969482422","35,81999969482422","35,81999969482422","35,81999969482422","30,97197723388672","5000"
"2011-05-23T01:00:00.0000000+00:00","35,63999938964844","35,63999938964844","35,47999954223633","35,5","30,695281982421875","31000"
"2011-05-24T01:00:00.0000000+00:00","35,540000915527344","35,540000915527344","35,47999954223633","35,47999954223633","30,677995681762695","4000"
"2011-05-25T01:00:00.0000000+00:00","35,22999954223633","35,25","35,18000030517578","35,22999954223633","30,46182632446289","52000"
"2011-05-26T01:00:00.0000000+00:00","35,43000030517578","35,43000030517578","35,25","35,38999938964844","30,600173950195312","4000"
"2011-05-27T01:00:00.0000000+00:00","35,52000045776367","35,900001525878906","35,52000045776367","35,79999923706055","30,954687118530273","12000"
"2011-05-30T01:00:00.0000000+00:00","36,029998779296875","36,029998779296875","36,029998779296875","36,029998779296875","31,153553009033203","1000"
"2011-05-31T01:00:00.0000000+00:00","36,5","36,900001525878906","36,5","36,900001525878906","31,90580940246582","7000"
"2011-06-01T01:00:00.0000000+00:00","36,900001525878906","37,470001220703125","36,900001525878906","37,470001220703125","32,39866638183594","54000"
"2011-06-02T01:00:00.0000000+00:00","36,86000061035156","36,970001220703125","36,86000061035156","36,970001220703125","31,966331481933594","12000"
"2011-06-03T01:00:00.0000000+00:00","36,90999984741211","36,9900016784668","36,90999984741211","36,9900016784668","31,983619689941406","4000"
"2011-06-07T01:00:00.0000000+00:00","37","37,099998474121094","36,970001220703125","37,099998474121094","32,078739166259766","12000"
"2011-06-08T01:00:00.0000000+00:00","37,15999984741211","37,38999938964844","37,15999984741211","37,349998474121094","32,294898986816406","9000"
"2011-06-09T01:00:00.0000000+00:00","36,619998931884766","37,09000015258789","36,619998931884766","36,95000076293945","31,949033737182617","59000"
"2011-06-10T01:00:00.0000000+00:00","36,95000076293945","36,95000076293945","36","36","31,127614974975586","12000"
"2011-06-13T01:00:00.0000000+00:00","35,41999816894531","35,41999816894531","35,06999969482422","35,150001525878906","30,39265251159668","115000"
"2011-06-14T01:00:00.0000000+00:00","35,5","36,15999984741211","35,5","35,93000030517578","31,06709098815918","38000"
"2011-06-15T01:00:00.0000000+00:00","35,41999816894531","38,29999923706055","35,41999816894531","38,29999923706055","33,11632537841797","2000"
"2011-06-16T01:00:00.0000000+00:00","36,29999923706055","36,29999923706055","35,619998931884766","35,619998931884766","30,79904556274414","6000"
"2011-06-17T01:00:00.0000000+00:00","35","35","34,29999923706055","34,29999923706055","29,657699584960938","19000"
"2011-06-20T01:00:00.0000000+00:00","34,380001068115234","34,380001068115234","33,880001068115234","33,880001068115234","29,294544219970703","6000"
"2011-06-21T01:00:00.0000000+00:00","34,310001373291016","34,439998626708984","34,310001373291016","34,439998626708984","29,778749465942383","24000"
"2011-06-22T01:00:00.0000000+00:00","34,79999923706055","34,79999923706055","34,119998931884766","34,119998931884766","29,50206184387207","10000"
"2011-06-23T01:00:00.0000000+00:00","34,5","34,630001068115234","34,5","34,59000015258789","29,908449172973633","7000"
"2011-06-24T01:00:00.0000000+00:00","34","34","34","34","29,39830207824707","1000"
"2011-06-27T01:00:00.0000000+00:00","33,5","33,5099983215332","33,5","33,5099983215332","28,974618911743164","2000"
"2011-06-28T01:00:00.0000000+00:00","34,0099983215332","34,02000045776367","33,970001220703125","34,02000045776367","29,415597915649414","12000"
"2011-06-29T01:00:00.0000000+00:00","34,0099983215332","34,13999938964844","33,90999984741211","34,04999923706055","29,44153594970703","32000"
"2011-06-30T01:00:00.0000000+00:00","33,900001525878906","34,0099983215332","33,900001525878906","34,0099983215332","29,40694808959961","3000"
"2011-07-01T01:00:00.0000000+00:00","34,349998474121094","34,349998474121094","34,349998474121094","34,349998474121094","29,700931549072266","1000"
"2011-07-04T01:00:00.0000000+00:00","34,34000015258789","34,560001373291016","34,34000015258789","34,560001373291016","29,88250732421875","2000"
"2011-07-05T01:00:00.0000000+00:00","34,439998626708984","34,439998626708984","34,439998626708984","34,439998626708984","29,778749465942383","3000"
"2011-07-06T01:00:00.0000000+00:00","34,439998626708984","34,79999923706055","34,439998626708984","34,79999923706055","30,090028762817383","3000"
"2011-07-07T01:00:00.0000000+00:00","34,54999923706055","34,54999923706055","34,290000915527344","34,290000915527344","29,6490535736084","10000"
"2011-07-08T01:00:00.0000000+00:00","34,189998626708984","34,5","33,95000076293945","34,02000045776367","29,415597915649414","9000"
"2011-07-11T01:00:00.0000000+00:00","33,810001373291016","33,810001373291016","33,380001068115234","33,380001068115234","28,86221694946289","8000"
"2011-07-12T01:00:00.0000000+00:00","33,349998474121094","34","32,5","32,5","28,101318359375","22000"
"2011-07-13T01:00:00.0000000+00:00","32,810001373291016","32,810001373291016","32,2599983215332","32,45000076293945","28,058088302612305","205000"
"2011-07-14T01:00:00.0000000+00:00","32,79999923706055","32,79999923706055","32,79999923706055","32,79999923706055","28,360713958740234","1000"
"2011-07-15T01:00:00.0000000+00:00","32,369998931884766","32,79999923706055","32,369998931884766","32,65999984741211","28,239662170410156","65000"
"2011-07-18T01:00:00.0000000+00:00","32,290000915527344","32,33000183105469","32,04999923706055","32,310001373291016","27,937034606933594","7000"
"2011-07-19T01:00:00.0000000+00:00","32,15999984741211","32,18000030517578","31,899999618530273","31,899999618530273","27,58252716064453","16000"
"2011-07-20T01:00:00.0000000+00:00","32,5","33,02000045776367","32,5","33,0099983215332","28,54228973388672","43000"
"2011-07-21T01:00:00.0000000+00:00","33,2400016784668","33,27000045776367","33,2400016784668","33,27000045776367","28,76710319519043","8000"
"2011-07-22T01:00:00.0000000+00:00","33,5","33,869998931884766","33,5","33,869998931884766","29,2858943939209","4000"
"2011-07-25T01:00:00.0000000+00:00","33,540000915527344","33,540000915527344","33,5099983215332","33,540000915527344","29,00056266784668","14000"
"2011-07-26T01:00:00.0000000+00:00","33,54999923706055","34,790000915527344","33,54999923706055","34,790000915527344","30,081378936767578","10000"
"2011-07-27T01:00:00.0000000+00:00","34,70000076293945","35,29999923706055","33,849998474121094","34,290000915527344","29,6490535736084","15000"
"2011-07-28T01:00:00.0000000+00:00","34,2400016784668","34,2400016784668","33,70000076293945","34,08000183105469","29,46747398376465","34000"
"2011-07-29T01:00:00.0000000+00:00","33,869998931884766","33,869998931884766","33","33","28,533649444580078","18000"
"2011-08-01T01:00:00.0000000+00:00","33,25","33,599998474121094","33,25","33,599998474121094","29,052433013916016","24000"
"2011-08-02T01:00:00.0000000+00:00","33,369998931884766","33,41999816894531","33,369998931884766","33,41999816894531","28,896799087524414","3000"
"2011-08-03T01:00:00.0000000+00:00","33","33","32,47999954223633","32,79999923706055","28,360713958740234","11000"
"2011-08-04T01:00:00.0000000+00:00","32,689998626708984","32,939998626708984","32,11000061035156","32,11000061035156","27,76410484313965","9000"
"2011-08-05T01:00:00.0000000+00:00","31,5","31,5","30","30","25,939678192138672","26000"
"2011-08-08T01:00:00.0000000+00:00","29,739999771118164","30,079999923706055","29","29","25,075021743774414","22000"
"2011-08-09T01:00:00.0000000+00:00","28,5","28,799999237060547","27,799999237060547","28,799999237060547","24,90209197998047","48000"
"2011-08-10T01:00:00.0000000+00:00","29","30,059999465942383","29","30","25,939678192138672","14000"
"2011-08-11T01:00:00.0000000+00:00","29","29,93000030517578","29","29,93000030517578","25,879154205322266","13000"
"2011-08-12T01:00:00.0000000+00:00","30,5","30,799999237060547","29,989999771118164","29,989999771118164","25,931032180786133","15000"
"2011-08-15T01:00:00.0000000+00:00","30,700000762939453","32,08000183105469","30,34000015258789","30,34000015258789","26,233659744262695","17000"
"2011-08-16T01:00:00.0000000+00:00","30,799999237060547","30,799999237060547","30,399999618530273","30,5","26,372005462646484","13000"
"2011-08-17T01:00:00.0000000+00:00","30,34000015258789","30,34000015258789","29,940000534057617","29,989999771118164","25,931032180786133","21000"
"2011-08-18T01:00:00.0000000+00:00","29,700000762939453","29,700000762939453","28,739999771118164","28,739999771118164","24,850210189819336","133000"
"2011-08-19T01:00:00.0000000+00:00","27,799999237060547","28,559999465942383","27,799999237060547","28,219999313354492","24,400588989257812","144000"
"2011-08-22T01:00:00.0000000+00:00","27,959999084472656","28,799999237060547","27,959999084472656","28,18000030517578","24,366004943847656","88000"
"2011-08-23T01:00:00.0000000+00:00","28,899999618530273","29,299999237060547","28,799999237060547","29,299999237060547","25,33441925048828","5000"
"2011-08-24T01:00:00.0000000+00:00","30","30","29,219999313354492","29,219999313354492","25,265247344970703","5000"
"2011-08-25T01:00:00.0000000+00:00","30,299999237060547","31,100000381469727","29,1200008392334","29,1200008392334","25,178781509399414","57000"
"2011-08-26T01:00:00.0000000+00:00","29,799999237060547","29,799999237060547","29,799999237060547","29,799999237060547","25,766748428344727","1000"
"2011-08-29T01:00:00.0000000+00:00","29,940000534057617","31","29,940000534057617","30,649999618530273","26,5017032623291","14000"
"2011-08-30T01:00:00.0000000+00:00","30,8799991607666","30,8799991607666","30,549999237060547","30,81999969482422","26,648696899414062","7000"
"2011-08-31T01:00:00.0000000+00:00","30,200000762939453","30,549999237060547","30,200000762939453","30,510000228881836","26,38065528869629","35000"
"2011-09-01T01:00:00.0000000+00:00","30,600000381469727","31","30,600000381469727","30,850000381469727","26,674636840820312","8000"
"2011-09-02T01:00:00.0000000+00:00","30,399999618530273","30,399999618530273","30,170000076293945","30,170000076293945","26,086669921875","3000"
"2011-09-05T01:00:00.0000000+00:00","29,049999237060547","29,709999084472656","29,049999237060547","29,649999618530273","25,637046813964844","26000"
"2011-09-06T01:00:00.0000000+00:00","29,5","29,5","29,079999923706055","29,079999923706055","25,144193649291992","79000"
"2011-09-07T01:00:00.0000000+00:00","29,469999313354492","29,799999237060547","29,469999313354492","29,799999237060547","25,766748428344727","10000"
"2011-09-08T01:00:00.0000000+00:00","30,34000015258789","30,459999084472656","30,34000015258789","30,399999618530273","26,285541534423828","7000"
"2011-09-09T01:00:00.0000000+00:00","30,530000686645508","30,799999237060547","30,530000686645508","30,799999237060547","26,63140296936035","6000"
"2011-09-13T01:00:00.0000000+00:00","30,59000015258789","30,59000015258789","30,270000457763672","30,270000457763672","26,17313575744629","6000"
"2011-09-14T01:00:00.0000000+00:00","30,59000015258789","30,68000030517578","29,700000762939453","29,700000762939453","25,680282592773438","11000"
"2011-09-15T01:00:00.0000000+00:00","30,299999237060547","30,600000381469727","30,299999237060547","30,559999465942383","26,423885345458984","32000"
"2011-09-16T01:00:00.0000000+00:00","30,899999618530273","31,600000381469727","30,899999618530273","31,600000381469727","27,323131561279297","11000"
"2011-09-19T01:00:00.0000000+00:00","31,530000686645508","31,59000015258789","31,219999313354492","31,219999313354492","26,994558334350586","9000"
"2011-09-20T01:00:00.0000000+00:00","31,100000381469727","31,350000381469727","31,010000228881836","31,350000381469727","27,106964111328125","33000"
"2011-09-21T01:00:00.0000000+00:00","31,420000076293945","31,84000015258789","31,420000076293945","31,84000015258789","27,530641555786133","79000"
"2011-09-22T01:00:00.0000000+00:00","31,399999618530273","31,399999618530273","30,780000686645508","30,860000610351562","26,68328285217285","220000"
"2011-09-23T01:00:00.0000000+00:00","30,25","30,25","29,780000686645508","29,799999237060547","25,766748428344727","74000"
"2011-09-26T01:00:00.0000000+00:00","29,68000030517578","29,68000030517578","28,860000610351562","28,860000610351562","24,95397186279297","93000"
"2011-09-27T01:00:00.0000000+00:00","29,299999237060547","30,09000015258789","29,299999237060547","30","25,939678192138672","42000"
"2011-09-28T01:00:00.0000000+00:00","30,260000228881836","30,399999618530273","30,149999618530273","30,389999389648438","26,276893615722656","12000"
"2011-09-29T01:00:00.0000000+00:00","29,90999984741211","30,350000381469727","29,860000610351562","30,350000381469727","26,2423095703125","4000"
"2011-09-30T01:00:00.0000000+00:00","30,399999618530273","30,399999618530273","30,399999618530273","30,399999618530273","26,285541534423828","3000"
"2011-10-03T01:00:00.0000000+00:00","30","30,06999969482422","29,670000076293945","29,850000381469727","25,80998420715332","14000"
"2011-10-04T01:00:00.0000000+00:00","29,5","29,639999389648438","29,5","29,639999389648438","25,628402709960938","5000"
"2011-10-05T01:00:00.0000000+00:00","29,899999618530273","29,899999618530273","28,299999237060547","28,299999237060547","24,469762802124023","11000"
"2011-10-06T01:00:00.0000000+00:00","29,649999618530273","30,270000457763672","29,649999618530273","29,809999465942383","25,775394439697266","13000"
"2011-10-07T01:00:00.0000000+00:00","30,190000534057617","30,25","30,190000534057617","30,25","26,155839920043945","7000"
"2011-10-11T01:00:00.0000000+00:00","30,799999237060547","30,799999237060547","30,469999313354492","30,68000030517578","26,52764129638672","24000"
"2011-10-12T01:00:00.0000000+00:00","30,84000015258789","31","30,84000015258789","31","26,80433464050293","6000"
"2011-10-13T01:00:00.0000000+00:00","31,079999923706055","31,299999237060547","30,969999313354492","31,299999237060547","27,063730239868164","19000"
"2011-10-14T01:00:00.0000000+00:00","31","31","31","31","26,80433464050293","1000"
"2011-10-17T01:00:00.0000000+00:00","31,200000762939453","31,399999618530273","31,200000762939453","31,399999618530273","27,150196075439453","9000"
"2011-10-18T01:00:00.0000000+00:00","30,920000076293945","30,920000076293945","30,709999084472656","30,709999084472656","26,553585052490234","13000"
"2011-10-19T01:00:00.0000000+00:00","30,709999084472656","31,049999237060547","30,709999084472656","30,860000610351562","26,68328285217285","16000"
"2011-10-20T01:00:00.0000000+00:00","30,5","30,5","30,469999313354492","30,469999313354492","26,3460636138916","2000"
"2011-10-21T01:00:00.0000000+00:00","30","30","29,93000030517578","29,93000030517578","25,879154205322266","7000"
"2011-10-24T01:00:00.0000000+00:00","30,299999237060547","31,09000015258789","30,299999237060547","31,040000915527344","26,838918685913086","9000"
"2011-10-25T01:00:00.0000000+00:00","31,079999923706055","31,149999618530273","30,959999084472656","30,959999084472656","26,76974868774414","9000"
"2011-10-26T01:00:00.0000000+00:00","30,709999084472656","31,09000015258789","30,709999084472656","31,09000015258789","26,882152557373047","2000"
"2011-10-27T01:00:00.0000000+00:00","31,219999313354492","31,31999969482422","31,219999313354492","31,31999969482422","27,08102035522461","9000"
"2011-10-28T01:00:00.0000000+00:00","31,799999237060547","31,799999237060547","31,209999084472656","31,260000228881836","27,029144287109375","162000"
"2011-10-31T01:00:00.0000000+00:00","31,739999771118164","31,739999771118164","31,739999771118164","31,739999771118164","27,44417953491211","1000"
"2011-11-01T01:00:00.0000000+00:00","31","31,299999237060547","30,889999389648438","31,299999237060547","27,063730239868164","33000"
"2011-11-02T01:00:00.0000000+00:00","31","31,530000686645508","31","31,530000686645508","27,262603759765625","5000"
"2011-11-03T01:00:00.0000000+00:00","31,389999389648438","31,389999389648438","30,979999542236328","30,979999542236328","26,78704071044922","3000"
"2011-11-04T01:00:00.0000000+00:00","31,299999237060547","31,3799991607666","31,299999237060547","31,3799991607666","27,132902145385742","13000"
"2011-11-07T01:00:00.0000000+00:00","31,639999389648438","31,700000762939453","31,639999389648438","31,700000762939453","27,409597396850586","3000"
"2011-11-08T01:00:00.0000000+00:00","31,739999771118164","31,739999771118164","31,5","31,5","27,23666000366211","7000"
"2011-11-09T01:00:00.0000000+00:00","31,799999237060547","31,799999237060547","31,799999237060547","31,799999237060547","27,496057510375977","2000"
"2011-11-10T01:00:00.0000000+00:00","30,979999542236328","30,979999542236328","30,3799991607666","30,3799991607666","26,26824378967285","10000"
"2011-11-11T01:00:00.0000000+00:00","30,799999237060547","30,799999237060547","30,799999237060547","30,799999237060547","26,63140296936035","2000"
"2011-11-14T01:00:00.0000000+00:00","31,350000381469727","31,940000534057617","31,350000381469727","31,940000534057617","27,617111206054688","13000"
"2011-11-15T01:00:00.0000000+00:00","31,899999618530273","31,899999618530273","31,850000381469727","31,850000381469727","27,53929328918457","3000"
"2011-11-16T01:00:00.0000000+00:00","31,690000534057617","31,690000534057617","31,5","31,5","27,23666000366211","3000"
"2011-11-17T01:00:00.0000000+00:00","31,479999542236328","31,600000381469727","31,479999542236328","31,5","27,23666000366211","7000"
"2011-11-18T01:00:00.0000000+00:00","31,280000686645508","31,280000686645508","31","31","26,80433464050293","2000"
"2011-11-21T01:00:00.0000000+00:00","30,5","30,5","30,350000381469727","30,350000381469727","26,2423095703125","4000"
"2011-11-22T01:00:00.0000000+00:00","30,110000610351562","30,260000228881836","29,8799991607666","30","25,939678192138672","12000"
"2011-11-23T01:00:00.0000000+00:00","29,860000610351562","29,860000610351562","29,200000762939453","29,200000762939453","25,247953414916992","14000"
"2011-11-24T01:00:00.0000000+00:00","29","29","28,579999923706055","28,6200008392334","24,74645233154297","34000"
"2011-11-25T01:00:00.0000000+00:00","28,739999771118164","28,780000686645508","28,31999969482422","28,31999969482422","24,487058639526367","314000"
"2011-11-28T01:00:00.0000000+00:00","28,799999237060547","29,219999313354492","28,799999237060547","29,219999313354492","25,265247344970703","4000"
"2011-11-29T01:00:00.0000000+00:00","29,149999618530273","29,280000686645508","29,139999389648438","29,280000686645508","25,317127227783203","10000"
"2011-11-30T01:00:00.0000000+00:00","29,299999237060547","29,43000030517578","29","29,34000015258789","25,36900520324707","53000"
"2011-12-01T01:00:00.0000000+00:00","29,6200008392334","30,56999969482422","29,6200008392334","30,43000030517578","26,311479568481445","90000"
"2011-12-02T01:00:00.0000000+00:00","30,43000030517578","30,43000030517578","30,43000030517578","30,43000030517578","26,311479568481445","1000"
"2011-12-05T01:00:00.0000000+00:00","30,18000030517578","30,18000030517578","29,899999618530273","29,899999618530273","25,85321044921875","6000"
"2011-12-06T01:00:00.0000000+00:00","29,799999237060547","29,799999237060547","29,5","29,5","25,507349014282227","4000"
"2011-12-07T01:00:00.0000000+00:00","29,649999618530273","29,649999618530273","29,5","29,5","25,507349014282227","8000"
"2011-12-08T01:00:00.0000000+00:00","29,100000381469727","29,100000381469727","29,100000381469727","29,100000381469727","25,16148567199707","1000"
"2011-12-09T01:00:00.0000000+00:00","28,81999969482422","29,059999465942383","28,780000686645508","28,93000030517578","25,01449966430664","29000"
"2011-12-12T01:00:00.0000000+00:00","29,299999237060547","29,299999237060547","29,15999984741211","29,15999984741211","25,213367462158203","2000"
"2011-12-13T01:00:00.0000000+00:00","28,850000381469727","29,010000228881836","28,850000381469727","29,010000228881836","25,08366584777832","3000"
"2011-12-14T01:00:00.0000000+00:00","29,100000381469727","29,100000381469727","29,100000381469727","29,100000381469727","25,16148567199707","3000"
"2011-12-15T01:00:00.0000000+00:00","28,520000457763672","28,520000457763672","28,40999984741211","28,40999984741211","24,564878463745117","2000"
"2011-12-16T01:00:00.0000000+00:00","28,3799991607666","28,399999618530273","28,3799991607666","28,399999618530273","24,556228637695312","2000"
"2011-12-19T01:00:00.0000000+00:00","28,360000610351562","28,360000610351562","28,280000686645508","28,280000686645508","24,452470779418945","6000"
"2011-12-20T01:00:00.0000000+00:00","28,399999618530273","28,5","28,399999618530273","28,5","24,642696380615234","3000"
"2011-12-21T01:00:00.0000000+00:00","29,100000381469727","29,780000686645508","29,100000381469727","29,75","25,7235164642334","8000"
"2011-12-22T01:00:00.0000000+00:00","29,520000457763672","29,520000457763672","29,520000457763672","29,520000457763672","25,524642944335938","1000"
"2011-12-23T01:00:00.0000000+00:00","29,799999237060547","30,049999237060547","29,799999237060547","30,049999237060547","25,982912063598633","12000"
"2011-12-26T01:00:00.0000000+00:00","29,989999771118164","29,989999771118164","29,989999771118164","29,989999771118164","25,931032180786133","1000"
"2011-12-27T01:00:00.0000000+00:00","29,950000762939453","29,950000762939453","28,899999618530273","29,190000534057617","25,23930549621582","23000"
"2011-12-28T01:00:00.0000000+00:00","29,190000534057617","29,799999237060547","29,190000534057617","29,770000457763672","25,740806579589844","18000"
"2011-12-29T01:00:00.0000000+00:00","29,739999771118164","30,040000915527344","29,739999771118164","30,040000915527344","25,974266052246094","18000"
"2011-12-30T01:00:00.0000000+00:00","29,950000762939453","29,950000762939453","29,950000762939453","29,950000762939453","25,896446228027344","0"
"2012-01-02T01:00:00.0000000+00:00","29,510000228881836","29,510000228881836","29,510000228881836","29,510000228881836","25,515995025634766","0"
"2012-01-03T01:00:00.0000000+00:00","29,959999084472656","29,959999084472656","29,959999084472656","29,959999084472656","25,90509605407715","0"
"2012-01-04T01:00:00.0000000+00:00","30,190000534057617","30,190000534057617","30,190000534057617","30,190000534057617","26,10396385192871","0"
"2012-01-05T01:00:00.0000000+00:00","30,40999984741211","30,40999984741211","30,40999984741211","30,40999984741211","26,294185638427734","0"
"2012-01-06T01:00:00.0000000+00:00","30,190000534057617","30,190000534057617","30","30","25,939678192138672","2000"
"2012-01-09T01:00:00.0000000+00:00","30","30,06999969482422","30","30,06999969482422","26,000202178955078","4000"
"2012-01-10T01:00:00.0000000+00:00","30,190000534057617","30,31999969482422","30,190000534057617","30,200000762939453","26,112607955932617","11000"
"2012-01-11T01:00:00.0000000+00:00","30,65999984741211","30,65999984741211","30,65999984741211","30,65999984741211","26,510351181030273","1000"
"2012-01-12T01:00:00.0000000+00:00","30,510000228881836","30,579999923706055","30,510000228881836","30,579999923706055","26,441181182861328","42000"
"2012-01-13T01:00:00.0000000+00:00","30,600000381469727","31,030000686645508","30,600000381469727","30,850000381469727","26,674636840820312","27000"
"2012-01-16T01:00:00.0000000+00:00","30,549999237060547","30,559999465942383","30,239999771118164","30,239999771118164","26,14719581604004","29000"
"2012-01-17T01:00:00.0000000+00:00","30,360000610351562","30,420000076293945","30,260000228881836","30,260000228881836","26,164487838745117","8000"
"2012-01-18T01:00:00.0000000+00:00","30,690000534057617","30,799999237060547","30,6200008392334","30,790000915527344","26,62275505065918","24000"
"2012-01-30T01:00:00.0000000+00:00","31","31,850000381469727","31","31,850000381469727","27,53929328918457","225000"
"2012-01-31T01:00:00.0000000+00:00","32","32","31,829999923706055","31,829999923706055","27,52199935913086","8000"
"2012-02-01T01:00:00.0000000+00:00","31,5","32,119998931884766","31,5","32,119998931884766","27,772747039794922","8000"
"2012-02-02T01:00:00.0000000+00:00","31,549999237060547","32,22999954223633","31,549999237060547","32,09000015258789","27,746809005737305","35000"
"2012-02-03T01:00:00.0000000+00:00","32,29999923706055","32,45000076293945","32,279998779296875","32,33000183105469","27,954328536987305","15000"
"2012-02-06T01:00:00.0000000+00:00","32,5","32,650001525878906","32,5","32,54999923706055","28,14455223083496","16000"
"2012-02-07T01:00:00.0000000+00:00","32,41999816894531","32,41999816894531","32,279998779296875","32,279998779296875","27,911096572875977","15000"
"2012-02-08T01:00:00.0000000+00:00","32,79999923706055","33,0099983215332","32,709999084472656","32,75","28,31747817993164","17000"
"2012-02-09T01:00:00.0000000+00:00","32,810001373291016","33","32,810001373291016","33","28,533649444580078","8000"
"2012-02-10T01:00:00.0000000+00:00","33,09000015258789","33,119998931884766","32,150001525878906","32,150001525878906","27,798690795898438","15000"
"2012-02-13T01:00:00.0000000+00:00","32,529998779296875","32,970001220703125","32,529998779296875","32,970001220703125","28,507709503173828","18000"
"2012-02-14T01:00:00.0000000+00:00","32,959999084472656","33,290000915527344","32,959999084472656","33,290000915527344","28,78439712524414","4000"
"2012-02-15T01:00:00.0000000+00:00","33,25","33,5","33,20000076293945","33,20000076293945","28,706581115722656","26000"
"2012-02-16T01:00:00.0000000+00:00","33,540000915527344","33,540000915527344","33,099998474121094","33,099998474121094","28,620113372802734","24000"
"2012-02-17T01:00:00.0000000+00:00","33,66999816894531","33,79999923706055","33,52000045776367","33,52000045776367","28,98326873779297","11000"
"2012-02-20T01:00:00.0000000+00:00","33,310001373291016","33,33000183105469","33,310001373291016","33,33000183105469","28,818984985351562","10000"
"2012-02-21T01:00:00.0000000+00:00","33,459999084472656","33,459999084472656","33,04999923706055","33,099998474121094","28,620113372802734","9000"
"2012-02-22T01:00:00.0000000+00:00","33,15999984741211","33,720001220703125","33,15999984741211","33,68000030517578","29,121614456176758","33000"
"2012-02-23T01:00:00.0000000+00:00","33,540000915527344","33,65999984741211","33,0099983215332","33,65999984741211","29,104320526123047","7000"
"2012-02-24T01:00:00.0000000+00:00","33,5","33,5","33,29999923706055","33,369998931884766","28,85357093811035","5000"
"2012-02-29T01:00:00.0000000+00:00","33,79999923706055","34,25","33,79999923706055","34,2400016784668","29,605819702148438","40000"
"2012-03-01T01:00:00.0000000+00:00","34,20000076293945","34,70000076293945","34,20000076293945","34,400001525878906","29,744165420532227","9000"
"2012-03-02T01:00:00.0000000+00:00","34,75","34,75","34,75","34,75","30,046796798706055","1000"
"2012-03-05T01:00:00.0000000+00:00","33,7599983215332","33,7599983215332","33,689998626708984","33,689998626708984","29,13025665283203","11000"
"2012-03-06T01:00:00.0000000+00:00","33,5","33,5","32,95000076293945","33,400001525878906","28,879512786865234","21000"
"2012-03-07T01:00:00.0000000+00:00","32,5","33,599998474121094","32,5","33,400001525878906","28,879512786865234","16000"
"2012-03-08T01:00:00.0000000+00:00","35,29999923706055","35,29999923706055","33,5","33,5","28,965974807739258","6000"
"2012-03-09T01:00:00.0000000+00:00","33,119998931884766","33,22999954223633","33,119998931884766","33,22999954223633","28,73251724243164","9000"
"2012-03-12T01:00:00.0000000+00:00","33,369998931884766","33,369998931884766","33,150001525878906","33,150001525878906","28,663349151611328","7000"
"2012-03-13T01:00:00.0000000+00:00","33,36000061035156","33,400001525878906","33,209999084472656","33,400001525878906","28,879512786865234","11000"
"2012-03-14T01:00:00.0000000+00:00","33,79999923706055","34,18000030517578","33,79999923706055","34,18000030517578","29,553937911987305","27000"
"2012-03-15T01:00:00.0000000+00:00","34","34","33,54999923706055","33,599998474121094","29,052433013916016","8000"
"2012-03-16T01:00:00.0000000+00:00","34,08000183105469","34,08000183105469","33,84000015258789","33,84000015258789","29,259958267211914","2000"
"2012-03-19T01:00:00.0000000+00:00","34,29999923706055","34,5","33,720001220703125","33,720001220703125","29,156198501586914","41000"
"2012-03-20T01:00:00.0000000+00:00","34,13999938964844","34,13999938964844","33,75","33,810001373291016","29,234018325805664","18000"
"2012-03-21T01:00:00.0000000+00:00","33,970001220703125","34,189998626708984","33,970001220703125","34,189998626708984","29,56258773803711","8000"
"2012-03-22T01:00:00.0000000+00:00","34,27000045776367","34,68000030517578","34,27000045776367","34,45000076293945","29,787397384643555","50000"
"2012-03-23T01:00:00.0000000+00:00","34,45000076293945","34,470001220703125","34,290000915527344","34,290000915527344","29,6490535736084","41000"
"2012-03-26T01:00:00.0000000+00:00","34,27000045776367","34,27000045776367","33,97999954223633","33,97999954223633","29,38100814819336","11000"
"2012-03-27T01:00:00.0000000+00:00","34,290000915527344","34,439998626708984","34,16999816894531","34,16999816894531","29,5452938079834","30000"
"2012-03-28T01:00:00.0000000+00:00","34,70000076293945","34,70000076293945","34,40999984741211","34,689998626708984","29,994915008544922","36000"
"2012-03-29T01:00:00.0000000+00:00","34,540000915527344","34,540000915527344","33,41999816894531","33,41999816894531","28,896799087524414","19000"
"2012-03-30T01:00:00.0000000+00:00","33,439998626708984","33,650001525878906","33,439998626708984","33,650001525878906","29,095670700073242","4000"
"2012-04-02T01:00:00.0000000+00:00","33,560001373291016","33,560001373291016","33,560001373291016","33,560001373291016","29,017852783203125","1000"
"2012-04-03T01:00:00.0000000+00:00","33,650001525878906","33,650001525878906","33,209999084472656","33,209999084472656","28,71522331237793","4000"
"2012-04-05T01:00:00.0000000+00:00","32,77000045776367","32,779998779296875","32,5","32,72999954223633","28,300188064575195","8000"
"2012-04-06T01:00:00.0000000+00:00","32,88999938964844","33,060001373291016","32,88999938964844","33,060001373291016","28,585525512695312","5000"
"2012-04-09T01:00:00.0000000+00:00","32,59000015258789","32,83000183105469","32,54999923706055","32,779998779296875","28,34341812133789","6000"
"2012-04-10T01:00:00.0000000+00:00","32,90999984741211","32,90999984741211","32,5","32,599998474121094","28,187782287597656","6000"
"2012-04-11T01:00:00.0000000+00:00","32,47999954223633","32,75","32,47999954223633","32,66999816894531","28,248310089111328","6000"
"2012-04-12T01:00:00.0000000+00:00","32,79999923706055","32,90999984741211","32,61000061035156","32,90999984741211","28,455825805664062","8000"
"2012-04-13T01:00:00.0000000+00:00","33,209999084472656","33,5","33,13999938964844","33,439998626708984","28,914093017578125","10000"
"2012-04-16T01:00:00.0000000+00:00","33,33000183105469","33,400001525878906","33,33000183105469","33,400001525878906","28,879512786865234","6000"
"2012-04-17T01:00:00.0000000+00:00","33,04999923706055","33,04999923706055","32,79999923706055","32,79999923706055","28,360713958740234","11000"
"2012-04-18T01:00:00.0000000+00:00","33","33","32,7599983215332","32,900001525878906","28,447181701660156","21000"
"2012-04-19T01:00:00.0000000+00:00","32,79999923706055","33","32,79999923706055","32,869998931884766","28,421236038208008","7000"
"2012-04-20T01:00:00.0000000+00:00","33","33","32,599998474121094","32,599998474121094","28,187782287597656","16000"
"2012-04-23T01:00:00.0000000+00:00","32,5","32,5","32,189998626708984","32,189998626708984","27,83327293395996","4000"
"2012-04-24T01:00:00.0000000+00:00","32,65999984741211","32,65999984741211","32,279998779296875","32,36000061035156","27,980266571044922","7000"
"2012-04-25T01:00:00.0000000+00:00","32,47999954223633","32,61000061035156","32,47999954223633","32,61000061035156","28,19643211364746","3000"
"2012-04-26T01:00:00.0000000+00:00","32,619998931884766","32,619998931884766","32,400001525878906","32,400001525878906","28,014854431152344","6000"
"2012-04-27T01:00:00.0000000+00:00","33","34,65999984741211","33","34,65999984741211","29,96897315979004","9000"
"2012-04-30T01:00:00.0000000+00:00","33","33","32,5","32,58000183105469","28,17049217224121","7000"
"2012-05-02T01:00:00.0000000+00:00","33","33,900001525878906","33","33,880001068115234","29,294544219970703","24000"
"2012-05-03T01:00:00.0000000+00:00","33,810001373291016","34","33,79999923706055","33,79999923706055","29,22536849975586","18000"
"2012-05-04T01:00:00.0000000+00:00","33,79999923706055","34,09000015258789","33,7599983215332","33,900001525878906","29,311838150024414","13000"
"2012-05-07T01:00:00.0000000+00:00","33","33","30,530000686645508","30,530000686645508","26,397947311401367","16000"
"2012-05-08T01:00:00.0000000+00:00","31","31","30,6200008392334","30,6200008392334","26,475767135620117","8000"
"2012-05-09T01:00:00.0000000+00:00","30,5","30,5","30,040000915527344","30,450000762939453","26,328773498535156","10000"
"2012-05-10T01:00:00.0000000+00:00","30,309999465942383","30,309999465942383","30,309999465942383","30,309999465942383","26,207719802856445","2000"
"2012-05-11T01:00:00.0000000+00:00","30,34000015258789","30,34000015258789","30,34000015258789","30,34000015258789","26,233659744262695","1000"
"2012-05-14T01:00:00.0000000+00:00","30,299999237060547","30,299999237060547","30,299999237060547","30,299999237060547","26,199073791503906","0"
"2012-05-15T01:00:00.0000000+00:00","30,100000381469727","31","30,100000381469727","31","26,80433464050293","3000"
"2012-05-16T01:00:00.0000000+00:00","30,5","30,5","29,700000762939453","29,700000762939453","25,680282592773438","17000"
"2012-05-17T01:00:00.0000000+00:00","29,780000686645508","29,860000610351562","29,780000686645508","29,84000015258789","25,80133628845215","6000"
"2012-05-18T01:00:00.0000000+00:00","29,610000610351562","29,68000030517578","28,850000381469727","28,850000381469727","24,945323944091797","52000"
"2012-05-21T01:00:00.0000000+00:00","29,299999237060547","29,299999237060547","29,299999237060547","29,299999237060547","25,33441925048828","1000"
"2012-05-22T01:00:00.0000000+00:00","29,450000762939453","29,450000762939453","29,450000762939453","29,450000762939453","25,46411895751953","0"
"2012-05-23T01:00:00.0000000+00:00","28,969999313354492","28,969999313354492","28,350000381469727","28,350000381469727","24,51299476623535","7000"
"2012-05-24T01:00:00.0000000+00:00","28,360000610351562","28,5","28,360000610351562","28,5","24,642696380615234","6000"
"2012-05-25T01:00:00.0000000+00:00","28,299999237060547","28,350000381469727","28,149999618530273","28,350000381469727","24,51299476623535","5000"
"2012-05-28T01:00:00.0000000+00:00","28,440000534057617","28,440000534057617","28,440000534057617","28,440000534057617","24,5908145904541","1000"
"2012-05-29T01:00:00.0000000+00:00","29","29,799999237060547","29","29,799999237060547","25,766748428344727","7000"
"2012-05-30T01:00:00.0000000+00:00","29","29","28,610000610351562","28,610000610351562","24,737804412841797","23000"
"2012-05-31T01:00:00.0000000+00:00","28,600000381469727","28,979999542236328","28,600000381469727","28,809999465942383","24,910736083984375","23000"
"2012-06-01T01:00:00.0000000+00:00","28,829999923706055","28,829999923706055","28,479999542236328","28,479999542236328","24,625404357910156","5000"
"2012-06-04T01:00:00.0000000+00:00","28","28","27,260000228881836","27,260000228881836","23,570518493652344","14000"
"2012-06-05T01:00:00.0000000+00:00","27,649999618530273","27,809999465942383","27,299999237060547","27,299999237060547","23,605106353759766","10000"
"2012-06-06T01:00:00.0000000+00:00","27,510000228881836","27,530000686645508","27,510000228881836","27,530000686645508","23,803977966308594","3000"
"2012-06-07T01:00:00.0000000+00:00","28,09000015258789","28,09000015258789","28,09000015258789","28,09000015258789","24,288188934326172","14000"
"2012-06-08T01:00:00.0000000+00:00","28,5","30,049999237060547","27,639999389648438","30,049999237060547","25,982912063598633","15000"
"2012-06-11T01:00:00.0000000+00:00","28,5","30,049999237060547","28,5","30,049999237060547","25,982912063598633","7000"
"2012-06-12T01:00:00.0000000+00:00","30,049999237060547","30,049999237060547","28,5","28,5","24,642696380615234","5000"
"2012-06-13T01:00:00.0000000+00:00","29","29,350000381469727","29","29,350000381469727","25,37765121459961","2000"
"2012-06-14T01:00:00.0000000+00:00","27,979999542236328","27,979999542236328","27,979999542236328","27,979999542236328","24,19307518005371","0"
"2012-06-15T01:00:00.0000000+00:00","28,5","29","28,059999465942383","29","25,075021743774414","10000"
"2012-06-18T01:00:00.0000000+00:00","29,399999618530273","29,399999618530273","29,399999618530273","29,399999618530273","25,42088508605957","1000"
"2012-06-19T01:00:00.0000000+00:00","29,5","29,5","28,899999618530273","28,899999618530273","24,988554000854492","5000"
"2012-06-20T01:00:00.0000000+00:00","29,09000015258789","29,09000015258789","29,09000015258789","29,09000015258789","25,152843475341797","0"
"2012-06-21T01:00:00.0000000+00:00","29,040000915527344","29,040000915527344","28,899999618530273","28,899999618530273","24,988554000854492","3000"
"2012-06-22T01:00:00.0000000+00:00","28,549999237060547","28,549999237060547","28,5","28,5","24,642696380615234","4000"
"2012-06-25T01:00:00.0000000+00:00","28,229999542236328","28,229999542236328","28,15999984741211","28,209999084472656","24,391939163208008","4000"
"2012-06-26T01:00:00.0000000+00:00","28,110000610351562","28,110000610351562","28","28","24,21036720275879","10000"
"2012-06-27T01:00:00.0000000+00:00","28,479999542236328","29","28,479999542236328","29","25,075021743774414","4000"
"2012-06-28T01:00:00.0000000+00:00","29,5","29,5","28,899999618530273","28,899999618530273","24,988554000854492","8000"
"2012-06-29T01:00:00.0000000+00:00","28,5","28,649999618530273","27,940000534057617","28,649999618530273","24,77239227294922","15000"
"2012-07-02T01:00:00.0000000+00:00","28,75","28,899999618530273","28,75","28,899999618530273","24,988554000854492","5000"
"2012-07-03T01:00:00.0000000+00:00","29","29,520000457763672","29","29,520000457763672","25,524642944335938","9000"
"2012-07-04T01:00:00.0000000+00:00","29,479999542236328","29,479999542236328","29,479999542236328","29,479999542236328","25,49005699157715","1000"
"2012-07-05T01:00:00.0000000+00:00","29,440000534057617","29,440000534057617","29,40999984741211","29,43000030517578","25,446823120117188","3000"
"2012-07-06T01:00:00.0000000+00:00","29","29","29","29","25,075021743774414","1000"
"2012-07-09T01:00:00.0000000+00:00","28,959999084472656","29,200000762939453","28,959999084472656","29,200000762939453","25,247953414916992","4000"
"2012-07-10T01:00:00.0000000+00:00","28,510000228881836","29,200000762939453","28,510000228881836","29,200000762939453","25,247953414916992","3000"
"2012-07-11T01:00:00.0000000+00:00","29","29","29","29","25,075021743774414","1000"
"2012-07-12T01:00:00.0000000+00:00","28,5","29","28,5","29","25,075021743774414","7000"
"2012-07-13T01:00:00.0000000+00:00","29,200000762939453","29,200000762939453","29,200000762939453","29,200000762939453","25,247953414916992","2000"
"2012-07-16T01:00:00.0000000+00:00","29,200000762939453","29,200000762939453","28,5","28,5","24,642696380615234","2000"
"2012-07-17T01:00:00.0000000+00:00","29","30","29","30","25,939678192138672","4000"
"2012-07-18T01:00:00.0000000+00:00","29,200000762939453","29,200000762939453","29,200000762939453","29,200000762939453","25,247953414916992","1000"
"2012-07-19T01:00:00.0000000+00:00","28,5","28,5","27,899999618530273","27,899999618530273","24,1239013671875","9000"
"2012-07-20T01:00:00.0000000+00:00","28","28","28","28","24,21036720275879","1000"
"2012-07-23T01:00:00.0000000+00:00","28","28","26,809999465942383","26,809999465942383","23,181428909301758","10000"
"2012-07-24T01:00:00.0000000+00:00","26,68000030517578","27,1200008392334","26,68000030517578","27,1200008392334","23,4494686126709","2000"
"2012-07-25T01:00:00.0000000+00:00","27,5","27,5","27,5","27,5","23,778039932250977","1000"
"2012-07-26T01:00:00.0000000+00:00","27,200000762939453","27,200000762939453","27","27","23,3457088470459","4000"
"2012-07-27T01:00:00.0000000+00:00","27,5","28,299999237060547","27,5","28,299999237060547","24,469762802124023","4000"
"2012-07-30T01:00:00.0000000+00:00","28,5","28,5","27,799999237060547","27,799999237060547","24,037429809570312","11000"
"2012-07-31T01:00:00.0000000+00:00","28,420000076293945","28,420000076293945","28,420000076293945","28,420000076293945","24,573522567749023","0"
"2012-08-01T01:00:00.0000000+00:00","28,34000015258789","28,34000015258789","28,34000015258789","28,34000015258789","24,504352569580078","0"
"2012-08-02T01:00:00.0000000+00:00",,,,,,
"2012-08-03T01:00:00.0000000+00:00","27,90999984741211","27,90999984741211","27,90999984741211","27,90999984741211","24,132545471191406","1000"
"2012-08-06T01:00:00.0000000+00:00","28,299999237060547","28,299999237060547","28,139999389648438","28,139999389648438","24,3314151763916","3000"
"2012-08-07T01:00:00.0000000+00:00","28,399999618530273","28,8799991607666","28,399999618530273","28,8799991607666","24,971263885498047","5000"
"2012-08-08T01:00:00.0000000+00:00","28,5","28,5","28,5","28,5","24,642696380615234","2000"
"2012-08-09T01:00:00.0000000+00:00","28,81999969482422","28,899999618530273","28,670000076293945","28,81999969482422","24,91938591003418","7000"
"2012-08-10T01:00:00.0000000+00:00","29","29","29","29","25,075021743774414","1000"
"2012-08-13T01:00:00.0000000+00:00","29,350000381469727","29,350000381469727","28,950000762939453","28,950000762939453","25,031787872314453","2000"
"2012-08-14T01:00:00.0000000+00:00","29,299999237060547","29,299999237060547","29,239999771118164","29,239999771118164","25,282541275024414","3000"
"2012-08-15T01:00:00.0000000+00:00","29,239999771118164","29,239999771118164","29,239999771118164","29,239999771118164","25,282541275024414","1000"
"2012-08-16T01:00:00.0000000+00:00","29,200000762939453","29,200000762939453","29,149999618530273","29,149999618530273","25,20471954345703","8000"
"2012-08-17T01:00:00.0000000+00:00","29,5","29,540000915527344","29,049999237060547","29,100000381469727","25,16148567199707","10000"
"2012-08-20T01:00:00.0000000+00:00","29","29","29","29","25,075021743774414","1000"
"2012-08-21T01:00:00.0000000+00:00","29,43000030517578","29,549999237060547","29,299999237060547","29,299999237060547","25,33441925048828","15000"
"2012-08-22T01:00:00.0000000+00:00","29,209999084472656","29,219999313354492","29,1299991607666","29,1299991607666","25,187423706054688","31000"
"2012-08-23T01:00:00.0000000+00:00","29,299999237060547","29,389999389648438","29,149999618530273","29,149999618530273","25,20471954345703","44000"
"2012-08-24T01:00:00.0000000+00:00","29,049999237060547","29,290000915527344","29,049999237060547","29,200000762939453","25,247953414916992","156000"
"2012-08-27T01:00:00.0000000+00:00","29,420000076293945","29,420000076293945","29,329999923706055","29,329999923706055","25,36035919189453","21000"
"2012-08-28T01:00:00.0000000+00:00","29,239999771118164","29,239999771118164","29,040000915527344","29,040000915527344","25,109609603881836","7000"
"2012-08-29T01:00:00.0000000+00:00","29,149999618530273","29,149999618530273","29,020000457763672","29,020000457763672","25,09231948852539","64000"
"2012-08-30T01:00:00.0000000+00:00","29,079999923706055","29,09000015258789","29,079999923706055","29,09000015258789","25,152843475341797","40000"
"2012-08-31T01:00:00.0000000+00:00","29,149999618530273","29,149999618530273","29,049999237060547","29,049999237060547","25,118257522583008","11000"
"2012-09-03T01:00:00.0000000+00:00","29,8700008392334","29,8700008392334","29,8700008392334","29,8700008392334","25,827274322509766","0"
"2012-09-04T01:00:00.0000000+00:00","29,530000686645508","29,530000686645508","29,510000228881836","29,510000228881836","25,515995025634766","22000"
"2012-09-05T01:00:00.0000000+00:00","29,43000030517578","29,43000030517578","29,43000030517578","29,43000030517578","25,446823120117188","20000"
"2012-09-06T01:00:00.0000000+00:00","29,040000915527344","29,190000534057617","28,979999542236328","28,979999542236328","25,057729721069336","70000"
"2012-09-07T01:00:00.0000000+00:00","29,40999984741211","29,540000915527344","29,40999984741211","29,540000915527344","25,54193687438965","15000"
"2012-09-10T01:00:00.0000000+00:00","29,549999237060547","29,729999542236328","29,549999237060547","29,729999542236328","25,706222534179688","4000"
"2012-09-11T01:00:00.0000000+00:00","29,899999618530273","29,969999313354492","29,899999618530273","29,959999084472656","25,90509605407715","6000"
"2012-09-12T01:00:00.0000000+00:00","29,959999084472656","30,329999923706055","29,959999084472656","30,329999923706055","26,225013732910156","29000"
"2012-09-13T01:00:00.0000000+00:00","30,309999465942383","30,309999465942383","30,309999465942383","30,309999465942383","26,207719802856445","1000"
"2012-09-14T01:00:00.0000000+00:00","30,530000686645508","31","30,530000686645508","31","26,80433464050293","65000"
"2012-09-17T01:00:00.0000000+00:00","30,989999771118164","30,989999771118164","30,989999771118164","30,989999771118164","26,795686721801758","2000"
"2012-09-18T01:00:00.0000000+00:00","30,920000076293945","30,920000076293945","30,469999313354492","30,5","26,372005462646484","91000"
"2012-09-19T01:00:00.0000000+00:00","30,600000381469727","30,780000686645508","30,520000457763672","30,780000686645508","26,61411476135254","110000"
"2012-09-20T01:00:00.0000000+00:00","30,850000381469727","30,850000381469727","30,700000762939453","30,700000762939453","26,544937133789062","8000"
"2012-09-21T01:00:00.0000000+00:00","30,610000610351562","30,610000610351562","30,610000610351562","30,610000610351562","26,467119216918945","1000"
"2012-09-24T01:00:00.0000000+00:00","30,65999984741211","31,010000228881836","30,600000381469727","31","26,80433464050293","37000"
"2012-09-25T01:00:00.0000000+00:00","31","31,049999237060547","31","31","26,80433464050293","32000"
"2012-09-26T01:00:00.0000000+00:00","30,579999923706055","30,729999542236328","30,579999923706055","30,729999542236328","26,570880889892578","2000"
"2012-09-27T01:00:00.0000000+00:00","30,84000015258789","31,25","30,81999969482422","31,25","27,020496368408203","6000"
"2012-09-28T01:00:00.0000000+00:00","31,200000762939453","31,200000762939453","31,200000762939453","31,200000762939453","26,977264404296875","0"
"2012-10-01T01:00:00.0000000+00:00","30,670000076293945","30,670000076293945","30,670000076293945","30,670000076293945","26,518999099731445","6000"
"2012-10-02T01:00:00.0000000+00:00","31,020000457763672","31,049999237060547","31,020000457763672","31,049999237060547","26,847564697265625","5000"
"2012-10-03T01:00:00.0000000+00:00","31,049999237060547","31,049999237060547","31,049999237060547","31,049999237060547","26,847564697265625","1000"
"2012-10-04T01:00:00.0000000+00:00","30,729999542236328","30,729999542236328","30,729999542236328","30,729999542236328","26,570880889892578","3000"
"2012-10-05T01:00:00.0000000+00:00","30,5","31,079999923706055","30,5","31,079999923706055","26,87350845336914","6000"
"2012-10-08T01:00:00.0000000+00:00","33,25","33,25","30,969999313354492","30,969999313354492","26,77839469909668","9000"
"2012-10-09T01:00:00.0000000+00:00","30,510000228881836","30,559999465942383","30,5","30,5","26,372005462646484","7000"
"2012-10-11T01:00:00.0000000+00:00","29,93000030517578","31","29,860000610351562","30","25,939678192138672","6000"
"2012-10-12T01:00:00.0000000+00:00","30,5","30,5","30,5","30,5","26,372005462646484","1000"
"2012-10-15T01:00:00.0000000+00:00","30","30,5","30","30,5","26,372005462646484","2000"
"2012-10-16T01:00:00.0000000+00:00","30","30","29,829999923706055","29,829999923706055","25,792686462402344","4000"
"2012-10-17T01:00:00.0000000+00:00","30,5","31,5","30,5","31","26,80433464050293","5000"
"2012-10-18T01:00:00.0000000+00:00","30,600000381469727","30,600000381469727","30,5","30,5","26,372005462646484","2000"
"2012-10-19T01:00:00.0000000+00:00","30","30","29,700000762939453","29,700000762939453","25,680282592773438","5000"
"2012-10-22T01:00:00.0000000+00:00","29,799999237060547","29,799999237060547","29,799999237060547","29,799999237060547","25,766748428344727","1000"
"2012-10-23T01:00:00.0000000+00:00","30,469999313354492","30,469999313354492","30,469999313354492","30,469999313354492","26,3460636138916","1000"
"2012-10-24T01:00:00.0000000+00:00","29,440000534057617","29,440000534057617","29,440000534057617","29,440000534057617","25,455474853515625","17000"
"2012-10-25T01:00:00.0000000+00:00","29,530000686645508","29,530000686645508","29,450000762939453","29,450000762939453","25,46411895751953","3000"
"2012-10-26T01:00:00.0000000+00:00","29,469999313354492","29,469999313354492","29,299999237060547","29,299999237060547","25,33441925048828","15000"
"2012-10-29T01:00:00.0000000+00:00","29,950000762939453","29,969999313354492","29,950000762939453","29,969999313354492","25,913734436035156","4000"
"2012-10-30T01:00:00.0000000+00:00","29,510000228881836","29,510000228881836","29,510000228881836","29,510000228881836","25,515995025634766","0"
"2012-10-31T01:00:00.0000000+00:00","30","30","30","30","25,939678192138672","1000"
"2012-11-01T01:00:00.0000000+00:00","29,5","29,5","29,010000228881836","29,209999084472656","25,256601333618164","5000"
"2012-11-02T01:00:00.0000000+00:00","29,760000228881836","29,760000228881836","29,760000228881836","29,760000228881836","25,732160568237305","1000"
"2012-11-05T01:00:00.0000000+00:00","29,420000076293945","29,450000762939453","29,40999984741211","29,450000762939453","25,46411895751953","8000"
"2012-11-06T01:00:00.0000000+00:00","29,56999969482422","29,56999969482422","29,5","29,5","25,507349014282227","2000"
"2012-11-07T01:00:00.0000000+00:00","29,520000457763672","29,829999923706055","29,520000457763672","29,829999923706055","25,792686462402344","5000"
"2012-11-08T01:00:00.0000000+00:00","29,700000762939453","29,700000762939453","29,700000762939453","29,700000762939453","25,680282592773438","2000"
"2012-11-09T01:00:00.0000000+00:00","29,899999618530273","29,899999618530273","29,899999618530273","29,899999618530273","25,85321044921875","5000"
"2012-11-12T01:00:00.0000000+00:00","30","30,209999084472656","29,950000762939453","29,950000762939453","25,896446228027344","51000"
"2012-11-13T01:00:00.0000000+00:00","29,889999389648438","29,889999389648438","29,889999389648438","29,889999389648438","25,84456443786621","2000"
"2012-11-14T01:00:00.0000000+00:00","29,5","29,639999389648438","29,459999084472656","29,639999389648438","25,628402709960938","4000"
"2012-11-15T01:00:00.0000000+00:00","29,489999771118164","29,56999969482422","29,489999771118164","29,56999969482422","25,5678768157959","12000"
"2012-11-16T01:00:00.0000000+00:00","29,5","29,559999465942383","29,5","29,559999465942383","25,55922508239746","3000"
"2012-11-19T01:00:00.0000000+00:00","29,639999389648438","29,670000076293945","29,639999389648438","29,670000076293945","25,654338836669922","18000"
"2012-11-20T01:00:00.0000000+00:00","29,799999237060547","29,799999237060547","29,780000686645508","29,780000686645508","25,749454498291016","2000"
"2012-11-21T01:00:00.0000000+00:00","29,649999618530273","29,649999618530273","29,549999237060547","29,549999237060547","25,55058479309082","3000"
"2012-11-22T01:00:00.0000000+00:00","29,790000915527344","29,790000915527344","29,790000915527344","29,790000915527344","25,758100509643555","0"
"2012-11-23T01:00:00.0000000+00:00","30,010000228881836","30,690000534057617","30,010000228881836","30,690000534057617","26,53629493713379","83000"
"2012-11-26T01:00:00.0000000+00:00","30,850000381469727","31,110000610351562","30,850000381469727","31,110000610351562","26,899444580078125","7000"
"2012-11-27T01:00:00.0000000+00:00","30,93000030517578","30,979999542236328","30,920000076293945","30,979999542236328","26,78704071044922","6000"
"2012-11-28T01:00:00.0000000+00:00","30,979999542236328","31,15999984741211","30,969999313354492","31,15999984741211","26,94268035888672","3000"
"2012-11-29T01:00:00.0000000+00:00","31,209999084472656","31,260000228881836","31,209999084472656","31,260000228881836","27,029144287109375","3000"
"2012-11-30T01:00:00.0000000+00:00","31,700000762939453","31,760000228881836","31,610000610351562","31,760000228881836","27,461471557617188","5000"
"2012-12-03T01:00:00.0000000+00:00","31,84000015258789","31,959999084472656","31,81999969482422","31,829999923706055","27,52199935913086","27000"
"2012-12-04T01:00:00.0000000+00:00","31,68000030517578","31,68000030517578","31,639999389648438","31,639999389648438","27,357715606689453","11000"
"2012-12-05T01:00:00.0000000+00:00","31,459999084472656","31,90999984741211","31,459999084472656","31,90999984741211","27,591167449951172","43000"
"2012-12-06T01:00:00.0000000+00:00","31,889999389648438","31,889999389648438","31,889999389648438","31,889999389648438","27,573877334594727","0"
"2012-12-07T01:00:00.0000000+00:00","31,889999389648438","32,09000015258789","31,829999923706055","31,8700008392334","27,55658531188965","47000"
"2012-12-10T01:00:00.0000000+00:00","31,829999923706055","31,829999923706055","31,829999923706055","31,829999923706055","27,52199935913086","0"
"2012-12-11T01:00:00.0000000+00:00","31,799999237060547","31,799999237060547","31,549999237060547","31,549999237060547","27,27989387512207","4000"
"2012-12-12T01:00:00.0000000+00:00","31,84000015258789","32,13999938964844","31,829999923706055","32,13999938964844","27,790037155151367","11000"
"2012-12-13T01:00:00.0000000+00:00","32,5","32,5","32,47999954223633","32,47999954223633","28,084022521972656","2000"
"2012-12-14T01:00:00.0000000+00:00","32,29999923706055","32,29999923706055","32,29999923706055","32,29999923706055","27,92838478088379","3000"
"2012-12-17T01:00:00.0000000+00:00","32,09000015258789","32,09000015258789","31,809999465942383","31,809999465942383","27,504703521728516","27000"
"2012-12-18T01:00:00.0000000+00:00","31,90999984741211","31,959999084472656","31,690000534057617","31,690000534057617","27,40094757080078","4000"
"2012-12-19T01:00:00.0000000+00:00","32,029998779296875","32,029998779296875","31,850000381469727","31,850000381469727","27,53929328918457","2000"
"2012-12-20T01:00:00.0000000+00:00","31,829999923706055","31,829999923706055","31,829999923706055","31,829999923706055","27,52199935913086","0"
"2012-12-21T01:00:00.0000000+00:00","31,5","31,5","31","31","26,80433464050293","15000"
"2012-12-24T01:00:00.0000000+00:00","31,3700008392334","31,3700008392334","31,3700008392334","31,3700008392334","27,124258041381836","1000"
"2012-12-25T01:00:00.0000000+00:00","31,43000030517578","31,43000030517578","31,43000030517578","31,43000030517578","27,17613410949707","31000"
"2012-12-26T01:00:00.0000000+00:00","31,81999969482422","31,81999969482422","31,489999771118164","31,489999771118164","27,228017807006836","65000"
"2012-12-27T01:00:00.0000000+00:00","31,5","31,950000762939453","31,479999542236328","31,950000762939453","27,62575912475586","48000"
"2012-12-28T01:00:00.0000000+00:00","31,850000381469727","32","31,84000015258789","31,950000762939453","27,62575912475586","31000"
"2013-01-02T01:00:00.0000000+00:00","32,29999923706055","32,7599983215332","32,29999923706055","32,720001220703125","28,291542053222656","26000"
"2013-01-03T01:00:00.0000000+00:00","32,7599983215332","33","32,119998931884766","32,119998931884766","27,772747039794922","108000"
"2013-01-04T01:00:00.0000000+00:00","32,400001525878906","32,63999938964844","32,400001525878906","32,47999954223633","28,084022521972656","59000"
"2013-01-07T01:00:00.0000000+00:00","32,119998931884766","32,119998931884766","32,060001373291016","32,09000015258789","27,746809005737305","25000"
"2013-01-08T01:00:00.0000000+00:00","32","32,20000076293945","31,719999313354492","31,719999313354492","27,42688751220703","20000"
"2013-01-09T01:00:00.0000000+00:00","31,899999618530273","32,150001525878906","31,899999618530273","32,150001525878906","27,798690795898438","11000"
"2013-01-10T01:00:00.0000000+00:00","32,11000061035156","32,29999923706055","32,0099983215332","32,0099983215332","27,67763328552246","34000"
"2013-01-11T01:00:00.0000000+00:00","32,45000076293945","32,54999923706055","32,400001525878906","32,47999954223633","28,084022521972656","52000"
"2013-01-14T01:00:00.0000000+00:00","32,5099983215332","33","32,5099983215332","33","28,533649444580078","3000"
"2013-01-15T01:00:00.0000000+00:00","32,7400016784668","32,7400016784668","32,459999084472656","32,459999084472656","28,06673240661621","2000"
"2013-01-16T01:00:00.0000000+00:00","32,02000045776367","32,38999938964844","32,02000045776367","32,04999923706055","27,712221145629883","10000"
"2013-01-17T01:00:00.0000000+00:00","32,5099983215332","32,5099983215332","31,739999771118164","31,739999771118164","27,44417953491211","10000"
"2013-01-18T01:00:00.0000000+00:00","32,400001525878906","32,400001525878906","32,380001068115234","32,380001068115234","27,997562408447266","2000"
"2013-01-21T01:00:00.0000000+00:00","32,25","32,25","32,20000076293945","32,20000076293945","27,841920852661133","2000"
"2013-01-22T01:00:00.0000000+00:00","32,34000015258789","32,34000015258789","32,34000015258789","32,34000015258789","27,962974548339844","1000"
"2013-01-23T01:00:00.0000000+00:00","32,5","32,5","31,850000381469727","31,850000381469727","27,53929328918457","4000"
"2013-01-24T01:00:00.0000000+00:00","32,25","32,25","32,25","32,25","27,885154724121094","4000"
"2013-01-25T01:00:00.0000000+00:00","32,209999084472656","32,209999084472656","32,13999938964844","32,13999938964844","27,790037155151367","2000"
"2013-01-28T01:00:00.0000000+00:00","32,29999923706055","32,29999923706055","32,29999923706055","32,29999923706055","27,92838478088379","1000"
"2013-01-29T01:00:00.0000000+00:00","32,66999816894531","32,880001068115234","32,65999984741211","32,880001068115234","28,429885864257812","17000"
"2013-01-30T01:00:00.0000000+00:00","32,900001525878906","33","32,900001525878906","33","28,533649444580078","18000"
"2013-01-31T01:00:00.0000000+00:00","32,650001525878906","32,650001525878906","32,61000061035156","32,61000061035156","28,19643211364746","12000"
"2013-02-01T01:00:00.0000000+00:00","33,11000061035156","33,11000061035156","33,11000061035156","33,11000061035156","28,628759384155273","2000"
"2013-02-04T01:00:00.0000000+00:00","33,20000076293945","33,20000076293945","33,0099983215332","33,0099983215332","28,54228973388672","3000"
"2013-02-05T01:00:00.0000000+00:00","32,689998626708984","32,709999084472656","32,689998626708984","32,709999084472656","28,28289222717285","5000"
"2013-02-06T01:00:00.0000000+00:00","33,060001373291016","33,209999084472656","33,060001373291016","33,209999084472656","28,71522331237793","9000"
"2013-02-18T01:00:00.0000000+00:00","33,529998779296875","33,79999923706055","33,52000045776367","33,52000045776367","28,98326873779297","14000"
"2013-02-19T01:00:00.0000000+00:00","33,84000015258789","33,869998931884766","33,709999084472656","33,84000015258789","29,259958267211914","5000"
"2013-02-20T01:00:00.0000000+00:00","34,119998931884766","34,130001068115234","34","34,11000061035156","29,4934139251709","5000"
"2013-02-21T01:00:00.0000000+00:00","33,970001220703125","33,970001220703125","33,75","33,75","29,182138442993164","2000"
"2013-02-22T01:00:00.0000000+00:00","33,75","33,75","33,75","33,75","29,182138442993164","1000"
"2013-02-25T01:00:00.0000000+00:00","33,529998779296875","33,619998931884766","33,529998779296875","33,61000061035156","29,06108856201172","23000"
"2013-02-26T01:00:00.0000000+00:00","33,11000061035156","33,400001525878906","33,11000061035156","33,18000030517578","28,689285278320312","69000"
"2013-02-27T01:00:00.0000000+00:00","33,16999816894531","33,25","32,93000030517578","33,15999984741211","28,6719913482666","61000"
"2013-03-01T01:00:00.0000000+00:00","33,209999084472656","33,630001068115234","33,209999084472656","33,40999984741211","28,88815689086914","14000"
"2013-03-04T01:00:00.0000000+00:00","33,43000030517578","33,5","33,209999084472656","33,209999084472656","28,71522331237793","31000"
"2013-03-05T01:00:00.0000000+00:00","33,529998779296875","33,529998779296875","33,529998779296875","33,529998779296875","28,991912841796875","1000"
"2013-03-06T01:00:00.0000000+00:00","33,900001525878906","33,900001525878906","33,630001068115234","33,70000076293945","29,138904571533203","60000"
"2013-03-07T01:00:00.0000000+00:00","33,63999938964844","33,709999084472656","33,52000045776367","33,52000045776367","28,98326873779297","67000"
"2013-03-08T01:00:00.0000000+00:00","33,68000030517578","33,75","33,66999816894531","33,75","29,182138442993164","58000"
"2013-03-11T01:00:00.0000000+00:00","33,599998474121094","33,720001220703125","33,58000183105469","33,720001220703125","29,156198501586914","32000"
"2013-03-12T01:00:00.0000000+00:00","33,630001068115234","33,72999954223633","33,630001068115234","33,630001068115234","29,07837677001953","9000"
"2013-03-13T01:00:00.0000000+00:00","33,59000015258789","33,65999984741211","33,369998931884766","33,65999984741211","29,104320526123047","113000"
"2013-03-14T01:00:00.0000000+00:00","33,54999923706055","33,630001068115234","33,5","33,540000915527344","29,00056266784668","39000"
"2013-03-15T01:00:00.0000000+00:00","33,34000015258789","33,34000015258789","33,34000015258789","33,34000015258789","28,82762908935547","2000"
"2013-03-18T01:00:00.0000000+00:00","32,95000076293945","32,95000076293945","32,59000015258789","32,59000015258789","28,17913818359375","3000"
"2013-03-19T01:00:00.0000000+00:00","32,86000061035156","32,869998931884766","32,86000061035156","32,869998931884766","28,421236038208008","3000"
"2013-03-20T01:00:00.0000000+00:00","32,65999984741211","32,65999984741211","32,65999984741211","32,65999984741211","28,239662170410156","0"
"2013-03-21T01:00:00.0000000+00:00","32,58000183105469","32,58000183105469","32,58000183105469","32,58000183105469","28,17049217224121","0"
"2013-03-22T01:00:00.0000000+00:00","32,5","32,5","32,310001373291016","32,310001373291016","27,937034606933594","3000"
"2013-03-25T01:00:00.0000000+00:00","32,79999923706055","32,79999923706055","32,779998779296875","32,779998779296875","28,34341812133789","2000"
"2013-03-26T01:00:00.0000000+00:00","32,72999954223633","32,72999954223633","32,72999954223633","32,72999954223633","28,300188064575195","1000"
"2013-03-27T01:00:00.0000000+00:00","32,9900016784668","33,09000015258789","32,9900016784668","33,06999969482422","28,59417152404785","5000"
"2013-03-28T01:00:00.0000000+00:00","33,04999923706055","33,04999923706055","33,04999923706055","33,04999923706055","28,576875686645508","0"
"2013-03-29T01:00:00.0000000+00:00","32,86000061035156","33,06999969482422","32,86000061035156","32,91999816894531","28,4644718170166","27000"
"2013-04-01T01:00:00.0000000+00:00","33,02000045776367","33,029998779296875","33,02000045776367","33,029998779296875","28,559587478637695","2000"
"2013-04-02T01:00:00.0000000+00:00","33","33","33","33","28,533649444580078","1000"
"2013-04-03T01:00:00.0000000+00:00","33","33","32,97999954223633","32,97999954223633","28,5163516998291","8000"
"2013-04-08T01:00:00.0000000+00:00","32,689998626708984","32,709999084472656","32,4900016784668","32,4900016784668","28,09267234802246","5000"
"2013-04-09T01:00:00.0000000+00:00","32,4900016784668","32,4900016784668","32,15999984741211","32,15999984741211","27,807336807250977","13000"
"2013-04-10T01:00:00.0000000+00:00","32,220001220703125","32,220001220703125","32,130001068115234","32,13999938964844","27,790037155151367","25000"
"2013-04-11T01:00:00.0000000+00:00","32,689998626708984","32,689998626708984","32,689998626708984","32,689998626708984","28,26559829711914","1000"
"2013-04-12T01:00:00.0000000+00:00","32,869998931884766","32,869998931884766","32,84000015258789","32,84000015258789","28,395305633544922","11000"
"2013-04-15T01:00:00.0000000+00:00","32,689998626708984","32,689998626708984","32,40999984741211","32,40999984741211","28,023500442504883","8000"
"2013-04-16T01:00:00.0000000+00:00","32,40999984741211","32,40999984741211","32,40999984741211","32,40999984741211","28,023500442504883","8000"
"2013-04-17T01:00:00.0000000+00:00","32,5","32,59000015258789","32,5","32,54999923706055","28,14455223083496","53000"
"2013-04-18T01:00:00.0000000+00:00","32,54999923706055","32,599998474121094","32,54999923706055","32,599998474121094","28,187782287597656","3000"
"2013-04-19T01:00:00.0000000+00:00","33","33,95000076293945","33","33,7400016784668","29,173492431640625","6000"
"2013-04-22T01:00:00.0000000+00:00","33,7599983215332","34,290000915527344","33,7599983215332","34,290000915527344","29,6490535736084","6000"
"2013-04-23T01:00:00.0000000+00:00","33,86000061035156","33,86000061035156","33,79999923706055","33,810001373291016","29,234018325805664","6000"
"2013-04-24T01:00:00.0000000+00:00","33,810001373291016","33,810001373291016","33,810001373291016","33,810001373291016","29,234018325805664","2000"
"2013-04-25T01:00:00.0000000+00:00","33,900001525878906","34,290000915527344","33,900001525878906","34,189998626708984","29,56258773803711","17000"
"2013-04-26T01:00:00.0000000+00:00","34,279998779296875","34,68000030517578","34,279998779296875","34,5","29,830631256103516","57000"
"2013-04-29T01:00:00.0000000+00:00","34,41999816894531","34,650001525878906","34,41999816894531","34,650001525878906","29,9603328704834","14000"
"2013-04-30T01:00:00.0000000+00:00","34,70000076293945","35,04999923706055","34,70000076293945","35,04999923706055","30,306190490722656","41000"
"2013-05-02T01:00:00.0000000+00:00","35","35","34,959999084472656","35","30,262958526611328","10000"
"2013-05-03T01:00:00.0000000+00:00","35,29999923706055","35,45000076293945","35,189998626708984","35,189998626708984","30,42723846435547","36000"
"2013-05-06T01:00:00.0000000+00:00","35,2400016784668","35,27000045776367","35,2400016784668","35,2599983215332","30,487768173217773","7000"
"2013-05-07T01:00:00.0000000+00:00","35,310001373291016","35,689998626708984","35,310001373291016","35,689998626708984","30,859569549560547","34000"
"2013-05-08T01:00:00.0000000+00:00","35,56999969482422","36,099998474121094","35,56999969482422","36,099998474121094","31,214078903198242","26000"
"2013-05-09T01:00:00.0000000+00:00","36,2599983215332","36,29999923706055","36,20000076293945","36,20000076293945","31,30054473876953","12000"
"2013-05-10T01:00:00.0000000+00:00","35,95000076293945","36,04999923706055","35,77000045776367","35,77000045776367","30,92874526977539","5000"
"2013-05-13T01:00:00.0000000+00:00","35,77000045776367","36,130001068115234","35,77000045776367","35,970001220703125","31,101673126220703","6000"
"2013-05-14T01:00:00.0000000+00:00","36,15999984741211","36,29999923706055","36,11000061035156","36,11000061035156","31,22273063659668","38000"
"2013-05-15T01:00:00.0000000+00:00","36,29999923706055","36,29999923706055","35,93000030517578","35,93000030517578","31,06709098815918","20000"
"2013-05-16T01:00:00.0000000+00:00","36,40999984741211","36,61000061035156","36,33000183105469","36,33000183105469","31,412946701049805","28000"
"2013-05-17T01:00:00.0000000+00:00","36,11000061035156","36,25","36,11000061035156","36,25","31,34377670288086","20000"
"2013-05-20T01:00:00.0000000+00:00","36,150001525878906","36,290000915527344","36,150001525878906","36,290000915527344","31,37836456298828","9000"
"2013-05-21T01:00:00.0000000+00:00","36,290000915527344","36,380001068115234","36,150001525878906","36,150001525878906","31,25731086730957","19000"
"2013-05-22T01:00:00.0000000+00:00","36,290000915527344","36,439998626708984","36,13999938964844","36,13999938964844","31,24866485595703","16000"
"2013-05-23T01:00:00.0000000+00:00","35,77000045776367","35,880001068115234","35,33000183105469","35,33000183105469","30,548297882080078","10000"
"2013-05-24T01:00:00.0000000+00:00","35,279998779296875","35,38999938964844","35,279998779296875","35,38999938964844","30,600173950195312","4000"
"2013-05-27T01:00:00.0000000+00:00","35,2599983215332","35,310001373291016","35,2599983215332","35,2599983215332","30,487768173217773","6000"
"2013-05-28T01:00:00.0000000+00:00","35,880001068115234","35,880001068115234","35,880001068115234","35,880001068115234","31,02385902404785","3000"
"2013-05-29T01:00:00.0000000+00:00","35,130001068115234","35,810001373291016","35,130001068115234","35,7400016784668","30,902803421020508","18000"
"2013-05-30T01:00:00.0000000+00:00","35,56999969482422","35,630001068115234","35,459999084472656","35,459999084472656","30,660703659057617","5000"
"2013-05-31T01:00:00.0000000+00:00","35,529998779296875","35,529998779296875","35,529998779296875","35,529998779296875","30,72122573852539","0"
"2013-06-03T01:00:00.0000000+00:00","34,93000030517578","35,029998779296875","34,88999938964844","35,029998779296875","30,288896560668945","12000"
"2013-06-04T01:00:00.0000000+00:00","35,31999969482422","35,31999969482422","35,31999969482422","35,31999969482422","30,539642333984375","2000"
"2013-06-05T01:00:00.0000000+00:00","35,33000183105469","35,349998474121094","35,33000183105469","35,349998474121094","30,56558609008789","2000"
"2013-06-06T01:00:00.0000000+00:00","34,68000030517578","34,68000030517578","34,45000076293945","34,45000076293945","29,787397384643555","5000"
"2013-06-07T01:00:00.0000000+00:00","35,029998779296875","35,029998779296875","34,81999969482422","34,81999969482422","30,107316970825195","6000"
"2013-06-10T01:00:00.0000000+00:00","34,93000030517578","34,93000030517578","34,93000030517578","34,93000030517578","30,20243263244629","5000"
"2013-06-11T01:00:00.0000000+00:00","34,79999923706055","34,86000061035156","34,79999923706055","34,86000061035156","30,14190673828125","2000"
"2013-06-13T01:00:00.0000000+00:00","33,900001525878906","33,900001525878906","33,88999938964844","33,88999938964844","29,303190231323242","2000"
"2013-06-14T01:00:00.0000000+00:00","33,93000030517578","34,0099983215332","33,79999923706055","33,79999923706055","29,22536849975586","11000"
"2013-06-17T01:00:00.0000000+00:00","33,869998931884766","33,869998931884766","33,869998931884766","33,869998931884766","29,2858943939209","1000"
"2013-06-18T01:00:00.0000000+00:00","33,93000030517578","33,93000030517578","33,93000030517578","33,93000030517578","29,337778091430664","3000"
"2013-06-19T01:00:00.0000000+00:00","34,209999084472656","34,209999084472656","34,209999084472656","34,209999084472656","29,579879760742188","1000"
"2013-06-20T01:00:00.0000000+00:00","33,52000045776367","33,54999923706055","33,08000183105469","33,08000183105469","28,602819442749023","138000"
"2013-06-21T01:00:00.0000000+00:00","32,58000183105469","32,58000183105469","32,33000183105469","32,5","28,101318359375","18000"
"2013-06-24T01:00:00.0000000+00:00","32,220001220703125","32,220001220703125","32,220001220703125","32,220001220703125","27,859216690063477","0"
"2013-06-25T01:00:00.0000000+00:00","32,04999923706055","32,45000076293945","31,850000381469727","32,279998779296875","27,911096572875977","56000"
"2013-06-26T01:00:00.0000000+00:00","32,58000183105469","32,58000183105469","32,58000183105469","32,58000183105469","28,17049217224121","2000"
"2013-06-27T01:00:00.0000000+00:00","33,189998626708984","33,43000030517578","33,189998626708984","33,43000030517578","28,90544891357422","2000"
"2013-06-28T01:00:00.0000000+00:00","34,38999938964844","34,38999938964844","34,38999938964844","34,38999938964844","29,735517501831055","0"
"2013-07-01T01:00:00.0000000+00:00","33,779998779296875","33,810001373291016","33,779998779296875","33,810001373291016","29,234018325805664","8000"
"2013-07-02T01:00:00.0000000+00:00","34,2599983215332","34,2599983215332","34,2599983215332","34,2599983215332","29,623111724853516","0"
"2013-07-03T01:00:00.0000000+00:00","34,099998474121094","34,099998474121094","33,59000015258789","33,59000015258789","29,04379653930664","16000"
"2013-07-04T01:00:00.0000000+00:00","33,86000061035156","33,90999984741211","33,810001373291016","33,880001068115234","29,294544219970703","19000"
"2013-07-05T01:00:00.0000000+00:00","34,41999816894531","34,5","34,41999816894531","34,5","29,830631256103516","28000"
"2013-07-08T01:00:00.0000000+00:00","33,59000015258789","33,59000015258789","33,59000015258789","33,59000015258789","29,04379653930664","1000"
"2013-07-09T01:00:00.0000000+00:00","35,79999923706055","35,79999923706055","33,65999984741211","33,65999984741211","29,104320526123047","3000"
"2013-07-10T01:00:00.0000000+00:00","34,099998474121094","34,099998474121094","34,099998474121094","34,099998474121094","29,484771728515625","1000"
"2013-07-11T01:00:00.0000000+00:00","34,560001373291016","34,709999084472656","34,560001373291016","34,709999084472656","30,0122127532959","6000"
"2013-07-12T01:00:00.0000000+00:00","34,70000076293945","34,70000076293945","34,630001068115234","34,630001068115234","29,943035125732422","11000"
"2013-07-15T01:00:00.0000000+00:00","34,619998931884766","34,709999084472656","34,619998931884766","34,709999084472656","30,0122127532959","7000"
"2013-07-16T01:00:00.0000000+00:00","34,5099983215332","34,5099983215332","34,5099983215332","34,5099983215332","29,839275360107422","1000"
"2013-07-17T01:00:00.0000000+00:00","35","35","34,61000061035156","34,61000061035156","29,925743103027344","3000"
"2013-07-18T01:00:00.0000000+00:00","33,79999923706055","33,79999923706055","33,79999923706055","33,79999923706055","29,22536849975586","1000"
"2013-07-19T01:00:00.0000000+00:00","33,79999923706055","33,79999923706055","31,989999771118164","31,989999771118164","27,66034507751465","47000"
"2013-07-22T01:00:00.0000000+00:00","32,45000076293945","32,47999954223633","32,150001525878906","32,150001525878906","27,798690795898438","12000"
"2013-07-23T01:00:00.0000000+00:00","32,540000915527344","33,349998474121094","32,540000915527344","33,099998474121094","28,620113372802734","5000"
"2013-07-24T01:00:00.0000000+00:00","33,2599983215332","33,5","33,029998779296875","33,029998779296875","28,559587478637695","7000"
"2013-07-25T01:00:00.0000000+00:00","33,439998626708984","33,439998626708984","33,439998626708984","33,439998626708984","28,914093017578125","1000"
"2013-07-26T01:00:00.0000000+00:00","33,439998626708984","33,439998626708984","33,439998626708984","33,439998626708984","28,914093017578125","5000"
"2013-07-29T01:00:00.0000000+00:00","33,279998779296875","33,29999923706055","33,25","33,27000045776367","28,76710319519043","26000"
"2013-07-30T01:00:00.0000000+00:00","33,18000030517578","33,2400016784668","33,16999816894531","33,16999816894531","28,680633544921875","21000"
"2013-07-31T01:00:00.0000000+00:00","32,29999923706055","33,119998931884766","32,29999923706055","33,119998931884766","28,637401580810547","11000"
"2013-08-01T01:00:00.0000000+00:00","32,95000076293945","32,95000076293945","32,939998626708984","32,95000076293945","28,490415573120117","7000"
"2013-08-02T01:00:00.0000000+00:00","33,40999984741211","33,40999984741211","33,06999969482422","33,06999969482422","28,59417152404785","13000"
"2013-08-05T01:00:00.0000000+00:00","32,900001525878906","32,900001525878906","32,709999084472656","32,709999084472656","28,28289222717285","2000"
"2013-08-06T01:00:00.0000000+00:00","32,75","32,75","32,4900016784668","32,4900016784668","28,09267234802246","2000"
"2013-08-07T01:00:00.0000000+00:00","32,34000015258789","32,34000015258789","32,09000015258789","32,09000015258789","27,746809005737305","12000"
"2013-08-08T01:00:00.0000000+00:00","31,8799991607666","31,8799991607666","31,8700008392334","31,8700008392334","27,55658531188965","7000"
"2013-08-09T01:00:00.0000000+00:00","31,790000915527344","31,790000915527344","31,790000915527344","31,790000915527344","27,487415313720703","0"
"2013-08-12T01:00:00.0000000+00:00","31,860000610351562","32,060001373291016","31,860000610351562","32","27,668989181518555","4000"
"2013-08-13T01:00:00.0000000+00:00","32,34000015258789","32,34000015258789","32,34000015258789","32,34000015258789","27,962974548339844","2000"
"2013-08-14T01:00:00.0000000+00:00","32,38999938964844","32,4900016784668","32,38999938964844","32,4900016784668","28,09267234802246","2000"
"2013-08-15T01:00:00.0000000+00:00","32,119998931884766","32,119998931884766","32,119998931884766","32,119998931884766","27,772747039794922","0"
"2013-08-16T01:00:00.0000000+00:00","32,5","32,5","32,5","32,5","28,101318359375","1000"
"2013-08-19T01:00:00.0000000+00:00","32,16999816894531","32,43000030517578","32,11000061035156","32,43000030517578","28,040794372558594","6000"
"2013-08-20T01:00:00.0000000+00:00","32,279998779296875","32,279998779296875","31,989999771118164","31,989999771118164","27,66034507751465","4000"
"2013-08-22T01:00:00.0000000+00:00","31,56999969482422","31,579999923706055","31,56999969482422","31,579999923706055","27,305835723876953","2000"
"2013-08-23T01:00:00.0000000+00:00","32,459999084472656","32,5","32,400001525878906","32,5","28,101318359375","5000"
"2013-08-26T01:00:00.0000000+00:00","32,41999816894531","32,41999816894531","32,41999816894531","32,41999816894531","28,032142639160156","3000"
"2013-08-27T01:00:00.0000000+00:00","32,61000061035156","32,61000061035156","32,599998474121094","32,599998474121094","28,187782287597656","3000"
"2013-08-28T01:00:00.0000000+00:00","32,0099983215332","32,16999816894531","32,0099983215332","32,16999816894531","27,81597900390625","2000"
"2013-08-29T01:00:00.0000000+00:00","32,619998931884766","32,619998931884766","32,619998931884766","32,619998931884766","28,205076217651367","1000"
"2013-08-30T01:00:00.0000000+00:00","32,970001220703125","33,02000045776367","32,970001220703125","33,02000045776367","28,550941467285156","5000"
"2013-09-02T01:00:00.0000000+00:00","33,220001220703125","33,459999084472656","33,220001220703125","33,459999084472656","28,931386947631836","4000"
"2013-09-03T01:00:00.0000000+00:00","33,7400016784668","33,7400016784668","33,59000015258789","33,59000015258789","29,04379653930664","8000"
"2013-09-04T01:00:00.0000000+00:00","33,54999923706055","33,54999923706055","33,5","33,5","28,965974807739258","5000"
"2013-09-05T01:00:00.0000000+00:00","33,59000015258789","33,70000076293945","33,59000015258789","33,70000076293945","29,138904571533203","3000"
"2013-09-06T01:00:00.0000000+00:00","33,869998931884766","33,869998931884766","33,869998931884766","33,869998931884766","29,2858943939209","0"
"2013-09-09T01:00:00.0000000+00:00","33,7599983215332","33,77000045776367","33,75","33,77000045776367","29,199434280395508","6000"
"2013-09-10T01:00:00.0000000+00:00","33,81999969482422","34,20000076293945","33,81999969482422","34,150001525878906","29,52800178527832","43000"
"2013-09-11T01:00:00.0000000+00:00","34,150001525878906","34,150001525878906","33,95000076293945","33,95000076293945","29,355070114135742","11000"
"2013-09-12T01:00:00.0000000+00:00","34,029998779296875","34,220001220703125","34,029998779296875","34,220001220703125","29,588529586791992","2000"
"2013-09-13T01:00:00.0000000+00:00","34,130001068115234","34,130001068115234","34,130001068115234","34,130001068115234","29,51070785522461","1000"
"2013-09-16T01:00:00.0000000+00:00","34,27000045776367","34,27000045776367","34,27000045776367","34,27000045776367","29,631759643554688","4000"
"2013-09-17T01:00:00.0000000+00:00","34,47999954223633","34,4900016784668","34,47999954223633","34,4900016784668","29,82198715209961","2000"
"2013-09-18T01:00:00.0000000+00:00","34,16999816894531","34,16999816894531","34,16999816894531","34,16999816894531","29,5452938079834","1000"
"2013-09-23T01:00:00.0000000+00:00","34,0099983215332","34,27000045776367","34,0099983215332","34,27000045776367","29,631759643554688","10000"
"2013-09-24T01:00:00.0000000+00:00","34,45000076293945","34,45000076293945","34,45000076293945","34,45000076293945","29,787397384643555","1000"
"2013-09-25T01:00:00.0000000+00:00","34,40999984741211","34,40999984741211","34,40999984741211","34,40999984741211","29,752811431884766","1000"
"2013-09-26T01:00:00.0000000+00:00","33,959999084472656","33,959999084472656","33,959999084472656","33,959999084472656","29,36371421813965","1000"
"2013-09-27T01:00:00.0000000+00:00","33,81999969482422","34,13999938964844","33,779998779296875","34,13999938964844","29,519357681274414","5000"
"2013-09-30T01:00:00.0000000+00:00","33,560001373291016","33,560001373291016","33,560001373291016","33,560001373291016","29,017852783203125","17000"
"2013-10-01T01:00:00.0000000+00:00","33,65999984741211","33,65999984741211","33,65999984741211","33,65999984741211","29,104320526123047","0"
"2013-10-02T01:00:00.0000000+00:00","33,689998626708984","33,689998626708984","33,689998626708984","33,689998626708984","29,13025665283203","3000"
"2013-10-03T01:00:00.0000000+00:00","33,900001525878906","34,40999984741211","33,900001525878906","34,40999984741211","29,752811431884766","27000"
"2013-10-04T01:00:00.0000000+00:00","33,9900016784668","34,38999938964844","33,9900016784668","34,38999938964844","29,735517501831055","15000"
"2013-10-07T01:00:00.0000000+00:00","34,02000045776367","34,02000045776367","34,02000045776367","34,02000045776367","29,415597915649414","1000"
"2013-10-08T01:00:00.0000000+00:00","33,84000015258789","33,9900016784668","33,84000015258789","33,9900016784668","29,38965606689453","13000"
"2013-10-09T01:00:00.0000000+00:00","34,2400016784668","34,2400016784668","34,2400016784668","34,2400016784668","29,605819702148438","0"
"2013-10-11T01:00:00.0000000+00:00","34,20000076293945","34,41999816894531","34,20000076293945","34,380001068115234","29,726869583129883","39000"
"2013-10-14T01:00:00.0000000+00:00","34,08000183105469","34,08000183105469","34,02000045776367","34,02000045776367","29,415597915649414","15000"
"2013-10-15T01:00:00.0000000+00:00","34,150001525878906","34,33000183105469","34,150001525878906","34,33000183105469","29,683639526367188","26000"
"2013-10-16T01:00:00.0000000+00:00","34,459999084472656","34,459999084472656","34,459999084472656","34,459999084472656","29,796045303344727","21000"
"2013-10-17T01:00:00.0000000+00:00","34,459999084472656","35,20000076293945","34,459999084472656","35,20000076293945","30,435890197753906","4000"
"2013-10-18T01:00:00.0000000+00:00","35,70000076293945","35,70000076293945","35,70000076293945","35,70000076293945","30,86821746826172","1000"
"2013-10-21T01:00:00.0000000+00:00","34,959999084472656","35","34,91999816894531","35","30,262958526611328","8000"
"2013-10-22T01:00:00.0000000+00:00","35,0099983215332","35,16999816894531","35,0099983215332","35,16999816894531","30,409950256347656","6000"
"2013-10-23T01:00:00.0000000+00:00","35,16999816894531","35,16999816894531","35,16999816894531","35,16999816894531","30,409950256347656","1000"
"2013-10-24T01:00:00.0000000+00:00","35,16999816894531","35,16999816894531","35,16999816894531","35,16999816894531","30,409950256347656","0"
"2013-10-25T01:00:00.0000000+00:00","36","36","36","36","31,127614974975586","1000"
"2013-10-28T01:00:00.0000000+00:00","34,90999984741211","34,90999984741211","34,90999984741211","34,90999984741211","30,185138702392578","2000"
"2013-10-29T01:00:00.0000000+00:00","34,790000915527344","34,91999816894531","34,779998779296875","34,91999816894531","30,19378089904785","7000"
"2013-10-30T01:00:00.0000000+00:00","34,939998626708984","35,060001373291016","34,90999984741211","35,060001373291016","30,314838409423828","48000"
"2013-10-31T01:00:00.0000000+00:00","34,58000183105469","34,650001525878906","34,56999969482422","34,599998474121094","29,91709327697754","29000"
"2013-11-01T01:00:00.0000000+00:00","34,900001525878906","34,97999954223633","34,61000061035156","34,83000183105469","30,115968704223633","54000"
"2013-11-04T01:00:00.0000000+00:00","34,79999923706055","34,810001373291016","34,79999923706055","34,79999923706055","30,090028762817383","91000"
"2013-11-05T01:00:00.0000000+00:00","34,90999984741211","34,90999984741211","34,79999923706055","34,79999923706055","30,090028762817383","3000"
"2013-11-06T01:00:00.0000000+00:00","34,689998626708984","34,689998626708984","34,689998626708984","34,689998626708984","29,994915008544922","0"
"2013-11-07T01:00:00.0000000+00:00","34,33000183105469","34,369998931884766","34,20000076293945","34,20000076293945","29,57123565673828","55000"
"2013-11-08T01:00:00.0000000+00:00","33,939998626708984","34,040000915527344","33,939998626708984","34,0099983215332","29,40694808959961","33000"
"2013-11-11T01:00:00.0000000+00:00","33,849998474121094","33,849998474121094","33,849998474121094","33,849998474121094","29,268598556518555","0"
"2013-11-12T01:00:00.0000000+00:00","33,95000076293945","33,95000076293945","33,95000076293945","33,95000076293945","29,355070114135742","1000"
"2013-11-13T01:00:00.0000000+00:00","33,599998474121094","33,599998474121094","33,58000183105469","33,58000183105469","29,03514862060547","3000"
"2013-11-14T01:00:00.0000000+00:00","33,56999969482422","33,599998474121094","33,36000061035156","33,38999938964844","28,87086296081543","33000"
"2013-11-15T01:00:00.0000000+00:00","33,47999954223633","33,47999954223633","33,439998626708984","33,45000076293945","28,922740936279297","15000"
"2013-11-18T01:00:00.0000000+00:00","33,68000030517578","33,68000030517578","33,68000030517578","33,68000030517578","29,121614456176758","0"
"2013-11-19T01:00:00.0000000+00:00","33,779998779296875","33,779998779296875","33,779998779296875","33,779998779296875","29,20807647705078","2000"
"2013-11-20T01:00:00.0000000+00:00","33,709999084472656","33,709999084472656","33,47999954223633","33,47999954223633","28,948680877685547","22000"
"2013-11-21T01:00:00.0000000+00:00","33,2400016784668","33,2400016784668","32,90999984741211","33","28,533649444580078","118000"
"2013-11-22T01:00:00.0000000+00:00","33,099998474121094","33,16999816894531","33,06999969482422","33,06999969482422","28,59417152404785","40000"
"2013-11-25T01:00:00.0000000+00:00","33,29999923706055","33,5","33,29999923706055","33,5","28,965974807739258","64000"
"2013-11-26T01:00:00.0000000+00:00","33,4900016784668","33,7400016784668","33,4900016784668","33,720001220703125","29,156198501586914","20000"
"2013-11-27T01:00:00.0000000+00:00","34,290000915527344","34,36000061035156","34,290000915527344","34,36000061035156","29,709577560424805","3000"
"2013-11-28T01:00:00.0000000+00:00","34,45000076293945","34,45000076293945","34,45000076293945","34,45000076293945","29,787397384643555","1000"
"2013-11-29T01:00:00.0000000+00:00","34,27000045776367","34,27000045776367","34,22999954223633","34,22999954223633","29,59717559814453","42000"
"2013-12-02T01:00:00.0000000+00:00","34,279998779296875","34,279998779296875","34,16999816894531","34,16999816894531","29,5452938079834","7000"
"2013-12-03T01:00:00.0000000+00:00","34,15999984741211","34,25","34,15999984741211","34,25","29,61446762084961","28000"
"2013-12-04T01:00:00.0000000+00:00","34,43000030517578","34,5099983215332","34,43000030517578","34,5099983215332","29,839275360107422","24000"
"2013-12-05T01:00:00.0000000+00:00","34,15999984741211","34,15999984741211","33,900001525878906","33,900001525878906","29,311838150024414","25000"
"2013-12-06T01:00:00.0000000+00:00","34,08000183105469","34,08000183105469","34,08000183105469","34,08000183105469","29,46747398376465","6000"
"2013-12-09T01:00:00.0000000+00:00","34,349998474121094","34,470001220703125","34,2599983215332","34,2599983215332","29,623111724853516","25000"
"2013-12-10T01:00:00.0000000+00:00","34,2599983215332","34,38999938964844","34,15999984741211","34,349998474121094","29,700931549072266","23000"
"2013-12-11T01:00:00.0000000+00:00","34,279998779296875","34,41999816894531","34,150001525878906","34,150001525878906","29,52800178527832","13000"
"2013-12-12T01:00:00.0000000+00:00","34,0099983215332","34,0099983215332","34,0099983215332","34,0099983215332","29,40694808959961","1000"
"2013-12-13T01:00:00.0000000+00:00","33,72999954223633","33,72999954223633","33,72999954223633","33,72999954223633","29,16484832763672","2000"
"2013-12-16T01:00:00.0000000+00:00","33,59000015258789","33,59000015258789","33,59000015258789","33,59000015258789","29,04379653930664","2000"
"2013-12-17T01:00:00.0000000+00:00","33,970001220703125","33,970001220703125","33,959999084472656","33,959999084472656","29,36371421813965","3000"
"2013-12-18T01:00:00.0000000+00:00","33,599998474121094","33,599998474121094","33,47999954223633","33,47999954223633","28,948680877685547","15000"
"2013-12-19T01:00:00.0000000+00:00","33,59000015258789","33,59000015258789","33,59000015258789","33,59000015258789","29,04379653930664","1000"
"2013-12-20T01:00:00.0000000+00:00","33,810001373291016","33,810001373291016","33,810001373291016","33,810001373291016","29,234018325805664","1000"
"2013-12-23T01:00:00.0000000+00:00","34,02000045776367","34,29999923706055","34,02000045776367","34,29999923706055","29,657699584960938","87000"
"2013-12-24T01:00:00.0000000+00:00","34","34,060001373291016","34","34,060001373291016","29,45018196105957","10000"
"2013-12-25T01:00:00.0000000+00:00","33,95000076293945","34,11000061035156","33,95000076293945","34,11000061035156","29,4934139251709","35000"
"2013-12-26T01:00:00.0000000+00:00","34,060001373291016","34,099998474121094","34,040000915527344","34,099998474121094","29,484771728515625","21000"
"2013-12-27T01:00:00.0000000+00:00","34,279998779296875","34,5","34,279998779296875","34,5","29,830631256103516","125000"
"2013-12-30T01:00:00.0000000+00:00","34,79999923706055","34,83000183105469","34,79999923706055","34,83000183105469","30,115968704223633","27000"
"2013-12-31T01:00:00.0000000+00:00","34,95000076293945","34,970001220703125","34,849998474121094","34,91999816894531","30,19378089904785","14000"
"2014-01-02T01:00:00.0000000+00:00","34,86000061035156","34,86000061035156","34,86000061035156","34,86000061035156","30,14190673828125","22000"
"2014-01-03T01:00:00.0000000+00:00","34,4900016784668","35,150001525878906","34,310001373291016","34,310001373291016","29,666349411010742","9000"
"2014-01-06T01:00:00.0000000+00:00","34,369998931884766","34,369998931884766","34,369998931884766","34,369998931884766","29,718223571777344","0"
"2014-01-07T01:00:00.0000000+00:00","34,36000061035156","34,529998779296875","34,310001373291016","34,52000045776367","29,84792137145996","62000"
"2014-01-08T01:00:00.0000000+00:00","34,7400016784668","34,779998779296875","34,72999954223633","34,779998779296875","30,072734832763672","9000"
"2014-01-09T01:00:00.0000000+00:00","34,290000915527344","34,290000915527344","34,290000915527344","34,290000915527344","29,6490535736084","1000"
"2014-01-10T01:00:00.0000000+00:00","34,630001068115234","34,79999923706055","34,599998474121094","34,79999923706055","30,090028762817383","8000"
"2014-01-13T01:00:00.0000000+00:00","34,900001525878906","34,95000076293945","34,900001525878906","34,95000076293945","30,219724655151367","4000"
"2014-01-14T01:00:00.0000000+00:00","34,95000076293945","35","34,630001068115234","34,630001068115234","29,943035125732422","3000"
"2014-01-15T01:00:00.0000000+00:00","35,08000183105469","35,45000076293945","35,08000183105469","35,36000061035156","30,574234008789062","15000"
"2014-01-16T01:00:00.0000000+00:00","35,7400016784668","35,77000045776367","35,7400016784668","35,77000045776367","30,92874526977539","4000"
"2014-01-17T01:00:00.0000000+00:00","35,7599983215332","35,7599983215332","35,43000030517578","35,5","30,695281982421875","25000"
"2014-01-20T01:00:00.0000000+00:00","35,529998779296875","35,689998626708984","35,529998779296875","35,689998626708984","30,859569549560547","5000"
"2014-01-21T01:00:00.0000000+00:00","35,439998626708984","35,439998626708984","35,29999923706055","35,310001373291016","30,531002044677734","6000"
"2014-01-22T01:00:00.0000000+00:00","35,29999923706055","35,29999923706055","35,29999923706055","35,29999923706055","30,522354125976562","1000"
"2014-01-23T01:00:00.0000000+00:00","35,70000076293945","35,70000076293945","35,70000076293945","35,70000076293945","30,86821746826172","2000"
"2014-01-24T01:00:00.0000000+00:00","35,619998931884766","35,619998931884766","35,619998931884766","35,619998931884766","30,79904556274414","0"
"2014-01-27T01:00:00.0000000+00:00","34,939998626708984","34,939998626708984","34,7599983215332","34,7599983215332","30,055438995361328","4000"
"2014-02-05T01:00:00.0000000+00:00","33,880001068115234","33,900001525878906","33,869998931884766","33,869998931884766","29,2858943939209","34000"
"2014-02-06T01:00:00.0000000+00:00","34,04999923706055","34,20000076293945","34,04999923706055","34,20000076293945","29,57123565673828","9000"
"2014-02-07T01:00:00.0000000+00:00","34,54999923706055","34,54999923706055","34,54999923706055","34,54999923706055","29,87386131286621","1000"
"2014-02-10T01:00:00.0000000+00:00","34,720001220703125","34,720001220703125","34,689998626708984","34,689998626708984","29,994915008544922","2000"
"2014-02-11T01:00:00.0000000+00:00","34,689998626708984","34,75","34,689998626708984","34,75","30,046796798706055","6000"
"2014-02-12T01:00:00.0000000+00:00","35,060001373291016","35,25","35,060001373291016","35,25","30,479124069213867","3000"
"2014-02-13T01:00:00.0000000+00:00","35,25","35,25","35,25","35,25","30,479124069213867","4000"
"2014-02-14T01:00:00.0000000+00:00","35,5","35,599998474121094","35,5","35,529998779296875","30,72122573852539","9000"
"2014-02-17T01:00:00.0000000+00:00","35,65999984741211","35,65999984741211","35,529998779296875","35,529998779296875","30,72122573852539","2000"
"2014-02-18T01:00:00.0000000+00:00","35,5","35,68000030517578","35,5","35,560001373291016","30,74716567993164","17000"
"2014-02-19T01:00:00.0000000+00:00","35,540000915527344","35,540000915527344","35,540000915527344","35,540000915527344","30,72987174987793","10000"
"2014-02-20T01:00:00.0000000+00:00","35,349998474121094","35,38999938964844","35,349998474121094","35,38999938964844","30,600173950195312","2000"
"2014-02-21T01:00:00.0000000+00:00","35,65999984741211","35,72999954223633","35,54999923706055","35,54999923706055","30,738523483276367","60000"
"2014-02-24T01:00:00.0000000+00:00","35,75","35,75","35,61000061035156","35,61000061035156","30,79039764404297","26000"
"2014-02-25T01:00:00.0000000+00:00","35,880001068115234","36,25","35,880001068115234","36,25","31,34377670288086","14000"
"2014-02-26T01:00:00.0000000+00:00","36,25","36,25","36,25","36,25","31,34377670288086","4000"
"2014-02-27T01:00:00.0000000+00:00","35,959999084472656","36","35,529998779296875","35,779998779296875","30,937389373779297","74000"
"2014-03-03T01:00:00.0000000+00:00","35,599998474121094","35,599998474121094","35,599998474121094","35,599998474121094","30,78175163269043","1000"
"2014-03-04T01:00:00.0000000+00:00","35,81999969482422","35,81999969482422","35,81999969482422","35,81999969482422","30,97197723388672","2000"
"2014-03-05T01:00:00.0000000+00:00","36,150001525878906","36,25","36,150001525878906","36,25","31,34377670288086","5000"
"2014-03-06T01:00:00.0000000+00:00","36,58000183105469","37","36,58000183105469","36,91999816894531","31,923093795776367","157000"
"2014-03-07T01:00:00.0000000+00:00","37,290000915527344","37,470001220703125","37","37","31,992271423339844","181000"
"2014-03-10T01:00:00.0000000+00:00","37,79999923706055","37,79999923706055","36,849998474121094","36,93000030517578","31,93174171447754","10000"
"2014-03-11T01:00:00.0000000+00:00","36,45000076293945","37,349998474121094","36,45000076293945","37,349998474121094","32,294898986816406","71000"
"2014-03-12T01:00:00.0000000+00:00","36,90999984741211","36,90999984741211","36,81999969482422","36,81999969482422","31,83662986755371","10000"
"2014-03-13T01:00:00.0000000+00:00","37,66999816894531","37,70000076293945","37,630001068115234","37,630001068115234","32,5369987487793","20000"
"2014-03-14T01:00:00.0000000+00:00","37,33000183105469","37,33000183105469","37,15999984741211","37,20000076293945","32,165199279785156","65000"
"2014-03-17T01:00:00.0000000+00:00","37,29999923706055","37,29999923706055","37,099998474121094","37,099998474121094","32,078739166259766","10000"
"2014-03-18T01:00:00.0000000+00:00","37,36000061035156","37,400001525878906","37,11000061035156","37,11000061035156","32,087379455566406","37000"
"2014-03-19T01:00:00.0000000+00:00","37,119998931884766","37,18000030517578","36,970001220703125","36,970001220703125","31,966331481933594","9000"
"2014-03-20T01:00:00.0000000+00:00","36,70000076293945","36,70000076293945","36,40999984741211","36,40999984741211","31,482120513916016","31000"
"2014-03-21T01:00:00.0000000+00:00","36,40999984741211","36,83000183105469","36,40999984741211","36,56999969482422","31,62047004699707","20000"
"2014-03-24T01:00:00.0000000+00:00","36,33000183105469","36,33000183105469","36,33000183105469","36,33000183105469","31,412946701049805","20000"
"2014-03-25T01:00:00.0000000+00:00","37","37,150001525878906","37","37","31,992271423339844","34000"
"2014-03-26T01:00:00.0000000+00:00","37,34000015258789","37,79999923706055","37,34000015258789","37,79999923706055","32,683990478515625","44000"
"2014-03-27T01:00:00.0000000+00:00","37,380001068115234","37,380001068115234","37,189998626708984","37,189998626708984","32,15655517578125","9000"
"2014-03-28T01:00:00.0000000+00:00","37,22999954223633","37,79999923706055","37,22999954223633","37,79999923706055","32,683990478515625","13000"
"2014-03-31T01:00:00.0000000+00:00","37,650001525878906","37,65999984741211","37,5099983215332","37,58000183105469","32,493770599365234","18000"
"2014-04-01T01:00:00.0000000+00:00","38,130001068115234","38,349998474121094","37,95000076293945","38,34000015258789","33,150909423828125","53000"
"2014-04-02T01:00:00.0000000+00:00","39,20000076293945","39,20000076293945","38,459999084472656","38,459999084472656","33,25466537475586","11000"
"2014-04-03T01:00:00.0000000+00:00","38,5","38,5","38,04999923706055","38,04999923706055","32,90015411376953","45000"
"2014-04-07T01:00:00.0000000+00:00","37,7599983215332","38,20000076293945","37,7599983215332","38,20000076293945","33,02985382080078","31000"
"2014-04-08T01:00:00.0000000+00:00","38,40999984741211","38,61000061035156","38,38999938964844","38,61000061035156","33,38437271118164","28000"
"2014-04-09T01:00:00.0000000+00:00","38,61000061035156","38,61000061035156","38,529998779296875","38,529998779296875","33,31519317626953","29000"
"2014-04-10T01:00:00.0000000+00:00","38,5099983215332","38,790000915527344","38,43000030517578","38,560001373291016","33,34113311767578","52000"
"2014-04-11T01:00:00.0000000+00:00","38,400001525878906","38,5","38,2400016784668","38,310001373291016","33,12496566772461","33000"
"2014-04-14T01:00:00.0000000+00:00","38,310001373291016","38,33000183105469","38,310001373291016","38,33000183105469","33,14226150512695","6000"
"2014-04-15T01:00:00.0000000+00:00","38,45000076293945","38,45000076293945","38,349998474121094","38,349998474121094","33,1595573425293","3000"
"2014-04-16T01:00:00.0000000+00:00","38,9900016784668","39","38,47999954223633","38,5","33,28926086425781","10000"
"2014-04-17T01:00:00.0000000+00:00","38,9900016784668","39,189998626708984","38,369998931884766","38,58000183105469","33,358436584472656","8000"
"2014-04-18T01:00:00.0000000+00:00","38,58000183105469","39","38,58000183105469","39","33,721580505371094","56000"
"2014-04-21T01:00:00.0000000+00:00","39","39,099998474121094","38,79999923706055","39,099998474121094","33,808048248291016","23000"
"2014-04-22T01:00:00.0000000+00:00","39,20000076293945","39,29999923706055","38,90999984741211","39,29999923706055","33,98097229003906","23000"
"2014-04-23T01:00:00.0000000+00:00","39,29999923706055","39,400001525878906","39,29999923706055","39,400001525878906","34,06744384765625","25000"
"2014-04-24T01:00:00.0000000+00:00","39,5","39,5","38,79999923706055","39,06999969482422","33,782108306884766","36000"
"2014-04-25T01:00:00.0000000+00:00","39,20000076293945","39,20000076293945","39,099998474121094","39,099998474121094","33,808048248291016","2000"
"2014-04-28T01:00:00.0000000+00:00","38,20000076293945","39,09000015258789","38","39,09000015258789","33,799400329589844","30000"
"2014-04-29T01:00:00.0000000+00:00","38,630001068115234","39,38999938964844","38,630001068115234","39,38999938964844","34,05880355834961","11000"
"2014-04-30T01:00:00.0000000+00:00","39,38999938964844","39,38999938964844","38,400001525878906","38,400001525878906","33,202789306640625","3000"
"2014-05-02T01:00:00.0000000+00:00","38,400001525878906","39,04999923706055","38,400001525878906","39,04999923706055","33,76481246948242","4000"
"2014-05-05T01:00:00.0000000+00:00","39,45000076293945","39,45000076293945","39,20000076293945","39,20000076293945","33,89450454711914","30000"
"2014-05-06T01:00:00.0000000+00:00","36,75","36,75","36,380001068115234","36,5099983215332","31,56858253479004","12000"
"2014-05-07T01:00:00.0000000+00:00","36,5099983215332","36,7599983215332","36,5","36,70000076293945","31,732873916625977","15000"
"2014-05-08T01:00:00.0000000+00:00","37,150001525878906","37,150001525878906","37,150001525878906","37,150001525878906","32,12197494506836","3000"
"2014-05-09T01:00:00.0000000+00:00","36,7400016784668","36,7400016784668","36,7400016784668","36,7400016784668","31,767465591430664","3000"
"2014-05-12T01:00:00.0000000+00:00","37,099998474121094","37,13999938964844","37,099998474121094","37,13999938964844","32,11332321166992","2000"
"2014-05-13T01:00:00.0000000+00:00","37,13999938964844","37,13999938964844","36,45000076293945","36,45000076293945","33,7542724609375","12000"
"2014-05-14T01:00:00.0000000+00:00","36,540000915527344","36,70000076293945","36,529998779296875","36,70000076293945","33,985774993896484","14000"
"2014-05-15T01:00:00.0000000+00:00","36,75","37,45000076293945","36,70000076293945","37,0099983215332","34,27285385131836","61000"
"2014-05-16T01:00:00.0000000+00:00","37,0099983215332","37,0099983215332","36,91999816894531","36,91999816894531","34,18951416015625","7000"
"2014-05-19T01:00:00.0000000+00:00","37,349998474121094","37,349998474121094","37,029998779296875","37,029998779296875","34,2913703918457","12000"
"2014-05-20T01:00:00.0000000+00:00","37,45000076293945","37,45000076293945","37,45000076293945","37,45000076293945","34,68030548095703","2000"
"2014-05-21T01:00:00.0000000+00:00","37,43000030517578","37,5","37,040000915527344","37,040000915527344","34,30063247680664","5000"
"2014-05-22T01:00:00.0000000+00:00","37,45000076293945","37,470001220703125","37,45000076293945","37,470001220703125","34,69883728027344","22000"
"2014-05-23T01:00:00.0000000+00:00","37,95000076293945","37,97999954223633","37,95000076293945","37,97999954223633","35,17112350463867","2000"
"2014-05-26T01:00:00.0000000+00:00","40,5","40,5","40,5","40,5","37,5047492980957","7000"
"2014-05-27T01:00:00.0000000+00:00","40,5","40,5","40,04999923706055","40,04999923706055","37,08802795410156","5000"
"2014-05-28T01:00:00.0000000+00:00","38,18000030517578","40","37,84000015258789","40","37,041725158691406","10000"
"2014-05-29T01:00:00.0000000+00:00","38,5","38,56999969482422","38,099998474121094","38,56999969482422","35,71748733520508","9000"
"2014-05-30T01:00:00.0000000+00:00","38,56999969482422","38,56999969482422","38,56999969482422","38,56999969482422","35,71748733520508","1000"
"2014-06-03T01:00:00.0000000+00:00","38,279998779296875","38,279998779296875","38,279998779296875","38,279998779296875","35,44892120361328","0"
"2014-06-04T01:00:00.0000000+00:00","39,130001068115234","39,130001068115234","39,130001068115234","39,130001068115234","36,23606872558594","1000"
"2014-06-05T01:00:00.0000000+00:00","39,11000061035156","39,11000061035156","38,119998931884766","38,119998931884766","35,30076217651367","3000"
"2014-06-06T01:00:00.0000000+00:00","38,20000076293945","38,380001068115234","38,20000076293945","38,20000076293945","35,374839782714844","14000"
"2014-06-09T01:00:00.0000000+00:00","38,20000076293945","38,54999923706055","38,20000076293945","38,41999816894531","35,57857894897461","11000"
"2014-06-10T01:00:00.0000000+00:00","38,880001068115234","39,189998626708984","38,52000045776367","39,189998626708984","36,2916259765625","31000"
"2014-06-11T01:00:00.0000000+00:00","39,20000076293945","39,20000076293945","38,5099983215332","38,83000183105469","35,958251953125","28000"
"2014-06-12T01:00:00.0000000+00:00","38,79999923706055","38,79999923706055","38,45000076293945","38,45000076293945","35,60635757446289","61000"
"2014-06-13T01:00:00.0000000+00:00","38,400001525878906","38,56999969482422","38,400001525878906","38,470001220703125","35,624874114990234","105000"
"2014-06-16T01:00:00.0000000+00:00","38,5","38,79999923706055","38,279998779296875","38,79999923706055","35,93046951293945","87000"
"2014-06-17T01:00:00.0000000+00:00","38,29999923706055","38,689998626708984","38,29999923706055","38,66999816894531","35,810089111328125","114000"
"2014-06-18T01:00:00.0000000+00:00","38,66999816894531","39,099998474121094","38,66999816894531","39,099998474121094","36,20827865600586","115000"
"2014-06-19T01:00:00.0000000+00:00","38,91999816894531","39,20000076293945","38,900001525878906","39,20000076293945","36,30088806152344","17000"
"2014-06-20T01:00:00.0000000+00:00","39,02000045776367","39,02000045776367","39,02000045776367","39,02000045776367","36,13420486450195","0"
"2014-06-23T01:00:00.0000000+00:00","38,61000061035156","38,90999984741211","38,59000015258789","38,59000015258789","35,736000061035156","23000"
"2014-06-24T01:00:00.0000000+00:00","38,5","39,130001068115234","38,5","39,130001068115234","36,23606872558594","10000"
"2014-06-25T01:00:00.0000000+00:00","39,18000030517578","39,18000030517578","39,18000030517578","39,18000030517578","36,28236389160156","1000"
"2014-06-26T01:00:00.0000000+00:00","39","39","39","39","36,115684509277344","6000"
"2014-06-27T01:00:00.0000000+00:00","39,400001525878906","39,5","39,400001525878906","39,5","36,57870101928711","2000"
"2014-06-30T01:00:00.0000000+00:00","39,25","40","39,25","40","37,041725158691406","2000"
"2014-07-01T01:00:00.0000000+00:00","39,97999954223633","39,97999954223633","39,5","39,65999984741211","36,726871490478516","12000"
"2014-07-02T01:00:00.0000000+00:00","40","40,689998626708984","40","40,470001220703125","37,476966857910156","27000"
"2014-07-03T01:00:00.0000000+00:00","40,97999954223633","41,31999969482422","40,34000015258789","41,189998626708984","38,143714904785156","20000"
"2014-07-04T01:00:00.0000000+00:00","41,33000183105469","41,529998779296875","41,22999954223633","41,529998779296875","38,45856475830078","28000"
"2014-07-07T01:00:00.0000000+00:00","41,099998474121094","41,54999923706055","41,099998474121094","41,47999954223633","38,412269592285156","20000"
"2014-07-08T01:00:00.0000000+00:00","41,47999954223633","41,47999954223633","41,470001220703125","41,470001220703125","38,403011322021484","3000"
"2014-07-09T01:00:00.0000000+00:00","41,13999938964844","41,13999938964844","40,88999938964844","40,88999938964844","37,86589431762695","29000"
"2014-07-10T01:00:00.0000000+00:00","41,279998779296875","41,279998779296875","41,02000045776367","41,08000183105469","38,041847229003906","73000"
"2014-07-11T01:00:00.0000000+00:00","41,0099983215332","41,0099983215332","40,7400016784668","40,7400016784668","37,726993560791016","2000"
"2014-07-14T01:00:00.0000000+00:00","41,650001525878906","41,650001525878906","40,88999938964844","41,09000015258789","38,05110549926758","15000"
"2014-07-15T01:00:00.0000000+00:00","41,380001068115234","41,380001068115234","41,18000030517578","41,18000030517578","38,13445281982422","8000"
"2014-07-16T01:00:00.0000000+00:00","40,869998931884766","40,869998931884766","40,869998931884766","40,869998931884766","37,847381591796875","2000"
"2014-07-17T01:00:00.0000000+00:00","39,900001525878906","40,02000045776367","39,75","40,02000045776367","37,060245513916016","130000"
"2014-07-18T01:00:00.0000000+00:00","39,33000183105469","39,9900016784668","39,33000183105469","39,91999816894531","36,967628479003906","13000"
"2014-07-21T01:00:00.0000000+00:00","39,959999084472656","40,25","39,959999084472656","39,9900016784668","37,032466888427734","9000"
"2014-07-22T01:00:00.0000000+00:00","39,9900016784668","40,529998779296875","39,9900016784668","40,529998779296875","37,53251647949219","120000"
"2014-07-23T01:00:00.0000000+00:00",,,,,,
"2014-07-24T01:00:00.0000000+00:00","40,7400016784668","40,7400016784668","40,470001220703125","40,599998474121094","37,59735107421875","10000"
"2014-07-25T01:00:00.0000000+00:00","40,5099983215332","40,5099983215332","39,88999938964844","39,88999938964844","36,93986129760742","6000"
"2014-07-28T01:00:00.0000000+00:00","40,0099983215332","40,0099983215332","39,75","39,75","36,810211181640625","22000"
"2014-07-29T01:00:00.0000000+00:00","40,25","40,29999923706055","39,16999816894531","39,59000015258789","36,662044525146484","14000"
"2014-07-30T01:00:00.0000000+00:00","39,59000015258789","39,59000015258789","39,59000015258789","39,59000015258789","36,662044525146484","1000"
"2014-07-31T01:00:00.0000000+00:00","39,25","39,25","39,029998779296875","39,029998779296875","36,14345932006836","3000"
"2014-08-01T01:00:00.0000000+00:00","38,540000915527344","41,27000045776367","38,4900016784668","41,27000045776367","38,21780014038086","5000"
"2014-08-04T01:00:00.0000000+00:00","38,529998779296875","39,869998931884766","38,529998779296875","39,290000915527344","36,38423156738281","4000"
"2014-08-05T01:00:00.0000000+00:00","39,869998931884766","39,869998931884766","38,88999938964844","38,88999938964844","36,01380920410156","4000"
"2014-08-06T01:00:00.0000000+00:00","41,54999923706055","41,54999923706055","40,900001525878906","41","37,96776580810547","4000"
"2014-08-07T01:00:00.0000000+00:00","41,349998474121094","41,349998474121094","38,79999923706055","38,900001525878906","36,02307891845703","11000"
"2014-08-08T01:00:00.0000000+00:00","38,18000030517578","38,22999954223633","38,150001525878906","38,20000076293945","35,374839782714844","9000"
"2014-08-11T01:00:00.0000000+00:00","38,599998474121094","39,099998474121094","38,560001373291016","39,099998474121094","36,20827865600586","9000"
"2014-08-12T01:00:00.0000000+00:00","39,04999923706055","39,04999923706055","39,04999923706055","39,04999923706055","36,161983489990234","4000"
"2014-08-13T01:00:00.0000000+00:00","39,95000076293945","39,95000076293945","39,599998474121094","39,599998474121094","36,67129898071289","3000"
"2014-08-14T01:00:00.0000000+00:00","39,56999969482422","39,56999969482422","39,56999969482422","39,56999969482422","36,643531799316406","0"
"2014-08-15T01:00:00.0000000+00:00","39,43000030517578","39,43000030517578","39,310001373291016","39,310001373291016","36,40275573730469","2000"
"2014-08-18T01:00:00.0000000+00:00","39,16999816894531","39,16999816894531","39,16999816894531","39,16999816894531","36,273109436035156","1000"
"2014-08-19T01:00:00.0000000+00:00","39,720001220703125","40,349998474121094","39,720001220703125","40,04999923706055","37,08802795410156","72000"
"2014-08-20T01:00:00.0000000+00:00","40,02000045776367","40,02000045776367","40,02000045776367","40,02000045776367","37,060245513916016","0"
"2014-08-21T01:00:00.0000000+00:00","39,70000076293945","39,70000076293945","39,70000076293945","39,70000076293945","36,76390838623047","0"
"2014-08-22T01:00:00.0000000+00:00","40,04999923706055","40,04999923706055","40,04999923706055","40,04999923706055","37,08802795410156","1000"
"2014-08-25T01:00:00.0000000+00:00","40,900001525878906","40,93000030517578","40,900001525878906","40,93000030517578","37,9029426574707","2000"
"2014-08-26T01:00:00.0000000+00:00","41","41,75","41","41,75","38,66230010986328","4000"
"2014-08-27T01:00:00.0000000+00:00","40,83000183105469","40,86000061035156","40,060001373291016","40,25","37,273231506347656","8000"
"2014-08-28T01:00:00.0000000+00:00","40,2599983215332","40,2599983215332","40,2599983215332","40,2599983215332","37,282493591308594","0"
"2014-08-29T01:00:00.0000000+00:00","40,11000061035156","40,11000061035156","40,11000061035156","40,11000061035156","37,14358901977539","7000"
"2014-09-01T01:00:00.0000000+00:00","40,31999969482422","40,77000045776367","40,31999969482422","40,7599983215332","37,745506286621094","4000"
"2014-09-02T01:00:00.0000000+00:00","40,650001525878906","40,68000030517578","40,349998474121094","40,47999954223633","37,48622131347656","21000"
"2014-09-03T01:00:00.0000000+00:00","40,36000061035156","40,650001525878906","40,27000045776367","40,650001525878906","37,64365768432617","221000"
"2014-09-04T01:00:00.0000000+00:00","40,650001525878906","40,650001525878906","40,150001525878906","40,150001525878906","37,18062973022461","21000"
"2014-09-05T01:00:00.0000000+00:00","40,599998474121094","40,599998474121094","40,349998474121094","40,349998474121094","37,365840911865234","57000"
"2014-09-09T01:00:00.0000000+00:00","40,5","40,5","40,25","40,25","37,273231506347656","6000"
"2014-09-10T01:00:00.0000000+00:00","40,209999084472656","40,22999954223633","39,709999084472656","39,83000183105469","36,884300231933594","4000"
"2014-09-11T01:00:00.0000000+00:00","40,25","40,25","39,7400016784668","39,7400016784668","36,80095291137695","9000"
"2014-09-12T01:00:00.0000000+00:00","39,29999923706055","39,29999923706055","39,29999923706055","39,29999923706055","36,39348602294922","0"
"2014-09-15T01:00:00.0000000+00:00","39,31999969482422","39,369998931884766","39,31999969482422","39,369998931884766","36,45832061767578","2000"
"2014-09-16T01:00:00.0000000+00:00","39,279998779296875","39,279998779296875","39,279998779296875","39,279998779296875","36,374969482421875","1000"
"2014-09-17T01:00:00.0000000+00:00","39,290000915527344","39,290000915527344","39,02000045776367","39,02000045776367","36,13420486450195","8000"
"2014-09-18T01:00:00.0000000+00:00","39,43000030517578","39,43000030517578","39,43000030517578","39,43000030517578","36,51388168334961","0"
"2014-09-19T01:00:00.0000000+00:00","39,41999816894531","39,41999816894531","39,41999816894531","39,41999816894531","36,50461959838867","0"
"2014-09-22T01:00:00.0000000+00:00","38,61000061035156","38,61000061035156","38,61000061035156","38,61000061035156","35,75452423095703","0"
"2014-09-23T01:00:00.0000000+00:00","41,54999923706055","41,54999923706055","38,91999816894531","38,91999816894531","36,04159927368164","4000"
"2014-09-24T01:00:00.0000000+00:00","38,5099983215332","38,5099983215332","38,369998931884766","38,369998931884766","35,53226852416992","12000"
"2014-09-25T01:00:00.0000000+00:00","40,95000076293945","40,95000076293945","38,08000183105469","38,08000183105469","35,26372528076172","3000"
"2014-09-26T01:00:00.0000000+00:00","37,720001220703125","37,779998779296875","37,720001220703125","37,779998779296875","34,98590850830078","5000"
"2014-09-29T01:00:00.0000000+00:00","37,81999969482422","37,91999816894531","37,81999969482422","37,81999969482422","35,022945404052734","5000"
"2014-09-30T01:00:00.0000000+00:00","37,529998779296875","37,75","37,2599983215332","37,75","34,9581298828125","10000"
"2014-10-01T01:00:00.0000000+00:00","38,11000061035156","38,11000061035156","38,11000061035156","38,11000061035156","35,291507720947266","1000"
"2014-10-02T01:00:00.0000000+00:00","38,11000061035156","38,11000061035156","38,040000915527344","38,040000915527344","35,22667694091797","2000"
"2014-10-03T01:00:00.0000000+00:00","38,619998931884766","38,619998931884766","38,619998931884766","38,619998931884766","35,76377868652344","2000"
"2014-10-06T01:00:00.0000000+00:00","38,849998474121094","38,849998474121094","38,849998474121094","38,849998474121094","35,976768493652344","1000"
"2014-10-07T01:00:00.0000000+00:00","38,66999816894531","38,66999816894531","38,56999969482422","38,56999969482422","35,71748733520508","8000"
"2014-10-08T01:00:00.0000000+00:00","38,45000076293945","38,45000076293945","38,45000076293945","38,45000076293945","35,60635757446289","1000"
"2014-10-09T01:00:00.0000000+00:00","37,9900016784668","37,9900016784668","37,9900016784668","37,9900016784668","35,18037796020508","0"
"2014-10-13T01:00:00.0000000+00:00","36,459999084472656","37","36,459999084472656","36,9900016784668","34,254329681396484","4000"
"2014-10-14T01:00:00.0000000+00:00","37,04999923706055","37,04999923706055","36,91999816894531","36,91999816894531","34,18951416015625","3000"
"2014-10-15T01:00:00.0000000+00:00","37,400001525878906","37,400001525878906","36,79999923706055","36,849998474121094","34,12468719482422","27000"
"2014-10-16T01:00:00.0000000+00:00","36,849998474121094","36,849998474121094","36,849998474121094","36,849998474121094","34,12468719482422","4000"
"2014-10-17T01:00:00.0000000+00:00","37","37,779998779296875","37","37,619998931884766","34,837745666503906","4000"
"2014-10-20T01:00:00.0000000+00:00","37,869998931884766","37,869998931884766","37,869998931884766","37,869998931884766","35,069244384765625","3000"
"2014-10-21T01:00:00.0000000+00:00","37,650001525878906","37,650001525878906","37,650001525878906","37,650001525878906","34,86552810668945","4000"
"2014-10-22T01:00:00.0000000+00:00","38,369998931884766","38,400001525878906","38,369998931884766","38,400001525878906","35,560054779052734","2000"
"2014-10-23T01:00:00.0000000+00:00","38,25","38,25","38,25","38,25","35,42115020751953","3000"
"2014-10-24T01:00:00.0000000+00:00","37,599998474121094","37,599998474121094","37,599998474121094","37,599998474121094","34,81922149658203","0"
"2014-10-27T01:00:00.0000000+00:00","37,7400016784668","37,7400016784668","37,709999084472656","37,709999084472656","34,92108154296875","2000"
"2014-10-28T01:00:00.0000000+00:00","37,7400016784668","38,31999969482422","37,72999954223633","38,29999923706055","35,46745300292969","7000"
"2014-10-29T01:00:00.0000000+00:00","38,84000015258789","38,84000015258789","38,84000015258789","38,84000015258789","35,96751403808594","0"
"2014-10-30T01:00:00.0000000+00:00","38,689998626708984","38,689998626708984","38,689998626708984","38,689998626708984","35,82860565185547","0"
"2014-10-31T01:00:00.0000000+00:00","38,70000076293945","38,77000045776367","38,70000076293945","38,77000045776367","35,90269470214844","3000"
"2014-11-03T01:00:00.0000000+00:00","39,5099983215332","39,66999816894531","39,5099983215332","39,52000045776367","36,597225189208984","7000"
"2014-11-04T01:00:00.0000000+00:00","39,43000030517578","39,66999816894531","39,43000030517578","39,52000045776367","36,597225189208984","5000"
"2014-11-05T01:00:00.0000000+00:00","39,529998779296875","39,529998779296875","39,529998779296875","39,529998779296875","36,606475830078125","1000"
"2014-11-06T01:00:00.0000000+00:00","39,540000915527344","39,540000915527344","38,619998931884766","38,619998931884766","35,76377868652344","2000"
"2014-11-07T01:00:00.0000000+00:00","38,650001525878906","39,220001220703125","38,650001525878906","39,220001220703125","36,31941223144531","3000"
"2014-11-10T01:00:00.0000000+00:00","40,02000045776367","40,02000045776367","39,790000915527344","39,790000915527344","36,847259521484375","6000"
"2014-11-11T01:00:00.0000000+00:00","39,470001220703125","40","39,470001220703125","39,95000076293945","36,995418548583984","6000"
"2014-11-12T01:00:00.0000000+00:00","39,70000076293945","39,70000076293945","39,70000076293945","39,70000076293945","36,76390838623047","1000"
"2014-11-13T01:00:00.0000000+00:00","39,900001525878906","39,900001525878906","39,900001525878906","39,900001525878906","36,949119567871094","1000"
"2014-11-14T01:00:00.0000000+00:00","39,900001525878906","39,900001525878906","39,900001525878906","39,900001525878906","36,949119567871094","3000"
"2014-11-17T01:00:00.0000000+00:00","40","40","39,75","39,75","36,810211181640625","4000"
"2014-11-18T01:00:00.0000000+00:00","39,7400016784668","39,7599983215332","39,7400016784668","39,7599983215332","36,81947326660156","4000"
"2014-11-19T01:00:00.0000000+00:00","40","40","40","40","37,041725158691406","5000"
"2014-11-20T01:00:00.0000000+00:00","40,56999969482422","40,56999969482422","40,54999923706055","40,56999969482422","37,56957244873047","17000"
"2014-11-21T01:00:00.0000000+00:00","40,849998474121094","40,849998474121094","40,849998474121094","40,849998474121094","37,82886505126953","0"
"2014-11-24T01:00:00.0000000+00:00","41,22999954223633","41,22999954223633","41,22999954223633","41,22999954223633","38,180755615234375","1000"
"2014-11-25T01:00:00.0000000+00:00","41,040000915527344","41,040000915527344","40,84000015258789","40,84000015258789","37,81959533691406","15000"
"2014-11-26T01:00:00.0000000+00:00","40,97999954223633","40,97999954223633","40,97999954223633","40,97999954223633","37,949249267578125","2000"
"2014-11-27T01:00:00.0000000+00:00","41,290000915527344","41,5","41,22999954223633","41,45000076293945","38,38448715209961","11000"
"2014-11-28T01:00:00.0000000+00:00","41,40999984741211","41,43000030517578","41,40999984741211","41,43000030517578","38,365962982177734","10000"
"2014-12-01T01:00:00.0000000+00:00","41,11000061035156","41,11000061035156","41,11000061035156","41,11000061035156","38,069637298583984","2000"
"2014-12-02T01:00:00.0000000+00:00","41,11000061035156","41,11000061035156","40,880001068115234","40,880001068115234","37,85664749145508","2000"
"2014-12-03T01:00:00.0000000+00:00","40,939998626708984","41,27000045776367","40,900001525878906","41,27000045776367","38,21780014038086","11000"
"2014-12-04T01:00:00.0000000+00:00","41,68000030517578","41,68000030517578","41,63999938964844","41,63999938964844","38,56043243408203","2000"
"2014-12-05T01:00:00.0000000+00:00","41,599998474121094","41,599998474121094","41,38999938964844","41,38999938964844","38,328922271728516","2000"
"2014-12-08T01:00:00.0000000+00:00","41,279998779296875","41,279998779296875","41,279998779296875","41,279998779296875","38,22705841064453","1000"
"2014-12-09T01:00:00.0000000+00:00","41,209999084472656","41,209999084472656","41,209999084472656","41,209999084472656","38,1622428894043","2000"
"2014-12-10T01:00:00.0000000+00:00","41,5","41,5","41,5","41,5","38,4307861328125","1000"
"2014-12-11T01:00:00.0000000+00:00","40,79999923706055","40,79999923706055","40,79999923706055","40,79999923706055","37,782569885253906","1000"
"2014-12-12T01:00:00.0000000+00:00","41,38999938964844","41,38999938964844","41,38999938964844","41,38999938964844","38,328922271728516","1000"
"2014-12-15T01:00:00.0000000+00:00","40,20000076293945","40,209999084472656","40,20000076293945","40,209999084472656","37,2361946105957","5000"
"2014-12-16T01:00:00.0000000+00:00","40,470001220703125","40,470001220703125","40,470001220703125","40,470001220703125","37,476966857910156","1000"
"2014-12-17T01:00:00.0000000+00:00","40,119998931884766","40,119998931884766","39,47999954223633","39,47999954223633","36,5601806640625","5000"
"2014-12-18T01:00:00.0000000+00:00","39,66999816894531","39,810001373291016","39,4900016784668","39,4900016784668","36,56943893432617","322000"
"2014-12-19T01:00:00.0000000+00:00","39,68000030517578","40,70000076293945","39,68000030517578","40,70000076293945","37,6899528503418","8000"
"2014-12-22T01:00:00.0000000+00:00","40,130001068115234","41,2400016784668","40,130001068115234","41,2400016784668","38,19001770019531","4000"
"2014-12-23T01:00:00.0000000+00:00","41,25","41,380001068115234","41,13999938964844","41,13999938964844","38,097412109375","4000"
"2014-12-24T01:00:00.0000000+00:00","41,220001220703125","41,22999954223633","41,16999816894531","41,16999816894531","38,125186920166016","26000"
"2014-12-25T01:00:00.0000000+00:00","41,22999954223633","41,29999923706055","41,16999816894531","41,29999923706055","38,245582580566406","37000"
"2014-12-26T01:00:00.0000000+00:00","41,5","41,5","41,5","41,5","38,4307861328125","1000"
"2014-12-29T01:00:00.0000000+00:00","41,709999084472656","42,33000183105469","41,709999084472656","42,29999923706055","39,171627044677734","9000"
"2014-12-30T01:00:00.0000000+00:00","42,08000183105469","42,13999938964844","41,84000015258789","42,130001068115234","39,01419448852539","72000"
"2014-12-31T01:00:00.0000000+00:00","41,95000076293945","41,95000076293945","41,95000076293945","41,95000076293945","38,84750747680664","37000"
"2015-01-05T01:00:00.0000000+00:00","41,84000015258789","42","41,61000061035156","42","38,893802642822266","41000"
"2015-01-06T01:00:00.0000000+00:00","41,79999923706055","41,79999923706055","40,83000183105469","40,83000183105469","37,810340881347656","17000"
"2015-01-07T01:00:00.0000000+00:00","41,029998779296875","41,06999969482422","40,939998626708984","41,06999969482422","38,0325927734375","27000"
"2015-01-08T01:00:00.0000000+00:00","41,27000045776367","42,20000076293945","41,27000045776367","42,20000076293945","39,07902145385742","8000"
"2015-01-09T01:00:00.0000000+00:00","42","42","41,66999816894531","41,66999816894531","38,58821487426758","8000"
"2015-01-12T01:00:00.0000000+00:00","41,470001220703125","41,47999954223633","41,380001068115234","41,380001068115234","38,319664001464844","16000"
"2015-01-13T01:00:00.0000000+00:00","41,119998931884766","41,34000015258789","41,119998931884766","41,310001373291016","38,25484085083008","5000"
"2015-01-14T01:00:00.0000000+00:00","41,11000061035156","41,11000061035156","41,04999923706055","41,04999923706055","38,01407241821289","2000"
"2015-01-15T01:00:00.0000000+00:00","41,25","41,25","41,25","41,25","38,19927978515625","1000"
"2015-01-16T01:00:00.0000000+00:00","41,279998779296875","42","41,279998779296875","41,459999084472656","38,393741607666016","10000"
"2015-01-19T01:00:00.0000000+00:00","41,65999984741211","41,959999084472656","41,65999984741211","41,93000030517578","38,828983306884766","7000"
"2015-01-20T01:00:00.0000000+00:00","41,22999954223633","42","41,22999954223633","42","38,893802642822266","9000"
"2015-01-21T01:00:00.0000000+00:00","42,209999084472656","42,45000076293945","42,209999084472656","42,220001220703125","39,09754180908203","11000"
"2015-01-22T01:00:00.0000000+00:00","42,43000030517578","42,599998474121094","42,43000030517578","42,5","39,356834411621094","12000"
"2015-01-23T01:00:00.0000000+00:00","42,709999084472656","43,290000915527344","42,709999084472656","43,04999923706055","39,866153717041016","169000"
"2015-01-26T01:00:00.0000000+00:00","43,099998474121094","43,119998931884766","43","43,119998931884766","39,930973052978516","13000"
"2015-01-27T01:00:00.0000000+00:00","43,33000183105469","43,349998474121094","43,31999969482422","43,31999969482422","40,116188049316406","4000"
"2015-01-28T01:00:00.0000000+00:00","43,369998931884766","43,5099983215332","43,369998931884766","43,38999938964844","40,181007385253906","49000"
"2015-01-29T01:00:00.0000000+00:00","43,18000030517578","43,209999084472656","42,900001525878906","43,119998931884766","39,930973052978516","197000"
"2015-01-30T01:00:00.0000000+00:00","42,90999984741211","42,90999984741211","42,619998931884766","42,66999816894531","39,51425552368164","29000"
"2015-02-02T01:00:00.0000000+00:00","42,81999969482422","42,81999969482422","42,439998626708984","42,5099983215332","39,366092681884766","31000"
"2015-02-03T01:00:00.0000000+00:00","42,720001220703125","43","42,720001220703125","43","39,819847106933594","52000"
"2015-02-04T01:00:00.0000000+00:00","43,209999084472656","43,40999984741211","43,209999084472656","43,31999969482422","40,116188049316406","31000"
"2015-02-05T01:00:00.0000000+00:00","43,27000045776367","43,27000045776367","43,029998779296875","43,029998779296875","39,84762954711914","2000"
"2015-02-06T01:00:00.0000000+00:00","42,900001525878906","42,900001525878906","42,81999969482422","42,81999969482422","39,65316390991211","4000"
"2015-02-09T01:00:00.0000000+00:00","42,61000061035156","42,70000076293945","42,439998626708984","42,66999816894531","39,51425552368164","49000"
"2015-02-10T01:00:00.0000000+00:00","42,470001220703125","42,470001220703125","42,13999938964844","42,13999938964844","39,02345275878906","18000"
"2015-02-11T01:00:00.0000000+00:00","42,349998474121094","43,380001068115234","42,349998474121094","43,290000915527344","40,088409423828125","40000"
"2015-02-12T01:00:00.0000000+00:00","43,29999923706055","43,31999969482422","43,27000045776367","43,31999969482422","40,116188049316406","8000"
"2015-02-13T01:00:00.0000000+00:00","43,560001373291016","43,560001373291016","43,43000030517578","43,43000030517578","40,21805191040039","13000"
"2015-02-24T01:00:00.0000000+00:00","43,63999938964844","44,16999816894531","43,63999938964844","43,95000076293945","40,6995964050293","38000"
"2015-02-25T01:00:00.0000000+00:00","44,15999984741211","44,70000076293945","44,15999984741211","44,70000076293945","41,39413070678711","23000"
"2015-02-26T01:00:00.0000000+00:00","44,47999954223633","44,47999954223633","44,06999969482422","44,06999969482422","40,81071090698242","7000"
"2015-03-02T01:00:00.0000000+00:00","44,290000915527344","44,290000915527344","43,939998626708984","43,939998626708984","40,690338134765625","9000"
"2015-03-03T01:00:00.0000000+00:00","43,939998626708984","44,060001373291016","43,70000076293945","43,91999816894531","40,671810150146484","7000"
"2015-03-04T01:00:00.0000000+00:00","43,939998626708984","43,939998626708984","43,939998626708984","43,939998626708984","40,690338134765625","1000"
"2015-03-05T01:00:00.0000000+00:00","43,95000076293945","43,95000076293945","43,900001525878906","43,900001525878906","40,65329360961914","4000"
"2015-03-06T01:00:00.0000000+00:00","43,88999938964844","43,88999938964844","43,88999938964844","43,88999938964844","40,6440315246582","1000"
"2015-03-09T01:00:00.0000000+00:00","43,68000030517578","43,68000030517578","43,2400016784668","43,2400016784668","40,04209899902344","11000"
"2015-03-10T01:00:00.0000000+00:00","43,09000015258789","43,09000015258789","43,09000015258789","43,09000015258789","39,9031982421875","5000"
"2015-03-11T01:00:00.0000000+00:00","43,06999969482422","43,33000183105469","43,06999969482422","43,33000183105469","40,12544250488281","3000"
"2015-03-12T01:00:00.0000000+00:00","43,119998931884766","43,68000030517578","43,119998931884766","43,68000030517578","40,449562072753906","7000"
"2015-03-13T01:00:00.0000000+00:00","43,75","43,75","43,75","43,75","40,51438522338867","1000"
"2015-03-16T01:00:00.0000000+00:00","43,540000915527344","43,540000915527344","43","43,15999984741211","39,968017578125","7000"
"2015-03-17T01:00:00.0000000+00:00","43,369998931884766","43,689998626708984","43,369998931884766","43,459999084472656","40,24583435058594","7000"
"2015-03-18T01:00:00.0000000+00:00","43,459999084472656","43,91999816894531","43,459999084472656","43,91999816894531","40,671810150146484","7000"
"2015-03-19T01:00:00.0000000+00:00","44,130001068115234","44,2400016784668","44,130001068115234","44,2400016784668","40,96814727783203","3000"
"2015-03-20T01:00:00.0000000+00:00","44,02000045776367","44,150001525878906","43,849998474121094","44,060001373291016","40,80145263671875","37000"
"2015-03-23T01:00:00.0000000+00:00","44,15999984741211","44,15999984741211","44,15999984741211","44,15999984741211","40,89405822753906","5000"
"2015-03-24T01:00:00.0000000+00:00","44,15999984741211","44,16999816894531","43,90999984741211","43,90999984741211","40,66255187988281","4000"
"2015-03-25T01:00:00.0000000+00:00","44,060001373291016","44,060001373291016","43,7400016784668","43,7400016784668","40,505126953125","4000"
"2015-03-26T01:00:00.0000000+00:00","43,5","43,5","42,5099983215332","42,5099983215332","39,366092681884766","11000"
"2015-03-27T01:00:00.0000000+00:00","42,45000076293945","42,459999084472656","41,900001525878906","41,900001525878906","38,80120849609375","54000"
"2015-03-30T01:00:00.0000000+00:00","41,95000076293945","41,95000076293945","41,810001373291016","41,810001373291016","38,71786880493164","5000"
"2015-03-31T01:00:00.0000000+00:00","42,0099983215332","42,0099983215332","42","42,0099983215332","38,90306854248047","5000"
"2015-04-01T01:00:00.0000000+00:00","42,029998779296875","42,029998779296875","41,95000076293945","41,95000076293945","38,84750747680664","4000"
"2015-04-02T01:00:00.0000000+00:00","42,150001525878906","42,36000061035156","42,150001525878906","42,36000061035156","39,2271842956543","5000"
"2015-04-07T01:00:00.0000000+00:00","42,310001373291016","42,310001373291016","42,13999938964844","42,13999938964844","39,02345275878906","5000"
"2015-04-08T01:00:00.0000000+00:00","42,130001068115234","42,130001068115234","41,709999084472656","41,709999084472656","38,62526321411133","6000"
"2015-04-09T01:00:00.0000000+00:00","41,900001525878906","41,900001525878906","41,900001525878906","41,900001525878906","38,80120849609375","1000"
"2015-04-10T01:00:00.0000000+00:00","42,2599983215332","42,2599983215332","42,099998474121094","42,150001525878906","39,032718658447266","24000"
"2015-04-13T01:00:00.0000000+00:00","42,150001525878906","42,209999084472656","42,099998474121094","42,209999084472656","39,08827209472656","6000"
"2015-04-14T01:00:00.0000000+00:00","42,040000915527344","42,040000915527344","41,81999969482422","41,81999969482422","38,72712326049805","4000"
"2015-04-15T01:00:00.0000000+00:00","41,91999816894531","41,91999816894531","41,439998626708984","41,439998626708984","38,37522506713867","20000"
"2015-04-16T01:00:00.0000000+00:00","41,63999938964844","42,189998626708984","41,63999938964844","42,189998626708984","39,06975555419922","5000"
"2015-04-17T01:00:00.0000000+00:00","42,189998626708984","42,189998626708984","41,72999954223633","41,72999954223633","38,64377975463867","7000"
"2015-04-20T01:00:00.0000000+00:00","41,529998779296875","41,529998779296875","41,2400016784668","41,439998626708984","38,37522506713867","6000"
"2015-04-21T01:00:00.0000000+00:00","41,40999984741211","41,439998626708984","41,13999938964844","41,20000076293945","38,15297317504883","16000"
"2015-04-22T01:00:00.0000000+00:00","41,400001525878906","41,599998474121094","41,400001525878906","41,560001373291016","38,486351013183594","3000"
"2015-04-23T01:00:00.0000000+00:00","41,7599983215332","42,400001525878906","41,7599983215332","42,34000015258789","39,20866012573242","9000"
"2015-04-24T01:00:00.0000000+00:00","42,54999923706055","43,29999923706055","42,54999923706055","43,2599983215332","40,06062316894531","15000"
"2015-04-27T01:00:00.0000000+00:00","43,470001220703125","43,68000030517578","43,400001525878906","43,400001525878906","40,19027328491211","9000"
"2015-04-28T01:00:00.0000000+00:00","43,61000061035156","43,61000061035156","43,22999954223633","43,22999954223633","40,0328369140625","10000"
"2015-04-29T01:00:00.0000000+00:00","43,09000015258789","43,09000015258789","42,599998474121094","42,63999938964844","39,48647689819336","7000"
"2015-04-30T01:00:00.0000000+00:00","42,40999984741211","42,40999984741211","42,29999923706055","42,29999923706055","39,171627044677734","2000"
"2015-05-04T01:00:00.0000000+00:00","42,209999084472656","42,209999084472656","42,209999084472656","42,209999084472656","39,08827209472656","0"
"2015-05-05T01:00:00.0000000+00:00","42,09000015258789","42,09000015258789","42,029998779296875","42,029998779296875","38,92158508300781","5000"
"2015-05-06T01:00:00.0000000+00:00","41,83000183105469","41,900001525878906","41,810001373291016","41,86000061035156","38,76416778564453","4000"
"2015-05-07T01:00:00.0000000+00:00","41,75","41,75","41,75","41,75","38,66230010986328","2000"
"2015-05-08T01:00:00.0000000+00:00","41,65999984741211","41,86000061035156","41,65999984741211","41,86000061035156","38,76416778564453","4000"
"2015-05-11T01:00:00.0000000+00:00","42,060001373291016","42,06999969482422","41,45000076293945","41,45000076293945","38,38448715209961","6000"
"2015-05-12T01:00:00.0000000+00:00","41,650001525878906","41,650001525878906","41,43000030517578","41,43000030517578","38,365962982177734","2000"
"2015-05-13T01:00:00.0000000+00:00","41,630001068115234","41,900001525878906","41,630001068115234","41,900001525878906","38,80120849609375","5000"
"2015-05-14T01:00:00.0000000+00:00","41,90999984741211","41,90999984741211","41,68000030517578","41,68000030517578","38,597476959228516","2000"
"2015-05-15T01:00:00.0000000+00:00","41,689998626708984","41,689998626708984","41,45000076293945","41,45000076293945","38,38448715209961","5000"
"2015-05-18T01:00:00.0000000+00:00","41,630001068115234","41,63999938964844","41,630001068115234","41,63999938964844","38,56043243408203","3000"
"2015-05-19T01:00:00.0000000+00:00","41,560001373291016","41,7599983215332","41,560001373291016","41,70000076293945","38,615997314453125","9000"
"2015-05-20T01:00:00.0000000+00:00","41,900001525878906","41,900001525878906","41,900001525878906","41,900001525878906","38,80120849609375","2000"
"2015-05-21T01:00:00.0000000+00:00","41,900001525878906","41,900001525878906","41,43000030517578","41,43000030517578","38,365962982177734","6000"
"2015-05-22T01:00:00.0000000+00:00","41,630001068115234","42","41,630001068115234","42","38,893802642822266","4000"
"2015-05-25T01:00:00.0000000+00:00","41,84000015258789","41,900001525878906","41,70000076293945","41,70000076293945","38,615997314453125","4000"
"2015-05-26T01:00:00.0000000+00:00","41,900001525878906","42,20000076293945","41,900001525878906","42,20000076293945","39,07902145385742","17000"
"2015-05-27T01:00:00.0000000+00:00","41,9900016784668","42,18000030517578","41,9900016784668","42,18000030517578","39,06049346923828","30000"
"2015-05-28T01:00:00.0000000+00:00","42,38999938964844","42,52000045776367","42,38999938964844","42,52000045776367","39,3753547668457","22000"
"2015-05-29T01:00:00.0000000+00:00","42,38999938964844","42,400001525878906","42,2599983215332","42,27000045776367","39,14384460449219","19000"
"2015-06-01T01:00:00.0000000+00:00","42,060001373291016","42,060001373291016","41,849998474121094","41,849998474121094","38,75490188598633","2000"
"2015-06-02T01:00:00.0000000+00:00","41,650001525878906","41,849998474121094","41,650001525878906","41,7599983215332","38,67155456542969","3000"
"2015-06-03T01:00:00.0000000+00:00","41,72999954223633","41,72999954223633","41,72999954223633","41,72999954223633","38,64377975463867","2000"
"2015-06-04T01:00:00.0000000+00:00","41,529998779296875","41,529998779296875","40,79999923706055","40,79999923706055","37,782569885253906","5000"
"2015-06-05T01:00:00.0000000+00:00","40,599998474121094","41","40,16999816894531","40,369998931884766","37,38435745239258","10000"
"2015-06-08T01:00:00.0000000+00:00","40,220001220703125","40,220001220703125","40,220001220703125","40,220001220703125","37,24545669555664","1000"
"2015-06-09T01:00:00.0000000+00:00","40,02000045776367","40,02000045776367","39,88999938964844","40","37,041725158691406","5000"
"2015-06-10T01:00:00.0000000+00:00","39,97999954223633","40,06999969482422","39,97999954223633","40,06999969482422","37,10655212402344","4000"
"2015-06-11T01:00:00.0000000+00:00","40,16999816894531","40,16999816894531","40,130001068115234","40,130001068115234","37,162105560302734","15000"
"2015-06-12T01:00:00.0000000+00:00","40,33000183105469","40,349998474121094","40,33000183105469","40,34000015258789","37,35657501220703","16000"
"2015-06-15T01:00:00.0000000+00:00","40,2400016784668","40,2400016784668","39,9900016784668","39,9900016784668","37,032466888427734","20000"
"2015-06-16T01:00:00.0000000+00:00","40,0099983215332","40,0099983215332","39,56999969482422","39,56999969482422","36,643531799316406","4000"
"2015-06-17T01:00:00.0000000+00:00","39,7599983215332","40,400001525878906","39,7599983215332","40,25","37,273231506347656","18000"
"2015-06-18T01:00:00.0000000+00:00","40,09000015258789","40,09000015258789","40,09000015258789","40,09000015258789","37,12506866455078","0"
"2015-06-22T01:00:00.0000000+00:00","40,689998626708984","40,689998626708984","40,68000030517578","40,68000030517578","37,67142868041992","5000"
"2015-06-23T01:00:00.0000000+00:00","40,880001068115234","41","40,880001068115234","41","37,96776580810547","2000"
"2015-06-24T01:00:00.0000000+00:00","40,79999923706055","41,70000076293945","40,79999923706055","41,400001525878906","38,338191986083984","191000"
"2015-06-25T01:00:00.0000000+00:00","41,599998474121094","41,79999923706055","41,599998474121094","41,599998474121094","38,52339172363281","90000"
"2015-06-26T01:00:00.0000000+00:00","41,45000076293945","45,7599983215332","41,08000183105469","45,7599983215332","42,375728607177734","200000"
"2015-06-29T01:00:00.0000000+00:00","49,459999084472656","49,459999084472656","41,189998626708984","41,560001373291016","38,486351013183594","26000"
"2015-06-30T01:00:00.0000000+00:00","41,369998931884766","41,369998931884766","40,25","40,47999954223633","37,48622131347656","72000"
"2015-07-01T01:00:00.0000000+00:00","40,459999084472656","41,880001068115234","40,459999084472656","41,86000061035156","38,76416778564453","42000"
"2015-07-02T01:00:00.0000000+00:00","41,65999984741211","43,68000030517578","40,95000076293945","41,5","38,4307861328125","64000"
"2015-07-03T01:00:00.0000000+00:00","41,310001373291016","43,29999923706055","39,810001373291016","43,29999923706055","40,09767150878906","122000"
"2015-07-06T01:00:00.0000000+00:00","46,400001525878906","46,400001525878906","43,439998626708984","43,5099983215332","40,29212951660156","30000"
"2015-07-07T01:00:00.0000000+00:00","43,720001220703125","43,720001220703125","42,150001525878906","42,150001525878906","39,032718658447266","16000"
"2015-07-08T01:00:00.0000000+00:00","41,939998626708984","41,939998626708984","39,2400016784668","40,4900016784668","37,4954833984375","99000"
"2015-07-09T01:00:00.0000000+00:00","40,4900016784668","40,4900016784668","38,5099983215332","39,34000015258789","36,4305419921875","44000"
"2015-07-10T01:00:00.0000000+00:00",,,,,,
"2015-07-13T01:00:00.0000000+00:00","39,349998474121094","42,779998779296875","39,0099983215332","39,439998626708984","36,523136138916016","170000"
"2015-07-14T01:00:00.0000000+00:00","39,630001068115234","39,81999969482422","39,310001373291016","39,4900016784668","36,56943893432617","111000"
"2015-07-15T01:00:00.0000000+00:00","41,20000076293945","41,20000076293945","38,68000030517578","39","36,115684509277344","241000"
"2015-07-16T01:00:00.0000000+00:00","39,18000030517578","39,689998626708984","38,810001373291016","38,9900016784668","36,10641860961914","79000"
"2015-07-17T01:00:00.0000000+00:00","39,959999084472656","40,11000061035156","39,11000061035156","39,279998779296875","36,374969482421875","76000"
"2015-07-20T01:00:00.0000000+00:00","39,290000915527344","39,59000015258789","38,58000183105469","38,58000183105469","35,72674560546875","19000"
"2015-07-21T01:00:00.0000000+00:00","38,77000045776367","39,34000015258789","38,77000045776367","38,849998474121094","35,976768493652344","34000"
"2015-07-22T01:00:00.0000000+00:00","39,11000061035156","39,459999084472656","38,31999969482422","38,47999954223633","35,63413619995117","25000"
"2015-07-23T01:00:00.0000000+00:00","38,290000915527344","38,36000061035156","37,790000915527344","37,959999084472656","35,1525993347168","54000"
"2015-07-24T01:00:00.0000000+00:00","39,95000076293945","39,95000076293945","37,86000061035156","37,86000061035156","35,05999755859375","15000"
"2015-07-27T01:00:00.0000000+00:00","37,86000061035156","37,86000061035156","36,9900016784668","36,9900016784668","34,254329681396484","12000"
"2015-07-28T01:00:00.0000000+00:00","37,16999816894531","37,349998474121094","37,16999816894531","37,16999816894531","34,421024322509766","7000"
"2015-07-29T01:00:00.0000000+00:00","37,18000030517578","37,2400016784668","36,959999084472656","37,16999816894531","34,421024322509766","25000"
"2015-07-30T01:00:00.0000000+00:00","37,400001525878906","37,7400016784668","37,400001525878906","37,630001068115234","34,84700393676758","10000"
"2015-07-31T01:00:00.0000000+00:00","37,810001373291016","37,810001373291016","37,61000061035156","37,619998931884766","34,837745666503906","8000"
"2015-08-03T01:00:00.0000000+00:00","37,459999084472656","37,459999084472656","36,77000045776367","36,77000045776367","34,05060958862305","5000"
"2015-08-04T01:00:00.0000000+00:00","36,91999816894531","36,91999816894531","36,7400016784668","36,7400016784668","34,022823333740234","2000"
"2015-08-05T01:00:00.0000000+00:00","36,52000045776367","36,52000045776367","36,220001220703125","36,40999984741211","33,717227935791016","5000"
"2015-08-06T01:00:00.0000000+00:00","36,40999984741211","36,40999984741211","35,70000076293945","35,70000076293945","33,05974578857422","22000"
"2015-08-07T01:00:00.0000000+00:00","35,689998626708984","35,689998626708984","35,689998626708984","35,689998626708984","33,050479888916016","2000"
"2015-08-10T01:00:00.0000000+00:00","35,599998474121094","35,599998474121094","34,81999969482422","35,439998626708984","32,8189697265625","16000"
"2015-08-11T01:00:00.0000000+00:00","35,61000061035156","36,2400016784668","35,41999816894531","35,66999816894531","33,031959533691406","19000"
"2015-08-12T01:00:00.0000000+00:00","35,439998626708984","35,439998626708984","35,099998474121094","35,16999816894531","32,56893539428711","8000"
"2015-08-13T01:00:00.0000000+00:00","35,33000183105469","36,08000183105469","35,33000183105469","35,380001068115234","32,763404846191406","20000"
"2015-08-14T01:00:00.0000000+00:00","35,439998626708984","35,439998626708984","35","35","32,41150665283203","7000"
"2015-08-17T01:00:00.0000000+00:00","34,86000061035156","34,86000061035156","34,47999954223633","34,5","31,948486328125","22000"
"2015-08-18T01:00:00.0000000+00:00","34,66999816894531","34,86000061035156","34,66999816894531","34,689998626708984","32,12443161010742","16000"
"2015-08-19T01:00:00.0000000+00:00","34,599998474121094","34,599998474121094","34","34,06999969482422","31,550291061401367","7000"
"2015-08-20T01:00:00.0000000+00:00","33,849998474121094","34,060001373291016","33,849998474121094","34,02000045776367","31,503992080688477","14000"
"2015-08-21T01:00:00.0000000+00:00","34,02000045776367","34,02000045776367","33,25","33,25","30,790929794311523","7000"
"2015-08-24T01:00:00.0000000+00:00","33","33","31,350000381469727","31,940000534057617","29,577817916870117","39000"
"2015-08-25T01:00:00.0000000+00:00","31,399999618530273","33,16999816894531","31,399999618530273","33,150001525878906","30,698326110839844","136000"
"2015-08-26T01:00:00.0000000+00:00","33","33,15999984741211","32,7599983215332","33,15999984741211","30,707582473754883","20000"
"2015-08-27T01:00:00.0000000+00:00","33,31999969482422","33,59000015258789","33,31999969482422","33,5","31,022441864013672","13000"
"2015-08-28T01:00:00.0000000+00:00","34,099998474121094","34,20000076293945","34,02000045776367","34,20000076293945","31,670671463012695","8000"
"2015-08-31T01:00:00.0000000+00:00","34,20000076293945","34,33000183105469","34,06999969482422","34,33000183105469","31,79106330871582","7000"
"2015-09-01T01:00:00.0000000+00:00","34,029998779296875","34,599998474121094","34,029998779296875","34,2599983215332","31,72623062133789","8000"
"2015-09-02T01:00:00.0000000+00:00","34,029998779296875","34,27000045776367","33,939998626708984","34,27000045776367","31,73549461364746","6000"
"2015-09-03T01:00:00.0000000+00:00","34,439998626708984","34,61000061035156","34,380001068115234","34,54999923706055","31,994794845581055","8000"
"2015-09-04T01:00:00.0000000+00:00","34,720001220703125","34,75","34,16999816894531","34,16999816894531","31,642892837524414","20000"
"2015-09-07T01:00:00.0000000+00:00","34,220001220703125","34,38999938964844","33,9900016784668","33,9900016784668","31,476205825805664","13000"
"2015-09-08T01:00:00.0000000+00:00","34,150001525878906","34,189998626708984","34,150001525878906","34,189998626708984","31,661409378051758","3000"
"2015-09-09T01:00:00.0000000+00:00","34,36000061035156","35,59000015258789","34,36000061035156","35,59000015258789","32,9578742980957","13000"
"2015-09-10T01:00:00.0000000+00:00","35,5","35,5","35,33000183105469","35,33000183105469","32,71710205078125","4000"
"2015-09-11T01:00:00.0000000+00:00","35,310001373291016","35,70000076293945","35,310001373291016","35,70000076293945","33,05974578857422","4000"
"2015-09-14T01:00:00.0000000+00:00","35,9900016784668","35,9900016784668","35,619998931884766","35,68000030517578","33,04121780395508","4000"
"2015-09-15T01:00:00.0000000+00:00","35,650001525878906","35,650001525878906","35,27000045776367","35,36000061035156","32,7448844909668","8000"
"2015-09-16T01:00:00.0000000+00:00","35,529998779296875","36,06999969482422","35,529998779296875","36,06999969482422","33,402374267578125","6000"
"2015-09-17T01:00:00.0000000+00:00","36,0099983215332","36,650001525878906","36,0099983215332","36,5","33,800575256347656","9000"
"2015-09-18T01:00:00.0000000+00:00","36,7599983215332","36,7599983215332","36,7599983215332","36,7599983215332","34,04134750366211","0"
"2015-09-21T01:00:00.0000000+00:00","36,31999969482422","36,31999969482422","35,88999938964844","35,88999938964844","33,23568344116211","4000"
"2015-09-22T01:00:00.0000000+00:00","35,83000183105469","35,83000183105469","35,810001373291016","35,810001373291016","33,16159439086914","2000"
"2015-09-23T01:00:00.0000000+00:00","35,599998474121094","35,599998474121094","34,959999084472656","34,959999084472656","32,37446594238281","8000"
"2015-09-24T01:00:00.0000000+00:00","34,880001068115234","34,880001068115234","34,70000076293945","34,70000076293945","32,13369369506836","3000"
"2015-09-25T01:00:00.0000000+00:00","34,77000045776367","34,77000045776367","34,43000030517578","34,599998474121094","32,04109191894531","5000"
"2015-09-29T01:00:00.0000000+00:00",,,,,,
"2015-09-30T01:00:00.0000000+00:00","35","35,349998474121094","35","35,349998474121094","32,735618591308594","8000"
"2015-10-01T01:00:00.0000000+00:00","35,43000030517578","35,959999084472656","35,43000030517578","35,959999084472656","33,300506591796875","5000"
"2015-10-02T01:00:00.0000000+00:00","35,790000915527344","35,849998474121094","35,790000915527344","35,849998474121094","33,198646545410156","2000"
"2015-10-05T01:00:00.0000000+00:00","36,02000045776367","36,02000045776367","36,02000045776367","36,02000045776367","33,35607147216797","1000"
"2015-10-06T01:00:00.0000000+00:00","36,369998931884766","36,54999923706055","36,18000030517578","36,18000030517578","33,50423812866211","24000"
"2015-10-07T01:00:00.0000000+00:00","36,36000061035156","36,5099983215332","36,36000061035156","36,5099983215332","33,80982971191406","4000"
"2015-10-08T01:00:00.0000000+00:00","36,689998626708984","36,93000030517578","36,689998626708984","36,7400016784668","34,022823333740234","10000"
"2015-10-12T01:00:00.0000000+00:00","36,91999816894531","37,439998626708984","36,91999816894531","37,439998626708984","34,671051025390625","6000"
"2015-10-13T01:00:00.0000000+00:00","37,41999816894531","37,41999816894531","37,25","37,25","34,49510192871094","3000"
"2015-10-14T01:00:00.0000000+00:00","37,439998626708984","37,439998626708984","37,439998626708984","37,439998626708984","34,671051025390625","1000"
"2015-10-15T01:00:00.0000000+00:00","37,619998931884766","37,959999084472656","37,619998931884766","37,90999984741211","35,10629653930664","15000"
"2015-10-16T01:00:00.0000000+00:00","37,72999954223633","37,72999954223633","37,54999923706055","37,54999923706055","34,77291488647461","4000"
"2015-10-19T01:00:00.0000000+00:00","37,779998779296875","37,869998931884766","37,779998779296875","37,869998931884766","35,069244384765625","4000"
"2015-10-20T01:00:00.0000000+00:00","37,900001525878906","37,900001525878906","37,599998474121094","37,63999938964844","34,85625457763672","22000"
"2015-10-21T01:00:00.0000000+00:00","37,900001525878906","37,900001525878906","37,720001220703125","37,720001220703125","34,93034744262695","6000"
"2015-10-22T01:00:00.0000000+00:00","37,58000183105469","37,58000183105469","37,58000183105469","37,58000183105469","34,80070114135742","0"
"2015-10-23T01:00:00.0000000+00:00","37,900001525878906","38,13999938964844","37,900001525878906","37,95000076293945","35,143333435058594","4000"
"2015-10-26T01:00:00.0000000+00:00","38,04999923706055","38,20000076293945","38,0099983215332","38,20000076293945","35,374839782714844","3000"
"2015-10-27T01:00:00.0000000+00:00","38,13999938964844","38,13999938964844","37,75","37,75","34,9581298828125","4000"
"2015-10-28T01:00:00.0000000+00:00","37,72999954223633","37,72999954223633","37,54999923706055","37,54999923706055","34,77291488647461","2000"
"2015-10-29T01:00:00.0000000+00:00","37,2400016784668","37,2400016784668","37,2400016784668","37,2400016784668","34,485843658447266","0"
"2015-10-30T01:00:00.0000000+00:00","37,279998779296875","37,29999923706055","37,099998474121094","37,29999923706055","34,54140853881836","8000"
"2015-11-02T01:00:00.0000000+00:00","37,560001373291016","37,560001373291016","37,560001373291016","37,560001373291016","34,78218078613281","0"
"2015-11-03T01:00:00.0000000+00:00","37,83000183105469","38,13999938964844","37,83000183105469","38,13999938964844","35,31928253173828","3000"
"2015-11-04T01:00:00.0000000+00:00","38,33000183105469","39,380001068115234","38,33000183105469","39,29999923706055","36,39348602294922","31000"
"2015-11-05T01:00:00.0000000+00:00","39,2599983215332","39,2599983215332","38,939998626708984","38,939998626708984","36,06011199951172","9000"
"2015-11-06T01:00:00.0000000+00:00","39,04999923706055","39,04999923706055","38,209999084472656","38,209999084472656","35,38410568237305","12000"
"2015-11-09T01:00:00.0000000+00:00","38,40999984741211","38,63999938964844","38,290000915527344","38,290000915527344","35,45819091796875","5000"
"2015-11-10T01:00:00.0000000+00:00","38,220001220703125","38,220001220703125","38,029998779296875","38,029998779296875","35,2174186706543","2000"
"2015-11-11T01:00:00.0000000+00:00","37,95000076293945","37,95000076293945","37,40999984741211","37,40999984741211","34,64326858520508","4000"
"2015-11-12T01:00:00.0000000+00:00","37,59000015258789","37,59000015258789","37,40999984741211","37,540000915527344","34,76365661621094","3000"
"2015-11-13T01:00:00.0000000+00:00","37,36000061035156","37,36000061035156","37,099998474121094","37,099998474121094","34,356201171875","5000"
"2015-11-16T01:00:00.0000000+00:00","36,91999816894531","36,91999816894531","36,33000183105469","36,33000183105469","33,64314270019531","4000"
"2015-11-17T01:00:00.0000000+00:00","36,5099983215332","37,630001068115234","36,5099983215332","37,630001068115234","34,84700393676758","5000"
"2015-11-18T01:00:00.0000000+00:00","37,45000076293945","37,45000076293945","36,900001525878906","36,900001525878906","34,170989990234375","5000"
"2015-11-19T01:00:00.0000000+00:00","37,099998474121094","37,279998779296875","37,099998474121094","37,279998779296875","34,522884368896484","2000"
"2015-11-20T01:00:00.0000000+00:00","37,459999084472656","37,47999954223633","37,459999084472656","37,47999954223633","34,708099365234375","2000"
"2015-11-23T01:00:00.0000000+00:00","37,65999984741211","37,65999984741211","37,65999984741211","37,65999984741211","34,874778747558594","1000"
"2015-11-24T01:00:00.0000000+00:00","37,779998779296875","37,959999084472656","37,27000045776367","37,27000045776367","34,513633728027344","16000"
"2015-11-25T01:00:00.0000000+00:00","37,45000076293945","37,45000076293945","37,45000076293945","37,45000076293945","34,68030548095703","1000"
"2015-11-26T01:00:00.0000000+00:00","37,630001068115234","37,880001068115234","37,630001068115234","37,86000061035156","35,05999755859375","8000"
"2015-11-27T01:00:00.0000000+00:00","38,040000915527344","38,040000915527344","37,650001525878906","37,650001525878906","34,86552810668945","4000"
"2015-11-30T01:00:00.0000000+00:00","37,470001220703125","37,470001220703125","36,65999984741211","36,84000015258789","34,11542892456055","7000"
"2015-12-01T01:00:00.0000000+00:00","37,02000045776367","37,619998931884766","37,02000045776367","37,619998931884766","34,837745666503906","4000"
"2015-12-02T01:00:00.0000000+00:00","37,95000076293945","38,18000030517578","37,95000076293945","38,18000030517578","35,3563232421875","3000"
"2015-12-03T01:00:00.0000000+00:00","37,9900016784668","37,9900016784668","37,9900016784668","37,9900016784668","35,18037796020508","2000"
"2015-12-04T01:00:00.0000000+00:00","37,880001068115234","37,880001068115234","37,720001220703125","37,720001220703125","34,93034744262695","6000"
"2015-12-07T01:00:00.0000000+00:00","37,900001525878906","38,43000030517578","37,900001525878906","38,43000030517578","35,58783721923828","4000"
"2015-12-08T01:00:00.0000000+00:00","38,34000015258789","38,34000015258789","37,90999984741211","37,90999984741211","35,10629653930664","4000"
"2015-12-09T01:00:00.0000000+00:00","37,81999969482422","37,81999969482422","37,81999969482422","37,81999969482422","35,022945404052734","1000"
"2015-12-10T01:00:00.0000000+00:00","37,61000061035156","37,61000061035156","37,099998474121094","37,41999816894531","34,65253448486328","7000"
"2015-12-11T01:00:00.0000000+00:00","37,599998474121094","37,63999938964844","37,2400016784668","37,2400016784668","34,485843658447266","4000"
"2015-12-14T01:00:00.0000000+00:00","37,029998779296875","37,029998779296875","36,560001373291016","36,709999084472656","33,99504470825195","28000"
"2015-12-15T01:00:00.0000000+00:00","36,79999923706055","36,9900016784668","36,79999923706055","36,97999954223633","34,24507141113281","43000"
"2015-12-16T01:00:00.0000000+00:00","37,15999984741211","37,540000915527344","37,15999984741211","37,540000915527344","34,76365661621094","3000"
"2015-12-17T01:00:00.0000000+00:00","37,72999954223633","37,849998474121094","37,650001525878906","37,79999923706055","35,00442886352539","40000"
"2015-12-18T01:00:00.0000000+00:00","38,0099983215332","38,040000915527344","38,0099983215332","38,040000915527344","35,22667694091797","2000"
"2015-12-21T01:00:00.0000000+00:00","37,849998474121094","37,849998474121094","37,79999923706055","37,79999923706055","35,00442886352539","2000"
"2015-12-22T01:00:00.0000000+00:00","37,79999923706055","37,79999923706055","37,79999923706055","37,79999923706055","35,00442886352539","1000"
"2015-12-23T01:00:00.0000000+00:00","38,34000015258789","38,34000015258789","38,27000045776367","38,27000045776367","35,43966293334961","2000"
"2015-12-24T01:00:00.0000000+00:00","38,52000045776367","38,52000045776367","38,52000045776367","38,52000045776367","35,671180725097656","1000"
"2015-12-25T01:00:00.0000000+00:00","38,439998626708984","38,439998626708984","38,439998626708984","38,439998626708984","35,59709548950195","0"
"2015-12-28T01:00:00.0000000+00:00","38,59000015258789","38,59000015258789","38,59000015258789","38,59000015258789","35,736000061035156","1000"
"2015-12-29T01:00:00.0000000+00:00","38,34000015258789","38,34000015258789","38,33000183105469","38,33000183105469","35,4952278137207","2000"
"2015-12-30T01:00:00.0000000+00:00","38","38","38","38","35,18963623046875","1000"
"2015-12-31T01:00:00.0000000+00:00","38,060001373291016","38,060001373291016","38,060001373291016","38,060001373291016","35,24519729614258","0"
"2016-01-04T01:00:00.0000000+00:00","37,119998931884766","37,119998931884766","37,119998931884766","37,119998931884766","34,374717712402344","0"
"2016-01-05T01:00:00.0000000+00:00","37","37,02000045776367","36,7400016784668","37,02000045776367","34,2821159362793","12000"
"2016-01-06T01:00:00.0000000+00:00","36,5","36,5","35,77000045776367","35,849998474121094","33,198646545410156","299000"
"2016-01-07T01:00:00.0000000+00:00","35,779998779296875","35,79999923706055","34,86000061035156","34,86000061035156","32,281864166259766","38000"
"2016-01-08T01:00:00.0000000+00:00","34,83000183105469","35,529998779296875","34,83000183105469","35,529998779296875","32,90230941772461","7000"
"2016-01-11T01:00:00.0000000+00:00","35,029998779296875","35,029998779296875","34,75","34,75","32,179996490478516","4000"
"2016-01-12T01:00:00.0000000+00:00","35,59000015258789","35,59000015258789","34,970001220703125","35,20000076293945","32,596717834472656","29000"
"2016-01-13T01:00:00.0000000+00:00","35,77000045776367","35,77000045776367","35,65999984741211","35,65999984741211","33,02268981933594","2000"
"2016-01-14T01:00:00.0000000+00:00","35,2400016784668","35,2400016784668","35,2400016784668","35,2400016784668","32,633758544921875","0"
"2016-01-15T01:00:00.0000000+00:00","35,310001373291016","35,95000076293945","35,310001373291016","35,849998474121094","33,198646545410156","40000"
"2016-01-18T01:00:00.0000000+00:00","35,380001068115234","35,61000061035156","35,380001068115234","35,61000061035156","32,97639465332031","2000"
"2016-01-19T01:00:00.0000000+00:00","36,2599983215332","36,2599983215332","36,11000061035156","36,11000061035156","33,439422607421875","3000"
"2016-01-20T01:00:00.0000000+00:00","35,599998474121094","35,599998474121094","35,41999816894531","35,41999816894531","32,80044937133789","4000"
"2016-01-21T01:00:00.0000000+00:00","35,599998474121094","35,599998474121094","35,599998474121094","35,599998474121094","32,96712875366211","0"
"2016-01-22T01:00:00.0000000+00:00","36","36","36","36","33,337547302246094","2000"
"2016-01-25T01:00:00.0000000+00:00","36,599998474121094","36,7400016784668","36,599998474121094","36,599998474121094","33,8931770324707","3000"
"2016-01-26T01:00:00.0000000+00:00","36,459999084472656","36,459999084472656","36,349998474121094","36,349998474121094","33,66166687011719","3000"
"2016-01-27T01:00:00.0000000+00:00","36,63999938964844","36,63999938964844","36,630001068115234","36,630001068115234","33,92095947265625","2000"
"2016-01-28T01:00:00.0000000+00:00","36,70000076293945","36,70000076293945","36,70000076293945","36,70000076293945","33,985774993896484","1000"
"2016-01-29T01:00:00.0000000+00:00","37,45000076293945","37,45000076293945","37,45000076293945","37,45000076293945","34,68030548095703","1000"
"2016-01-30T01:00:00.0000000+00:00","37,61000061035156","37,61000061035156","37,61000061035156","37,61000061035156","34,8284797668457","0"
"2016-02-01T01:00:00.0000000+00:00","37,54999923706055","37,54999923706055","37,54999923706055","37,54999923706055","34,77291488647461","1000"
"2016-02-02T01:00:00.0000000+00:00","37,54999923706055","37,54999923706055","37,54999923706055","37,54999923706055","34,77291488647461","1000"
"2016-02-03T01:00:00.0000000+00:00","37,560001373291016","37,560001373291016","37,560001373291016","37,560001373291016","34,78218078613281","1000"
"2016-02-15T01:00:00.0000000+00:00","37,54999923706055","37,900001525878906","37,25","37,900001525878906","35,0970344543457","59000"
"2016-02-16T01:00:00.0000000+00:00","37,84000015258789","38,18000030517578","37,720001220703125","38,18000030517578","35,3563232421875","27000"
"2016-02-17T01:00:00.0000000+00:00","38,29999923706055","38,54999923706055","38,29999923706055","38,54999923706055","35,6989631652832","3000"
"2016-02-18T01:00:00.0000000+00:00","38,689998626708984","39,02000045776367","38,689998626708984","39","36,115684509277344","41000"
"2016-02-19T01:00:00.0000000+00:00","39","39","39","39","36,115684509277344","1000"
"2016-02-22T01:00:00.0000000+00:00","39,20000076293945","39,31999969482422","39,20000076293945","39,31999969482422","36,41201400756836","4000"
"2016-02-23T01:00:00.0000000+00:00","39,22999954223633","39,22999954223633","39,150001525878906","39,150001525878906","36,25458908081055","4000"
"2016-02-24T01:00:00.0000000+00:00","38,81999969482422","38,81999969482422","38,81999969482422","38,81999969482422","35,948997497558594","0"
"2016-02-25T01:00:00.0000000+00:00","39,09000015258789","39,099998474121094","39,09000015258789","39,099998474121094","36,20827865600586","5000"
"2016-02-26T01:00:00.0000000+00:00","39,20000076293945","39,2599983215332","39,20000076293945","39,2599983215332","36,356449127197266","3000"
"2016-03-01T01:00:00.0000000+00:00","39,20000076293945","39,599998474121094","39,15999984741211","39,540000915527344","36,61574172973633","12000"
"2016-03-02T01:00:00.0000000+00:00","39,900001525878906","40,13999938964844","39,900001525878906","40,11000061035156","37,14358901977539","41000"
"2016-03-03T01:00:00.0000000+00:00","40,11000061035156","40,11000061035156","39,900001525878906","39,900001525878906","36,949119567871094","7000"
"2016-03-04T01:00:00.0000000+00:00","40,08000183105469","40,08000183105469","40,08000183105469","40,08000183105469","37,11581039428711","0"
"2016-03-07T01:00:00.0000000+00:00","40,2400016784668","40,2400016784668","40,099998474121094","40,099998474121094","37,13431930541992","2000"
"2016-03-08T01:00:00.0000000+00:00","39,86000061035156","39,86000061035156","39,560001373291016","39,560001373291016","36,63426971435547","3000"
"2016-03-09T01:00:00.0000000+00:00","39,56999969482422","39,77000045776367","39,56999969482422","39,77000045776367","36,828731536865234","15000"
"2016-03-10T01:00:00.0000000+00:00","39,849998474121094","39,849998474121094","39,790000915527344","39,790000915527344","36,847259521484375","12000"
"2016-03-11T01:00:00.0000000+00:00","39,959999084472656","40,060001373291016","39,959999084472656","40,060001373291016","37,097286224365234","6000"
"2016-03-14T01:00:00.0000000+00:00","41,150001525878906","41,150001525878906","41,150001525878906","41,150001525878906","38,1066780090332","0"
"2016-03-15T01:00:00.0000000+00:00","41,08000183105469","41,08000183105469","40,099998474121094","40,099998474121094","37,13431930541992","4000"
"2016-03-16T01:00:00.0000000+00:00","40,40999984741211","40,599998474121094","40,40999984741211","40,599998474121094","37,59735107421875","6000"
"2016-03-17T01:00:00.0000000+00:00","41,08000183105469","41,5","40,959999084472656","40,959999084472656","37,930721282958984","34000"
"2016-03-18T01:00:00.0000000+00:00","41,20000076293945","41,31999969482422","41,150001525878906","41,15999984741211","38,115936279296875","4000"
"2016-03-21T01:00:00.0000000+00:00","41,31999969482422","41,34000015258789","41,31999969482422","41,34000015258789","38,282615661621094","12000"
"2016-03-22T01:00:00.0000000+00:00","41,220001220703125","41,220001220703125","41,220001220703125","41,220001220703125","38,17149353027344","0"
"2016-03-23T01:00:00.0000000+00:00","41,119998931884766","41,119998931884766","41,119998931884766","41,119998931884766","38,078887939453125","1000"
"2016-03-24T01:00:00.0000000+00:00","40,90999984741211","40,90999984741211","40,90999984741211","40,90999984741211","37,884422302246094","1000"
"2016-03-25T01:00:00.0000000+00:00","40,880001068115234","40,880001068115234","40,880001068115234","40,880001068115234","37,85664749145508","0"
"2016-03-28T01:00:00.0000000+00:00","40,83000183105469","40,83000183105469","40,4900016784668","40,4900016784668","37,4954833984375","2000"
"2016-03-29T01:00:00.0000000+00:00","41,130001068115234","41,130001068115234","40,7599983215332","40,7599983215332","37,745506286621094","3000"
"2016-03-30T01:00:00.0000000+00:00","40,79999923706055","40,79999923706055","40,79999923706055","40,79999923706055","37,782569885253906","1000"
"2016-03-31T01:00:00.0000000+00:00","40,810001373291016","41,52000045776367","40,810001373291016","41,13999938964844","38,097412109375","17000"
"2016-04-01T01:00:00.0000000+00:00","40,88999938964844","40,88999938964844","40,88999938964844","40,88999938964844","37,86589431762695","1000"
"2016-04-06T01:00:00.0000000+00:00","40,279998779296875","40,279998779296875","39,849998474121094","39,849998474121094","36,90281677246094","2000"
"2016-04-07T01:00:00.0000000+00:00","39,79999923706055","39,79999923706055","39,619998931884766","39,650001525878906","36,71760940551758","53000"
"2016-04-08T01:00:00.0000000+00:00","38,29999923706055","40,029998779296875","38,29999923706055","40,02000045776367","37,060245513916016","12000"
"2016-04-11T01:00:00.0000000+00:00","40,31999969482422","40,31999969482422","40,31999969482422","40,31999969482422","37,33805847167969","1000"
"2016-04-12T01:00:00.0000000+00:00","40,81999969482422","40,81999969482422","40,81999969482422","40,81999969482422","37,80108642578125","1000"
"2016-04-13T01:00:00.0000000+00:00","40,7400016784668","41","40,7400016784668","41","37,96776580810547","2000"
"2016-04-14T01:00:00.0000000+00:00","41,09000015258789","41,09000015258789","41,09000015258789","41,09000015258789","38,05110549926758","0"
"2016-04-15T01:00:00.0000000+00:00","40,689998626708984","40,810001373291016","40,5099983215332","40,810001373291016","37,79182052612305","3000"
"2016-04-18T01:00:00.0000000+00:00","40,43000030517578","40,529998779296875","40,150001525878906","40,150001525878906","37,18062973022461","3000"
"2016-04-19T01:00:00.0000000+00:00","40,849998474121094","40,869998931884766","40,08000183105469","40,150001525878906","37,18062973022461","5000"
"2016-04-20T01:00:00.0000000+00:00","39,95000076293945","39,95000076293945","39,79999923706055","39,79999923706055","36,85651397705078","3000"
"2016-04-21T01:00:00.0000000+00:00","40,16999816894531","40,16999816894531","40,16999816894531","40,16999816894531","37,199153900146484","0"
"2016-04-22T01:00:00.0000000+00:00","39,900001525878906","40,029998779296875","39,779998779296875","39,779998779296875","36,83799362182617","4000"
"2016-04-25T01:00:00.0000000+00:00","40,150001525878906","40,150001525878906","40,150001525878906","40,150001525878906","37,18062973022461","0"
"2016-04-26T01:00:00.0000000+00:00","40,33000183105469","40,33000183105469","40,060001373291016","40,060001373291016","37,097286224365234","4000"
"2016-04-27T01:00:00.0000000+00:00","39,970001220703125","40,13999938964844","39,77000045776367","40,13999938964844","37,17137145996094","15000"
"2016-04-28T01:00:00.0000000+00:00","40,13999938964844","40,13999938964844","39,380001068115234","39,380001068115234","36,46758270263672","13000"
"2016-04-29T01:00:00.0000000+00:00","39,380001068115234","39,380001068115234","38,52000045776367","38,689998626708984","35,82860565185547","8000"
"2016-05-03T01:00:00.0000000+00:00","38,689998626708984","38,689998626708984","37,54999923706055","37,810001373291016","35,01369094848633","18000"
"2016-05-04T01:00:00.0000000+00:00","35,369998931884766","35,400001525878906","35","35","32,71296310424805","15000"
"2016-05-05T01:00:00.0000000+00:00","34,959999084472656","35,02000045776367","34,83000183105469","35,02000045776367","32,731658935546875","9000"
"2016-05-06T01:00:00.0000000+00:00","34,90999984741211","34,90999984741211","34,90999984741211","34,90999984741211","32,62884521484375","0"
"2016-05-09T01:00:00.0000000+00:00","34,97999954223633","34,97999954223633","34,70000076293945","34,70000076293945","32,43256759643555","9000"
"2016-05-10T01:00:00.0000000+00:00","34,790000915527344","34,790000915527344","34,790000915527344","34,790000915527344","32,51668930053711","3000"
"2016-05-11T01:00:00.0000000+00:00","35","35","34,810001373291016","34,849998474121094","32,57276916503906","27000"
"2016-05-12T01:00:00.0000000+00:00","34,68000030517578","34,68000030517578","34,68000030517578","34,68000030517578","32,41387939453125","0"
"2016-05-13T01:00:00.0000000+00:00","34,70000076293945","34,70000076293945","34,40999984741211","34,40999984741211","32,1615104675293","3000"
"2016-05-16T01:00:00.0000000+00:00","34,45000076293945","34,45000076293945","34,45000076293945","34,45000076293945","32,198909759521484","0"
"2016-05-17T01:00:00.0000000+00:00","34,59000015258789","34,599998474121094","34,5","34,599998474121094","32,33910369873047","7000"
"2016-05-18T01:00:00.0000000+00:00","34,5099983215332","34,5099983215332","34,5099983215332","34,5099983215332","32,25497817993164","1000"
"2016-05-19T01:00:00.0000000+00:00","34,75","34,75","34,75","34,75","32,47929763793945","0"
"2016-05-20T01:00:00.0000000+00:00","34,650001525878906","34,83000183105469","34,650001525878906","34,83000183105469","32,5540771484375","6000"
"2016-05-23T01:00:00.0000000+00:00","35,04999923706055","36,38999938964844","35,04999923706055","36,38999938964844","34,01213836669922","17000"
"2016-05-24T01:00:00.0000000+00:00","36,38999938964844","36,38999938964844","36","36","33,64761734008789","4000"
"2016-05-25T01:00:00.0000000+00:00","36,45000076293945","36,619998931884766","36,310001373291016","36,540000915527344","34,15233612060547","15000"
"2016-05-26T01:00:00.0000000+00:00","36,540000915527344","36,540000915527344","36,34000015258789","36,34000015258789","33,96540451049805","3000"
"2016-05-27T01:00:00.0000000+00:00","36,90999984741211","37,18000030517578","36,90999984741211","37,18000030517578","34,75052261352539","7000"
"2016-05-30T01:00:00.0000000+00:00","37,20000076293945","37,72999954223633","37","37,72999954223633","35,26457595825195","3000"
"2016-05-31T01:00:00.0000000+00:00","37,470001220703125","37,470001220703125","37,470001220703125","37,470001220703125","35,02156448364258","0"
"2016-06-01T01:00:00.0000000+00:00","37,52000045776367","37,91999816894531","37,52000045776367","37,91999816894531","35,442161560058594","3000"
"2016-06-02T01:00:00.0000000+00:00","37,90999984741211","37,90999984741211","37,599998474121094","37,599998474121094","35,143070220947266","3000"
"2016-06-03T01:00:00.0000000+00:00","38,18000030517578","38,18000030517578","38,18000030517578","38,18000030517578","35,68517303466797","0"
"2016-06-04T01:00:00.0000000+00:00","38,13999938964844","38,13999938964844","38,13999938964844","38,13999938964844","35,64778137207031","0"
"2016-06-06T01:00:00.0000000+00:00","38,130001068115234","38,41999816894531","38,130001068115234","38,41999816894531","35,90949630737305","23000"
"2016-06-07T01:00:00.0000000+00:00","38,22999954223633","38,29999923706055","38,22999954223633","38,29999923706055","35,797332763671875","12000"
"2016-06-08T01:00:00.0000000+00:00","38,84000015258789","38,959999084472656","38,84000015258789","38,959999084472656","36,41420364379883","9000"
"2016-06-13T01:00:00.0000000+00:00","38,959999084472656","38,959999084472656","37,599998474121094","37,93000030517578","35,451515197753906","14000"
"2016-06-14T01:00:00.0000000+00:00","38,22999954223633","38,29999923706055","38,220001220703125","38,2599983215332","35,75994873046875","4000"
"2016-06-15T01:00:00.0000000+00:00","38,2599983215332","38,2599983215332","38,2599983215332","38,2599983215332","35,75994873046875","1000"
"2016-06-16T01:00:00.0000000+00:00","38,4900016784668","38,4900016784668","38,4900016784668","38,4900016784668","35,974918365478516","1000"
"2016-06-17T01:00:00.0000000+00:00","38,560001373291016","38,59000015258789","38,560001373291016","38,59000015258789","36,068382263183594","2000"
"2016-06-20T01:00:00.0000000+00:00","38,54999923706055","38,54999923706055","38,54999923706055","38,54999923706055","36,03099822998047","0"
"2016-06-21T01:00:00.0000000+00:00","38,72999954223633","38,72999954223633","38,72999954223633","38,72999954223633","36,1992301940918","0"
"2016-06-22T01:00:00.0000000+00:00","38,56999969482422","38,56999969482422","38,56999969482422","38,56999969482422","36,0496940612793","0"
"2016-06-23T01:00:00.0000000+00:00","38,79999923706055","38,79999923706055","38,79999923706055","38,79999923706055","36,26465606689453","0"
"2016-06-24T01:00:00.0000000+00:00","37,7599983215332","37,7599983215332","37,7599983215332","37,7599983215332","35,29261779785156","0"
"2016-06-27T01:00:00.0000000+00:00","38","38","38","38","35,51693344116211","0"
"2016-06-28T01:00:00.0000000+00:00","38,349998474121094","38,349998474121094","38,349998474121094","38,349998474121094","35,844058990478516","0"
"2016-06-29T01:00:00.0000000+00:00","38,939998626708984","38,939998626708984","38,939998626708984","38,939998626708984","36,395503997802734","0"
"2016-06-30T01:00:00.0000000+00:00","39,66999816894531","39,66999816894531","39,66999816894531","39,66999816894531","37,07781219482422","0"
"2016-07-01T01:00:00.0000000+00:00","40,189998626708984","40,189998626708984","40,189998626708984","40,189998626708984","37,56382751464844","0"
"2016-07-04T01:00:00.0000000+00:00","40,36000061035156","40,36000061035156","40,36000061035156","40,36000061035156","37,72272872924805","0"
"2016-07-05T01:00:00.0000000+00:00","40,2400016784668","40,2400016784668","40,2400016784668","40,2400016784668","37,610565185546875","0"
"2016-07-06T01:00:00.0000000+00:00","39,52000045776367","39,52000045776367","39,52000045776367","39,52000045776367","36,93761444091797","0"
"2016-07-07T01:00:00.0000000+00:00","40","40","40","40","37,38624954223633","0"
"2016-07-08T01:00:00.0000000+00:00",,,,,,
"2016-07-11T01:00:00.0000000+00:00","41,18000030517578","41,18000030517578","41,18000030517578","41,18000030517578","38,489139556884766","0"
"2016-07-12T01:00:00.0000000+00:00","41,29999923706055","41,29999923706055","41,29999923706055","41,29999923706055","38,60130310058594","0"
"2016-07-13T01:00:00.0000000+00:00","41,29999923706055","41,29999923706055","41,29999923706055","41,29999923706055","38,60130310058594","0"
"2016-07-14T01:00:00.0000000+00:00","41,13999938964844","41,13999938964844","41,13999938964844","41,13999938964844","38,451751708984375","0"
"2016-07-15T01:00:00.0000000+00:00","41,18000030517578","41,18000030517578","41,18000030517578","41,18000030517578","38,489139556884766","0"
"2016-07-18T01:00:00.0000000+00:00","41,5","41,77000045776367","41,5","41,65999984741211","38,937774658203125","31000"
"2016-07-19T01:00:00.0000000+00:00","41,75","41,84000015258789","41,75","41,84000015258789","39,10601806640625","3000"
"2016-07-20T01:00:00.0000000+00:00","41,86000061035156","41,86000061035156","41,86000061035156","41,86000061035156","39,12471389770508","0"
"2016-07-21T01:00:00.0000000+00:00","41,83000183105469","41,970001220703125","41,83000183105469","41,970001220703125","39,22751998901367","2000"
"2016-07-22T01:00:00.0000000+00:00","42,099998474121094","42,099998474121094","42,099998474121094","42,099998474121094","39,34902572631836","0"
"2016-07-25T01:00:00.0000000+00:00","42,2400016784668","42,2400016784668","42,2400016784668","42,2400016784668","39,4798698425293","2000"
"2016-07-26T01:00:00.0000000+00:00","42,09000015258789","42,09000015258789","41,86000061035156","41,86000061035156","39,12471389770508","4000"
"2016-07-27T01:00:00.0000000+00:00","42,79999923706055","42,849998474121094","42,54999923706055","42,79999923706055","40,0032844543457","18000"
"2016-07-28T01:00:00.0000000+00:00","42,599998474121094","42,68000030517578","42,5","42,560001373291016","39,778968811035156","25000"
"2016-07-29T01:00:00.0000000+00:00","42,91999816894531","42,91999816894531","42,45000076293945","42,45000076293945","39,6761589050293","2000"
"2016-08-01T01:00:00.0000000+00:00","42,84000015258789","42,959999084472656","42,84000015258789","42,959999084472656","40,15283966064453","17000"
"2016-08-02T01:00:00.0000000+00:00","43,029998779296875","43,029998779296875","42,900001525878906","42,900001525878906","40,09675216674805","2000"
"2016-08-03T01:00:00.0000000+00:00","42,279998779296875","42,279998779296875","42,2599983215332","42,2599983215332","39,498565673828125","2000"
"2016-08-04T01:00:00.0000000+00:00","42,310001373291016","42,31999969482422","42,119998931884766","42,189998626708984","39,433143615722656","11000"
"2016-08-05T01:00:00.0000000+00:00","42,68000030517578","42,869998931884766","42,68000030517578","42,86000061035156","40,05936050415039","7000"
"2016-08-08T01:00:00.0000000+00:00","43","43","43","43","40,19021224975586","1000"
"2016-08-09T01:00:00.0000000+00:00","42,95000076293945","43,459999084472656","42,95000076293945","43,459999084472656","40,62016296386719","2000"
"2016-08-10T01:00:00.0000000+00:00","43,349998474121094","43,349998474121094","43,349998474121094","43,349998474121094","40,51734161376953","1000"
"2016-08-11T01:00:00.0000000+00:00","43,22999954223633","43,22999954223633","42,86000061035156","42,86000061035156","40,05936050415039","3000"
"2016-08-12T01:00:00.0000000+00:00","42,900001525878906","42,900001525878906","42,79999923706055","42,900001525878906","40,09675216674805","8000"
"2016-08-15T01:00:00.0000000+00:00","42,93000030517578","43,099998474121094","42,93000030517578","43,099998474121094","40,2836799621582","2000"
"2016-08-16T01:00:00.0000000+00:00","43,220001220703125","43,220001220703125","42,77000045776367","43,02000045776367","40,20890808105469","317000"
"2016-08-17T01:00:00.0000000+00:00","42,779998779296875","42,970001220703125","42,7599983215332","42,970001220703125","40,16217803955078","108000"
"2016-08-18T01:00:00.0000000+00:00","43,06999969482422","43,06999969482422","42,599998474121094","42,599998474121094","39,81635284423828","22000"
"2016-08-19T01:00:00.0000000+00:00","42,72999954223633","42,72999954223633","42,72999954223633","42,72999954223633","39,937862396240234","0"
"2016-08-22T01:00:00.0000000+00:00","42,38999938964844","42,38999938964844","42,38999938964844","42,38999938964844","39,62007522583008","0"
"2016-08-23T01:00:00.0000000+00:00","42,400001525878906","42,56999969482422","42,25","42,56999969482422","39,78831100463867","3000"
"2016-08-24T01:00:00.0000000+00:00","42,4900016784668","42,4900016784668","42,4900016784668","42,4900016784668","39,71353530883789","0"
"2016-08-25T01:00:00.0000000+00:00","42,77000045776367","42,779998779296875","42,77000045776367","42,779998779296875","39,984588623046875","12000"
"2016-08-26T01:00:00.0000000+00:00","43,09000015258789","43,09000015258789","43","43","40,19021224975586","2000"
"2016-08-29T01:00:00.0000000+00:00","42,7599983215332","42,970001220703125","42,75","42,75","39,9565544128418","5000"
"2016-08-30T01:00:00.0000000+00:00","42,709999084472656","42,709999084472656","42,709999084472656","42,709999084472656","39,919166564941406","1000"
"2016-08-31T01:00:00.0000000+00:00","42,7400016784668","42,7400016784668","42,7400016784668","42,7400016784668","39,94719696044922","1000"
"2016-09-01T01:00:00.0000000+00:00","42,56999969482422","42,56999969482422","42,56999969482422","42,56999969482422","39,78831100463867","1000"
"2016-09-02T01:00:00.0000000+00:00","42,72999954223633","42,72999954223633","42,72999954223633","42,72999954223633","39,937862396240234","1000"
"2016-09-05T01:00:00.0000000+00:00","43,029998779296875","43,029998779296875","42,81999969482422","42,869998931884766","40,06871032714844","3000"
"2016-09-06T01:00:00.0000000+00:00","43,38999938964844","43,38999938964844","43,099998474121094","43,15999984741211","40,33975601196289","4000"
"2016-09-07T01:00:00.0000000+00:00","43,099998474121094","44,029998779296875","43,099998474121094","44","41,124874114990234","7000"
"2016-09-08T01:00:00.0000000+00:00","44,09000015258789","44,290000915527344","44","44,290000915527344","41,39592742919922","10000"
"2016-09-09T01:00:00.0000000+00:00","43,61000061035156","43,61000061035156","43,61000061035156","43,61000061035156","40,760353088378906","0"
"2016-09-10T01:00:00.0000000+00:00","43,06999969482422","43,06999969482422","43,06999969482422","43,06999969482422","40,255638122558594","0"
"2016-09-12T01:00:00.0000000+00:00","42,790000915527344","42,790000915527344","42,790000915527344","42,790000915527344","39,993934631347656","1000"
"2016-09-13T01:00:00.0000000+00:00","42,59000015258789","42,59000015258789","42,59000015258789","42,59000015258789","39,807003021240234","1000"
"2016-09-14T01:00:00.0000000+00:00","42,11000061035156","42,209999084472656","42,11000061035156","42,15999984741211","39,40510177612305","4000"
"2016-09-19T01:00:00.0000000+00:00","42,79999923706055","43,5","42,79999923706055","43,5","40,65753936767578","6000"
"2016-09-20T01:00:00.0000000+00:00","43,77000045776367","43,970001220703125","43,77000045776367","43,970001220703125","41,09682846069336","5000"
"2016-09-21T01:00:00.0000000+00:00","43,970001220703125","43,970001220703125","43,970001220703125","43,970001220703125","41,09682846069336","1000"
"2016-09-22T01:00:00.0000000+00:00","43,970001220703125","44,0099983215332","43,970001220703125","44,0099983215332","41,134212493896484","8000"
"2016-09-23T01:00:00.0000000+00:00","44,099998474121094","44,209999084472656","44,029998779296875","44,209999084472656","41,32114791870117","10000"
"2016-09-26T01:00:00.0000000+00:00","44,119998931884766","44,119998931884766","44,119998931884766","44,119998931884766","41,23702621459961","0"
"2016-09-27T01:00:00.0000000+00:00",,,,,,
"2016-09-28T01:00:00.0000000+00:00",,,,,,
"2016-09-29T01:00:00.0000000+00:00","44,31999969482422","44,380001068115234","44,29999923706055","44,29999923706055","41,40526580810547","8000"
"2016-09-30T01:00:00.0000000+00:00","44,0099983215332","44,0099983215332","44,0099983215332","44,0099983215332","41,134212493896484","0"
"2016-10-03T01:00:00.0000000+00:00","44,349998474121094","44,41999816894531","44,349998474121094","44,41999816894531","41,517425537109375","2000"
"2016-10-04T01:00:00.0000000+00:00","44,45000076293945","44,45000076293945","44,45000076293945","44,45000076293945","41,54547119140625","1000"
"2016-10-05T01:00:00.0000000+00:00","44,709999084472656","44,709999084472656","44,2599983215332","44,2599983215332","41,36787414550781","3000"
"2016-10-06T01:00:00.0000000+00:00","45,029998779296875","45,029998779296875","45,029998779296875","45,029998779296875","42,08756637573242","0"
"2016-10-07T01:00:00.0000000+00:00","44,65999984741211","44,65999984741211","44,65999984741211","44,65999984741211","41,74174499511719","1000"
"2016-10-11T01:00:00.0000000+00:00","44,86000061035156","44,86000061035156","44,86000061035156","44,86000061035156","41,92867660522461","1000"
"2016-10-12T01:00:00.0000000+00:00","44,52000045776367","44,52000045776367","44,52000045776367","44,52000045776367","41,61088943481445","1000"
"2016-10-13T01:00:00.0000000+00:00","44,52000045776367","44,7400016784668","44,52000045776367","44,619998931884766","41,7043571472168","8000"
"2016-10-14T01:00:00.0000000+00:00","44,619998931884766","44,689998626708984","44,38999938964844","44,38999938964844","41,489383697509766","6000"
"2016-10-17T01:00:00.0000000+00:00","44,22999954223633","44,22999954223633","44,22999954223633","44,22999954223633","41,33984375","1000"
"2016-10-18T01:00:00.0000000+00:00","44,2599983215332","44,4900016784668","44,2599983215332","44,4900016784668","41,582847595214844","7000"
"2016-10-19T01:00:00.0000000+00:00","44,81999969482422","44,81999969482422","44,81999969482422","44,81999969482422","41,89128875732422","1000"
"2016-10-20T01:00:00.0000000+00:00","44,81999969482422","44,81999969482422","44,650001525878906","44,70000076293945","41,77912902832031","9000"
"2016-10-21T01:00:00.0000000+00:00","44,81999969482422","44,81999969482422","44,81999969482422","44,81999969482422","41,89128875732422","5000"
"2016-10-24T01:00:00.0000000+00:00","45,439998626708984","45,439998626708984","45,439998626708984","45,439998626708984","42,47077560424805","0"
"2016-10-25T01:00:00.0000000+00:00","45,400001525878906","45,400001525878906","45,09000015258789","45,310001373291016","42,349273681640625","6000"
"2016-10-26T01:00:00.0000000+00:00","45,02000045776367","45,18000030517578","45,02000045776367","45,18000030517578","42,22776412963867","4000"
"2016-10-27T01:00:00.0000000+00:00","45,16999816894531","45,16999816894531","45,11000061035156","45,11000061035156","42,1623420715332","3000"
"2016-10-28T01:00:00.0000000+00:00","44,599998474121094","44,599998474121094","44,599998474121094","44,599998474121094","41,685665130615234","1000"
"2016-10-31T01:00:00.0000000+00:00","45,029998779296875","45,029998779296875","45,029998779296875","45,029998779296875","42,08756637573242","0"
"2016-11-01T01:00:00.0000000+00:00","45,13999938964844","45,13999938964844","45,13999938964844","45,13999938964844","42,19037628173828","0"
"2016-11-02T01:00:00.0000000+00:00","44,54999923706055","44,59000015258789","44,54999923706055","44,59000015258789","41,67631912231445","2000"
"2016-11-03T01:00:00.0000000+00:00","44,09000015258789","44,09000015258789","44,02000045776367","44,02000045776367","41,1435661315918","2000"
"2016-11-04T01:00:00.0000000+00:00","43,7599983215332","43,7599983215332","43,65999984741211","43,65999984741211","40,80708694458008","3000"
"2016-11-07T01:00:00.0000000+00:00","44,27000045776367","44,27000045776367","44,22999954223633","44,22999954223633","41,33984375","2000"
"2016-11-08T01:00:00.0000000+00:00","44,68000030517578","44,68000030517578","44,68000030517578","44,68000030517578","41,76043701171875","2000"
"2016-11-09T01:00:00.0000000+00:00","44,59000015258789","44,59000015258789","43,310001373291016","43,349998474121094","40,51734161376953","23000"
"2016-11-10T01:00:00.0000000+00:00","43,79999923706055","44,06999969482422","43,65999984741211","43,79999923706055","40,93794250488281","21000"
"2016-11-11T01:00:00.0000000+00:00","42,88999938964844","42,88999938964844","42,38999938964844","42,38999938964844","39,62007522583008","15000"
"2016-11-14T01:00:00.0000000+00:00","42,65999984741211","42,65999984741211","42,43000030517578","42,43000030517578","39,6574592590332","3000"
"2016-11-15T01:00:00.0000000+00:00","42,40999984741211","42,40999984741211","42,18000030517578","42,18000030517578","39,42379379272461","8000"
"2016-11-16T01:00:00.0000000+00:00","42,18000030517578","42,709999084472656","42,16999816894531","42,16999816894531","39,414451599121094","5000"
"2016-11-17T01:00:00.0000000+00:00","42,5099983215332","42,65999984741211","42,5099983215332","42,65999984741211","39,87242889404297","3000"
"2016-11-18T01:00:00.0000000+00:00","42,33000183105469","42,5099983215332","42,18000030517578","42,33000183105469","39,563995361328125","18000"
"2016-11-21T01:00:00.0000000+00:00","43,040000915527344","43,040000915527344","43,040000915527344","43,040000915527344","40,22760009765625","0"
"2016-11-22T01:00:00.0000000+00:00","42,79999923706055","43,209999084472656","42,689998626708984","43,209999084472656","40,386497497558594","4000"
"2016-11-23T01:00:00.0000000+00:00","43,400001525878906","43,68000030517578","43,400001525878906","43,68000030517578","40,82577896118164","9000"
"2016-11-24T01:00:00.0000000+00:00","43,38999938964844","43,38999938964844","43,38999938964844","43,38999938964844","40,55472946166992","0"
"2016-11-25T01:00:00.0000000+00:00","43,150001525878906","43,20000076293945","43,04999923706055","43,04999923706055","40,23694610595703","13000"
"2016-11-28T01:00:00.0000000+00:00","43,0099983215332","43,0099983215332","43,0099983215332","43,0099983215332","40,19955825805664","1000"
"2016-11-29T01:00:00.0000000+00:00","43,47999954223633","43,47999954223633","43,099998474121094","43,18000030517578","40,35845184326172","5000"
"2016-11-30T01:00:00.0000000+00:00","43,349998474121094","43,349998474121094","43,349998474121094","43,349998474121094","40,51734161376953","0"
"2016-12-01T01:00:00.0000000+00:00","42,349998474121094","42,91999816894531","42,349998474121094","42,7400016784668","39,94719696044922","6000"
"2016-12-02T01:00:00.0000000+00:00","42,34000015258789","42,34000015258789","42,34000015258789","42,34000015258789","39,573341369628906","1000"
"2016-12-05T01:00:00.0000000+00:00","42,2599983215332","42,2599983215332","42,150001525878906","42,150001525878906","39,39575958251953","2000"
"2016-12-06T01:00:00.0000000+00:00","42,869998931884766","42,869998931884766","42,869998931884766","42,869998931884766","40,06871032714844","1000"
"2016-12-07T01:00:00.0000000+00:00","42,7400016784668","42,7400016784668","42,7400016784668","42,7400016784668","39,94719696044922","2000"
"2016-12-08T01:00:00.0000000+00:00","43,31999969482422","43,31999969482422","43,31999969482422","43,31999969482422","40,48930358886719","1000"
"2016-12-09T01:00:00.0000000+00:00","43,9900016784668","43,9900016784668","43,9900016784668","43,9900016784668","41,11552429199219","0"
"2016-12-12T01:00:00.0000000+00:00","43,84000015258789","43,84000015258789","43,56999969482422","43,650001525878906","40,79774475097656","6000"
"2016-12-13T01:00:00.0000000+00:00","43,689998626708984","43,689998626708984","43,25","43,25","40,42388153076172","14000"
"2016-12-14T01:00:00.0000000+00:00","43,810001373291016","43,86000061035156","43,810001373291016","43,86000061035156","40,994022369384766","2000"
"2016-12-15T01:00:00.0000000+00:00","43,5","43,5","43,5","43,5","40,65753936767578","1000"
"2016-12-16T01:00:00.0000000+00:00","43,7599983215332","43,7599983215332","43,59000015258789","43,59000015258789","40,74166488647461","3000"
"2016-12-19T01:00:00.0000000+00:00","43,38999938964844","43,38999938964844","43,11000061035156","43,11000061035156","40,29302978515625","3000"
"2016-12-20T01:00:00.0000000+00:00","42,970001220703125","42,970001220703125","42,58000183105469","42,68000030517578","39,8911247253418","3000"
"2016-12-21T01:00:00.0000000+00:00","42,79999923706055","42,79999923706055","42,650001525878906","42,650001525878906","39,86309051513672","2000"
"2016-12-22T01:00:00.0000000+00:00","42,599998474121094","42,599998474121094","42,279998779296875","42,279998779296875","39,51725769042969","2000"
"2016-12-23T01:00:00.0000000+00:00","42,34000015258789","42,34000015258789","41,91999816894531","41,91999816894531","39,180789947509766","17000"
"2016-12-26T01:00:00.0000000+00:00","42,59000015258789","42,59000015258789","42,59000015258789","42,59000015258789","39,807003021240234","0"
"2016-12-27T01:00:00.0000000+00:00","42,45000076293945","42,45000076293945","42,41999816894531","42,41999816894531","39,64811706542969","3000"
"2016-12-28T01:00:00.0000000+00:00","42,5","42,5","42,5","42,5","39,7228889465332","1000"
"2016-12-29T01:00:00.0000000+00:00","42,75","42,75","42,75","42,75","39,9565544128418","0"
"2016-12-30T01:00:00.0000000+00:00","42,599998474121094","42,599998474121094","42,599998474121094","42,599998474121094","39,81635284423828","1000"
"2017-01-03T01:00:00.0000000+00:00","43,400001525878906","43,400001525878906","43,400001525878906","43,400001525878906","40,564083099365234","0"
"2017-01-04T01:00:00.0000000+00:00","42,95000076293945","42,95000076293945","42,95000076293945","42,95000076293945","40,14348220825195","2000"
"2017-01-05T01:00:00.0000000+00:00","43,13999938964844","43,13999938964844","43,13999938964844","43,13999938964844","40,32106399536133","1000"
"2017-01-06T01:00:00.0000000+00:00","43,099998474121094","43,099998474121094","43,099998474121094","43,099998474121094","40,2836799621582","4000"
"2017-01-09T01:00:00.0000000+00:00","43,59000015258789","43,599998474121094","43,59000015258789","43,599998474121094","40,75100326538086","2000"
"2017-01-10T01:00:00.0000000+00:00","43,650001525878906","43,650001525878906","43,650001525878906","43,650001525878906","40,79774475097656","1000"
"2017-01-11T01:00:00.0000000+00:00","43,470001220703125","43,470001220703125","43,400001525878906","43,400001525878906","40,564083099365234","4000"
"2017-01-12T01:00:00.0000000+00:00","43,97999954223633","43,97999954223633","43,97999954223633","43,97999954223633","41,106178283691406","1000"
"2017-01-13T01:00:00.0000000+00:00","43,22999954223633","43,22999954223633","43,22999954223633","43,22999954223633","40,405181884765625","1000"
"2017-01-16T01:00:00.0000000+00:00","43,20000076293945","43,20000076293945","43,20000076293945","43,20000076293945","40,37715148925781","0"
"2017-01-17T01:00:00.0000000+00:00","43,279998779296875","43,279998779296875","43,189998626708984","43,189998626708984","40,367801666259766","3000"
"2017-01-18T01:00:00.0000000+00:00","43,279998779296875","43,279998779296875","42,540000915527344","42,560001373291016","39,778968811035156","109000"
"2017-01-19T01:00:00.0000000+00:00","42,29999923706055","42,540000915527344","42,119998931884766","42,130001068115234","39,37706756591797","112000"
"2017-01-20T01:00:00.0000000+00:00","41,83000183105469","42,36000061035156","41,81999969482422","42,04999923706055","39,30229568481445","119000"
"2017-01-23T01:00:00.0000000+00:00","42,04999923706055","42,38999938964844","41,959999084472656","42,06999969482422","39,32098388671875","119000"
"2017-01-24T01:00:00.0000000+00:00","42,400001525878906","42,779998779296875","42,400001525878906","42,70000076293945","39,909820556640625","12000"
"2017-02-02T01:00:00.0000000+00:00","43,130001068115234","43,13999938964844","42,75","42,75","39,9565544128418","9000"
"2017-02-03T01:00:00.0000000+00:00","42,90999984741211","42,90999984741211","42,630001068115234","42,630001068115234","39,844398498535156","15000"
"2017-02-06T01:00:00.0000000+00:00","42,880001068115234","42,880001068115234","42,880001068115234","42,880001068115234","40,078060150146484","1000"
"2017-02-07T01:00:00.0000000+00:00","42,77000045776367","42,77000045776367","42,720001220703125","42,720001220703125","39,92851257324219","5000"
"2017-02-08T01:00:00.0000000+00:00","42,65999984741211","42,65999984741211","42,61000061035156","42,65999984741211","39,87242889404297","7000"
"2017-02-09T01:00:00.0000000+00:00","44,369998931884766","44,369998931884766","44,369998931884766","44,369998931884766","41,4706916809082","0"
"2017-02-10T01:00:00.0000000+00:00","43,13999938964844","43,15999984741211","42,93000030517578","43,15999984741211","40,33975601196289","6000"
"2017-02-13T01:00:00.0000000+00:00","43,15999984741211","43,790000915527344","43,15999984741211","43,790000915527344","40,9286003112793","22000"
"2017-02-14T01:00:00.0000000+00:00","43,81999969482422","43,81999969482422","43,529998779296875","43,529998779296875","40,68558120727539","2000"
"2017-02-15T01:00:00.0000000+00:00","43,7599983215332","43,7599983215332","43,54999923706055","43,54999923706055","40,70427703857422","5000"
"2017-02-16T01:00:00.0000000+00:00","43,939998626708984","44,060001373291016","43,939998626708984","43,970001220703125","41,09682846069336","5000"
"2017-02-17T01:00:00.0000000+00:00","44,11000061035156","44,13999938964844","44,04999923706055","44,04999923706055","41,171607971191406","5000"
"2017-02-18T01:00:00.0000000+00:00","45,25","45,25","45,25","45,25","42,29319381713867","0"
"2017-02-20T01:00:00.0000000+00:00","45,220001220703125","45,220001220703125","45,220001220703125","45,220001220703125","42,26515197753906","0"
"2017-02-21T01:00:00.0000000+00:00","43,790000915527344","43,790000915527344","43,59000015258789","43,59000015258789","40,74166488647461","23000"
"2017-02-22T01:00:00.0000000+00:00","43,97999954223633","44,099998474121094","43,97999954223633","44,02000045776367","41,1435661315918","3000"
"2017-02-23T01:00:00.0000000+00:00","43,86000061035156","43,970001220703125","43,86000061035156","43,95000076293945","41,07814025878906","3000"
"2017-02-24T01:00:00.0000000+00:00","43,83000183105469","43,83000183105469","43,810001373291016","43,810001373291016","40,94728469848633","3000"
"2017-03-01T01:00:00.0000000+00:00","43,7400016784668","43,7400016784668","43,5","43,5","40,65753936767578","12000"
"2017-03-02T01:00:00.0000000+00:00","44,02000045776367","44,02000045776367","43,349998474121094","43,38999938964844","40,55472946166992","15000"
"2017-03-03T01:00:00.0000000+00:00","43,349998474121094","43,349998474121094","43,27000045776367","43,27000045776367","40,442569732666016","2000"
"2017-03-06T01:00:00.0000000+00:00","42,83000183105469","43,130001068115234","42,83000183105469","43,060001373291016","40,246299743652344","12000"
"2017-03-07T01:00:00.0000000+00:00","43,099998474121094","43,279998779296875","43,029998779296875","43,029998779296875","40,2182502746582","4000"
"2017-03-08T01:00:00.0000000+00:00","43,20000076293945","43,349998474121094","43,20000076293945","43,209999084472656","40,386497497558594","8000"
"2017-03-09T01:00:00.0000000+00:00","43,150001525878906","43,150001525878906","43,150001525878906","43,150001525878906","40,33041763305664","1000"
"2017-03-10T01:00:00.0000000+00:00","42,95000076293945","42,95000076293945","42,66999816894531","42,689998626708984","39,90047073364258","11000"
"2017-03-13T01:00:00.0000000+00:00","43,43000030517578","43,43000030517578","42,9900016784668","42,9900016784668","40,18086242675781","12000"
"2017-03-14T01:00:00.0000000+00:00","43,70000076293945","43,70000076293945","43,599998474121094","43,599998474121094","40,75100326538086","4000"
"2017-03-15T01:00:00.0000000+00:00","43,849998474121094","43,849998474121094","43,77000045776367","43,77000045776367","40,90990447998047","2000"
"2017-03-16T01:00:00.0000000+00:00","43,869998931884766","44,220001220703125","43,779998779296875","44,220001220703125","41,33049392700195","12000"
"2017-03-17T01:00:00.0000000+00:00","44,29999923706055","44,310001373291016","44,189998626708984","44,189998626708984","41,302459716796875","3000"
"2017-03-20T01:00:00.0000000+00:00","44,5","44,5","44,25","44,29999923706055","41,40526580810547","7000"
"2017-03-21T01:00:00.0000000+00:00","44,5","44,90999984741211","44,5","44,880001068115234","41,94737243652344","12000"
"2017-03-22T01:00:00.0000000+00:00","44,849998474121094","45,20000076293945","44,459999084472656","45,20000076293945","42,246456146240234","24000"
"2017-03-23T01:00:00.0000000+00:00","45,400001525878906","45,52000045776367","45,400001525878906","45,52000045776367","42,54554748535156","7000"
"2017-03-24T01:00:00.0000000+00:00","44,790000915527344","45,52000045776367","44,790000915527344","45,52000045776367","42,54554748535156","9000"
"2017-03-27T01:00:00.0000000+00:00","45,5","45,70000076293945","45,31999969482422","45,31999969482422","42,358612060546875","6000"
"2017-03-28T01:00:00.0000000+00:00","45,7400016784668","45,959999084472656","45,70000076293945","45,70000076293945","42,713783264160156","7000"
"2017-03-29T01:00:00.0000000+00:00","45,459999084472656","45,65999984741211","45,459999084472656","45,65999984741211","42,676395416259766","14000"
"2017-03-30T01:00:00.0000000+00:00","45,5","45,650001525878906","45,5","45,650001525878906","42,667057037353516","10000"
"2017-03-31T01:00:00.0000000+00:00","46","46","46","46","42,99418640136719","1000"
"2017-04-05T01:00:00.0000000+00:00","46,189998626708984","46,189998626708984","46,189998626708984","46,189998626708984","43,17176818847656","0"
"2017-04-06T01:00:00.0000000+00:00","45,720001220703125","45,720001220703125","45,56999969482422","45,56999969482422","42,59228515625","4000"
"2017-04-07T01:00:00.0000000+00:00","45,349998474121094","45,349998474121094","44,720001220703125","44,720001220703125","41,79781723022461","31000"
"2017-04-10T01:00:00.0000000+00:00","45,33000183105469","45,33000183105469","45,29999923706055","45,29999923706055","42,33992385864258","2000"
"2017-04-11T01:00:00.0000000+00:00","45,290000915527344","45,290000915527344","44,83000183105469","45,189998626708984","42,23711395263672","8000"
"2017-04-12T01:00:00.0000000+00:00","44,939998626708984","45,150001525878906","44,790000915527344","44,79999923706055","41,872596740722656","7000"
"2017-04-13T01:00:00.0000000+00:00","45,400001525878906","45,400001525878906","45,400001525878906","45,400001525878906","42,43339157104492","1000"
"2017-04-14T01:00:00.0000000+00:00","44,38999938964844","44,38999938964844","44,38999938964844","44,38999938964844","41,489383697509766","1000"
"2017-04-17T01:00:00.0000000+00:00","44,689998626708984","44,689998626708984","44,650001525878906","44,650001525878906","41,73240280151367","5000"
"2017-04-18T01:00:00.0000000+00:00","44,849998474121094","44,869998931884766","44,849998474121094","44,869998931884766","41,93802261352539","3000"
"2017-04-19T01:00:00.0000000+00:00","44,43000030517578","44,43000030517578","44,43000030517578","44,43000030517578","41,52677536010742","1000"
"2017-04-20T01:00:00.0000000+00:00","44,599998474121094","44,599998474121094","44,47999954223633","44,560001373291016","41,648284912109375","3000"
"2017-04-21T01:00:00.0000000+00:00","44,529998779296875","44,900001525878906","44,529998779296875","44,900001525878906","41,966060638427734","8000"
"2017-04-24T01:00:00.0000000+00:00","45,08000183105469","45,08000183105469","44,900001525878906","44,900001525878906","41,966060638427734","2000"
"2017-04-25T01:00:00.0000000+00:00","44,900001525878906","45,29999923706055","44,790000915527344","45,29999923706055","42,33992385864258","15000"
"2017-04-26T01:00:00.0000000+00:00","45,08000183105469","45,31999969482422","45,08000183105469","45,31999969482422","42,358612060546875","5000"
"2017-04-27T01:00:00.0000000+00:00","44,56999969482422","45,29999923706055","44,56999969482422","45,29999923706055","42,33992385864258","8000"
"2017-04-28T01:00:00.0000000+00:00","45,63999938964844","45,63999938964844","45,63999938964844","45,63999938964844","42,65770721435547","1000"
"2017-05-02T01:00:00.0000000+00:00","46","46,29999923706055","46","46,220001220703125","43,19980239868164","4000"
"2017-05-03T01:00:00.0000000+00:00","44,83000183105469","45,20000076293945","44,83000183105469","44,83000183105469","42,08403778076172","5000"
"2017-05-04T01:00:00.0000000+00:00","44,83000183105469","45,09000015258789","44,83000183105469","45,09000015258789","42,32810974121094","5000"
"2017-05-05T01:00:00.0000000+00:00","45,029998779296875","45,029998779296875","45,029998779296875","45,029998779296875","42,27178955078125","1000"
"2017-05-08T01:00:00.0000000+00:00","45,15999984741211","45,20000076293945","45,15999984741211","45,20000076293945","42,43138122558594","3000"
"2017-05-09T01:00:00.0000000+00:00","45,79999923706055","45,869998931884766","45,66999816894531","45,66999816894531","42,87258529663086","5000"
"2017-05-10T01:00:00.0000000+00:00","45,400001525878906","46","45,400001525878906","46","43,182376861572266","7000"
"2017-05-11T01:00:00.0000000+00:00","46","46,099998474121094","45,97999954223633","46,099998474121094","43,276248931884766","7000"
"2017-05-12T01:00:00.0000000+00:00","46,099998474121094","46,099998474121094","46,099998474121094","46,099998474121094","43,276248931884766","1000"
"2017-05-15T01:00:00.0000000+00:00","46,040000915527344","46,040000915527344","46,040000915527344","46,040000915527344","43,21992492675781","1000"
"2017-05-16T01:00:00.0000000+00:00","46,040000915527344","46,040000915527344","45,81999969482422","46","43,182376861572266","7000"
"2017-05-17T01:00:00.0000000+00:00","46,0099983215332","46,0099983215332","45,75","45,75","42,947689056396484","4000"
"2017-05-18T01:00:00.0000000+00:00","45,619998931884766","45,619998931884766","45,619998931884766","45,619998931884766","42,82564926147461","2000"
"2017-05-19T01:00:00.0000000+00:00","45,72999954223633","45,72999954223633","45,72999954223633","45,72999954223633","42,92890930175781","1000"
"2017-05-22T01:00:00.0000000+00:00","45,68000030517578","45,68000030517578","45,68000030517578","45,68000030517578","42,88197326660156","1000"
"2017-05-23T01:00:00.0000000+00:00","46,060001373291016","46,38999938964844","45,9900016784668","46,08000183105469","43,257469177246094","5000"
"2017-05-24T01:00:00.0000000+00:00","46,099998474121094","46,099998474121094","46,099998474121094","46,099998474121094","43,276248931884766","1000"
"2017-05-25T01:00:00.0000000+00:00","46,29999923706055","46,58000183105469","46,189998626708984","46,5","43,6517448425293","4000"
"2017-05-26T01:00:00.0000000+00:00","46,650001525878906","46,650001525878906","46,34000015258789","46,5","43,6517448425293","12000"
"2017-05-31T01:00:00.0000000+00:00","46,540000915527344","46,58000183105469","46,33000183105469","46,33000183105469","43,49216079711914","13000"
"2017-06-01T01:00:00.0000000+00:00","47,02000045776367","47,02000045776367","47,02000045776367","47,02000045776367","44,13990020751953","0"
"2017-06-02T01:00:00.0000000+00:00","46,599998474121094","47,04999923706055","46,599998474121094","47,04999923706055","44,16805648803711","11000"
"2017-06-03T01:01:00.0000000+00:00","47,470001220703125","47,470001220703125","47,470001220703125","47,470001220703125","44,56233215332031","0"
"2017-06-05T01:00:00.0000000+00:00","47,04999923706055","47,279998779296875","47,04999923706055","47,279998779296875","44,383968353271484","4000"
"2017-06-06T01:00:00.0000000+00:00","47,279998779296875","47,7400016784668","47,279998779296875","47,61000061035156","44,69375228881836","6000"
"2017-06-07T01:00:00.0000000+00:00","47,66999816894531","47,66999816894531","47,61000061035156","47,619998931884766","44,70314407348633","8000"
"2017-06-08T01:00:00.0000000+00:00","47,65999984741211","47,709999084472656","47,650001525878906","47,709999084472656","44,787628173828125","4000"
"2017-06-09T01:00:00.0000000+00:00","47,75","47,75","47,75","47,75","44,82517623901367","5000"
"2017-06-12T01:00:00.0000000+00:00","46,970001220703125","47,04999923706055","46,54999923706055","46,939998626708984","44,06480026245117","7000"
"2017-06-13T01:00:00.0000000+00:00","47,189998626708984","47,20000076293945","47,189998626708984","47,20000076293945","44,30887222290039","2000"
"2017-06-14T01:00:00.0000000+00:00","46,79999923706055","46,79999923706055","46,369998931884766","46,369998931884766","43,52970886230469","9000"
"2017-06-15T01:00:00.0000000+00:00","46,93000030517578","46,93000030517578","46,93000030517578","46,93000030517578","44,05541229248047","1000"
"2017-06-16T01:00:00.0000000+00:00","47,369998931884766","47,77000045776367","47,369998931884766","47,77000045776367","44,843955993652344","3000"
"2017-06-19T01:00:00.0000000+00:00","47,84000015258789","48,15999984741211","47,83000183105469","48,150001525878906","45,20068359375","12000"
"2017-06-20T01:00:00.0000000+00:00","48,20000076293945","48,720001220703125","48,20000076293945","48,720001220703125","45,73576736450195","2000"
"2017-06-21T01:00:00.0000000+00:00","48,5","48,5","48,41999816894531","48,41999816894531","45,45414352416992","2000"
"2017-06-22T01:00:00.0000000+00:00","48,79999923706055","49,02000045776367","48,79999923706055","49,02000045776367","46,01739501953125","5000"
"2017-06-23T01:00:00.0000000+00:00","49,099998474121094","49,099998474121094","48,650001525878906","48,650001525878906","45,67005920410156","17000"
"2017-06-26T01:00:00.0000000+00:00","48,97999954223633","48,97999954223633","48,40999984741211","48,810001373291016","45,820255279541016","22000"
"2017-06-27T01:00:00.0000000+00:00","48,810001373291016","48,810001373291016","48,279998779296875","48,4900016784668","45,51986312866211","10000"
"2017-06-28T01:00:00.0000000+00:00","48,34000015258789","48,90999984741211","48,34000015258789","48,720001220703125","45,73576736450195","15000"
"2017-06-29T01:00:00.0000000+00:00","49,09000015258789","49,18000030517578","48,939998626708984","48,939998626708984","45,942291259765625","8000"
"2017-06-30T01:00:00.0000000+00:00","48,25","48,81999969482422","48,25","48,70000076293945","45,71699523925781","8000"
"2017-07-03T01:00:00.0000000+00:00","48,70000076293945","48,70000076293945","48,70000076293945","48,70000076293945","45,71699523925781","4000"
"2017-07-04T01:00:00.0000000+00:00","48,75","48,84000015258789","48,400001525878906","48,400001525878906","45,43537139892578","11000"
"2017-07-05T01:00:00.0000000+00:00","48,36000061035156","48,36000061035156","48,36000061035156","48,36000061035156","45,39781951904297","2000"
"2017-07-06T01:00:00.0000000+00:00","48,36000061035156","48,880001068115234","48,36000061035156","48,75","45,76393508911133","4000"
"2017-07-07T01:00:00.0000000+00:00","48,77000045776367","48,77000045776367","48,29999923706055","48,65999984741211","45,679443359375","7000"
"2017-07-10T01:00:00.0000000+00:00","48,290000915527344","48,290000915527344","48,209999084472656","48,209999084472656","45,25700759887695","6000"
"2017-07-11T01:00:00.0000000+00:00","48,470001220703125","48,52000045776367","48,45000076293945","48,5099983215332","45,538631439208984","7000"
"2017-07-12T01:00:00.0000000+00:00","49,709999084472656","49,709999084472656","49,369998931884766","49,5","46,467987060546875","4000"
"2017-07-13T01:00:00.0000000+00:00","49,65999984741211","50","49,65999984741211","49,7400016784668","46,693294525146484","3000"
"2017-07-14T01:00:00.0000000+00:00","49,540000915527344","49,540000915527344","49,540000915527344","49,540000915527344","46,50554656982422","1000"
"2017-07-17T01:00:00.0000000+00:00","49,81999969482422","50","49,81999969482422","50","46,9373664855957","5000"
"2017-07-18T01:00:00.0000000+00:00","49,7400016784668","49,7400016784668","49,5","49,5","46,467987060546875","20000"
"2017-07-19T01:00:00.0000000+00:00","49,83000183105469","49,88999938964844","49,779998779296875","49,779998779296875","46,7308349609375","19000"
"2017-07-20T01:00:00.0000000+00:00","50,56999969482422","50,56999969482422","50,56999969482422","50,56999969482422","47,47244644165039","0"
"2017-07-21T01:00:00.0000000+00:00","49,83000183105469","49,83000183105469","49,83000183105469","49,83000183105469","46,77778244018555","1000"
"2017-07-24T01:00:00.0000000+00:00","49,599998474121094","49,599998474121094","49,599998474121094","49,599998474121094","46,56186294555664","1000"
"2017-07-25T01:00:00.0000000+00:00","50,04999923706055","50,04999923706055","50,04999923706055","50,04999923706055","46,98429870605469","2000"
"2017-07-26T01:00:00.0000000+00:00","50,29999923706055","50,29999923706055","49,619998931884766","49,619998931884766","46,58063888549805","6000"
"2017-07-27T01:00:00.0000000+00:00","49,689998626708984","50","49,689998626708984","49,849998474121094","46,79655075073242","35000"
"2017-07-28T01:00:00.0000000+00:00","49,849998474121094","49,849998474121094","49,599998474121094","49,70000076293945","46,655738830566406","3000"
"2017-07-31T01:00:00.0000000+00:00","49,70000076293945","49,70000076293945","49,70000076293945","49,70000076293945","46,655738830566406","1000"
"2017-08-01T01:00:00.0000000+00:00","49,7400016784668","49,75","49,7400016784668","49,75","46,70267868041992","2000"
"2017-08-02T01:00:00.0000000+00:00","50","50,400001525878906","50","50,400001525878906","47,312862396240234","8000"
"2017-08-03T01:00:00.0000000+00:00","50,150001525878906","50,20000076293945","49,9900016784668","49,9900016784668","46,927974700927734","8000"
"2017-08-04T01:00:00.0000000+00:00","50,630001068115234","50,630001068115234","50,630001068115234","50,630001068115234","47,528778076171875","0"
"2017-08-07T01:00:00.0000000+00:00","50,45000076293945","50,45000076293945","50,20000076293945","50,45000076293945","47,359798431396484","5000"
"2017-08-08T01:00:00.0000000+00:00","50,599998474121094","50,599998474121094","50,29999923706055","50,29999923706055","47,218990325927734","6000"
"2017-08-09T01:00:00.0000000+00:00","49,900001525878906","49,900001525878906","49,900001525878906","49,900001525878906","46,84349060058594","1000"
"2017-08-10T01:00:00.0000000+00:00","50,150001525878906","50,150001525878906","49,84000015258789","49,84000015258789","46,78716278076172","6000"
"2017-08-11T01:00:00.0000000+00:00","49,38999938964844","49,38999938964844","49,38999938964844","49,38999938964844","46,36472702026367","2000"
"2017-08-14T01:00:00.0000000+00:00","49,38999938964844","49,38999938964844","49,38999938964844","49,38999938964844","46,36472702026367","0"
"2017-08-15T01:00:00.0000000+00:00","49,279998779296875","49,279998779296875","49,13999938964844","49,13999938964844","46,13003921508789","15000"
"2017-08-16T01:00:00.0000000+00:00","49,13999938964844","49,40999984741211","49,040000915527344","49,040000915527344","46,03616714477539","22000"
"2017-08-17T01:00:00.0000000+00:00","49,20000076293945","49,61000061035156","49,099998474121094","49,56999969482422","46,53370666503906","9000"
"2017-08-18T01:00:00.0000000+00:00","49,16999816894531","49,16999816894531","49,16999816894531","49,16999816894531","46,158203125","2000"
"2017-08-21T01:00:00.0000000+00:00","48,91999816894531","48,91999816894531","48,72999954223633","48,83000183105469","45,839027404785156","14061"
"2017-08-22T01:00:00.0000000+00:00","49,72999954223633","49,72999954223633","49,72999954223633","49,72999954223633","46,68389892578125","1000"
"2017-08-23T01:00:00.0000000+00:00","49,720001220703125","49,720001220703125","49,54999923706055","49,54999923706055","46,51493453979492","5021"
"2017-08-24T01:00:00.0000000+00:00","49,54999923706055","49,54999923706055","49,54999923706055","49,54999923706055","46,51493453979492","0"
"2017-08-25T01:00:00.0000000+00:00","50,29999923706055","50,29999923706055","50,29999923706055","50,29999923706055","47,218990325927734","1020"
"2017-08-28T01:00:00.0000000+00:00","50,20000076293945","50,29999923706055","49,869998931884766","49,869998931884766","46,815330505371094","6000"
"2017-08-29T01:00:00.0000000+00:00","49,970001220703125","49,97999954223633","49,970001220703125","49,97999954223633","46,91858673095703","2010"
"2017-08-30T01:00:00.0000000+00:00","50,04999923706055","50,04999923706055","50,04999923706055","50,04999923706055","46,98429870605469","3000"
"2017-08-31T01:00:00.0000000+00:00","50,25","50,25","50,25","50,25","47,17205047607422","1005"
"2017-09-01T01:00:00.0000000+00:00","50,5","50,599998474121094","50,099998474121094","50,5","47,40673828125","394000"
"2017-09-04T01:00:00.0000000+00:00","50,25","51","50,20000076293945","50,95000076293945","47,82917022705078","66247"
"2017-09-05T01:00:00.0000000+00:00","50,5","50,79999923706055","50,5","50,650001525878906","47,54755401611328","51000"
"2017-09-06T01:00:00.0000000+00:00","50,650001525878906","51,099998474121094","50,54999923706055","50,849998474121094","47,73529815673828","8000"
"2017-09-07T01:00:00.0000000+00:00","51,04999923706055","51,04999923706055","50,79999923706055","50,79999923706055","47,68836212158203","2000"
"2017-09-08T01:00:00.0000000+00:00","50,900001525878906","50,900001525878906","50,900001525878906","50,900001525878906","47,78223419189453","1000"
"2017-09-11T01:00:00.0000000+00:00","50,650001525878906","50,650001525878906","50,599998474121094","50,599998474121094","47,5006103515625","2000"
"2017-09-12T01:00:00.0000000+00:00","51,29999923706055","51,29999923706055","51,29999923706055","51,29999923706055","48,15773010253906","1184"
"2017-09-13T01:00:00.0000000+00:00","50,95000076293945","50,95000076293945","50,95000076293945","50,95000076293945","47,82917022705078","2000"
"2017-09-14T01:00:00.0000000+00:00","50,95000076293945","50,95000076293945","50,95000076293945","50,95000076293945","47,82917022705078","1000"
"2017-09-15T01:00:00.0000000+00:00","51","51","51","51","47,87611389160156","1000"
"2017-09-18T01:00:00.0000000+00:00","51,79999923706055","51,79999923706055","51,75","51,75","48,580169677734375","7057"
"2017-09-19T01:00:00.0000000+00:00","52,150001525878906","52,150001525878906","52,150001525878906","52,150001525878906","48,95567321777344","2000"
"2017-09-20T01:00:00.0000000+00:00","51,25","51,25","51,25","51,25","48,11079406738281","1000"
"2017-09-21T01:00:00.0000000+00:00","51,79999923706055","51,79999923706055","51,5","51,79999923706055","48,627105712890625","4000"
"2017-09-22T01:00:00.0000000+00:00","51,5","51,5","51,45000076293945","51,45000076293945","48,29854965209961","4500"
"2017-09-25T01:00:00.0000000+00:00","51,04999923706055","51,04999923706055","50,599998474121094","50,599998474121094","47,5006103515625","3000"
"2017-09-26T01:00:00.0000000+00:00","50,75","50,75","50,29999923706055","50,349998474121094","47,26591873168945","14000"
"2017-09-27T01:00:00.0000000+00:00","50,349998474121094","50,45000076293945","50,099998474121094","50,45000076293945","47,359798431396484","11000"
"2017-09-28T01:00:00.0000000+00:00","50,45000076293945","50,45000076293945","50,45000076293945","50,45000076293945","47,359798431396484","0"
"2017-09-29T01:00:00.0000000+00:00","50,45000076293945","50,45000076293945","50,45000076293945","50,45000076293945","47,359798431396484","0"
"2017-10-02T01:00:00.0000000+00:00","50,45000076293945","50,45000076293945","50,45000076293945","50,45000076293945","47,359798431396484","0"
"2017-10-03T01:00:00.0000000+00:00","51","51,599998474121094","51","51,599998474121094","48,43935775756836","4000"
"2017-10-05T01:00:00.0000000+00:00","51,599998474121094","51,599998474121094","51,599998474121094","51,599998474121094","48,43935775756836","0"
"2017-10-06T01:00:00.0000000+00:00","52","52","52","52","48,81486129760742","6178"
"2017-10-11T01:00:00.0000000+00:00","52,5","53,400001525878906","52,5","53,400001525878906","50,12910461425781","9230"
"2017-10-12T01:00:00.0000000+00:00","53,5","54,400001525878906","53,5","54,400001525878906","51,067848205566406","15057"
"2017-10-13T01:00:00.0000000+00:00","54,04999923706055","54,04999923706055","54","54","50,69234848022461","10591"
"2017-10-16T01:00:00.0000000+00:00","54,75","54,900001525878906","54,75","54,900001525878906","51,537227630615234","5932"
"2017-10-17T01:00:00.0000000+00:00","54,900001525878906","54,900001525878906","54,5","54,5","51,16172790527344","3000"
"2017-10-18T01:00:00.0000000+00:00","54,95000076293945","54,95000076293945","54,599998474121094","54,75","51,39641189575195","6001"
"2017-10-19T01:00:00.0000000+00:00","55,150001525878906","55,150001525878906","55","55","51,631107330322266","5000"
"2017-10-20T01:00:00.0000000+00:00","54,849998474121094","54,849998474121094","54,849998474121094","54,849998474121094","51,49028778076172","1000"
"2017-10-23T01:00:00.0000000+00:00","54,900001525878906","54,900001525878906","54,900001525878906","54,900001525878906","51,537227630615234","0"
"2017-10-24T01:00:00.0000000+00:00","54,900001525878906","55,150001525878906","54,79999923706055","55,150001525878906","51,771915435791016","21000"
"2017-10-25T01:00:00.0000000+00:00","55,29999923706055","55,29999923706055","55,150001525878906","55,150001525878906","51,771915435791016","4000"
"2017-10-26T01:00:00.0000000+00:00","55,099998474121094","55,70000076293945","55,099998474121094","55,349998474121094","51,95965576171875","30000"
"2017-10-27T01:00:00.0000000+00:00","55,849998474121094","55,900001525878906","55,599998474121094","55,599998474121094","52,1943473815918","4000"
"2017-10-30T01:00:00.0000000+00:00","56,45000076293945","56,45000076293945","55,650001525878906","55,650001525878906","52,24128723144531","3000"
"2017-10-31T01:00:00.0000000+00:00","55,70000076293945","56,650001525878906","55,70000076293945","56,650001525878906","53,18003463745117","15000"
"2017-11-01T01:00:00.0000000+00:00","56,650001525878906","56,650001525878906","56,650001525878906","56,650001525878906","53,18003463745117","0"
"2017-11-02T01:00:00.0000000+00:00","56,54999923706055","56,54999923706055","56,54999923706055","56,54999923706055","53,086158752441406","3088"
"2017-11-03T01:00:00.0000000+00:00","56,79999923706055","56,79999923706055","56,79999923706055","56,79999923706055","53,32084274291992","2000"
"2017-11-06T01:00:00.0000000+00:00","56,900001525878906","57","56,900001525878906","57","53,50859069824219","7116"
"2017-11-07T01:00:00.0000000+00:00","57","57","57","57","53,50859069824219","3000"
"2017-11-08T01:00:00.0000000+00:00","57","57","55,75","56,29999923706055","52,851470947265625","5350"
"2017-11-09T01:00:00.0000000+00:00","56,29999923706055","56,29999923706055","56,29999923706055","56,29999923706055","52,851470947265625","0"
"2017-11-10T01:00:00.0000000+00:00","56,70000076293945","56,79999923706055","56,70000076293945","56,79999923706055","53,32084274291992","2000"
"2017-11-13T01:00:00.0000000+00:00","56,29999923706055","56,79999923706055","56,29999923706055","56,79999923706055","53,32084274291992","2104"
"2017-11-14T01:00:00.0000000+00:00","56,45000076293945","56,599998474121094","56,099998474121094","56,599998474121094","53,13309860229492","14000"
"2017-11-15T01:00:00.0000000+00:00","56,29999923706055","56,29999923706055","55,75","55,75","52,33515548706055","3350"
"2017-11-16T01:00:00.0000000+00:00","56,099998474121094","56,849998474121094","56,099998474121094","56,79999923706055","53,32084274291992","13200"
"2017-11-17T01:00:00.0000000+00:00","57","57,04999923706055","57","57","53,50859069824219","4000"
"2017-11-20T01:00:00.0000000+00:00","56,5","57,5","56,349998474121094","56,45000076293945","52,99229049682617","15000"
"2017-11-21T01:00:00.0000000+00:00","56,29999923706055","56,29999923706055","55,599998474121094","56,150001525878906","52,71065902709961","13017"
"2017-11-22T01:00:00.0000000+00:00","56,45000076293945","56,599998474121094","56,45000076293945","56,45000076293945","52,99229049682617","3055"
"2017-11-23T01:00:00.0000000+00:00","56,900001525878906","57,54999923706055","56,900001525878906","57,54999923706055","54,024906158447266","7000"
"2017-11-24T01:00:00.0000000+00:00","57,54999923706055","57,54999923706055","57,54999923706055","57,54999923706055","54,024906158447266","0"
"2017-11-27T01:00:00.0000000+00:00","57,54999923706055","58","57,54999923706055","57,900001525878906","54,35347366333008","13163"
"2017-11-28T01:00:00.0000000+00:00","57,5","58","57,29999923706055","58","54,44734191894531","6000"
"2017-11-29T01:00:00.0000000+00:00","57,650001525878906","57,650001525878906","57,650001525878906","57,650001525878906","54,1187858581543","2000"
"2017-11-30T01:00:00.0000000+00:00","57,20000076293945","57,20000076293945","57,20000076293945","57,20000076293945","53,69634246826172","7000"
"2017-12-01T01:00:00.0000000+00:00","57,150001525878906","57,150001525878906","57","57","53,50859069824219","10000"
"2017-12-04T01:00:00.0000000+00:00","57,04999923706055","57,099998474121094","55,70000076293945","57,099998474121094","53,60247039794922","23689"
"2017-12-05T01:00:00.0000000+00:00","56,400001525878906","56,400001525878906","56","56,29999923706055","52,851470947265625","8000"
"2017-12-06T01:00:00.0000000+00:00","56,400001525878906","57,45000076293945","56,400001525878906","57,04999923706055","53,55553436279297","8200"
"2017-12-07T01:00:00.0000000+00:00","57,349998474121094","57,349998474121094","57,349998474121094","57,349998474121094","53,837154388427734","1000"
"2017-12-08T01:00:00.0000000+00:00","57,650001525878906","57,650001525878906","57,650001525878906","57,650001525878906","54,1187858581543","1000"
"2017-12-11T01:00:00.0000000+00:00","57,650001525878906","58,5","57,650001525878906","58,5","54,91672134399414","6300"
"2017-12-12T01:00:00.0000000+00:00","58,75","58,75","58,75","58,75","55,151405334472656","11300"
"2017-12-13T01:00:00.0000000+00:00","58,95000076293945","58,95000076293945","58,650001525878906","58,650001525878906","55,05752944946289","2171"
"2017-12-14T01:00:00.0000000+00:00","58,25","58,25","55,95000076293945","55,95000076293945","52,52290725708008","11000"
"2017-12-15T01:00:00.0000000+00:00","55,95000076293945","56","55,95000076293945","56","52,56985092163086","2341"
"2017-12-18T01:00:00.0000000+00:00","56,04999923706055","56,04999923706055","54","54","50,69234848022461","35003"
"2017-12-19T01:00:00.0000000+00:00","54","54,099998474121094","52","52","48,81486129760742","17000"
"2017-12-20T01:00:00.0000000+00:00","52","52,150001525878906","51,900001525878906","51,900001525878906","48,72098159790039","43038"
"2017-12-21T01:00:00.0000000+00:00","52,400001525878906","52,70000076293945","52,400001525878906","52,70000076293945","49,471981048583984","2210"
"2017-12-22T01:00:00.0000000+00:00","52,79999923706055","52,79999923706055","52,29999923706055","52,29999923706055","49,09648132324219","3000"
"2017-12-25T01:00:00.0000000+00:00","52,70000076293945","52,70000076293945","52,54999923706055","52,54999923706055","49,3311653137207","3000"
"2017-12-26T01:00:00.0000000+00:00","52,75","52,75","52,150001525878906","52,150001525878906","48,95567321777344","9000"
"2017-12-27T01:00:00.0000000+00:00","52,20000076293945","52,20000076293945","52","52","48,81486129760742","7000"
"2017-12-28T01:00:00.0000000+00:00","52,29999923706055","52,45000076293945","52,29999923706055","52,45000076293945","49,2372932434082","3000"
"2017-12-29T01:00:00.0000000+00:00","52,849998474121094","52,849998474121094","52,849998474121094","52,849998474121094","49,612789154052734","2000"
"2018-01-02T01:00:00.0000000+00:00","53,54999923706055","53,54999923706055","53,5","53,5","50,22298049926758","3150"
"2018-01-03T01:00:00.0000000+00:00","54,5","54,5","54,400001525878906","54,400001525878906","51,067848205566406","5000"
"2018-01-04T01:00:00.0000000+00:00","54,650001525878906","54,650001525878906","54,650001525878906","54,650001525878906","51,30253982543945","1000"
"2018-01-05T01:00:00.0000000+00:00","54,95000076293945","54,95000076293945","54,79999923706055","54,79999923706055","51,4433479309082","4000"
"2018-01-08T01:00:00.0000000+00:00","55,349998474121094","55,349998474121094","55,349998474121094","55,349998474121094","51,95965576171875","10000"
"2018-01-09T01:00:00.0000000+00:00","55,150001525878906","55,20000076293945","55","55,04999923706055","51,678035736083984","4000"
"2018-01-10T01:00:00.0000000+00:00","55,04999923706055","55,04999923706055","54,400001525878906","54,400001525878906","51,067848205566406","2000"
"2018-01-11T01:00:00.0000000+00:00","54,45000076293945","54,45000076293945","53,849998474121094","53,849998474121094","50,55154037475586","3000"
"2018-01-12T01:00:00.0000000+00:00","53,849998474121094","53,849998474121094","53,849998474121094","53,849998474121094","50,55154037475586","0"
"2018-01-15T01:00:00.0000000+00:00","55,150001525878906","55,150001525878906","54,95000076293945","54,95000076293945","51,58415603637695","3268"
"2018-01-16T01:00:00.0000000+00:00","54,95000076293945","55,650001525878906","54,95000076293945","55,650001525878906","52,24128723144531","11743"
"2018-01-17T01:00:00.0000000+00:00","55,79999923706055","55,900001525878906","55,79999923706055","55,849998474121094","52,42903137207031","3000"
"2018-01-18T01:00:00.0000000+00:00","57,349998474121094","57,349998474121094","56,79999923706055","56,79999923706055","53,32084274291992","2002"
"2018-01-19T01:00:00.0000000+00:00","57,95000076293945","57,95000076293945","57,70000076293945","57,79999923706055","54,25959396362305","5054"
"2018-01-22T01:00:00.0000000+00:00","57,75","58,349998474121094","57,75","58,349998474121094","54,775901794433594","2577"
"2018-01-23T01:00:00.0000000+00:00","58,5","60","58,5","59,45000076293945","55,808528900146484","10348"
"2018-01-24T01:00:00.0000000+00:00","59,79999923706055","59,79999923706055","58,70000076293945","58,70000076293945","55,10446548461914","7200"
"2018-01-25T01:00:00.0000000+00:00","59","59,45000076293945","58","58,45000076293945","54,869781494140625","7146"
"2018-01-26T01:00:00.0000000+00:00","57,900001525878906","58","57,849998474121094","58","54,44734191894531","10000"
"2018-01-29T01:00:00.0000000+00:00","58,400001525878906","58,75","58,20000076293945","58,20000076293945","54,635093688964844","5188"
"2018-01-30T01:00:00.0000000+00:00","57,79999923706055","57,900001525878906","57,349998474121094","57,349998474121094","53,837154388427734","7007"
"2018-01-31T01:00:00.0000000+00:00","57,349998474121094","57,599998474121094","57,29999923706055","57,400001525878906","53,88409423828125","4001"
"2018-02-01T01:00:00.0000000+00:00","55,650001525878906","58,5","55,650001525878906","58,150001525878906","54,58815383911133","6000"
"2018-02-02T01:00:00.0000000+00:00","58,099998474121094","58,099998474121094","57,79999923706055","57,79999923706055","54,25959396362305","2000"
"2018-02-05T01:00:00.0000000+00:00","56,75","56,75","56,75","56,75","53,27391052246094","1136"
"2018-02-06T01:00:00.0000000+00:00","55,25","56,70000076293945","54,54999923706055","56,25","52,80453872680664","21181"
"2018-02-07T01:00:00.0000000+00:00","57,25","57,25","56,849998474121094","56,849998474121094","53,36778259277344","2216"
"2018-02-08T01:00:00.0000000+00:00","56,849998474121094","56,849998474121094","56,20000076293945","56,20000076293945","52,75760269165039","3000"
"2018-02-09T01:00:00.0000000+00:00","55","55","55","55","51,631107330322266","3000"
"2018-02-12T01:00:00.0000000+00:00","56,04999923706055","56,04999923706055","56,04999923706055","56,04999923706055","52,616783142089844","1079"
"2018-02-21T01:00:00.0000000+00:00","57,79999923706055","58,650001525878906","56,75","58,45000076293945","54,869781494140625","21272"
"2018-02-22T01:00:00.0000000+00:00","58,45000076293945","58,900001525878906","58,20000076293945","58,900001525878906","55,292213439941406","11000"
"2018-02-23T01:00:00.0000000+00:00","58,599998474121094","58,599998474121094","58,599998474121094","58,599998474121094","55,010589599609375","2000"
"2018-02-26T01:00:00.0000000+00:00","59,099998474121094","59,400001525878906","56,849998474121094","56,849998474121094","53,36778259277344","17000"
"2018-02-27T01:00:00.0000000+00:00","57,20000076293945","57,599998474121094","56,900001525878906","56,900001525878906","53,41472625732422","6087"
"2018-03-01T01:00:00.0000000+00:00","56,45000076293945","56,45000076293945","56","56,099998474121094","52,66372299194336","3000"
"2018-03-02T01:00:00.0000000+00:00","55,900001525878906","55,900001525878906","55,20000076293945","55,20000076293945","51,818851470947266","6000"
"2018-03-05T01:00:00.0000000+00:00","55,400001525878906","55,400001525878906","55,400001525878906","55,400001525878906","52,006595611572266","3020"
"2018-03-06T01:00:00.0000000+00:00","56,25","56,599998474121094","56,25","56,599998474121094","53,13309860229492","17000"
"2018-03-07T01:00:00.0000000+00:00","56,25","56,29999923706055","56,20000076293945","56,29999923706055","52,851470947265625","5000"
"2018-03-08T01:00:00.0000000+00:00","56,599998474121094","57,099998474121094","56,599998474121094","57,099998474121094","53,60247039794922","3030"
"2018-03-09T01:00:00.0000000+00:00","57,099998474121094","57,099998474121094","57,099998474121094","57,099998474121094","53,60247039794922","3000"
"2018-03-12T01:00:00.0000000+00:00","57,70000076293945","57,70000076293945","57,599998474121094","57,599998474121094","54,07184982299805","2011"
"2018-03-13T01:00:00.0000000+00:00","58,25","58,400001525878906","58,25","58,400001525878906","54,82284164428711","4319"
"2018-03-14T01:00:00.0000000+00:00","57,79999923706055","57,900001525878906","57,45000076293945","57,900001525878906","54,35347366333008","28000"
"2018-03-15T01:00:00.0000000+00:00","58,20000076293945","58,20000076293945","57,650001525878906","57,650001525878906","54,1187858581543","3051"
"2018-03-16T01:00:00.0000000+00:00","57,54999923706055","58,04999923706055","56,25","57,79999923706055","54,25959396362305","36314"
"2018-03-19T01:00:00.0000000+00:00","57,599998474121094","57,75","57,599998474121094","57,75","54,21265411376953","8093"
"2018-03-20T01:00:00.0000000+00:00","57,45000076293945","57,45000076293945","57,45000076293945","57,45000076293945","53,931034088134766","1000"
"2018-03-21T01:00:00.0000000+00:00","57,75","57,75","57,70000076293945","57,70000076293945","54,16572189331055","2000"
"2018-03-22T01:00:00.0000000+00:00","57,849998474121094","57,849998474121094","57,849998474121094","57,849998474121094","54,30652618408203","2000"
"2018-03-23T01:00:00.0000000+00:00","56,04999923706055","56,150001525878906","56,04999923706055","56,150001525878906","52,71065902709961","5000"
"2018-03-26T01:00:00.0000000+00:00","55,849998474121094","56,099998474121094","55,650001525878906","56,099998474121094","52,66372299194336","8000"
"2018-03-27T01:00:00.0000000+00:00","57,150001525878906","57,20000076293945","56,900001525878906","57,20000076293945","53,69634246826172","7016"
"2018-03-28T01:00:00.0000000+00:00","56,70000076293945","56,70000076293945","56,70000076293945","56,70000076293945","53,22697067260742","1000"
"2018-03-29T01:00:00.0000000+00:00","56,099998474121094","56,349998474121094","56,099998474121094","56,349998474121094","52,89841079711914","7500"
"2018-03-30T01:00:00.0000000+00:00","56,79999923706055","56,79999923706055","56,75","56,75","53,27391052246094","5010"
"2018-04-02T01:00:00.0000000+00:00","56,70000076293945","56,95000076293945","56,70000076293945","56,95000076293945","53,46166229248047","2087"
"2018-04-03T01:00:00.0000000+00:00","56,20000076293945","56,400001525878906","56,20000076293945","56,400001525878906","52,945350646972656","2000"
"2018-04-09T01:00:00.0000000+00:00","56,79999923706055","56,79999923706055","56,45000076293945","56,650001525878906","53,18003463745117","14050"
"2018-04-10T01:00:00.0000000+00:00","56,54999923706055","57","56,54999923706055","57","53,50859069824219","3069"
"2018-04-11T01:00:00.0000000+00:00","57,349998474121094","57,349998474121094","57,349998474121094","57,349998474121094","53,837154388427734","1000"
"2018-04-12T01:00:00.0000000+00:00","57","57","56,70000076293945","56,70000076293945","53,22697067260742","7110"
"2018-04-13T01:00:00.0000000+00:00","57,04999923706055","57,04999923706055","57,04999923706055","57,04999923706055","53,55553436279297","2000"
"2018-04-16T01:00:00.0000000+00:00","56,54999923706055","56,70000076293945","56,5","56,70000076293945","53,22697067260742","12202"
"2018-04-17T01:00:00.0000000+00:00","56,599998474121094","56,599998474121094","55,900001525878906","55,900001525878906","52,47597122192383","4000"
"2018-04-18T01:00:00.0000000+00:00","56,5","56,5","55,54999923706055","55,54999923706055","52,14741134643555","3000"
"2018-04-19T01:00:00.0000000+00:00","56,849998474121094","56,849998474121094","56,849998474121094","56,849998474121094","53,36778259277344","1017"
"2018-04-20T01:00:00.0000000+00:00","54,79999923706055","55","54,79999923706055","54,79999923706055","51,4433479309082","4050"
"2018-04-23T01:00:00.0000000+00:00","54,79999923706055","54,79999923706055","54,5","54,5","51,16172790527344","6070"
"2018-04-24T01:00:00.0000000+00:00","54,400001525878906","54,5","54,400001525878906","54,5","51,16172790527344","3162"
"2018-04-25T01:00:00.0000000+00:00","54","54,25","53,599998474121094","53,599998474121094","50,31685256958008","7061"
"2018-04-26T01:00:00.0000000+00:00","53,849998474121094","53,849998474121094","53,599998474121094","53,650001525878906","50,36379623413086","12010"
"2018-04-27T01:00:00.0000000+00:00","53,650001525878906","53,650001525878906","53,20000076293945","53,20000076293945","49,941349029541016","4000"
"2018-04-30T01:00:00.0000000+00:00","53,20000076293945","53,75","53,20000076293945","53,599998474121094","50,31685256958008","5300"
"2018-05-02T01:00:00.0000000+00:00","53,70000076293945","53,70000076293945","53,20000076293945","53,5","50,22298049926758","21288"
"2018-05-03T01:00:00.0000000+00:00","52,70000076293945","52,900001525878906","52,70000076293945","52,900001525878906","49,88886260986328","2000"
"2018-05-04T01:00:00.0000000+00:00","52,5","52,95000076293945","51,04999923706055","51,150001525878906","48,23847579956055","23251"
"2018-05-07T01:00:00.0000000+00:00","51,25","51,25","50,900001525878906","51","48,097007751464844","20010"
"2018-05-08T01:00:00.0000000+00:00","50,849998474121094","51,349998474121094","50,849998474121094","51,349998474121094","48,427085876464844","11000"
"2018-05-09T01:00:00.0000000+00:00","51,75","52","51,70000076293945","51,70000076293945","48,757164001464844","6367"
"2018-05-10T01:00:00.0000000+00:00","51,75","52,25","51,75","52,25","49,27585983276367","3074"
"2018-05-11T01:00:00.0000000+00:00","52,349998474121094","53","52,349998474121094","53","49,98316192626953","30640"
"2018-05-14T01:00:00.0000000+00:00","53","53","52,849998474121094","52,849998474121094","49,84170150756836","8087"
"2018-05-15T01:00:00.0000000+00:00","53,099998474121094","53,150001525878906","52,29999923706055","52,29999923706055","49,32301330566406","10000"
"2018-05-16T01:00:00.0000000+00:00","52,349998474121094","52,400001525878906","52,20000076293945","52,20000076293945","49,228702545166016","22375"
"2018-05-17T01:00:00.0000000+00:00","52,400001525878906","52,5","52","52","49,04008483886719","11010"
"2018-05-18T01:00:00.0000000+00:00","51,599998474121094","51,599998474121094","51,45000076293945","51,45000076293945","48,521400451660156","8053"
"2018-05-21T01:00:00.0000000+00:00","51,75","52,20000076293945","51,75","52,20000076293945","49,228702545166016","9300"
"2018-05-22T01:00:00.0000000+00:00","52,400001525878906","52,5","52,400001525878906","52,5","49,511627197265625","3000"
"2018-05-23T01:00:00.0000000+00:00","52,45000076293945","52,45000076293945","52,29999923706055","52,29999923706055","49,32301330566406","5201"
"2018-05-24T01:00:00.0000000+00:00","52,099998474121094","52,29999923706055","52,099998474121094","52,29999923706055","49,32301330566406","2000"
"2018-05-25T01:00:00.0000000+00:00","52,29999923706055","52,349998474121094","52,099998474121094","52,349998474121094","49,37016677856445","4000"
"2018-05-28T01:00:00.0000000+00:00","52,45000076293945","52,45000076293945","52,25","52,25","49,27585983276367","11116"
"2018-05-29T01:00:00.0000000+00:00","52","52,099998474121094","51,75","52,099998474121094","49,13439178466797","6020"
"2018-05-30T01:00:00.0000000+00:00","51,70000076293945","51,70000076293945","51,099998474121094","51,099998474121094","48,191314697265625","4100"
"2018-05-31T01:00:00.0000000+00:00","51,150001525878906","51,150001525878906","51,150001525878906","51,150001525878906","48,23847579956055","42000"
"2018-06-01T01:00:00.0000000+00:00","51,349998474121094","51,599998474121094","51,29999923706055","51,599998474121094","48,66285705566406","57030"
"2018-06-04T01:00:00.0000000+00:00","52","52,400001525878906","52","52,25","49,27585983276367","43000"
"2018-06-05T01:00:00.0000000+00:00","52,349998474121094","52,349998474121094","51,79999923706055","51,95000076293945","48,99293518066406","45104"
"2018-06-06T01:00:00.0000000+00:00","52,25","52,70000076293945","52,25","52,29999923706055","49,32301330566406","97145"
"2018-06-07T01:00:00.0000000+00:00","52,70000076293945","52,70000076293945","52,5","52,5","49,511627197265625","42733"
"2018-06-08T01:00:00.0000000+00:00","52,45000076293945","52,45000076293945","51,79999923706055","51,79999923706055","48,85146713256836","43000"
"2018-06-11T01:00:00.0000000+00:00","52,099998474121094","52,099998474121094","52,099998474121094","52,099998474121094","49,13439178466797","40000"
"2018-06-12T01:00:00.0000000+00:00","51,900001525878906","51,900001525878906","51,75","51,79999923706055","48,85146713256836","53000"
"2018-06-13T01:00:00.0000000+00:00","52,20000076293945","52,20000076293945","52","52,20000076293945","49,228702545166016","67414"
"2018-06-14T01:00:00.0000000+00:00","52,04999923706055","52,04999923706055","51,54999923706055","51,54999923706055","48,61570739746094","43000"
"2018-06-15T01:00:00.0000000+00:00","51,349998474121094","51,400001525878906","51,150001525878906","51,400001525878906","48,4742431640625","44070"
"2018-06-19T01:00:00.0000000+00:00","51,20000076293945","51,400001525878906","50,79999923706055","51,400001525878906","48,4742431640625","57019"
"2018-06-20T01:00:00.0000000+00:00","51","51,349998474121094","51","51,349998474121094","48,427085876464844","44358"
"2018-06-21T01:00:00.0000000+00:00","51,650001525878906","51,650001525878906","51,25","51,25","48,33277893066406","42000"
"2018-06-22T01:00:00.0000000+00:00","51","51,099998474121094","50,79999923706055","51,099998474121094","48,191314697265625","41000"
"2018-06-25T01:00:00.0000000+00:00","50,54999923706055","50,54999923706055","49,5","49,97999954223633","47,135066986083984","82300"
"2018-06-26T01:00:00.0000000+00:00","49,790000915527344","50,04999923706055","49,58000183105469","50,04999923706055","47,20108413696289","61000"
"2018-06-27T01:00:00.0000000+00:00","50,099998474121094","50,29999923706055","49,84000015258789","49,84000015258789","47,00303649902344","45000"
"2018-06-28T01:00:00.0000000+00:00","49,650001525878906","49,650001525878906","49,349998474121094","49,380001068115234","46,5692253112793","47300"
"2018-06-29T01:00:00.0000000+00:00","49,56999969482422","49,880001068115234","49,56999969482422","49,880001068115234","47,04076385498047","43000"
"2018-07-02T01:00:00.0000000+00:00","50,099998474121094","50,150001525878906","50,099998474121094","50,150001525878906","47,29539108276367","99508"
"2018-07-03T01:00:00.0000000+00:00","50,400001525878906","50,400001525878906","49,689998626708984","49,779998779296875","46,94645690917969","103028"
"2018-07-04T01:00:00.0000000+00:00","49,970001220703125","50","49,900001525878906","50","47,153934478759766","101189"
"2018-07-05T01:00:00.0000000+00:00","49,720001220703125","49,720001220703125","49,560001373291016","49,560001373291016","46,738975524902344","103000"
"2018-07-06T01:00:00.0000000+00:00","49,75","50,20000076293945","49,70000076293945","50,20000076293945","47,34255599975586","136051"
"2018-07-09T01:00:00.0000000+00:00","50,20000076293945","50,849998474121094","50,20000076293945","50,849998474121094","47,955543518066406","106080"
"2018-07-10T01:00:00.0000000+00:00","51","51,20000076293945","51","51,099998474121094","48,191314697265625","102000"
"2018-07-11T01:00:00.0000000+00:00","50,70000076293945","50,70000076293945","50,54999923706055","50,54999923706055","47,6726188659668","102119"
"2018-07-12T01:00:00.0000000+00:00","50,599998474121094","51,099998474121094","50,04999923706055","51,099998474121094","48,191314697265625","103020"
"2018-07-13T01:00:00.0000000+00:00","51,5","51,54999923706055","51,29999923706055","51,349998474121094","48,427085876464844","111000"
"2018-07-16T01:00:00.0000000+00:00","51,70000076293945","51,900001525878906","51,54999923706055","51,900001525878906","48,945777893066406","108200"
"2018-07-17T01:00:00.0000000+00:00","51,599998474121094","51,650001525878906","51,400001525878906","51,400001525878906","48,4742431640625","101000"
"2018-07-18T01:00:00.0000000+00:00","51,70000076293945","51,75","51,5","51,5","48,56855010986328","104039"
"2018-07-19T01:00:00.0000000+00:00","51,900001525878906","52,20000076293945","51,900001525878906","52","49,04008483886719","102348"
"2018-07-20T01:00:00.0000000+00:00","53,150001525878906","53,599998474121094","53,099998474121094","53,150001525878906","50,124629974365234","167104"
"2018-07-23T01:00:00.0000000+00:00","53,54999923706055","54,04999923706055","53,54999923706055","53,900001525878906","50,83193588256836","103652"
"2018-07-24T01:00:00.0000000+00:00","53,79999923706055","53,900001525878906","53,70000076293945","53,70000076293945","50,64331817626953","102001"
"2018-07-25T01:00:00.0000000+00:00","53,70000076293945","53,75","53,54999923706055","53,70000076293945","50,64331817626953","108010"
"2018-07-26T01:00:00.0000000+00:00","53,95000076293945","54","53,79999923706055","54","50,92624282836914","106216"
"2018-07-27T01:00:00.0000000+00:00","54,099998474121094","54,650001525878906","54,099998474121094","54,54999923706055","51,4449348449707","109500"
"2018-07-30T01:00:00.0000000+00:00","54,54999923706055","54,54999923706055","54,54999923706055","54,54999923706055","51,4449348449707","0"
"2018-07-31T01:00:00.0000000+00:00","54,45000076293945","54,599998474121094","54,400001525878906","54,45000076293945","51,35063171386719","103988"
"2018-08-01T01:00:00.0000000+00:00","54,849998474121094","55,5","54,849998474121094","55,5","52,34086227416992","163947"
"2018-08-02T01:00:00.0000000+00:00","55,79999923706055","55,79999923706055","54,599998474121094","54,599998474121094","51,49208450317383","106350"
"2018-08-03T01:00:00.0000000+00:00","54,900001525878906","55,099998474121094","54,849998474121094","55","51,869327545166016","107000"
"2018-08-06T01:00:00.0000000+00:00","54,95000076293945","55,20000076293945","54,79999923706055","55,150001525878906","52,01078796386719","114038"
"2018-08-07T01:00:00.0000000+00:00","55","55","54,349998474121094","54,349998474121094","51,25632095336914","209054"
"2018-08-08T01:00:00.0000000+00:00","54,79999923706055","55,099998474121094","54,79999923706055","54,95000076293945","51,822166442871094","225000"
"2018-08-09T01:00:00.0000000+00:00","55","55,25","55","55,099998474121094","51,96363067626953","106000"
"2018-08-10T01:00:00.0000000+00:00","54,79999923706055","54,79999923706055","54,5","54,5","51,39778137207031","119110"
"2018-08-13T01:00:00.0000000+00:00","54,099998474121094","54,099998474121094","53","53,25","50,218936920166016","209100"
"2018-08-14T01:00:00.0000000+00:00","53,79999923706055","54","53,650001525878906","53,95000076293945","50,87909698486328","203019"
"2018-08-15T01:00:00.0000000+00:00","53,849998474121094","53,849998474121094","53,150001525878906","53,25","50,218936920166016","202200"
"2018-08-16T01:00:00.0000000+00:00","52,79999923706055","53,20000076293945","52,599998474121094","53","49,98316192626953","216000"
"2018-08-17T01:00:00.0000000+00:00","53,099998474121094","53,20000076293945","52,900001525878906","52,900001525878906","49,88886260986328","207000"
"2018-08-20T01:00:00.0000000+00:00","53,099998474121094","53,099998474121094","52,75","52,95000076293945","49,936012268066406","203307"
"2018-08-21T01:00:00.0000000+00:00","53,150001525878906","53,29999923706055","53,150001525878906","53,29999923706055","50,26608657836914","101049"
"2018-08-22T01:00:00.0000000+00:00","53,650001525878906","53,650001525878906","53,29999923706055","53,54999923706055","50,501861572265625","206208"
"2018-08-23T01:00:00.0000000+00:00","53,95000076293945","54","53,79999923706055","53,79999923706055","50,73762512207031","105000"
"2018-08-24T01:00:00.0000000+00:00","53,79999923706055","53,900001525878906","53,79999923706055","53,900001525878906","50,83193588256836","101000"
"2018-08-27T01:00:00.0000000+00:00","53,95000076293945","54,400001525878906","53,95000076293945","54,349998474121094","51,25632095336914","111663"
"2018-08-28T01:00:00.0000000+00:00","54,5","55,04999923706055","54,5","54,95000076293945","51,822166442871094","108018"
"2018-08-29T01:00:00.0000000+00:00","55,349998474121094","55,95000076293945","55,349998474121094","55,849998474121094","52,67094039916992","112224"
"2018-08-30T01:00:00.0000000+00:00","56,900001525878906","57,349998474121094","56,45000076293945","56,5","53,28394317626953","131007"
"2018-08-31T01:00:00.0000000+00:00","55,95000076293945","56,099998474121094","55,45000076293945","55,54999923706055","52,38801574707031","105100"
"2018-09-03T01:00:00.0000000+00:00","55,54999923706055","55,54999923706055","55,54999923706055","55,54999923706055","52,38801574707031","0"
"2018-09-04T01:00:00.0000000+00:00","55,54999923706055","55,599998474121094","55,25","55,599998474121094","52,4351692199707","96000"
"2018-09-05T01:00:00.0000000+00:00","56,099998474121094","56,400001525878906","56,099998474121094","56,29999923706055","53,09532928466797","104100"
"2018-09-06T01:00:00.0000000+00:00","56,29999923706055","56,29999923706055","56,04999923706055","56,150001525878906","52,953861236572266","106088"
"2018-09-07T01:00:00.0000000+00:00","56,349998474121094","56,349998474121094","55,95000076293945","56","52,81240463256836","104000"
"2018-09-10T01:00:00.0000000+00:00","56,29999923706055","56,349998474121094","55,5","55,5","52,34086227416992","106000"
"2018-09-11T01:00:00.0000000+00:00","55,599998474121094","55,599998474121094","55,20000076293945","55,349998474121094","52,199398040771484","102100"
"2018-09-12T01:00:00.0000000+00:00","55,400001525878906","55,400001525878906","54,75","54,75","51,63355255126953","108292"
"2018-09-13T01:00:00.0000000+00:00","54,900001525878906","54,900001525878906","54,5","54,5","51,39778137207031","102150"
"2018-09-14T01:00:00.0000000+00:00","55,45000076293945","55,75","55,45000076293945","55,75","52,57662582397461","104200"
"2018-09-17T01:00:00.0000000+00:00","55,75","55,75","55,349998474121094","55,400001525878906","52,24655532836914","102000"
"2018-09-18T01:00:00.0000000+00:00","55,150001525878906","55,150001525878906","54,45000076293945","54,75","51,63355255126953","101063"
"2018-09-19T01:00:00.0000000+00:00","55,29999923706055","55,29999923706055","55,20000076293945","55,20000076293945","52,05794143676758","101282"
"2018-09-20T01:00:00.0000000+00:00","55,5","55,5","54,900001525878906","54,900001525878906","51,775020599365234","103000"
"2018-09-21T01:00:00.0000000+00:00","55,25","55,25","55,25","55,25","52,10509490966797","101254"
"2018-09-25T01:00:00.0000000+00:00","55,650001525878906","55,79999923706055","55,650001525878906","55,79999923706055","52,623783111572266","103128"
"2018-09-26T01:00:00.0000000+00:00","55,79999923706055","56","55,79999923706055","55,95000076293945","52,7652473449707","106160"
"2018-09-27T01:00:00.0000000+00:00","55,849998474121094","56,29999923706055","55,849998474121094","56,29999923706055","53,09532928466797","109397"
"2018-09-28T01:00:00.0000000+00:00","55,75","55,75","55,75","55,75","52,57662582397461","100000"
"2018-10-01T01:00:00.0000000+00:00","55,5","56,25","55,5","55,5","52,34086227416992","111000"
"2018-10-02T01:00:00.0000000+00:00","55,599998474121094","55,599998474121094","55,150001525878906","55,150001525878906","52,01078796386719","101609"
"2018-10-03T01:00:00.0000000+00:00","55,25","55,29999923706055","55,20000076293945","55,25","52,10509490966797","104000"
"2018-10-04T01:00:00.0000000+00:00","54,599998474121094","54,599998474121094","54,25","54,45000076293945","51,35063171386719","114100"
"2018-10-05T01:00:00.0000000+00:00","53,650001525878906","53,650001525878906","53,150001525878906","53,150001525878906","50,124629974365234","104060"
"2018-10-08T01:00:00.0000000+00:00","52,75","52,849998474121094","52,150001525878906","52,20000076293945","49,228702545166016","109223"
"2018-10-09T01:00:00.0000000+00:00","52,400001525878906","52,400001525878906","52,20000076293945","52,20000076293945","49,228702545166016","100300"
"2018-10-11T01:00:00.0000000+00:00","49,900001525878906","49,900001525878906","48,79999923706055","48,9900016784668","46,20142364501953","121054"
"2018-10-12T01:00:00.0000000+00:00","49,029998779296875","50,099998474121094","48,9900016784668","50,099998474121094","47,24824142456055","125000"
"2018-10-15T01:00:00.0000000+00:00","49,91999816894531","49,91999816894531","49,4900016784668","49,58000183105469","46,757843017578125","103021"
"2018-10-16T01:00:00.0000000+00:00","49,540000915527344","50,20000076293945","49,540000915527344","50,20000076293945","47,34255599975586","108018"
"2018-10-17T01:00:00.0000000+00:00","51,29999923706055","51,45000076293945","51","51","48,097007751464844","110020"
"2018-10-18T01:00:00.0000000+00:00","50,599998474121094","50,650001525878906","50,599998474121094","50,650001525878906","47,76693344116211","22116"
"2018-10-19T01:00:00.0000000+00:00","49,939998626708984","50,25","49,939998626708984","50,20000076293945","47,34255599975586","106000"
"2018-10-22T01:00:00.0000000+00:00","49,779998779296875","50,400001525878906","49,779998779296875","50,400001525878906","47,531166076660156","101099"
"2018-10-23T01:00:00.0000000+00:00","49,91999816894531","49,91999816894531","49,33000183105469","49,33000183105469","46,522071838378906","112100"
"2018-10-24T01:00:00.0000000+00:00","49","49,33000183105469","48,97999954223633","49,33000183105469","46,522071838378906","101000"
"2018-10-25T01:00:00.0000000+00:00","47,439998626708984","47,79999923706055","47,439998626708984","47,70000076293945","44,9848518371582","101014"
"2018-10-26T01:00:00.0000000+00:00","48,209999084472656","48,209999084472656","47,06999969482422","47,31999969482422","44,62648010253906","104204"
"2018-10-29T01:00:00.0000000+00:00","47,63999938964844","47,77000045776367","47,31999969482422","47,5","44,79623794555664","105000"
"2018-10-30T01:00:00.0000000+00:00","47,5","47,5","47,5","47,5","44,79623794555664","0"
"2018-10-31T01:00:00.0000000+00:00","49,20000076293945","49,22999954223633","47,79999923706055","47,79999923706055","45,079158782958984","111577"
"2018-11-01T01:00:00.0000000+00:00","49,52000045776367","50,349998474121094","49,52000045776367","50,04999923706055","47,20108413696289","135000"
"2018-11-02T01:00:00.0000000+00:00","50,04999923706055","50,04999923706055","50,04999923706055","50,04999923706055","47,20108413696289","0"
"2018-11-05T01:00:00.0000000+00:00","50,04999923706055","50,04999923706055","50,04999923706055","50,04999923706055","47,20108413696289","0"
"2018-11-06T01:00:00.0000000+00:00","50,099998474121094","50,099998474121094","48,5","48,5","45,73931121826172","95017"
"2018-11-07T01:00:00.0000000+00:00","49,869998931884766","49,939998626708984","49,70000076293945","49,84000015258789","47,00303649902344","103000"
"2018-11-08T01:00:00.0000000+00:00","50,20000076293945","50,25","50,150001525878906","50,25","47,38970184326172","101019"
"2018-11-09T01:00:00.0000000+00:00","49,400001525878906","49,400001525878906","49,040000915527344","49,040000915527344","46,248573303222656","101000"
"2018-11-12T01:00:00.0000000+00:00","49,040000915527344","49,040000915527344","49,040000915527344","49,040000915527344","46,248573303222656","0"
"2018-11-13T01:00:00.0000000+00:00","48,0099983215332","48,79999923706055","48,0099983215332","48,79999923706055","46,022239685058594","102000"
"2018-11-14T01:00:00.0000000+00:00","48,79999923706055","48,79999923706055","48,79999923706055","48,79999923706055","46,022239685058594","0"
"2018-11-15T01:00:00.0000000+00:00","48,79999923706055","48,79999923706055","48,79999923706055","48,79999923706055","46,022239685058594","0"
"2018-11-16T01:00:00.0000000+00:00","48,93000030517578","48,93000030517578","48,5","48,5","45,73931121826172","108574"
"2018-11-19T01:00:00.0000000+00:00","48,5","48,5","48,5","48,5","45,73931121826172","0"
"2018-11-20T01:00:00.0000000+00:00","47,61000061035156","47,61000061035156","47,45000076293945","47,4900016784668","44,78680419921875","101000"
"2018-11-21T01:00:00.0000000+00:00","47,4900016784668","47,4900016784668","47,4900016784668","47,4900016784668","44,78680419921875","0"
"2018-11-22T01:00:00.0000000+00:00","47,4900016784668","47,4900016784668","47,4900016784668","47,4900016784668","44,78680419921875","0"
"2018-11-23T01:00:00.0000000+00:00","47,4900016784668","47,4900016784668","47,4900016784668","47,4900016784668","44,78680419921875","0"
"2018-11-26T01:00:00.0000000+00:00","48,15999984741211","48,400001525878906","48,09000015258789","48,400001525878906","45,64500427246094","107146"
"2018-11-27T01:00:00.0000000+00:00","48,400001525878906","48,400001525878906","48,400001525878906","48,400001525878906","45,64500427246094","0"
"2018-11-28T01:00:00.0000000+00:00","48,45000076293945","53,25","48,45000076293945","53,25","50,218936920166016","103530"
"2018-11-29T01:00:00.0000000+00:00","50,400001525878906","50,400001525878906","49,619998931884766","49,65999984741211","46,83327865600586","110219"
"2018-11-30T01:00:00.0000000+00:00","49,65999984741211","49,65999984741211","49,65999984741211","49,65999984741211","46,83327865600586","0"
"2018-12-03T01:00:00.0000000+00:00","49,65999984741211","49,65999984741211","49,65999984741211","49,65999984741211","46,83327865600586","0"
"2018-12-04T01:00:00.0000000+00:00","49,65999984741211","49,65999984741211","49,65999984741211","49,65999984741211","46,83327865600586","0"
"2018-12-05T01:00:00.0000000+00:00","49,459999084472656","49,5099983215332","49,33000183105469","49,33000183105469","46,522071838378906","101100"
"2018-12-06T01:00:00.0000000+00:00","48,41999816894531","48,41999816894531","47,790000915527344","47,970001220703125","45,23948287963867","107000"
"2018-12-07T01:00:00.0000000+00:00","47,970001220703125","47,970001220703125","47,970001220703125","47,970001220703125","45,23948287963867","0"
"2018-12-10T01:00:00.0000000+00:00","47,970001220703125","47,970001220703125","47,970001220703125","47,970001220703125","45,23948287963867","0"
"2018-12-11T01:00:00.0000000+00:00","47,56999969482422","48,0099983215332","47,5","48,0099983215332","45,277198791503906","101027"
"2018-12-12T01:00:00.0000000+00:00","48,13999938964844","48,650001525878906","48,13999938964844","48,650001525878906","45,88077926635742","103396"
"2018-12-13T01:00:00.0000000+00:00","48,650001525878906","48,650001525878906","48,650001525878906","48,650001525878906","45,88077926635742","0"
"2018-12-14T01:00:00.0000000+00:00","48,650001525878906","48,650001525878906","48,650001525878906","48,650001525878906","45,88077926635742","0"
"2018-12-17T01:00:00.0000000+00:00","48,22999954223633","48,61000061035156","48,22999954223633","48,5099983215332","45,74874496459961","99006"
"2018-12-18T01:00:00.0000000+00:00","48,5099983215332","48,5099983215332","48,5099983215332","48,5099983215332","45,74874496459961","0"
"2018-12-19T01:00:00.0000000+00:00","48,5099983215332","48,5099983215332","48,5099983215332","48,5099983215332","45,74874496459961","0"
"2018-12-20T01:00:00.0000000+00:00","48,5099983215332","48,5099983215332","48,5099983215332","48,5099983215332","45,74874496459961","0"
"2018-12-21T01:00:00.0000000+00:00","48,5099983215332","48,5099983215332","48,5099983215332","48,5099983215332","45,74874496459961","0"
"2018-12-24T01:00:00.0000000+00:00","47,65999984741211","47,66999816894531","47,5099983215332","47,5099983215332","44,805660247802734","99879"
"2018-12-25T01:00:00.0000000+00:00","46,40999984741211","46,56999969482422","46,40999984741211","46,56999969482422","43,91916275024414","102000"
"2018-12-26T01:00:00.0000000+00:00","47,33000183105469","47,33000183105469","46,93000030517578","46,93000030517578","44,25868606567383","101000"
"2018-12-27T01:00:00.0000000+00:00","47,58000183105469","48,04999923706055","47,58000183105469","48,04999923706055","45,31492614746094","104700"
"2018-12-28T01:00:00.0000000+00:00","48,04999923706055","48,11000061035156","48,04999923706055","48,11000061035156","45,37151336669922","102001"
