"source_timestamp_utc","open","high","low","close","adj_close","volume"
"2007-01-03T14:30:00.0000000+00:00","43,459999084472656","44,060001373291016","42,52000045776367","43,2400016784668","37,03887939453125","167689500"
"2007-01-04T14:30:00.0000000+00:00","43,29999923706055","44,209999084472656","43,150001525878906","44,060001373291016","37,74129104614258","136853500"
"2007-01-05T14:30:00.0000000+00:00","43,95000076293945","43,95000076293945","43,47999954223633","43,849998474121094","37,5614013671875","138958800"
"2007-01-08T14:30:00.0000000+00:00","43,88999938964844","44,119998931884766","43,63999938964844","43,880001068115234","37,587093353271484","106401600"
"2007-01-09T14:30:00.0000000+00:00","44,0099983215332","44,290000915527344","43,630001068115234","44,099998474121094","37,77554702758789","121577500"
"2007-01-10T14:30:00.0000000+00:00","43,959999084472656","44,65999984741211","43,81999969482422","44,619998931884766","38,22098159790039","121070100"
"2007-01-11T14:30:00.0000000+00:00","44,709999084472656","45,2400016784668","44,650001525878906","45,08000183105469","38,614994049072266","174029800"
"2007-01-12T14:30:00.0000000+00:00","45,02000045776367","45,349998474121094","44,970001220703125","45,310001373291016","38,81203079223633","104217300"
"2007-01-16T14:30:00.0000000+00:00","45,349998474121094","45,400001525878906","45,130001068115234","45,279998779296875","38,786319732666016","95690500"
"2007-01-17T14:30:00.0000000+00:00","45,09000015258789","45,290000915527344","44,83000183105469","44,90999984741211","38,4693717956543","127142600"
"2007-01-18T14:30:00.0000000+00:00","44,790000915527344","44,84000015258789","43,95000076293945","44,08000183105469","37,7584228515625","189029800"
"2007-01-19T14:30:00.0000000+00:00","43,970001220703125","44,279998779296875","43,90999984741211","44,16999816894531","37,83549880981445","127544300"
"2007-01-22T14:30:00.0000000+00:00","44,209999084472656","44,22999954223633","43,5099983215332","43,689998626708984","37,4243278503418","123441700"
"2007-01-23T14:30:00.0000000+00:00","43,65999984741211","43,97999954223633","43,5","43,58000183105469","37,330116271972656","133103600"
"2007-01-24T14:30:00.0000000+00:00","43,86000061035156","44,31999969482422","43,77000045776367","44,29999923706055","37,94687271118164","117615300"
"2007-01-25T14:30:00.0000000+00:00","44,36000061035156","44,470001220703125","43,58000183105469","43,72999954223633","37,45859146118164","158337600"
"2007-01-26T14:30:00.0000000+00:00","43,810001373291016","43,83000183105469","43,290000915527344","43,56999969482422","37,321556091308594","146284300"
"2007-01-29T14:30:00.0000000+00:00","43,459999084472656","43,90999984741211","43,400001525878906","43,61000061035156","37,355812072753906","104191500"
"2007-01-30T14:30:00.0000000+00:00","43,68000030517578","43,790000915527344","43,52000045776367","43,630001068115234","37,37295913696289","69605900"
"2007-01-31T14:30:00.0000000+00:00","43,58000183105469","44,189998626708984","43,33000183105469","44,06999969482422","37,74985122680664","157772500"
"2007-02-01T14:30:00.0000000+00:00","44,27000045776367","44,400001525878906","43,849998474121094","44","37,689884185791016","147365600"
"2007-02-02T14:30:00.0000000+00:00","44,119998931884766","44,25","43,939998626708984","44,15999984741211","37,826934814453125","98189200"
"2007-02-05T14:30:00.0000000+00:00","44,13999938964844","44,36000061035156","43,959999084472656","44,119998931884766","37,79267501831055","96347800"
"2007-02-06T14:30:00.0000000+00:00","44,20000076293945","44,22999954223633","43,63999938964844","44,060001373291016","37,74129104614258","121110200"
"2007-02-07T14:30:00.0000000+00:00","44,279998779296875","44,650001525878906","44,119998931884766","44,459999084472656","38,083919525146484","117823800"
"2007-02-08T14:30:00.0000000+00:00","44,400001525878906","44,599998474121094","44,22999954223633","44,45000076293945","38,07533264160156","89521900"
"2007-02-09T14:30:00.0000000+00:00","44,56999969482422","44,720001220703125","43,72999954223633","43,880001068115234","37,587093353271484","133472000"
"2007-02-12T14:30:00.0000000+00:00","43,869998931884766","43,88999938964844","43,59000015258789","43,709999084472656","37,441463470458984","126940000"
"2007-02-13T14:30:00.0000000+00:00","43,779998779296875","44","43,70000076293945","43,86000061035156","37,5699577331543","93648000"
"2007-02-14T14:30:00.0000000+00:00","44,040000915527344","44,709999084472656","44,040000915527344","44,599998474121094","38,20383834838867","133370000"
"2007-02-15T14:30:00.0000000+00:00","44,630001068115234","44,86000061035156","44,54999923706055","44,86000061035156","38,42656707763672","110452500"
"2007-02-16T14:30:00.0000000+00:00","44,65999984741211","44,83000183105469","44,56999969482422","44,709999084472656","38,29806137084961","72342200"
"2007-02-20T14:30:00.0000000+00:00","44,63999938964844","45,119998931884766","44,43000030517578","45,04999923706055","38,58930969238281","93629000"
"2007-02-21T14:30:00.0000000+00:00","44,91999816894531","45,209999084472656","44,83000183105469","45,189998626708984","38,709224700927734","95864000"
"2007-02-22T14:30:00.0000000+00:00","45,36000061035156","45,54999923706055","45,06999969482422","45,41999816894531","38,90624237060547","116344400"
"2007-02-23T14:30:00.0000000+00:00","45,41999816894531","45,459999084472656","45,060001373291016","45,2599983215332","38,7691764831543","113467100"
"2007-02-26T14:30:00.0000000+00:00","45,47999954223633","45,5","44,7599983215332","45,040000915527344","38,58073425292969","101623700"
"2007-02-27T14:30:00.0000000+00:00","44,369998931884766","44,47999954223633","43,060001373291016","43,189998626708984","36,99604034423828","317813200"
"2007-02-28T14:30:00.0000000+00:00","43,150001525878906","43,7599983215332","42,93000030517578","43,33000183105469","37,11598587036133","214978700"
"2007-03-01T14:30:00.0000000+00:00","42,54999923706055","43,540000915527344","42,2400016784668","43,130001068115234","36,94466018676758","231806500"
"2007-03-02T14:30:00.0000000+00:00","42,779998779296875","43,13999938964844","42,470001220703125","42,47999954223633","36,387855529785156","183359400"
"2007-03-05T14:30:00.0000000+00:00","42,150001525878906","42,79999923706055","42,060001373291016","42,150001525878906","36,10521697998047","171885400"
"2007-03-06T14:30:00.0000000+00:00","42,529998779296875","42,9900016784668","42,5","42,849998474121094","36,70481491088867","155551800"
"2007-03-07T14:30:00.0000000+00:00","42,86000061035156","42,97999954223633","42,650001525878906","42,68000030517578","36,5592041015625","119979300"
"2007-03-08T14:30:00.0000000+00:00","43,130001068115234","43,2400016784668","42,84000015258789","42,970001220703125","36,80758285522461","120900700"
"2007-03-09T14:30:00.0000000+00:00","43,33000183105469","43,34000015258789","42,650001525878906","42,93000030517578","36,77333068847656","128597600"
"2007-03-12T13:30:00.0000000+00:00","42,869998931884766","43,279998779296875","42,83000183105469","43,209999084472656","37,013187408447266","81310100"
"2007-03-13T13:30:00.0000000+00:00","43","43,2400016784668","42,36000061035156","42,369998931884766","36,29364013671875","171231800"
"2007-03-14T13:30:00.0000000+00:00","42,43000030517578","43","42,099998474121094","42,9900016784668","36,82475280761719","192586700"
"2007-03-15T13:30:00.0000000+00:00","42,900001525878906","43,060001373291016","42,720001220703125","42,88999938964844","36,73906326293945","111627400"
"2007-03-16T13:30:00.0000000+00:00","42,939998626708984","43,040000915527344","42,61000061035156","42,83000183105469","36,71079635620117","108328800"
"2007-03-19T13:30:00.0000000+00:00","43,060001373291016","43,38999938964844","42,95000076293945","43,27000045776367","37,08791732788086","95913200"
"2007-03-20T13:30:00.0000000+00:00","43,2599983215332","43,59000015258789","43,209999084472656","43,58000183105469","37,353633880615234","78755700"
"2007-03-21T13:30:00.0000000+00:00","43,63999938964844","44,439998626708984","43,349998474121094","44,41999816894531","38,07362365722656","173333500"
"2007-03-22T13:30:00.0000000+00:00","44,439998626708984","44,45000076293945","44,09000015258789","44,2599983215332","37,936466217041016","114856300"
"2007-03-23T13:30:00.0000000+00:00","44,2599983215332","44,369998931884766","44,06999969482422","44,119998931884766","37,81648635864258","68530300"
"2007-03-26T13:30:00.0000000+00:00","44,13999938964844","44,31999969482422","43,630001068115234","44,29999923706055","37,97077941894531","114237300"
"2007-03-27T13:30:00.0000000+00:00","44,22999954223633","44,2400016784668","43,95000076293945","43,9900016784668","37,70505905151367","76419200"
"2007-03-28T13:30:00.0000000+00:00","43,79999923706055","44,029998779296875","43,5099983215332","43,52000045776367","37,30221176147461","142795000"
"2007-03-29T13:30:00.0000000+00:00","43,81999969482422","43,849998474121094","43,099998474121094","43,56999969482422","37,345062255859375","124407000"
"2007-03-30T13:30:00.0000000+00:00","43,560001373291016","43,869998931884766","43,220001220703125","43,529998779296875","37,310791015625","120418700"
"2007-04-02T13:30:00.0000000+00:00","43,66999816894531","43,7599983215332","43,29999923706055","43,59000015258789","37,36220169067383","89617700"
"2007-04-03T13:30:00.0000000+00:00","43,81999969482422","44,310001373291016","43,790000915527344","44,15999984741211","37,850765228271484","105814500"
"2007-04-04T13:30:00.0000000+00:00","44,189998626708984","44,380001068115234","44,130001068115234","44,34000015258789","38,00505447387695","85147200"
"2007-04-05T13:30:00.0000000+00:00","44,290000915527344","44,58000183105469","44,22999954223633","44,560001373291016","38,19361114501953","54220200"
"2007-04-09T13:30:00.0000000+00:00","44,709999084472656","44,75","44,380001068115234","44,45000076293945","38,09931564331055","63050200"
"2007-04-10T13:30:00.0000000+00:00","44,439998626708984","44,68000030517578","44,40999984741211","44,68000030517578","38,29646682739258","76364500"
"2007-04-11T13:30:00.0000000+00:00","44,63999938964844","44,65999984741211","44,06999969482422","44,209999084472656","37,893619537353516","114012300"
"2007-04-12T13:30:00.0000000+00:00","44,13999938964844","44,619998931884766","43,95000076293945","44,560001373291016","38,19361114501953","113801300"
"2007-04-13T13:30:00.0000000+00:00","44,56999969482422","44,720001220703125","44,290000915527344","44,650001525878906","38,2707633972168","94572000"
"2007-04-16T13:30:00.0000000+00:00","44,83000183105469","45,150001525878906","44,83000183105469","45,060001373291016","38,62218475341797","72803200"
"2007-04-17T13:30:00.0000000+00:00","45,150001525878906","45,20000076293945","44,959999084472656","45,15999984741211","38,70789337158203","81852300"
"2007-04-18T13:30:00.0000000+00:00","44,93000030517578","45,22999954223633","44,83000183105469","45,0099983215332","38,5793342590332","82002500"
"2007-04-19T13:30:00.0000000+00:00","44,810001373291016","45,25","44,720001220703125","45,150001525878906","38,69932556152344","95413000"
"2007-04-20T13:30:00.0000000+00:00","45,52000045776367","45,66999816894531","45,20000076293945","45,400001525878906","38,91362380981445","122377400"
"2007-04-23T13:30:00.0000000+00:00","45,459999084472656","45,599998474121094","45,34000015258789","45,470001220703125","38,97361373901367","85303300"
"2007-04-24T13:30:00.0000000+00:00","45,630001068115234","45,83000183105469","45,33000183105469","45,70000076293945","39,170738220214844","108143700"
"2007-04-25T13:30:00.0000000+00:00","45,849998474121094","46,31999969482422","45,70000076293945","46,310001373291016","39,69358825683594","106818100"
"2007-04-26T13:30:00.0000000+00:00","46,41999816894531","46,650001525878906","46,33000183105469","46,54999923706055","39,8993034362793","99308300"
"2007-04-27T13:30:00.0000000+00:00","46,369998931884766","46,70000076293945","46,290000915527344","46,56999969482422","39,91644287109375","96536500"
"2007-04-30T13:30:00.0000000+00:00","46,4900016784668","46,529998779296875","45,91999816894531","45,959999084472656","39,393592834472656","93290500"
"2007-05-01T13:30:00.0000000+00:00","45,970001220703125","46,13999938964844","45,65999984741211","45,91999816894531","39,359310150146484","135044400"
"2007-05-02T13:30:00.0000000+00:00","46,09000015258789","46,58000183105469","46,04999923706055","46,41999816894531","39,78788375854492","91971600"
"2007-05-03T13:30:00.0000000+00:00","46,5099983215332","46,720001220703125","46,43000030517578","46,59000015258789","39,933589935302734","98003600"
"2007-05-04T13:30:00.0000000+00:00","46,77000045776367","46,88999938964844","46,41999816894531","46,630001068115234","39,96787643432617","93591800"
"2007-05-07T13:30:00.0000000+00:00","46,65999984741211","46,779998779296875","46,56999969482422","46,630001068115234","39,96787643432617","47487900"
"2007-05-08T13:30:00.0000000+00:00","46,470001220703125","46,77000045776367","46,29999923706055","46,72999954223633","40,053611755371094","95138900"
"2007-05-09T13:30:00.0000000+00:00","46,4900016784668","46,970001220703125","46,459999084472656","46,83000183105469","40,13930892944336","116021000"
"2007-05-10T13:30:00.0000000+00:00","46,66999816894531","46,779998779296875","46,06999969482422","46,189998626708984","39,59072494506836","171196300"
"2007-05-11T13:30:00.0000000+00:00","46,2400016784668","46,779998779296875","46,18000030517578","46,779998779296875","40,09645080566406","104767900"
"2007-05-14T13:30:00.0000000+00:00","46,77000045776367","46,880001068115234","46,189998626708984","46,459999084472656","39,82216262817383","118899200"
"2007-05-15T13:30:00.0000000+00:00","46,41999816894531","46,70000076293945","45,9900016784668","46,099998474121094","39,513614654541016","179438500"
"2007-05-16T13:30:00.0000000+00:00","46,20000076293945","46,560001373291016","45,90999984741211","46,54999923706055","39,8993034362793","144420500"
"2007-05-17T13:30:00.0000000+00:00","46,4900016784668","46,56999969482422","46,290000915527344","46,33000183105469","39,71073532104492","109869100"
"2007-05-18T13:30:00.0000000+00:00","46,47999954223633","46,709999084472656","46,380001068115234","46,709999084472656","40,036434173583984","104961700"
"2007-05-21T13:30:00.0000000+00:00","46,7400016784668","47,2400016784668","46,66999816894531","47,0099983215332","40,2935791015625","112831400"
"2007-05-22T13:30:00.0000000+00:00","47,040000915527344","47,279998779296875","46,869998931884766","47,04999923706055","40,32786178588867","98029100"
"2007-05-23T13:30:00.0000000+00:00","47,189998626708984","47,369998931884766","46,79999923706055","46,83000183105469","40,13930892944336","119220600"
"2007-05-24T13:30:00.0000000+00:00","46,86000061035156","47,040000915527344","45,970001220703125","46,15999984741211","39,565032958984375","206268600"
"2007-05-25T13:30:00.0000000+00:00","46,2599983215332","46,560001373291016","46,18000030517578","46,45000076293945","39,81359100341797","87143200"
"2007-05-29T13:30:00.0000000+00:00","46,5","46,86000061035156","46,40999984741211","46,810001373291016","40,122154235839844","99702400"
"2007-05-30T13:30:00.0000000+00:00","46,47999954223633","47,20000076293945","46,349998474121094","47,189998626708984","40,447879791259766","132036500"
"2007-05-31T13:30:00.0000000+00:00","47,31999969482422","47,52000045776367","47,209999084472656","47,40999984741211","40,63643264770508","109457700"
"2007-06-01T13:30:00.0000000+00:00","47,58000183105469","47,77000045776367","47,369998931884766","47,439998626708984","40,66215133666992","125089800"
"2007-06-04T13:30:00.0000000+00:00","47,27000045776367","47,63999938964844","47,2400016784668","47,58000183105469","40,782142639160156","64782700"
"2007-06-05T13:30:00.0000000+00:00","47,45000076293945","47,58000183105469","47","47,58000183105469","40,782142639160156","151160400"
"2007-06-06T13:30:00.0000000+00:00","47,369998931884766","47,380001068115234","46,959999084472656","47,06999969482422","40,34502410888672","183166500"
"2007-06-07T13:30:00.0000000+00:00","46,90999984741211","47,209999084472656","46,31999969482422","46,34000015258789","39,71931076049805","221373300"
"2007-06-08T13:30:00.0000000+00:00","46,31999969482422","46,93000030517578","46,15999984741211","46,90999984741211","40,20787811279297","177587800"
"2007-06-11T13:30:00.0000000+00:00","46,880001068115234","47,189998626708984","46,7599983215332","46,81999969482422","40,130733489990234","97100400"
"2007-06-12T13:30:00.0000000+00:00","46,56999969482422","47,040000915527344","46,45000076293945","46,540000915527344","39,8907356262207","153967700"
"2007-06-13T13:30:00.0000000+00:00","46,7400016784668","47,09000015258789","46,540000915527344","47,04999923706055","40,32786178588867","147985300"
"2007-06-14T13:30:00.0000000+00:00","47,099998474121094","47,4900016784668","47,09000015258789","47,36000061035156","40,59358215332031","101531900"
"2007-06-15T13:30:00.0000000+00:00","47,7599983215332","47,869998931884766","47,650001525878906","47,7599983215332","40,96842575073242","100378400"
"2007-06-18T13:30:00.0000000+00:00","47,849998474121094","47,869998931884766","47,66999816894531","47,77000045776367","40,97701644897461","75713200"
"2007-06-19T13:30:00.0000000+00:00","47,630001068115234","47,86000061035156","47,5099983215332","47,7599983215332","40,96842575073242","109621300"
"2007-06-20T13:30:00.0000000+00:00","47,83000183105469","47,91999816894531","47,2400016784668","47,310001373291016","40,582435607910156","161889500"
"2007-06-21T13:30:00.0000000+00:00","47,290000915527344","47,790000915527344","47,08000183105469","47,7400016784668","40,951290130615234","143181300"
"2007-06-22T13:30:00.0000000+00:00","47,63999938964844","47,709999084472656","47,13999938964844","47,290000915527344","40,56527328491211","153328700"
"2007-06-25T13:30:00.0000000+00:00","47,29999923706055","47,58000183105469","46,81999969482422","47,09000015258789","40,39371871948242","136602600"
"2007-06-26T13:30:00.0000000+00:00","47,310001373291016","47,31999969482422","46,7400016784668","46,81999969482422","40,16209030151367","128211900"
"2007-06-27T13:30:00.0000000+00:00","46,77000045776367","47,560001373291016","46,70000076293945","47,540000915527344","40,77970504760742","141196200"
"2007-06-28T13:30:00.0000000+00:00","47,52000045776367","47,849998474121094","47,470001220703125","47,52000045776367","40,76256561279297","116546300"
"2007-06-29T13:30:00.0000000+00:00","47,779998779296875","47,880001068115234","47,209999084472656","47,599998474121094","40,83119201660156","124794700"
"2007-07-02T13:30:00.0000000+00:00","47,709999084472656","48,04999923706055","47,68000030517578","48,029998779296875","41,20002746582031","80863100"
"2007-07-03T13:30:00.0000000+00:00","48,09000015258789","48,31999969482422","48,040000915527344","48,310001373291016","41,44021987915039","34803300"
"2007-07-05T13:30:00.0000000+00:00","48,34000015258789","48,77000045776367","48,290000915527344","48,65999984741211","41,74045944213867","73588500"
"2007-07-06T13:30:00.0000000+00:00","48,709999084472656","48,90999984741211","48,5","48,86000061035156","41,91200256347656","65804300"
"2007-07-09T13:30:00.0000000+00:00","48,900001525878906","48,97999954223633","48,720001220703125","48,88999938964844","41,93775177001953","66768800"
"2007-07-10T13:30:00.0000000+00:00","48,619998931884766","48,900001525878906","48,43000030517578","48,47999954223633","41,5860595703125","104383100"
"2007-07-11T13:30:00.0000000+00:00","48,369998931884766","48,810001373291016","48,31999969482422","48,810001373291016","41,869117736816406","99637600"
"2007-07-12T13:30:00.0000000+00:00","48,970001220703125","49,66999816894531","48,91999816894531","49,560001373291016","42,51246643066406","107667100"
"2007-07-13T13:30:00.0000000+00:00","49,630001068115234","49,970001220703125","49,56999969482422","49,900001525878906","42,80412673950195","74232200"
"2007-07-16T13:30:00.0000000+00:00","49,88999938964844","50,08000183105469","49,7599983215332","49,849998474121094","42,76123046875","77799500"
"2007-07-17T13:30:00.0000000+00:00","49,959999084472656","50,29999923706055","49,91999816894531","50,22999954223633","43,08720779418945","124833700"
"2007-07-18T13:30:00.0000000+00:00","49,95000076293945","50,16999816894531","49,63999938964844","50,16999816894531","43,035709381103516","144915900"
"2007-07-19T13:30:00.0000000+00:00","50,40999984741211","50,65999984741211","50,310001373291016","50,31999969482422","43,164390563964844","116563800"
"2007-07-20T13:30:00.0000000+00:00","50,290000915527344","50,36000061035156","49,7400016784668","50,04999923706055","42,93278503417969","163721300"
"2007-07-23T13:30:00.0000000+00:00","50,220001220703125","50,310001373291016","49,91999816894531","50,06999969482422","42,94995880126953","107464100"
"2007-07-24T13:30:00.0000000+00:00","49,70000076293945","50,099998474121094","49,04999923706055","49,33000183105469","42,315181732177734","175496200"
"2007-07-25T13:30:00.0000000+00:00","49,58000183105469","49,66999816894531","49,060001373291016","49,400001525878906","42,37522506713867","170258700"
"2007-07-26T13:30:00.0000000+00:00","49,060001373291016","49,470001220703125","48,04999923706055","48,97999954223633","42,01495361328125","318522000"
"2007-07-27T13:30:00.0000000+00:00","48,88999938964844","49,119998931884766","47,9900016784668","47,9900016784668","41,165733337402344","246387600"
"2007-07-30T13:30:00.0000000+00:00","48,220001220703125","48,72999954223633","47,95000076293945","48,54999923706055","41,64609909057617","166517200"
"2007-07-31T13:30:00.0000000+00:00","48,970001220703125","48,9900016784668","47,43000030517578","47,529998779296875","40,771141052246094","260224500"
"2007-08-01T13:30:00.0000000+00:00","47,38999938964844","47,93000030517578","46,97999954223633","47,900001525878906","41,08855056762695","301153900"
"2007-08-02T13:30:00.0000000+00:00","47,93000030517578","48,43000030517578","47,790000915527344","48,34000015258789","41,4659538269043","177369900"
"2007-08-03T13:30:00.0000000+00:00","48,25","48,310001373291016","47,150001525878906","47,41999816894531","40,67677307128906","166048400"
"2007-08-06T13:30:00.0000000+00:00","47,470001220703125","48,02000045776367","47,029998779296875","47,970001220703125","41,14858627319336","190869100"
"2007-08-07T13:30:00.0000000+00:00","47,880001068115234","48,619998931884766","47,47999954223633","48,310001373291016","41,44021987915039","167109700"
"2007-08-08T13:30:00.0000000+00:00","48,5099983215332","49,060001373291016","48,400001525878906","48,84000015258789","41,89485549926758","164831200"
"2007-08-09T13:30:00.0000000+00:00","48,189998626708984","48,970001220703125","47,689998626708984","47,709999084472656","40,92555618286133","242418200"
"2007-08-10T13:30:00.0000000+00:00","47,20000076293945","47,83000183105469","46,630001068115234","47,279998779296875","40,55669403076172","247006400"
"2007-08-13T13:30:00.0000000+00:00","47,68000030517578","47,880001068115234","47,47999954223633","47,599998474121094","40,83119201660156","116935100"
"2007-08-14T13:30:00.0000000+00:00","47,70000076293945","47,7400016784668","46,72999954223633","46,790000915527344","40,1363639831543","153529800"
"2007-08-15T13:30:00.0000000+00:00","46,68000030517578","47,09000015258789","45,810001373291016","45,900001525878906","39,37293243408203","214854100"
"2007-08-16T13:30:00.0000000+00:00","45,529998779296875","45,90999984741211","44,38999938964844","45,45000076293945","38,986900329589844","362468700"
"2007-08-17T13:30:00.0000000+00:00","46,310001373291016","46,59000015258789","45,59000015258789","46,310001373291016","39,724632263183594","223246600"
"2007-08-20T13:30:00.0000000+00:00","46,4900016784668","46,720001220703125","46,08000183105469","46,529998779296875","39,9133415222168","144715100"
"2007-08-21T13:30:00.0000000+00:00","46,47999954223633","47,130001068115234","46,38999938964844","47,02000045776367","40,33366775512695","115027200"
"2007-08-22T13:30:00.0000000+00:00","47,380001068115234","47,70000076293945","47,27000045776367","47,65999984741211","40,88264465332031","115814100"
"2007-08-23T13:30:00.0000000+00:00","47,790000915527344","47,849998474121094","47,22999954223633","47,529998779296875","40,771141052246094","118663400"
"2007-08-24T13:30:00.0000000+00:00","47,380001068115234","48,22999954223633","47,31999969482422","48,20000076293945","41,34585189819336","88189200"
"2007-08-27T13:30:00.0000000+00:00","48,060001373291016","48,20000076293945","47,84000015258789","47,880001068115234","41,07137680053711","72490400"
"2007-08-28T13:30:00.0000000+00:00","47,599998474121094","47,70000076293945","46,709999084472656","46,7400016784668","40,09347915649414","106024800"
"2007-08-29T13:30:00.0000000+00:00","47,04999923706055","48,119998931884766","47,04999923706055","48,08000183105469","41,24294662475586","113201000"
"2007-08-30T13:30:00.0000000+00:00","47,83000183105469","48,7400016784668","47,75","48,33000183105469","41,45738983154297","138930000"
"2007-08-31T13:30:00.0000000+00:00","48,86000061035156","49,060001373291016","48,61000061035156","48,869998931884766","41,92059326171875","94687200"
"2007-09-04T13:30:00.0000000+00:00","48,93000030517578","50","48,90999984741211","49,68000030517578","42,61540603637695","98480900"
"2007-09-05T13:30:00.0000000+00:00","49,560001373291016","49,650001525878906","48,869998931884766","49,18000030517578","42,18650817871094","114049300"
"2007-09-06T13:30:00.0000000+00:00","49,22999954223633","49,36000061035156","48,810001373291016","49,13999938964844","42,15221405029297","99222600"
"2007-09-07T13:30:00.0000000+00:00","48,529998779296875","48,599998474121094","47,95000076293945","48,22999954223633","41,3715934753418","152438000"
"2007-09-10T13:30:00.0000000+00:00","48,619998931884766","48,75","47,810001373291016","48,20000076293945","41,34585189819336","125199400"
"2007-09-11T13:30:00.0000000+00:00","48,5099983215332","48,9900016784668","48,43000030517578","48,93000030517578","41,972068786621094","103064500"
"2007-09-12T13:30:00.0000000+00:00","48,84000015258789","49,369998931884766","48,779998779296875","48,939998626708984","41,980628967285156","93993400"
"2007-09-13T13:30:00.0000000+00:00","49,290000915527344","49,349998474121094","48,939998626708984","49,18000030517578","42,18650817871094","80807500"
"2007-09-14T13:30:00.0000000+00:00","48,79999923706055","49,310001373291016","48,72999954223633","49,220001220703125","42,220821380615234","99801200"
"2007-09-17T13:30:00.0000000+00:00","49","49,099998474121094","48,59000015258789","48,810001373291016","41,869117736816406","84882300"
"2007-09-18T13:30:00.0000000+00:00","49,09000015258789","50,08000183105469","48,83000183105469","50,040000915527344","42,92420959472656","151452100"
"2007-09-19T13:30:00.0000000+00:00","50,290000915527344","50,59000015258789","49,97999954223633","50,16999816894531","43,035709381103516","127025800"
"2007-09-20T13:30:00.0000000+00:00","50,060001373291016","50,2599983215332","49,91999816894531","50,029998779296875","42,91564178466797","109970600"
"2007-09-21T13:30:00.0000000+00:00","50,279998779296875","50,52000045776367","50,0099983215332","50,36000061035156","43,22117614746094","86829500"
"2007-09-24T13:30:00.0000000+00:00","50,4900016784668","50,959999084472656","50,33000183105469","50,59000015258789","43,418575286865234","107226800"
"2007-09-25T13:30:00.0000000+00:00","50,41999816894531","51,06999969482422","50,36000061035156","51,06999969482422","43,830528259277344","101102200"
"2007-09-26T13:30:00.0000000+00:00","51,36000061035156","51,5099983215332","51,119998931884766","51,31999969482422","44,045082092285156","96124600"
"2007-09-27T13:30:00.0000000+00:00","51,619998931884766","51,650001525878906","51,36000061035156","51,58000183105469","44,268218994140625","73423200"
"2007-09-28T13:30:00.0000000+00:00","51,540000915527344","51,68000030517578","51,18000030517578","51,40999984741211","44,12234878540039","75546000"
"2007-10-01T13:30:00.0000000+00:00","51,45000076293945","52,15999984741211","51,380001068115234","52","44,628700256347656","100404100"
"2007-10-02T13:30:00.0000000+00:00","52,040000915527344","52,060001373291016","51,720001220703125","52,0099983215332","44,637264251708984","71046000"
"2007-10-03T13:30:00.0000000+00:00","51,84000015258789","52,06999969482422","51,5","51,650001525878906","44,32831954956055","106785000"
"2007-10-04T13:30:00.0000000+00:00","51,75","51,83000183105469","51,34000015258789","51,77000045776367","44,43129348754883","84129300"
"2007-10-05T13:30:00.0000000+00:00","52,16999816894531","52,900001525878906","52,060001373291016","52,81999969482422","45,332462310791016","115674700"
"2007-10-08T13:30:00.0000000+00:00","52,79999923706055","53,15999984741211","52,709999084472656","53,150001525878906","45,61567687988281","63022400"
"2007-10-09T13:30:00.0000000+00:00","53,27000045776367","53,45000076293945","53,029998779296875","53,380001068115234","45,81307601928711","93965600"
"2007-10-10T13:30:00.0000000+00:00","53,38999938964844","53,56999969482422","53,209999084472656","53,5099983215332","45,924625396728516","91777500"
"2007-10-11T13:30:00.0000000+00:00","53,790000915527344","53,939998626708984","52,279998779296875","52,65999984741211","45,195152282714844","239786700"
"2007-10-12T13:30:00.0000000+00:00","52,900001525878906","53,540000915527344","52,79999923706055","53,529998779296875","45,941802978515625","131676000"
"2007-10-15T13:30:00.0000000+00:00","53,61000061035156","53,709999084472656","52,70000076293945","53,119998931884766","45,589927673339844","121578700"
"2007-10-16T13:30:00.0000000+00:00","52,790000915527344","53,279998779296875","52,68000030517578","52,869998931884766","45,37535858154297","193676600"
"2007-10-17T13:30:00.0000000+00:00","53,619998931884766","53,65999984741211","52,68000030517578","53,54999923706055","45,958984375","183985200"
"2007-10-18T13:30:00.0000000+00:00","53,33000183105469","53,88999938964844","53,119998931884766","53,779998779296875","46,15635299682617","144491200"
"2007-10-19T13:30:00.0000000+00:00","53,77000045776367","53,77000045776367","52,38999938964844","52,439998626708984","45,00632095336914","245111500"
"2007-10-22T13:30:00.0000000+00:00","52,15999984741211","53,119998931884766","52,02000045776367","53,06999969482422","45,54703140258789","207052100"
"2007-10-23T13:30:00.0000000+00:00","53,61000061035156","54,209999084472656","53,34000015258789","54,18000030517578","46,499671936035156","162360600"
"2007-10-24T13:30:00.0000000+00:00","53,7400016784668","53,939998626708984","52,599998474121094","53,77000045776367","46,14777374267578","298293400"
"2007-10-25T13:30:00.0000000+00:00","53,88999938964844","53,97999954223633","52,75","53,04999923706055","45,529842376708984","233833100"
"2007-10-26T13:30:00.0000000+00:00","54,08000183105469","54,20000076293945","53,439998626708984","53,93000030517578","46,28510284423828","146690300"
"2007-10-29T13:30:00.0000000+00:00","54,189998626708984","54,33000183105469","53,84000015258789","54,150001525878906","46,47390365600586","101896600"
"2007-10-30T13:30:00.0000000+00:00","53,939998626708984","54,560001373291016","53,900001525878906","54,2599983215332","46,56833267211914","114616600"
"2007-10-31T13:30:00.0000000+00:00","54,470001220703125","55,06999969482422","54,040000915527344","55,029998779296875","47,22915267944336","148431900"
"2007-11-01T13:30:00.0000000+00:00","54,68000030517578","54,77000045776367","53,970001220703125","54","46,345191955566406","181974200"
"2007-11-02T13:30:00.0000000+00:00","54,41999816894531","54,54999923706055","53,599998474121094","54,41999816894531","46,70563507080078","217882900"
"2007-11-05T14:30:00.0000000+00:00","53,86000061035156","54,400001525878906","53,59000015258789","54,06999969482422","46,40526580810547","150588900"
"2007-11-06T14:30:00.0000000+00:00","54,33000183105469","54,689998626708984","53,779998779296875","54,68000030517578","46,92878723144531","131884700"
"2007-11-07T14:30:00.0000000+00:00","54,220001220703125","54,58000183105469","53,310001373291016","53,349998474121094","45,787322998046875","197908200"
"2007-11-08T14:30:00.0000000+00:00","53,13999938964844","53,33000183105469","50,79999923706055","51,72999954223633","44,39696502685547","380626400"
"2007-11-09T14:30:00.0000000+00:00","50,72999954223633","51,119998931884766","50","50","42,91220474243164","309414900"
"2007-11-12T14:30:00.0000000+00:00","49,91999816894531","50,2400016784668","48,650001525878906","48,72999954223633","41,82223892211914","283216000"
"2007-11-13T14:30:00.0000000+00:00","49,38999938964844","50,790000915527344","49,349998474121094","50,7400016784668","43,547306060791016","255625900"
"2007-11-14T14:30:00.0000000+00:00","51,38999938964844","51,439998626708984","49,900001525878906","50,09000015258789","42,989463806152344","263284100"
"2007-11-15T14:30:00.0000000+00:00","50","50,540000915527344","49,369998931884766","49,81999969482422","42,75773239135742","251548800"
"2007-11-16T14:30:00.0000000+00:00","50,15999984741211","50,4900016784668","49,34000015258789","50,279998779296875","43,15251159667969","263623700"
"2007-11-19T14:30:00.0000000+00:00","50,15999984741211","50,45000076293945","49,40999984741211","49,70000076293945","42,65473556518555","198651100"
"2007-11-20T14:30:00.0000000+00:00","49,959999084472656","50,779998779296875","48,93000030517578","49,900001525878906","42,826385498046875","300763600"
"2007-11-21T14:30:00.0000000+00:00","49,45000076293945","50,16999816894531","48,849998474121094","49,310001373291016","42,320037841796875","212225400"
"2007-11-23T14:30:00.0000000+00:00","49,630001068115234","49,970001220703125","49,369998931884766","49,84000015258789","42,77489471435547","46463300"
"2007-11-26T14:30:00.0000000+00:00","49,970001220703125","50,369998931884766","48,900001525878906","48,97999954223633","42,03678894042969","150352100"
"2007-11-27T14:30:00.0000000+00:00","49,400001525878906","50,04999923706055","49,099998474121094","49,959999084472656","42,87786865234375","211369300"
"2007-11-28T14:30:00.0000000+00:00","50,630001068115234","51,70000076293945","50,599998474121094","51,47999954223633","44,182395935058594","216868100"
"2007-11-29T14:30:00.0000000+00:00","51,279998779296875","51,88999938964844","51,20000076293945","51,70000076293945","44,37120819091797","172087300"
"2007-11-30T14:30:00.0000000+00:00","52,209999084472656","52,25","50,95000076293945","51,310001373291016","44,036502838134766","171417400"
"2007-12-03T14:30:00.0000000+00:00","51,09000015258789","51,529998779296875","50,81999969482422","50,880001068115234","43,667449951171875","108625700"
"2007-12-04T14:30:00.0000000+00:00","50,4900016784668","50,939998626708984","50,380001068115234","50,66999816894531","43,48724365234375","113374100"
"2007-12-05T14:30:00.0000000+00:00","51,20000076293945","52","51,15999984741211","51,58000183105469","44,268218994140625","137614200"
"2007-12-06T14:30:00.0000000+00:00","51,630001068115234","52,369998931884766","51,61000061035156","52,31999969482422","44,9033088684082","99724500"
"2007-12-07T14:30:00.0000000+00:00","52,290000915527344","52,540000915527344","52,08000183105469","52,33000183105469","44,91191864013672","88992300"
"2007-12-10T14:30:00.0000000+00:00","52,459999084472656","52,689998626708984","52,31999969482422","52,540000915527344","45,0921630859375","75657900"
"2007-12-11T14:30:00.0000000+00:00","52,619998931884766","52,84000015258789","51,209999084472656","51,31999969482422","44,045082092285156","167064300"
"2007-12-12T14:30:00.0000000+00:00","52,25","52,43000030517578","50,88999938964844","51,779998779296875","44,43988800048828","162975200"
"2007-12-13T14:30:00.0000000+00:00","51,33000183105469","51,630001068115234","50,97999954223633","51,5","44,199581146240234","153476200"
"2007-12-14T14:30:00.0000000+00:00","51,09000015258789","51,599998474121094","50,91999816894531","50,970001220703125","43,74468994140625","128396700"
"2007-12-17T14:30:00.0000000+00:00","50,779998779296875","50,9900016784668","49,709999084472656","49,72999954223633","42,68048095703125","134377000"
"2007-12-18T14:30:00.0000000+00:00","50,2400016784668","50,27000045776367","49,18000030517578","49,88999938964844","42,817787170410156","154251700"
"2007-12-19T14:30:00.0000000+00:00","49,88999938964844","50,20000076293945","49,61000061035156","49,880001068115234","42,80922317504883","137970900"
"2007-12-20T14:30:00.0000000+00:00","50,619998931884766","50,959999084472656","50,20000076293945","50,900001525878906","43,684627532958984","167341700"
"2007-12-21T14:30:00.0000000+00:00","51,68000030517578","51,900001525878906","51,47999954223633","51,849998474121094","44,54633712768555","107573500"
"2007-12-24T14:30:00.0000000+00:00","52,0099983215332","52,400001525878906","51,95000076293945","52,2400016784668","44,881404876708984","34499800"
"2007-12-26T14:30:00.0000000+00:00","52,130001068115234","52,630001068115234","52","52,5","45,10477828979492","58492100"
"2007-12-27T14:30:00.0000000+00:00","52,33000183105469","52,5","51,709999084472656","51,869998931884766","44,563514709472656","65778900"
"2007-12-28T14:30:00.0000000+00:00","52,040000915527344","52,15999984741211","51,43000030517578","51,81999969482422","44,520572662353516","67545400"
"2007-12-31T14:30:00.0000000+00:00","51,56999969482422","51,68000030517578","51,209999084472656","51,220001220703125","44,00509262084961","70135600"
"2008-01-02T14:30:00.0000000+00:00","51,27000045776367","51,470001220703125","50,130001068115234","50,40999984741211","43,309181213378906","152344100"
"2008-01-03T14:30:00.0000000+00:00","50,40999984741211","50,7599983215332","50,150001525878906","50,619998931884766","43,4896125793457","114103700"
"2008-01-04T14:30:00.0000000+00:00","49,810001373291016","49,83000183105469","48,209999084472656","48,400001525878906","41,58230972290039","212617600"
"2008-01-07T14:30:00.0000000+00:00","48,400001525878906","48,599998474121094","47,43000030517578","48,16999816894531","41,384700775146484","235083600"
"2008-01-08T14:30:00.0000000+00:00","48,27000045776367","48,7599983215332","46,91999816894531","46,91999816894531","40,310768127441406","261669800"
"2008-01-09T14:30:00.0000000+00:00","47,11000061035156","47,959999084472656","46,459999084472656","47,91999816894531","41,169898986816406","254011800"
"2008-01-10T14:30:00.0000000+00:00","47,43000030517578","48,40999984741211","47,290000915527344","47,9900016784668","41,23006820678711","249958500"
"2008-01-11T14:30:00.0000000+00:00","47,72999954223633","47,77000045776367","46,70000076293945","47,04999923706055","40,42245864868164","211685200"
"2008-01-14T14:30:00.0000000+00:00","47,689998626708984","48,0099983215332","47,310001373291016","47,869998931884766","41,126976013183594","168048500"
"2008-01-15T14:30:00.0000000+00:00","47,369998931884766","47,52000045776367","46,349998474121094","46,54999923706055","39,992881774902344","241094900"
"2008-01-16T14:30:00.0000000+00:00","46,189998626708984","46,90999984741211","45,459999084472656","46,04999923706055","39,563316345214844","265625900"
"2008-01-17T14:30:00.0000000+00:00","46,2400016784668","46,58000183105469","45,20000076293945","45,40999984741211","39,013484954833984","254098800"
"2008-01-18T14:30:00.0000000+00:00","45,63999938964844","46,13999938964844","44,97999954223633","45,349998474121094","38,96193313598633","273063300"
"2008-01-22T14:30:00.0000000+00:00","42,83000183105469","44,77000045776367","42,72999954223633","44,18000030517578","37,95673370361328","325732000"
"2008-01-23T14:30:00.0000000+00:00","42,540000915527344","44,150001525878906","41,61000061035156","44,0099983215332","37,81069564819336","390129000"
"2008-01-24T14:30:00.0000000+00:00","44,189998626708984","44,93000030517578","44,060001373291016","44,90999984741211","38,58391571044922","250249100"
"2008-01-25T14:30:00.0000000+00:00","45,869998931884766","45,869998931884766","43,939998626708984","43,9900016784668","37,79351806640625","199299100"
"2008-01-28T14:30:00.0000000+00:00","44,02000045776367","44,439998626708984","43,56999969482422","44,33000183105469","38,08562088012695","163711200"
"2008-01-29T14:30:00.0000000+00:00","44,560001373291016","44,68000030517578","44,040000915527344","44,40999984741211","38,154335021972656","138520000"
"2008-01-30T14:30:00.0000000+00:00","44,25","45,31999969482422","44,18000030517578","44,369998931884766","38,11997985839844","220824400"
"2008-01-31T14:30:00.0000000+00:00","43,869998931884766","45,59000015258789","43,81999969482422","45,130001068115234","38,77293014526367","246824100"
"2008-02-01T14:30:00.0000000+00:00","45,5","45,880001068115234","44,880001068115234","45,59000015258789","39,168128967285156","161920300"
"2008-02-04T14:30:00.0000000+00:00","45,58000183105469","45,61000061035156","44,939998626708984","44,95000076293945","38,6182746887207","100209900"
"2008-02-05T14:30:00.0000000+00:00","44,16999816894531","44,599998474121094","43,63999938964844","43,66999816894531","37,51858139038086","188990400"
"2008-02-06T14:30:00.0000000+00:00","43,91999816894531","44,16999816894531","42,77000045776367","42,810001373291016","36,77973175048828","178285000"
"2008-02-07T14:30:00.0000000+00:00","42,33000183105469","43,790000915527344","42,150001525878906","43,11000061035156","37,0374755859375","286254800"
"2008-02-08T14:30:00.0000000+00:00","43,20000076293945","43,77000045776367","42,939998626708984","43,599998474121094","37,458457946777344","173781300"
"2008-02-11T14:30:00.0000000+00:00","43,77000045776367","44,220001220703125","43,540000915527344","44,06999969482422","37,86222457885742","119562300"
"2008-02-12T14:30:00.0000000+00:00","44,34000015258789","44,68000030517578","43,5099983215332","43,81999969482422","37,64745330810547","145412400"
"2008-02-13T14:30:00.0000000+00:00","44,38999938964844","44,880001068115234","44,15999984741211","44,779998779296875","38,47222137451172","148685900"
"2008-02-14T14:30:00.0000000+00:00","44,849998474121094","44,849998474121094","43,88999938964844","43,970001220703125","37,776329040527344","170868900"
"2008-02-15T14:30:00.0000000+00:00","43,72999954223633","43,97999954223633","43,45000076293945","43,81999969482422","37,64745330810547","100053300"
"2008-02-19T14:30:00.0000000+00:00","44,400001525878906","44,5","43,27000045776367","43,7400016784668","37,578739166259766","110507600"
"2008-02-20T14:30:00.0000000+00:00","43,2599983215332","44,09000015258789","43,2400016784668","43,939998626708984","37,75056457519531","137338800"
"2008-02-21T14:30:00.0000000+00:00","44,36000061035156","44,470001220703125","43,34000015258789","43,52000045776367","37,38970184326172","127857000"
"2008-02-22T14:30:00.0000000+00:00","43,66999816894531","43,689998626708984","42,599998474121094","43,68000030517578","37,52717971801758","157364700"
"2008-02-25T14:30:00.0000000+00:00","43,630001068115234","44,06999969482422","43,34000015258789","43,900001525878906","37,71619415283203","121444300"
"2008-02-26T14:30:00.0000000+00:00","43,650001525878906","44,47999954223633","43,369998931884766","44,06999969482422","37,86222457885742","148375900"
"2008-02-27T14:30:00.0000000+00:00","43,77000045776367","44,459999084472656","43,66999816894531","44,290000915527344","38,051246643066406","125682600"
"2008-02-28T14:30:00.0000000+00:00","44,119998931884766","44,529998779296875","43,95000076293945","44,119998931884766","37,90519714355469","129196700"
"2008-02-29T14:30:00.0000000+00:00","43,650001525878906","43,77000045776367","42,849998474121094","42,95000076293945","36,90000915527344","188724500"
"2008-03-03T14:30:00.0000000+00:00","42,91999816894531","42,9900016784668","42,2400016784668","42,66999816894531","36,65945053100586","132963800"
"2008-03-04T14:30:00.0000000+00:00","42,400001525878906","43,040000915527344","42,02000045776367","42,90999984741211","36,86563491821289","183851000"
"2008-03-05T14:30:00.0000000+00:00","42,9900016784668","43,540000915527344","42,75","43,119998931884766","37,046043395996094","183208300"
"2008-03-06T14:30:00.0000000+00:00","43,09000015258789","43,27000045776367","42,099998474121094","42,16999816894531","36,2298698425293","152752200"
"2008-03-07T14:30:00.0000000+00:00","41,91999816894531","42,63999938964844","41,380001068115234","42,06999969482422","36,143959045410156","242552400"
"2008-03-10T13:30:00.0000000+00:00","42,0099983215332","42,13999938964844","41,16999816894531","41,2599983215332","35,448062896728516","146801900"
"2008-03-11T13:30:00.0000000+00:00","41,86000061035156","42,849998474121094","41,5099983215332","42,83000183105469","36,796905517578125","196755300"
"2008-03-12T13:30:00.0000000+00:00","43","43,439998626708984","42,599998474121094","42,709999084472656","36,693824768066406","155566100"
"2008-03-13T13:30:00.0000000+00:00","42,22999954223633","43,33000183105469","41,810001373291016","43,040000915527344","36,97732925415039","208967900"
"2008-03-14T13:30:00.0000000+00:00","43,33000183105469","43,380001068115234","41,7400016784668","42,25","36,298606872558594","309589800"
"2008-03-17T13:30:00.0000000+00:00","41,290000915527344","42,0099983215332","41,04999923706055","41,47999954223633","35,63705062866211","193130600"
"2008-03-18T13:30:00.0000000+00:00","42,2400016784668","43,34000015258789","42,11000061035156","43,33000183105469","37,22648239135742","216300400"
"2008-03-19T13:30:00.0000000+00:00","43,5099983215332","43,599998474121094","42,22999954223633","42,2599983215332","36,30720138549805","216157200"
"2008-03-20T13:30:00.0000000+00:00","42,349998474121094","43,099998474121094","42,099998474121094","43,09000015258789","37,049198150634766","128397000"
"2008-03-24T13:30:00.0000000+00:00","43,279998779296875","44,7599983215332","43,279998779296875","44,58000183105469","38,33031463623047","125018000"
"2008-03-25T13:30:00.0000000+00:00","44,70000076293945","45,06999969482422","44,279998779296875","44,83000183105469","38,545284271240234","118107500"
"2008-03-26T13:30:00.0000000+00:00","44,66999816894531","44,849998474121094","44,279998779296875","44,70000076293945","38,433509826660156","124824600"
"2008-03-27T13:30:00.0000000+00:00","44,439998626708984","44,5099983215332","43,709999084472656","43,709999084472656","37,58228302001953","143868600"
"2008-03-28T13:30:00.0000000+00:00","44,02000045776367","44,34000015258789","43,33000183105469","43,4900016784668","37,39314270019531","111822300"
"2008-03-31T13:30:00.0000000+00:00","43,650001525878906","44,02000045776367","43,45000076293945","43,720001220703125","37,59091567993164","113644800"
"2008-04-01T13:30:00.0000000+00:00","44,41999816894531","45,61000061035156","44,40999984741211","45,59000015258789","39,19874572753906","137494400"
"2008-04-02T13:30:00.0000000+00:00","45,70000076293945","46,02000045776367","45,16999816894531","45,4900016784668","39,11275863647461","132486800"
"2008-04-03T13:30:00.0000000+00:00","45,290000915527344","45,90999984741211","45,13999938964844","45,59000015258789","39,19874572753906","140033800"
"2008-04-04T13:30:00.0000000+00:00","45,77000045776367","46,349998474121094","45,400001525878906","45,86000061035156","39,430885314941406","139261000"
"2008-04-07T13:30:00.0000000+00:00","46,13999938964844","46,40999984741211","45,650001525878906","45,7599983215332","39,34490966796875","102297100"
"2008-04-08T13:30:00.0000000+00:00","45,40999984741211","45,720001220703125","45,18000030517578","45,40999984741211","39,04397964477539","97435200"
"2008-04-09T13:30:00.0000000+00:00","45,470001220703125","45,4900016784668","44,630001068115234","44,900001525878906","38,60548400878906","127182300"
"2008-04-10T13:30:00.0000000+00:00","44,93000030517578","45,84000015258789","44,93000030517578","45,540000915527344","39,155738830566406","112773800"
"2008-04-11T13:30:00.0000000+00:00","45,02000045776367","45,099998474121094","44,119998931884766","44,279998779296875","38,0723762512207","120135400"
"2008-04-14T13:30:00.0000000+00:00","44,209999084472656","44,47999954223633","43,95000076293945","44,08000183105469","37,90041732788086","89274600"
"2008-04-15T13:30:00.0000000+00:00","44,2400016784668","44,349998474121094","43,68000030517578","44,13999938964844","37,95201873779297","124232300"
"2008-04-16T13:30:00.0000000+00:00","44,689998626708984","45,47999954223633","44,650001525878906","45,369998931884766","39,00958251953125","134027900"
"2008-04-17T13:30:00.0000000+00:00","45,41999816894531","45,470001220703125","44,97999954223633","45,27000045776367","38,92361831665039","124953100"
"2008-04-18T13:30:00.0000000+00:00","46,470001220703125","46,93000030517578","46,220001220703125","46,709999084472656","40,16172790527344","133022500"
"2008-04-21T13:30:00.0000000+00:00","46,619998931884766","47,08000183105469","46,4900016784668","47,040000915527344","40,44547653198242","83303200"
"2008-04-22T13:30:00.0000000+00:00","46,75","46,77000045776367","45,93000030517578","46,34000015258789","39,843597412109375","104689600"
"2008-04-23T13:30:00.0000000+00:00","46,68000030517578","47,060001373291016","46,27000045776367","46,849998474121094","40,28208923339844","131086200"
"2008-04-24T13:30:00.0000000+00:00","46,869998931884766","47,790000915527344","46,38999938964844","47,27000045776367","40,64323043823242","166509000"
"2008-04-25T13:30:00.0000000+00:00","47,31999969482422","47,349998474121094","46,56999969482422","47,150001525878906","40,540042877197266","121945400"
"2008-04-28T13:30:00.0000000+00:00","47,2599983215332","47,619998931884766","47,130001068115234","47,2400016784668","40,61742401123047","71244000"
"2008-04-29T13:30:00.0000000+00:00","47,150001525878906","47,7599983215332","47,060001373291016","47,599998474121094","40,92695999145508","91270600"
"2008-04-30T13:30:00.0000000+00:00","47,70000076293945","48,060001373291016","47,029998779296875","47,209999084472656","40,59164810180664","132152700"
"2008-05-01T13:30:00.0000000+00:00","47,22999954223633","48,720001220703125","47,220001220703125","48,70000076293945","41,872745513916016","143596900"
"2008-05-02T13:30:00.0000000+00:00","49,15999984741211","49,189998626708984","48,34000015258789","48,77000045776367","41,932926177978516","124990000"
"2008-05-05T13:30:00.0000000+00:00","48,77000045776367","49,029998779296875","48,400001525878906","48,630001068115234","41,81256866455078","75624700"
"2008-05-06T13:30:00.0000000+00:00","48,4900016784668","49,130001068115234","48,13999938964844","48,93000030517578","42,07051467895508","139582600"
"2008-05-07T13:30:00.0000000+00:00","48,939998626708984","49,22999954223633","47,869998931884766","48,040000915527344","41,30527877807617","140008300"
"2008-05-08T13:30:00.0000000+00:00","48,2400016784668","48,70000076293945","48,060001373291016","48,400001525878906","41,614810943603516","128058700"
"2008-05-09T13:30:00.0000000+00:00","48,040000915527344","48,459999084472656","47,900001525878906","48,209999084472656","41,4514274597168","97062000"
"2008-05-12T13:30:00.0000000+00:00","48,279998779296875","49,189998626708984","48,20000076293945","49,09000015258789","42,20806884765625","89606500"
"2008-05-13T13:30:00.0000000+00:00","49,11000061035156","49,33000183105469","48,7599983215332","49,220001220703125","42,319862365722656","85448100"
"2008-05-14T13:30:00.0000000+00:00","49,40999984741211","49,93000030517578","49,040000915527344","49,11000061035156","42,22526168823242","143598200"
"2008-05-15T13:30:00.0000000+00:00","49,119998931884766","50,02000045776367","48,97999954223633","49,970001220703125","42,9647216796875","157248900"
"2008-05-16T13:30:00.0000000+00:00","50,06999969482422","50,11000061035156","49,45000076293945","50,0099983215332","42,99910354614258","146563200"
"2008-05-19T13:30:00.0000000+00:00","50,04999923706055","50,470001220703125","49,34000015258789","49,650001525878906","42,68955993652344","140048700"
"2008-05-20T13:30:00.0000000+00:00","49,470001220703125","49,470001220703125","48,88999938964844","49,27000045776367","42,362850189208984","137163700"
"2008-05-21T13:30:00.0000000+00:00","49,33000183105469","49,599998474121094","48,02000045776367","48,18000030517578","41,42565155029297","192806700"
"2008-05-22T13:30:00.0000000+00:00","48,29999923706055","48,689998626708984","48,11000061035156","48,349998474121094","41,57181167602539","153198200"
"2008-05-23T13:30:00.0000000+00:00","48,18000030517578","48,349998474121094","47,81999969482422","48,20000076293945","41,442840576171875","121698400"
"2008-05-27T13:30:00.0000000+00:00","48,29999923706055","49,11000061035156","48,290000915527344","49,04999923706055","42,17369079589844","106984300"
"2008-05-28T13:30:00.0000000+00:00","49,279998779296875","49,36000061035156","48,75","49,25","42,34565353393555","121363000"
"2008-05-29T13:30:00.0000000+00:00","49,279998779296875","49,970001220703125","49,25","49,689998626708984","42,723960876464844","143993000"
"2008-05-30T13:30:00.0000000+00:00","49,880001068115234","50,2400016784668","49,75","50,0099983215332","42,99910354614258","94153600"
"2008-06-02T13:30:00.0000000+00:00","49,91999816894531","49,91999816894531","48,959999084472656","49,400001525878906","42,47462463378906","144359900"
"2008-06-03T13:30:00.0000000+00:00","49,59000015258789","49,900001525878906","48,66999816894531","49,130001068115234","42,24248123168945","167606900"
"2008-06-04T13:30:00.0000000+00:00","48,97999954223633","50,099998474121094","48,939998626708984","49,7599983215332","42,784149169921875","174870800"
"2008-06-05T13:30:00.0000000+00:00","49,88999938964844","50,61000061035156","49,70000076293945","50,54999923706055","43,463401794433594","126653700"
"2008-06-06T13:30:00.0000000+00:00","50,11000061035156","50,209999084472656","49,02000045776367","49,029998779296875","42,15647506713867","189136000"
"2008-06-09T13:30:00.0000000+00:00","49,130001068115234","49,189998626708984","47,95000076293945","48,77000045776367","41,932926177978516","208897300"
"2008-06-10T13:30:00.0000000+00:00","48,27000045776367","48,939998626708984","48,15999984741211","48,540000915527344","41,73518753051758","162798500"
"2008-06-11T13:30:00.0000000+00:00","48,439998626708984","48,52000045776367","47,349998474121094","47,369998931884766","40,72919464111328","170366900"
"2008-06-12T13:30:00.0000000+00:00","47,709999084472656","48,11000061035156","47","47,41999816894531","40,77220153808594","189913200"
"2008-06-13T13:30:00.0000000+00:00","47,709999084472656","48,470001220703125","47,459999084472656","48,369998931884766","41,58903503417969","167855000"
"2008-06-16T13:30:00.0000000+00:00","48,119998931884766","49,02000045776367","48,06999969482422","48,79999923706055","41,958717346191406","136343900"
"2008-06-17T13:30:00.0000000+00:00","48,95000076293945","49,060001373291016","48,470001220703125","48,540000915527344","41,73518753051758","122932000"
"2008-06-18T13:30:00.0000000+00:00","48,2599983215332","48,45000076293945","47,83000183105469","48,02000045776367","41,28807830810547","169338100"
"2008-06-19T13:30:00.0000000+00:00","47,93000030517578","49,0099983215332","47,61000061035156","48,77000045776367","41,932926177978516","221304200"
"2008-06-20T13:30:00.0000000+00:00","48,33000183105469","48,349998474121094","47,209999084472656","47,41999816894531","40,80064392089844","197434200"
"2008-06-23T13:30:00.0000000+00:00","47,61000061035156","47,7400016784668","46,97999954223633","47,04999923706055","40,48229217529297","131488800"
"2008-06-24T13:30:00.0000000+00:00","46,83000183105469","47,369998931884766","46,40999984741211","46,810001373291016","40,275787353515625","178293800"
"2008-06-25T13:30:00.0000000+00:00","47,0099983215332","48","46,939998626708984","47,56999969482422","40,92970657348633","179023400"
"2008-06-26T13:30:00.0000000+00:00","46,689998626708984","46,70000076293945","45,63999938964844","45,650001525878906","39,277713775634766","190028300"
"2008-06-27T13:30:00.0000000+00:00","45,599998474121094","45,900001525878906","44,970001220703125","45,650001525878906","39,277713775634766","181351800"
"2008-06-30T13:30:00.0000000+00:00","45,5099983215332","45,83000183105469","45,150001525878906","45,16999816894531","38,86471176147461","132912400"
"2008-07-01T13:30:00.0000000+00:00","44,810001373291016","45,86000061035156","44,68000030517578","45,810001373291016","39,41539001464844","245494300"
"2008-07-02T13:30:00.0000000+00:00","45,95000076293945","46,130001068115234","44,63999938964844","44,709999084472656","38,468910217285156","199576400"
"2008-07-03T13:30:00.0000000+00:00","44,97999954223633","45,08000183105469","44,279998779296875","44,630001068115234","38,40009307861328","123118300"
"2008-07-07T13:30:00.0000000+00:00","45,040000915527344","45,459999084472656","44,2400016784668","44,900001525878906","38,63241195678711","181011300"
"2008-07-08T13:30:00.0000000+00:00","44,95000076293945","46,0099983215332","44,77000045776367","45,970001220703125","39,553043365478516","206151200"
"2008-07-09T13:30:00.0000000+00:00","45,959999084472656","46,029998779296875","44,72999954223633","44,75","38,50334930419922","168500300"
"2008-07-10T13:30:00.0000000+00:00","44,81999969482422","45,41999816894531","44,380001068115234","45,279998779296875","38,959346771240234","238811500"
"2008-07-11T13:30:00.0000000+00:00","44,810001373291016","45,27000045776367","43,849998474121094","44,560001373291016","38,33987808227539","265514700"
"2008-07-14T13:30:00.0000000+00:00","45,13999938964844","45,18000030517578","44,06999969482422","44,22999954223633","38,05592727661133","177389800"
"2008-07-15T13:30:00.0000000+00:00","44,0099983215332","44,93000030517578","43,29999923706055","44,2400016784668","38,06454849243164","283891100"
"2008-07-16T13:30:00.0000000+00:00","44,36000061035156","45,380001068115234","43,91999816894531","45,34000015258789","39,0109748840332","186047800"
"2008-07-17T13:30:00.0000000+00:00","45,61000061035156","45,81999969482422","44,97999954223633","45,63999938964844","39,26909255981445","197555100"
"2008-07-18T13:30:00.0000000+00:00","45,13999938964844","45,16999816894531","44,59000015258789","44,59000015258789","38,36566925048828","160661000"
"2008-07-21T13:30:00.0000000+00:00","45","45,189998626708984","44,4900016784668","44,779998779296875","38,52915573120117","128107800"
"2008-07-22T13:30:00.0000000+00:00","44,029998779296875","44,810001373291016","43,86000061035156","44,779998779296875","38,52915573120117","152524500"
"2008-07-23T13:30:00.0000000+00:00","44,849998474121094","45,88999938964844","44,720001220703125","45,369998931884766","39,036800384521484","169259100"
"2008-07-24T13:30:00.0000000+00:00","45,58000183105469","45,61000061035156","44,650001525878906","44,689998626708984","38,45171356201172","145561000"
"2008-07-25T13:30:00.0000000+00:00","44,97999954223633","45,47999954223633","44,7599983215332","45,27000045776367","38,95074462890625","111616700"
"2008-07-28T13:30:00.0000000+00:00","45,2599983215332","45,52000045776367","44,209999084472656","44,41999816894531","38,219398498535156","124028500"
"2008-07-29T13:30:00.0000000+00:00","44,61000061035156","45,540000915527344","44,56999969482422","45,34000015258789","39,0109748840332","142290900"
"2008-07-30T13:30:00.0000000+00:00","45,470001220703125","45,81999969482422","44,880001068115234","45,56999969482422","39,208892822265625","165679900"
"2008-07-31T13:30:00.0000000+00:00","45,119998931884766","46,150001525878906","45,02000045776367","45,459999084472656","39,11422348022461","180473100"
"2008-08-01T13:30:00.0000000+00:00","45,5099983215332","45,54999923706055","44,400001525878906","44,880001068115234","38,615196228027344","180350400"
"2008-08-04T13:30:00.0000000+00:00","44,869998931884766","44,91999816894531","44,29999923706055","44,43000030517578","38,228023529052734","116298000"
"2008-08-05T13:30:00.0000000+00:00","44,88999938964844","45,970001220703125","44,84000015258789","45,93000030517578","39,51862716674805","151657400"
"2008-08-06T13:30:00.0000000+00:00","45,95000076293945","46,810001373291016","45,58000183105469","46,630001068115234","40,12091064453125","133463700"
"2008-08-07T13:30:00.0000000+00:00","46,349998474121094","46,849998474121094","46,08000183105469","46,27000045776367","39,81117630004883","152805800"
"2008-08-08T13:30:00.0000000+00:00","46,2400016784668","47,439998626708984","46,150001525878906","47,31999969482422","40,714595794677734","143121500"
"2008-08-11T13:30:00.0000000+00:00","47,29999923706055","48,279998779296875","47,13999938964844","47,75","41,08457565307617","157290100"
"2008-08-12T13:30:00.0000000+00:00","47,7400016784668","48,15999984741211","47,5099983215332","47,79999923706055","41,12759780883789","140549300"
"2008-08-13T13:30:00.0000000+00:00","47,720001220703125","48,119998931884766","47,25","47,70000076293945","41,041542053222656","169652100"
"2008-08-14T13:30:00.0000000+00:00","47,540000915527344","48,459999084472656","47,4900016784668","48,25","41,51478576660156","158069200"
"2008-08-15T13:30:00.0000000+00:00","48,33000183105469","48,56999969482422","47,959999084472656","48,15999984741211","41,43734359741211","123115900"
"2008-08-18T13:30:00.0000000+00:00","48,29999923706055","48,310001373291016","47,2599983215332","47,599998474121094","40,955509185791016","151399100"
"2008-08-19T13:30:00.0000000+00:00","47,36000061035156","47,59000015258789","46,75","47,0099983215332","40,4478645324707","155410600"
"2008-08-20T13:30:00.0000000+00:00","47,34000015258789","47,560001373291016","46,7400016784668","47,09000015258789","40,51669692993164","155466700"
"2008-08-21T13:30:00.0000000+00:00","46,7400016784668","47,08000183105469","46,380001068115234","46,869998931884766","40,327392578125","118916200"
"2008-08-22T13:30:00.0000000+00:00","47,119998931884766","47,68000030517578","47,08000183105469","47,4900016784668","40,86086654663086","96515500"
"2008-08-25T13:30:00.0000000+00:00","47,15999984741211","47,209999084472656","46,369998931884766","46,4900016784668","40,00045394897461","128076500"
"2008-08-26T13:30:00.0000000+00:00","46,52000045776367","46,77000045776367","46,119998931884766","46,43000030517578","39,9488410949707","107225500"
"2008-08-27T13:30:00.0000000+00:00","46,45000076293945","47,09000015258789","46,290000915527344","46,72999954223633","40,20695114135742","108489900"
"2008-08-28T13:30:00.0000000+00:00","46,91999816894531","47,279998779296875","46,83000183105469","47,11000061035156","40,53391647338867","112808600"
"2008-08-29T13:30:00.0000000+00:00","46,61000061035156","47,119998931884766","45,91999816894531","46,119998931884766","39,68208694458008","133184300"
"2008-09-02T13:30:00.0000000+00:00","46,869998931884766","47,08000183105469","45,34000015258789","45,54999923706055","39,191673278808594","162277500"
"2008-09-03T13:30:00.0000000+00:00","45,45000076293945","45,63999938964844","44,790000915527344","45,119998931884766","38,821693420410156","161682900"
"2008-09-04T13:30:00.0000000+00:00","44,86000061035156","44,90999984741211","43,65999984741211","43,65999984741211","37,56550598144531","219004700"
"2008-09-05T13:30:00.0000000+00:00","43,279998779296875","43,779998779296875","42,810001373291016","43,45000076293945","37,38481521606445","247977500"
"2008-09-08T13:30:00.0000000+00:00","44,02000045776367","44,220001220703125","42,68000030517578","43,369998931884766","37,31599044799805","311065100"
"2008-09-09T13:30:00.0000000+00:00","43,349998474121094","43,790000915527344","42,349998474121094","42,45000076293945","36,524391174316406","214180600"
"2008-09-10T13:30:00.0000000+00:00","42,86000061035156","43,18000030517578","42,45000076293945","42,79999923706055","36,8255500793457","160658100"
"2008-09-11T13:30:00.0000000+00:00","42,20000076293945","43,689998626708984","42,16999816894531","43,599998474121094","37,51388168334961","203398200"
"2008-09-12T13:30:00.0000000+00:00","43,22999954223633","43,709999084472656","42,900001525878906","43,43000030517578","37,36759948730469","172094300"
"2008-09-15T13:30:00.0000000+00:00","42,400001525878906","43,290000915527344","42,029998779296875","42,08000183105469","36,20606994628906","616772300"
"2008-09-16T13:30:00.0000000+00:00","41,47999954223633","42,84000015258789","41,43000030517578","42,40999984741211","36,48999786376953","349506500"
"2008-09-17T13:30:00.0000000+00:00","41,869998931884766","42,41999816894531","40,189998626708984","40,209999084472656","34,59708786010742","340088000"
"2008-09-18T13:30:00.0000000+00:00","41,099998474121094","41,970001220703125","39,5","41,56999969482422","35,76724624633789","423934000"
"2008-09-19T13:30:00.0000000+00:00","43,77000045776367","43,83000183105469","42,099998474121094","42,900001525878906","36,93647384643555","263394000"
"2008-09-22T13:30:00.0000000+00:00","42,7400016784668","42,84000015258789","40,79999923706055","40,880001068115234","35,197269439697266","164698200"
"2008-09-23T13:30:00.0000000+00:00","41,20000076293945","41,75","40,439998626708984","40,56999969482422","34,930362701416016","184011200"
"2008-09-24T13:30:00.0000000+00:00","40,810001373291016","41,2599983215332","40,52000045776367","40,849998474121094","35,17142105102539","159270800"
"2008-09-25T13:30:00.0000000+00:00","41,22999954223633","42,02000045776367","41,029998779296875","41,5","35,731075286865234","148586800"
"2008-09-26T13:30:00.0000000+00:00","40,310001373291016","41,4900016784668","40,220001220703125","41,08000183105469","35,36946487426758","182678600"
"2008-09-29T13:30:00.0000000+00:00","40,2599983215332","40,380001068115234","37,18000030517578","37,81999969482422","32,562644958496094","307954400"
"2008-09-30T13:30:00.0000000+00:00","37,720001220703125","39,29999923706055","37,599998474121094","38,90999984741211","33,50111389160156","195436700"
"2008-10-01T13:30:00.0000000+00:00","38,84000015258789","38,970001220703125","38,029998779296875","38,5","33,14811706542969","174033300"
"2008-10-02T13:30:00.0000000+00:00","38,25","38,25","36,63999938964844","36,75","31,641382217407227","192124000"
"2008-10-03T13:30:00.0000000+00:00","37,2599983215332","38,18000030517578","36,099998474121094","36,18000030517578","31,150623321533203","272116100"
"2008-10-06T13:30:00.0000000+00:00","35,2599983215332","35,529998779296875","32,90999984741211","34,86000061035156","30,014110565185547","394046600"
"2008-10-07T13:30:00.0000000+00:00","35,13999938964844","35,20000076293945","32,27000045776367","32,650001525878906","28,1113224029541","329365700"
"2008-10-08T13:30:00.0000000+00:00","31,950000762939453","34,119998931884766","31,84000015258789","32,38999938964844","27,8874568939209","452066500"
"2008-10-09T13:30:00.0000000+00:00","33,150001525878906","33,68000030517578","30,969999313354492","31,520000457763672","27,13840103149414","352433900"
"2008-10-10T13:30:00.0000000+00:00","30,520000457763672","32,47999954223633","29,3799991607666","31,31999969482422","26,96619987487793","472339100"
"2008-10-13T13:30:00.0000000+00:00","32,86000061035156","35,25","32,400001525878906","35,130001068115234","30,246566772460938","276998700"
"2008-10-14T13:30:00.0000000+00:00","36,150001525878906","36,150001525878906","33,189998626708984","33,61000061035156","28,937862396240234","341595900"
"2008-10-15T13:30:00.0000000+00:00","33,22999954223633","33,349998474121094","30,540000915527344","30,600000381469727","26,346284866333008","312088500"
"2008-10-16T13:30:00.0000000+00:00","30,809999465942383","32,27000045776367","29,25","32,2599983215332","27,775529861450195","494783500"
"2008-10-17T13:30:00.0000000+00:00","31,670000076293945","33,650001525878906","31,40999984741211","32,29999923706055","27,809980392456055","326571300"
"2008-10-20T13:30:00.0000000+00:00","32,7599983215332","33,2599983215332","31,700000762939453","33,20000076293945","28,58487319946289","232783400"
"2008-10-21T13:30:00.0000000+00:00","32,65999984741211","33,2599983215332","31,479999542236328","31,479999542236328","27,103958129882812","239932400"
"2008-10-22T13:30:00.0000000+00:00","31,3700008392334","31,600000381469727","29,709999084472656","30,610000610351562","26,354888916015625","289993600"
"2008-10-23T13:30:00.0000000+00:00","30,489999771118164","31,09000015258789","28,899999618530273","30,489999771118164","26,251575469970703","377966900"
"2008-10-24T13:30:00.0000000+00:00","28,229999542236328","30,25","28,09000015258789","29,510000228881836","25,407808303833008","322129500"
"2008-10-27T13:30:00.0000000+00:00","29,170000076293945","30,200000762939453","28,65999984741211","28,690000534057617","24,701797485351562","239302300"
"2008-10-28T13:30:00.0000000+00:00","29,68000030517578","31,8799991607666","28,850000381469727","31,860000610351562","27,43113136291504","327239500"
"2008-10-29T13:30:00.0000000+00:00","31,90999984741211","33,08000183105469","31,25","31,780000686645508","27,362262725830078","341316000"
"2008-10-30T13:30:00.0000000+00:00","32,66999816894531","33,060001373291016","31,979999542236328","32,84000015258789","28,27490997314453","255292100"
"2008-10-31T13:30:00.0000000+00:00","32,369998931884766","33,43000030517578","32,09000015258789","32,88999938964844","28,317962646484375","224261000"
"2008-11-03T14:30:00.0000000+00:00","32,810001373291016","33,290000915527344","32,5099983215332","32,81999969482422","28,257678985595703","128455500"
"2008-11-04T14:30:00.0000000+00:00","33,459999084472656","34,0099983215332","32,97999954223633","33,75","29,05840492248535","182487600"
"2008-11-05T14:30:00.0000000+00:00","33,529998779296875","33,599998474121094","31,920000076293945","31,989999771118164","27,543066024780273","183893900"
"2008-11-06T14:30:00.0000000+00:00","31,489999771118164","31,8700008392334","30,399999618530273","30,559999465942383","26,31184959411621","220677200"
"2008-11-07T14:30:00.0000000+00:00","30,920000076293945","31,479999542236328","30,59000015258789","31,190000534057617","26,854272842407227","176946200"
"2008-11-10T14:30:00.0000000+00:00","31,969999313354492","31,969999313354492","30,399999618530273","30,770000457763672","26,49265480041504","142584500"
"2008-11-11T14:30:00.0000000+00:00","30,479999542236328","30,760000228881836","29,719999313354492","30,100000381469727","25,915794372558594","162869800"
"2008-11-12T14:30:00.0000000+00:00","29,649999618530273","29,799999237060547","28,649999618530273","28,709999084472656","24,719017028808594","184946400"
"2008-11-13T14:30:00.0000000+00:00","28,610000610351562","30,530000686645508","27,280000686645508","30,459999084472656","26,225746154785156","317943900"
"2008-11-14T14:30:00.0000000+00:00","29,780000686645508","30,420000076293945","28,8700008392334","28,979999542236328","24,951496124267578","259407000"
"2008-11-17T14:30:00.0000000+00:00","28,489999771118164","29,229999542236328","28,260000228881836","28,3700008392334","24,42628288269043","202835200"
"2008-11-18T14:30:00.0000000+00:00","28,559999465942383","28,75","27,389999389648438","28,34000015258789","24,400447845458984","252661800"
"2008-11-19T14:30:00.0000000+00:00","28,399999618530273","28,780000686645508","26,790000915527344","26,860000610351562","23,126182556152344","244180600"
"2008-11-20T14:30:00.0000000+00:00","26,530000686645508","27,450000762939453","25,469999313354492","25,559999465942383","22,00690269470215","342472400"
"2008-11-21T14:30:00.0000000+00:00","26,010000228881836","26,68000030517578","25,049999237060547","26,670000076293945","22,96259880065918","282746800"
"2008-11-24T14:30:00.0000000+00:00","27,219999313354492","28,639999389648438","26,979999542236328","28,299999237060547","24,366010665893555","225058200"
"2008-11-25T14:30:00.0000000+00:00","28,610000610351562","28,639999389648438","27,520000457763672","28,170000076293945","24,254079818725586","202968700"
"2008-11-26T14:30:00.0000000+00:00","27,8799991607666","29,360000610351562","27,809999465942383","29,350000381469727","25,270044326782227","164912000"
"2008-11-28T14:30:00.0000000+00:00","29,020000457763672","29,190000534057617","28,829999923706055","29,1200008392334","25,072023391723633","41238200"
"2008-12-01T14:30:00.0000000+00:00","28,5","28,510000228881836","26,889999389648438","26,93000030517578","23,18645477294922","149161500"
"2008-12-02T14:30:00.0000000+00:00","27,299999237060547","27,889999389648438","26,84000015258789","27,829999923706055","23,961345672607422","181743000"
"2008-12-03T14:30:00.0000000+00:00","27,1299991607666","28,709999084472656","27,06999969482422","28,6200008392334","24,64152717590332","230944900"
"2008-12-04T14:30:00.0000000+00:00","28,170000076293945","28,780000686645508","27,31999969482422","27,809999465942383","23,944120407104492","188868700"
"2008-12-05T14:30:00.0000000+00:00","27,5","29,06999969482422","26,950000762939453","28,940000534057617","24,91704750061035","212283700"
"2008-12-08T14:30:00.0000000+00:00","29,59000015258789","30,459999084472656","29,440000534057617","30,079999923706055","25,898574829101562","185782500"
"2008-12-09T14:30:00.0000000+00:00","29,68000030517578","30,829999923706055","29,56999969482422","30,010000228881836","25,838300704956055","178148300"
"2008-12-10T14:30:00.0000000+00:00","30,100000381469727","30,459999084472656","29,6200008392334","29,90999984741211","25,752208709716797","162335100"
"2008-12-11T14:30:00.0000000+00:00","29,809999465942383","30,270000457763672","28,940000534057617","29,09000015258789","25,04619598388672","167161400"
"2008-12-12T14:30:00.0000000+00:00","28,690000534057617","29,860000610351562","28,469999313354492","29,68000030517578","25,55417823791504","158600100"
"2008-12-15T14:30:00.0000000+00:00","29,729999542236328","29,760000228881836","28,739999771118164","29,15999984741211","25,106468200683594","107887000"
"2008-12-16T14:30:00.0000000+00:00","29,420000076293945","30,65999984741211","29,100000381469727","30,559999465942383","26,31184959411621","169300100"
"2008-12-17T14:30:00.0000000+00:00","30,25","30,600000381469727","29,81999969482422","30,190000534057617","25,9932861328125","159813500"
"2008-12-18T14:30:00.0000000+00:00","30,190000534057617","30,399999618530273","29,360000610351562","29,65999984741211","25,536958694458008","142656400"
"2008-12-19T14:30:00.0000000+00:00","29,93000030517578","30,3700008392334","29,65999984741211","29,860000610351562","25,746479034423828","118308900"
"2008-12-22T14:30:00.0000000+00:00","29,860000610351562","29,920000076293945","28,739999771118164","29,209999084472656","25,18602752685547","95379600"
"2008-12-23T14:30:00.0000000+00:00","29,329999923706055","29,6200008392334","28,889999389648438","29,059999465942383","25,056690216064453","68764800"
"2008-12-24T14:30:00.0000000+00:00","29,200000762939453","29,209999084472656","28,979999542236328","29,139999389648438","25,125667572021484","27194700"
"2008-12-26T14:30:00.0000000+00:00","29,200000762939453","29,229999542236328","28,969999313354492","29,1299991607666","25,11704444885254","20937000"
"2008-12-29T14:30:00.0000000+00:00","29,209999084472656","29,239999771118164","28,459999084472656","28,889999389648438","24,91010856628418","52688300"
"2008-12-30T14:30:00.0000000+00:00","28,969999313354492","29,59000015258789","28,940000534057617","29,489999771118164","25,427446365356445","77089500"
"2008-12-31T14:30:00.0000000+00:00","29,459999084472656","30,079999923706055","29,450000762939453","29,739999771118164","25,64301300048828","89189700"
"2009-01-02T14:30:00.0000000+00:00","29,75","31,1299991607666","29,690000534057617","31,030000686645508","26,75530433654785","107891500"
"2009-01-05T14:30:00.0000000+00:00","30,829999923706055","31,329999923706055","30,59000015258789","31,020000457763672","26,746675491333008","91751900"
"2009-01-06T14:30:00.0000000+00:00","31,25","31,6299991607666","31,110000610351562","31,329999923706055","27,01397705078125","136791700"
"2009-01-07T14:30:00.0000000+00:00","30,729999542236328","30,899999618530273","30,190000534057617","30,440000534057617","26,246585845947266","133879800"
"2009-01-08T14:30:00.0000000+00:00","30,3799991607666","30,799999237060547","30,079999923706055","30,760000228881836","26,522502899169922","131926600"
"2009-01-09T14:30:00.0000000+00:00","30,770000457763672","30,790000915527344","29,920000076293945","30,06999969482422","25,927555084228516","117137900"
"2009-01-12T14:30:00.0000000+00:00","30,110000610351562","30,149999618530273","29,200000762939453","29,520000457763672","25,453327178955078","102726200"
"2009-01-13T14:30:00.0000000+00:00","29,510000228881836","29,979999542236328","29,18000030517578","29,530000686645508","25,461942672729492","186266700"
"2009-01-14T14:30:00.0000000+00:00","29,190000534057617","29,280000686645508","28,469999313354492","28,6299991607666","24,685930252075195","136294000"
"2009-01-15T14:30:00.0000000+00:00","28,56999969482422","29,34000015258789","28,06999969482422","29,100000381469727","25,091176986694336","192567200"
"2009-01-16T14:30:00.0000000+00:00","29,5","29,600000381469727","28,700000762939453","29,420000076293945","25,367095947265625","175478100"
"2009-01-20T14:30:00.0000000+00:00","29,299999237060547","29,43000030517578","27,959999084472656","27,959999084472656","24,108226776123047","135105800"
"2009-01-21T14:30:00.0000000+00:00","28,43000030517578","29,190000534057617","28,100000381469727","29,149999618530273","25,13429069519043","149179600"
"2009-01-22T14:30:00.0000000+00:00","28,520000457763672","29,229999542236328","28,260000228881836","28,760000228881836","24,79802131652832","200602700"
"2009-01-23T14:30:00.0000000+00:00","28,290000915527344","29,350000381469727","28,139999389648438","28,899999618530273","24,91872787475586","170164100"
"2009-01-26T14:30:00.0000000+00:00","28,940000534057617","29,59000015258789","28,75","29,110000610351562","25,09980010986328","140398700"
"2009-01-27T14:30:00.0000000+00:00","29,1200008392334","29,56999969482422","29,1200008392334","29,31999969482422","25,280874252319336","110591300"
"2009-01-28T14:30:00.0000000+00:00","29,809999465942383","30,649999618530273","29,809999465942383","30,350000381469727","26,16897964477539","139722800"
"2009-01-29T14:30:00.0000000+00:00","29,979999542236328","30,399999618530273","29,479999542236328","29,579999923706055","25,505054473876953","130731800"
"2009-01-30T14:30:00.0000000+00:00","29,799999237060547","29,93000030517578","28,940000534057617","29,059999465942383","25,056690216064453","140334200"
"2009-02-02T14:30:00.0000000+00:00","28,780000686645508","29,610000610351562","28,739999771118164","29,40999984741211","25,35846519470215","126796100"
"2009-02-03T14:30:00.0000000+00:00","29,469999313354492","30,43000030517578","29,030000686645508","29,8700008392334","25,755104064941406","120541100"
"2009-02-04T14:30:00.0000000+00:00","29,940000534057617","30,8700008392334","29,790000915527344","29,90999984741211","25,789596557617188","175780900"
"2009-02-05T14:30:00.0000000+00:00","29,479999542236328","30,770000457763672","29,459999084472656","30,56999969482422","26,358675003051758","217578900"
"2009-02-06T14:30:00.0000000+00:00","30,68000030517578","31,510000228881836","30,579999923706055","31,3700008392334","27,0484619140625","164513200"
"2009-02-09T14:30:00.0000000+00:00","31,389999389648438","31,670000076293945","31,190000534057617","31,5","27,16055679321289","98856900"
"2009-02-10T14:30:00.0000000+00:00","31,299999237060547","31,68000030517578","30,100000381469727","30,34000015258789","26,16036033630371","232795200"
"2009-02-11T14:30:00.0000000+00:00","30,3799991607666","30,530000686645508","29,729999542236328","30,200000762939453","26,039644241333008","169117200"
"2009-02-12T14:30:00.0000000+00:00","29,850000381469727","30,610000610351562","29,639999389648438","30,56999969482422","26,358675003051758","201151400"
"2009-02-13T14:30:00.0000000+00:00","30,479999542236328","30,780000686645508","30,290000915527344","30,43000030517578","26,237960815429688","145066700"
"2009-02-17T14:30:00.0000000+00:00","29,489999771118164","29,670000076293945","29,059999465942383","29,219999313354492","25,194637298583984","157783300"
"2009-02-18T14:30:00.0000000+00:00","29,40999984741211","29,670000076293945","28,8700008392334","29,239999771118164","25,21189308166504","161271900"
"2009-02-19T14:30:00.0000000+00:00","29,420000076293945","29,610000610351562","28,719999313354492","28,790000915527344","24,823894500732422","155322400"
"2009-02-20T14:30:00.0000000+00:00","28,469999313354492","29,149999618530273","28,389999389648438","28,8700008392334","24,892868041992188","210752400"
"2009-02-23T14:30:00.0000000+00:00","29,030000686645508","29,049999237060547","27,729999542236328","27,860000610351562","24,022008895874023","169473500"
"2009-02-24T14:30:00.0000000+00:00","28,010000228881836","28,979999542236328","27,959999084472656","28,780000686645508","24,815261840820312","181337300"
"2009-02-25T14:30:00.0000000+00:00","28,610000610351562","29,170000076293945","28,139999389648438","28,59000015258789","24,651443481445312","220224700"
"2009-02-26T14:30:00.0000000+00:00","28,780000686645508","28,950000762939453","27,700000762939453","27,790000915527344","23,961654663085938","211218500"
"2009-02-27T14:30:00.0000000+00:00","27,5","27,979999542236328","27,389999389648438","27,530000686645508","23,737472534179688","204492600"
"2009-03-02T14:30:00.0000000+00:00","27,1200008392334","27,510000228881836","26,469999313354492","26,639999389648438","22,970062255859375","188180400"
"2009-03-03T14:30:00.0000000+00:00","26,860000610351562","27,15999984741211","26,420000076293945","26,6200008392334","22,952821731567383","158758800"
"2009-03-04T14:30:00.0000000+00:00","27,010000228881836","27,709999084472656","26,920000076293945","27,329999923706055","23,56500816345215","164911000"
"2009-03-05T14:30:00.0000000+00:00","27,030000686645508","27,239999771118164","26,420000076293945","26,510000228881836","22,85797691345215","199626900"
"2009-03-06T14:30:00.0000000+00:00","26,649999618530273","26,809999465942383","25,709999084472656","26,299999237060547","22,676916122436523","218421600"
"2009-03-09T13:30:00.0000000+00:00","26,09000015258789","26,809999465942383","25,6299991607666","25,739999771118164","22,194053649902344","181098800"
"2009-03-10T13:30:00.0000000+00:00","26,25","27,389999389648438","26,15999984741211","27,329999923706055","23,56500816345215","175068200"
"2009-03-11T13:30:00.0000000+00:00","27,610000610351562","27,989999771118164","27,260000228881836","27,75","23,92715072631836","173094900"
"2009-03-12T13:30:00.0000000+00:00","27,729999542236328","28,760000228881836","27,440000534057617","28,670000076293945","24,720415115356445","184395100"
"2009-03-13T13:30:00.0000000+00:00","28,65999984741211","28,84000015258789","28,31999969482422","28,739999771118164","24,780778884887695","156783500"
"2009-03-16T13:30:00.0000000+00:00","28,93000030517578","28,979999542236328","28,190000534057617","28,260000228881836","24,366901397705078","190269800"
"2009-03-17T13:30:00.0000000+00:00","28,399999618530273","29,329999923706055","28,299999237060547","29,329999923706055","25,289499282836914","169773800"
"2009-03-18T13:30:00.0000000+00:00","29,209999084472656","30,200000762939453","29,079999923706055","29,700000762939453","25,6085262298584","208033900"
"2009-03-19T13:30:00.0000000+00:00","30,110000610351562","30,1299991607666","29,459999084472656","29,68000030517578","25,591278076171875","146753400"
"2009-03-20T13:30:00.0000000+00:00","29,690000534057617","30,030000686645508","28,979999542236328","29,18000030517578","25,201759338378906","149410800"
"2009-03-23T13:30:00.0000000+00:00","29,899999618530273","30,940000534057617","29,200000762939453","30,899999618530273","26,68726921081543","179499000"
"2009-03-24T13:30:00.0000000+00:00","30,639999389648438","30,8799991607666","30,309999465942383","30,329999923706055","26,194988250732422","118757600"
"2009-03-25T13:30:00.0000000+00:00","30,59000015258789","31,049999237060547","29,65999984741211","30,469999313354492","26,315889358520508","190555200"
"2009-03-26T13:30:00.0000000+00:00","30,799999237060547","31,459999084472656","30,420000076293945","31,40999984741211","27,12773895263672","182459500"
"2009-03-27T13:30:00.0000000+00:00","31","31,18000030517578","30,709999084472656","30,81999969482422","26,618179321289062","156108100"
"2009-03-30T13:30:00.0000000+00:00","30,299999237060547","30,31999969482422","29,6200008392334","30,059999465942383","25,961790084838867","162919700"
"2009-03-31T13:30:00.0000000+00:00","30,290000915527344","30,950000762939453","30,270000457763672","30,31999969482422","26,18634033203125","150243800"
"2009-04-01T13:30:00.0000000+00:00","29,940000534057617","30,8799991607666","29,790000915527344","30,770000457763672","26,574993133544922","137950000"
"2009-04-02T13:30:00.0000000+00:00","31,31999969482422","32,27000045776367","31,229999542236328","31,760000228881836","27,430023193359375","212272400"
"2009-04-03T13:30:00.0000000+00:00","32,09000015258789","32,400001525878906","31,829999923706055","32,349998474121094","27,939590454101562","134577300"
"2009-04-06T13:30:00.0000000+00:00","31,989999771118164","32,33000183105469","31,649999618530273","32,27000045776367","27,870494842529297","160413700"
"2009-04-07T13:30:00.0000000+00:00","31,920000076293945","31,920000076293945","31,209999084472656","31,420000076293945","27,136381149291992","147531200"
"2009-04-08T13:30:00.0000000+00:00","31,729999542236328","32,150001525878906","31,489999771118164","31,950000762939453","27,5941162109375","126126000"
"2009-04-09T13:30:00.0000000+00:00","32,54999923706055","33,0099983215332","32,43000030517578","32,939998626708984","28,449148178100586","131871500"
"2009-04-13T13:30:00.0000000+00:00","32,84000015258789","33,06999969482422","32,529998779296875","32,88999938964844","28,40597152709961","119310500"
"2009-04-14T13:30:00.0000000+00:00","32,689998626708984","32,880001068115234","32,27000045776367","32,4900016784668","28,060501098632812","124069000"
"2009-04-15T13:30:00.0000000+00:00","32,2599983215332","32,43000030517578","31,850000381469727","32,400001525878906","27,98277473449707","124808200"
"2009-04-16T13:30:00.0000000+00:00","32,849998474121094","33,43000030517578","32,5099983215332","33,2400016784668","28,70823097229004","171168000"
"2009-04-17T13:30:00.0000000+00:00","33,16999816894531","33,5","32,93000030517578","33,310001373291016","28,768699645996094","129835400"
"2009-04-20T13:30:00.0000000+00:00","32,709999084472656","32,81999969482422","32,060001373291016","32,2400016784668","27,844587326049805","123080500"
"2009-04-21T13:30:00.0000000+00:00","32,119998931884766","32,7400016784668","32,08000183105469","32,689998626708984","28,233234405517578","145490200"
"2009-04-22T13:30:00.0000000+00:00","32,5","33,529998779296875","32,38999938964844","32,790000915527344","28,319599151611328","165040500"
"2009-04-23T13:30:00.0000000+00:00","33","33,13999938964844","32,4900016784668","33,11000061035156","28,59598159790039","181666600"
"2009-04-24T13:30:00.0000000+00:00","33,34000015258789","33,93000030517578","33,06999969482422","33,689998626708984","29,096904754638672","141170000"
"2009-04-27T13:30:00.0000000+00:00","33,41999816894531","34,060001373291016","33,349998474121094","33,72999954223633","29,131437301635742","120749100"
"2009-04-28T13:30:00.0000000+00:00","33,52000045776367","33,90999984741211","33,36000061035156","33,47999954223633","28,9155216217041","108968000"
"2009-04-29T13:30:00.0000000+00:00","33,75","34,400001525878906","33,70000076293945","33,939998626708984","29,31281280517578","141413600"
"2009-04-30T13:30:00.0000000+00:00","34,38999938964844","34,900001525878906","34,040000915527344","34,279998779296875","29,606462478637695","144120400"
"2009-05-01T13:30:00.0000000+00:00","34,27000045776367","34,540000915527344","34,0099983215332","34,369998931884766","29,68419647216797","100112000"
"2009-05-04T13:30:00.0000000+00:00","34,68000030517578","35,09000015258789","34,52000045776367","35,04999923706055","30,271480560302734","119317400"
"2009-05-05T13:30:00.0000000+00:00","34,9900016784668","35,060001373291016","34,630001068115234","35,02000045776367","30,24558448791504","113569500"
"2009-05-06T13:30:00.0000000+00:00","35,290000915527344","35,34000015258789","34,459999084472656","35,029998779296875","30,254213333129883","178840500"
"2009-05-07T13:30:00.0000000+00:00","35,27000045776367","35,27000045776367","33,880001068115234","34,209999084472656","29,546009063720703","216484700"
"2009-05-08T13:30:00.0000000+00:00","34,470001220703125","34,7400016784668","33,880001068115234","34,22999954223633","29,56327247619629","183507300"
"2009-05-11T13:30:00.0000000+00:00","33,790000915527344","34,720001220703125","33,68000030517578","34,349998474121094","29,66691780090332","142775900"
"2009-05-12T13:30:00.0000000+00:00","34,41999816894531","34,47999954223633","33,52000045776367","33,93000030517578","29,304180145263672","147842200"
"2009-05-13T13:30:00.0000000+00:00","33,630001068115234","33,650001525878906","32,959999084472656","33,02000045776367","28,51824951171875","175548300"
"2009-05-14T13:30:00.0000000+00:00","33,099998474121094","33,70000076293945","33,08000183105469","33,38999938964844","28,83780288696289","140021700"
"2009-05-15T13:30:00.0000000+00:00","33,34000015258789","33,81999969482422","33,22999954223633","33,369998931884766","28,820531845092773","121326400"
"2009-05-18T13:30:00.0000000+00:00","33,599998474121094","34,279998779296875","33,38999938964844","34,2400016784668","29,571922302246094","114333400"
"2009-05-19T13:30:00.0000000+00:00","34,15999984741211","34,7400016784668","33,95000076293945","34,400001525878906","29,71009635925293","129086400"
"2009-05-20T13:30:00.0000000+00:00","34,529998779296875","35,040000915527344","34,18000030517578","34,279998779296875","29,606462478637695","131873700"
"2009-05-21T13:30:00.0000000+00:00","34,02000045776367","34,2599983215332","33,310001373291016","33,650001525878906","29,062345504760742","139253200"
"2009-05-22T13:30:00.0000000+00:00","33,779998779296875","33,970001220703125","33,31999969482422","33,540000915527344","28,967344284057617","83510600"
"2009-05-26T13:30:00.0000000+00:00","33,25","34,83000183105469","33,18000030517578","34,790000915527344","30,04692840576172","144857200"
"2009-05-27T13:30:00.0000000+00:00","34,689998626708984","35,189998626708984","34,43000030517578","34,54999923706055","29,839637756347656","121348800"
"2009-05-28T13:30:00.0000000+00:00","34,7599983215332","35,06999969482422","34,209999084472656","34,95000076293945","30,185123443603516","118931300"
"2009-05-29T13:30:00.0000000+00:00","34,970001220703125","35,5","34,7599983215332","35,380001068115234","30,556480407714844","111535700"
"2009-06-01T13:30:00.0000000+00:00","35,7599983215332","36,5","35,61000061035156","36,38999938964844","31,428796768188477","119126200"
"2009-06-02T13:30:00.0000000+00:00","36,189998626708984","36,790000915527344","36,11000061035156","36,439998626708984","31,47197151184082","126858600"
"2009-06-03T13:30:00.0000000+00:00","36,33000183105469","36,369998931884766","35,93000030517578","36,33000183105469","31,376977920532227","93329800"
"2009-06-04T13:30:00.0000000+00:00","36,40999984741211","36,790000915527344","36,34000015258789","36,7400016784668","31,731077194213867","89280600"
"2009-06-05T13:30:00.0000000+00:00","36,959999084472656","37,08000183105469","36,41999816894531","36,779998779296875","31,765628814697266","121958800"
"2009-06-08T13:30:00.0000000+00:00","36,54999923706055","36,95000076293945","36,119998931884766","36,66999816894531","31,670637130737305","89194100"
"2009-06-09T13:30:00.0000000+00:00","36,84000015258789","37,16999816894531","36,66999816894531","36,95000076293945","31,912458419799805","109187800"
"2009-06-10T13:30:00.0000000+00:00","37,15999984741211","37,16999816894531","36,290000915527344","36,81999969482422","31,800153732299805","133404700"
"2009-06-11T13:30:00.0000000+00:00","36,77000045776367","37,22999954223633","36,75","36,81999969482422","31,800153732299805","147909800"
"2009-06-12T13:30:00.0000000+00:00","36,66999816894531","36,720001220703125","36,20000076293945","36,650001525878906","31,653348922729492","109452500"
"2009-06-15T13:30:00.0000000+00:00","36,29999923706055","36,33000183105469","35,58000183105469","35,900001525878906","31,005599975585938","112152900"
"2009-06-16T13:30:00.0000000+00:00","36,040000915527344","36,189998626708984","35,52000045776367","35,54999923706055","30,70330810546875","110550300"
"2009-06-17T13:30:00.0000000+00:00","35,70000076293945","36,209999084472656","35,45000076293945","35,88999938964844","30,996965408325195","153421800"
"2009-06-18T13:30:00.0000000+00:00","35,83000183105469","36,060001373291016","35,56999969482422","35,81999969482422","30,93651580810547","126266700"
"2009-06-19T13:30:00.0000000+00:00","36,04999923706055","36,36000061035156","35,90999984741211","36,15999984741211","31,2685604095459","122044700"
"2009-06-22T13:30:00.0000000+00:00","35,83000183105469","35,88999938964844","35,02000045776367","35,08000183105469","30,334651947021484","137714900"
"2009-06-23T13:30:00.0000000+00:00","35,18000030517578","35,2599983215332","34,77000045776367","35","30,265485763549805","114903100"
"2009-06-24T13:30:00.0000000+00:00","35,29999923706055","35,869998931884766","35,279998779296875","35,59000015258789","30,775667190551758","103314600"
"2009-06-25T13:30:00.0000000+00:00","35,36000061035156","36,36000061035156","35,279998779296875","36,290000915527344","31,380983352661133","112538200"
"2009-06-26T13:30:00.0000000+00:00","36,119998931884766","36,5","36,04999923706055","36,369998931884766","31,450151443481445","87677300"
"2009-06-29T13:30:00.0000000+00:00","36,470001220703125","36,75","36,119998931884766","36,45000076293945","31,519323348999023","93817600"
"2009-06-30T13:30:00.0000000+00:00","36,54999923706055","36,72999954223633","36,11000061035156","36,380001068115234","31,45880126953125","97843000"
"2009-07-01T13:30:00.0000000+00:00","36,560001373291016","36,84000015258789","36,38999938964844","36,400001525878906","31,476099014282227","85976000"
"2009-07-02T13:30:00.0000000+00:00","36,09000015258789","36,099998474121094","35,5","35,599998474121094","30,784305572509766","113309800"
"2009-07-06T13:30:00.0000000+00:00","35,380001068115234","35,540000915527344","35,040000915527344","35,40999984741211","30,62000846862793","107632500"
"2009-07-07T13:30:00.0000000+00:00","35,41999816894531","35,4900016784668","34,5099983215332","34,529998779296875","29,859054565429688","149773000"
"2009-07-08T13:30:00.0000000+00:00","34,7400016784668","34,869998931884766","34,29999923706055","34,709999084472656","30,014711380004883","152776400"
"2009-07-09T13:30:00.0000000+00:00","34,84000015258789","35,0099983215332","34,650001525878906","34,77000045776367","30,06658935546875","97851500"
"2009-07-10T13:30:00.0000000+00:00","34,66999816894531","35,13999938964844","34,560001373291016","34,91999816894531","30,196298599243164","108482000"
"2009-07-13T13:30:00.0000000+00:00","34,95000076293945","35,599998474121094","34,47999954223633","35,59000015258789","30,775667190551758","127140300"
"2009-07-14T13:30:00.0000000+00:00","35,54999923706055","35,790000915527344","35,400001525878906","35,720001220703125","30,88808250427246","115631700"
"2009-07-15T13:30:00.0000000+00:00","36,31999969482422","36,93000030517578","36,13999938964844","36,91999816894531","31,925752639770508","160869700"
"2009-07-16T13:30:00.0000000+00:00","36,75","37,439998626708984","36,720001220703125","37,36000061035156","32,306236267089844","120142500"
"2009-07-17T13:30:00.0000000+00:00","37,349998474121094","37,56999969482422","37,16999816894531","37,560001373291016","32,479183197021484","104906500"
"2009-07-20T13:30:00.0000000+00:00","37,7599983215332","38","37,61000061035156","37,91999816894531","32,79047775268555","97168800"
"2009-07-21T13:30:00.0000000+00:00","38,06999969482422","38,18000030517578","37,63999938964844","38,18000030517578","33,015316009521484","130587600"
"2009-07-22T13:30:00.0000000+00:00","38,209999084472656","38,689998626708984","38,130001068115234","38,5","33,292015075683594","113808600"
"2009-07-23T13:30:00.0000000+00:00","38,459999084472656","39,4900016784668","38,38999938964844","39,349998474121094","34,02705001831055","160239300"
"2009-07-24T13:30:00.0000000+00:00","38,93000030517578","39,369998931884766","38,779998779296875","39,04999923706055","33,76762008666992","109312300"
"2009-07-27T13:30:00.0000000+00:00","39,33000183105469","39,40999984741211","38,869998931884766","39,349998474121094","34,02705001831055","94718600"
"2009-07-28T13:30:00.0000000+00:00","39,18000030517578","39,59000015258789","38,93000030517578","39,08000183105469","33,79357147216797","111564300"
"2009-07-29T13:30:00.0000000+00:00","39,31999969482422","39,43000030517578","39","39,34000015258789","34,01838684082031","126538200"
"2009-07-30T13:30:00.0000000+00:00","39,75","40,18000030517578","39,5099983215332","39,56999969482422","34,217281341552734","108969900"
"2009-07-31T13:30:00.0000000+00:00","39,56999969482422","39,849998474121094","39,40999984741211","39,45000076293945","34,11351776123047","78208300"
"2009-08-03T13:30:00.0000000+00:00","39,869998931884766","40,060001373291016","39,63999938964844","40,040000915527344","34,62371063232422","111722800"
"2009-08-04T13:30:00.0000000+00:00","39,849998474121094","40,189998626708984","39,77000045776367","40,040000915527344","34,62371063232422","100690800"
"2009-08-05T13:30:00.0000000+00:00","40,130001068115234","40,13999938964844","39,459999084472656","39,72999954223633","34,35564041137695","118093000"
"2009-08-06T13:30:00.0000000+00:00","39,81999969482422","39,93000030517578","39,2400016784668","39,380001068115234","34,052982330322266","116937500"
"2009-08-07T13:30:00.0000000+00:00","39,91999816894531","40,06999969482422","39,59000015258789","39,880001068115234","34,485355377197266","107442100"
"2009-08-10T13:30:00.0000000+00:00","39,7400016784668","39,849998474121094","39,34000015258789","39,599998474121094","34,243228912353516","87163200"
"2009-08-11T13:30:00.0000000+00:00","39,470001220703125","39,5","39,04999923706055","39,2599983215332","33,949214935302734","91922700"
"2009-08-12T13:30:00.0000000+00:00","39,22999954223633","40,220001220703125","39,20000076293945","39,869998931884766","34,476680755615234","147240000"
"2009-08-13T13:30:00.0000000+00:00","40,11000061035156","40,15999984741211","39,63999938964844","40,09000015258789","34,66693878173828","110107000"
"2009-08-14T13:30:00.0000000+00:00","39,869998931884766","39,959999084472656","39,279998779296875","39,630001068115234","34,2691650390625","124480200"
"2009-08-17T13:30:00.0000000+00:00","38,959999084472656","39,0099983215332","38,459999084472656","38,47999954223633","33,27473068237305","131797200"
"2009-08-18T13:30:00.0000000+00:00","38,720001220703125","39,11000061035156","38,61000061035156","39,029998779296875","33,750343322753906","84496200"
"2009-08-19T13:30:00.0000000+00:00","38,56999969482422","39,400001525878906","38,540000915527344","39,29999923706055","33,98379898071289","88036300"
"2009-08-20T13:30:00.0000000+00:00","39,279998779296875","39,84000015258789","39,20000076293945","39,7599983215332","34,38157653808594","81473500"
"2009-08-21T13:30:00.0000000+00:00","39,9900016784668","40,36000061035156","39,7400016784668","40,290000915527344","34,83988952636719","114660200"
"2009-08-24T13:30:00.0000000+00:00","40,36000061035156","40,56999969482422","40,099998474121094","40,25","34,8052864074707","109904900"
"2009-08-25T13:30:00.0000000+00:00","40,34000015258789","40,7599983215332","40,25","40,369998931884766","34,90904998779297","92900400"
"2009-08-26T13:30:00.0000000+00:00","40,279998779296875","40,599998474121094","40,08000183105469","40,29999923706055","34,848533630371094","96407500"
"2009-08-27T13:30:00.0000000+00:00","40,290000915527344","40,470001220703125","39,66999816894531","40,400001525878906","34,93501281738281","121957800"
"2009-08-28T13:30:00.0000000+00:00","40,900001525878906","41,08000183105469","40,15999984741211","40,439998626708984","34,969608306884766","114300900"
"2009-08-31T13:30:00.0000000+00:00","40,13999938964844","40,20000076293945","39,790000915527344","40,029998779296875","34,61506652832031","96415300"
"2009-09-01T13:30:00.0000000+00:00","39,88999938964844","40,59000015258789","39,15999984741211","39,279998779296875","33,96651840209961","162958900"
"2009-09-02T13:30:00.0000000+00:00","39,06999969482422","39,470001220703125","39,040000915527344","39,25","33,94057846069336","92757200"
"2009-09-03T13:30:00.0000000+00:00","39,439998626708984","39,56999969482422","39,02000045776367","39,5099983215332","34,16539001464844","76783100"
"2009-09-04T13:30:00.0000000+00:00","39,58000183105469","40,380001068115234","39,52000045776367","40,36000061035156","34,90042495727539","74866600"
"2009-09-08T13:30:00.0000000+00:00","40,68000030517578","40,779998779296875","40,459999084472656","40,7400016784668","35,22902297973633","71024400"
"2009-09-09T13:30:00.0000000+00:00","40,77000045776367","41,290000915527344","40,59000015258789","41,09000015258789","35,53166580200195","99280800"
"2009-09-10T13:30:00.0000000+00:00","41,11000061035156","41,529998779296875","41","41,47999954223633","35,86891174316406","99289100"
"2009-09-11T13:30:00.0000000+00:00","41,5099983215332","41,619998931884766","41,220001220703125","41,52000045776367","35,90350341796875","93868400"
"2009-09-14T13:30:00.0000000+00:00","41,25","41,709999084472656","41,209999084472656","41,68000030517578","36,04187774658203","90435600"
"2009-09-15T13:30:00.0000000+00:00","41,650001525878906","41,95000076293945","41,56999969482422","41,810001373291016","36,1542854309082","91594600"
"2009-09-16T13:30:00.0000000+00:00","42","42,47999954223633","41,84000015258789","42,41999816894531","36,68175506591797","96888500"
"2009-09-17T13:30:00.0000000+00:00","42,310001373291016","42,65999984741211","42,209999084472656","42,40999984741211","36,6731071472168","102169600"
"2009-09-18T13:30:00.0000000+00:00","42,540000915527344","42,619998931884766","42,209999084472656","42,439998626708984","36,73456573486328","87444200"
"2009-09-21T13:30:00.0000000+00:00","42,20000076293945","42,70000076293945","42,15999984741211","42,56999969482422","36,847103118896484","71351400"
"2009-09-22T13:30:00.0000000+00:00","42,810001373291016","42,83000183105469","42,439998626708984","42,650001525878906","36,916343688964844","75638400"
"2009-09-23T13:30:00.0000000+00:00","42,83000183105469","43,16999816894531","42,380001068115234","42,45000076293945","36,74321746826172","143924100"
"2009-09-24T13:30:00.0000000+00:00","42,619998931884766","42,689998626708984","41,77000045776367","42,06999969482422","36,414329528808594","111016400"
"2009-09-25T13:30:00.0000000+00:00","41,7599983215332","42,09000015258789","41,58000183105469","41,70000076293945","36,09404754638672","109216000"
"2009-09-28T13:30:00.0000000+00:00","41,93000030517578","42,65999984741211","41,88999938964844","42,40999984741211","36,708595275878906","84478500"
"2009-09-29T13:30:00.0000000+00:00","42,40999984741211","42,619998931884766","42,029998779296875","42,220001220703125","36,544124603271484","106686400"
"2009-09-30T13:30:00.0000000+00:00","42,38999938964844","42,599998474121094","41,599998474121094","42,25","36,57011032104492","173102700"
"2009-10-01T13:30:00.0000000+00:00","42,099998474121094","42,130001068115234","41","41","35,4881591796875","140119100"
"2009-10-02T13:30:00.0000000+00:00","40,720001220703125","41,25","40,720001220703125","40,880001068115234","35,38427734375","145286400"
"2009-10-05T13:30:00.0000000+00:00","41,09000015258789","41,400001525878906","40,83000183105469","41,209999084472656","35,669918060302734","97054200"
"2009-10-06T13:30:00.0000000+00:00","41,439998626708984","42,13999938964844","41,41999816894531","41,939998626708984","36,30176544189453","124628000"
"2009-10-07T13:30:00.0000000+00:00","41,88999938964844","42,08000183105469","41,77000045776367","42,060001373291016","36,405643463134766","93787600"
"2009-10-08T13:30:00.0000000+00:00","42,310001373291016","42,619998931884766","42,13999938964844","42,2400016784668","36,56145477294922","107850400"
"2009-10-09T13:30:00.0000000+00:00","42,150001525878906","42,54999923706055","42,060001373291016","42,47999954223633","36,76918029785156","62828000"
"2009-10-12T13:30:00.0000000+00:00","42,650001525878906","42,869998931884766","42,279998779296875","42,56999969482422","36,847103118896484","53221900"
"2009-10-13T13:30:00.0000000+00:00","42,529998779296875","42,75","42,369998931884766","42,58000183105469","36,85575866699219","70939300"
"2009-10-14T13:30:00.0000000+00:00","43,11000061035156","43,209999084472656","42,849998474121094","43,15999984741211","37,35776901245117","91004900"
"2009-10-15T13:30:00.0000000+00:00","42,93000030517578","43,119998931884766","42,869998931884766","43,060001373291016","37,271202087402344","85772800"
"2009-10-16T13:30:00.0000000+00:00","42,900001525878906","42,9900016784668","42,47999954223633","42,779998779296875","37,02885818481445","111859300"
"2009-10-19T13:30:00.0000000+00:00","42,810001373291016","43,27000045776367","42,59000015258789","43,209999084472656","37,40104675292969","83512000"
"2009-10-20T13:30:00.0000000+00:00","43,459999084472656","43,459999084472656","42,939998626708984","43,220001220703125","37,40971374511719","89847900"
"2009-10-21T13:30:00.0000000+00:00","43,209999084472656","43,81999969482422","43,060001373291016","43,13999938964844","37,3404541015625","110397400"
"2009-10-22T13:30:00.0000000+00:00","43,060001373291016","43,4900016784668","42,790000915527344","43,310001373291016","37,48759841918945","85871800"
"2009-10-23T13:30:00.0000000+00:00","43,72999954223633","43,72999954223633","43,02000045776367","43,130001068115234","37,33180236816406","117020400"
"2009-10-26T13:30:00.0000000+00:00","43,20000076293945","43,7599983215332","42,790000915527344","42,9900016784668","37,210636138916016","107068600"
"2009-10-27T13:30:00.0000000+00:00","42,93000030517578","43,11000061035156","42,18000030517578","42,34000015258789","36,64801788330078","121438200"
"2009-10-28T13:30:00.0000000+00:00","42,189998626708984","42,31999969482422","41,29999923706055","41,38999938964844","35,82572937011719","143553600"
"2009-10-29T13:30:00.0000000+00:00","41,630001068115234","42,189998626708984","41,540000915527344","42,09000015258789","36,43160629272461","85207600"
"2009-10-30T13:30:00.0000000+00:00","42,060001373291016","42,150001525878906","40,91999816894531","40,959999084472656","35,453529357910156","162796500"
"2009-11-02T14:30:00.0000000+00:00","41","41,56999969482422","40,63999938964844","41,130001068115234","35,600669860839844","142456600"
"2009-11-03T14:30:00.0000000+00:00","40,90999984741211","41,31999969482422","40,84000015258789","41,2599983215332","35,71320343017578","95107000"
"2009-11-04T14:30:00.0000000+00:00","41,529998779296875","41,869998931884766","41,279998779296875","41,33000183105469","35,7738037109375","107970600"
"2009-11-05T14:30:00.0000000+00:00","41,810001373291016","42,400001525878906","41,779998779296875","42,349998474121094","36,656673431396484","135204800"
"2009-11-06T14:30:00.0000000+00:00","42,119998931884766","42,650001525878906","42,08000183105469","42,599998474121094","36,87305450439453","96312300"
"2009-11-09T14:30:00.0000000+00:00","42,93000030517578","43,52000045776367","42,880001068115234","43,5099983215332","37,66072082519531","101620800"
"2009-11-10T14:30:00.0000000+00:00","43,459999084472656","43,77000045776367","43,400001525878906","43,619998931884766","37,755943298339844","72846500"
"2009-11-11T14:30:00.0000000+00:00","43,95000076293945","44,13999938964844","43,61000061035156","43,900001525878906","37,99829864501953","84676200"
"2009-11-12T14:30:00.0000000+00:00","43,93000030517578","44,15999984741211","43,54999923706055","43,650001525878906","37,78190231323242","92426100"
"2009-11-13T14:30:00.0000000+00:00","43,779998779296875","44,13999938964844","43,630001068115234","44,0099983215332","38,093505859375","87959500"
"2009-11-16T14:30:00.0000000+00:00","44,20000076293945","44,650001525878906","44,119998931884766","44,459999084472656","38,483001708984375","87776100"
"2009-11-17T14:30:00.0000000+00:00","44,34000015258789","44,599998474121094","44,25","44,599998474121094","38,60417556762695","81884000"
"2009-11-18T14:30:00.0000000+00:00","44,459999084472656","44,4900016784668","44,04999923706055","44,349998474121094","38,387794494628906","100240800"
"2009-11-19T14:30:00.0000000+00:00","44,04999923706055","44,08000183105469","43,349998474121094","43,65999984741211","37,790550231933594","114558000"
"2009-11-20T14:30:00.0000000+00:00","43,43000030517578","43,54999923706055","43,279998779296875","43,439998626708984","37,60013961791992","70912100"
"2009-11-23T14:30:00.0000000+00:00","43,88999938964844","44,400001525878906","43,86000061035156","44,13999938964844","38,206016540527344","91621500"
"2009-11-24T14:30:00.0000000+00:00","44,119998931884766","44,150001525878906","43,72999954223633","43,9900016784668","38,0761833190918","60670000"
"2009-11-25T14:30:00.0000000+00:00","44,13999938964844","44,220001220703125","44,0099983215332","44,18000030517578","38,24064636230469","37630100"
"2009-11-27T14:30:00.0000000+00:00","42,970001220703125","43,83000183105469","42,900001525878906","43,5099983215332","37,66072082519531","61230000"
"2009-11-30T14:30:00.0000000+00:00","43,40999984741211","43,619998931884766","43,11000061035156","43,560001373291016","37,704002380371094","84819400"
"2009-12-01T14:30:00.0000000+00:00","43,88999938964844","44,29999923706055","43,880001068115234","44,0099983215332","38,093505859375","81817800"
"2009-12-02T14:30:00.0000000+00:00","44,15999984741211","44,4900016784668","43,97999954223633","44,06999969482422","38,14543914794922","81653600"
"2009-12-03T14:30:00.0000000+00:00","44,22999954223633","44,5","43,880001068115234","43,88999938964844","37,98963165283203","72460400"
"2009-12-04T14:30:00.0000000+00:00","44,45000076293945","44,72999954223633","43,65999984741211","44,119998931884766","38,18871307373047","125062600"
"2009-12-07T14:30:00.0000000+00:00","44,09000015258789","44,290000915527344","43,81999969482422","43,90999984741211","38,00694274902344","67471900"
"2009-12-08T14:30:00.0000000+00:00","43,65999984741211","44","43,36000061035156","43,63999938964844","37,773231506347656","86621400"
"2009-12-09T14:30:00.0000000+00:00","43,599998474121094","44,119998931884766","43,31999969482422","44,08000183105469","38,15408706665039","78820500"
"2009-12-10T14:30:00.0000000+00:00","44,27000045776367","44,540000915527344","44,2400016784668","44,29999923706055","38,34452438354492","76722400"
"2009-12-11T14:30:00.0000000+00:00","44,540000915527344","44,59000015258789","43,95000076293945","44,130001068115234","38,19738006591797","66643700"
"2009-12-14T14:30:00.0000000+00:00","44,43000030517578","44,599998474121094","44,189998626708984","44,54999923706055","38,56092071533203","47965500"
"2009-12-15T14:30:00.0000000+00:00","44,40999984741211","44,66999816894531","44,16999816894531","44,29999923706055","38,34452438354492","61171100"
"2009-12-16T14:30:00.0000000+00:00","44,470001220703125","44,70000076293945","44,290000915527344","44,36000061035156","38,39645767211914","61629700"
"2009-12-17T14:30:00.0000000+00:00","44,15999984741211","44,209999084472656","43,7599983215332","43,81999969482422","37,929039001464844","90440900"
"2009-12-18T14:30:00.0000000+00:00","44,15999984741211","44,47999954223633","44","44,459999084472656","38,54722595214844","96442600"
"2009-12-21T14:30:00.0000000+00:00","44,689998626708984","45,130001068115234","44,66999816894531","44,959999084472656","38,980735778808594","82357400"
"2009-12-22T14:30:00.0000000+00:00","45,11000061035156","45,290000915527344","45,029998779296875","45,22999954223633","39,21480941772461","51569100"
"2009-12-23T14:30:00.0000000+00:00","45,31999969482422","45,56999969482422","45,209999084472656","45,560001373291016","39,50093078613281","73932200"
"2009-12-24T14:30:00.0000000+00:00","45,61000061035156","45,97999954223633","45,599998474121094","45,97999954223633","39,86505889892578","31770400"
"2009-12-28T14:30:00.0000000+00:00","46,09000015258789","46,29999923706055","45,939998626708984","46,220001220703125","40,07316589355469","49381400"
"2009-12-29T14:30:00.0000000+00:00","46,22999954223633","46,25","45,9900016784668","46,029998779296875","39,90841293334961","32410200"
"2009-12-30T14:30:00.0000000+00:00","45,97999954223633","46,2599983215332","45,959999084472656","46,16999816894531","40,029815673828125","57612700"
"2009-12-31T14:30:00.0000000+00:00","46,2599983215332","46,279998779296875","45,75","45,75","39,665672302246094","50079200"
"2010-01-04T14:30:00.0000000+00:00","46,33000183105469","46,4900016784668","46,27000045776367","46,41999816894531","40,24655532836914","62822800"
"2010-01-05T14:30:00.0000000+00:00","46,38999938964844","46,5","46,15999984741211","46,41999816894531","40,24655532836914","62935600"
"2010-01-06T14:30:00.0000000+00:00","46,400001525878906","46,54999923706055","46,06999969482422","46,13999938964844","40,003787994384766","96033000"
"2010-01-07T14:30:00.0000000+00:00","46,209999084472656","46,27000045776367","45,91999816894531","46,16999816894531","40,029815673828125","77094100"
"2010-01-08T14:30:00.0000000+00:00","46,06999969482422","46,54999923706055","45,93000030517578","46,54999923706055","40,35927963256836","88886600"
"2010-01-11T14:30:00.0000000+00:00","46,61000061035156","46,63999938964844","46,119998931884766","46,36000061035156","40,19454574584961","104673400"
"2010-01-12T14:30:00.0000000+00:00","46,08000183105469","46,13999938964844","45,529998779296875","45,779998779296875","39,691654205322266","90673900"
"2010-01-13T14:30:00.0000000+00:00","45,91999816894531","46,4900016784668","45,61000061035156","46,349998474121094","40,18587112426758","100661000"
"2010-01-14T14:30:00.0000000+00:00","46,2599983215332","46,52000045776367","46,220001220703125","46,38999938964844","40,22054672241211","75209000"
"2010-01-15T14:30:00.0000000+00:00","46,470001220703125","46,54999923706055","45,650001525878906","45,849998474121094","39,75238037109375","126849300"
"2010-01-19T14:30:00.0000000+00:00","45,959999084472656","46,63999938964844","45,95000076293945","46,59000015258789","40,39393615722656","84388200"
"2010-01-20T14:30:00.0000000+00:00","46,2599983215332","46,599998474121094","45,43000030517578","45,91999816894531","39,813045501708984","145680000"
"2010-01-21T14:30:00.0000000+00:00","46,04999923706055","46,349998474121094","45,29999923706055","45,4900016784668","39,44023895263672","204939600"
"2010-01-22T14:30:00.0000000+00:00","45,34000015258789","45,47999954223633","44,040000915527344","44,15999984741211","38,287132263183594","171098700"
"2010-01-25T14:30:00.0000000+00:00","44,43000030517578","44,599998474121094","44,119998931884766","44,310001373291016","38,41716766357422","154218700"
"2010-01-26T14:30:00.0000000+00:00","44,2599983215332","44,88999938964844","44,04999923706055","44,349998474121094","38,45185470581055","140816500"
"2010-01-27T14:30:00.0000000+00:00","44,27000045776367","44,849998474121094","44,0099983215332","44,70000076293945","38,75530242919922","161632700"
"2010-01-28T14:30:00.0000000+00:00","44,400001525878906","44,43000030517578","43,31999969482422","43,54999923706055","37,758243560791016","221439800"
"2010-01-29T14:30:00.0000000+00:00","43,90999984741211","44,02000045776367","42,630001068115234","42,790000915527344","37,09933090209961","212099600"
"2010-02-01T14:30:00.0000000+00:00","42,900001525878906","43,279998779296875","42,880001068115234","43,2599983215332","37,506813049316406","136827100"
"2010-02-02T14:30:00.0000000+00:00","43,33000183105469","43,779998779296875","43,029998779296875","43,650001525878906","37,84493637084961","110727700"
"2010-02-03T14:30:00.0000000+00:00","43,439998626708984","43,970001220703125","43,41999816894531","43,88999938964844","38,05302810668945","93581600"
"2010-02-04T14:30:00.0000000+00:00","43,56999969482422","43,65999984741211","42,619998931884766","42,619998931884766","36,951927185058594","151652500"
"2010-02-05T14:30:00.0000000+00:00","42,72999954223633","43,02000045776367","42,119998931884766","42,97999954223633","37,264041900634766","213618600"
"2010-02-08T14:30:00.0000000+00:00","42,90999984741211","43,18000030517578","42,63999938964844","42,66999816894531","36,99526596069336","94354400"
"2010-02-09T14:30:00.0000000+00:00","43,18000030517578","43,5099983215332","42,7599983215332","43,11000061035156","37,37675476074219","118956000"
"2010-02-10T14:30:00.0000000+00:00","43,11000061035156","43,310001373291016","42,75","43,02000045776367","37,298736572265625","94102900"
"2010-02-11T14:30:00.0000000+00:00","43,029998779296875","43,790000915527344","42,7599983215332","43,66999816894531","37,8622932434082","93050800"
"2010-02-12T14:30:00.0000000+00:00","43,279998779296875","43,880001068115234","43,15999984741211","43,7599983215332","37,940330505371094","93938500"
"2010-02-16T14:30:00.0000000+00:00","44,08000183105469","44,349998474121094","43,849998474121094","44,31999969482422","38,42583465576172","83861400"
"2010-02-17T14:30:00.0000000+00:00","44,52000045776367","44,56999969482422","44,2599983215332","44,56999969482422","38,642601013183594","82691700"
"2010-02-18T14:30:00.0000000+00:00","44,540000915527344","44,93000030517578","44,45000076293945","44,849998474121094","38,885345458984375","65752600"
"2010-02-19T14:30:00.0000000+00:00","44,72999954223633","45,04999923706055","44,619998931884766","44,83000183105469","38,86801528930664","80416500"
"2010-02-22T14:30:00.0000000+00:00","45,0099983215332","45,029998779296875","44,560001373291016","44,7400016784668","38,78999328613281","72055000"
"2010-02-23T14:30:00.0000000+00:00","44,709999084472656","44,7400016784668","43,95000076293945","44,15999984741211","38,287132263183594","95814400"
"2010-02-24T14:30:00.0000000+00:00","44,38999938964844","44,790000915527344","44,31999969482422","44,61000061035156","38,67728042602539","86591000"
"2010-02-25T14:30:00.0000000+00:00","44,13999938964844","44,70000076293945","43,83000183105469","44,599998474121094","38,66860580444336","97961300"
"2010-02-26T14:30:00.0000000+00:00","44,59000015258789","44,86000061035156","44,400001525878906","44,7599983215332","38,80732727050781","66222400"
"2010-03-01T14:30:00.0000000+00:00","44,959999084472656","45,4900016784668","44,95000076293945","45,40999984741211","39,37087631225586","77290100"
"2010-03-02T14:30:00.0000000+00:00","45,56999969482422","45,849998474121094","45,45000076293945","45,54999923706055","39,49226379394531","76368500"
"2010-03-03T14:30:00.0000000+00:00","45,65999984741211","45,81999969482422","45,43000030517578","45,599998474121094","39,53560256958008","65735500"
"2010-03-04T14:30:00.0000000+00:00","45,630001068115234","45,810001373291016","45,400001525878906","45,75","39,665672302246094","54470900"
"2010-03-05T14:30:00.0000000+00:00","46,09000015258789","46,540000915527344","45,9900016784668","46,439998626708984","40,263912200927734","68136300"
"2010-03-08T14:30:00.0000000+00:00","46,459999084472656","46,63999938964844","46,439998626708984","46,529998779296875","40,3419303894043","58712400"
"2010-03-09T14:30:00.0000000+00:00","46,43000030517578","47,04999923706055","46,400001525878906","46,790000915527344","40,56734085083008","98002800"
"2010-03-10T14:30:00.0000000+00:00","46,81999969482422","47,279998779296875","46,79999923706055","47,16999816894531","40,89680862426758","102578900"
"2010-03-11T14:30:00.0000000+00:00","47,060001373291016","47,349998474121094","46,97999954223633","47,349998474121094","41,05288314819336","67510300"
"2010-03-12T14:30:00.0000000+00:00","47,5","47,529998779296875","47,099998474121094","47,36000061035156","41,06155014038086","64068300"
"2010-03-15T13:30:00.0000000+00:00","47,2599983215332","47,380001068115234","46,90999984741211","47,2400016784668","40,95751190185547","60150500"
"2010-03-16T13:30:00.0000000+00:00","47,38999938964844","47,61000061035156","47,22999954223633","47,540000915527344","41,21760940551758","74950600"
"2010-03-17T13:30:00.0000000+00:00","47,61000061035156","47,900001525878906","47,529998779296875","47,66999816894531","41,330318450927734","75643500"
"2010-03-18T13:30:00.0000000+00:00","47,709999084472656","47,880001068115234","47,599998474121094","47,83000183105469","41,46904754638672","77829400"
"2010-03-19T13:30:00.0000000+00:00","47,91999816894531","47,95000076293945","47,31999969482422","47,4900016784668","41,218204498291016","86337100"
"2010-03-22T13:30:00.0000000+00:00","47,29999923706055","48,11000061035156","47,25","47,91999816894531","41,591426849365234","71902800"
"2010-03-23T13:30:00.0000000+00:00","47,9900016784668","48,29999923706055","47,77000045776367","48,25","41,87783432006836","59182600"
"2010-03-24T13:30:00.0000000+00:00","48,16999816894531","48,16999816894531","47,90999984741211","48,02000045776367","41,6782112121582","62995700"
"2010-03-25T13:30:00.0000000+00:00","48,41999816894531","48,599998474121094","47,900001525878906","47,95000076293945","41,61745834350586","76294800"
"2010-03-26T13:30:00.0000000+00:00","48,150001525878906","48,33000183105469","47,7400016784668","48","41,66086196899414","78067900"
"2010-03-29T13:30:00.0000000+00:00","48,2400016784668","48,400001525878906","48,099998474121094","48,22999954223633","41,86049270629883","57993300"
"2010-03-30T13:30:00.0000000+00:00","48,380001068115234","48,54999923706055","48,060001373291016","48,38999938964844","41,99935531616211","49437300"
"2010-03-31T13:30:00.0000000+00:00","48,2400016784668","48,45000076293945","48,06999969482422","48,15999984741211","41,79972457885742","59947400"
"2010-04-01T13:30:00.0000000+00:00","48,36000061035156","48,70000076293945","47,790000915527344","48,15999984741211","41,79972457885742","83728600"
"2010-04-05T13:30:00.0000000+00:00","48,27000045776367","48,720001220703125","48,13999938964844","48,61000061035156","42,19028091430664","56220300"
"2010-04-06T13:30:00.0000000+00:00","48,5","48,900001525878906","48,38999938964844","48,75","42,31181335449219","54097100"
"2010-04-07T13:30:00.0000000+00:00","48,68000030517578","48,869998931884766","48,369998931884766","48,630001068115234","42,2076530456543","77211500"
"2010-04-08T13:30:00.0000000+00:00","48,4900016784668","48,81999969482422","48,2400016784668","48,7400016784668","42,303131103515625","68314300"
"2010-04-09T13:30:00.0000000+00:00","48,75","49,04999923706055","48,630001068115234","49,029998779296875","42,55481719970703","54227300"
"2010-04-12T13:30:00.0000000+00:00","49,04999923706055","49,20000076293945","48,939998626708984","49,06999969482422","42,58953857421875","44280600"
"2010-04-13T13:30:00.0000000+00:00","49,02000045776367","49,349998474121094","48,86000061035156","49,31999969482422","42,806514739990234","59376000"
"2010-04-14T13:30:00.0000000+00:00","49,58000183105469","49,91999816894531","49,5","49,90999984741211","43,318599700927734","69004800"
"2010-04-15T13:30:00.0000000+00:00","49,869998931884766","50,189998626708984","49,869998931884766","50,130001068115234","43,50955581665039","72254200"
"2010-04-16T13:30:00.0000000+00:00","49,95000076293945","50,119998931884766","49,20000076293945","49,529998779296875","42,98880386352539","127388000"
"2010-04-19T13:30:00.0000000+00:00","49,349998474121094","49,65999984741211","48,900001525878906","49,5","42,9627571105957","98251700"
"2010-04-20T13:30:00.0000000+00:00","49,77000045776367","49,880001068115234","49,43000030517578","49,75","43,179752349853516","69543700"
"2010-04-21T13:30:00.0000000+00:00","50,09000015258789","50,189998626708984","49,720001220703125","50,029998779296875","43,42275619506836","74748700"
"2010-04-22T13:30:00.0000000+00:00","49,54999923706055","50,36000061035156","49,2599983215332","50,310001373291016","43,66578674316406","110477200"
"2010-04-23T13:30:00.0000000+00:00","50,29999923706055","50,56999969482422","50,09000015258789","50,52000045776367","43,848052978515625","77205200"
"2010-04-26T13:30:00.0000000+00:00","50,56999969482422","50,650001525878906","50,29999923706055","50,40999984741211","43,752586364746094","67361000"
"2010-04-27T13:30:00.0000000+00:00","50,209999084472656","50,43000030517578","49,209999084472656","49,34000015258789","42,82388687133789","112608000"
"2010-04-28T13:30:00.0000000+00:00","49,599998474121094","49,630001068115234","48,97999954223633","49,369998931884766","42,84993362426758","130082100"
"2010-04-29T13:30:00.0000000+00:00","49,650001525878906","50,33000183105469","49,61000061035156","50,22999954223633","43,596343994140625","84180200"
"2010-04-30T13:30:00.0000000+00:00","50,209999084472656","50,290000915527344","49,20000076293945","49,2400016784668","42,737091064453125","110897000"
"2010-05-03T13:30:00.0000000+00:00","49,45000076293945","50,16999816894531","49,43000030517578","49,93000030517578","43,335975646972656","74169700"
"2010-05-04T13:30:00.0000000+00:00","49,31999969482422","49,31999969482422","48,08000183105469","48,43000030517578","42,0340690612793","141136500"
"2010-05-05T13:30:00.0000000+00:00","47,91999816894531","48,5","47,63999938964844","48,18000030517578","41,817081451416016","128560200"
"2010-05-06T13:30:00.0000000+00:00","47,849998474121094","48,31999969482422","42,63999938964844","46,56999969482422","40,419700622558594","274356800"
"2010-05-07T13:30:00.0000000+00:00","46,220001220703125","46,79999923706055","44,279998779296875","45,40999984741211","39,41289520263672","288200400"
"2010-05-10T13:30:00.0000000+00:00","47,43000030517578","47,79999923706055","47,310001373291016","47,77000045776367","41,46123504638672","136041600"
"2010-05-11T13:30:00.0000000+00:00","47,290000915527344","48,38999938964844","47,20000076293945","47,720001220703125","41,417823791503906","113016100"
"2010-05-12T13:30:00.0000000+00:00","47,97999954223633","48,65999984741211","47,900001525878906","48,619998931884766","42,1989860534668","85462400"
"2010-05-13T13:30:00.0000000+00:00","48,40999984741211","48,790000915527344","47,72999954223633","47,849998474121094","41,530670166015625","102844300"
"2010-05-14T13:30:00.0000000+00:00","47,4900016784668","47,52000045776367","46,380001068115234","46,93000030517578","40,732173919677734","147386100"
"2010-05-17T13:30:00.0000000+00:00","47,02000045776367","47,27000045776367","46,06999969482422","47,08000183105469","40,86234664916992","120969600"
"2010-05-18T13:30:00.0000000+00:00","47,47999954223633","47,58000183105469","46,220001220703125","46,43000030517578","40,298194885253906","153072100"
"2010-05-19T13:30:00.0000000+00:00","46,2599983215332","46,630001068115234","45,54999923706055","46,060001373291016","39,97706604003906","159000300"
"2010-05-20T13:30:00.0000000+00:00","45,15999984741211","45,279998779296875","44,25","44,349998474121094","38,49290084838867","189289800"
"2010-05-21T13:30:00.0000000+00:00","43,65999984741211","45,63999938964844","43,4900016784668","44,84000015258789","38,918190002441406","190631100"
"2010-05-24T13:30:00.0000000+00:00","44,81999969482422","45,33000183105469","44,63999938964844","44,65999984741211","38,76194763183594","113038000"
"2010-05-25T13:30:00.0000000+00:00","43,68000030517578","44,7599983215332","43,22999954223633","44,70000076293945","38,79667663574219","155643000"
"2010-05-26T13:30:00.0000000+00:00","45,0099983215332","45,56999969482422","44,119998931884766","44,20000076293945","38,362693786621094","140203200"
"2010-05-27T13:30:00.0000000+00:00","45,20000076293945","45,88999938964844","45,09000015258789","45,869998931884766","39,81214904785156","110671600"
"2010-05-28T13:30:00.0000000+00:00","45,95000076293945","45,9900016784668","45,20000076293945","45,599998474121094","39,57780838012695","128535300"
"2010-06-01T13:30:00.0000000+00:00","45,43000030517578","46,25","45,130001068115234","45,18000030517578","39,213279724121094","104242700"
"2010-06-02T13:30:00.0000000+00:00","45,439998626708984","46,279998779296875","45,130001068115234","46,25","40,14197540283203","97249300"
"2010-06-03T13:30:00.0000000+00:00","46,380001068115234","46,77000045776367","46,08000183105469","46,689998626708984","40,52386474609375","98928400"
"2010-06-04T13:30:00.0000000+00:00","45,70000076293945","46,290000915527344","44,939998626708984","45,09000015258789","39,135162353515625","112849900"
"2010-06-07T13:30:00.0000000+00:00","45,31999969482422","45,459999084472656","44,220001220703125","44,27000045776367","38,4234733581543","88436600"
"2010-06-08T13:30:00.0000000+00:00","44,349998474121094","44,47999954223633","43,59000015258789","44,189998626708984","38,35403823852539","133030100"
"2010-06-09T13:30:00.0000000+00:00","44,5","44,90999984741211","43,689998626708984","43,81999969482422","38,03287887573242","101949200"
"2010-06-10T13:30:00.0000000+00:00","44,36000061035156","45,119998931884766","44,2400016784668","45,06999969482422","39,117801666259766","76892300"
"2010-06-11T13:30:00.0000000+00:00","44,61000061035156","45,540000915527344","44,61000061035156","45,5","39,49101257324219","74346800"
"2010-06-14T13:30:00.0000000+00:00","45,91999816894531","46,2400016784668","45,40999984741211","45,4900016784668","39,48234176635742","68085000"
"2010-06-15T13:30:00.0000000+00:00","45,72999954223633","46,77000045776367","45,45000076293945","46,709999084472656","40,54121398925781","76332600"
"2010-06-16T13:30:00.0000000+00:00","46,58000183105469","47,13999938964844","46,5","46,900001525878906","40,70613479614258","78399700"
"2010-06-17T13:30:00.0000000+00:00","47,15999984741211","47,18000030517578","46,63999938964844","47,04999923706055","40,836307525634766","77111900"
"2010-06-18T13:30:00.0000000+00:00","47,04999923706055","47,34000015258789","46,86000061035156","47","40,870235443115234","75921400"
"2010-06-21T13:30:00.0000000+00:00","47,599998474121094","47,68000030517578","46,33000183105469","46,599998474121094","40,522396087646484","95488100"
"2010-06-22T13:30:00.0000000+00:00","46,79999923706055","47,13999938964844","46,150001525878906","46,2400016784668","40,20934295654297","94493400"
"2010-06-23T13:30:00.0000000+00:00","46,290000915527344","46,470001220703125","45,689998626708984","46,04999923706055","40,04413604736328","92397600"
"2010-06-24T13:30:00.0000000+00:00","45,849998474121094","45,9900016784668","45,20000076293945","45,349998474121094","39,435420989990234","114145900"
"2010-06-25T13:30:00.0000000+00:00","45,5099983215332","45,65999984741211","44,95000076293945","45,27000045776367","39,443275451660156","88740300"
"2010-06-28T13:30:00.0000000+00:00","45,27000045776367","45,54999923706055","44,810001373291016","45,11000061035156","39,30386734008789","71350000"
"2010-06-29T13:30:00.0000000+00:00","44,41999816894531","44,459999084472656","43,06999969482422","43,369998931884766","37,787818908691406","136384200"
"2010-06-30T13:30:00.0000000+00:00","43,22999954223633","43,66999816894531","42,63999938964844","42,709999084472656","37,21276092529297","101313200"
"2010-07-01T13:30:00.0000000+00:00","42,84000015258789","42,959999084472656","41,77000045776367","42,59000015258789","37,10820007324219","158695000"
"2010-07-02T13:30:00.0000000+00:00","42,65999984741211","42,81999969482422","42,09000015258789","42,470001220703125","37,003662109375","78565300"
"2010-07-06T13:30:00.0000000+00:00","43,099998474121094","43,369998931884766","42,25","42,599998474121094","37,11692428588867","88591900"
"2010-07-07T13:30:00.0000000+00:00","42,7400016784668","44,0099983215332","42,70000076293945","43,959999084472656","38,301876068115234","72448400"
"2010-07-08T13:30:00.0000000+00:00","44,310001373291016","44,380001068115234","43,68000030517578","44,20000076293945","38,51097869873047","78264600"
"2010-07-09T13:30:00.0000000+00:00","44,18000030517578","44,630001068115234","44,08000183105469","44,619998931884766","38,87691879272461","47851200"
"2010-07-12T13:30:00.0000000+00:00","44,58000183105469","45,029998779296875","44,459999084472656","44,75","38,990196228027344","60927500"
"2010-07-13T13:30:00.0000000+00:00","45,13999938964844","45,5","44,79999923706055","45,33000183105469","39,49555206298828","93310500"
"2010-07-14T13:30:00.0000000+00:00","45,41999816894531","45,810001373291016","45,2400016784668","45,560001373291016","39,69593811035156","87687100"
"2010-07-15T13:30:00.0000000+00:00","45,470001220703125","45,7400016784668","44,9900016784668","45,599998474121094","39,730804443359375","95992500"
"2010-07-16T13:30:00.0000000+00:00","45,439998626708984","45,630001068115234","44,29999923706055","44,34000015258789","38,63298034667969","98831900"
"2010-07-19T13:30:00.0000000+00:00","44,470001220703125","44,810001373291016","44,099998474121094","44,720001220703125","38,96406936645508","81800800"
"2010-07-20T13:30:00.0000000+00:00","44","45,2599983215332","43,86000061035156","45,2599983215332","39,43456268310547","89061200"
"2010-07-21T13:30:00.0000000+00:00","45,7400016784668","45,7599983215332","44,560001373291016","44,63999938964844","38,89435958862305","83577000"
"2010-07-22T13:30:00.0000000+00:00","45,27000045776367","45,97999954223633","45,2400016784668","45,77000045776367","39,878929138183594","82890300"
"2010-07-23T13:30:00.0000000+00:00","45,459999084472656","46,099998474121094","45,380001068115234","46,060001373291016","40,13158416748047","81056100"
"2010-07-26T13:30:00.0000000+00:00","46,119998931884766","46,459999084472656","45,90999984741211","46,439998626708984","40,46267318725586","64850900"
"2010-07-27T13:30:00.0000000+00:00","46,63999938964844","46,720001220703125","46,209999084472656","46,41999816894531","40,44524383544922","67655600"
"2010-07-28T13:30:00.0000000+00:00","46,369998931884766","46,58000183105469","45,880001068115234","46,04999923706055","40,122886657714844","51988200"
"2010-07-29T13:30:00.0000000+00:00","46,31999969482422","46,40999984741211","45,25","45,709999084472656","39,826637268066406","85669500"
"2010-07-30T13:30:00.0000000+00:00","45,33000183105469","46,09000015258789","45,06999969482422","45,810001373291016","39,91377639770508","98958100"
"2010-08-02T13:30:00.0000000+00:00","46,38999938964844","46,790000915527344","46,209999084472656","46,66999816894531","40,6630744934082","68706800"
"2010-08-03T13:30:00.0000000+00:00","46,63999938964844","46,70000076293945","46,25","46,470001220703125","40,48881912231445","60856600"
"2010-08-04T13:30:00.0000000+00:00","46,68000030517578","46,9900016784668","46,5","46,939998626708984","40,89833068847656","43820600"
"2010-08-05T13:30:00.0000000+00:00","46,709999084472656","46,91999816894531","46,52000045776367","46,83000183105469","40,802490234375","39150200"
"2010-08-06T13:30:00.0000000+00:00","46,31999969482422","46,849998474121094","46,04999923706055","46,7599983215332","40,74149703979492","71339200"
"2010-08-09T13:30:00.0000000+00:00","47","47,189998626708984","46,790000915527344","47,08000183105469","41,020294189453125","26927600"
"2010-08-10T13:30:00.0000000+00:00","46,70000076293945","46,95000076293945","46,279998779296875","46,66999816894531","40,6630744934082","86694500"
"2010-08-11T13:30:00.0000000+00:00","45,900001525878906","45,91999816894531","45,209999084472656","45,400001525878906","39,5565299987793","92219700"
"2010-08-12T13:30:00.0000000+00:00","44,529998779296875","45,2400016784668","44,45000076293945","45,040000915527344","39,24286651611328","66000200"
"2010-08-13T13:30:00.0000000+00:00","44,869998931884766","45,060001373291016","44,709999084472656","44,720001220703125","38,96406936645508","46387300"
"2010-08-16T13:30:00.0000000+00:00","44,5","45,11000061035156","44,29999923706055","44,79999923706055","39,03375244140625","55472900"
"2010-08-17T13:30:00.0000000+00:00","45,119998931884766","45,779998779296875","45,029998779296875","45,369998931884766","39,53038787841797","56927100"
"2010-08-18T13:30:00.0000000+00:00","45,279998779296875","45,81999969482422","45,11000061035156","45,54999923706055","39,68723678588867","61835400"
"2010-08-19T13:30:00.0000000+00:00","45,279998779296875","45,459999084472656","44,560001373291016","44,86000061035156","39,08604431152344","82969500"
"2010-08-20T13:30:00.0000000+00:00","44,790000915527344","45,029998779296875","44,540000915527344","44,91999816894531","39,138328552246094","65806700"
"2010-08-23T13:30:00.0000000+00:00","45,20000076293945","45,34000015258789","44,459999084472656","44,47999954223633","38,75494384765625","69612200"
"2010-08-24T13:30:00.0000000+00:00","43,970001220703125","44,119998931884766","43,470001220703125","43,650001525878906","38,031768798828125","79095800"
"2010-08-25T13:30:00.0000000+00:00","43,34000015258789","44,2599983215332","43,27000045776367","44,06999969482422","38,397708892822266","87247900"
"2010-08-26T13:30:00.0000000+00:00","44,220001220703125","44,31999969482422","43,5","43,540000915527344","37,93592834472656","91199000"
"2010-08-27T13:30:00.0000000+00:00","43,86000061035156","44,15999984741211","42,970001220703125","44,06999969482422","38,397708892822266","109568800"
"2010-08-30T13:30:00.0000000+00:00","43,86000061035156","44,25","43,599998474121094","43,61000061035156","37,99694061279297","49373200"
"2010-08-31T13:30:00.0000000+00:00","43,380001068115234","43,849998474121094","43,18000030517578","43,459999084472656","37,866233825683594","72066900"
"2010-09-01T13:30:00.0000000+00:00","44,099998474121094","44,90999984741211","44,06999969482422","44,7599983215332","38,99892044067383","83523100"
"2010-09-02T13:30:00.0000000+00:00","44,84000015258789","45,279998779296875","44,72999954223633","45,2599983215332","39,43456268310547","41816800"
"2010-09-03T13:30:00.0000000+00:00","45,7599983215332","46,02000045776367","45,54999923706055","46,0099983215332","40,08803176879883","64041100"
"2010-09-07T13:30:00.0000000+00:00","45,81999969482422","46,029998779296875","45,630001068115234","45,70000076293945","39,81793975830078","51195200"
"2010-09-08T13:30:00.0000000+00:00","45,83000183105469","46,45000076293945","45,81999969482422","46,25","40,297149658203125","66879800"
"2010-09-09T13:30:00.0000000+00:00","46,65999984741211","46,70000076293945","46,31999969482422","46,43000030517578","40,45397186279297","61476400"
"2010-09-10T13:30:00.0000000+00:00","46,47999954223633","46,66999816894531","46,25","46,599998474121094","40,602081298828125","66995700"
"2010-09-13T13:30:00.0000000+00:00","46,959999084472656","47,369998931884766","46,939998626708984","47,25","41,168426513671875","64523400"
"2010-09-14T13:30:00.0000000+00:00","47,189998626708984","47,70000076293945","47,08000183105469","47,45000076293945","41,3426628112793","91405800"
"2010-09-15T13:30:00.0000000+00:00","47,33000183105469","47,79999923706055","47,189998626708984","47,75","41,60406494140625","67108200"
"2010-09-16T13:30:00.0000000+00:00","47,65999984741211","47,97999954223633","47,540000915527344","47,939998626708984","41,76960372924805","66885800"
"2010-09-17T13:30:00.0000000+00:00","48,13999938964844","48,13999938964844","47,75","47,9900016784668","41,911102294921875","76372600"
"2010-09-20T13:30:00.0000000+00:00","48,16999816894531","48,93000030517578","48,11000061035156","48,83000183105469","42,64469528198242","84475000"
"2010-09-21T13:30:00.0000000+00:00","48,86000061035156","49,16999816894531","48,61000061035156","48,81999969482422","42,63595962524414","82272000"
"2010-09-22T13:30:00.0000000+00:00","48,619998931884766","49,02000045776367","48,41999816894531","48,689998626708984","42,52242660522461","88315900"
"2010-09-23T13:30:00.0000000+00:00","48,369998931884766","49,15999984741211","48,31999969482422","48,66999816894531","42,50495529174805","85040000"
"2010-09-24T13:30:00.0000000+00:00","49,220001220703125","49,689998626708984","49,150001525878906","49,65999984741211","43,36956024169922","79495900"
"2010-09-27T13:30:00.0000000+00:00","49,630001068115234","49,75","49,349998474121094","49,38999938964844","43,133750915527344","43859800"
"2010-09-28T13:30:00.0000000+00:00","49,5099983215332","49,540000915527344","48,59000015258789","49,369998931884766","43,11627960205078","104922900"
"2010-09-29T13:30:00.0000000+00:00","49,29999923706055","49,529998779296875","49,11000061035156","49,290000915527344","43,046417236328125","81679200"
"2010-09-30T13:30:00.0000000+00:00","49,540000915527344","49,84000015258789","48,75","49,06999969482422","42,85427474975586","122458600"
"2010-10-01T13:30:00.0000000+00:00","49,47999954223633","49,529998779296875","48,779998779296875","49,0099983215332","42,801876068115234","77675400"
"2010-10-04T13:30:00.0000000+00:00","48,869998931884766","49,04999923706055","48,20000076293945","48,47999954223633","42,339019775390625","71359900"
"2010-10-05T13:30:00.0000000+00:00","49,029998779296875","49,7599983215332","49","49,65999984741211","43,36956024169922","99301300"
"2010-10-06T13:30:00.0000000+00:00","49,599998474121094","49,709999084472656","48,90999984741211","49,22999954223633","42,99403381347656","81831200"
"2010-10-07T13:30:00.0000000+00:00","49,5099983215332","49,540000915527344","49","49,40999984741211","43,151222229003906","75693300"
"2010-10-08T13:30:00.0000000+00:00","49,43000030517578","49,869998931884766","49,08000183105469","49,75","43,44814682006836","83223900"
"2010-10-11T13:30:00.0000000+00:00","49,779998779296875","50,02000045776367","49,619998931884766","49,77000045776367","43,46563720703125","46880000"
"2010-10-12T13:30:00.0000000+00:00","49,689998626708984","50,209999084472656","49,2599983215332","50,11000061035156","43,762550354003906","88571700"
"2010-10-13T13:30:00.0000000+00:00","50,43000030517578","50,75","50,279998779296875","50,52000045776367","44,12063217163086","71122900"
"2010-10-14T13:30:00.0000000+00:00","50,54999923706055","50,63999938964844","50,16999816894531","50,41999816894531","44,03327941894531","68464000"
"2010-10-15T13:30:00.0000000+00:00","51,040000915527344","51,5","50,630001068115234","51,4900016784668","44,96775436401367","104654000"
"2010-10-18T13:30:00.0000000+00:00","51,5","51,720001220703125","51,29999923706055","51,29999923706055","44,80181121826172","72399400"
"2010-10-19T13:30:00.0000000+00:00","50,81999969482422","51,29999923706055","50,41999816894531","50,81999969482422","44,38261032104492","105739800"
"2010-10-20T13:30:00.0000000+00:00","50,959999084472656","51,56999969482422","50,869998931884766","51,189998626708984","44,70574951171875","80861400"
"2010-10-21T13:30:00.0000000+00:00","51,5099983215332","51,709999084472656","50,790000915527344","51,290000915527344","44,79307174682617","85885400"
"2010-10-22T13:30:00.0000000+00:00","51,29999923706055","51,689998626708984","51,209999084472656","51,63999938964844","45,09874725341797","47406900"
"2010-10-25T13:30:00.0000000+00:00","51,849998474121094","52,22999954223633","51,849998474121094","51,88999938964844","45,31709671020508","51413900"
"2010-10-26T13:30:00.0000000+00:00","51,630001068115234","52,150001525878906","51,41999816894531","52,029998779296875","45,439334869384766","60498300"
"2010-10-27T13:30:00.0000000+00:00","51,7599983215332","52,22999954223633","51,65999984741211","52,189998626708984","45,579063415527344","57483400"
"2010-10-28T13:30:00.0000000+00:00","52,40999984741211","52,45000076293945","51,84000015258789","52,29999923706055","45,67513656616211","61220000"
"2010-10-29T13:30:00.0000000+00:00","52,29999923706055","52,4900016784668","52,16999816894531","52,18000030517578","45,570343017578125","46668700"
"2010-11-01T13:30:00.0000000+00:00","52,369998931884766","52,75","51,97999954223633","52,220001220703125","45,60527038574219","60555600"
"2010-11-02T13:30:00.0000000+00:00","52,650001525878906","52,93000030517578","52,58000183105469","52,779998779296875","46,0943489074707","48137500"
"2010-11-03T13:30:00.0000000+00:00","52,83000183105469","53,040000915527344","52,36000061035156","53,02000045776367","46,30392074584961","126225800"
"2010-11-04T13:30:00.0000000+00:00","53,599998474121094","53,86000061035156","53,5","53,66999816894531","46,8715934753418","84201000"
"2010-11-05T13:30:00.0000000+00:00","53,70000076293945","53,810001373291016","53,5099983215332","53,66999816894531","46,8715934753418","77937100"
"2010-11-08T14:30:00.0000000+00:00","53,58000183105469","53,83000183105469","53,45000076293945","53,7400016784668","46,9327392578125","39623500"
"2010-11-09T14:30:00.0000000+00:00","53,95000076293945","54,040000915527344","53,209999084472656","53,45000076293945","46,679466247558594","66828700"
"2010-11-10T14:30:00.0000000+00:00","53,52000045776367","53,77000045776367","53,099998474121094","53,720001220703125","46,91527557373047","83553700"
"2010-11-11T14:30:00.0000000+00:00","52,90999984741211","53,47999954223633","52,65999984741211","53,380001068115234","46,61833190917969","85163600"
"2010-11-12T14:30:00.0000000+00:00","53,099998474121094","53,369998931884766","52,11000061035156","52,5099983215332","45,858558654785156","99164300"
"2010-11-15T14:30:00.0000000+00:00","52,779998779296875","52,880001068115234","52,290000915527344","52,310001373291016","45,683876037597656","56723400"
"2010-11-16T14:30:00.0000000+00:00","51,939998626708984","52,25","50,849998474121094","51,45000076293945","44,93281555175781","101097000"
"2010-11-17T14:30:00.0000000+00:00","51,47999954223633","51,869998931884766","51,349998474121094","51,599998474121094","45,063804626464844","77836200"
"2010-11-18T14:30:00.0000000+00:00","52,15999984741211","52,790000915527344","52,130001068115234","52,43000030517578","45,788665771484375","71488300"
"2010-11-19T14:30:00.0000000+00:00","52,36000061035156","52,59000015258789","52,13999938964844","52,470001220703125","45,823612213134766","54506100"
"2010-11-22T14:30:00.0000000+00:00","52,2599983215332","52,90999984741211","52,16999816894531","52,90999984741211","46,2078742980957","69918900"
"2010-11-23T14:30:00.0000000+00:00","52,369998931884766","52,45000076293945","51,77000045776367","52,06999969482422","45,474308013916016","76818300"
"2010-11-24T14:30:00.0000000+00:00","52,58000183105469","53,25","52,560001373291016","53,119998931884766","46,391265869140625","53444200"
"2010-11-26T14:30:00.0000000+00:00","52,779998779296875","53,130001068115234","52,66999816894531","52,77000045776367","46,08561706542969","23640300"
"2010-11-29T14:30:00.0000000+00:00","52,70000076293945","52,900001525878906","52,099998474121094","52,72999954223633","46,0506706237793","89269100"
"2010-11-30T14:30:00.0000000+00:00","52,18000030517578","52,7400016784668","51,880001068115234","52,09000015258789","45,49173355102539","118862100"
"2010-12-01T14:30:00.0000000+00:00","52,86000061035156","53,459999084472656","52,84000015258789","53,189998626708984","46,45240783691406","81758800"
"2010-12-02T14:30:00.0000000+00:00","53,27000045776367","53,810001373291016","53,209999084472656","53,72999954223633","46,92399597167969","56844600"
"2010-12-03T14:30:00.0000000+00:00","53,5","53,939998626708984","53,5","53,869998931884766","47,04624938964844","38014200"
"2010-12-06T14:30:00.0000000+00:00","53,880001068115234","53,95000076293945","53,68000030517578","53,849998474121094","47,02880859375","39312000"
"2010-12-07T14:30:00.0000000+00:00","54,5","54,52000045776367","53,81999969482422","53,880001068115234","47,05500411987305","59067300"
"2010-12-08T14:30:00.0000000+00:00","54,02000045776367","54,150001525878906","53,689998626708984","54,08000183105469","47,22967529296875","48066900"
"2010-12-09T14:30:00.0000000+00:00","54,40999984741211","54,439998626708984","53,95000076293945","54,130001068115234","47,27334976196289","51679800"
"2010-12-10T14:30:00.0000000+00:00","54,290000915527344","54,54999923706055","54,09000015258789","54,4900016784668","47,58772659301758","44696200"
"2010-12-13T14:30:00.0000000+00:00","54,70000076293945","54,7400016784668","54,27000045776367","54,29999923706055","47,421791076660156","53110200"
"2010-12-14T14:30:00.0000000+00:00","54,439998626708984","54,619998931884766","54,22999954223633","54,400001525878906","47,509124755859375","69884800"
"2010-12-15T14:30:00.0000000+00:00","54,369998931884766","54,70000076293945","54,029998779296875","54,15999984741211","47,299537658691406","76951900"
"2010-12-16T14:30:00.0000000+00:00","54,209999084472656","54,65999984741211","54,060001373291016","54,58000183105469","47,66632843017578","65519400"
"2010-12-17T14:30:00.0000000+00:00","54,540000915527344","54,68000030517578","54,40999984741211","54,52000045776367","47,70833206176758","36844200"
"2010-12-20T14:30:00.0000000+00:00","54,619998931884766","54,7599983215332","54,15999984741211","54,560001373291016","47,74335479736328","48159600"
"2010-12-21T14:30:00.0000000+00:00","54,77000045776367","54,88999938964844","54,619998931884766","54,88999938964844","48,03211212158203","35775400"
"2010-12-22T14:30:00.0000000+00:00","54,869998931884766","54,959999084472656","54,790000915527344","54,880001068115234","48,02334976196289","35766500"
"2010-12-23T14:30:00.0000000+00:00","54,779998779296875","54,869998931884766","54,61000061035156","54,7400016784668","47,90085220336914","21664800"
"2010-12-27T14:30:00.0000000+00:00","54,58000183105469","54,86000061035156","54,209999084472656","54,77000045776367","47,9271125793457","29263700"
"2010-12-28T14:30:00.0000000+00:00","54,880001068115234","54,91999816894531","54,54999923706055","54,66999816894531","47,8395881652832","24160500"
"2010-12-29T14:30:00.0000000+00:00","54,81999969482422","54,900001525878906","54,72999954223633","54,790000915527344","47,94461441040039","24132700"
"2010-12-30T14:30:00.0000000+00:00","54,790000915527344","54,79999923706055","54,54999923706055","54,65999984741211","47,830848693847656","27553300"
"2010-12-31T14:30:00.0000000+00:00","54,59000015258789","54,619998931884766","54,209999084472656","54,459999084472656","47,65583801269531","38540100"
"2011-01-03T14:30:00.0000000+00:00","54,970001220703125","55,689998626708984","54,95000076293945","55,310001373291016","48,399635314941406","90994300"
"2011-01-04T14:30:00.0000000+00:00","55,5099983215332","55,54999923706055","54,91999816894531","55,27000045776367","48,36463165283203","43851500"
"2011-01-05T14:30:00.0000000+00:00","55,099998474121094","55,7599983215332","55,06999969482422","55,7400016784668","48,77592849731445","43787400"
"2011-01-06T14:30:00.0000000+00:00","55,79999923706055","55,959999084472656","55,68000030517578","55,91999816894531","48,93342971801758","46139600"
"2011-01-07T14:30:00.0000000+00:00","56,02000045776367","56,04999923706055","55,31999969482422","55,869998931884766","48,88966369628906","72261700"
"2011-01-10T14:30:00.0000000+00:00","55,75","56,18000030517578","55,58000183105469","56,08000183105469","49,07343673706055","55551800"
"2011-01-11T14:30:00.0000000+00:00","56,310001373291016","56,36000061035156","55,95000076293945","56,15999984741211","49,1434326171875","56663800"
"2011-01-12T14:30:00.0000000+00:00","56,43000030517578","56,560001373291016","56,20000076293945","56,560001373291016","49,49346160888672","51979300"
"2011-01-13T14:30:00.0000000+00:00","56,599998474121094","56,72999954223633","56,40999984741211","56,58000183105469","49,51096725463867","47364500"
"2011-01-14T14:30:00.0000000+00:00","56,599998474121094","57,02000045776367","56,459999084472656","57","49,87849044799805","43867400"
"2011-01-18T14:30:00.0000000+00:00","56,56999969482422","57,22999954223633","56,4900016784668","57,15999984741211","50,018497467041016","65805600"
"2011-01-19T14:30:00.0000000+00:00","57,2599983215332","57,2599983215332","56,31999969482422","56,5099983215332","49,44970703125","67767200"
"2011-01-20T14:30:00.0000000+00:00","56,27000045776367","56,349998474121094","55,68000030517578","56,11000061035156","49,09968185424805","92357800"
"2011-01-21T14:30:00.0000000+00:00","56,38999938964844","56,4900016784668","55,650001525878906","55,68000030517578","48,72340393066406","59673300"
"2011-01-24T14:30:00.0000000+00:00","55,790000915527344","56,459999084472656","55,68000030517578","56,45000076293945","49,39719009399414","64103300"
"2011-01-25T14:30:00.0000000+00:00","56,16999816894531","56,54999923706055","56,04999923706055","56,529998779296875","49,467220306396484","55305100"
"2011-01-26T14:30:00.0000000+00:00","56,61000061035156","56,97999954223633","56,45000076293945","56,83000183105469","49,729736328125","60547700"
"2011-01-27T14:30:00.0000000+00:00","57,0099983215332","57,349998474121094","56,91999816894531","57,18000030517578","50,03601837158203","53656100"
"2011-01-28T14:30:00.0000000+00:00","57,16999816894531","57,220001220703125","55,470001220703125","55,72999954223633","48,76715850830078","123359900"
"2011-01-31T14:30:00.0000000+00:00","55,810001373291016","56,15999984741211","55,38999938964844","56","49,0034294128418","70571300"
"2011-02-01T14:30:00.0000000+00:00","56,41999816894531","57,18000030517578","56,36000061035156","57,04999923706055","49,922245025634766","76952900"
"2011-02-02T14:30:00.0000000+00:00","56,93000030517578","57,16999816894531","56,84000015258789","56,959999084472656","49,84349822998047","48661000"
"2011-02-03T14:30:00.0000000+00:00","56,849998474121094","57,13999938964844","56,400001525878906","57,060001373291016","49,930992126464844","45341900"
"2011-02-04T14:30:00.0000000+00:00","57,04999923706055","57,41999816894531","56,900001525878906","57,380001068115234","50,21100997924805","47647800"
"2011-02-07T14:30:00.0000000+00:00","57,4900016784668","57,970001220703125","57,400001525878906","57,650001525878906","50,447269439697266","45627100"
"2011-02-08T14:30:00.0000000+00:00","57,66999816894531","58,06999969482422","57,560001373291016","58,029998779296875","50,77980041503906","38099900"
"2011-02-09T14:30:00.0000000+00:00","57,939998626708984","58,119998931884766","57,75","57,93000030517578","50,69230651855469","62540800"
"2011-02-10T14:30:00.0000000+00:00","57,54999923706055","58,099998474121094","57,4900016784668","58,02000045776367","50,77105712890625","70194700"
"2011-02-11T14:30:00.0000000+00:00","57,849998474121094","58,47999954223633","57,77000045776367","58,439998626708984","51,138572692871094","47853500"
"2011-02-14T14:30:00.0000000+00:00","58,439998626708984","58,65999984741211","58,380001068115234","58,58000183105469","51,26110076904297","48506100"
"2011-02-15T14:30:00.0000000+00:00","58,439998626708984","58,56999969482422","58,22999954223633","58,5","51,19108200073242","39723800"
"2011-02-16T14:30:00.0000000+00:00","58,650001525878906","59,040000915527344","58,630001068115234","58,880001068115234","51,52360534667969","53061700"
"2011-02-17T14:30:00.0000000+00:00","58,59000015258789","58,970001220703125","58,54999923706055","58,86000061035156","51,50611114501953","38361900"
"2011-02-18T14:30:00.0000000+00:00","58,86000061035156","58,970001220703125","58,5099983215332","58,72999954223633","51,39234924316406","44334300"
"2011-02-22T14:30:00.0000000+00:00","57,93000030517578","58,130001068115234","56,939998626708984","57,029998779296875","49,90473937988281","92598100"
"2011-02-23T14:30:00.0000000+00:00","57,029998779296875","57,22999954223633","56,130001068115234","56,560001373291016","49,49346160888672","97842900"
"2011-02-24T14:30:00.0000000+00:00","56,68000030517578","57,029998779296875","56,13999938964844","56,86000061035156","49,755977630615234","98716100"
"2011-02-25T14:30:00.0000000+00:00","57,18000030517578","57,720001220703125","57,119998931884766","57,650001525878906","50,447269439697266","54094600"
"2011-02-28T14:30:00.0000000+00:00","57,880001068115234","58,04999923706055","57,43000030517578","57,77000045776367","50,55228805541992","51402800"
"2011-03-01T14:30:00.0000000+00:00","58,02000045776367","58,02000045776367","56,70000076293945","56,84000015258789","49,73847961425781","91993900"
"2011-03-02T14:30:00.0000000+00:00","56,810001373291016","57,5099983215332","56,790000915527344","57,13999938964844","50,00099563598633","61552900"
"2011-03-03T14:30:00.0000000+00:00","57,66999816894531","58,369998931884766","57,66999816894531","58,27000045776367","50,98981857299805","64146600"
"2011-03-04T14:30:00.0000000+00:00","58,25","58,2599983215332","57,59000015258789","57,970001220703125","50,72731018066406","62328400"
"2011-03-07T14:30:00.0000000+00:00","58,209999084472656","58,2599983215332","56,66999816894531","57,189998626708984","50,04474639892578","98470000"
"2011-03-08T14:30:00.0000000+00:00","57,119998931884766","57,68000030517578","56,77000045776367","57,41999816894531","50,24601364135742","62399100"
"2011-03-09T14:30:00.0000000+00:00","57,209999084472656","57,27000045776367","56,720001220703125","57,029998779296875","49,90473937988281","84764200"
"2011-03-10T14:30:00.0000000+00:00","56,38999938964844","56,52000045776367","55,90999984741211","56,13999938964844","49,125946044921875","102894400"
"2011-03-11T14:30:00.0000000+00:00","55,81999969482422","56,65999984741211","55,81999969482422","56,4900016784668","49,43220520019531","81679400"
"2011-03-14T13:30:00.0000000+00:00","56,18000030517578","56,59000015258789","55,86000061035156","56,290000915527344","49,257205963134766","73565800"
"2011-03-15T13:30:00.0000000+00:00","54,63999938964844","55,81999969482422","54,470001220703125","55,4900016784668","48,5571403503418","101276500"
"2011-03-16T13:30:00.0000000+00:00","55,029998779296875","55,34000015258789","53,77000045776367","54,150001525878906","47,38456726074219","176507700"
"2011-03-17T13:30:00.0000000+00:00","55,0099983215332","55,2400016784668","54,130001068115234","54,650001525878906","47,82210159301758","94434500"
"2011-03-18T13:30:00.0000000+00:00","55,220001220703125","55,220001220703125","54,40999984741211","54,45000076293945","47,71431350708008","94887200"
"2011-03-21T13:30:00.0000000+00:00","55,279998779296875","55,779998779296875","54,5","55,5","48,63444519042969","57423000"
"2011-03-22T13:30:00.0000000+00:00","55,58000183105469","55,61000061035156","55,279998779296875","55,400001525878906","48,54679489135742","36162100"
"2011-03-23T13:30:00.0000000+00:00","55,20000076293945","55,869998931884766","54,81999969482422","55,709999084472656","48,81844711303711","60365100"
"2011-03-24T13:30:00.0000000+00:00","56,130001068115234","56,81999969482422","55,81999969482422","56,70000076293945","49,68597412109375","69502400"
"2011-03-25T13:30:00.0000000+00:00","56,880001068115234","57,220001220703125","56,72999954223633","56,84000015258789","49,80864334106445","74131100"
"2011-03-28T13:30:00.0000000+00:00","57,09000015258789","57,099998474121094","56,5","56,529998779296875","49,53700637817383","37824000"
"2011-03-29T13:30:00.0000000+00:00","56,400001525878906","57,08000183105469","56,22999954223633","57,08000183105469","50,01899337768555","47994800"
"2011-03-30T13:30:00.0000000+00:00","57,36000061035156","57,43000030517578","57,08000183105469","57,349998474121094","50,25557327270508","44935900"
"2011-03-31T13:30:00.0000000+00:00","57,25","57,47999954223633","57,150001525878906","57,43000030517578","50,3256721496582","50004300"
"2011-04-01T13:30:00.0000000+00:00","57,720001220703125","57,900001525878906","57,290000915527344","57,459999084472656","50,351966857910156","68031800"
"2011-04-04T13:30:00.0000000+00:00","57,619998931884766","57,68000030517578","57,02000045776367","57,27000045776367","50,185462951660156","48659100"
"2011-04-05T13:30:00.0000000+00:00","57,15999984741211","57,4900016784668","57","57,119998931884766","50,05400848388672","55349400"
"2011-04-06T13:30:00.0000000+00:00","57,560001373291016","57,72999954223633","56,93000030517578","57,2599983215332","50,176700592041016","49532100"
"2011-04-07T13:30:00.0000000+00:00","57,2400016784668","57,599998474121094","56,810001373291016","57,220001220703125","50,14166259765625","60697000"
"2011-04-08T13:30:00.0000000+00:00","57,47999954223633","57,56999969482422","56,650001525878906","56,95000076293945","49,90505599975586","42782200"
"2011-04-11T13:30:00.0000000+00:00","57,16999816894531","57,290000915527344","56,560001373291016","56,7599983215332","49,73855209350586","42451700"
"2011-04-12T13:30:00.0000000+00:00","56,5","56,63999938964844","56,150001525878906","56,369998931884766","49,39680480957031","50422800"
"2011-04-13T13:30:00.0000000+00:00","56,790000915527344","57","56,400001525878906","56,849998474121094","49,81742477416992","49979800"
"2011-04-14T13:30:00.0000000+00:00","56,459999084472656","56,83000183105469","56,22999954223633","56,75","49,72977828979492","53544100"
"2011-04-15T13:30:00.0000000+00:00","56,529998779296875","56,869998931884766","56,279998779296875","56,650001525878906","49,64217758178711","68530000"
"2011-04-18T13:30:00.0000000+00:00","56,08000183105469","56,27000045776367","55,31999969482422","56,25","49,29164505004883","69065000"
"2011-04-19T13:30:00.0000000+00:00","56,400001525878906","56,599998474121094","56,099998474121094","56,599998474121094","49,59835433959961","38608400"
"2011-04-20T13:30:00.0000000+00:00","57,599998474121094","57,939998626708984","57,529998779296875","57,880001068115234","50,720001220703125","67397500"
"2011-04-21T13:30:00.0000000+00:00","58,439998626708984","58,470001220703125","58,15999984741211","58,34000015258789","51,12310028076172","43666800"
"2011-04-25T13:30:00.0000000+00:00","58,38999938964844","58,52000045776367","58,279998779296875","58,4900016784668","51,254539489746094","25376800"
"2011-04-26T13:30:00.0000000+00:00","58,63999938964844","59,029998779296875","58,5099983215332","58,81999969482422","51,54372024536133","49400000"
"2011-04-27T13:30:00.0000000+00:00","58,93000030517578","59,290000915527344","58,65999984741211","59,220001220703125","51,894256591796875","56465500"
"2011-04-28T13:30:00.0000000+00:00","59,040000915527344","59,22999954223633","58,880001068115234","59,130001068115234","51,81538391113281","48100000"
"2011-04-29T13:30:00.0000000+00:00","59,02000045776367","59,290000915527344","58,97999954223633","59,08000183105469","51,77156448364258","44831200"
"2011-05-02T13:30:00.0000000+00:00","59,16999816894531","59,34000015258789","58,81999969482422","58,970001220703125","51,67516326904297","48149400"
"2011-05-03T13:30:00.0000000+00:00","58,939998626708984","59","58,33000183105469","58,689998626708984","51,4298095703125","38100000"
"2011-05-04T13:30:00.0000000+00:00","58,720001220703125","58,869998931884766","58,11000061035156","58,599998474121094","51,35094451904297","53097200"
"2011-05-05T13:30:00.0000000+00:00","58,310001373291016","58,970001220703125","58,08000183105469","58,279998779296875","51,07052230834961","72200000"
"2011-05-06T13:30:00.0000000+00:00","58,86000061035156","59,20000076293945","58,310001373291016","58,470001220703125","51,23701095581055","72507000"
"2011-05-09T13:30:00.0000000+00:00","58,56999969482422","58,91999816894531","58,34000015258789","58,689998626708984","51,4298095703125","40022000"
"2011-05-10T13:30:00.0000000+00:00","58,86000061035156","59,279998779296875","58,779998779296875","59,189998626708984","51,86796188354492","38053600"
"2011-05-11T13:30:00.0000000+00:00","59,099998474121094","59,310001373291016","58,36000061035156","58,7599983215332","51,491153717041016","61900000"
"2011-05-12T13:30:00.0000000+00:00","58,58000183105469","59,189998626708984","58,2400016784668","59,11000061035156","51,79784393310547","66100000"
"2011-05-13T13:30:00.0000000+00:00","58,970001220703125","59,06999969482422","58,38999938964844","58,40999984741211","51,1844482421875","63506600"
"2011-05-16T13:30:00.0000000+00:00","58,13999938964844","58,31999969482422","57,27000045776367","57,400001525878906","50,29938507080078","73115300"
"2011-05-17T13:30:00.0000000+00:00","57,099998474121094","57,56999969482422","56,97999954223633","57,560001373291016","50,43959426879883","63136000"
"2011-05-18T13:30:00.0000000+00:00","57,47999954223633","58,13999938964844","57,40999984741211","58,040000915527344","50,860225677490234","42351100"
"2011-05-19T13:30:00.0000000+00:00","58,220001220703125","58,34000015258789","57,849998474121094","58,209999084472656","51,00918197631836","35015800"
"2011-05-20T13:30:00.0000000+00:00","58,150001525878906","58,209999084472656","57,689998626708984","57,77000045776367","50,623619079589844","44703300"
"2011-05-23T13:30:00.0000000+00:00","56,97999954223633","57,150001525878906","56,650001525878906","56,91999816894531","49,87876892089844","43700000"
"2011-05-24T13:30:00.0000000+00:00","57,060001373291016","57,06999969482422","56,560001373291016","56,56999969482422","49,57204818725586","39314800"
"2011-05-25T13:30:00.0000000+00:00","56,5","57,060001373291016","56,470001220703125","56,790000915527344","49,76485061645508","41369000"
"2011-05-26T13:30:00.0000000+00:00","56,619998931884766","57,29999923706055","56,61000061035156","57,13999938964844","50,07154846191406","40564100"
"2011-05-27T13:30:00.0000000+00:00","57,2400016784668","57,4900016784668","57,189998626708984","57,43000030517578","50,3256721496582","30127200"
"2011-05-31T13:30:00.0000000+00:00","57,970001220703125","58,36000061035156","57,66999816894531","58,36000061035156","51,14063262939453","47590100"
"2011-06-01T13:30:00.0000000+00:00","58,220001220703125","58,36000061035156","57,040000915527344","57,09000015258789","50,027732849121094","51795000"
"2011-06-02T13:30:00.0000000+00:00","57,20000076293945","57,40999984741211","56,88999938964844","57,209999084472656","50,13288879394531","50198100"
"2011-06-03T13:30:00.0000000+00:00","56,54999923706055","56,9900016784668","56,27000045776367","56,349998474121094","49,379276275634766","57773700"
"2011-06-06T13:30:00.0000000+00:00","56,220001220703125","56,529998779296875","55,86000061035156","55,88999938964844","48,976173400878906","50175600"
"2011-06-07T13:30:00.0000000+00:00","56,040000915527344","56,2599983215332","55,75","55,790000915527344","48,888553619384766","46311100"
"2011-06-08T13:30:00.0000000+00:00","55,66999816894531","55,77000045776367","55,22999954223633","55,38999938964844","48,538028717041016","46426400"
"2011-06-09T13:30:00.0000000+00:00","55,40999984741211","55,7599983215332","55,22999954223633","55,4900016784668","48,62565994262695","45307500"
"2011-06-10T13:30:00.0000000+00:00","55,22999954223633","55,34000015258789","54,59000015258789","54,63999938964844","47,88080596923828","53740600"
"2011-06-13T13:30:00.0000000+00:00","54,66999816894531","54,93000030517578","54,45000076293945","54,63999938964844","47,88080596923828","37736800"
"2011-06-14T13:30:00.0000000+00:00","55,060001373291016","55,470001220703125","55,029998779296875","55,34000015258789","48,49422073364258","40565300"
"2011-06-15T13:30:00.0000000+00:00","54,810001373291016","55,150001525878906","54,18000030517578","54,290000915527344","47,5741081237793","59022400"
"2011-06-16T13:30:00.0000000+00:00","54,31999969482422","54,5","53,619998931884766","54,08000183105469","47,39008712768555","66316200"
"2011-06-17T13:30:00.0000000+00:00","54,400001525878906","54,599998474121094","53,630001068115234","53,790000915527344","47,24168014526367","70337000"
"2011-06-20T13:30:00.0000000+00:00","53,63999938964844","54,22999954223633","53,63999938964844","54,06999969482422","47,48757553100586","37402900"
"2011-06-21T13:30:00.0000000+00:00","54,2599983215332","55,290000915527344","54,029998779296875","55,22999954223633","48,50634765625","55892800"
"2011-06-22T13:30:00.0000000+00:00","55","55,31999969482422","54,81999969482422","54,83000183105469","48,15504837036133","36833300"
"2011-06-23T13:30:00.0000000+00:00","54,2400016784668","55,369998931884766","54,060001373291016","55,34000015258789","48,60296630859375","80743300"
"2011-06-24T13:30:00.0000000+00:00","55,08000183105469","55,130001068115234","54,27000045776367","54,380001068115234","47,75984573364258","56298300"
"2011-06-27T13:30:00.0000000+00:00","54,439998626708984","55,529998779296875","54,31999969482422","55,25","48,52392578125","49968900"
"2011-06-28T13:30:00.0000000+00:00","55,369998931884766","56,08000183105469","55,290000915527344","56,06999969482422","49,24408721923828","47028800"
"2011-06-29T13:30:00.0000000+00:00","56,20000076293945","56,40999984741211","55,900001525878906","56,29999923706055","49,446083068847656","65407300"
"2011-06-30T13:30:00.0000000+00:00","56,5","57,09000015258789","56,470001220703125","57,04999923706055","50,104793548583984","50347200"
"2011-07-01T13:30:00.0000000+00:00","57,08000183105469","57,9900016784668","56,91999816894531","57,90999984741211","50,860076904296875","53203900"
"2011-07-05T13:30:00.0000000+00:00","57,970001220703125","58,2599983215332","57,83000183105469","58,20000076293945","51,11479187011719","43128800"
"2011-07-06T13:30:00.0000000+00:00","58,130001068115234","58,4900016784668","57,939998626708984","58,38999938964844","51,28165054321289","49282700"
"2011-07-07T13:30:00.0000000+00:00","58,83000183105469","59,36000061035156","58,7400016784668","59,189998626708984","51,9842643737793","54799800"
"2011-07-08T13:30:00.0000000+00:00","58,68000030517578","59,040000915527344","58,369998931884766","59,029998779296875","51,843727111816406","69519500"
"2011-07-11T13:30:00.0000000+00:00","58,40999984741211","58,709999084472656","57,7599983215332","57,959999084472656","50,90399169921875","52080800"
"2011-07-12T13:30:00.0000000+00:00","57,95000076293945","58,06999969482422","57,459999084472656","57,52000045776367","50,51756286621094","84000700"
"2011-07-13T13:30:00.0000000+00:00","57,939998626708984","58,34000015258789","57,54999923706055","57,7599983215332","50,728363037109375","82378100"
"2011-07-14T13:30:00.0000000+00:00","57,90999984741211","58,18000030517578","56,869998931884766","57,09000015258789","50,139915466308594","98774200"
"2011-07-15T13:30:00.0000000+00:00","57,72999954223633","57,849998474121094","57,310001373291016","57,849998474121094","50,807395935058594","68281500"
"2011-07-18T13:30:00.0000000+00:00","57,529998779296875","57,790000915527344","56,97999954223633","57,540000915527344","50,53514099121094","59512200"
"2011-07-19T13:30:00.0000000+00:00","58,09000015258789","58,900001525878906","58,09000015258789","58,849998474121094","51,68566131591797","73904600"
"2011-07-20T13:30:00.0000000+00:00","59,18000030517578","59,189998626708984","58,5","58,599998474121094","51,466094970703125","57085500"
"2011-07-21T13:30:00.0000000+00:00","58,65999984741211","59,31999969482422","58,34000015258789","58,9900016784668","51,808616638183594","70148800"
"2011-07-22T13:30:00.0000000+00:00","58,959999084472656","59,70000076293945","58,91999816894531","59,599998474121094","52,344356536865234","43620400"
"2011-07-25T13:30:00.0000000+00:00","59,130001068115234","59,810001373291016","59,02000045776367","59,47999954223633","52,23897171020508","48916100"
"2011-07-26T13:30:00.0000000+00:00","59,439998626708984","59,83000183105469","59,31999969482422","59,630001068115234","52,370697021484375","40918900"
"2011-07-27T13:30:00.0000000+00:00","59,2400016784668","59,290000915527344","57,939998626708984","58,09000015258789","51,0181884765625","83969500"
"2011-07-28T13:30:00.0000000+00:00","58,119998931884766","58,93000030517578","57,88999938964844","58,189998626708984","51,106021881103516","61031900"
"2011-07-29T13:30:00.0000000+00:00","57,720001220703125","58,61000061035156","57,439998626708984","58","50,93914031982422","82860500"
"2011-08-01T13:30:00.0000000+00:00","58,70000076293945","58,81999969482422","57,029998779296875","57,72999954223633","50,70201110839844","85421100"
"2011-08-02T13:30:00.0000000+00:00","57,459999084472656","57,720001220703125","56,209999084472656","56,27000045776367","49,41975021362305","90853300"
"2011-08-03T13:30:00.0000000+00:00","56,34000015258789","56,880001068115234","55,349998474121094","56,810001373291016","49,894004821777344","103612300"
"2011-08-04T13:30:00.0000000+00:00","56","56,09000015258789","54,16999816894531","54,16999816894531","47,57539367675781","132830000"
"2011-08-05T13:30:00.0000000+00:00","54,720001220703125","55,029998779296875","52,31999969482422","53,83000183105469","47,27679443359375","214111800"
"2011-08-08T13:30:00.0000000+00:00","52,18000030517578","53,119998931884766","50,59000015258789","50,59000015258789","44,43122863769531","204804500"
"2011-08-09T13:30:00.0000000+00:00","51,349998474121094","53,08000183105469","49,93000030517578","53,029998779296875","46,57418441772461","193707100"
"2011-08-10T13:30:00.0000000+00:00","51,83000183105469","53,040000915527344","50,79999923706055","50,86000061035156","44,668357849121094","205917900"
"2011-08-11T13:30:00.0000000+00:00","51,59000015258789","53,689998626708984","51,34000015258789","53,099998474121094","46,63565444946289","143825300"
"2011-08-12T13:30:00.0000000+00:00","53,43000030517578","53,900001525878906","52,880001068115234","53,56999969482422","47,04844284057617","90483300"
"2011-08-15T13:30:00.0000000+00:00","53,790000915527344","54,36000061035156","53,529998779296875","54,36000061035156","47,74226379394531","73554300"
"2011-08-16T13:30:00.0000000+00:00","53,83000183105469","54,349998474121094","53,18000030517578","53,900001525878906","47,33826446533203","89219200"
"2011-08-17T13:30:00.0000000+00:00","53,970001220703125","54,41999816894531","53,02000045776367","53,58000183105469","47,057228088378906","84416600"
"2011-08-18T13:30:00.0000000+00:00","52,130001068115234","52,13999938964844","50,47999954223633","50,95000076293945","44,74740982055664","130019400"
"2011-08-19T13:30:00.0000000+00:00","50,41999816894531","51,66999816894531","49,9900016784668","50,029998779296875","43,93940353393555","96674600"
"2011-08-22T13:30:00.0000000+00:00","51,22999954223633","51,2400016784668","50,060001373291016","50,209999084472656","44,09748840332031","77107700"
"2011-08-23T13:30:00.0000000+00:00","50,54999923706055","52,279998779296875","50,34000015258789","52,279998779296875","45,915489196777344","75688400"
"2011-08-24T13:30:00.0000000+00:00","52,130001068115234","52,790000915527344","51,709999084472656","52,689998626708984","46,27556228637695","80197700"
"2011-08-25T13:30:00.0000000+00:00","52,65999984741211","52,900001525878906","51,650001525878906","51,83000183105469","45,520267486572266","93623700"
"2011-08-26T13:30:00.0000000+00:00","51,65999984741211","53,310001373291016","51,150001525878906","53,130001068115234","46,662010192871094","91573300"
"2011-08-29T13:30:00.0000000+00:00","53,65999984741211","54,66999816894531","53,63999938964844","54,61000061035156","47,96182632446289","45985800"
"2011-08-30T13:30:00.0000000+00:00","54,40999984741211","55,29999923706055","54,11000061035156","54,970001220703125","48,27801513671875","61617900"
"2011-08-31T13:30:00.0000000+00:00","55,29999923706055","55,7400016784668","54,599998474121094","55,060001373291016","48,35703659057617","60900400"
"2011-09-01T13:30:00.0000000+00:00","55,20000076293945","55,63999938964844","54,459999084472656","54,560001373291016","47,91792297363281","57158400"
"2011-09-02T13:30:00.0000000+00:00","53,58000183105469","54,61000061035156","52,9900016784668","53,279998779296875","46,79374694824219","58185700"
"2011-09-06T13:30:00.0000000+00:00","52,040000915527344","53,369998931884766","51,90999984741211","53,290000915527344","46,80252456665039","52992200"
"2011-09-07T13:30:00.0000000+00:00","54,04999923706055","54,650001525878906","53,900001525878906","54,63999938964844","47,98818588256836","48952200"
"2011-09-08T13:30:00.0000000+00:00","54,36000061035156","55,16999816894531","54,209999084472656","54,38999938964844","47,76859664916992","61422800"
"2011-09-09T13:30:00.0000000+00:00","54,0099983215332","54,2400016784668","52,849998474121094","53,18000030517578","46,70591354370117","63663500"
"2011-09-12T13:30:00.0000000+00:00","52,59000015258789","53,900001525878906","52,56999969482422","53,86000061035156","47,303131103515625","65973000"
"2011-09-13T13:30:00.0000000+00:00","54,060001373291016","54,689998626708984","53,79999923706055","54,58000183105469","47,93548583984375","59020000"
"2011-09-14T13:30:00.0000000+00:00","54,86000061035156","55,97999954223633","54,31999969482422","55,36000061035156","48,620540618896484","90757300"
"2011-09-15T13:30:00.0000000+00:00","55,959999084472656","56,279998779296875","55,38999938964844","56,18000030517578","49,3407096862793","83536100"
"2011-09-16T13:30:00.0000000+00:00","56,20000076293945","56,650001525878906","56,09000015258789","56,59000015258789","49,79296112060547","91902100"
"2011-09-19T13:30:00.0000000+00:00","55,88999938964844","56,90999984741211","55,43000030517578","56,61000061035156","49,810569763183594","73042900"
"2011-09-20T13:30:00.0000000+00:00","56,900001525878906","57,349998474121094","56,22999954223633","56,36000061035156","49,5905876159668","66570100"
"2011-09-21T13:30:00.0000000+00:00","56,650001525878906","56,93000030517578","55,369998931884766","55,380001068115234","48,728302001953125","79938000"
"2011-09-22T13:30:00.0000000+00:00","53,970001220703125","54,459999084472656","52,75","53,58000183105469","47,144500732421875","151885500"
"2011-09-23T13:30:00.0000000+00:00","53,130001068115234","54,380001068115234","53,09000015258789","54,150001525878906","47,64603805541992","85940600"
"2011-09-26T13:30:00.0000000+00:00","54,41999816894531","54,880001068115234","53,209999084472656","54,779998779296875","48,20036315917969","96261400"
"2011-09-27T13:30:00.0000000+00:00","55,709999084472656","56,20000076293945","54,97999954223633","55,349998474121094","48,7018928527832","81148600"
"2011-09-28T13:30:00.0000000+00:00","55,59000015258789","55,970001220703125","54,400001525878906","54,529998779296875","47,98040008544922","76757100"
"2011-09-29T13:30:00.0000000+00:00","55,36000061035156","55,43000030517578","52,970001220703125","53,880001068115234","47,4084587097168","116900200"
"2011-09-30T13:30:00.0000000+00:00","53,15999984741211","53,61000061035156","52,459999084472656","52,4900016784668","46,1854248046875","104870100"
"2011-10-03T13:30:00.0000000+00:00","52,02000045776367","52,849998474121094","51,11000061035156","51,13999938964844","44,99757766723633","99149500"
"2011-10-04T13:30:00.0000000+00:00","50,619998931884766","52,290000915527344","50,099998474121094","52,189998626708984","45,92143630981445","137013700"
"2011-10-05T13:30:00.0000000+00:00","52,060001373291016","53,68000030517578","51,65999984741211","53,529998779296875","47,10050964355469","108825700"
"2011-10-06T13:30:00.0000000+00:00","53,459999084472656","54,439998626708984","53,209999084472656","54,43000030517578","47,89239501953125","71939200"
"2011-10-07T13:30:00.0000000+00:00","54,400001525878906","54,65999984741211","53,720001220703125","54,06999969482422","47,57564163208008","72525200"
"2011-10-10T13:30:00.0000000+00:00","54,9900016784668","55,939998626708984","54,88999938964844","55,939998626708984","49,22102355957031","48230200"
"2011-10-11T13:30:00.0000000+00:00","55,790000915527344","56,459999084472656","55,70000076293945","56,31999969482422","49,555397033691406","66449100"
"2011-10-12T13:30:00.0000000+00:00","56,86000061035156","57,22999954223633","56,560001373291016","56,599998474121094","49,80176544189453","85627600"
"2011-10-13T13:30:00.0000000+00:00","56,4900016784668","57,189998626708984","56,43000030517578","57,119998931884766","50,259300231933594","63443700"
"2011-10-14T13:30:00.0000000+00:00","57,81999969482422","58,189998626708984","57,5099983215332","58,18000030517578","51,19198989868164","65643600"
"2011-10-17T13:30:00.0000000+00:00","57,90999984741211","58,09000015258789","56,970001220703125","57,279998779296875","50,40010452270508","65161300"
"2011-10-18T13:30:00.0000000+00:00","57,189998626708984","58,290000915527344","56,65999984741211","57,9900016784668","51,024810791015625","91434600"
"2011-10-19T13:30:00.0000000+00:00","57,66999816894531","57,849998474121094","56,68000030517578","56,869998931884766","50,039329528808594","67639400"
"2011-10-20T13:30:00.0000000+00:00","56,86000061035156","56,91999816894531","55,790000915527344","56,59000015258789","49,79296112060547","80378300"
"2011-10-21T13:30:00.0000000+00:00","57,189998626708984","57,65999984741211","56,779998779296875","57,29999923706055","50,41769027709961","60455800"
"2011-10-24T13:30:00.0000000+00:00","57,5099983215332","58,650001525878906","57,310001373291016","58,4900016784668","51,46475601196289","61449500"
"2011-10-25T13:30:00.0000000+00:00","58,29999923706055","58,31999969482422","57,220001220703125","57,34000015258789","50,45288848876953","65299200"
"2011-10-26T13:30:00.0000000+00:00","57,65999984741211","57,779998779296875","56,209999084472656","57,27000045776367","50,39128875732422","98193800"
"2011-10-27T13:30:00.0000000+00:00","58,63999938964844","59,20000076293945","58,029998779296875","58,849998474121094","51,78152084350586","104455500"
"2011-10-28T13:30:00.0000000+00:00","58,52000045776367","59,0099983215332","58,5","58,939998626708984","51,86069869995117","42950000"
"2011-10-31T13:30:00.0000000+00:00","58,43000030517578","58,63999938964844","57,90999984741211","57,95000076293945","50,989627838134766","60520200"
"2011-11-01T13:30:00.0000000+00:00","56,52000045776367","57,90999984741211","56,119998931884766","56,439998626708984","49,660980224609375","99933000"
"2011-11-02T13:30:00.0000000+00:00","57,029998779296875","57,15999984741211","56,380001068115234","56,91999816894531","50,083335876464844","65003800"
"2011-11-03T13:30:00.0000000+00:00","57,369998931884766","58,18000030517578","56,709999084472656","58,099998474121094","51,12160110473633","78994200"
"2011-11-04T13:30:00.0000000+00:00","57,81999969482422","58,04999923706055","57,220001220703125","57,79999923706055","50,85763168334961","61527800"
"2011-11-07T14:30:00.0000000+00:00","57,7599983215332","58,25","57,16999816894531","58,209999084472656","51,21837615966797","65559000"
"2011-11-08T14:30:00.0000000+00:00","58,630001068115234","58,97999954223633","57,970001220703125","58,880001068115234","51,80791091918945","62906900"
"2011-11-09T14:30:00.0000000+00:00","57,7400016784668","57,83000183105469","56,630001068115234","56,810001373291016","49,986541748046875","69539000"
"2011-11-10T14:30:00.0000000+00:00","57,369998931884766","57,41999816894531","56,22999954223633","56,779998779296875","49,96015548706055","66052400"
"2011-11-11T14:30:00.0000000+00:00","57,27000045776367","58,02000045776367","57,20000076293945","57,849998474121094","50,9016227722168","54471000"
"2011-11-14T14:30:00.0000000+00:00","57,689998626708984","58,0099983215332","57,279998779296875","57,4900016784668","50,584869384765625","44617600"
"2011-11-15T14:30:00.0000000+00:00","57,31999969482422","58,36000061035156","57,2599983215332","58,130001068115234","51,14799880981445","52203900"
"2011-11-16T14:30:00.0000000+00:00","57,709999084472656","58,15999984741211","57,060001373291016","57,16999816894531","50,30329513549805","68342800"
"2011-11-17T14:30:00.0000000+00:00","57,02000045776367","57,040000915527344","55,47999954223633","55,83000183105469","49,124263763427734","101706900"
"2011-11-18T14:30:00.0000000+00:00","55,84000015258789","55,900001525878906","55,29999923706055","55,400001525878906","48,74590301513672","60417000"
"2011-11-21T14:30:00.0000000+00:00","54,650001525878906","54,72999954223633","53,779998779296875","54,34000015258789","47,81320571899414","52283700"
"2011-11-22T14:30:00.0000000+00:00","54,20000076293945","54,68000030517578","53,869998931884766","54,52000045776367","47,971588134765625","51940100"
"2011-11-23T14:30:00.0000000+00:00","54,11000061035156","54,16999816894531","53,2599983215332","53,290000915527344","46,88932800292969","48437300"
"2011-11-25T14:30:00.0000000+00:00","53,060001373291016","53,66999816894531","52,869998931884766","52,880001068115234","46,5285758972168","25448100"
"2011-11-28T14:30:00.0000000+00:00","54,16999816894531","54,790000915527344","54,13999938964844","54,720001220703125","48,14756774902344","46710700"
"2011-11-29T14:30:00.0000000+00:00","54,689998626708984","55,099998474121094","54,220001220703125","54,380001068115234","47,84842300415039","52056700"
"2011-11-30T14:30:00.0000000+00:00","55,86000061035156","56,439998626708984","55,66999816894531","56,38999938964844","49,61698532104492","66918600"
"2011-12-01T14:30:00.0000000+00:00","56,380001068115234","56,93000030517578","56,349998474121094","56,779998779296875","49,96015548706055","45362200"
"2011-12-02T14:30:00.0000000+00:00","57,34000015258789","57,34000015258789","56,56999969482422","56,619998931884766","49,819358825683594","36938900"
"2011-12-05T14:30:00.0000000+00:00","57,470001220703125","57,619998931884766","56,91999816894531","57,2400016784668","50,364898681640625","40492200"
"2011-12-06T14:30:00.0000000+00:00","57,290000915527344","57,45000076293945","56,88999938964844","57,08000183105469","50,22412872314453","38670000"
"2011-12-07T14:30:00.0000000+00:00","56,91999816894531","57,34000015258789","56,349998474121094","57,08000183105469","50,22412872314453","44576200"
"2011-12-08T14:30:00.0000000+00:00","56,709999084472656","57,150001525878906","56,0099983215332","56,119998931884766","49,37941360473633","51692600"
"2011-12-09T14:30:00.0000000+00:00","56,2599983215332","57,189998626708984","56,2400016784668","57,02000045776367","50,17133331298828","55757900"
"2011-12-12T14:30:00.0000000+00:00","56,41999816894531","57,0099983215332","55,900001525878906","56,380001068115234","49,608184814453125","55411700"
"2011-12-13T14:30:00.0000000+00:00","56,75","56,97999954223633","55,529998779296875","55,7599983215332","49,06266403198242","68557700"
"2011-12-14T14:30:00.0000000+00:00","55,54999923706055","55,59000015258789","54,58000183105469","54,88999938964844","48,29716110229492","63682800"
"2011-12-15T14:30:00.0000000+00:00","55,36000061035156","55,41999816894531","54,65999984741211","54,7400016784668","48,1651725769043","58732900"
"2011-12-16T14:30:00.0000000+00:00","54,869998931884766","55,61000061035156","54,77000045776367","54,86000061035156","48,41315841674805","60978900"
"2011-12-19T14:30:00.0000000+00:00","55,06999969482422","55,20000076293945","54,16999816894531","54,31999969482422","47,936607360839844","46733900"
"2011-12-20T14:30:00.0000000+00:00","55,20000076293945","56","55,16999816894531","55,93000030517578","49,35740661621094","81758800"
"2011-12-21T14:30:00.0000000+00:00","55,599998474121094","55,63999938964844","54,4900016784668","55,130001068115234","48,651432037353516","78552300"
"2011-12-22T14:30:00.0000000+00:00","55,25","55,630001068115234","55,16999816894531","55,599998474121094","49,066184997558594","40334100"
"2011-12-23T14:30:00.0000000+00:00","55,709999084472656","56,08000183105469","55,58000183105469","56,08000183105469","49,489784240722656","26594600"
"2011-12-27T14:30:00.0000000+00:00","55,9900016784668","56,41999816894531","55,93000030517578","56,2400016784668","49,67438888549805","21443500"
"2011-12-28T14:30:00.0000000+00:00","56,16999816894531","56,2599983215332","55,439998626708984","55,59000015258789","49,100250244140625","38180100"
"2011-12-29T14:30:00.0000000+00:00","55,68000030517578","56,029998779296875","55,5","55,9900016784668","49,45356369018555","28077900"
"2011-12-30T14:30:00.0000000+00:00","55,869998931884766","56,119998931884766","55,81999969482422","55,83000183105469","49,31224822998047","21832400"
"2012-01-03T14:30:00.0000000+00:00","56,90999984741211","57,189998626708984","56,75","56,900001525878906","50,257320404052734","39514100"
"2012-01-04T14:30:00.0000000+00:00","56,810001373291016","57,220001220703125","56,560001373291016","57,13999938964844","50,46930694580078","29403400"
"2012-01-05T14:30:00.0000000+00:00","57,02000045776367","57,65999984741211","56,79999923706055","57,61000061035156","50,88444519042969","41260600"
"2012-01-06T14:30:00.0000000+00:00","57,619998931884766","57,939998626708984","57,400001525878906","57,810001373291016","51,061100006103516","46325200"
"2012-01-09T14:30:00.0000000+00:00","57,959999084472656","57,97999954223633","57,43000030517578","57,619998931884766","50,893287658691406","39195500"
"2012-01-10T14:30:00.0000000+00:00","58,22999954223633","58,400001525878906","57,63999938964844","58,040000915527344","51,26426315307617","35949900"
"2012-01-11T14:30:00.0000000+00:00","58,029998779296875","58,290000915527344","57,810001373291016","58,15999984741211","51,3702392578125","37144100"
"2012-01-12T14:30:00.0000000+00:00","58,290000915527344","58,470001220703125","57,86000061035156","58,38999938964844","51,573368072509766","26188300"
"2012-01-13T14:30:00.0000000+00:00","58,08000183105469","58,20000076293945","57,68000030517578","58,18000030517578","51,387901306152344","35980400"
"2012-01-17T14:30:00.0000000+00:00","58,689998626708984","58,959999084472656","58,4900016784668","58,709999084472656","51,85602569580078","41790800"
"2012-01-18T14:30:00.0000000+00:00","58,81999969482422","59,4900016784668","58,68000030517578","59,4900016784668","52,54496765136719","48692700"
"2012-01-19T14:30:00.0000000+00:00","59,7599983215332","59,970001220703125","59,650001525878906","59,86000061035156","52,87177658081055","47774500"
"2012-01-20T14:30:00.0000000+00:00","59,599998474121094","59,79999923706055","59,560001373291016","59,77000045776367","52,79228210449219","41041700"
"2012-01-23T14:30:00.0000000+00:00","59,779998779296875","60,209999084472656","59,439998626708984","59,790000915527344","52,8099365234375","40958300"
"2012-01-24T14:30:00.0000000+00:00","59,52000045776367","59,84000015258789","59,40999984741211","59,68000030517578","52,7127799987793","38440200"
"2012-01-25T14:30:00.0000000+00:00","60,2599983215332","60,58000183105469","59,83000183105469","60,43000030517578","53,37521743774414","61591800"
"2012-01-26T14:30:00.0000000+00:00","60,689998626708984","60,79999923706055","59,93000030517578","60,220001220703125","53,18974685668945","37852700"
"2012-01-27T14:30:00.0000000+00:00","60,09000015258789","60,5099983215332","60,060001373291016","60,400001525878906","53,34874725341797","45532300"
"2012-01-30T14:30:00.0000000+00:00","59,88999938964844","60,540000915527344","59,65999984741211","60,45000076293945","53,39288330078125","42797800"
"2012-01-31T14:30:00.0000000+00:00","60,75","60,86000061035156","60,13999938964844","60,529998779296875","53,46354675292969","51449600"
"2012-02-01T14:30:00.0000000+00:00","60,880001068115234","61,2400016784668","60,65999984741211","61,02000045776367","53,8963623046875","46146700"
"2012-02-02T14:30:00.0000000+00:00","61,220001220703125","61,40999984741211","60,970001220703125","61,209999084472656","54,064178466796875","46373600"
"2012-02-03T14:30:00.0000000+00:00","61,779998779296875","62,119998931884766","61,68000030517578","62,04999923706055","54,80609893798828","36453800"
"2012-02-06T14:30:00.0000000+00:00","61,81999969482422","62,02000045776367","61,65999984741211","62","54,76195526123047","28541300"
"2012-02-07T14:30:00.0000000+00:00","61,95000076293945","62,25","61,66999816894531","62,130001068115234","54,87675857543945","37935700"
"2012-02-08T14:30:00.0000000+00:00","62,13999938964844","62,459999084472656","61,90999984741211","62,459999084472656","55,168243408203125","41171100"
"2012-02-09T14:30:00.0000000+00:00","62,70000076293945","62,97999954223633","62,31999969482422","62,90999984741211","55,56569290161133","46856400"
"2012-02-10T14:30:00.0000000+00:00","62,459999084472656","62,63999938964844","62,25","62,470001220703125","55,17708206176758","58090500"
"2012-02-13T14:30:00.0000000+00:00","62,939998626708984","63,130001068115234","62,650001525878906","63,04999923706055","55,68935775756836","36810200"
"2012-02-14T14:30:00.0000000+00:00","62,90999984741211","63,220001220703125","62,689998626708984","63,209999084472656","55,8306999206543","51648200"
"2012-02-15T14:30:00.0000000+00:00","63,5099983215332","63,86000061035156","62,66999816894531","62,77000045776367","55,442047119140625","105709100"
"2012-02-16T14:30:00.0000000+00:00","62,790000915527344","63,70000076293945","62,630001068115234","63,630001068115234","56,20165252685547","83642300"
"2012-02-17T14:30:00.0000000+00:00","63,63999938964844","63,689998626708984","63,150001525878906","63,43000030517578","56,024993896484375","76112300"
"2012-02-21T14:30:00.0000000+00:00","63,5","63,88999938964844","63,209999084472656","63,61000061035156","56,183982849121094","38141300"
"2012-02-22T14:30:00.0000000+00:00","63,4900016784668","63,68000030517578","63,22999954223633","63,31999969482422","55,92786407470703","43174700"
"2012-02-23T14:30:00.0000000+00:00","63,400001525878906","63,810001373291016","63,09000015258789","63,7400016784668","56,2988166809082","54250000"
"2012-02-24T14:30:00.0000000+00:00","63,91999816894531","64,06999969482422","63,79999923706055","63,959999084472656","56,49312210083008","41364900"
"2012-02-27T14:30:00.0000000+00:00","63,61000061035156","64,26000213623047","63,33000183105469","64,05000305175781","56,57261657714844","42678500"
"2012-02-28T14:30:00.0000000+00:00","64,11000061035156","64,69999694824219","64,02999877929688","64,69999694824219","57,14674758911133","43717500"
"2012-02-29T14:30:00.0000000+00:00","64,75","64,95999908447266","64,19999694824219","64,41000366210938","56,89059066772461","59784400"
"2012-03-01T14:30:00.0000000+00:00","64,6500015258789","64,9800033569336","64,45999908447266","64,91999816894531","57,341041564941406","67558900"
"2012-03-02T14:30:00.0000000+00:00","64,83000183105469","65,08000183105469","64,66000366210938","64,87000274658203","57,29689407348633","33358200"
"2012-03-05T14:30:00.0000000+00:00","64,83000183105469","64,91000366210938","63,9900016784668","64,19999694824219","56,70512008666992","45788800"
"2012-03-06T14:30:00.0000000+00:00","63,56999969482422","63,720001220703125","63,22999954223633","63,56999969482422","56,148651123046875","54638600"
"2012-03-07T14:30:00.0000000+00:00","63,869998931884766","64,20999908447266","63,77000045776367","64,05999755859375","56,581451416015625","42741800"
"2012-03-08T14:30:00.0000000+00:00","64,44000244140625","64,94000244140625","64,30000305175781","64,75","57,190914154052734","43711100"
"2012-03-09T14:30:00.0000000+00:00","64,86000061035156","65,13999938964844","64,81999969482422","65,0199966430664","57,429359436035156","43117200"
"2012-03-12T13:30:00.0000000+00:00","65","65,11000061035156","64,72000122070312","65,05000305175781","57,45587158203125","32687300"
"2012-03-13T13:30:00.0000000+00:00","65,4000015258789","66,26000213623047","65,2699966430664","66,26000213623047","58,524620056152344","61559100"
"2012-03-14T13:30:00.0000000+00:00","66,33000183105469","66,73999786376953","66,08000183105469","66,48999786376953","58,72777557373047","59926900"
"2012-03-15T13:30:00.0000000+00:00","66,69000244140625","66,81999969482422","66,3499984741211","66,68000030517578","58,895572662353516","65531200"
"2012-03-16T13:30:00.0000000+00:00","66,66999816894531","66,66999816894531","66,36000061035156","66,5199966430664","58,85400390625","53023100"
"2012-03-19T13:30:00.0000000+00:00","66,62999725341797","67,1500015258789","66,44999694824219","66,98999786376953","59,26984405517578","60966200"
"2012-03-20T13:30:00.0000000+00:00","66,63999938964844","67,18000030517578","66,45999908447266","67,11000061035156","59,37601089477539","47290600"
"2012-03-21T13:30:00.0000000+00:00","67,12000274658203","67,48999786376953","67,02999877929688","67,12000274658203","59,38484191894531","39648100"
"2012-03-22T13:30:00.0000000+00:00","66,72000122070312","67,13999938964844","66,68000030517578","66,9800033569336","59,26096725463867","56953900"
"2012-03-23T13:30:00.0000000+00:00","67,05999755859375","67,08000183105469","66,55999755859375","66,94000244140625","59,2255973815918","45541700"
"2012-03-26T13:30:00.0000000+00:00","67,38999938964844","68,11000061035156","67,33000183105469","68,11000061035156","60,26076889038086","40855300"
"2012-03-27T13:30:00.0000000+00:00","68,16000366210938","68,48999786376953","68,12999725341797","68,20999908447266","60,34923553466797","37278200"
"2012-03-28T13:30:00.0000000+00:00","68,25","68,51000213623047","67,54000091552734","67,94000244140625","60,11036682128906","44421900"
"2012-03-29T13:30:00.0000000+00:00","67,5999984741211","67,93000030517578","67,19999694824219","67,68000030517578","59,88032150268555","53975300"
"2012-03-30T13:30:00.0000000+00:00","67,9800033569336","68,0199966430664","67,27999877929688","67,55000305175781","59,76528549194336","39480900"
"2012-04-02T13:30:00.0000000+00:00","67,4800033569336","68,33999633789062","67,36000061035156","68,25","60,384613037109375","40031600"
"2012-04-03T13:30:00.0000000+00:00","68,30999755859375","68,55000305175781","67,8499984741211","68,2300033569336","60,36692810058594","45539900"
"2012-04-04T13:30:00.0000000+00:00","67,72000122070312","67,76000213623047","66,91000366210938","67,30000305175781","59,54412078857422","54088100"
"2012-04-05T13:30:00.0000000+00:00","67,18000030517578","67,77999877929688","67,12999725341797","67,72000122070312","59,91572189331055","42979900"
"2012-04-09T13:30:00.0000000+00:00","66,87999725341797","67,4800033569336","66,76000213623047","67,20999908447266","59,4644889831543","36908200"
"2012-04-10T13:30:00.0000000+00:00","67,18000030517578","67,44000244140625","65,91999816894531","66,12999725341797","58,50894546508789","69254200"
"2012-04-11T13:30:00.0000000+00:00","66,70999908447266","66,88999938964844","66,27999877929688","66,44999694824219","58,79207229614258","62950000"
"2012-04-12T13:30:00.0000000+00:00","66,58000183105469","67,27999877929688","66,4800033569336","67,20999908447266","59,4644889831543","57407400"
"2012-04-13T13:30:00.0000000+00:00","66,9800033569336","67,19999694824219","66,16000366210938","66,19000244140625","58,562034606933594","55227500"
"2012-04-16T13:30:00.0000000+00:00","66,5199966430664","66,55999755859375","65,23999786376953","65,44999694824219","57,907310485839844","57588000"
"2012-04-17T13:30:00.0000000+00:00","65,7300033569336","66,98999786376953","65,62999725341797","66,77999877929688","59,084041595458984","47362400"
"2012-04-18T13:30:00.0000000+00:00","66,58999633789062","67","66,41000366210938","66,61000061035156","58,93363952636719","42536100"
"2012-04-19T13:30:00.0000000+00:00","66,37000274658203","67,16999816894531","65,62000274658203","65,86000061035156","58,27005386352539","81110900"
"2012-04-20T13:30:00.0000000+00:00","66,22000122070312","66,51000213623047","65,58000183105469","65,68000030517578","58,110809326171875","59906900"
"2012-04-23T13:30:00.0000000+00:00","65,05999755859375","65,18000030517578","64,48999786376953","65,08000183105469","57,57994842529297","70514400"
"2012-04-24T13:30:00.0000000+00:00","64,95999908447266","65,2300033569336","64,44999694824219","64,7300033569336","57,27029800415039","49661500"
"2012-04-25T13:30:00.0000000+00:00","66,06999969482422","66,48999786376953","65,97000122070312","66,44999694824219","58,79207229614258","57526900"
"2012-04-26T13:30:00.0000000+00:00","66,44000244140625","66,98999786376953","66,3499984741211","66,83999633789062","59,13713073730469","41799500"
"2012-04-27T13:30:00.0000000+00:00","67,12000274658203","67,44999694824219","66,7699966430664","67,23999786376953","59,491031646728516","46003800"
"2012-04-30T13:30:00.0000000+00:00","67,04000091552734","67,16999816894531","66,70999908447266","66,76000213623047","59,06633377075195","37787700"
"2012-05-01T13:30:00.0000000+00:00","66,69000244140625","67,62999725341797","66,58999633789062","66,87000274658203","59,16367721557617","37643800"
"2012-05-02T13:30:00.0000000+00:00","66,54000091552734","67,11000061035156","66,37999725341797","67,05999755859375","59,33177185058594","38299300"
"2012-05-03T13:30:00.0000000+00:00","67,0999984741211","67,1500015258789","66,18000030517578","66,3499984741211","58,70358657836914","51297600"
"2012-05-04T13:30:00.0000000+00:00","65,73999786376953","66,3499984741211","64,69000244140625","64,69999694824219","57,243751525878906","107554000"
"2012-05-07T13:30:00.0000000+00:00","64,30999755859375","65,06999969482422","64,29000091552734","64,76000213623047","57,29684829711914","50267800"
"2012-05-08T13:30:00.0000000+00:00","64,3499984741211","64,73999786376953","63,47999954223633","64,5199966430664","57,08448791503906","72659700"
"2012-05-09T13:30:00.0000000+00:00","63,77000045776367","64,68000030517578","63,5099983215332","64,31999969482422","56,90753173828125","85715300"
"2012-05-10T13:30:00.0000000+00:00","64,61000061035156","64,62999725341797","63,95000076293945","64,19000244140625","56,79251480102539","49448900"
"2012-05-11T13:30:00.0000000+00:00","63,970001220703125","64,86000061035156","63,90999984741211","64,18000030517578","56,78367233276367","47099900"
"2012-05-14T13:30:00.0000000+00:00","63,630001068115234","64,08000183105469","63,47999954223633","63,58000183105469","56,2528076171875","46360000"
"2012-05-15T13:30:00.0000000+00:00","63,75","64,2699966430664","63,2599983215332","63,369998931884766","56,06702423095703","66908600"
"2012-05-16T13:30:00.0000000+00:00","63,59000015258789","63,779998779296875","62,810001373291016","62,939998626708984","55,68656539916992","52825900"
"2012-05-17T13:30:00.0000000+00:00","62,959999084472656","63,060001373291016","61,599998474121094","61,61000061035156","54,50985336303711","62253900"
"2012-05-18T13:30:00.0000000+00:00","61,79999923706055","61,959999084472656","60,7599983215332","60,810001373291016","53,80204391479492","79496500"
"2012-05-21T13:30:00.0000000+00:00","60,93000030517578","62,56999969482422","60,849998474121094","62,5099983215332","55,306129455566406","61473000"
"2012-05-22T13:30:00.0000000+00:00","62,689998626708984","62,95000076293945","61,9900016784668","62,439998626708984","55,244205474853516","62954800"
"2012-05-23T13:30:00.0000000+00:00","61,90999984741211","62,709999084472656","61,369998931884766","62,560001373291016","55,350364685058594","56951100"
"2012-05-24T13:30:00.0000000+00:00","62,650001525878906","62,709999084472656","61,689998626708984","62,150001525878906","54,98760986328125","83131200"
"2012-05-25T13:30:00.0000000+00:00","62,209999084472656","62,31999969482422","61,88999938964844","62,06999969482422","54,91682815551758","32078900"
"2012-05-29T13:30:00.0000000+00:00","62,650001525878906","63,150001525878906","62,279998779296875","62,86000061035156","55,61580276489258","44216700"
"2012-05-30T13:30:00.0000000+00:00","62,290000915527344","62,54999923706055","61,68000030517578","62,33000183105469","55,1468620300293","56431800"
"2012-05-31T13:30:00.0000000+00:00","62,25","62,40999984741211","61,59000015258789","62,060001373291016","54,90798568725586","55260100"
"2012-06-01T13:30:00.0000000+00:00","60,939998626708984","61,31999969482422","60,38999938964844","60,40999984741211","53,448158264160156","71430800"
"2012-06-04T13:30:00.0000000+00:00","60,58000183105469","60,959999084472656","60,040000915527344","60,869998931884766","53,855125427246094","74119500"
"2012-06-05T13:30:00.0000000+00:00","60,65999984741211","61,2400016784668","60,630001068115234","61,119998931884766","54,076316833496094","47916900"
"2012-06-06T13:30:00.0000000+00:00","61,58000183105469","62,56999969482422","61,52000045776367","62,52000045776367","55,314979553222656","58781800"
"2012-06-07T13:30:00.0000000+00:00","63,18000030517578","63,18000030517578","62,220001220703125","62,27000045776367","55,093780517578125","38414800"
"2012-06-08T13:30:00.0000000+00:00","62,16999816894531","62,95000076293945","61,959999084472656","62,869998931884766","55,6246452331543","39730800"
"2012-06-11T13:30:00.0000000+00:00","63,349998474121094","63,380001068115234","61,77000045776367","61,810001373291016","54,68680953979492","51008900"
"2012-06-12T13:30:00.0000000+00:00","62,099998474121094","62,59000015258789","61,68000030517578","62,560001373291016","55,350364685058594","48802600"
"2012-06-13T13:30:00.0000000+00:00","62,380001068115234","62,849998474121094","61,91999816894531","62,130001068115234","54,96992111206055","50840100"
"2012-06-14T13:30:00.0000000+00:00","62,119998931884766","62,61000061035156","61,79999923706055","62,36000061035156","55,17341995239258","65170600"
"2012-06-15T13:30:00.0000000+00:00","62,38999938964844","63,08000183105469","62,36000061035156","62,9900016784668","55,85890579223633","41536100"
"2012-06-18T13:30:00.0000000+00:00","62,72999954223633","63,7400016784668","62,630001068115234","63,58000183105469","56,38210678100586","32191200"
"2012-06-19T13:30:00.0000000+00:00","63,900001525878906","64,51000213623047","63,849998474121094","64,23999786376953","56,9673957824707","36476500"
"2012-06-20T13:30:00.0000000+00:00","64,37999725341797","64,56999969482422","63,810001373291016","64,29000091552734","57,01174545288086","51389700"
"2012-06-21T13:30:00.0000000+00:00","64,23999786376953","64,30999755859375","62,619998931884766","62,689998626708984","55,592864990234375","42492700"
"2012-06-22T13:30:00.0000000+00:00","62,900001525878906","63,43000030517578","62,72999954223633","63,349998474121094","56,17814254760742","29504200"
"2012-06-25T13:30:00.0000000+00:00","62,83000183105469","62,849998474121094","61,95000076293945","62,130001068115234","55,09627151489258","33136400"
"2012-06-26T13:30:00.0000000+00:00","62,34000015258789","62,70000076293945","62,060001373291016","62,52000045776367","55,44211959838867","30611100"
"2012-06-27T13:30:00.0000000+00:00","62,7599983215332","63,18000030517578","62,689998626708984","62,900001525878906","55,77910232543945","35705800"
"2012-06-28T13:30:00.0000000+00:00","62,43000030517578","62,470001220703125","61,540000915527344","62,20000076293945","55,158348083496094","49793400"
"2012-06-29T13:30:00.0000000+00:00","63,400001525878906","64,16000366210938","63,209999084472656","64,16000366210938","56,896461486816406","44761300"
"2012-07-02T13:30:00.0000000+00:00","64,25","64,37999725341797","63,869998931884766","64,3499984741211","57,064937591552734","33425600"
"2012-07-03T13:30:00.0000000+00:00","64,38999938964844","64,88999938964844","64,29000091552734","64,88999938964844","57,5438117980957","15895100"
"2012-07-05T13:30:00.0000000+00:00","64,83000183105469","65,25","64,4800033569336","64,93000030517578","57,57929229736328","37016200"
"2012-07-06T13:30:00.0000000+00:00","64,62999725341797","64,69000244140625","63,650001525878906","64,12000274658203","56,86098098754883","40684100"
"2012-07-09T13:30:00.0000000+00:00","64,05000305175781","64,26000213623047","63,68000030517578","64","56,75454330444336","35628300"
"2012-07-10T13:30:00.0000000+00:00","64,3499984741211","64,51000213623047","63,119998931884766","63,369998931884766","56,19588088989258","47365700"
"2012-07-11T13:30:00.0000000+00:00","63,290000915527344","63,459999084472656","62,5","63,02000045776367","55,885501861572266","43432000"
"2012-07-12T13:30:00.0000000+00:00","62,52000045776367","62,689998626708984","61,86000061035156","62,43000030517578","55,362300872802734","57680400"
"2012-07-13T13:30:00.0000000+00:00","62,599998474121094","63,52000045776367","62,560001373291016","63,380001068115234","56,20474624633789","32357200"
"2012-07-16T13:30:00.0000000+00:00","63,2400016784668","63,52000045776367","62,95000076293945","63,20000076293945","56,04513168334961","27621400"
"2012-07-17T13:30:00.0000000+00:00","63,599998474121094","63,7400016784668","62,630001068115234","63,529998779296875","56,3377685546875","42467800"
"2012-07-18T13:30:00.0000000+00:00","63,40999984741211","64,58000183105469","63,38999938964844","64,38999938964844","57,100406646728516","44489700"
"2012-07-19T13:30:00.0000000+00:00","64,83999633789062","65,30999755859375","64,72000122070312","65,0999984741211","57,73002624511719","53017800"
"2012-07-20T13:30:00.0000000+00:00","65,08000183105469","65,0999984741211","64,20999908447266","64,23999786376953","56,9673957824707","40573100"
"2012-07-23T13:30:00.0000000+00:00","62,9900016784668","63,68000030517578","62,5099983215332","63,459999084472656","56,27570343017578","48657800"
"2012-07-24T13:30:00.0000000+00:00","63,56999969482422","63,65999984741211","62,54999923706055","62,959999084472656","55,832298278808594","57269700"
"2012-07-25T13:30:00.0000000+00:00","62,470001220703125","62,95000076293945","62,150001525878906","62,540000915527344","55,4598388671875","46264400"
"2012-07-26T13:30:00.0000000+00:00","63,439998626708984","63,72999954223633","62,970001220703125","63,369998931884766","56,19588088989258","41928200"
"2012-07-27T13:30:00.0000000+00:00","63,83000183105469","64,98999786376953","63,63999938964844","64,87000274658203","57,526065826416016","42621000"
"2012-07-30T13:30:00.0000000+00:00","65,02999877929688","65,30999755859375","64,5999984741211","64,81999969482422","57,481746673583984","37821300"
"2012-07-31T13:30:00.0000000+00:00","64,91999816894531","65,18000030517578","64,73999786376953","64,80000305175781","57,46399688720703","34588300"
"2012-08-01T13:30:00.0000000+00:00","65,26000213623047","65,27999877929688","64,3499984741211","64,61000061035156","57,29551315307617","30920200"
"2012-08-02T13:30:00.0000000+00:00","64,12000274658203","65,0199966430664","63,90999984741211","64,37999725341797","57,09153747558594","40534900"
"2012-08-03T13:30:00.0000000+00:00","65,41999816894531","65,87999725341797","65,19000244140625","65,5999984741211","58,173423767089844","42117400"
"2012-08-06T13:30:00.0000000+00:00","65,94000244140625","66,38999938964844","65,80000305175781","66,0999984741211","58,6168327331543","23523600"
"2012-08-07T13:30:00.0000000+00:00","66,37999725341797","66,91999816894531","66,27999877929688","66,6500015258789","59,104557037353516","28223300"
"2012-08-08T13:30:00.0000000+00:00","66,4800033569336","66,76000213623047","66,37000274658203","66,62000274658203","59,07795715332031","20723500"
"2012-08-09T13:30:00.0000000+00:00","66,61000061035156","66,91000366210938","66,48999786376953","66,81999969482422","59,25531768798828","20726200"
"2012-08-10T13:30:00.0000000+00:00","66,58000183105469","66,87999725341797","66,41000366210938","66,86000061035156","59,29079055786133","20312000"
"2012-08-13T13:30:00.0000000+00:00","66,83999633789062","67,02999877929688","66,5","67,0199966430664","59,43267059326172","19890300"
"2012-08-14T13:30:00.0000000+00:00","67,2699966430664","67,41000366210938","66,86000061035156","67,05000305175781","59,459266662597656","24218700"
"2012-08-15T13:30:00.0000000+00:00","67","67,31999969482422","66,98999786376953","67,22000122070312","59,61001968383789","29100400"
"2012-08-16T13:30:00.0000000+00:00","67,47000122070312","68,16999816894531","67,38999938964844","68,0199966430664","60,3194465637207","35699900"
"2012-08-17T13:30:00.0000000+00:00","68,16999816894531","68,33000183105469","68,01000213623047","68,31999969482422","60,58549499511719","22584800"
"2012-08-20T13:30:00.0000000+00:00","68,2699966430664","68,43000030517578","68","68,41999816894531","60,67416763305664","26924000"
"2012-08-21T13:30:00.0000000+00:00","68,5999984741211","68,87999725341797","67,87999725341797","68,1500015258789","60,43473815917969","41391000"
"2012-08-22T13:30:00.0000000+00:00","68","68,55999755859375","67,80999755859375","68,43000030517578","60,683040618896484","44555700"
"2012-08-23T13:30:00.0000000+00:00","68,12000274658203","68,33999633789062","67,69000244140625","67,87000274658203","60,186424255371094","28800400"
"2012-08-24T13:30:00.0000000+00:00","67,70999908447266","68,44999694824219","67,5999984741211","68,29000091552734","60,55890655517578","38384800"
"2012-08-27T13:30:00.0000000+00:00","68,58000183105469","68,66999816894531","68,25","68,4000015258789","60,65644836425781","20671400"
"2012-08-28T13:30:00.0000000+00:00","68,33999633789062","68,58999633789062","68,11000061035156","68,4000015258789","60,65644836425781","27337900"
"2012-08-29T13:30:00.0000000+00:00","68,4000015258789","68,56999969482422","68,11000061035156","68,4000015258789","60,65644836425781","26672400"
"2012-08-30T13:30:00.0000000+00:00","68,0999984741211","68,12999725341797","67,5999984741211","67,70999908447266","60,044559478759766","24425400"
"2012-08-31T13:30:00.0000000+00:00","68,19999694824219","68,44999694824219","67,47000122070312","68,16000366210938","60,44361877441406","42128000"
"2012-09-04T13:30:00.0000000+00:00","68,02999877929688","68,3499984741211","67,41999816894531","68,08999633789062","60,381534576416016","32017200"
"2012-09-05T13:30:00.0000000+00:00","68,05999755859375","68,3499984741211","67,83999633789062","68,0199966430664","60,3194465637207","26129300"
"2012-09-06T13:30:00.0000000+00:00","68,44000244140625","69,55000305175781","68,41999816894531","69,52999877929688","61,65848922729492","43100000"
"2012-09-07T13:30:00.0000000+00:00","69,37000274658203","69,55000305175781","69,2300033569336","69,43000030517578","61,569828033447266","32958600"
"2012-09-10T13:30:00.0000000+00:00","69,25","69,4000015258789","68,48999786376953","68,54000091552734","60,78057861328125","25490000"
"2012-09-11T13:30:00.0000000+00:00","68,55000305175781","68,81999969482422","68,31999969482422","68,43000030517578","60,683040618896484","29810100"
"2012-09-12T13:30:00.0000000+00:00","68,68000030517578","68,80999755859375","68,20999908447266","68,62999725341797","60,86040496826172","42203400"
"2012-09-13T13:30:00.0000000+00:00","68,69000244140625","69,86000061035156","68,62000274658203","69,55999755859375","61,685115814208984","45417800"
"2012-09-14T13:30:00.0000000+00:00","69,80999755859375","70,43000030517578","69,79000091552734","70,18000030517578","62,234928131103516","38880300"
"2012-09-17T13:30:00.0000000+00:00","70,22000122070312","70,23999786376953","69,95999908447266","70,20999908447266","62,26152420043945","31798400"
"2012-09-18T13:30:00.0000000+00:00","70,02999877929688","70,30000305175781","70,0199966430664","70,2699966430664","62,314727783203125","27169800"
"2012-09-19T13:30:00.0000000+00:00","70,26000213623047","70,58000183105469","70,05999755859375","70,4000015258789","62,430015563964844","36484600"
"2012-09-20T13:30:00.0000000+00:00","70,05999755859375","70,4000015258789","69,87000274658203","70,33000183105469","62,36796569824219","42520200"
"2012-09-21T13:30:00.0000000+00:00","70,4800033569336","70,54000091552734","70,08000183105469","70,1500015258789","62,38571548461914","23678500"
"2012-09-24T13:30:00.0000000+00:00","69,56999969482422","69,86000061035156","69,41999816894531","69,73999786376953","62,0211181640625","32341600"
"2012-09-25T13:30:00.0000000+00:00","69,91999816894531","70,08000183105469","68,7300033569336","68,76000213623047","61,149574279785156","41299600"
"2012-09-26T13:30:00.0000000+00:00","68,66999816894531","68,70999908447266","67,8499984741211","68,19999694824219","60,65155029296875","32770400"
"2012-09-27T13:30:00.0000000+00:00","68,37000274658203","69,30000305175781","68,25","69,13999938964844","61,487518310546875","25339500"
"2012-09-28T13:30:00.0000000+00:00","68,91000366210938","69,12000274658203","68,51000213623047","68,56999969482422","60,980613708496094","30112600"
"2012-10-01T13:30:00.0000000+00:00","68,9000015258789","69,33000183105469","68,25","68,47000122070312","60,891666412353516","37715300"
"2012-10-02T13:30:00.0000000+00:00","68,7699966430664","68,9800033569336","68,12999725341797","68,66999816894531","61,06952667236328","33254300"
"2012-10-03T13:30:00.0000000+00:00","68,86000061035156","69,23999786376953","68,58999633789062","69,11000061035156","61,46083450317383","38236000"
"2012-10-04T13:30:00.0000000+00:00","69,22000122070312","69,54000091552734","69","69,3499984741211","61,67429733276367","26128600"
"2012-10-05T13:30:00.0000000+00:00","69,69999694824219","69,80000305175781","68,80000305175781","68,9800033569336","61,345211029052734","25207900"
"2012-10-08T13:30:00.0000000+00:00","68,58000183105469","68,72000122070312","68,19000244140625","68,3499984741211","60,78493118286133","30911500"
"2012-10-09T13:30:00.0000000+00:00","68,16999816894531","68,33999633789062","67,0999984741211","67,26000213623047","59,81559371948242","67974000"
"2012-10-10T13:30:00.0000000+00:00","67,23999786376953","67,43000030517578","66,80000305175781","66,91999816894531","59,513206481933594","45134300"
"2012-10-11T13:30:00.0000000+00:00","67,41999816894531","67,47000122070312","66,66999816894531","66,70999908447266","59,326473236083984","30469400"
"2012-10-12T13:30:00.0000000+00:00","66,69999694824219","67,05999755859375","66,55000305175781","66,68000030517578","59,29977798461914","24891200"
"2012-10-15T13:30:00.0000000+00:00","66,93000030517578","67,26000213623047","66,52999877929688","67,16999816894531","59,735557556152344","22220100"
"2012-10-16T13:30:00.0000000+00:00","67,2699966430664","68,19999694824219","67,25","68,12000274658203","60,58041763305664","33960600"
"2012-10-17T13:30:00.0000000+00:00","67,7699966430664","68,30000305175781","67,68000030517578","68,08000183105469","60,544830322265625","33439400"
"2012-10-18T13:30:00.0000000+00:00","67,86000061035156","68,08000183105469","67,04000091552734","67,29000091552734","59,84228515625","61707600"
"2012-10-19T13:30:00.0000000+00:00","67,20999908447266","67,2699966430664","65,5999984741211","65,68000030517578","58,41046905517578","75362600"
"2012-10-22T13:30:00.0000000+00:00","65,6500015258789","66,19000244140625","65,5","66,0199966430664","58,71282196044922","38621500"
"2012-10-23T13:30:00.0000000+00:00","65,4800033569336","65,94999694824219","65,19000244140625","65,38999938964844","58,15256881713867","52591200"
"2012-10-24T13:30:00.0000000+00:00","65,76000213623047","65,87000274658203","65,05999755859375","65,16000366210938","57,94801712036133","39872400"
"2012-10-25T13:30:00.0000000+00:00","65,61000061035156","65,72000122070312","64,97000122070312","65,16000366210938","57,94801712036133","52688700"
"2012-10-26T13:30:00.0000000+00:00","65,16000366210938","65,62000274658203","64,6500015258789","65,3499984741211","58,11699295043945","54213100"
"2012-10-31T13:30:00.0000000+00:00","65,2699966430664","65,38999938964844","64,7300033569336","64,94999694824219","57,76127243041992","38524500"
"2012-11-01T13:30:00.0000000+00:00","65,36000061035156","66","65,16999816894531","65,87000274658203","58,579444885253906","26945000"
"2012-11-02T13:30:00.0000000+00:00","66,16999816894531","66,20999908447266","65,11000061035156","65,16999816894531","57,95692825317383","44083000"
"2012-11-05T14:30:00.0000000+00:00","65,18000030517578","65,7300033569336","65,04000091552734","65,5999984741211","58,339317321777344","28094700"
"2012-11-06T14:30:00.0000000+00:00","65,70999908447266","66,16999816894531","65,45999908447266","65,72000122070312","58,44602966308594","29608400"
"2012-11-07T14:30:00.0000000+00:00","65,0199966430664","65,0999984741211","63,900001525878906","64,16999816894531","57,06760025024414","70737800"
"2012-11-08T14:30:00.0000000+00:00","64,3499984741211","64,5","63,15999984741211","63,15999984741211","56,16937255859375","58585800"
"2012-11-09T14:30:00.0000000+00:00","63,20000076293945","64,11000061035156","63,15999984741211","63,43000030517578","56,40950012207031","51542100"
"2012-11-12T14:30:00.0000000+00:00","63,79999923706055","63,869998931884766","63,25","63,41999816894531","56,40060806274414","32663700"
"2012-11-13T14:30:00.0000000+00:00","62,93000030517578","63,58000183105469","62,779998779296875","62,97999954223633","56,009300231933594","43288300"
"2012-11-14T14:30:00.0000000+00:00","63,290000915527344","63,36000061035156","62,13999938964844","62,2400016784668","55,351219177246094","82655300"
"2012-11-15T14:30:00.0000000+00:00","62,279998779296875","62,4900016784668","61,79999923706055","62,029998779296875","55,164459228515625","55124200"
"2012-11-16T14:30:00.0000000+00:00","62,08000183105469","62,47999954223633","61,310001373291016","62,29999923706055","55,404571533203125","70873100"
"2012-11-19T14:30:00.0000000+00:00","62,97999954223633","63,83000183105469","62,959999084472656","63,779998779296875","56,72077178955078","55306400"
"2012-11-20T14:30:00.0000000+00:00","63,7599983215332","63,88999938964844","63,189998626708984","63,79999923706055","56,73855972290039","52012700"
"2012-11-21T14:30:00.0000000+00:00","63,869998931884766","64,0199966430664","63,599998474121094","63,93000030517578","56,85417175292969","19611700"
"2012-11-23T14:30:00.0000000+00:00","64,29000091552734","64,91999816894531","64,25","64,9000015258789","57,7168083190918","16462900"
"2012-11-26T14:30:00.0000000+00:00","64,73999786376953","65,22000122070312","64,54000091552734","65,18000030517578","57,96580505371094","26430900"
"2012-11-27T14:30:00.0000000+00:00","65,16999816894531","65,4000015258789","64,8499984741211","64,95999908447266","57,77016067504883","25828600"
"2012-11-28T14:30:00.0000000+00:00","64,6500015258789","65,56999969482422","64,25","65,5199966430664","58,26817321777344","37295800"
"2012-11-29T14:30:00.0000000+00:00","65,87000274658203","66,13999938964844","65,58000183105469","65,91000366210938","58,615028381347656","41136100"
"2012-11-30T14:30:00.0000000+00:00","65,91999816894531","65,97000122070312","65,61000061035156","65,80000305175781","58,51719665527344","33497400"
"2012-12-03T14:30:00.0000000+00:00","66,30999755859375","66,37000274658203","65,63999938964844","65,66999816894531","58,40156936645508","28240000"
"2012-12-04T14:30:00.0000000+00:00","65,69999694824219","65,7699966430664","65,19999694824219","65,62999725341797","58,365997314453125","49584500"
"2012-12-05T14:30:00.0000000+00:00","65,52999877929688","65,54000091552734","64,55000305175781","64,9000015258789","57,7168083190918","54076200"
"2012-12-06T14:30:00.0000000+00:00","64,69999694824219","65,4800033569336","64,52999877929688","65,31999969482422","58,090309143066406","47512300"
"2012-12-07T14:30:00.0000000+00:00","65,63999938964844","65,70999908447266","64,70999908447266","64,93000030517578","57,74348831176758","30089400"
"2012-12-10T14:30:00.0000000+00:00","64,75","65,45999908447266","64,75","65,12000274658203","57,91244888305664","33219600"
"2012-12-11T14:30:00.0000000+00:00","65,56999969482422","66,33999633789062","65,5199966430664","65,97000122070312","58,66838073730469","40750800"
"2012-12-12T14:30:00.0000000+00:00","66,31999969482422","66,31999969482422","65,6500015258789","65,83000183105469","58,54386901855469","45917700"
"2012-12-13T14:30:00.0000000+00:00","65,69999694824219","66,16000366210938","65,02999877929688","65,30999755859375","58,081417083740234","45467700"
"2012-12-14T14:30:00.0000000+00:00","64,87000274658203","65,08000183105469","64,47000122070312","64,69000244140625","57,53004837036133","39630300"
"2012-12-17T14:30:00.0000000+00:00","64,75","65,56999969482422","64,66000366210938","65,55000305175781","58,29484939575195","42302900"
"2012-12-18T14:30:00.0000000+00:00","65,87999725341797","66,6500015258789","65,69999694824219","66,55000305175781","59,18417739868164","55596000"
"2012-12-19T14:30:00.0000000+00:00","66,73999786376953","66,76000213623047","66,22000122070312","66,26000213623047","58,92628860473633","34832500"
"2012-12-20T14:30:00.0000000+00:00","66,37999725341797","66,41000366210938","65,93000030517578","66,26000213623047","58,92628860473633","40754300"
"2012-12-21T14:30:00.0000000+00:00","64,87999725341797","65,27999877929688","64,5999984741211","65,19999694824219","58,306541442871094","51152900"
"2012-12-24T14:30:00.0000000+00:00","65,02999877929688","65,13999938964844","64,91999816894531","65,06999969482422","58,19028091430664","11418300"
"2012-12-26T14:30:00.0000000+00:00","65,12000274658203","65,18000030517578","64,29000091552734","64,5","57,680564880371094","21751300"
"2012-12-27T14:30:00.0000000+00:00","64,55999755859375","64,63999938964844","63,599998474121094","64,4000015258789","57,59112548828125","52933200"
"2012-12-28T14:30:00.0000000+00:00","63,90999984741211","64,43000030517578","63,75","63,779998779296875","57,03668975830078","33082100"
"2012-12-31T14:30:00.0000000+00:00","63,709999084472656","65,25","63,58000183105469","65,12999725341797","58,24393844604492","57544000"
"2013-01-02T14:30:00.0000000+00:00","66,7300033569336","67,2300033569336","66,4800033569336","67,19999694824219","60,09508514404297","70695900"
"2013-01-03T14:30:00.0000000+00:00","67,19999694824219","67,33999633789062","66,6500015258789","66,8499984741211","59,78209686279297","47366500"
"2013-01-04T14:30:00.0000000+00:00","66,87999725341797","66,87999725341797","66,47000122070312","66,62999725341797","59,58534622192383","33972500"
"2013-01-07T14:30:00.0000000+00:00","66,45999908447266","66,76000213623047","66,25","66,6500015258789","59,603240966796875","26766200"
"2013-01-08T14:30:00.0000000+00:00","66,63999938964844","66,81999969482422","66,16999816894531","66,5199966430664","59,486976623535156","28734900"
"2013-01-09T14:30:00.0000000+00:00","66,62000274658203","66,94999694824219","66,55000305175781","66,7699966430664","59,71054458618164","25600300"
"2013-01-10T14:30:00.0000000+00:00","67,2300033569336","67,2699966430664","66,55000305175781","67,16999816894531","60,068267822265625","37528000"
"2013-01-11T14:30:00.0000000+00:00","67,13999938964844","67,29000091552734","67","67,26000213623047","60,14874267578125","21158600"
"2013-01-14T14:30:00.0000000+00:00","66,91999816894531","67,1500015258789","66,66999816894531","66,95999908447266","59,88045883178711","36768500"
"2013-01-15T14:30:00.0000000+00:00","66,62999725341797","66,7300033569336","66,33000183105469","66,62999725341797","59,58534622192383","31675300"
"2013-01-16T14:30:00.0000000+00:00","66,72000122070312","67,12999725341797","66,5999984741211","66,9000015258789","59,826820373535156","33822300"
"2013-01-17T14:30:00.0000000+00:00","67,16999816894531","67,4800033569336","67,05999755859375","67,22000122070312","60,11296081542969","32024200"
"2013-01-18T14:30:00.0000000+00:00","67,0199966430664","67,13999938964844","66,7699966430664","67,06999969482422","59,97882080078125","31992000"
"2013-01-22T14:30:00.0000000+00:00","67,13999938964844","67,2300033569336","66,7300033569336","67,18000030517578","60,07720947265625","32123100"
"2013-01-23T14:30:00.0000000+00:00","67,55999755859375","67,79000091552734","67,45999908447266","67,58999633789062","60,4438591003418","31975700"
"2013-01-24T14:30:00.0000000+00:00","66,66000366210938","67,27999877929688","66,55999755859375","66,66000366210938","59,6121826171875","42596300"
"2013-01-25T14:30:00.0000000+00:00","66,87000274658203","67,19000244140625","66,73999786376953","67","59,91624450683594","39240100"
"2013-01-28T14:30:00.0000000+00:00","67,01000213623047","67,37999725341797","66,93000030517578","67,1500015258789","60,05036926269531","32926100"
"2013-01-29T14:30:00.0000000+00:00","67,06999969482422","67,30999755859375","66,62999725341797","67,16000366210938","60,05934143066406","35554700"
"2013-01-30T14:30:00.0000000+00:00","67,27999877929688","67,4800033569336","66,87000274658203","67,0199966430664","59,934120178222656","34445000"
"2013-01-31T14:30:00.0000000+00:00","66,98999786376953","67,3499984741211","66,80999755859375","66,87000274658203","59,79998016357422","34870500"
"2013-02-01T14:30:00.0000000+00:00","67,33999633789062","67,77999877929688","67,06999969482422","67,66000366210938","60,50642776489258","53120800"
"2013-02-04T14:30:00.0000000+00:00","67,2699966430664","67,45999908447266","66,45999908447266","66,4800033569336","59,45122146606445","48483700"
"2013-02-05T14:30:00.0000000+00:00","66,7699966430664","67,66999816894531","66,61000061035156","67,45999908447266","60,327606201171875","35120300"
"2013-02-06T14:30:00.0000000+00:00","67,23999786376953","67,55000305175781","67,04000091552734","67,23999786376953","60,130859375","43593200"
"2013-02-07T14:30:00.0000000+00:00","67,31999969482422","67,37000274658203","66,55999755859375","67,30000305175781","60,18452835083008","46017900"
"2013-02-08T14:30:00.0000000+00:00","67,63999938964844","68,12999725341797","67,62999725341797","67,98999786376953","60,80154800415039","39837200"
"2013-02-11T14:30:00.0000000+00:00","68,02999877929688","68,05999755859375","67,77999877929688","68,01000213623047","60,819454193115234","17650400"
"2013-02-12T14:30:00.0000000+00:00","67,91999816894531","68,05000305175781","67,66000366210938","67,7300033569336","60,56904220581055","22057900"
"2013-02-13T14:30:00.0000000+00:00","67,93000030517578","68,2300033569336","67,7699966430664","67,97000122070312","60,78369903564453","23494700"
"2013-02-14T14:30:00.0000000+00:00","67,66000366210938","68,05000305175781","67,62000274658203","67,94999694824219","60,76578903198242","24478800"
"2013-02-15T14:30:00.0000000+00:00","67,94000244140625","68,11000061035156","67,55999755859375","67,75","60,5869255065918","25333600"
"2013-02-19T14:30:00.0000000+00:00","67,87999725341797","68,26000213623047","67,86000061035156","68,23999786376953","61,02513122558594","23436500"
"2013-02-20T14:30:00.0000000+00:00","68,22000122070312","68,25","67,18000030517578","67,19000244140625","60,086151123046875","38200300"
"2013-02-21T14:30:00.0000000+00:00","66,94000244140625","67,01000213623047","66,2300033569336","66,47000122070312","59,442291259765625","45855600"
"2013-02-22T14:30:00.0000000+00:00","66,8499984741211","67,1500015258789","66,58999633789062","67,13999938964844","60,04143142700195","21968000"
"2013-02-25T14:30:00.0000000+00:00","67,56999969482422","67,80999755859375","66,25","66,30999755859375","59,29917907714844","40927600"
"2013-02-26T14:30:00.0000000+00:00","66,4000015258789","66,68000030517578","65,95999908447266","66,55999755859375","59,522743225097656","42088800"
"2013-02-27T14:30:00.0000000+00:00","66,55999755859375","67,6500015258789","66,47000122070312","67,23999786376953","60,130859375","36339500"
"2013-02-28T14:30:00.0000000+00:00","67,25","67,73999786376953","67,08999633789062","67,0999984741211","60,00566101074219","28557300"
"2013-03-01T14:30:00.0000000+00:00","66,87000274658203","67,5","66,54000091552734","67,37999725341797","60,256046295166016","31617200"
"2013-03-04T14:30:00.0000000+00:00","67,16000366210938","67,69000244140625","67,06999969482422","67,68000030517578","60,524349212646484","19380500"
"2013-03-05T14:30:00.0000000+00:00","68,08000183105469","68,7699966430664","68,08000183105469","68,68000030517578","61,41863250732422","35581900"
"2013-03-06T14:30:00.0000000+00:00","68,88999938964844","68,91000366210938","68,41999816894531","68,51000213623047","61,26658248901367","29071100"
"2013-03-07T14:30:00.0000000+00:00","68,58999633789062","68,80000305175781","68,44999694824219","68,69000244140625","61,42756271362305","21775900"
"2013-03-08T14:30:00.0000000+00:00","68,91999816894531","69,0199966430664","68,5","68,7699966430664","61,499080657958984","26159900"
"2013-03-11T13:30:00.0000000+00:00","68,68000030517578","68,98999786376953","68,47000122070312","68,97000122070312","61,67795181274414","23187900"
"2013-03-12T13:30:00.0000000+00:00","68,7699966430664","68,93000030517578","68,38999938964844","68,72000122070312","61,45438003540039","27575400"
"2013-03-13T13:30:00.0000000+00:00","68,80999755859375","68,88999938964844","68,38999938964844","68,62999725341797","61,3739013671875","34297300"
"2013-03-14T13:30:00.0000000+00:00","68,87000274658203","69,01000213623047","68,70999908447266","68,86000061035156","61,57957077026367","31530800"
"2013-03-15T13:30:00.0000000+00:00","68,75","68,79000091552734","68,33999633789062","68,51000213623047","61,40838623046875","30752600"
"2013-03-18T13:30:00.0000000+00:00","67,87999725341797","68,63999938964844","67,7300033569336","68,36000061035156","61,273929595947266","36163000"
"2013-03-19T13:30:00.0000000+00:00","68,56999969482422","68,69999694824219","67,62000274658203","68,2300033569336","61,15739822387695","33125100"
"2013-03-20T13:30:00.0000000+00:00","68,70999908447266","68,86000061035156","68,38999938964844","68,70999908447266","61,58766555786133","28035400"
"2013-03-21T13:30:00.0000000+00:00","68,08000183105469","68,25","67,7699966430664","67,93000030517578","60,888511657714844","30050800"
"2013-03-22T13:30:00.0000000+00:00","68,20999908447266","68,63999938964844","68,12999725341797","68,58999633789062","61,48006820678711","28837200"
"2013-03-25T13:30:00.0000000+00:00","68,80999755859375","68,95999908447266","68,01000213623047","68,33999633789062","61,25599670410156","24909800"
"2013-03-26T13:30:00.0000000+00:00","68,5999984741211","68,7300033569336","68,44999694824219","68,70999908447266","61,58766555786133","19725200"
"2013-03-27T13:30:00.0000000+00:00","68,23999786376953","68,8499984741211","68,13999938964844","68,80000305175781","61,668331146240234","22539500"
"2013-03-28T13:30:00.0000000+00:00","68,80000305175781","69,05999755859375","68,63999938964844","68,97000122070312","61,820716857910156","23662800"
"2013-04-01T13:30:00.0000000+00:00","69,0199966430664","69,08999633789062","68,30999755859375","68,5","61,399417877197266","28112800"
"2013-04-02T13:30:00.0000000+00:00","68,83000183105469","69,2699966430664","68,7699966430664","69,04000091552734","61,8834342956543","29431900"
"2013-04-03T13:30:00.0000000+00:00","69,08000183105469","69,18000030517578","68,23999786376953","68,41000366210938","61,3187370300293","35131200"
"2013-04-04T13:30:00.0000000+00:00","68,37999725341797","68,5999984741211","68,05999755859375","68,43000030517578","61,3366584777832","32287400"
"2013-04-05T13:30:00.0000000+00:00","67,3499984741211","67,95999908447266","67,19000244140625","67,86000061035156","60,82576370239258","55610800"
"2013-04-08T13:30:00.0000000+00:00","67,88999938964844","68,23999786376953","67,69000244140625","68,22000122070312","61,148441314697266","17891600"
"2013-04-09T13:30:00.0000000+00:00","68,4000015258789","68,95999908447266","68,08999633789062","68,68000030517578","61,560760498046875","30931400"
"2013-04-10T13:30:00.0000000+00:00","68,91999816894531","70,16999816894531","68,87999725341797","70,0199966430664","62,76184844970703","55271300"
"2013-04-11T13:30:00.0000000+00:00","69,8499984741211","70,1500015258789","69,7699966430664","69,98999786376953","62,73495864868164","37233600"
"2013-04-12T13:30:00.0000000+00:00","69,81999969482422","69,98999786376953","69,41000366210938","69,94000244140625","62,69016647338867","32783700"
"2013-04-15T13:30:00.0000000+00:00","69,68000030517578","69,79000091552734","68,4800033569336","68,55999755859375","61,45319366455078","48795800"
"2013-04-16T13:30:00.0000000+00:00","68,94999694824219","69,55000305175781","68,80999755859375","69,47000122070312","62,26885986328125","27682600"
"2013-04-17T13:30:00.0000000+00:00","68,87000274658203","68,88999938964844","67,70999908447266","68,11000061035156","61,04985809326172","60204800"
"2013-04-18T13:30:00.0000000+00:00","68,29000091552734","68,33000183105469","66,87999725341797","67,16999816894531","60,20726013183594","56798200"
"2013-04-19T13:30:00.0000000+00:00","67,30000305175781","68,2300033569336","67,19999694824219","68,08999633789062","61,03190231323242","43062800"
"2013-04-22T13:30:00.0000000+00:00","68,33000183105469","69,04000091552734","68,08000183105469","68,79000091552734","61,65938186645508","34412100"
"2013-04-23T13:30:00.0000000+00:00","69,18000030517578","69,69999694824219","68,81999969482422","69,44999694824219","62,25094223022461","53078300"
"2013-04-24T13:30:00.0000000+00:00","69,27999877929688","69,66999816894531","69,12000274658203","69,41999816894531","62,224037170410156","44500700"
"2013-04-25T13:30:00.0000000+00:00","69,5999984741211","70,05000305175781","69,58999633789062","69,79000091552734","62,555702209472656","26437100"
"2013-04-26T13:30:00.0000000+00:00","69,62000274658203","69,7699966430664","69,2699966430664","69,56999969482422","62,35850524902344","24079800"
"2013-04-29T13:30:00.0000000+00:00","69,79000091552734","70,4800033569336","69,76000213623047","70,20999908447266","62,93215560913086","31664000"
"2013-04-30T13:30:00.0000000+00:00","70,30000305175781","70,7300033569336","70,04000091552734","70,72000122070312","63,3892936706543","30135800"
"2013-05-01T13:30:00.0000000+00:00","70,73999786376953","70,8499984741211","70,25","70,38999938964844","63,0934944152832","28537200"
"2013-05-02T13:30:00.0000000+00:00","70,51000213623047","71,43000030517578","70,44999694824219","71,27999877929688","63,89122772216797","31744200"
"2013-05-03T13:30:00.0000000+00:00","71,97000122070312","72,33999633789062","71,91000366210938","72,12000274658203","64,6441650390625","34061700"
"2013-05-06T13:30:00.0000000+00:00","72,25","72,51000213623047","72,19000244140625","72,4000015258789","64,89515686035156","19244300"
"2013-05-07T13:30:00.0000000+00:00","72,5199966430664","72,56999969482422","72,08999633789062","72,36000061035156","64,85929107666016","25838100"
"2013-05-08T13:30:00.0000000+00:00","72,31999969482422","72,7699966430664","72,19999694824219","72,70999908447266","65,17301177978516","24252100"
"2013-05-09T13:30:00.0000000+00:00","72,56999969482422","73,0999984741211","72,47000122070312","72,61000061035156","65,0833969116211","29337200"
"2013-05-10T13:30:00.0000000+00:00","72,76000213623047","73,08000183105469","72,62999725341797","73,05000305175781","65,47777557373047","20663700"
"2013-05-13T13:30:00.0000000+00:00","72,93000030517578","73,31999969482422","72,86000061035156","73,13999938964844","65,55844116210938","29730100"
"2013-05-14T13:30:00.0000000+00:00","73,16000366210938","73,73999786376953","73,12999725341797","73,5199966430664","65,8990249633789","36009800"
"2013-05-15T13:30:00.0000000+00:00","73,37999725341797","73,73999786376953","73,19999694824219","73,66999816894531","66,03348541259766","27214400"
"2013-05-16T13:30:00.0000000+00:00","73,7300033569336","74,0999984741211","73,55000305175781","73,58999633789062","65,96179962158203","27253400"
"2013-05-17T13:30:00.0000000+00:00","73,97000122070312","74,33000183105469","73,7300033569336","74,30000305175781","66,59817504882812","31114500"
"2013-05-20T13:30:00.0000000+00:00","74,16000366210938","74,43000030517578","73,88999938964844","74,19000244140625","66,49958038330078","25132400"
"2013-05-21T13:30:00.0000000+00:00","74,1500015258789","74,54000091552734","73,88999938964844","74,2699966430664","66,5713119506836","25900000"
"2013-05-22T13:30:00.0000000+00:00","74,36000061035156","74,94999694824219","73,23999786376953","73,62000274658203","65,98869323730469","59843200"
"2013-05-23T13:30:00.0000000+00:00","72,97000122070312","73,69999694824219","72,83000183105469","73,44999694824219","65,8362808227539","48222100"
"2013-05-24T13:30:00.0000000+00:00","72,95999908447266","73,43000030517578","72,76000213623047","73,41000366210938","65,80046081542969","26430300"
"2013-05-28T13:30:00.0000000+00:00","74,2699966430664","74,54000091552734","73,66000366210938","73,88999938964844","66,23072052001953","27057100"
"2013-05-29T13:30:00.0000000+00:00","73,5999984741211","73,80000305175781","73,12000274658203","73,54000091552734","65,9169692993164","32090300"
"2013-05-30T13:30:00.0000000+00:00","73,56999969482422","74,27999877929688","73,55000305175781","73,93000030517578","66,26653289794922","32390500"
"2013-05-31T13:30:00.0000000+00:00","73,6500015258789","74,20999908447266","73,16999816894531","73,25","65,65705871582031","38347600"
"2013-06-03T13:30:00.0000000+00:00","73,26000213623047","73,4000015258789","72,43000030517578","73,37999725341797","65,7735824584961","47613100"
"2013-06-04T13:30:00.0000000+00:00","73,52999877929688","73,81999969482422","72,69999694824219","73","65,43293762207031","35251900"
"2013-06-05T13:30:00.0000000+00:00","72,76000213623047","73,04000091552734","71,98999786376953","72,05000305175781","64,58142852783203","48654200"
"2013-06-06T13:30:00.0000000+00:00","72,1500015258789","72,41000366210938","71,47000122070312","72,4000015258789","64,89515686035156","62524100"
"2013-06-07T13:30:00.0000000+00:00","72,69999694824219","73,47000122070312","72,5199966430664","73,38999938964844","65,78252410888672","31969800"
"2013-06-10T13:30:00.0000000+00:00","73,52999877929688","73,76000213623047","73,26000213623047","73,41999816894531","65,80941009521484","25390000"
"2013-06-11T13:30:00.0000000+00:00","72,69000244140625","73,33999633789062","72,44000244140625","72,69000244140625","65,15507507324219","40278900"
"2013-06-12T13:30:00.0000000+00:00","73,11000061035156","73,13999938964844","71,73999786376953","71,8499984741211","64,40213012695312","42081900"
"2013-06-13T13:30:00.0000000+00:00","71,75","72,91999816894531","71,55000305175781","72,76000213623047","65,21783447265625","28221500"
"2013-06-14T13:30:00.0000000+00:00","72,76000213623047","72,83999633789062","72,16999816894531","72,27999877929688","64,78758239746094","27690700"
"2013-06-17T13:30:00.0000000+00:00","72,8499984741211","73,4000015258789","72,5999984741211","72,9800033569336","65,41504669189453","32441900"
"2013-06-18T13:30:00.0000000+00:00","73,08000183105469","73,72000122070312","73,05999755859375","73,58000183105469","65,95283508300781","24853100"
"2013-06-19T13:30:00.0000000+00:00","73,5999984741211","73,68000030517578","72,68000030517578","72,76000213623047","65,21783447265625","43145100"
"2013-06-20T13:30:00.0000000+00:00","71,91999816894531","72,16000366210938","70,79000091552734","71,02999877929688","63,66714859008789","60908400"
"2013-06-21T13:30:00.0000000+00:00","70,77999877929688","70,97000122070312","69,83999633789062","70,43000030517578","63,32908248901367","51558900"
"2013-06-24T13:30:00.0000000+00:00","69,8499984741211","70,2699966430664","69,1500015258789","69,7300033569336","62,699649810791016","41492300"
"2013-06-25T13:30:00.0000000+00:00","70,4000015258789","70,5199966430664","69,80999755859375","70,23999786376953","63,158203125","28897400"
"2013-06-26T13:30:00.0000000+00:00","70,83999633789062","71","70,58999633789062","70,87000274658203","63,72470474243164","23742300"
"2013-06-27T13:30:00.0000000+00:00","71,23999786376953","71,62000274658203","71,12999725341797","71,16999816894531","63,99445724487305","23545000"
"2013-06-28T13:30:00.0000000+00:00","70,94999694824219","71,69000244140625","70,79000091552734","71,2699966430664","64,0843734741211","28301100"
"2013-07-01T13:30:00.0000000+00:00","71,75","72,30000305175781","71,63999938964844","71,70999908447266","64,48001861572266","24942800"
"2013-07-02T13:30:00.0000000+00:00","71,68000030517578","72,18000030517578","71,3499984741211","71,73999786376953","64,50698852539062","23067900"
"2013-07-03T13:30:00.0000000+00:00","71,4800033569336","72,37000274658203","71,41999816894531","72,02999877929688","64,76776123046875","18847500"
"2013-07-05T13:30:00.0000000+00:00","72,44000244140625","72,61000061035156","71,86000061035156","72,58000183105469","65,2623062133789","28795900"
"2013-07-08T13:30:00.0000000+00:00","72,95999908447266","72,98999786376953","72,37999725341797","72,6500015258789","65,32524871826172","20558500"
"2013-07-09T13:30:00.0000000+00:00","72,98999786376953","73,25","72,6500015258789","73,08999633789062","65,7208480834961","26108600"
"2013-07-10T13:30:00.0000000+00:00","73,0199966430664","73,62000274658203","72,9800033569336","73,51000213623047","66,09855651855469","25598900"
"2013-07-11T13:30:00.0000000+00:00","74,30000305175781","75,02999877929688","74,25","74,97000122070312","67,41133880615234","47768900"
"2013-07-12T13:30:00.0000000+00:00","75,0199966430664","75,3499984741211","74,81999969482422","75,30000305175781","67,70807647705078","31412600"
"2013-07-15T13:30:00.0000000+00:00","75,37999725341797","75,5199966430664","75,16999816894531","75,47000122070312","67,86091613769531","19783600"
"2013-07-16T13:30:00.0000000+00:00","75,52999877929688","75,58999633789062","75,18000030517578","75,37000274658203","67,77101135253906","31747100"
"2013-07-17T13:30:00.0000000+00:00","75,5999984741211","75,73999786376953","75,3499984741211","75,55999755859375","67,94182586669922","24631500"
"2013-07-18T13:30:00.0000000+00:00","75,55000305175781","75,73999786376953","75,25","75,37000274658203","67,77101135253906","36278800"
"2013-07-19T13:30:00.0000000+00:00","74,72000122070312","74,73999786376953","74,37000274658203","74,58999633789062","67,06965637207031","37732400"
"2013-07-22T13:30:00.0000000+00:00","74,87000274658203","74,9800033569336","74,58000183105469","74,80999755859375","67,26744842529297","21135900"
"2013-07-23T13:30:00.0000000+00:00","74,94999694824219","74,95999908447266","74,19999694824219","74,26000213623047","66,77291107177734","24739500"
"2013-07-24T13:30:00.0000000+00:00","74,98999786376953","75,0199966430664","74,33000183105469","74,5","66,9887466430664","24426900"
"2013-07-25T13:30:00.0000000+00:00","74,8499984741211","75,05999755859375","74,45999908447266","74,97000122070312","67,41133880615234","23162200"
"2013-07-26T13:30:00.0000000+00:00","74,66999816894531","75,37999725341797","74,55000305175781","75,37000274658203","67,77101135253906","20885600"
"2013-07-29T13:30:00.0000000+00:00","75,22000122070312","75,54000091552734","75,02999877929688","75,2300033569336","67,64513397216797","20958400"
"2013-07-30T13:30:00.0000000+00:00","75,5","75,94999694824219","75,3499984741211","75,62999725341797","68,0047607421875","24104600"
"2013-07-31T13:30:00.0000000+00:00","75,77999877929688","76,20999908447266","75,62999725341797","75,7699966430664","68,13068389892578","25007600"
"2013-08-01T13:30:00.0000000+00:00","76,29000091552734","76,6500015258789","76,20999908447266","76,54000091552734","68,82304382324219","16880000"
"2013-08-02T13:30:00.0000000+00:00","76,55000305175781","76,98999786376953","76,37999725341797","76,97000122070312","69,20968627929688","18105300"
"2013-08-05T13:30:00.0000000+00:00","76,93000030517578","77,08000183105469","76,77999877929688","77,0199966430664","69,25464630126953","15462800"
"2013-08-06T13:30:00.0000000+00:00","76,91999816894531","76,98999786376953","76,25","76,55999755859375","68,84101867675781","23675400"
"2013-08-07T13:30:00.0000000+00:00","76,33999633789062","76,56999969482422","75,87000274658203","76,41999816894531","68,71513366699219","20281200"
"2013-08-08T13:30:00.0000000+00:00","76,83999633789062","76,9800033569336","76,30000305175781","76,80000305175781","69,05681610107422","19994000"
"2013-08-09T13:30:00.0000000+00:00","76,66999816894531","76,94000244140625","76,2699966430664","76,48999786376953","68,77806091308594","18558500"
"2013-08-12T13:30:00.0000000+00:00","76,19999694824219","76,80999755859375","76,19000244140625","76,66999816894531","68,93994903564453","20515900"
"2013-08-13T13:30:00.0000000+00:00","76,7699966430664","77,2699966430664","76,22000122070312","77,0999984741211","69,32660675048828","23917000"
"2013-08-14T13:30:00.0000000+00:00","77,06999969482422","77,18000030517578","76,69999694824219","76,80999755859375","69,06578063964844","29921000"
"2013-08-15T13:30:00.0000000+00:00","75,94999694824219","75,98999786376953","75,29000091552734","75,51000213623047","67,89689636230469","39406600"
"2013-08-16T13:30:00.0000000+00:00","75,5199966430664","75,87000274658203","75,3499984741211","75,4800033569336","67,86991882324219","23825000"
"2013-08-19T13:30:00.0000000+00:00","75,48999786376953","76,12999725341797","75,33000183105469","75,3499984741211","67,75299835205078","29586900"
"2013-08-20T13:30:00.0000000+00:00","75,48999786376953","76,02999877929688","75,43000030517578","75,68000030517578","68,04977416992188","18842800"
"2013-08-21T13:30:00.0000000+00:00","75,44000244140625","76,08999633789062","75,13999938964844","75,41999816894531","67,81597900390625","30705100"
"2013-08-22T13:30:00.0000000+00:00","75,75","76,20999908447266","75,70999908447266","76,16000366210938","68,48137664794922","17269500"
"2013-08-23T13:30:00.0000000+00:00","76,69999694824219","76,7699966430664","76,4000015258789","76,66999816894531","68,93994903564453","20697300"
"2013-08-26T13:30:00.0000000+00:00","76,7300033569336","77,27999877929688","76,55000305175781","76,70999908447266","68,97591400146484","27525500"
"2013-08-27T13:30:00.0000000+00:00","75,80000305175781","76,18000030517578","74,95999908447266","75,13999938964844","67,56419372558594","40068900"
"2013-08-28T13:30:00.0000000+00:00","75,05000305175781","75,75","75,05000305175781","75,43000030517578","67,82495880126953","20490400"
"2013-08-29T13:30:00.0000000+00:00","75,41000366210938","76,33999633789062","75,30000305175781","75,95999908447266","68,3015365600586","27287900"
"2013-08-30T13:30:00.0000000+00:00","76,04000091552734","76,04000091552734","75,19999694824219","75,47000122070312","67,86091613769531","26228500"
"2013-09-03T13:30:00.0000000+00:00","76,08999633789062","76,44000244140625","75,54000091552734","75,9000015258789","68,24758911132812","27241500"
"2013-09-04T13:30:00.0000000+00:00","76,16000366210938","76,83999633789062","75,93000030517578","76,70999908447266","68,97591400146484","27142900"
"2013-09-05T13:30:00.0000000+00:00","76,76000213623047","77,05999755859375","76,7300033569336","76,83999633789062","69,09278106689453","17809700"
"2013-09-06T13:30:00.0000000+00:00","77,0999984741211","77,33999633789062","76,05000305175781","76,93000030517578","69,17373657226562","27715100"
"2013-09-09T13:30:00.0000000+00:00","77,26000213623047","77,95999908447266","77,2300033569336","77,83000183105469","69,98300170898438","25161900"
"2013-09-10T13:30:00.0000000+00:00","78,27999877929688","78,31999969482422","77,91999816894531","78,20999908447266","70,32469940185547","27619400"
"2013-09-11T13:30:00.0000000+00:00","77,69000244140625","78,11000061035156","77,58999633789062","78,05999755859375","70,18981170654297","28132900"
"2013-09-12T13:30:00.0000000+00:00","78,08000183105469","78,25","77,8499984741211","78,01000213623047","70,14485168457031","18332700"
"2013-09-13T13:30:00.0000000+00:00","78,08999633789062","78,13999938964844","77,63999938964844","78,05999755859375","70,18981170654297","16932500"
"2013-09-16T13:30:00.0000000+00:00","78,72000122070312","78,72000122070312","77,66999816894531","77,8499984741211","70,00096130371094","25704300"
"2013-09-17T13:30:00.0000000+00:00","78,0199966430664","78,47000122070312","77,9800033569336","78,37000274658203","70,46855163574219","27174300"
"2013-09-18T13:30:00.0000000+00:00","78,48999786376953","79,47000122070312","78,33000183105469","79,30999755859375","71,3137435913086","31714700"
"2013-09-19T13:30:00.0000000+00:00","79,55999755859375","79,69000244140625","79,36000061035156","79,5","71,48460388183594","26435700"
"2013-09-20T13:30:00.0000000+00:00","79,44999694824219","79,54000091552734","78,94999694824219","78,98999786376953","71,23930358886719","26328900"
"2013-09-23T13:30:00.0000000+00:00","79,31999969482422","79,41000366210938","78,45999908447266","78,83000183105469","71,09498596191406","30319400"
"2013-09-24T13:30:00.0000000+00:00","79","79,25","78,56999969482422","78,83000183105469","71,09498596191406","21871300"
"2013-09-25T13:30:00.0000000+00:00","78,88999938964844","79","78,4000015258789","78,55999755859375","70,85150146484375","22746400"
"2013-09-26T13:30:00.0000000+00:00","78,87999725341797","79,36000061035156","78,8499984741211","79,16999816894531","71,40164184570312","22421700"
"2013-09-27T13:30:00.0000000+00:00","78,70999908447266","79,20999908447266","78,58999633789062","79,06999969482422","71,31145477294922","25151600"
"2013-09-30T13:30:00.0000000+00:00","78,25","79,08999633789062","78","78,87999725341797","71,14007568359375","28031900"
"2013-10-01T13:30:00.0000000+00:00","78,88999938964844","79,72000122070312","78,8499984741211","79,68000030517578","71,86161804199219","33129700"
"2013-10-02T13:30:00.0000000+00:00","79,13999938964844","79,76000213623047","79,05999755859375","79,6500015258789","71,83454895019531","25503800"
"2013-10-03T13:30:00.0000000+00:00","79,55000305175781","79,72000122070312","78,30000305175781","78,72000122070312","70,99579620361328","42998200"
"2013-10-04T13:30:00.0000000+00:00","78,72000122070312","79,51000213623047","78,6500015258789","79,4000015258789","71,60905456542969","22852700"
"2013-10-07T13:30:00.0000000+00:00","78,69999694824219","79,3499984741211","78,66999816894531","78,73999786376953","71,01382446289062","20227100"
"2013-10-08T13:30:00.0000000+00:00","78,73999786376953","78,80999755859375","77,19000244140625","77,22000122070312","69,64297485351562","43660700"
"2013-10-09T13:30:00.0000000+00:00","77,4000015258789","77,44000244140625","76,3499984741211","76,9800033569336","69,42652893066406","64526700"
"2013-10-10T13:30:00.0000000+00:00","77,80999755859375","78,79000091552734","77,79000091552734","78,61000061035156","70,89659118652344","48062700"
"2013-10-11T13:30:00.0000000+00:00","78,41000366210938","79,29000091552734","78,4000015258789","79,2300033569336","71,45576477050781","25214100"
"2013-10-14T13:30:00.0000000+00:00","78,73999786376953","79,79000091552734","78,68000030517578","79,79000091552734","71,96083068847656","31471900"
"2013-10-15T13:30:00.0000000+00:00","79,7300033569336","80,11000061035156","79,37999725341797","79,4800033569336","71,68121337890625","38684000"
"2013-10-16T13:30:00.0000000+00:00","79,8499984741211","80,41999816894531","79,79000091552734","80,37999725341797","72,492919921875","46735900"
"2013-10-17T13:30:00.0000000+00:00","80,0199966430664","80,87000274658203","79,94999694824219","80,83999633789062","72,90775299072266","32193500"
"2013-10-18T13:30:00.0000000+00:00","81,58000183105469","82,18000030517578","81,3499984741211","82,1500015258789","74,08926391601562","39628200"
"2013-10-21T13:30:00.0000000+00:00","82,33999633789062","82,54000091552734","82,06999969482422","82,33000183105469","74,25157165527344","31176900"
"2013-10-22T13:30:00.0000000+00:00","82,6500015258789","82,9000015258789","81,93000030517578","82,44999694824219","74,35981750488281","43944800"
"2013-10-23T13:30:00.0000000+00:00","82,05000305175781","82,19999694824219","81,55000305175781","81,94999694824219","73,90887451171875","38021300"
"2013-10-24T13:30:00.0000000+00:00","82","82,4800033569336","81,87999725341797","82,30999755859375","74,2335433959961","23155100"
"2013-10-25T13:30:00.0000000+00:00","83,08000183105469","83,27999877929688","82,5","82,9000015258789","74,7656478881836","35824500"
"2013-10-28T13:30:00.0000000+00:00","82,91000366210938","83,05000305175781","82,55000305175781","82,91999816894531","74,7836685180664","28618400"
"2013-10-29T13:30:00.0000000+00:00","83,19999694824219","83,26000213623047","82,69999694824219","83,05999755859375","74,9099349975586","36878100"
"2013-10-30T13:30:00.0000000+00:00","83,3499984741211","83,48999786376953","82,58000183105469","82,9800033569336","74,8377914428711","33535500"
"2013-10-31T13:30:00.0000000+00:00","82,7699966430664","83,30000305175781","82,4800033569336","82,79000091552734","74,66643524169922","31309900"
"2013-11-01T13:30:00.0000000+00:00","83,06999969482422","83,16999816894531","82,4000015258789","82,80999755859375","74,68445587158203","30867800"
"2013-11-04T14:30:00.0000000+00:00","83,05999755859375","83,06999969482422","82,63999938964844","82,93000030517578","74,79273986816406","16834000"
"2013-11-05T14:30:00.0000000+00:00","82,61000061035156","83,22000122070312","82,37000274658203","83,0199966430664","74,87387084960938","27975600"
"2013-11-06T14:30:00.0000000+00:00","83,37000274658203","83,4000015258789","82,7300033569336","83","74,85581970214844","25576800"
"2013-11-07T14:30:00.0000000+00:00","83,01000213623047","83,12999725341797","81,37000274658203","81,44000244140625","73,44892120361328","52173200"
"2013-11-08T14:30:00.0000000+00:00","81,73999786376953","82,55999755859375","81,51000213623047","82,54000091552734","74,44098663330078","31470500"
"2013-11-11T14:30:00.0000000+00:00","82,41999816894531","82,63999938964844","82,13999938964844","82,41000366210938","74,32373809814453","24822900"
"2013-11-12T14:30:00.0000000+00:00","82,16000366210938","82,66000366210938","82,12000274658203","82,54000091552734","74,44098663330078","20108500"
"2013-11-13T14:30:00.0000000+00:00","82","83,55000305175781","82","83,54000091552734","75,34285736083984","31345900"
"2013-11-14T14:30:00.0000000+00:00","83,31999969482422","83,86000061035156","83,13999938964844","83,80000305175781","75,57733154296875","31101200"
"2013-11-15T14:30:00.0000000+00:00","83,81999969482422","83,95999908447266","83,61000061035156","83,95999908447266","75,72161102294922","20511300"
"2013-11-18T14:30:00.0000000+00:00","83,94000244140625","84,11000061035156","82,9800033569336","83,13999938964844","74,98209381103516","31679600"
"2013-11-19T14:30:00.0000000+00:00","83,08999633789062","83,48999786376953","82,76000213623047","82,9000015258789","74,7656478881836","25545300"
"2013-11-20T14:30:00.0000000+00:00","83,12000274658203","83,43000030517578","82,45999908447266","82,69999694824219","74,58525085449219","32177400"
"2013-11-21T14:30:00.0000000+00:00","83,05000305175781","83,61000061035156","82,9800033569336","83,54000091552734","75,34285736083984","28125000"
"2013-11-22T14:30:00.0000000+00:00","83,68000030517578","84,0199966430664","83,62000274658203","83,98999786376953","75,74869537353516","25361300"
"2013-11-25T14:30:00.0000000+00:00","84,29000091552734","84,37999725341797","83,9800033569336","84,19000244140625","75,92909240722656","21695100"
"2013-11-26T14:30:00.0000000+00:00","84,20999908447266","84,83999633789062","84,02999877929688","84,62999725341797","76,32587432861328","26621000"
"2013-11-27T14:30:00.0000000+00:00","84,80000305175781","85,23999786376953","84,7300033569336","85,22000122070312","76,85798645019531","21638100"
"2013-11-29T14:30:00.0000000+00:00","85,55999755859375","85,83999633789062","85,47000122070312","85,7300033569336","77,31794738769531","16708900"
"2013-12-02T14:30:00.0000000+00:00","85,83000183105469","85,95999908447266","85,3499984741211","85,4800033569336","77,09247589111328","26354600"
"2013-12-03T14:30:00.0000000+00:00","85,41999816894531","85,63999938964844","85,08000183105469","85,41000366210938","77,02934265136719","37147000"
"2013-12-04T14:30:00.0000000+00:00","85,05000305175781","85,7699966430664","84,77999877929688","85,48999786376953","77,10150909423828","37193200"
"2013-12-05T14:30:00.0000000+00:00","85,55999755859375","85,66000366210938","85,16999816894531","85,37999725341797","77,00228881835938","39829300"
"2013-12-06T14:30:00.0000000+00:00","86,0999984741211","86,18000030517578","85,58999633789062","86","77,56146240234375","36842900"
"2013-12-09T14:30:00.0000000+00:00","86,3499984741211","86,52999877929688","86,19999694824219","86,3499984741211","77,87710571289062","22590000"
"2013-12-10T14:30:00.0000000+00:00","86,20999908447266","86,44999694824219","86,12000274658203","86,29000091552734","77,82301330566406","26965900"
"2013-12-11T14:30:00.0000000+00:00","86,27999877929688","86,4000015258789","85,05999755859375","85,18000030517578","76,82191467285156","36830600"
"2013-12-12T14:30:00.0000000+00:00","85,20999908447266","85,41999816894531","84,9000015258789","84,95999908447266","76,6235122680664","33662600"
"2013-12-13T14:30:00.0000000+00:00","85,36000061035156","85,4000015258789","84,70999908447266","84,8499984741211","76,5242919921875","34072000"
"2013-12-16T14:30:00.0000000+00:00","85,2699966430664","85,80999755859375","85,20999908447266","85,31999969482422","76,94818115234375","24902500"
"2013-12-17T14:30:00.0000000+00:00","85,31999969482422","85,52999877929688","84,98999786376953","85,1500015258789","76,79487609863281","24454900"
"2013-12-18T14:30:00.0000000+00:00","85,25","86,22000122070312","84,05000305175781","86,13999938964844","77,6877212524414","68387200"
"2013-12-19T14:30:00.0000000+00:00","86","86,01000213623047","85,5199966430664","85,9000015258789","77,4713134765625","44964100"
"2013-12-20T14:30:00.0000000+00:00","85,79000091552734","86,68000030517578","85,7300033569336","86,5","78,26024627685547","40475400"
"2013-12-23T14:30:00.0000000+00:00","87,20999908447266","87,41000366210938","86,94999694824219","87,41000366210938","79,08351135253906","28181800"
"2013-12-24T14:30:00.0000000+00:00","87,43000030517578","87,51000213623047","87,2699966430664","87,44999694824219","79,1197280883789","13852500"
"2013-12-26T14:30:00.0000000+00:00","87,61000061035156","87,80999755859375","87,44000244140625","87,73999786376953","79,3821029663086","15241100"
"2013-12-27T14:30:00.0000000+00:00","87,8499984741211","87,9000015258789","87,41000366210938","87,5199966430664","79,18304443359375","15827400"
"2013-12-30T14:30:00.0000000+00:00","87,38999938964844","87,51000213623047","87,13999938964844","87,38999938964844","79,06541442871094","18983700"
"2013-12-31T14:30:00.0000000+00:00","87,55000305175781","87,95999908447266","87,5199966430664","87,95999908447266","79,58112335205078","24890500"
"2014-01-02T14:30:00.0000000+00:00","87,55000305175781","87,58000183105469","87,0199966430664","87,2699966430664","78,95683288574219","29177500"
"2014-01-03T14:30:00.0000000+00:00","87,2699966430664","87,3499984741211","86,62000274658203","86,63999938964844","78,3868637084961","35723700"
"2014-01-06T14:30:00.0000000+00:00","86,66000366210938","86,76000213623047","86","86,31999969482422","78,09733581542969","32073100"
"2014-01-07T14:30:00.0000000+00:00","86,72000122070312","87,25","86,55999755859375","87,12000274658203","78,8211441040039","25860600"
"2014-01-08T14:30:00.0000000+00:00","87,13999938964844","87,55000305175781","86,94999694824219","87,30999755859375","78,9930648803711","27197400"
"2014-01-09T14:30:00.0000000+00:00","87,62999725341797","87,63999938964844","86,72000122070312","87,0199966430664","78,73065185546875","23674700"
"2014-01-10T14:30:00.0000000+00:00","87,2300033569336","87,4000015258789","86,58000183105469","87,30000305175781","78,9840087890625","38008900"
"2014-01-13T14:30:00.0000000+00:00","87,18000030517578","87,4800033569336","85,68000030517578","86,01000213623047","77,81688690185547","48842300"
"2014-01-14T14:30:00.0000000+00:00","86,30000305175781","87,72000122070312","86,30000305175781","87,6500015258789","79,30067443847656","37178900"
"2014-01-15T14:30:00.0000000+00:00","88,02999877929688","88,54000091552734","87,94000244140625","88,37000274658203","79,95207977294922","39835600"
"2014-01-16T14:30:00.0000000+00:00","88,30000305175781","88,51000213623047","88,16000366210938","88,37999725341797","79,96113586425781","31630100"
"2014-01-17T14:30:00.0000000+00:00","88,11000061035156","88,37000274658203","87,66999816894531","87,87999725341797","79,50872802734375","36895800"
"2014-01-21T14:30:00.0000000+00:00","88,44000244140625","88,58999633789062","87,80999755859375","88,55000305175781","80,11494445800781","26412700"
"2014-01-22T14:30:00.0000000+00:00","88,77999877929688","89","88,5199966430664","88,77999877929688","80,32302856445312","29376900"
"2014-01-23T14:30:00.0000000+00:00","88,51000213623047","88,5199966430664","87,86000061035156","88,4800033569336","80,05162048339844","35011900"
"2014-01-24T14:30:00.0000000+00:00","88,05000305175781","88,18000030517578","86,70999908447266","86,73999786376953","78,47734832763672","63974600"
"2014-01-27T14:30:00.0000000+00:00","86,73999786376953","86,88999938964844","85,25","85,9000015258789","77,71737670898438","63519300"
"2014-01-28T14:30:00.0000000+00:00","85,5","85,94000244140625","85,30999755859375","85,8499984741211","77,67208862304688","44378800"
"2014-01-29T14:30:00.0000000+00:00","85,11000061035156","85,73999786376953","84,76000213623047","84,93000030517578","76,83977508544922","51939300"
"2014-01-30T14:30:00.0000000+00:00","85,97000122070312","86,80000305175781","85,87999725341797","86,5","78,26024627685547","65833600"
"2014-01-31T14:30:00.0000000+00:00","85,54000091552734","86,68000030517578","85,44999694824219","86,2699966430664","78,0521240234375","45187000"
"2014-02-03T14:30:00.0000000+00:00","86,11000061035156","86,5","84,06999969482422","84,29000091552734","76,26075744628906","65596900"
"2014-02-04T14:30:00.0000000+00:00","84,72000122070312","85,25","84,45999908447266","84,91000366210938","76,82167053222656","37675500"
"2014-02-05T14:30:00.0000000+00:00","84,62999725341797","84,98999786376953","83,73999786376953","84,69000244140625","76,62264251708984","41721800"
"2014-02-06T14:30:00.0000000+00:00","84,94000244140625","85,87999725341797","84,91999816894531","85,7699966430664","77,59973907470703","32308600"
"2014-02-07T14:30:00.0000000+00:00","86,25","87,36000061035156","86","87,30000305175781","78,9840087890625","38359400"
"2014-02-10T14:30:00.0000000+00:00","87,2699966430664","87,83999633789062","87,20999908447266","87,80000305175781","79,43638610839844","30205400"
"2014-02-11T14:30:00.0000000+00:00","87,98999786376953","88,97000122070312","87,88999938964844","88,80000305175781","80,34112548828125","38635500"
"2014-02-12T14:30:00.0000000+00:00","88,9800033569336","89,16999816894531","88,69999694824219","88,97000122070312","80,49494171142578","32507200"
"2014-02-13T14:30:00.0000000+00:00","88,31999969482422","89,69999694824219","88,30000305175781","89,62999725341797","81,09207916259766","40454500"
"2014-02-14T14:30:00.0000000+00:00","89,5999984741211","90,01000213623047","89,33000183105469","89,80999755859375","81,25492095947266","33212400"
"2014-02-18T14:30:00.0000000+00:00","89,95999908447266","90,41999816894531","89,73999786376953","90,25","81,65300750732422","29546600"
"2014-02-19T14:30:00.0000000+00:00","90,08000183105469","90,29000091552734","89,44999694824219","89,62999725341797","81,09207916259766","41749900"
"2014-02-20T14:30:00.0000000+00:00","89,69000244140625","90,22000122070312","89,30999755859375","90,05000305175781","81,4720687866211","41814800"
"2014-02-21T14:30:00.0000000+00:00","90,33999633789062","90,47000122070312","89,81999969482422","89,93000030517578","81,36347198486328","31192200"
"2014-02-24T14:30:00.0000000+00:00","90,13999938964844","90,81999969482422","90,04000091552734","90,41000366210938","81,79776000976562","31500400"
"2014-02-25T14:30:00.0000000+00:00","90,54000091552734","90,72000122070312","90,0199966430664","90,30999755859375","81,707275390625","26771700"
"2014-02-26T14:30:00.0000000+00:00","90,55000305175781","90,83999633789062","89,87000274658203","90,2300033569336","81,6348876953125","42953700"
"2014-02-27T14:30:00.0000000+00:00","89,87000274658203","90,52999877929688","89,7300033569336","90,44000244140625","82,16453552246094","28742400"
"2014-02-28T14:30:00.0000000+00:00","90,41999816894531","90,95999908447266","89,54000091552734","90,33999633789062","82,07371520996094","48609800"
"2014-03-03T14:30:00.0000000+00:00","89,48999786376953","89,91000366210938","88,87000274658203","89,66999816894531","81,46501922607422","38885700"
"2014-03-04T14:30:00.0000000+00:00","90,6500015258789","90,9800033569336","90,55999755859375","90,80999755859375","82,5007095336914","33189000"
"2014-03-05T14:30:00.0000000+00:00","90,95999908447266","91,22000122070312","90,7699966430664","91,05999755859375","82,72782897949219","27203300"
"2014-03-06T14:30:00.0000000+00:00","91,2699966430664","91,33999633789062","90,6500015258789","90,9800033569336","82,65516662597656","24063900"
"2014-03-07T14:30:00.0000000+00:00","91,2699966430664","91,36000061035156","90,06999969482422","90,52999877929688","82,24633026123047","31167800"
"2014-03-10T13:30:00.0000000+00:00","90,4800033569336","90,66000366210938","90,02999877929688","90,61000061035156","82,31900787353516","18131700"
"2014-03-11T13:30:00.0000000+00:00","90,83000183105469","91,05999755859375","89,94999694824219","90,22000122070312","81,9646987915039","27484300"
"2014-03-12T13:30:00.0000000+00:00","89,80999755859375","90,61000061035156","89,4800033569336","90,55999755859375","82,2735824584961","27977200"
"2014-03-13T13:30:00.0000000+00:00","90,9000015258789","90,93000030517578","88,87000274658203","89,27999877929688","81,11070251464844","48542000"
"2014-03-14T13:30:00.0000000+00:00","88,98999786376953","89,37999725341797","88,62999725341797","88,66999816894531","80,5564956665039","38732300"
"2014-03-17T13:30:00.0000000+00:00","89,23999786376953","89,91000366210938","89,19000244140625","89,44999694824219","81,26515197753906","28467200"
"2014-03-18T13:30:00.0000000+00:00","89,55999755859375","90,63999938964844","89,52999877929688","90,52999877929688","82,24633026123047","31250200"
"2014-03-19T13:30:00.0000000+00:00","90,55999755859375","90,66000366210938","89,44999694824219","90,04000091552734","81,80117797851562","40869400"
"2014-03-20T13:30:00.0000000+00:00","89,76000213623047","90,55999755859375","89,58000183105469","90,29000091552734","82,02830505371094","31634500"
"2014-03-21T13:30:00.0000000+00:00","90,5999984741211","90,6500015258789","88,83000183105469","89","81,04122161865234","62754000"
"2014-03-24T13:30:00.0000000+00:00","89,31999969482422","89,38999938964844","87,41000366210938","88,22000122070312","80,33101654052734","77735300"
"2014-03-25T13:30:00.0000000+00:00","88,68000030517578","89,25","87,7699966430664","88,51000213623047","80,59505462646484","41723300"
"2014-03-26T13:30:00.0000000+00:00","88,94999694824219","89,1500015258789","87,36000061035156","87,37000274658203","79,55699157714844","40930400"
"2014-03-27T13:30:00.0000000+00:00","87,25","87,63999938964844","86,4000015258789","86,87999725341797","79,11079406738281","64784500"
"2014-03-28T13:30:00.0000000+00:00","87,16000366210938","88,01000213623047","86,80999755859375","87,05000305175781","79,2656021118164","39895100"
"2014-03-31T13:30:00.0000000+00:00","87,7300033569336","88,26000213623047","87,62000274658203","87,66999816894531","79,83012390136719","33924300"
"2014-04-01T13:30:00.0000000+00:00","88,0999984741211","89,2699966430664","87,70999908447266","89,20999908447266","81,23242950439453","38683800"
"2014-04-02T13:30:00.0000000+00:00","89,58999633789062","89,68000030517578","89,04000091552734","89,44000244140625","81,44186401367188","34631600"
"2014-04-03T13:30:00.0000000+00:00","89,52999877929688","89,68000030517578","88,22000122070312","88,7300033569336","80,79534912109375","30319100"
"2014-04-04T13:30:00.0000000+00:00","89,31999969482422","89,41000366210938","86,13999938964844","86,37000274658203","78,64642333984375","131213200"
"2014-04-07T13:30:00.0000000+00:00","85,83000183105469","86,62999725341797","84,94999694824219","85,55000305175781","77,89973449707031","83995800"
"2014-04-08T13:30:00.0000000+00:00","85,6500015258789","86,45999908447266","85,3499984741211","86,33999633789062","78,61907958984375","51495700"
"2014-04-09T13:30:00.0000000+00:00","86,66000366210938","87,87000274658203","86,43000030517578","87,81999969482422","79,96675109863281","45685200"
"2014-04-10T13:30:00.0000000+00:00","87,87999725341797","87,87999725341797","84,86000061035156","85,0999984741211","77,489990234375","73659600"
"2014-04-11T13:30:00.0000000+00:00","84,33999633789062","85,44000244140625","83,91000366210938","84,11000061035156","76,5885009765625","93657400"
"2014-04-14T13:30:00.0000000+00:00","84,8499984741211","85,22000122070312","83,98999786376953","84,7699966430664","77,18948364257812","46500700"
"2014-04-15T13:30:00.0000000+00:00","85,08000183105469","85,54000091552734","83,27999877929688","85,05000305175781","77,4444580078125","84631500"
"2014-04-16T13:30:00.0000000+00:00","85,79000091552734","86,18000030517578","85,08999633789062","86,18000030517578","78,47338104248047","46970900"
"2014-04-17T13:30:00.0000000+00:00","85,8499984741211","86,62999725341797","85,62999725341797","86,19999694824219","78,49160766601562","53719500"
"2014-04-21T13:30:00.0000000+00:00","86,4000015258789","86,83999633789062","86","86,83999633789062","79,07437896728516","25947900"
"2014-04-22T13:30:00.0000000+00:00","87,13999938964844","87,75","86,98999786376953","87,52999877929688","79,70264434814453","38593400"
"2014-04-23T13:30:00.0000000+00:00","87,52999877929688","87,55999755859375","86,70999908447266","86,76000213623047","79,00151824951172","34376700"
"2014-04-24T13:30:00.0000000+00:00","88,19000244140625","88,20999908447266","86,6500015258789","87,58999633789062","79,75728607177734","48926300"
"2014-04-25T13:30:00.0000000+00:00","87,06999969482422","87,16999816894531","85,9800033569336","86,19000244140625","78,48250579833984","44334000"
"2014-04-28T13:30:00.0000000+00:00","86,5999984741211","87,11000061035156","85,11000061035156","86,47000122070312","78,73746490478516","58623800"
"2014-04-29T13:30:00.0000000+00:00","86,7300033569336","87,31999969482422","86,30999755859375","87,16000366210938","79,36576080322266","36742700"
"2014-04-30T13:30:00.0000000+00:00","86,76000213623047","87,4800033569336","86,54000091552734","87,38999938964844","79,57515716552734","38689400"
"2014-05-01T13:30:00.0000000+00:00","87,52999877929688","88,1500015258789","87,30999755859375","87,6500015258789","79,81195068359375","37127200"
"2014-05-02T13:30:00.0000000+00:00","87,94999694824219","88,11000061035156","87,27999877929688","87,48999786376953","79,6662368774414","40074200"
"2014-05-05T13:30:00.0000000+00:00","86,97000122070312","87,97000122070312","86,76000213623047","87,94999694824219","80,08512878417969","27924400"
"2014-05-06T13:30:00.0000000+00:00","87,80999755859375","87,86000061035156","86,7699966430664","86,80999755859375","79,04705810546875","33698500"
"2014-05-07T13:30:00.0000000+00:00","86,98999786376953","87,08000183105469","85,52999877929688","86,55999755859375","78,81939697265625","67489100"
"2014-05-08T13:30:00.0000000+00:00","86,25","87,52999877929688","86,05000305175781","86,4800033569336","78,7466049194336","46556900"
"2014-05-09T13:30:00.0000000+00:00","86,43000030517578","86,86000061035156","85,8499984741211","86,80000305175781","79,03795623779297","35081500"
"2014-05-12T13:30:00.0000000+00:00","87,31999969482422","88,26000213623047","87,23999786376953","88,2300033569336","80,340087890625","38951100"
"2014-05-13T13:30:00.0000000+00:00","88,30999755859375","88,61000061035156","88,12000274658203","88,29000091552734","80,39472198486328","30311900"
"2014-05-14T13:30:00.0000000+00:00","88,0199966430664","88,3499984741211","87,62000274658203","87,83000183105469","79,97587585449219","26483600"
"2014-05-15T13:30:00.0000000+00:00","87,80999755859375","87,95999908447266","86,58000183105469","87,13999938964844","79,34752655029297","59680300"
"2014-05-16T13:30:00.0000000+00:00","87,23999786376953","87,76000213623047","86,63999938964844","87,70999908447266","79,86656188964844","66804100"
"2014-05-19T13:30:00.0000000+00:00","87,44999694824219","88,45999908447266","87,30000305175781","88,31999969482422","80,4220199584961","32017000"
"2014-05-20T13:30:00.0000000+00:00","88,27999877929688","88,5999984741211","87,63999938964844","88","80,13066101074219","33716000"
"2014-05-21T13:30:00.0000000+00:00","88,16000366210938","88,88999938964844","88,11000061035156","88,83999633789062","80,89552307128906","36837700"
"2014-05-22T13:30:00.0000000+00:00","88,94000244140625","89,4800033569336","88,80000305175781","89,2300033569336","81,25064086914062","30617100"
"2014-05-23T13:30:00.0000000+00:00","89,31999969482422","89,9000015258789","89,12000274658203","89,87999725341797","81,8425064086914","22687300"
"2014-05-27T13:30:00.0000000+00:00","90,27999877929688","91,0199966430664","90,19999694824219","91","82,86234283447266","29725200"
"2014-05-28T13:30:00.0000000+00:00","90,97000122070312","91,0999984741211","90,6500015258789","90,72000122070312","82,60741424560547","30468100"
"2014-05-29T13:30:00.0000000+00:00","91,04000091552734","91,30999755859375","90,86000061035156","91,30000305175781","83,13555908203125","33036100"
"2014-05-30T13:30:00.0000000+00:00","91,31999969482422","91,44999694824219","90,83000183105469","91,30999755859375","83,14463806152344","29906400"
"2014-06-02T13:30:00.0000000+00:00","91,41999816894531","91,44000244140625","90,63999938964844","91,22000122070312","83,06270599365234","30409900"
"2014-06-03T13:30:00.0000000+00:00","90,91999816894531","91,33000183105469","90,80000305175781","91,18000030517578","83,02627563476562","21774500"
"2014-06-04T13:30:00.0000000+00:00","90,94999694824219","91,66999816894531","90,80999755859375","91,5199966430664","83,3358383178711","20118300"
"2014-06-05T13:30:00.0000000+00:00","91,5999984741211","92,45999908447266","91,29000091552734","92,29000091552734","84,03700256347656","35583100"
"2014-06-06T13:30:00.0000000+00:00","92,62999725341797","92,81999969482422","92,44999694824219","92,81999969482422","84,51960754394531","22680600"
"2014-06-09T13:30:00.0000000+00:00","92,83999633789062","92,9800033569336","92,5","92,75","84,45585632324219","23399500"
"2014-06-10T13:30:00.0000000+00:00","92,66999816894531","92,95999908447266","92,55999755859375","92,91000366210938","84,60157012939453","20626000"
"2014-06-11T13:30:00.0000000+00:00","92,58999633789062","93,0199966430664","92,5","92,88999938964844","84,5833511352539","22878200"
"2014-06-12T13:30:00.0000000+00:00","92,69000244140625","92,79000091552734","91,7300033569336","92,05000305175781","83,81849670410156","35275900"
"2014-06-13T13:30:00.0000000+00:00","92,44999694824219","92,55000305175781","91,91999816894531","92,31999969482422","84,06433868408203","39447100"
"2014-06-16T13:30:00.0000000+00:00","92,16000366210938","92,66999816894531","91,95999908447266","92,4000015258789","84,1371841430664","25212300"
"2014-06-17T13:30:00.0000000+00:00","92,33000183105469","92,69999694824219","92,18000030517578","92,44999694824219","84,18272399902344","19977900"
"2014-06-18T13:30:00.0000000+00:00","92,54000091552734","93,0999984741211","91,9800033569336","92,97000122070312","84,65618896484375","34514000"
"2014-06-19T13:30:00.0000000+00:00","93,11000061035156","93,16999816894531","92,48999786376953","92,91000366210938","84,60157012939453","38422200"
"2014-06-20T13:30:00.0000000+00:00","92,69999694824219","92,87000274658203","92,52999877929688","92,7699966430664","84,70109558105469","25897500"
"2014-06-23T13:30:00.0000000+00:00","92,76000213623047","92,81999969482422","92,51000213623047","92,79000091552734","84,7193603515625","20837900"
"2014-06-24T13:30:00.0000000+00:00","92,77999877929688","93,56999969482422","92,43000030517578","92,69999694824219","84,63716888427734","31945800"
"2014-06-25T13:30:00.0000000+00:00","92,48999786376953","93,44999694824219","92,4800033569336","93,29000091552734","85,17587280273438","32818600"
"2014-06-26T13:30:00.0000000+00:00","93,3499984741211","93,36000061035156","92,62000274658203","93,33999633789062","85,22151184082031","22563900"
"2014-06-27T13:30:00.0000000+00:00","93,22000122070312","93,7699966430664","93,19000244140625","93,75","85,59587097167969","22877800"
"2014-06-30T13:30:00.0000000+00:00","93,7300033569336","94,13999938964844","93,66999816894531","93,91000366210938","85,74193572998047","19751900"
"2014-07-01T13:30:00.0000000+00:00","94,23999786376953","95,19000244140625","94,19999694824219","94,94000244140625","86,68236541748047","31862500"
"2014-07-02T13:30:00.0000000+00:00","95","95,23999786376953","94,91000366210938","95,0999984741211","86,82843780517578","18777300"
"2014-07-03T13:30:00.0000000+00:00","95,41000366210938","95,69999694824219","95,1500015258789","95,69999694824219","87,37625885009766","15291700"
"2014-07-07T13:30:00.0000000+00:00","95,58999633789062","95,70999908447266","95,2300033569336","95,41000366210938","87,11146545410156","23266400"
"2014-07-08T13:30:00.0000000+00:00","95,2300033569336","95,30000305175781","93,87000274658203","94,26000213623047","86,0615005493164","40612400"
"2014-07-09T13:30:00.0000000+00:00","94,51000213623047","95,06999969482422","94,23999786376953","94,95999908447266","86,70059967041016","29919000"
"2014-07-10T13:30:00.0000000+00:00","93,73999786376953","95,05000305175781","93,62999725341797","94,66000366210938","86,42672729492188","44245300"
"2014-07-11T13:30:00.0000000+00:00","94,9000015258789","95,2699966430664","94,61000061035156","95,2699966430664","86,9836654663086","19566300"
"2014-07-14T13:30:00.0000000+00:00","95,69999694824219","96,05999755859375","95,54000091552734","95,83999633789062","87,5040512084961","19579000"
"2014-07-15T13:30:00.0000000+00:00","95,98999786376953","96,12999725341797","94,83000183105469","95,51000213623047","87,20277404785156","39467500"
"2014-07-16T13:30:00.0000000+00:00","96,19999694824219","96,30000305175781","95,79000091552734","95,88999938964844","87,54972839355469","22052600"
"2014-07-17T13:30:00.0000000+00:00","95,62999725341797","95,97000122070312","94,31999969482422","94,62000274658203","86,39019012451172","43111500"
"2014-07-18T13:30:00.0000000+00:00","95,11000061035156","96,16999816894531","95","96,12000274658203","87,75969696044922","36682200"
"2014-07-21T13:30:00.0000000+00:00","95,91999816894531","96,16000366210938","95,55000305175781","96","87,65015411376953","29750700"
"2014-07-22T13:30:00.0000000+00:00","96,44999694824219","96,76000213623047","96,3499984741211","96,61000061035156","88,20709991455078","25770400"
"2014-07-23T13:30:00.0000000+00:00","96,94999694824219","97,33999633789062","96,7699966430664","97,2300033569336","88,77316284179688","28947500"
"2014-07-24T13:30:00.0000000+00:00","97,4000015258789","97,51000213623047","96,9800033569336","97,12000274658203","88,67272186279297","24707200"
"2014-07-25T13:30:00.0000000+00:00","96,62000274658203","96,87000274658203","96,2300033569336","96,73999786376953","88,32577514648438","29898900"
"2014-07-28T13:30:00.0000000+00:00","96,83999633789062","97,0199966430664","96,0199966430664","96,7699966430664","88,35317993164062","25603400"
"2014-07-29T13:30:00.0000000+00:00","96,9800033569336","97,19999694824219","96,5199966430664","96,5999984741211","88,19793701171875","27022200"
"2014-07-30T13:30:00.0000000+00:00","97,13999938964844","97,31999969482422","96,5999984741211","96,9800033569336","88,54490661621094","35348500"
"2014-07-31T13:30:00.0000000+00:00","96,18000030517578","96,33999633789062","94,87999725341797","95,0199966430664","86,75536346435547","50047900"
"2014-08-01T13:30:00.0000000+00:00","94,81999969482422","95,33999633789062","94,04000091552734","94,66999816894531","86,4358139038086","60708000"
"2014-08-04T13:30:00.0000000+00:00","94,87000274658203","95,69000244140625","94,5199966430664","95,31999969482422","87,02933502197266","33230500"
"2014-08-05T13:30:00.0000000+00:00","94,94000244140625","95,20999908447266","94,1500015258789","94,58999633789062","86,3627700805664","50331100"
"2014-08-06T13:30:00.0000000+00:00","94","95,11000061035156","93,91999816894531","94,5199966430664","86,29885864257812","34431900"
"2014-08-07T13:30:00.0000000+00:00","94,95999908447266","95,13999938964844","93,88999938964844","94,22000122070312","86,02496337890625","33274700"
"2014-08-08T13:30:00.0000000+00:00","94,37000274658203","95,01000213623047","93,97000122070312","94,9000015258789","86,64581298828125","40236900"
"2014-08-11T13:30:00.0000000+00:00","95,2699966430664","95,76000213623047","95,19999694824219","95,45999908447266","87,1571273803711","28277500"
"2014-08-12T13:30:00.0000000+00:00","95,36000061035156","95,66999816894531","94,93000030517578","95,41999816894531","87,12059783935547","28152300"
"2014-08-13T13:30:00.0000000+00:00","95,80999755859375","96,47000122070312","95,76000213623047","96,43000030517578","88,04271697998047","27996500"
"2014-08-14T13:30:00.0000000+00:00","96,55999755859375","96,94999694824219","96,43000030517578","96,93000030517578","88,499267578125","25006600"
"2014-08-15T13:30:00.0000000+00:00","97,48999786376953","97,62999725341797","96,4800033569336","97,4000015258789","88,92838287353516","55205500"
"2014-08-18T13:30:00.0000000+00:00","97,91000366210938","98,23999786376953","97,7699966430664","98,1500015258789","89,61315155029297","38938300"
"2014-08-19T13:30:00.0000000+00:00","98,37999725341797","98,76000213623047","98,31999969482422","98,69999694824219","90,11531066894531","21363400"
"2014-08-20T13:30:00.0000000+00:00","98,62000274658203","98,9000015258789","98,52999877929688","98,69999694824219","90,11531066894531","23435600"
"2014-08-21T13:30:00.0000000+00:00","98,75","98,94999694824219","98,5999984741211","98,9000015258789","90,29789733886719","19339500"
"2014-08-22T13:30:00.0000000+00:00","98,94000244140625","99,25","98,72000122070312","99,05000305175781","90,43489074707031","24692000"
"2014-08-25T13:30:00.0000000+00:00","99,5199966430664","99,68000030517578","99,16000366210938","99,4000015258789","90,75440979003906","24124700"
"2014-08-26T13:30:00.0000000+00:00","99,55000305175781","99,61000061035156","99,2699966430664","99,5","90,84571838378906","20100400"
"2014-08-27T13:30:00.0000000+00:00","99,52999877929688","99,63999938964844","99,30999755859375","99,5199966430664","90,86397552490234","15589100"
"2014-08-28T13:30:00.0000000+00:00","99,18000030517578","99,52999877929688","99,08000183105469","99,41000366210938","90,76356506347656","23563900"
"2014-08-29T13:30:00.0000000+00:00","99,62999725341797","99,91000366210938","99,2699966430664","99,77999877929688","91,10137176513672","17906300"
"2014-09-02T13:30:00.0000000+00:00","100,0199966430664","100,0999984741211","99,66000366210938","100,06999969482422","91,36613464355469","18326800"
"2014-09-03T13:30:00.0000000+00:00","100,33999633789062","100,33999633789062","99,30000305175781","99,4800033569336","90,8274917602539","25950700"
"2014-09-04T13:30:00.0000000+00:00","99,70999908447266","100,22000122070312","99,13999938964844","99,38999938964844","90,74527740478516","24663500"
"2014-09-05T13:30:00.0000000+00:00","99,54000091552734","99,94999694824219","99,02999877929688","99,88999938964844","91,2017822265625","30798200"
"2014-09-08T13:30:00.0000000+00:00","99,91999816894531","100,33000183105469","99,62000274658203","100,08000183105469","91,37529754638672","25571300"
"2014-09-09T13:30:00.0000000+00:00","100,08999633789062","100,45999908447266","99,05999755859375","99,25","90,61749267578125","36449200"
"2014-09-10T13:30:00.0000000+00:00","99,37999725341797","100,11000061035156","99,0999984741211","100,06999969482422","91,36613464355469","31080100"
"2014-09-11T13:30:00.0000000+00:00","99,63999938964844","100,04000091552734","99,23999786376953","99,98999786376953","91,29312896728516","28691900"
"2014-09-12T13:30:00.0000000+00:00","99,9000015258789","99,93000030517578","99,16999816894531","99,4800033569336","90,8274917602539","30444400"
"2014-09-15T13:30:00.0000000+00:00","99,58999633789062","99,5999984741211","98,22000122070312","98,5199966430664","89,95096588134766","32972200"
"2014-09-16T13:30:00.0000000+00:00","98,1500015258789","99,56999969482422","98,05000305175781","99,37999725341797","90,73615264892578","38166900"
"2014-09-17T13:30:00.0000000+00:00","99,36000061035156","100","98,93000030517578","99,52999877929688","90,87313079833984","37196500"
"2014-09-18T13:30:00.0000000+00:00","99,83999633789062","100,29000091552734","99,7300033569336","100,27999877929688","91,5578842163086","30196700"
"2014-09-19T13:30:00.0000000+00:00","100,45999908447266","100,55999755859375","99,58000183105469","99,9800033569336","91,50114440917969","46918000"
"2014-09-22T13:30:00.0000000+00:00","99,73999786376953","99,75","98,62000274658203","99,05000305175781","90,65003204345703","48658000"
"2014-09-23T13:30:00.0000000+00:00","98,6500015258789","99,22000122070312","98,58000183105469","98,77999877929688","90,40288543701172","33989600"
"2014-09-24T13:30:00.0000000+00:00","98,87999725341797","99,88999938964844","98,54000091552734","99,83999633789062","91,37301635742188","35959000"
"2014-09-25T13:30:00.0000000+00:00","99,5199966430664","99,6500015258789","97,69999694824219","97,73999786376953","89,45111083984375","68642500"
"2014-09-26T13:30:00.0000000+00:00","98,05999755859375","98,95999908447266","97,88999938964844","98,77999877929688","90,40288543701172","56106200"
"2014-09-29T13:30:00.0000000+00:00","97,80000305175781","98,91999816894531","97,75","98,6500015258789","90,28392791748047","33342700"
"2014-09-30T13:30:00.0000000+00:00","98,91999816894531","99,30000305175781","98,31999969482422","98,79000091552734","90,41203308105469","41834300"
"2014-10-01T13:30:00.0000000+00:00","98,51000213623047","98,61000061035156","96,9000015258789","97,20999908447266","88,96604919433594","58164900"
"2014-10-02T13:30:00.0000000+00:00","97,16999816894531","97,51000213623047","95,97000122070312","97,20999908447266","88,96604919433594","54501300"
"2014-10-03T13:30:00.0000000+00:00","97,77999877929688","98,56999969482422","97,44000244140625","98,16999816894531","89,84461975097656","41627800"
"2014-10-06T13:30:00.0000000+00:00","98,4800033569336","98,72000122070312","97,66000366210938","97,95999908447266","89,65242767333984","36038700"
"2014-10-07T13:30:00.0000000+00:00","97,5","97,77999877929688","96,55999755859375","96,56999969482422","88,38033294677734","45154000"
"2014-10-08T13:30:00.0000000+00:00","96,62000274658203","98,76000213623047","96,05999755859375","98,44999694824219","90,10086822509766","64931600"
"2014-10-09T13:30:00.0000000+00:00","98,31999969482422","98,56999969482422","96,70999908447266","96,86000061035156","88,64570617675781","62497100"
"2014-10-10T13:30:00.0000000+00:00","96,29000091552734","96,83000183105469","94,41999816894531","94,44000244140625","86,43096923828125","77579400"
"2014-10-13T13:30:00.0000000+00:00","94,2699966430664","94,98999786376953","92,87999725341797","92,95999908447266","85,07649993896484","80835900"
"2014-10-14T13:30:00.0000000+00:00","93,54000091552734","94,16999816894531","92,70999908447266","92,97000122070312","85,08563232421875","71814500"
"2014-10-15T13:30:00.0000000+00:00","91,56999969482422","92,76000213623047","90,23999786376953","92,37000274658203","84,53649139404297","108847800"
"2014-10-16T13:30:00.0000000+00:00","90,41999816894531","92,58000183105469","90,38999938964844","91,79000091552734","84,00568389892578","93165800"
"2014-10-17T13:30:00.0000000+00:00","93","93,88999938964844","92,45999908447266","93","85,11309814453125","69546700"
"2014-10-20T13:30:00.0000000+00:00","92,98999786376953","94,47000122070312","92,80000305175781","94,38999938964844","86,38520050048828","41479300"
"2014-10-21T13:30:00.0000000+00:00","95,55999755859375","96,87000274658203","95,31999969482422","96,87000274658203","88,65489959716797","53609800"
"2014-10-22T13:30:00.0000000+00:00","97,16999816894531","97,30000305175781","96,30999755859375","96,37000274658203","88,19728088378906","39178000"
"2014-10-23T13:30:00.0000000+00:00","97,33999633789062","98,36000061035156","97,16999816894531","97,81999969482422","89,5243148803711","48123800"
"2014-10-24T13:30:00.0000000+00:00","98,02999877929688","98,69000244140625","97,63999938964844","98,62000274658203","90,25647735595703","43157600"
"2014-10-27T13:30:00.0000000+00:00","98,43000030517578","98,87000274658203","98,0199966430664","98,69000244140625","90,32054901123047","29545700"
"2014-10-28T13:30:00.0000000+00:00","99,1500015258789","100,19999694824219","99,08000183105469","100,18000030517578","91,68415069580078","34495100"
"2014-10-29T13:30:00.0000000+00:00","99,8499984741211","100,12000274658203","99,0999984741211","99,80999755859375","91,34554290771484","40552800"
"2014-10-30T13:30:00.0000000+00:00","99,36000061035156","100,26000213623047","99,13999938964844","100,0199966430664","91,53778076171875","35935800"
"2014-10-31T13:30:00.0000000+00:00","101,68000030517578","101,75","101,06999969482422","101,4000015258789","92,80072021484375","54254100"
"2014-11-03T14:30:00.0000000+00:00","101,58000183105469","101,97000122070312","101,43000030517578","101,69999694824219","93,0753173828125","33481000"
"2014-11-04T14:30:00.0000000+00:00","101,37999725341797","101,62000274658203","100,66999816894531","101,36000061035156","92,76410675048828","22773300"
"2014-11-05T14:30:00.0000000+00:00","102,02999877929688","102,02999877929688","101,0199966430664","101,37000274658203","92,77326202392578","25818600"
"2014-11-06T14:30:00.0000000+00:00","101,36000061035156","101,72000122070312","100,91999816894531","101,69000244140625","93,06612396240234","24671900"
"2014-11-07T14:30:00.0000000+00:00","101,87000274658203","101,91000366210938","101,06999969482422","101,5999984741211","92,9837417602539","20931700"
"2014-11-10T14:30:00.0000000+00:00","101,6500015258789","102,08999633789062","101,37999725341797","101,95999908447266","93,31324768066406","20360000"
"2014-11-11T14:30:00.0000000+00:00","101,9800033569336","102,27999877929688","101,69999694824219","102,27999877929688","93,6061019897461","15454000"
"2014-11-12T14:30:00.0000000+00:00","101,87000274658203","102,56999969482422","101,87000274658203","102,45999908447266","93,7708511352539","22050300"
"2014-11-13T14:30:00.0000000+00:00","102,6500015258789","103,27999877929688","102,41999816894531","102,9000015258789","94,17350006103516","28027800"
"2014-11-14T14:30:00.0000000+00:00","102,87000274658203","103,22000122070312","102,52999877929688","103,22000122070312","94,4664077758789","19251300"
"2014-11-17T14:30:00.0000000+00:00","102,9800033569336","103,20999908447266","102,41999816894531","102,91000366210938","94,18265533447266","23361600"
"2014-11-18T14:30:00.0000000+00:00","103","103,81999969482422","102,98999786376953","103,68000030517578","94,88737487792969","26336800"
"2014-11-19T14:30:00.0000000+00:00","103,56999969482422","103,56999969482422","102,7300033569336","103,20999908447266","94,45722198486328","23760200"
"2014-11-20T14:30:00.0000000+00:00","102,7699966430664","103,76000213623047","102,69000244140625","103,66999816894531","94,87818908691406","22874000"
"2014-11-21T14:30:00.0000000+00:00","104,58999633789062","104,69000244140625","103,54000091552734","103,87000274658203","95,06124877929688","34049100"
"2014-11-24T14:30:00.0000000+00:00","104,1500015258789","104,7300033569336","104,05999755859375","104,68000030517578","95,80254364013672","17928300"
"2014-11-25T14:30:00.0000000+00:00","104,83999633789062","105,1500015258789","104,56999969482422","104,83999633789062","95,948974609375","17526000"
"2014-11-26T14:30:00.0000000+00:00","104,94000244140625","105,58000183105469","104,83000183105469","105,5199966430664","96,57131958007812","18973800"
"2014-11-28T14:30:00.0000000+00:00","105,80000305175781","106,25","105,7300033569336","106,01000213623047","97,01976776123047","17360400"
"2014-12-01T14:30:00.0000000+00:00","105,72000122070312","105,91999816894531","104,41999816894531","104,80999755859375","95,92153930664062","35969500"
"2014-12-02T14:30:00.0000000+00:00","104,91999816894531","105,41999816894531","104,69999694824219","105,2300033569336","96,30592346191406","26031300"
"2014-12-03T14:30:00.0000000+00:00","105,38999938964844","105,56999969482422","104,76000213623047","105,41999816894531","96,47978210449219","32974300"
"2014-12-04T14:30:00.0000000+00:00","105,31999969482422","105,77999877929688","104,93000030517578","105,37000274658203","96,43403625488281","31008800"
"2014-12-05T14:30:00.0000000+00:00","105,54000091552734","105,69999694824219","105,1500015258789","105,37999725341797","96,44319915771484","25622200"
"2014-12-08T14:30:00.0000000+00:00","105,11000061035156","105,56999969482422","104,08000183105469","104,62999725341797","95,7568130493164","32685800"
"2014-12-09T14:30:00.0000000+00:00","103,41000366210938","105,04000091552734","103,04000091552734","104,95999908447266","96,05879974365234","46035100"
"2014-12-10T14:30:00.0000000+00:00","104,7699966430664","105,02999877929688","103,12000274658203","103,30999755859375","94,5487289428711","39330100"
"2014-12-11T14:30:00.0000000+00:00","103,61000061035156","105,04000091552734","103,58999633789062","103,80000305175781","94,9971694946289","47576000"
"2014-12-12T14:30:00.0000000+00:00","102,80999755859375","103,98999786376953","102,66000366210938","102,66999816894531","93,96302795410156","46889400"
"2014-12-15T14:30:00.0000000+00:00","103,19999694824219","103,58000183105469","101,31999969482422","101,61000061035156","92,9928970336914","52968400"
"2014-12-16T14:30:00.0000000+00:00","100,97000122070312","102,47000122070312","99,95999908447266","99,9800033569336","91,50114440917969","65348600"
"2014-12-17T14:30:00.0000000+00:00","100,05000305175781","102,08999633789062","99,91999816894531","101,80000305175781","93,16679382324219","79715300"
"2014-12-18T14:30:00.0000000+00:00","103,26000213623047","104,26000213623047","102,9800033569336","104,25","95,4090347290039","49840900"
"2014-12-19T14:30:00.0000000+00:00","103,97000122070312","104,73999786376953","103,70999908447266","104,31999969482422","95,82882690429688","51419900"
"2014-12-22T14:30:00.0000000+00:00","104,1500015258789","104,61000061035156","104,0999984741211","104,58000183105469","96,06769561767578","33869200"
"2014-12-23T14:30:00.0000000+00:00","104,95999908447266","104,97000122070312","104,08999633789062","104,20999908447266","95,727783203125","30156900"
"2014-12-24T14:30:00.0000000+00:00","104,33999633789062","104,69999694824219","104,2699966430664","104,30000305175781","95,81046295166016","14291300"
"2014-12-26T14:30:00.0000000+00:00","104,5999984741211","105,26000213623047","104,56999969482422","105,04000091552734","96,4902114868164","13924300"
"2014-12-29T14:30:00.0000000+00:00","104,94000244140625","105,25","104,87999725341797","105,0199966430664","96,47183227539062","17073800"
"2014-12-30T14:30:00.0000000+00:00","104,72000122070312","104,95999908447266","104,18000030517578","104,31999969482422","95,82882690429688","18604000"
"2014-12-31T14:30:00.0000000+00:00","104,5","104,91000366210938","103,0999984741211","103,25","94,84591674804688","24367100"
"2015-01-02T14:30:00.0000000+00:00","103,76000213623047","104,19999694824219","102,44000244140625","102,94000244140625","94,5611572265625","31314600"
"2015-01-05T14:30:00.0000000+00:00","102,48999786376953","102,61000061035156","101,13999938964844","101,43000030517578","93,1740493774414","36521300"
"2015-01-06T14:30:00.0000000+00:00","101,58000183105469","101,75","99,62000274658203","100,06999969482422","91,92475891113281","66205500"
"2015-01-07T14:30:00.0000000+00:00","100,7300033569336","101,5999984741211","100,48999786376953","101,36000061035156","93,1097412109375","37577400"
"2015-01-08T14:30:00.0000000+00:00","102,22000122070312","103,5","102,11000061035156","103,30000305175781","94,89186096191406","40212600"
"2015-01-09T14:30:00.0000000+00:00","103,62000274658203","103,6500015258789","102,0199966430664","102,62000274658203","94,2672119140625","41410100"
"2015-01-12T14:30:00.0000000+00:00","102,81999969482422","102,93000030517578","101,29000091552734","101,55000305175781","93,28429412841797","34129800"
"2015-01-13T14:30:00.0000000+00:00","102,54000091552734","103,62000274658203","100,69999694824219","101,5199966430664","93,2567138671875","56162300"
"2015-01-14T14:30:00.0000000+00:00","100,5","101,4800033569336","100,06999969482422","100,95999908447266","92,74231719970703","51354200"
"2015-01-15T14:30:00.0000000+00:00","101,43000030517578","101,58999633789062","99,52999877929688","99,6500015258789","91,53893280029297","51005400"
"2015-01-16T14:30:00.0000000+00:00","99,5199966430664","100,94999694824219","99,36000061035156","100,81999969482422","92,61370086669922","35362200"
"2015-01-20T14:30:00.0000000+00:00","101,43000030517578","101,87999725341797","100,29000091552734","101,62000274658203","93,34857940673828","30964100"
"2015-01-21T14:30:00.0000000+00:00","101,31999969482422","102,62000274658203","100,95999908447266","102,13999938964844","93,82624053955078","40128800"
"2015-01-22T14:30:00.0000000+00:00","102,54000091552734","104,13999938964844","101,63999938964844","104,02999877929688","95,56245422363281","40887200"
"2015-01-23T14:30:00.0000000+00:00","104,0199966430664","104,58000183105469","103,72000122070312","104,26000213623047","95,77371215820312","34783000"
"2015-01-26T14:30:00.0000000+00:00","104,13999938964844","104,33000183105469","103,61000061035156","104,13999938964844","95,66346740722656","19960900"
"2015-01-27T14:30:00.0000000+00:00","102,5","102,55999755859375","101,0999984741211","101,44000244140625","93,18323516845703","45253200"
"2015-01-28T14:30:00.0000000+00:00","103,06999969482422","103,18000030517578","100,9000015258789","100,91999816894531","92,70558166503906","43591700"
"2015-01-29T14:30:00.0000000+00:00","100,83999633789062","102,08000183105469","99,95999908447266","101,88999938964844","93,59661102294922","46539700"
"2015-01-30T14:30:00.0000000+00:00","101,80000305175781","102,58000183105469","100,95999908447266","101,0999984741211","92,87092590332031","42927600"
"2015-02-02T14:30:00.0000000+00:00","101,33000183105469","102,06999969482422","99,75","101,9800033569336","93,67928314208984","43624700"
"2015-02-03T14:30:00.0000000+00:00","102,3499984741211","103,02999877929688","101,68000030517578","102,95999908447266","94,57952117919922","30750400"
"2015-02-04T14:30:00.0000000+00:00","102,54000091552734","103,55000305175781","102,30999755859375","102,87000274658203","94,496826171875","34073200"
"2015-02-05T14:30:00.0000000+00:00","103,12999725341797","103,83000183105469","102,87000274658203","103,76000213623047","95,31443786621094","23605500"
"2015-02-06T14:30:00.0000000+00:00","103,91999816894531","104,16999816894531","102,76000213623047","103,12999725341797","94,73567962646484","34169300"
"2015-02-09T14:30:00.0000000+00:00","102,7300033569336","103,29000091552734","102,55000305175781","102,80000305175781","94,43254852294922","22604700"
"2015-02-10T14:30:00.0000000+00:00","103,37000274658203","104,54000091552734","103,20999908447266","104,4000015258789","95,90230560302734","23686500"
"2015-02-11T14:30:00.0000000+00:00","104,5199966430664","105,0199966430664","104,31999969482422","104,77999877929688","96,25137329101562","20303600"
"2015-02-12T14:30:00.0000000+00:00","105,45999908447266","106,04000091552734","105,30000305175781","106","97,37207794189453","22520300"
"2015-02-13T14:30:00.0000000+00:00","106,30000305175781","106,93000030517578","106,0999984741211","106,91000366210938","98,20801544189453","29030200"
"2015-02-17T14:30:00.0000000+00:00","106,91000366210938","107,08000183105469","106,63999938964844","107,01000213623047","98,29986572265625","17675300"
"2015-02-18T14:30:00.0000000+00:00","106,87999725341797","107,22000122070312","106,73999786376953","107,16000366210938","98,43766021728516","15149600"
"2015-02-19T14:30:00.0000000+00:00","107,08999633789062","107,76000213623047","107,05999755859375","107,69000244140625","98,92453002929688","19828100"
"2015-02-20T14:30:00.0000000+00:00","107,62000274658203","108,47000122070312","107,27999877929688","108,41000366210938","99,5859146118164","28336700"
"2015-02-23T14:30:00.0000000+00:00","108,3499984741211","108,55000305175781","108,11000061035156","108,5199966430664","99,68696594238281","17868000"
"2015-02-24T14:30:00.0000000+00:00","108,37999725341797","108,7300033569336","108,05000305175781","108,5999984741211","99,76044464111328","19745000"
"2015-02-25T14:30:00.0000000+00:00","108,44000244140625","108,86000061035156","108,08999633789062","108,33000183105469","99,51243591308594","19472300"
"2015-02-26T14:30:00.0000000+00:00","108,44000244140625","108,94000244140625","108,13999938964844","108,87999725341797","100,01765441894531","22255500"
"2015-02-27T14:30:00.0000000+00:00","108,83999633789062","108,91000366210938","108,2300033569336","108,4000015258789","99,57674407958984","27757600"
"2015-03-02T14:30:00.0000000+00:00","108,61000061035156","109,41999816894531","108,58999633789062","109,37999725341797","100,47694396972656","22988600"
"2015-03-03T14:30:00.0000000+00:00","109,05000305175781","109,16000366210938","108,18000030517578","108,87000274658203","100,00845336914062","20788900"
"2015-03-04T14:30:00.0000000+00:00","108,51000213623047","108,66999816894531","107,86000061035156","108,44999694824219","99,6226806640625","21007400"
"2015-03-05T14:30:00.0000000+00:00","108,7300033569336","108,97000122070312","108,19000244140625","108,63999938964844","99,79717254638672","15381000"
"2015-03-06T14:30:00.0000000+00:00","108,5","108,70999908447266","107,13999938964844","107,41000366210938","98,66732788085938","30990400"
"2015-03-09T13:30:00.0000000+00:00","107,62999725341797","107,98999786376953","107,19000244140625","107,72000122070312","98,95207977294922","26237100"
"2015-03-10T13:30:00.0000000+00:00","106,94999694824219","106,9800033569336","105,72000122070312","105,72000122070312","97,1148681640625","34234500"
"2015-03-11T13:30:00.0000000+00:00","105,87999725341797","106,01000213623047","105,06999969482422","105,11000061035156","96,55451202392578","25459700"
"2015-03-12T13:30:00.0000000+00:00","105,02999877929688","105,91999816894531","104,95999908447266","105,80000305175781","97,18834686279297","21473200"
"2015-03-13T13:30:00.0000000+00:00","105,69999694824219","106,12000274658203","104,68000030517578","105,33999633789062","96,76578521728516","42021100"
"2015-03-16T13:30:00.0000000+00:00","105,7300033569336","106,73999786376953","105,62000274658203","106,69999694824219","98,01508331298828","25674100"
"2015-03-17T13:30:00.0000000+00:00","106,41000366210938","107,04000091552734","106,16000366210938","106,87000274658203","98,17125701904297","19603800"
"2015-03-18T13:30:00.0000000+00:00","106,58000183105469","108,41000366210938","106,02999877929688","107,91999816894531","99,13580322265625","40622200"
"2015-03-19T13:30:00.0000000+00:00","108,02999877929688","108,37999725341797","107,87000274658203","108,08000183105469","99,28278350830078","31314000"
"2015-03-20T13:30:00.0000000+00:00","108,72000122070312","109,06999969482422","108,51000213623047","108,52999877929688","99,92546081542969","31761400"
"2015-03-23T13:30:00.0000000+00:00","108,47000122070312","108,7699966430664","108,27999877929688","108,31999969482422","99,7320785522461","17268500"
"2015-03-24T13:30:00.0000000+00:00","108,30999755859375","108,80999755859375","107,91000366210938","107,93000030517578","99,3730239868164","22445300"
"2015-03-25T13:30:00.0000000+00:00","108,0999984741211","108,19999694824219","105,41999816894531","105,45999908447266","97,09880828857422","41581400"
"2015-03-26T13:30:00.0000000+00:00","104,58999633789062","105,69999694824219","104,23999786376953","105,0999984741211","96,76737976074219","47846300"
"2015-03-27T13:30:00.0000000+00:00","105,08000183105469","105,7699966430664","104,91999816894531","105,5199966430664","97,15408325195312","33878400"
"2015-03-30T13:30:00.0000000+00:00","106,16000366210938","106,81999969482422","106,16000366210938","106,7300033569336","98,26812744140625","30570200"
"2015-03-31T13:30:00.0000000+00:00","106,43000030517578","106,6500015258789","105,56999969482422","105,5999984741211","97,22771453857422","30488100"
"2015-04-01T13:30:00.0000000+00:00","105,5999984741211","105,62000274658203","104,37000274658203","105,05000305175781","96,72135162353516","32970500"
"2015-04-02T13:30:00.0000000+00:00","105,1500015258789","105,45999908447266","104,77999877929688","105,12000274658203","96,78579711914062","19164200"
"2015-04-06T13:30:00.0000000+00:00","104,5","106,2699966430664","104,33999633789062","105,9800033569336","97,57759857177734","24451100"
"2015-04-07T13:30:00.0000000+00:00","105,91999816894531","106,69999694824219","105,80000305175781","105,80000305175781","97,41185760498047","19379400"
"2015-04-08T13:30:00.0000000+00:00","105,83999633789062","106,79000091552734","105,83000183105469","106,63999938964844","98,1852798461914","25866900"
"2015-04-09T13:30:00.0000000+00:00","106,58999633789062","107,3499984741211","106,2300033569336","107,30999755859375","98,80216979980469","23114700"
"2015-04-10T13:30:00.0000000+00:00","107,2699966430664","107,76000213623047","107,02999877929688","107,75","99,20729064941406","17164300"
"2015-04-13T13:30:00.0000000+00:00","107,83000183105469","108,37999725341797","107,36000061035156","107,4800033569336","98,95865631103516","17783500"
"2015-04-14T13:30:00.0000000+00:00","107,37000274658203","107,68000030517578","106,55999755859375","107,16999816894531","98,67326354980469","23755700"
"2015-04-15T13:30:00.0000000+00:00","107,44999694824219","108,06999969482422","107,31999969482422","107,83999633789062","99,29014587402344","21128600"
"2015-04-16T13:30:00.0000000+00:00","107,55000305175781","107,87999725341797","107,4000015258789","107,69000244140625","99,15203857421875","16195300"
"2015-04-17T13:30:00.0000000+00:00","106,66000366210938","106,94999694824219","105,55000305175781","106,01000213623047","97,60523223876953","46514000"
"2015-04-20T13:30:00.0000000+00:00","106,54000091552734","107,79000091552734","106,5","107,5999984741211","99,06917572021484","28945900"
"2015-04-21T13:30:00.0000000+00:00","108,22000122070312","108,41000366210938","107,93000030517578","108,05999755859375","99,49270629882812","22759800"
"2015-04-22T13:30:00.0000000+00:00","108,33999633789062","108,83000183105469","107,63999938964844","108,6500015258789","100,0359115600586","21429200"
"2015-04-23T13:30:00.0000000+00:00","108,27999877929688","109,55000305175781","108,26000213623047","109,05999755859375","100,41339874267578","29473200"
"2015-04-24T13:30:00.0000000+00:00","110,20999908447266","110,69000244140625","110,02999877929688","110,54000091552734","101,77606201171875","32508100"
"2015-04-27T13:30:00.0000000+00:00","110,94999694824219","111,16000366210938","110,0199966430664","110,26000213623047","101,51828002929688","31121300"
"2015-04-28T13:30:00.0000000+00:00","110,33999633789062","110,55000305175781","109,11000061035156","110,04000091552734","101,31570434570312","36849200"
"2015-04-29T13:30:00.0000000+00:00","109,43000030517578","110,06999969482422","108,75","109,3499984741211","100,680419921875","34043900"
"2015-04-30T13:30:00.0000000+00:00","108,7300033569336","109,16999816894531","107,05999755859375","107,62999725341797","99,09679412841797","44080500"
"2015-05-01T13:30:00.0000000+00:00","108,05000305175781","109,12000274658203","108,02999877929688","109,05000305175781","100,40420532226562","32874300"
"2015-05-04T13:30:00.0000000+00:00","109,4000015258789","109,91000366210938","109,16999816894531","109,2300033569336","100,5699234008789","23507300"
"2015-05-05T13:30:00.0000000+00:00","108,80000305175781","109","107,4000015258789","107,44999694824219","98,93106079101562","47843300"
"2015-05-06T13:30:00.0000000+00:00","107,63999938964844","107,94999694824219","106","106,70999908447266","98,2497329711914","42687200"
"2015-05-07T13:30:00.0000000+00:00","106,68000030517578","107,6500015258789","106,5999984741211","107,3499984741211","98,8389892578125","29335800"
"2015-05-08T13:30:00.0000000+00:00","108,45999908447266","108,91999816894531","108,30000305175781","108,69000244140625","100,07273864746094","33023300"
"2015-05-11T13:30:00.0000000+00:00","108,76000213623047","108,9800033569336","108,19000244140625","108,2699966430664","99,68602752685547","19679300"
"2015-05-12T13:30:00.0000000+00:00","107,62999725341797","108,33000183105469","106,80000305175781","107,77999877929688","99,23489379882812","33665000"
"2015-05-13T13:30:00.0000000+00:00","108,25","108,80999755859375","107,83999633789062","108","99,43746948242188","20738400"
"2015-05-14T13:30:00.0000000+00:00","108,87999725341797","109,66999816894531","108,4800033569336","109,58000183105469","100,89219665527344","23904200"
"2015-05-15T13:30:00.0000000+00:00","109,86000061035156","110,01000213623047","109,30999755859375","109,58000183105469","100,89219665527344","23937400"
"2015-05-18T13:30:00.0000000+00:00","109,4000015258789","110,27999877929688","109,31999969482422","110,05999755859375","101,33412170410156","17631100"
"2015-05-19T13:30:00.0000000+00:00","110,18000030517578","110,3499984741211","109,76000213623047","109,94000244140625","101,2236557006836","14212900"
"2015-05-20T13:30:00.0000000+00:00","110,0199966430664","110,66999816894531","109,43000030517578","110,01000213623047","101,28807830810547","21131900"
"2015-05-21T13:30:00.0000000+00:00","109,81999969482422","110,7300033569336","109,66000366210938","110,58000183105469","101,8128890991211","16771800"
"2015-05-22T13:30:00.0000000+00:00","110,44999694824219","110,87000274658203","110,37999725341797","110,47000122070312","101,71162414550781","13543800"
"2015-05-26T13:30:00.0000000+00:00","110,2300033569336","110,37999725341797","108,76000213623047","109,19999694824219","100,54229736328125","25488400"
"2015-05-27T13:30:00.0000000+00:00","109,52999877929688","111,08000183105469","109,29000091552734","110,95999908447266","102,16278839111328","30572700"
"2015-05-28T13:30:00.0000000+00:00","110,75","111,01000213623047","110,37000274658203","110,70999908447266","101,93262481689453","17302400"
"2015-05-29T13:30:00.0000000+00:00","110,63999938964844","110,79000091552734","109,79000091552734","110,05000305175781","101,32495880126953","30383000"
"2015-06-01T13:30:00.0000000+00:00","110,63999938964844","110,72000122070312","109,5199966430664","110,41999816894531","101,66559600830078","24570200"
"2015-06-02T13:30:00.0000000+00:00","110,01000213623047","110,61000061035156","109,47000122070312","110,06999969482422","101,34333038330078","19449600"
"2015-06-03T13:30:00.0000000+00:00","110,56999969482422","110,80999755859375","110,12999725341797","110,4000015258789","101,64717102050781","20507200"
"2015-06-04T13:30:00.0000000+00:00","109,77999877929688","110,4800033569336","109,20999908447266","109,55999755859375","100,87374877929688","31374600"
"2015-06-05T13:30:00.0000000+00:00","109,43000030517578","109,69000244140625","108,62999725341797","109,30000305175781","100,63441467285156","22641700"
"2015-06-08T13:30:00.0000000+00:00","109,25","109,33000183105469","107,97000122070312","108,19000244140625","99,6124038696289","24549200"
"2015-06-09T13:30:00.0000000+00:00","107,93000030517578","108,4000015258789","107,19999694824219","108,01000213623047","99,4466781616211","27554600"
"2015-06-10T13:30:00.0000000+00:00","108,37999725341797","109,80999755859375","108,26000213623047","109,48999786376953","100,80934143066406","30297900"
"2015-06-11T13:30:00.0000000+00:00","109,86000061035156","110,1500015258789","109,45999908447266","109,6500015258789","100,9566421508789","17593500"
"2015-06-12T13:30:00.0000000+00:00","109,06999969482422","109,30000305175781","108,5999984741211","108,75","100,12796783447266","27201800"
"2015-06-15T13:30:00.0000000+00:00","107,94000244140625","108,37999725341797","107,30999755859375","108,20999908447266","99,63079833984375","31238800"
"2015-06-16T13:30:00.0000000+00:00","108,0999984741211","108,9800033569336","108,05000305175781","108,80000305175781","100,17401885986328","16456900"
"2015-06-17T13:30:00.0000000+00:00","108,9800033569336","109,44999694824219","108,43000030517578","109,0999984741211","100,45023345947266","23296700"
"2015-06-18T13:30:00.0000000+00:00","109,5","110,87999725341797","109,44000244140625","110,69000244140625","101,91419219970703","43032400"
"2015-06-19T13:30:00.0000000+00:00","110,48999786376953","110,58000183105469","109,80999755859375","109,88999938964844","101,41032409667969","27877600"
"2015-06-22T13:30:00.0000000+00:00","110,69999694824219","111,02999877929688","110,44999694824219","110,69999694824219","102,1578140258789","19120900"
"2015-06-23T13:30:00.0000000+00:00","110,81999969482422","110,88999938964844","110,33000183105469","110,79000091552734","102,2408676147461","18127900"
"2015-06-24T13:30:00.0000000+00:00","110,66000366210938","111,12999725341797","110,19000244140625","110,22000122070312","101,71483612060547","15815900"
"2015-06-25T13:30:00.0000000+00:00","110,6500015258789","110,76000213623047","109,81999969482422","110","101,51182556152344","18326700"
"2015-06-26T13:30:00.0000000+00:00","109,9800033569336","110,2300033569336","108,86000061035156","109,2699966430664","100,83815002441406","32311700"
"2015-06-29T13:30:00.0000000+00:00","108,05999755859375","108,66000366210938","106,63999938964844","106,69000244140625","98,45726013183594","50874900"
"2015-06-30T13:30:00.0000000+00:00","107,48999786376953","107,72000122070312","106,73999786376953","107,06999969482422","98,80793762207031","34809900"
"2015-07-01T13:30:00.0000000+00:00","108,12999725341797","108,3499984741211","107,41999816894531","107,91999816894531","99,59233856201172","21293000"
"2015-07-02T13:30:00.0000000+00:00","108,2300033569336","108,31999969482422","107,62000274658203","107,94999694824219","99,62002563476562","20499400"
"2015-07-06T13:30:00.0000000+00:00","107,2699966430664","108,31999969482422","107,04000091552734","107,69999694824219","99,38928985595703","24311000"
"2015-07-07T13:30:00.0000000+00:00","107,81999969482422","108,06999969482422","105,83000183105469","107,97000122070312","99,63850402832031","44230800"
"2015-07-08T13:30:00.0000000+00:00","107,19999694824219","107,33000183105469","105,88999938964844","106,08999633789062","97,90353393554688","39691500"
"2015-07-09T13:30:00.0000000+00:00","107,5","107,5999984741211","106,0199966430664","106,02999877929688","97,84817504882812","28381000"
"2015-07-10T13:30:00.0000000+00:00","107,44000244140625","108,05000305175781","107,05000305175781","107,6500015258789","99,3431625366211","26415800"
"2015-07-13T13:30:00.0000000+00:00","108,58000183105469","109,62999725341797","108,56999969482422","109,54000091552734","101,0873031616211","25780700"
"2015-07-14T13:30:00.0000000+00:00","109,69000244140625","110,55999755859375","109,62999725341797","110,26000213623047","101,75177764892578","21977200"
"2015-07-15T13:30:00.0000000+00:00","110,47000122070312","110,80999755859375","110,06999969482422","110,37999725341797","101,86251831054688","28631500"
"2015-07-16T13:30:00.0000000+00:00","111,29000091552734","111,95999908447266","111,06999969482422","111,94000244140625","103,3021469116211","29838900"
"2015-07-17T13:30:00.0000000+00:00","112,83999633789062","113,58999633789062","112,6500015258789","113,58999633789062","104,82481384277344","35926800"
"2015-07-20T13:30:00.0000000+00:00","113,83000183105469","114,38999938964844","113,4800033569336","113,9800033569336","105,18473052978516","26539000"
"2015-07-21T13:30:00.0000000+00:00","114,0199966430664","114,19999694824219","113,58000183105469","113,91000366210938","105,1200942993164","35468900"
"2015-07-22T13:30:00.0000000+00:00","112,16999816894531","113,16999816894531","112,16999816894531","112,62000274658203","103,92965698242188","35575000"
"2015-07-23T13:30:00.0000000+00:00","112,7300033569336","113,0999984741211","111,91000366210938","112,19999694824219","103,54204559326172","25698300"
"2015-07-24T13:30:00.0000000+00:00","112,80000305175781","113","110,93000030517578","111,0999984741211","102,52694702148438","30844700"
"2015-07-27T13:30:00.0000000+00:00","110,47000122070312","110,94999694824219","109,94000244140625","110,18000030517578","101,67794036865234","35994800"
"2015-07-28T13:30:00.0000000+00:00","110,66999816894531","111,3499984741211","109,79000091552734","111,12999725341797","102,5546646118164","33553500"
"2015-07-29T13:30:00.0000000+00:00","111,37000274658203","111,79000091552734","110,94000244140625","111,55000305175781","102,94223022460938","26714100"
"2015-07-30T13:30:00.0000000+00:00","111,29000091552734","112,2699966430664","110,62000274658203","112,08000183105469","103,43130493164062","25438100"
"2015-07-31T13:30:00.0000000+00:00","112,43000030517578","112,48999786376953","111,72000122070312","111,94999694824219","103,31137084960938","22081700"
"2015-08-03T13:30:00.0000000+00:00","111,97000122070312","112,27999877929688","110,86000061035156","111,5999984741211","102,9883804321289","25001800"
"2015-08-04T13:30:00.0000000+00:00","111,55000305175781","111,75","110,93000030517578","111,38999938964844","102,7945556640625","22132300"
"2015-08-05T13:30:00.0000000+00:00","112,01000213623047","113","111,87999725341797","112,25","103,58822631835938","28989900"
"2015-08-06T13:30:00.0000000+00:00","112,3499984741211","112,5","109,94999694824219","110,44999694824219","101,9271011352539","42125400"
"2015-08-07T13:30:00.0000000+00:00","110,18000030517578","110,56999969482422","109,4000015258789","110,30999755859375","101,79791259765625","30006800"
"2015-08-10T13:30:00.0000000+00:00","111,01000213623047","111,80999755859375","111","111,56999969482422","102,9606704711914","21500800"
"2015-08-11T13:30:00.0000000+00:00","110,9800033569336","111,41000366210938","109,52999877929688","110,13999938964844","101,64103698730469","36123300"
"2015-08-12T13:30:00.0000000+00:00","109,37999725341797","110,73999786376953","108,22000122070312","110,5199966430664","101,99170684814453","41889000"
"2015-08-13T13:30:00.0000000+00:00","110,62999725341797","111,16000366210938","110,0999984741211","110,33999633789062","101,82561492919922","22510500"
"2015-08-14T13:30:00.0000000+00:00","110,08000183105469","110,66999816894531","109,86000061035156","110,51000213623047","101,98251342773438","17924900"
"2015-08-17T13:30:00.0000000+00:00","110,23999786376953","111,45999908447266","109,95999908447266","111,43000030517578","102,83146667480469","21224900"
"2015-08-18T13:30:00.0000000+00:00","111,27999877929688","111,37000274658203","110,70999908447266","110,86000061035156","102,30545043945312","13984400"
"2015-08-19T13:30:00.0000000+00:00","110,5199966430664","111,11000061035156","109,48999786376953","110,12999725341797","101,63180541992188","42511400"
"2015-08-20T13:30:00.0000000+00:00","109,11000061035156","109,45999908447266","107,06999969482422","107,08000183105469","98,81715393066406","57747300"
"2015-08-21T13:30:00.0000000+00:00","105,56999969482422","106,47000122070312","102,4000015258789","102,4000015258789","94,49829864501953","97763400"
"2015-08-24T13:30:00.0000000+00:00","94,2300033569336","102,52999877929688","84,73999786376953","98,45999908447266","90,86234283447266","150829900"
"2015-08-25T13:30:00.0000000+00:00","102,06999969482422","102,73999786376953","98,01000213623047","98,08999633789062","90,5208740234375","75088300"
"2015-08-26T13:30:00.0000000+00:00","100,95999908447266","103,2300033569336","98,93000030517578","103,02999877929688","95,07968139648438","104103800"
"2015-08-27T13:30:00.0000000+00:00","104,5199966430664","105,70999908447266","103,27999877929688","105,63999938964844","97,48828125","69377700"
"2015-08-28T13:30:00.0000000+00:00","105,08000183105469","106","104,8499984741211","105,62000274658203","97,46981811523438","49919600"
"2015-08-31T13:30:00.0000000+00:00","105,02999877929688","105,61000061035156","104,05000305175781","104,30999755859375","96,26089477539062","39549400"
"2015-09-01T13:30:00.0000000+00:00","101,70999908447266","103,29000091552734","100,62999725341797","101,05000305175781","93,25247192382812","73155500"
"2015-09-02T13:30:00.0000000+00:00","102,87999725341797","103,91999816894531","101,69999694824219","103,9000015258789","95,88252258300781","43963600"
"2015-09-03T13:30:00.0000000+00:00","104,30999755859375","105,0199966430664","103,0999984741211","103,38999938964844","95,41189575195312","45131800"
"2015-09-04T13:30:00.0000000+00:00","101,97000122070312","102,8499984741211","101,58999633789062","102,16000366210938","94,27678680419922","49379600"
"2015-09-08T13:30:00.0000000+00:00","104,12000274658203","105,16999816894531","103,69000244140625","105,04000091552734","96,9345703125","37343500"
"2015-09-09T13:30:00.0000000+00:00","106,27999877929688","106,30999755859375","103,58999633789062","103,86000061035156","95,84563446044922","47146700"
"2015-09-10T13:30:00.0000000+00:00","103,73999786376953","105,68000030517578","103,62000274658203","104,98999786376953","96,8884506225586","47686700"
"2015-09-11T13:30:00.0000000+00:00","104,51000213623047","105,56999969482422","104,20999908447266","105,56999969482422","97,42367553710938","29106100"
"2015-09-14T13:30:00.0000000+00:00","105,95999908447266","105,9800033569336","104,8499984741211","105,25","97,12833404541016","19718800"
"2015-09-15T13:30:00.0000000+00:00","105,5","106,81999969482422","105,11000061035156","106,48999786376953","98,27267456054688","30020200"
"2015-09-16T13:30:00.0000000+00:00","106,51000213623047","107,19000244140625","106,13999938964844","107,08999633789062","98,82636260986328","31329100"
"2015-09-17T13:30:00.0000000+00:00","106,9800033569336","108,7300033569336","106,63999938964844","107,12999725341797","98,86326599121094","56139800"
"2015-09-18T13:30:00.0000000+00:00","105,2300033569336","106,5999984741211","105,16999816894531","105,3499984741211","97,45716857910156","48384000"
"2015-09-21T13:30:00.0000000+00:00","105,93000030517578","106,55000305175781","104,7300033569336","105,68000030517578","97,762451171875","35772600"
"2015-09-22T13:30:00.0000000+00:00","104,05999755859375","104,41999816894531","103,12999725341797","104,0999984741211","96,30081939697266","47359700"
"2015-09-23T13:30:00.0000000+00:00","104,37999725341797","104,66000366210938","103,63999938964844","104,18000030517578","96,37482452392578","21775100"
"2015-09-24T13:30:00.0000000+00:00","103,16999816894531","104,19000244140625","102,2699966430664","103,80000305175781","96,0232925415039","38284300"
"2015-09-25T13:30:00.0000000+00:00","104,91000366210938","105,01000213623047","102,27999877929688","102,91999816894531","95,209228515625","44700000"
"2015-09-28T13:30:00.0000000+00:00","102,4800033569336","102,55000305175781","99,69000244140625","99,98999786376953","92,49874114990234","44077500"
"2015-09-29T13:30:00.0000000+00:00","100,23999786376953","101,26000213623047","98,75","99,47000122070312","92,01771545410156","49315500"
"2015-09-30T13:30:00.0000000+00:00","100,88999938964844","101,87000274658203","100,5","101,76000213623047","94,13615417480469","41411400"
"2015-10-01T13:30:00.0000000+00:00","101,94000244140625","102,2300033569336","100,58999633789062","102,22000122070312","94,56166076660156","39339100"
"2015-10-02T13:30:00.0000000+00:00","100,80000305175781","104,01000213623047","100,4800033569336","104,01000213623047","96,21758270263672","59370900"
"2015-10-05T13:30:00.0000000+00:00","104,77999877929688","105,77999877929688","104,55000305175781","105,5","97,59591674804688","32853500"
"2015-10-06T13:30:00.0000000+00:00","105,25","105,5999984741211","104,18000030517578","105","97,13338470458984","33051500"
"2015-10-07T13:30:00.0000000+00:00","105,66000366210938","105,86000061035156","104,29000091552734","105,62999725341797","97,71620178222656","37389300"
"2015-10-08T13:30:00.0000000+00:00","105,2300033569336","106,2300033569336","104,20999908447266","106,05000305175781","98,10475158691406","50188900"
"2015-10-09T13:30:00.0000000+00:00","106,0999984741211","106,7300033569336","105,80999755859375","106,52999877929688","98,54876708984375","23916200"
"2015-10-12T13:30:00.0000000+00:00","106,7300033569336","106,98999786376953","106,3499984741211","106,79000091552734","98,789306640625","16162000"
"2015-10-13T13:30:00.0000000+00:00","106,18000030517578","107,26000213623047","106","106,0999984741211","98,15098571777344","26999600"
"2015-10-14T13:30:00.0000000+00:00","106,0999984741211","106,62999725341797","105,48999786376953","105,93000030517578","97,99372863769531","30902600"
"2015-10-15T13:30:00.0000000+00:00","106,31999969482422","107,68000030517578","106,18000030517578","107,66999816894531","99,60335540771484","38393800"
"2015-10-16T13:30:00.0000000+00:00","107,9000015258789","108,18000030517578","107,37999725341797","108,12000274658203","100,0196533203125","27091100"
"2015-10-19T13:30:00.0000000+00:00","107,9800033569336","108,80999755859375","107,73999786376953","108,73999786376953","100,59317779541016","23776300"
"2015-10-20T13:30:00.0000000+00:00","108,55000305175781","108,77999877929688","107,80999755859375","108,18000030517578","100,07515716552734","23404700"
"2015-10-21T13:30:00.0000000+00:00","108,7300033569336","108,83999633789062","107,4800033569336","107,5199966430664","99,46459197998047","30195200"
"2015-10-22T13:30:00.0000000+00:00","108,4800033569336","109,80000305175781","108,16999816894531","109,70999908447266","101,49049377441406","42778700"
"2015-10-23T13:30:00.0000000+00:00","112,66000366210938","113,23999786376953","112,06999969482422","112,77999877929688","104,33049011230469","53170900"
"2015-10-26T13:30:00.0000000+00:00","112,69999694824219","113,06999969482422","112,2699966430664","112,8499984741211","104,39527130126953","25918000"
"2015-10-27T13:30:00.0000000+00:00","112,55000305175781","113,23999786376953","112,5199966430664","113,08000183105469","104,60807800292969","31390500"
"2015-10-28T13:30:00.0000000+00:00","113,25","114,0199966430664","112,33999633789062","114,0199966430664","105,4776382446289","42221900"
"2015-10-29T13:30:00.0000000+00:00","113,5","114,02999877929688","113,37999725341797","113,83999633789062","105,31111145019531","24913300"
"2015-10-30T13:30:00.0000000+00:00","113,88999938964844","114,08000183105469","113,30000305175781","113,33000183105469","104,83930206298828","27199200"
"2015-11-02T14:30:00.0000000+00:00","113,62999725341797","114,75","113,38999938964844","114,61000061035156","106,0234146118164","22176900"
"2015-11-03T14:30:00.0000000+00:00","114,37999725341797","115,41999816894531","114,20999908447266","115,01000213623047","106,3934326171875","20418400"
"2015-11-04T14:30:00.0000000+00:00","115,38999938964844","115,47000122070312","114,54000091552734","115,0199966430664","106,4027328491211","28633000"
"2015-11-05T14:30:00.0000000+00:00","115,12000274658203","115,4000015258789","114,11000061035156","114,70999908447266","106,11592864990234","25004100"
"2015-11-06T14:30:00.0000000+00:00","114,48999786376953","114,91999816894531","113,76000213623047","114,79000091552734","106,18989562988281","29924900"
"2015-11-09T14:30:00.0000000+00:00","114,36000061035156","114,51000213623047","112,87000274658203","113,56999969482422","105,06132507324219","33479800"
"2015-11-10T14:30:00.0000000+00:00","112,97000122070312","113,38999938964844","112,62999725341797","113,27999877929688","104,79305267333984","35452100"
"2015-11-11T14:30:00.0000000+00:00","113,58999633789062","114,13999938964844","112,94999694824219","113,13999938964844","104,66354370117188","22748800"
"2015-11-12T14:30:00.0000000+00:00","112,68000030517578","113,2300033569336","111,95999908447266","112,04000091552734","103,64596557617188","31196900"
"2015-11-13T14:30:00.0000000+00:00","111,56999969482422","111,69000244140625","109,77999877929688","109,83999633789062","101,61077880859375","52836000"
"2015-11-16T14:30:00.0000000+00:00","109,7300033569336","111,44000244140625","109,4800033569336","111,41999816894531","103,07243347167969","33980600"
"2015-11-17T14:30:00.0000000+00:00","111,61000061035156","112,29000091552734","111,20999908447266","111,48999786376953","103,13719940185547","30579500"
"2015-11-18T14:30:00.0000000+00:00","111,94000244140625","113,73999786376953","111,83000183105469","113,62999725341797","105,11683654785156","32966500"
"2015-11-19T14:30:00.0000000+00:00","113,69000244140625","114,2300033569336","113,48999786376953","113,70999908447266","105,19084167480469","26188100"
"2015-11-20T14:30:00.0000000+00:00","114,25","114,56999969482422","114,13999938964844","114,4800033569336","105,90316772460938","22727600"
"2015-11-23T14:30:00.0000000+00:00","114,5199966430664","114,94000244140625","113,66000366210938","114,1500015258789","105,59786987304688","20696200"
"2015-11-24T14:30:00.0000000+00:00","113,41000366210938","114,31999969482422","112,83999633789062","114,05000305175781","105,50537872314453","26374400"
"2015-11-25T14:30:00.0000000+00:00","114,22000122070312","114,36000061035156","113,91000366210938","114,1500015258789","105,59786987304688","14159900"
"2015-11-27T14:30:00.0000000+00:00","114,4000015258789","114,54000091552734","113,91999816894531","114,30999755859375","105,74589538574219","8828000"
"2015-11-30T14:30:00.0000000+00:00","114,6500015258789","114,6500015258789","113,6500015258789","114,0199966430664","105,4776382446289","25041600"
"2015-12-01T14:30:00.0000000+00:00","114,4800033569336","115,16000366210938","114,33999633789062","115,16000366210938","106,53221893310547","28639400"
"2015-12-02T14:30:00.0000000+00:00","115,25","115,75","114,27999877929688","114,44999694824219","105,87540435791016","22395500"
"2015-12-03T14:30:00.0000000+00:00","114,76000213623047","114,95999908447266","111,83999633789062","112,51000213623047","104,08073425292969","42754300"
"2015-12-04T14:30:00.0000000+00:00","112,8499984741211","115,33000183105469","112,62000274658203","115,13999938964844","106,51370239257812","40037300"
"2015-12-07T14:30:00.0000000+00:00","115,22000122070312","115,29000091552734","114,06999969482422","114,62000274658203","106,03266906738281","25892100"
"2015-12-08T14:30:00.0000000+00:00","113,41999816894531","115","113,37999725341797","114,62999725341797","106,04191589355469","30792600"
"2015-12-09T14:30:00.0000000+00:00","114,12999725341797","114,76000213623047","112,19999694824219","112,88999938964844","104,4322738647461","48509200"
"2015-12-10T14:30:00.0000000+00:00","113,1500015258789","114,16000366210938","112,80999755859375","113,4000015258789","104,9040756225586","30154600"
"2015-12-11T14:30:00.0000000+00:00","112,08999633789062","112,38999938964844","110,72000122070312","110,79000091552734","102,48960876464844","56022200"
"2015-12-14T14:30:00.0000000+00:00","110,94000244140625","111,68000030517578","109,37999725341797","111,62999725341797","103,26667022705078","53098500"
"2015-12-15T14:30:00.0000000+00:00","112,66000366210938","113,27999877929688","112,16999816894531","112,30999755859375","103,89572143554688","48428000"
"2015-12-16T14:30:00.0000000+00:00","113,06999969482422","114,16999816894531","111,88999938964844","113,9800033569336","105,44062805175781","44944100"
"2015-12-17T14:30:00.0000000+00:00","114,4800033569336","114,4800033569336","112,30000305175781","112,31999969482422","103,90494537353516","45668800"
"2015-12-18T14:30:00.0000000+00:00","111,62999725341797","111,87999725341797","109,83000183105469","109,83000183105469","101,9118423461914","53746100"
"2015-12-21T14:30:00.0000000+00:00","110,87000274658203","111,06999969482422","110,05000305175781","111,05000305175781","103,04389190673828","26432800"
"2015-12-22T14:30:00.0000000+00:00","111,63999938964844","111,94000244140625","111,05000305175781","111,77999877929688","103,72127532958984","26540300"
"2015-12-23T14:30:00.0000000+00:00","112,36000061035156","112,69000244140625","112,16000366210938","112,61000061035156","104,49142456054688","25656900"
"2015-12-24T14:30:00.0000000+00:00","112,61000061035156","112,9000015258789","112,54000091552734","112,58999633789062","104,47285461425781","11468600"
"2015-12-28T14:30:00.0000000+00:00","112,31999969482422","112,55000305175781","111,51000213623047","112,52999877929688","104,41716766357422","19183600"
"2015-12-29T14:30:00.0000000+00:00","113,19999694824219","114,55000305175781","113,12999725341797","114,30000305175781","106,05958557128906","27725700"
"2015-12-30T14:30:00.0000000+00:00","114,19999694824219","114,23999786376953","113,25","113,2699966430664","105,10381317138672","19520100"
"2015-12-31T14:30:00.0000000+00:00","112,87000274658203","113,08000183105469","111,83999633789062","111,86000061035156","103,79548645019531","29886800"
"2016-01-04T14:30:00.0000000+00:00","109,44999694824219","109,5999984741211","108,12000274658203","109,5","101,60564422607422","50807600"
"2016-01-05T14:30:00.0000000+00:00","110,04000091552734","110,18000030517578","108,80000305175781","109,30999755859375","101,4293212890625","38795200"
"2016-01-06T14:30:00.0000000+00:00","107,41000366210938","108,88999938964844","107,41000366210938","108,26000213623047","100,45500946044922","41891100"
"2016-01-07T14:30:00.0000000+00:00","105,94999694824219","107,29000091552734","104,80999755859375","104,87000274658203","97,3094482421875","61386300"
"2016-01-08T14:30:00.0000000+00:00","105,62999725341797","106,29000091552734","103,9000015258789","104,01000213623047","96,51141357421875","69344000"
"2016-01-11T14:30:00.0000000+00:00","104,75","105,05999755859375","102,7300033569336","104,33000183105469","96,80834197998047","50024100"
"2016-01-12T14:30:00.0000000+00:00","105,33000183105469","106,08000183105469","104,08000183105469","105,54000091552734","97,93112182617188","46734200"
"2016-01-13T14:30:00.0000000+00:00","105,97000122070312","106,2300033569336","101,73999786376953","101,9000015258789","94,5535659790039","69870700"
"2016-01-14T14:30:00.0000000+00:00","102,30000305175781","104,9800033569336","100,66999816894531","104,06999969482422","96,56709289550781","78445700"
"2016-01-15T14:30:00.0000000+00:00","100,62000274658203","101,94000244140625","99,51000213623047","100,83999633789062","93,56998443603516","91443900"
"2016-01-19T14:30:00.0000000+00:00","102,20999908447266","102,37000274658203","99,87999725341797","101,05999755859375","93,77410888671875","56563800"
"2016-01-20T14:30:00.0000000+00:00","99,47000122070312","101,83000183105469","97,25","100,75","93,4864730834961","86675000"
"2016-01-21T14:30:00.0000000+00:00","101,18000030517578","102,3499984741211","99,81999969482422","100,8499984741211","93,57926940917969","61660100"
"2016-01-22T14:30:00.0000000+00:00","102,87999725341797","103,80999755859375","102,52999877929688","103,7699966430664","96,2887191772461","42229800"
"2016-01-25T14:30:00.0000000+00:00","103,4000015258789","103,98999786376953","102,13999938964844","102,2300033569336","94,8597412109375","38881500"
"2016-01-26T14:30:00.0000000+00:00","102,66000366210938","103,58999633789062","101,76000213623047","103,1500015258789","95,71343231201172","36143900"
"2016-01-27T14:30:00.0000000+00:00","102,55000305175781","102,98999786376953","100,1500015258789","100,58000183105469","93,32872009277344","54524700"
"2016-01-28T14:30:00.0000000+00:00","102,25","102,29000091552734","100,26000213623047","102","94,6463394165039","47641500"
"2016-01-29T14:30:00.0000000+00:00","101,97000122070312","104,16999816894531","101,94000244140625","104,12999725341797","96,62277221679688","54245100"
"2016-02-01T14:30:00.0000000+00:00","103,62999725341797","104,80000305175781","103,2300033569336","104,41000366210938","96,88260650634766","32750300"
"2016-02-02T14:30:00.0000000+00:00","103,93000030517578","103,97000122070312","101,83999633789062","102,1500015258789","94,78553771972656","44928100"
"2016-02-03T14:30:00.0000000+00:00","102,83000183105469","102,83000183105469","99,87999725341797","101,66000366210938","94,33087921142578","61572900"
"2016-02-04T14:30:00.0000000+00:00","101,38999938964844","102,45999908447266","100,44000244140625","101,6500015258789","94,32157135009766","49321600"
"2016-02-05T14:30:00.0000000+00:00","101,29000091552734","101,33000183105469","97,72000122070312","98,12000274658203","91,04607391357422","70749900"
"2016-02-08T14:30:00.0000000+00:00","96,29000091552734","97,05000305175781","94,83999633789062","96,62000274658203","89,65420532226562","91673100"
"2016-02-09T14:30:00.0000000+00:00","95,33000183105469","97,77999877929688","95,18000030517578","96,31999969482422","89,37582397460938","73778400"
"2016-02-10T14:30:00.0000000+00:00","97,43000030517578","98,69000244140625","96,62000274658203","96,69000244140625","89,71917724609375","59421700"
"2016-02-11T14:30:00.0000000+00:00","95,45999908447266","97,31999969482422","95,19000244140625","96,55000305175781","89,5892333984375","76839200"
"2016-02-12T14:30:00.0000000+00:00","97,63999938964844","98,12000274658203","96,7300033569336","98,0199966430664","90,95326232910156","49186500"
"2016-02-16T14:30:00.0000000+00:00","99,47000122070312","100,2300033569336","98,8499984741211","100,2300033569336","93,00393676757812","40565900"
"2016-02-17T14:30:00.0000000+00:00","100,95999908447266","102,63999938964844","100,69999694824219","102,5","95,11028289794922","41766500"
"2016-02-18T14:30:00.0000000+00:00","102,81999969482422","102,83999633789062","101,19999694824219","101,33000183105469","94,02465057373047","38991500"
"2016-02-19T14:30:00.0000000+00:00","100,83999633789062","101,94000244140625","100,62000274658203","101,62999725341797","94,30300903320312","28257900"
"2016-02-22T14:30:00.0000000+00:00","102,58000183105469","103,37999725341797","102,4800033569336","103,27999877929688","95,83406829833984","23979100"
"2016-02-23T14:30:00.0000000+00:00","102,68000030517578","102,95999908447266","101,51000213623047","101,58000183105469","94,2566146850586","29869700"
"2016-02-24T14:30:00.0000000+00:00","100,38999938964844","102,68000030517578","99,7699966430664","102,55000305175781","95,1567153930664","40739100"
"2016-02-25T14:30:00.0000000+00:00","102,76000213623047","103,55999755859375","101,83999633789062","103,55999755859375","96,09388732910156","29389300"
"2016-02-26T14:30:00.0000000+00:00","104,3499984741211","104,37000274658203","103,18000030517578","103,43000030517578","95,97325134277344","30925000"
"2016-02-29T14:30:00.0000000+00:00","103,33000183105469","104,0999984741211","102,5","102,5","95,11028289794922","27553900"
"2016-03-01T14:30:00.0000000+00:00","103,4800033569336","105,79000091552734","103,16000366210938","105,79000091552734","98,16311645507812","37699800"
"2016-03-02T14:30:00.0000000+00:00","105,66000366210938","105,8499984741211","105,01000213623047","105,83000183105469","98,20020294189453","29209800"
"2016-03-03T14:30:00.0000000+00:00","105,72000122070312","105,75","104,87000274658203","105,62999725341797","98,01461791992188","25474600"
"2016-03-04T14:30:00.0000000+00:00","105,75","106,3499984741211","104,97000122070312","105,66999816894531","98,05175018310547","31655400"
"2016-03-07T14:30:00.0000000+00:00","105,12999725341797","105,73999786376953","104,2699966430664","105,0199966430664","97,44859313964844","25861200"
"2016-03-08T14:30:00.0000000+00:00","104,30000305175781","105,20999908447266","103,97000122070312","104,1500015258789","96,64134216308594","28898500"
"2016-03-09T14:30:00.0000000+00:00","104,54000091552734","104,83999633789062","103,95999908447266","104,81999969482422","97,2630386352539","31047400"
"2016-03-10T14:30:00.0000000+00:00","105,26000213623047","105,86000061035156","103,30999755859375","104,66000366210938","97,11454772949219","44236100"
"2016-03-11T14:30:00.0000000+00:00","105,79000091552734","106,48999786376953","105,45999908447266","106,48999786376953","98,8126220703125","31454000"
"2016-03-14T13:30:00.0000000+00:00","106,08999633789062","106,91999816894531","106,05999755859375","106,66999816894531","98,97965240478516","25374900"
"2016-03-15T13:30:00.0000000+00:00","106,29000091552734","106,75","105,94999694824219","106,62999725341797","98,94253540039062","26524600"
"2016-03-16T13:30:00.0000000+00:00","106,37000274658203","107,86000061035156","106,33999633789062","107,58000183105469","99,82404327392578","31693100"
"2016-03-17T13:30:00.0000000+00:00","107,2699966430664","107,7699966430664","106,87000274658203","107,5199966430664","99,76837921142578","29623700"
"2016-03-18T13:30:00.0000000+00:00","107,45999908447266","107,63999938964844","106,80000305175781","107,37000274658203","99,92471313476562","37682300"
"2016-03-21T13:30:00.0000000+00:00","107,18000030517578","107,88999938964844","107,12000274658203","107,79000091552734","100,31560516357422","17288600"
"2016-03-22T13:30:00.0000000+00:00","107,18000030517578","108,37000274658203","107,16000366210938","108,12000274658203","100,62274169921875","18840300"
"2016-03-23T13:30:00.0000000+00:00","107,91000366210938","107,98999786376953","106,98999786376953","107,2300033569336","99,79444122314453","20912900"
"2016-03-24T13:30:00.0000000+00:00","106,70999908447266","107,29000091552734","106,52999877929688","107,26000213623047","99,82234191894531","19017300"
"2016-03-28T13:30:00.0000000+00:00","107,55999755859375","107,58000183105469","106,91999816894531","107,11000061035156","99,68276977539062","13892300"
"2016-03-29T13:30:00.0000000+00:00","106,91000366210938","108,9000015258789","106,7300033569336","108,83000183105469","101,28350830078125","29963900"
"2016-03-30T13:30:00.0000000+00:00","109,4800033569336","110,04000091552734","109,12999725341797","109,36000061035156","101,7767105102539","23807200"
"2016-03-31T13:30:00.0000000+00:00","109,27999877929688","109,69000244140625","109,02999877929688","109,19999694824219","101,62782287597656","21447200"
"2016-04-01T13:30:00.0000000+00:00","108,54000091552734","110,4000015258789","108,38999938964844","110,36000061035156","102,70738983154297","26389000"
"2016-04-04T13:30:00.0000000+00:00","110,36000061035156","110,44000244140625","109,68000030517578","109,94000244140625","102,31652069091797","17163000"
"2016-04-05T13:30:00.0000000+00:00","109,08999633789062","109,5","108,73999786376953","108,87999725341797","101,33000946044922","20107900"
"2016-04-06T13:30:00.0000000+00:00","108,98999786376953","110,70999908447266","108,98999786376953","110,66999816894531","102,99588775634766","25056000"
"2016-04-07T13:30:00.0000000+00:00","110,02999877929688","110,2300033569336","108,61000061035156","109,08000183105469","101,51616668701172","28567200"
"2016-04-08T13:30:00.0000000+00:00","109,76000213623047","110,0199966430664","108,62000274658203","109","101,44168853759766","22898000"
"2016-04-11T13:30:00.0000000+00:00","109,47000122070312","110,0199966430664","108,58999633789062","108,5999984741211","101,06945037841797","25772100"
"2016-04-12T13:30:00.0000000+00:00","108,68000030517578","109,72000122070312","108,0199966430664","109,51000213623047","101,9163589477539","28564100"
"2016-04-13T13:30:00.0000000+00:00","110,3499984741211","111,08000183105469","110,20999908447266","110,91000366210938","103,2192611694336","25356700"
"2016-04-14T13:30:00.0000000+00:00","110,93000030517578","111,33000183105469","110","110,91999816894531","103,22857666015625","17199700"
"2016-04-15T13:30:00.0000000+00:00","110,83000183105469","111,05999755859375","110,36000061035156","110,63999938964844","102,96798706054688","21353300"
"2016-04-18T13:30:00.0000000+00:00","110,31999969482422","111,2699966430664","110,25","111,2300033569336","103,5170669555664","17126100"
"2016-04-19T13:30:00.0000000+00:00","111,44000244140625","111,44000244140625","109,87999725341797","110,55000305175781","102,88423156738281","42481400"
"2016-04-20T13:30:00.0000000+00:00","110,55000305175781","111,1500015258789","110,16999816894531","110,63999938964844","102,96798706054688","18078300"
"2016-04-21T13:30:00.0000000+00:00","110,58000183105469","111,05000305175781","110,1500015258789","110,6500015258789","102,97728729248047","20216000"
"2016-04-22T13:30:00.0000000+00:00","109,20999908447266","109,72000122070312","108,12000274658203","108,9800033569336","101,4230728149414","39074000"
"2016-04-25T13:30:00.0000000+00:00","108,6500015258789","108,98999786376953","108,44999694824219","108,9800033569336","101,4230728149414","14351900"
"2016-04-26T13:30:00.0000000+00:00","109,20999908447266","109,38999938964844","108,12000274658203","108,44999694824219","100,92984771728516","19118300"
"2016-04-27T13:30:00.0000000+00:00","107,33999633789062","107,83000183105469","106,69000244140625","107,58000183105469","100,12015533447266","33059800"
"2016-04-28T13:30:00.0000000+00:00","107,69999694824219","108,33000183105469","106,06999969482422","106,27999877929688","98,91030883789062","29818200"
"2016-04-29T13:30:00.0000000+00:00","106,27999877929688","106,5","104,87999725341797","105,72000122070312","98,38916778564453","67502800"
"2016-05-02T13:30:00.0000000+00:00","105,98999786376953","106,87000274658203","105,55000305175781","106,72000122070312","99,31977844238281","24813800"
"2016-05-03T13:30:00.0000000+00:00","105,95999908447266","106,44000244140625","105,44999694824219","105,7300033569336","98,3984375","38569400"
"2016-05-04T13:30:00.0000000+00:00","105,08999633789062","105,4800033569336","104,79000091552734","105,05000305175781","97,76560974121094","27474500"
"2016-05-05T13:30:00.0000000+00:00","105,43000030517578","105,66000366210938","104,80999755859375","105,0199966430664","97,7376708984375","20788100"
"2016-05-06T13:30:00.0000000+00:00","104,5","105,5999984741211","104,4000015258789","105,58000183105469","98,25885009765625","30758500"
"2016-05-09T13:30:00.0000000+00:00","105,58999633789062","106,37000274658203","105,54000091552734","105,87999725341797","98,53804779052734","19289600"
"2016-05-10T13:30:00.0000000+00:00","106,26000213623047","107,37999725341797","106,06999969482422","107,33000183105469","99,88748931884766","21178900"
"2016-05-11T13:30:00.0000000+00:00","107,16999816894531","107,48999786376953","106,33000183105469","106,36000061035156","98,98477172851562","20966300"
"2016-05-12T13:30:00.0000000+00:00","106,61000061035156","106,73999786376953","105,13999938964844","105,88999938964844","98,5473403930664","29196300"
"2016-05-13T13:30:00.0000000+00:00","105,80000305175781","106,44999694824219","105,29000091552734","105,5","98,18441772460938","21059300"
"2016-05-16T13:30:00.0000000+00:00","105,66000366210938","107,20999908447266","105,55999755859375","106,81999969482422","99,41285705566406","18311900"
"2016-05-17T13:30:00.0000000+00:00","106,7300033569336","107,04000091552734","105,19999694824219","105,4800033569336","98,1657943725586","29932700"
"2016-05-18T13:30:00.0000000+00:00","105,23999786376953","106,43000030517578","105,04000091552734","105,86000061035156","98,51941680908203","27524400"
"2016-05-19T13:30:00.0000000+00:00","105,44999694824219","105,70999908447266","104,54000091552734","105,30999755859375","98,00759887695312","27334600"
"2016-05-20T13:30:00.0000000+00:00","105,7300033569336","106,9000015258789","105,66999816894531","106,47000122070312","99,08712768554688","29549600"
"2016-05-23T13:30:00.0000000+00:00","106,58999633789062","106,97000122070312","106,2300033569336","106,33000183105469","98,95684814453125","15729800"
"2016-05-24T13:30:00.0000000+00:00","106,91999816894531","108,58999633789062","106,88999938964844","108,45999908447266","100,93915557861328","29931300"
"2016-05-25T13:30:00.0000000+00:00","108,87000274658203","109,56999969482422","108,68000030517578","109,23999786376953","101,66505432128906","37951700"
"2016-05-26T13:30:00.0000000+00:00","109,3499984741211","109,69999694824219","109,08999633789062","109,55999755859375","101,9628677368164","21885900"
"2016-05-27T13:30:00.0000000+00:00","109,62999725341797","110,13999938964844","109,61000061035156","110,12999725341797","102,49334716796875","19870000"
"2016-05-31T13:30:00.0000000+00:00","110,27999877929688","110,51000213623047","109,77999877929688","110,33999633789062","102,68876647949219","24366100"
"2016-06-01T13:30:00.0000000+00:00","110","110,5999984741211","109,91000366210938","110,3499984741211","102,69811248779297","19571500"
"2016-06-02T13:30:00.0000000+00:00","110,12999725341797","110,58999633789062","109,52999877929688","110,58000183105469","102,91217803955078","15696600"
"2016-06-03T13:30:00.0000000+00:00","110,37000274658203","110,41999816894531","109,33999633789062","110,05999755859375","102,42819213867188","20269900"
"2016-06-06T13:30:00.0000000+00:00","110,26000213623047","110,75","110,06999969482422","110,45999908447266","102,80046844482422","12502400"
"2016-06-07T13:30:00.0000000+00:00","110,5199966430664","110,62999725341797","110,12999725341797","110,18000030517578","102,53987884521484","12184300"
"2016-06-08T13:30:00.0000000+00:00","110,37000274658203","110,5999984741211","109,95999908447266","110,37000274658203","102,71670532226562","14568700"
"2016-06-09T13:30:00.0000000+00:00","109,91999816894531","110,30999755859375","109,70999908447266","110,19000244140625","102,54916381835938","17571600"
"2016-06-10T13:30:00.0000000+00:00","109,19000244140625","109,4000015258789","108,55999755859375","108,94000244140625","101,3858871459961","32965000"
"2016-06-13T13:30:00.0000000+00:00","108,31999969482422","108,93000030517578","107,88999938964844","108,02999877929688","100,53894805908203","25154700"
"2016-06-14T13:30:00.0000000+00:00","107,73999786376953","108,41999816894531","107,23999786376953","108,02999877929688","100,53894805908203","24588500"
"2016-06-15T13:30:00.0000000+00:00","108,29000091552734","108,44000244140625","107,54000091552734","107,72000122070312","100,25044250488281","24605700"
"2016-06-16T13:30:00.0000000+00:00","107,19000244140625","108,13999938964844","106,5","108,04000091552734","100,54827117919922","32079900"
"2016-06-17T13:30:00.0000000+00:00","107,52999877929688","107,68000030517578","106,23999786376953","106,48999786376953","99,36972045898438","29208800"
"2016-06-20T13:30:00.0000000+00:00","107,7300033569336","108,23999786376953","107,08000183105469","107,16000366210938","99,99493408203125","20562800"
"2016-06-21T13:30:00.0000000+00:00","107,30000305175781","107,72000122070312","107,0999984741211","107,5","100,31219482421875","22804100"
"2016-06-22T13:30:00.0000000+00:00","107,55999755859375","108,19000244140625","107,1500015258789","107,23999786376953","100,069580078125","22724200"
"2016-06-23T13:30:00.0000000+00:00","108,06999969482422","108,79000091552734","107,62000274658203","108,7699966430664","101,49726867675781","18714200"
"2016-06-24T13:30:00.0000000+00:00","104,9000015258789","106,5","104,05999755859375","104,29000091552734","97,31683349609375","68012700"
"2016-06-27T13:30:00.0000000+00:00","103,5999984741211","103,5999984741211","101,75","102,22000122070312","95,3852310180664","48222600"
"2016-06-28T13:30:00.0000000+00:00","103,3499984741211","104,51000213623047","103,30000305175781","104,45999908447266","97,47543334960938","28260600"
"2016-06-29T13:30:00.0000000+00:00","105,27999877929688","106,52999877929688","105,2300033569336","106,30999755859375","99,20176696777344","31356700"
"2016-06-30T13:30:00.0000000+00:00","106,48999786376953","107,61000061035156","106,12999725341797","107,54000091552734","100,34952545166016","36300800"
"2016-07-01T13:30:00.0000000+00:00","107,48999786376953","108,4800033569336","107,44999694824219","108,08000183105469","100,85340118408203","19902800"
"2016-07-05T13:30:00.0000000+00:00","107,51000213623047","107,66000366210938","106,83999633789062","107,41999816894531","100,23751068115234","21167900"
"2016-07-06T13:30:00.0000000+00:00","106,91000366210938","108,3499984741211","106,56999969482422","108,30000305175781","101,0586929321289","24579300"
"2016-07-07T13:30:00.0000000+00:00","108,4000015258789","108,86000061035156","108,11000061035156","108,62000274658203","101,3572998046875","19161700"
"2016-07-08T13:30:00.0000000+00:00","109,19999694824219","110,36000061035156","109,0199966430664","110,30000305175781","102,92497253417969","29457900"
"2016-07-11T13:30:00.0000000+00:00","110,66999816894531","111,33999633789062","110,66000366210938","110,93000030517578","103,51282501220703","20218500"
"2016-07-12T13:30:00.0000000+00:00","111,61000061035156","111,79000091552734","111,33999633789062","111,48999786376953","104,03538513183594","21906100"
"2016-07-13T13:30:00.0000000+00:00","111,75","111,81999969482422","111,20999908447266","111,22000122070312","103,78347778320312","21107800"
"2016-07-14T13:30:00.0000000+00:00","111,95999908447266","112,19000244140625","111,69999694824219","111,9800033569336","104,49264526367188","20871000"
"2016-07-15T13:30:00.0000000+00:00","112,23999786376953","112,30000305175781","111,55000305175781","111,80000305175781","104,32466125488281","17999300"
"2016-07-18T13:30:00.0000000+00:00","111,87000274658203","112,73999786376953","111,8499984741211","112,54000091552734","105,01520538330078","20713900"
"2016-07-19T13:30:00.0000000+00:00","112,1500015258789","112,4800033569336","111,93000030517578","112,12999725341797","104,63258361816406","18936700"
"2016-07-20T13:30:00.0000000+00:00","112,73999786376953","113,6500015258789","112,5999984741211","113,44000244140625","105,85501098632812","24997900"
"2016-07-21T13:30:00.0000000+00:00","113,5199966430664","113,73999786376953","112,87000274658203","113,18000030517578","105,61238861083984","18885400"
"2016-07-22T13:30:00.0000000+00:00","113,26000213623047","113,77999877929688","112,91000366210938","113,6500015258789","106,05099487304688","20003400"
"2016-07-25T13:30:00.0000000+00:00","113,55999755859375","113,69000244140625","113,27999877929688","113,66000366210938","106,0603256225586","12968100"
"2016-07-26T13:30:00.0000000+00:00","113,62000274658203","114,19999694824219","113,22000122070312","113,79000091552734","106,18159484863281","21223800"
"2016-07-27T13:30:00.0000000+00:00","114,75","114,87999725341797","114,0999984741211","114,58000183105469","106,91878509521484","27646100"
"2016-07-28T13:30:00.0000000+00:00","114,76000213623047","115,11000061035156","114,4000015258789","114,9800033569336","107,2920150756836","16939700"
"2016-07-29T13:30:00.0000000+00:00","115,23999786376953","115,54000091552734","114,87000274658203","115,2300033569336","107,52531433105469","22385300"
"2016-08-01T13:30:00.0000000+00:00","115,30999755859375","116,12999725341797","115,16999816894531","115,83999633789062","108,09449768066406","13990100"
"2016-08-02T13:30:00.0000000+00:00","115,66999816894531","115,7699966430664","114,22000122070312","114,95999908447266","107,27339172363281","21278400"
"2016-08-03T13:30:00.0000000+00:00","114,87000274658203","115,3499984741211","114,80000305175781","115,33999633789062","107,62799072265625","15011300"
"2016-08-04T13:30:00.0000000+00:00","115,30000305175781","115,77999877929688","115,02999877929688","115,66999816894531","107,93592071533203","12835300"
"2016-08-05T13:30:00.0000000+00:00","116,26000213623047","117,04000091552734","116,12999725341797","116,77999877929688","108,97169494628906","23196600"
"2016-08-08T13:30:00.0000000+00:00","116,83999633789062","116,87000274658203","116,27999877929688","116,6500015258789","108,85040283203125","12358200"
"2016-08-09T13:30:00.0000000+00:00","116,73999786376953","117,29000091552734","116,66999816894531","116,91999816894531","109,10234069824219","13276500"
"2016-08-10T13:30:00.0000000+00:00","116,98999786376953","117,0199966430664","116,30999755859375","116,62000274658203","108,8223648071289","14688400"
"2016-08-11T13:30:00.0000000+00:00","117,0199966430664","117,37000274658203","116,77999877929688","117,12000274658203","109,28895568847656","12969800"
"2016-08-12T13:30:00.0000000+00:00","116,91999816894531","117,20999908447266","116,79000091552734","117,19999694824219","109,36360168457031","19379000"
"2016-08-15T13:30:00.0000000+00:00","117,3499984741211","117,97000122070312","117,30999755859375","117,69999694824219","109,8302001953125","11777800"
"2016-08-16T13:30:00.0000000+00:00","117,4800033569336","117,48999786376953","117,02999877929688","117,05000305175781","109,22364044189453","14161400"
"2016-08-17T13:30:00.0000000+00:00","117,08000183105469","117,30000305175781","116,43000030517578","117,26000213623047","109,41960906982422","15980300"
"2016-08-18T13:30:00.0000000+00:00","117,1500015258789","117,45999908447266","116,94999694824219","117,29000091552734","109,44759368896484","10036300"
"2016-08-19T13:30:00.0000000+00:00","117,08000183105469","117,5199966430664","116,76000213623047","117,26000213623047","109,41960906982422","18743000"
"2016-08-22T13:30:00.0000000+00:00","117,08999633789062","117,55000305175781","116,87000274658203","117,3499984741211","109,50359344482422","14500600"
"2016-08-23T13:30:00.0000000+00:00","117,80999755859375","118,01000213623047","117,51000213623047","117,55999755859375","109,69952392578125","11997900"
"2016-08-24T13:30:00.0000000+00:00","117,4800033569336","117,63999938964844","116,41000366210938","116,80000305175781","108,99037170410156","17728700"
"2016-08-25T13:30:00.0000000+00:00","116,5","116,97000122070312","116,36000061035156","116,61000061035156","108,81305694580078","24266300"
"2016-08-26T13:30:00.0000000+00:00","116,6500015258789","117,54000091552734","116,08000183105469","116,77999877929688","108,97169494628906","23896000"
"2016-08-29T13:30:00.0000000+00:00","116,80999755859375","117,25","116,79000091552734","116,94000244140625","109,12100219726562","11184900"
"2016-08-30T13:30:00.0000000+00:00","116,75","117,08999633789062","116,16000366210938","116,55999755859375","108,76639556884766","19843300"
"2016-08-31T13:30:00.0000000+00:00","116,37999725341797","116,55999755859375","115,94999694824219","116,44000244140625","108,65443420410156","16169800"
"2016-09-01T13:30:00.0000000+00:00","116,4800033569336","116,87999725341797","115,91000366210938","116,73999786376953","108,93434143066406","20944700"
"2016-09-02T13:30:00.0000000+00:00","117,31999969482422","117,55999755859375","116,68000030517578","117,12000274658203","109,28895568847656","18088200"
"2016-09-06T13:30:00.0000000+00:00","117,31999969482422","117,8499984741211","117,05999755859375","117,8499984741211","109,97012329101562","18525200"
"2016-09-07T13:30:00.0000000+00:00","117,95999908447266","118,12000274658203","117,47000122070312","117,91999816894531","110,03548431396484","17546900"
"2016-09-08T13:30:00.0000000+00:00","117,56999969482422","117,5999984741211","116,91999816894531","117,2300033569336","109,39160919189453","20125300"
"2016-09-09T13:30:00.0000000+00:00","116,25","116,51000213623047","114,26000213623047","114,27999877929688","106,63885498046875","50813300"
"2016-09-12T13:30:00.0000000+00:00","113,63999938964844","116,48999786376953","113,62999725341797","116,33000183105469","108,55180358886719","39646000"
"2016-09-13T13:30:00.0000000+00:00","115,75","116,08999633789062","114,7300033569336","115,29000091552734","107,5813217163086","45863900"
"2016-09-14T13:30:00.0000000+00:00","115,41000366210938","116,47000122070312","115,37999725341797","115,83999633789062","108,09449768066406","28221800"
"2016-09-15T13:30:00.0000000+00:00","115,87000274658203","117,81999969482422","115,86000061035156","117,63999938964844","109,7741928100586","38521400"
"2016-09-16T13:30:00.0000000+00:00","117,22000122070312","117,41000366210938","116,70999908447266","117,29000091552734","109,72180938720703","27596500"
"2016-09-19T13:30:00.0000000+00:00","117,58999633789062","117,94999694824219","116,55000305175781","116,77999877929688","109,24470520019531","16222900"
"2016-09-20T13:30:00.0000000+00:00","117,19999694824219","117,4800033569336","116,80000305175781","117","109,45051574707031","18078600"
"2016-09-21T13:30:00.0000000+00:00","117,5","118,31999969482422","116,80999755859375","118,1500015258789","110,52631378173828","31546800"
"2016-09-22T13:30:00.0000000+00:00","118,83999633789062","119,22000122070312","118,72000122070312","119,08999633789062","111,4056396484375","22614400"
"2016-09-23T13:30:00.0000000+00:00","119","119","118,16000366210938","118,33000183105469","110,6947250366211","22213400"
"2016-09-26T13:30:00.0000000+00:00","117,66000366210938","117,80000305175781","117,16999816894531","117,33999633789062","109,76856231689453","16403900"
"2016-09-27T13:30:00.0000000+00:00","117,26000213623047","118,55999755859375","117,1500015258789","118,5","110,85372161865234","20238400"
"2016-09-28T13:30:00.0000000+00:00","118,6500015258789","118,7699966430664","118,08999633789062","118,69999694824219","111,04083251953125","14794300"
"2016-09-29T13:30:00.0000000+00:00","118,5","118,72000122070312","117,33000183105469","117,83999633789062","110,23632049560547","27207500"
"2016-09-30T13:30:00.0000000+00:00","118,1500015258789","119,06999969482422","118,02999877929688","118,72000122070312","111,05953979492188","25543200"
"2016-10-03T13:30:00.0000000+00:00","118,56999969482422","118,69999694824219","118,08999633789062","118,55000305175781","110,90049743652344","19216400"
"2016-10-04T13:30:00.0000000+00:00","118,9000015258789","119,16000366210938","117,91999816894531","118,37000274658203","110,73210906982422","21239700"
"2016-10-05T13:30:00.0000000+00:00","118,72000122070312","119,16999816894531","118,66999816894531","118,79000091552734","111,12501525878906","14481300"
"2016-10-06T13:30:00.0000000+00:00","118,63999938964844","118,9800033569336","118,1500015258789","118,7300033569336","111,06890869140625","11987100"
"2016-10-07T13:30:00.0000000+00:00","118,83999633789062","119,01000213623047","117,88999938964844","118,47000122070312","110,82566833496094","19984200"
"2016-10-10T13:30:00.0000000+00:00","119,08000183105469","119,4800033569336","119,02999877929688","119,22000122070312","111,52725219726562","19687300"
"2016-10-11T13:30:00.0000000+00:00","119,12000274658203","119,13999938964844","117","117,5199966430664","109,93696594238281","27774400"
"2016-10-12T13:30:00.0000000+00:00","117,62999725341797","117,81999969482422","117,05999755859375","117,41999816894531","109,84342193603516","14267800"
"2016-10-13T13:30:00.0000000+00:00","116,62000274658203","117,31999969482422","115,94000244140625","117","109,45051574707031","22821000"
"2016-10-14T13:30:00.0000000+00:00","117,58000183105469","118,05000305175781","117,06999969482422","117,13999938964844","109,58149719238281","21313300"
"2016-10-17T13:30:00.0000000+00:00","117,04000091552734","117,30000305175781","116,66999816894531","116,81999969482422","109,28213500976562","14182700"
"2016-10-18T13:30:00.0000000+00:00","118,20999908447266","118,41000366210938","117,80000305175781","117,86000061035156","110,25499725341797","19276700"
"2016-10-19T13:30:00.0000000+00:00","117,7699966430664","118,0199966430664","117,63999938964844","117,8499984741211","110,24565124511719","13702900"
"2016-10-20T13:30:00.0000000+00:00","117,7300033569336","117,97000122070312","117,02999877929688","117,70999908447266","110,1147232055664","18132200"
"2016-10-21T13:30:00.0000000+00:00","117,80000305175781","118,22000122070312","117,41000366210938","118,1500015258789","110,52631378173828","15707800"
"2016-10-24T13:30:00.0000000+00:00","118,91000366210938","119,6500015258789","118,88999938964844","119,56999969482422","111,85468292236328","19143000"
"2016-10-25T13:30:00.0000000+00:00","119,63999938964844","119,66000366210938","119,01000213623047","119,19000244140625","111,49921417236328","20341800"
"2016-10-26T13:30:00.0000000+00:00","118,41999816894531","119,02999877929688","118,02999877929688","118,37999725341797","110,74146270751953","20463700"
"2016-10-27T13:30:00.0000000+00:00","118,88999938964844","118,98999786376953","117,66999816894531","117,83999633789062","110,23632049560547","19099800"
"2016-10-28T13:30:00.0000000+00:00","117,5","118,11000061035156","116,73999786376953","117,0999984741211","109,5440673828125","35369300"
"2016-10-31T13:30:00.0000000+00:00","117,52999877929688","117,52999877929688","116,93000030517578","116,98999786376953","109,44114685058594","18749400"
"2016-11-01T13:30:00.0000000+00:00","117,19000244140625","117,20999908447266","115,0999984741211","116,11000061035156","108,6179428100586","23498700"
"2016-11-02T13:30:00.0000000+00:00","116,02999877929688","116,30000305175781","114,88999938964844","115,18000030517578","107,74793243408203","26960100"
"2016-11-03T13:30:00.0000000+00:00","114,98999786376953","115,37000274658203","113,91999816894531","114,05000305175781","106,69086456298828","36205200"
"2016-11-04T13:30:00.0000000+00:00","113,7699966430664","114,54000091552734","113,44999694824219","113,6500015258789","106,31669616699219","26997500"
"2016-11-07T14:30:00.0000000+00:00","115,48999786376953","116,47000122070312","115,30000305175781","116,3499984741211","108,84244537353516","26591200"
"2016-11-08T14:30:00.0000000+00:00","116,2300033569336","117,63999938964844","115,95999908447266","117,11000061035156","109,55339813232422","20777900"
"2016-11-09T14:30:00.0000000+00:00","115,73999786376953","117,83999633789062","115,5999984741211","117,6500015258789","110,0585708618164","70234400"
"2016-11-10T14:30:00.0000000+00:00","118,22000122070312","118,37999725341797","114,19999694824219","115,75","108,28116607666016","72825400"
"2016-11-11T14:30:00.0000000+00:00","115,25","116,05000305175781","114,83999633789062","115,80000305175781","108,32794952392578","41115200"
"2016-11-14T14:30:00.0000000+00:00","115,83000183105469","115,94000244140625","114,02999877929688","114,62999725341797","107,23342895507812","35906000"
"2016-11-15T14:30:00.0000000+00:00","115,5","116,62000274658203","115,33000183105469","116,22000122070312","108,7208480834961","31796600"
"2016-11-16T14:30:00.0000000+00:00","115,66999816894531","116,98999786376953","115,66999816894531","116,91000366210938","109,36632537841797","16538100"
"2016-11-17T14:30:00.0000000+00:00","116,8499984741211","117,77999877929688","116,61000061035156","117,76000213623047","110,16149139404297","20598600"
"2016-11-18T14:30:00.0000000+00:00","117,9000015258789","118,0999984741211","117,20999908447266","117,31999969482422","109,7498779296875","16428700"
"2016-11-21T14:30:00.0000000+00:00","117,61000061035156","118,6500015258789","117,56999969482422","118,54000091552734","110,89115142822266","20268500"
"2016-11-22T14:30:00.0000000+00:00","119,01000213623047","119,19000244140625","118,61000061035156","118,9000015258789","111,22792053222656","18850600"
"2016-11-23T14:30:00.0000000+00:00","118,51000213623047","118,63999938964844","117,9000015258789","118,41999816894531","110,77888488769531","22926000"
"2016-11-25T14:30:00.0000000+00:00","118,55999755859375","118,8499984741211","118,41999816894531","118,80000305175781","111,13438415527344","7162800"
"2016-11-28T14:30:00.0000000+00:00","118,6500015258789","119,08000183105469","118,41000366210938","118,52999877929688","110,88179016113281","13479000"
"2016-11-29T14:30:00.0000000+00:00","118,63999938964844","119,51000213623047","118,30000305175781","118,94000244140625","111,26534271240234","18553000"
"2016-11-30T14:30:00.0000000+00:00","119,08999633789062","119,12999725341797","117,45999908447266","117,5","109,91825866699219","30405300"
"2016-12-01T14:30:00.0000000+00:00","117,45999908447266","117,47000122070312","115,29000091552734","115,47000122070312","108,01921844482422","39796600"
"2016-12-02T14:30:00.0000000+00:00","115,54000091552734","116,16000366210938","115,22000122070312","115,69999694824219","108,23436737060547","32876800"
"2016-12-05T14:30:00.0000000+00:00","116,30000305175781","117,05999755859375","115,7699966430664","116,5999984741211","109,07634735107422","21419700"
"2016-12-06T14:30:00.0000000+00:00","116,93000030517578","117,08000183105469","116,38999938964844","116,87999725341797","109,33824157714844","27293300"
"2016-12-07T14:30:00.0000000+00:00","116,63999938964844","118,51000213623047","116,29000091552734","118,36000061035156","110,72277069091797","26622400"
"2016-12-08T14:30:00.0000000+00:00","118,41000366210938","118,87000274658203","118,18000030517578","118,56999969482422","110,91920471191406","18578400"
"2016-12-09T14:30:00.0000000+00:00","119,01000213623047","119,54000091552734","119","119,5","111,78922271728516","21863100"
"2016-12-12T14:30:00.0000000+00:00","118,97000122070312","119,20999908447266","118,47000122070312","118,95999908447266","111,2840347290039","23259300"
"2016-12-13T14:30:00.0000000+00:00","119,31999969482422","121,11000061035156","119,31999969482422","120,45999908447266","112,6872787475586","54477900"
"2016-12-14T14:30:00.0000000+00:00","120,61000061035156","121","119,86000061035156","120,20999908447266","112,45340728759766","28746000"
"2016-12-15T14:30:00.0000000+00:00","120,37000274658203","121,11000061035156","120,08000183105469","120,4000015258789","112,63111877441406","22762300"
"2016-12-16T14:30:00.0000000+00:00","120,33999633789062","120,58000183105469","119,36000061035156","119,5999984741211","112,21358489990234","26283900"
"2016-12-19T14:30:00.0000000+00:00","119,72000122070312","120,83000183105469","119,55000305175781","120,08999633789062","112,67335510253906","21138700"
"2016-12-20T14:30:00.0000000+00:00","120,47000122070312","120,7699966430664","120,33000183105469","120,55000305175781","113,10494995117188","11461800"
"2016-12-21T14:30:00.0000000+00:00","120,5999984741211","120,68000030517578","120,19000244140625","120,45999908447266","113,02051544189453","7079300"
"2016-12-22T14:30:00.0000000+00:00","120,47000122070312","120,5","119,6500015258789","120,12000274658203","112,70150756835938","16645000"
"2016-12-23T14:30:00.0000000+00:00","119,91999816894531","120,25","119,80999755859375","120,19999694824219","112,77655792236328","9007500"
"2016-12-27T14:30:00.0000000+00:00","120,45999908447266","121,5199966430664","120,41000366210938","120,81999969482422","113,35826110839844","16110600"
"2016-12-28T14:30:00.0000000+00:00","121,08000183105469","121,19000244140625","119,80000305175781","119,87999725341797","112,47632598876953","17975200"
"2016-12-29T14:30:00.0000000+00:00","119,8499984741211","120,12999725341797","119,33000183105469","119,70999908447266","112,31684112548828","13267500"
"2016-12-30T14:30:00.0000000+00:00","119,94000244140625","119,94999694824219","118,13999938964844","118,4800033569336","111,16279602050781","41749000"
"2017-01-03T14:30:00.0000000+00:00","119,2699966430664","119,98999786376953","118,88999938964844","119,54000091552734","112,15731811523438","22307600"
"2017-01-04T14:30:00.0000000+00:00","119,66999816894531","120,41000366210938","119,66000366210938","120,19000244140625","112,76718139648438","19749100"
"2017-01-05T14:30:00.0000000+00:00","120,0999984741211","120,94999694824219","120,0999984741211","120,87000274658203","113,40518951416016","20644300"
"2017-01-06T14:30:00.0000000+00:00","121","122,25","120,69000244140625","121,93000030517578","114,39971160888672","24074300"
"2017-01-09T14:30:00.0000000+00:00","122,02999877929688","122,55000305175781","121,94999694824219","122,33000183105469","114,77497863769531","18909200"
"2017-01-10T14:30:00.0000000+00:00","122,37999725341797","122,97000122070312","122,0999984741211","122,5999984741211","115,02837371826172","16176600"
"2017-01-11T14:30:00.0000000+00:00","122,6500015258789","122,93000030517578","122,0199966430664","122,93000030517578","115,33795928955078","20686000"
"2017-01-12T14:30:00.0000000+00:00","122,48999786376953","122,81999969482422","121,5999984741211","122,73999786376953","115,15967559814453","19622500"
"2017-01-13T14:30:00.0000000+00:00","122,80000305175781","123,37000274658203","122,80000305175781","123,16000366210938","115,55376434326172","16930800"
"2017-01-17T14:30:00.0000000+00:00","122,83999633789062","123,02999877929688","122,43000030517578","122,79000091552734","115,20660400390625","14538500"
"2017-01-18T14:30:00.0000000+00:00","122,97000122070312","123,16000366210938","122,66000366210938","123,04000091552734","115,44116973876953","12499700"
"2017-01-19T14:30:00.0000000+00:00","123,22000122070312","123,6500015258789","122,72000122070312","122,9800033569336","115,3848648071289","12710700"
"2017-01-20T14:30:00.0000000+00:00","123,5199966430664","123,83000183105469","122,91999816894531","123,25","115,63817596435547","22091000"
"2017-01-23T14:30:00.0000000+00:00","123,16999816894531","123,52999877929688","122,56999969482422","123,3499984741211","115,73200988769531","17434200"
"2017-01-24T14:30:00.0000000+00:00","123,58999633789062","124,37000274658203","123,37999725341797","124,18000030517578","116,51075744628906","17640900"
"2017-01-25T14:30:00.0000000+00:00","124,95999908447266","125,45999908447266","124,8499984741211","125,43000030517578","117,68354034423828","15036200"
"2017-01-26T14:30:00.0000000+00:00","125,5999984741211","125,81999969482422","125,33999633789062","125,55999755859375","117,80551147460938","16052200"
"2017-01-27T14:30:00.0000000+00:00","125,83000183105469","125,91999816894531","125,38999938964844","125,80000305175781","118,03070831298828","15053000"
"2017-01-30T14:30:00.0000000+00:00","125,37999725341797","125,37999725341797","124,12999725341797","124,81999969482422","117,11124420166016","25006700"
"2017-01-31T14:30:00.0000000+00:00","124,37999725341797","124,5999984741211","123,8499984741211","124,56999969482422","116,87666320800781","19091100"
"2017-02-01T14:30:00.0000000+00:00","125,44999694824219","125,68000030517578","124,86000061035156","125,43000030517578","117,68354034423828","22861900"
"2017-02-02T14:30:00.0000000+00:00","125,20999908447266","125,69999694824219","124,86000061035156","125,31999969482422","117,58036804199219","15101400"
"2017-02-03T14:30:00.0000000+00:00","125,44999694824219","125,80999755859375","125,33000183105469","125,68000030517578","117,91813659667969","16957200"
"2017-02-06T14:30:00.0000000+00:00","125,47000122070312","125,8499984741211","125,3499984741211","125,83000183105469","118,0588607788086","11630100"
"2017-02-07T14:30:00.0000000+00:00","126,08999633789062","126,55000305175781","125,97000122070312","126,29000091552734","118,49044036865234","17541100"
"2017-02-08T14:30:00.0000000+00:00","126,12000274658203","126,68000030517578","125,87999725341797","126,5","118,6875","12569100"
"2017-02-09T14:30:00.0000000+00:00","126,62999725341797","127,23999786376953","126,55999755859375","126,95999908447266","119,11904907226562","17542700"
"2017-02-10T14:30:00.0000000+00:00","127,23999786376953","127,55999755859375","127,0199966430664","127,37999725341797","119,51311492919922","13915700"
"2017-02-13T14:30:00.0000000+00:00","127,7699966430664","128,25999450683594","127,72000122070312","128,10000610351562","120,18867492675781","19120200"
"2017-02-14T14:30:00.0000000+00:00","128,14999389648438","128,5399932861328","127,73999786376953","128,52999877929688","120,59213256835938","16333500"
"2017-02-15T14:30:00.0000000+00:00","128,44000244140625","129,35000610351562","128,3699951171875","129,2899932861328","121,30516052246094","17891400"
"2017-02-16T14:30:00.0000000+00:00","129,3699951171875","129,6300048828125","128,9199981689453","129,25","121,26761627197266","15098300"
"2017-02-17T14:30:00.0000000+00:00","129,05999755859375","129,82000732421875","129,0399932861328","129,80999755859375","121,79305267333984","15563700"
"2017-02-21T14:30:00.0000000+00:00","130,05999755859375","130,52999877929688","129,99000549316406","130,4499969482422","122,3935317993164","18479600"
"2017-02-22T14:30:00.0000000+00:00","130,3300018310547","130,58999633789062","130,11000061035156","130,5","122,4404525756836","12110900"
"2017-02-23T14:30:00.0000000+00:00","130,6999969482422","130,6999969482422","129,49000549316406","130,00999450683594","121,9806900024414","17489000"
"2017-02-24T14:30:00.0000000+00:00","129,4199981689453","130,25999450683594","129,3800048828125","130,25999450683594","122,21529388427734","18624500"
"2017-02-27T14:30:00.0000000+00:00","130,02000427246094","130,42999267578125","129,8000030517578","130,4199981689453","122,36538696289062","12008700"
"2017-02-28T14:30:00.0000000+00:00","130,38999938964844","130,4499969482422","129,66000366210938","130,02000427246094","121,99006652832031","16598600"
"2017-03-01T14:30:00.0000000+00:00","130,85000610351562","131,67999267578125","130,60000610351562","131,44000244140625","123,32239532470703","25813800"
"2017-03-02T14:30:00.0000000+00:00","131,41000366210938","131,42999267578125","130,6199951171875","130,77999877929688","122,703125","19951400"
"2017-03-03T14:30:00.0000000+00:00","130,69000244140625","131,05999755859375","130,33999633789062","131,02000427246094","122,9283218383789","13722700"
"2017-03-06T14:30:00.0000000+00:00","130,58999633789062","130,9499969482422","130,2100067138672","130,72999572753906","122,6562271118164","12026200"
"2017-03-07T14:30:00.0000000+00:00","130,47000122070312","131,0800018310547","130,27999877929688","130,50999450683594","122,44981384277344","15500900"
"2017-03-08T14:30:00.0000000+00:00","130,58999633789062","131,14999389648438","130,4600067138672","130,74000549316406","122,66561126708984","15776000"
"2017-03-09T14:30:00.0000000+00:00","130,7100067138672","131,02000427246094","130,13999938964844","130,83999633789062","122,75946807861328","20855300"
"2017-03-10T14:30:00.0000000+00:00","131,44000244140625","131,60000610351562","130,82000732421875","131,38999938964844","123,27546691894531","21922600"
"2017-03-13T13:30:00.0000000+00:00","131,33999633789062","131,63999938964844","131,27000427246094","131,61000061035156","123,48188781738281","10731600"
"2017-03-14T13:30:00.0000000+00:00","131,30999755859375","131,36000061035156","130,75999450683594","131,2899932861328","123,18165588378906","14019700"
"2017-03-15T13:30:00.0000000+00:00","131,55999755859375","132,41000366210938","131,13999938964844","132,10000610351562","123,9416275024414","22709100"
"2017-03-16T13:30:00.0000000+00:00","132,35000610351562","132,35000610351562","131,7100067138672","132,00999450683594","123,857177734375","18457300"
"2017-03-17T13:30:00.0000000+00:00","131,89999389648438","132,0399932861328","131,6199951171875","131,69000244140625","123,81394958496094","21234500"
"2017-03-20T13:30:00.0000000+00:00","131,64999389648438","132,11000061035156","131,4600067138672","131,80999755859375","123,9267578125","10105200"
"2017-03-21T13:30:00.0000000+00:00","132,30999755859375","132,42999267578125","129,72999572753906","129,80999755859375","122,0463638305664","35841900"
"2017-03-22T13:30:00.0000000+00:00","129,85000610351562","130,82000732421875","129,67999267578125","130,69000244140625","122,87372589111328","29177900"
"2017-03-23T13:30:00.0000000+00:00","130,52000427246094","130,8800048828125","130,13999938964844","130,36000061035156","122,56346893310547","20311700"
"2017-03-24T13:30:00.0000000+00:00","130,77999877929688","131,2899932861328","130,1300048828125","130,6300048828125","122,81734466552734","22967600"
"2017-03-27T13:30:00.0000000+00:00","129,6999969482422","131,07000732421875","129,39999389648438","130,83999633789062","123,01478576660156","18472400"
"2017-03-28T13:30:00.0000000+00:00","130,83999633789062","132,02999877929688","130,5500030517578","131,63999938964844","123,76691436767578","23721900"
"2017-03-29T13:30:00.0000000+00:00","131,72999572753906","132,3000030517578","131,58999633789062","132,25","124,34042358398438","13710000"
"2017-03-30T13:30:00.0000000+00:00","132,1999969482422","132,61000061035156","132,0800018310547","132,47000122070312","124,54728698730469","16092400"
"2017-03-31T13:30:00.0000000+00:00","132,27999877929688","132,74000549316406","132,1300048828125","132,3800048828125","124,46267700195312","19841400"
"2017-04-03T13:30:00.0000000+00:00","132,49000549316406","132,80999755859375","131,55999755859375","132,3000030517578","124,38745880126953","23700300"
"2017-04-04T13:30:00.0000000+00:00","131,9199981689453","132,52999877929688","131,8699951171875","132,50999450683594","124,58489227294922","13400000"
"2017-04-05T13:30:00.0000000+00:00","132,6999969482422","133,47999572753906","131,72000122070312","131,97000122070312","124,07718658447266","32011200"
"2017-04-06T13:30:00.0000000+00:00","132,10000610351562","132,38999938964844","131,6999969482422","132,0399932861328","124,14299011230469","18832200"
"2017-04-07T13:30:00.0000000+00:00","132","132,3699951171875","131,5","131,97000122070312","124,07718658447266","16743100"
"2017-04-10T13:30:00.0000000+00:00","132,10000610351562","132,57000732421875","131,66000366210938","132,02000427246094","124,12420654296875","15619300"
"2017-04-11T13:30:00.0000000+00:00","131,89999389648438","132,10000610351562","130,5","131,4499969482422","123,58828735351562","33778400"
"2017-04-12T13:30:00.0000000+00:00","131,42999267578125","131,5399932861328","130,77999877929688","130,9199981689453","123,09001159667969","15955200"
"2017-04-13T13:30:00.0000000+00:00","130,74000549316406","131,50999450683594","130,3800048828125","130,39999389648438","122,6010971069336","23683000"
"2017-04-17T13:30:00.0000000+00:00","130,77000427246094","131,5","130,72000122070312","131,47999572753906","123,61649322509766","13325500"
"2017-04-18T13:30:00.0000000+00:00","131,0399932861328","131,66000366210938","130,9499969482422","131,27999877929688","123,4284439086914","12841100"
"2017-04-19T13:30:00.0000000+00:00","131,85000610351562","132,2899932861328","131,30999755859375","131,49000549316406","123,62591552734375","17764800"
"2017-04-20T13:30:00.0000000+00:00","132,02000427246094","132,8800048828125","131,82000732421875","132,58999633789062","124,66015625","21977900"
"2017-04-21T13:30:00.0000000+00:00","132,7100067138672","132,75999450683594","132,22000122070312","132,55999755859375","124,63188934326172","22454900"
"2017-04-24T13:30:00.0000000+00:00","134,02999877929688","134,2899932861328","133,8000030517578","134,16000366210938","126,13623046875","22469900"
"2017-04-25T13:30:00.0000000+00:00","134,60000610351562","135,3699951171875","134,47999572753906","135,1300048828125","127,04822540283203","19384400"
"2017-04-26T13:30:00.0000000+00:00","135,17999267578125","135,50999450683594","134,86000061035156","134,94000244140625","126,86953735351562","25398500"
"2017-04-27T13:30:00.0000000+00:00","135,27000427246094","135,75","135,19000244140625","135,75","127,63108825683594","16136500"
"2017-04-28T13:30:00.0000000+00:00","136,2899932861328","136,33999633789062","135,77000427246094","135,99000549316406","127,85674285888672","22771900"
"2017-05-01T13:30:00.0000000+00:00","136,44000244140625","137,3800048828125","136,3800048828125","137,1999969482422","128,99441528320312","24815500"
"2017-05-02T13:30:00.0000000+00:00","137,3699951171875","137,49000549316406","137,02000427246094","137,42999267578125","129,21063232421875","18345100"
"2017-05-03T13:30:00.0000000+00:00","137,1199951171875","137,1699981689453","136,6199951171875","136,99000549316406","128,79696655273438","23827600"
"2017-05-04T13:30:00.0000000+00:00","136,97000122070312","137,42999267578125","136,55999755859375","137,0399932861328","128,84397888183594","14630100"
"2017-05-05T13:30:00.0000000+00:00","137,38999938964844","137,5399932861328","136,8800048828125","137,5399932861328","129,3140869140625","19330700"
"2017-05-08T13:30:00.0000000+00:00","137,61000061035156","137,83999633789062","137,3300018310547","137,83999633789062","129,5960693359375","13279900"
"2017-05-09T13:30:00.0000000+00:00","138,0500030517578","138,6300048828125","137,92999267578125","138,32000732421875","130,0474395751953","28426100"
"2017-05-10T13:30:00.0000000+00:00","138,39999389648438","138,4499969482422","137,91000366210938","138,39999389648438","130,1226348876953","20499400"
"2017-05-11T13:30:00.0000000+00:00","138,02000427246094","138,3300018310547","137,3800048828125","138,2899932861328","130,0192108154297","27232100"
"2017-05-12T13:30:00.0000000+00:00","138,35000610351562","138,6300048828125","138,22999572753906","138,60000610351562","130,3106689453125","19738600"
"2017-05-15T13:30:00.0000000+00:00","138,66000366210938","139,1199951171875","138,52999877929688","139,0399932861328","130,7243194580078","20481300"
"2017-05-16T13:30:00.0000000+00:00","139,39999389648438","139,63999938964844","138,99000549316406","139,6199951171875","131,26963806152344","21786000"
"2017-05-17T13:30:00.0000000+00:00","138,50999450683594","138,77000427246094","136,0500030517578","136,07000732421875","127,9319839477539","55642200"
"2017-05-18T13:30:00.0000000+00:00","136,02000427246094","137,72000122070312","135,8699951171875","137,25999450683594","129,0508270263672","41319900"
"2017-05-19T13:30:00.0000000+00:00","137,75","138,4199981689453","137,66000366210938","137,83999633789062","129,5960693359375","36730100"
"2017-05-22T13:30:00.0000000+00:00","138,14999389648438","139,07000732421875","138,10000610351562","139","130,686767578125","19509700"
"2017-05-23T13:30:00.0000000+00:00","139,41000366210938","139,4199981689453","138,77999877929688","139,13999938964844","130,81838989257812","19687500"
"2017-05-24T13:30:00.0000000+00:00","139,55999755859375","139,85000610351562","139,1699981689453","139,77999877929688","131,4201202392578","15891900"
"2017-05-25T13:30:00.0000000+00:00","140,30999755859375","141,3300018310547","140,00999450683594","140,97000122070312","132,53884887695312","23928600"
"2017-05-26T13:30:00.0000000+00:00","141","141,27999877929688","140,80999755859375","141,22000122070312","132,7739715576172","13851600"
"2017-05-30T13:30:00.0000000+00:00","141,14999389648438","141,50999450683594","141,05999755859375","141,33999633789062","132,88677978515625","20306400"
"2017-05-31T13:30:00.0000000+00:00","141,83999633789062","141,83999633789062","140,57000732421875","141,2899932861328","132,83973693847656","33229400"
"2017-06-01T13:30:00.0000000+00:00","141,5800018310547","141,89999389648438","140,97999572753906","141,83999633789062","133,3568572998047","20120700"
"2017-06-02T13:30:00.0000000+00:00","142,33999633789062","143,49000549316406","142,11000061035156","143,4600067138672","134,87998962402344","37222900"
"2017-06-05T13:30:00.0000000+00:00","143,4499969482422","143,67999267578125","143,22999572753906","143,42999267578125","134,85182189941406","15727500"
"2017-06-06T13:30:00.0000000+00:00","143,25999450683594","143,72999572753906","142,64999389648438","142,86000061035156","134,31590270996094","22393000"
"2017-06-07T13:30:00.0000000+00:00","143,25999450683594","143,5399932861328","142,60000610351562","143,4199981689453","134,8424072265625","18842400"
"2017-06-08T13:30:00.0000000+00:00","143,74000549316406","143,8000030517578","142,7899932861328","143,57000732421875","134,98341369628906","25417400"
"2017-06-09T13:30:00.0000000+00:00","143,74000549316406","143,89999389648438","138,11000061035156","139,97999572753906","131,60813903808594","109783700"
"2017-06-12T13:30:00.0000000+00:00","138,8000030517578","139,47999572753906","137,47000122070312","139,22999572753906","130,9029541015625","104454000"
"2017-06-13T13:30:00.0000000+00:00","140,00999450683594","140,55999755859375","139,27999877929688","140,36000061035156","131,9654083251953","51193000"
"2017-06-14T13:30:00.0000000+00:00","140,92999267578125","140,92999267578125","138,6199951171875","139,75","131,39187622070312","60093800"
"2017-06-15T13:30:00.0000000+00:00","138,33999633789062","139,27999877929688","137,49000549316406","139,1300048828125","130,8089599609375","55145200"
"2017-06-16T13:30:00.0000000+00:00","138,67999267578125","138,77999877929688","137,63999938964844","138,14999389648438","130,24142456054688","48087400"
"2017-06-19T13:30:00.0000000+00:00","139,49000549316406","140,58999633789062","139,27999877929688","140,4600067138672","132,41917419433594","39626500"
"2017-06-20T13:30:00.0000000+00:00","140,32000732421875","140,5","139,30999755859375","139,36000061035156","131,38214111328125","40935100"
"2017-06-21T13:30:00.0000000+00:00","139,67999267578125","140,80999755859375","139,58999633789062","140,74000549316406","132,68319702148438","35743400"
"2017-06-22T13:30:00.0000000+00:00","140,9600067138672","141,22000122070312","140,33999633789062","140,6999969482422","132,64547729492188","24099100"
"2017-06-23T13:30:00.0000000+00:00","140,5399932861328","141,4199981689453","140,14999389648438","141,24000549316406","133,15452575683594","21654300"
"2017-06-26T13:30:00.0000000+00:00","142,0500030517578","142,2899932861328","140,27000427246094","140,5800018310547","132,53233337402344","34411100"
"2017-06-27T13:30:00.0000000+00:00","140,0500030517578","140,22000122070312","138,02000427246094","138,02999877929688","130,12832641601562","65957800"
"2017-06-28T13:30:00.0000000+00:00","138,5399932861328","140,13999938964844","137,74000549316406","140,02000427246094","132,00439453125","57427200"
"2017-06-29T13:30:00.0000000+00:00","139,44000244140625","139,44000244140625","136,25","137,58999633789062","129,71348571777344","88769400"
"2017-06-30T13:30:00.0000000+00:00","137,97999572753906","138,6699981689453","137,19000244140625","137,63999938964844","129,76063537597656","68898300"
"2017-07-03T13:30:00.0000000+00:00","138,27000427246094","138,42999267578125","136,10000610351562","136,19000244140625","128,39366149902344","32797000"
"2017-07-05T13:30:00.0000000+00:00","136,6199951171875","137,89999389648438","136,16000366210938","137,52999877929688","129,65689086914062","42116600"
"2017-07-06T13:30:00.0000000+00:00","136,47999572753906","137,05999755859375","135,8000030517578","136,2899932861328","128,48788452148438","48430500"
"2017-07-07T13:30:00.0000000+00:00","136,75","138,1300048828125","136,74000549316406","137,75999450683594","129,87376403808594","36970400"
"2017-07-10T13:30:00.0000000+00:00","137,85000610351562","138,99000549316406","137,5","138,66000366210938","130,72225952148438","24853500"
"2017-07-11T13:30:00.0000000+00:00","138,4600067138672","139,22000122070312","137,94000244140625","139,0500030517578","131,0899200439453","31517700"
"2017-07-12T13:30:00.0000000+00:00","140,24000549316406","140,86000061035156","139,9600067138672","140,6999969482422","132,64547729492188","36045800"
"2017-07-13T13:30:00.0000000+00:00","140,8699951171875","141,35000610351562","140,60000610351562","141,00999450683594","132,937744140625","31073600"
"2017-07-14T13:30:00.0000000+00:00","141,63999938964844","142,3000030517578","141,19000244140625","142,1199951171875","133,9841766357422","34544800"
"2017-07-17T13:30:00.0000000+00:00","142,27000427246094","142,69000244140625","141,9199981689453","142,19000244140625","134,05010986328125","25343200"
"2017-07-18T13:30:00.0000000+00:00","142,08999633789062","143,1699981689453","141,63999938964844","143,13999938964844","134,94570922851562","25748500"
"2017-07-19T13:30:00.0000000+00:00","143,55999755859375","144,19000244140625","143,5","143,97999572753906","135,7376708984375","33752300"
"2017-07-20T13:30:00.0000000+00:00","144,35000610351562","144,44000244140625","143,52000427246094","144,1699981689453","135,91685485839844","36139400"
"2017-07-21T13:30:00.0000000+00:00","143,63999938964844","144,11000061035156","143,35000610351562","144,11000061035156","135,86021423339844","39697100"
"2017-07-24T13:30:00.0000000+00:00","144,08999633789062","144,8699951171875","143,9199981689453","144,77000427246094","136,48248291015625","26712700"
"2017-07-25T13:30:00.0000000+00:00","144,2899932861328","144,74000549316406","144,00999450683594","144,39999389648438","136,13363647460938","28120900"
"2017-07-26T13:30:00.0000000+00:00","144,75999450683594","144,9499969482422","144,52999877929688","144,8699951171875","136,57672119140625","18610600"
"2017-07-27T13:30:00.0000000+00:00","145,82000732421875","145,9600067138672","142,3000030517578","143,9600067138672","135,71885681152344","80665900"
"2017-07-28T13:30:00.0000000+00:00","143,10000610351562","144,0800018310547","142,8699951171875","143,83999633789062","135,60568237304688","38013200"
"2017-07-31T13:30:00.0000000+00:00","144,25","144,42999267578125","142,9199981689453","143,22999572753906","135,0306854248047","33848600"
"2017-08-01T13:30:00.0000000+00:00","143,72000122070312","143,75999450683594","143,1199951171875","143,55999755859375","135,3417510986328","20149400"
"2017-08-02T13:30:00.0000000+00:00","144,49000549316406","144,52000427246094","142,61000061035156","143,9499969482422","135,7094268798828","41769700"
"2017-08-03T13:30:00.0000000+00:00","144,08999633789062","144,1699981689453","143,1300048828125","143,38999938964844","135,1814422607422","27112800"
"2017-08-04T13:30:00.0000000+00:00","143,7100067138672","143,97000122070312","143,05999755859375","143,64999389648438","135,42654418945312","29472900"
"2017-08-07T13:30:00.0000000+00:00","143,91000366210938","144,55999755859375","143,7100067138672","144,55999755859375","136,28445434570312","17933900"
"2017-08-08T13:30:00.0000000+00:00","144,27999877929688","145,47000122070312","143,89999389648438","144,30999755859375","136,04879760742188","30810400"
"2017-08-09T13:30:00.0000000+00:00","143,1199951171875","144,19000244140625","142,7899932861328","144,1199951171875","135,8697052001953","36169500"
"2017-08-10T13:30:00.0000000+00:00","143,3000030517578","143,39999389648438","140,88999938964844","141,02999877929688","132,95654296875","63331700"
"2017-08-11T13:30:00.0000000+00:00","141,22000122070312","142,41000366210938","140,89999389648438","142,10000610351562","133,96531677246094","45862500"
"2017-08-14T13:30:00.0000000+00:00","143,22999572753906","144,14999389648438","143,19000244140625","143,92999267578125","135,69058227539062","34161000"
"2017-08-15T13:30:00.0000000+00:00","144,2899932861328","144,3000030517578","143,63999938964844","144,02999877929688","135,78485107421875","25509200"
"2017-08-16T13:30:00.0000000+00:00","144,38999938964844","144,9600067138672","143,8000030517578","144,27999877929688","136,02052307128906","31913000"
"2017-08-17T13:30:00.0000000+00:00","143,72000122070312","143,94000244140625","141,3300018310547","141,3300018310547","133,23939514160156","70191000"
"2017-08-18T13:30:00.0000000+00:00","141,41000366210938","142,1999969482422","140,64999389648438","141,22999572753906","133,1451416015625","60751900"
"2017-08-21T13:30:00.0000000+00:00","141,22000122070312","141,52999877929688","140,17999267578125","141,0500030517578","132,97543334960938","37111500"
"2017-08-22T13:30:00.0000000+00:00","141,80999755859375","143,35000610351562","141,75999450683594","143,1999969482422","135,00234985351562","36294200"
"2017-08-23T13:30:00.0000000+00:00","142,47999572753906","143,00999450683594","142,3800048828125","142,69000244140625","134,52151489257812","25702300"
"2017-08-24T13:30:00.0000000+00:00","143,00999450683594","143,1699981689453","141,47000122070312","142,27000427246094","134,12559509277344","38160800"
"2017-08-25T13:30:00.0000000+00:00","142,82000732421875","143,17999267578125","141,77999877929688","141,97000122070312","133,8427734375","26380400"
"2017-08-28T13:30:00.0000000+00:00","142,39999389648438","142,74000549316406","141,9499969482422","142,41000366210938","134,25758361816406","15362100"
"2017-08-29T13:30:00.0000000+00:00","141,19000244140625","143,2100067138672","141,05999755859375","142,97000122070312","134,78550720214844","24498300"
"2017-08-30T13:30:00.0000000+00:00","143,08999633789062","144,88999938964844","143","144,64999389648438","136,36932373046875","33642700"
"2017-08-31T13:30:00.0000000+00:00","145,05999755859375","146,2100067138672","144,97999572753906","146,1999969482422","137,83059692382812","38480700"
"2017-09-01T13:30:00.0000000+00:00","146,38999938964844","146,58999633789062","145,61000061035156","146","137,64205932617188","22293600"
"2017-09-05T13:30:00.0000000+00:00","145,57000732421875","145,8800048828125","143,60000610351562","144,69000244140625","136,4071044921875","44794300"
"2017-09-06T13:30:00.0000000+00:00","145,05999755859375","145,4600067138672","144,0800018310547","145,1300048828125","136,82179260253906","30722700"
"2017-09-07T13:30:00.0000000+00:00","145,39999389648438","145,83999633789062","144,94000244140625","145,47000122070312","137,14239501953125","22721100"
"2017-09-08T13:30:00.0000000+00:00","145,27999877929688","145,35000610351562","144,05999755859375","144,2100067138672","135,95458984375","27890100"
"2017-09-11T13:30:00.0000000+00:00","145,33999633789062","146,1199951171875","145,3000030517578","145,8699951171875","137,5194549560547","27126300"
"2017-09-12T13:30:00.0000000+00:00","146,27999877929688","146,41000366210938","145,52999877929688","146,22000122070312","137,8494415283203","30256700"
"2017-09-13T13:30:00.0000000+00:00","145,97000122070312","146,44000244140625","145,72999572753906","146,4199981689453","138,0380096435547","28450900"
"2017-09-14T13:30:00.0000000+00:00","145,85000610351562","146,2899932861328","145,47000122070312","145,55999755859375","137,2272186279297","35296400"
"2017-09-15T13:30:00.0000000+00:00","145,52999877929688","146,58999633789062","145,2899932861328","146,05999755859375","137,6986083984375","46422400"
"2017-09-18T13:30:00.0000000+00:00","145,91000366210938","146,3699951171875","145,11000061035156","145,5500030517578","137,51812744140625","24858200"
"2017-09-19T13:30:00.0000000+00:00","145,80999755859375","146,00999450683594","145,30999755859375","145,8000030517578","137,75437927246094","20871200"
"2017-09-20T13:30:00.0000000+00:00","145,75","145,91000366210938","144,22999572753906","145,35000610351562","137,32913208007812","34236200"
"2017-09-21T13:30:00.0000000+00:00","145,25","145,25999450683594","143,9499969482422","144,4600067138672","136,48831176757812","28841800"
"2017-09-22T13:30:00.0000000+00:00","144","144,52999877929688","143,85000610351562","144,32000732421875","136,35606384277344","21702400"
"2017-09-25T13:30:00.0000000+00:00","143,75","143,8300018310547","142,10000610351562","142,8000030517578","134,919921875","54947700"
"2017-09-26T13:30:00.0000000+00:00","143,52999877929688","143,8000030517578","142,6699981689453","143,1699981689453","135,2694854736328","29628800"
"2017-09-27T13:30:00.0000000+00:00","143,92999267578125","145","143,57000732421875","144,4600067138672","136,48831176757812","33249400"
"2017-09-28T13:30:00.0000000+00:00","144,11000061035156","144,55999755859375","143,77999877929688","144,41000366210938","136,4410400390625","24149400"
"2017-09-29T13:30:00.0000000+00:00","144,6999969482422","145,55999755859375","144,32000732421875","145,4499969482422","137,4236297607422","43102400"
"2017-10-02T13:30:00.0000000+00:00","145,6699981689453","146,1699981689453","144,92999267578125","145,5800018310547","137,54652404785156","27351300"
"2017-10-03T13:30:00.0000000+00:00","145,77000427246094","146,05999755859375","145,4499969482422","145,88999938964844","137,8394317626953","19715200"
"2017-10-04T13:30:00.0000000+00:00","145,61000061035156","146,33999633789062","145,47000122070312","146,02999877929688","137,97169494628906","26381100"
"2017-10-05T13:30:00.0000000+00:00","146,55999755859375","147,5399932861328","146,41000366210938","147,4600067138672","139,32276916503906","31562400"
"2017-10-06T13:30:00.0000000+00:00","146,9600067138672","147,66000366210938","146,9600067138672","147,66000366210938","139,51170349121094","23561100"
"2017-10-09T13:30:00.0000000+00:00","147,85000610351562","148,00999450683594","147,3000030517578","147,49000549316406","139,35110473632812","13704800"
"2017-10-10T13:30:00.0000000+00:00","147,99000549316406","148,13999938964844","146,9499969482422","147,60000610351562","139,4550323486328","19223100"
"2017-10-11T13:30:00.0000000+00:00","147,52999877929688","148,07000732421875","147,33999633789062","148,0399932861328","139,87071228027344","12439100"
"2017-10-12T13:30:00.0000000+00:00","147,82000732421875","148,35000610351562","147,6199951171875","147,77000427246094","139,61566162109375","14513500"
"2017-10-13T13:30:00.0000000+00:00","148,3699951171875","148,50999450683594","147,77999877929688","148,33999633789062","140,15420532226562","18409900"
"2017-10-16T13:30:00.0000000+00:00","148,7100067138672","148,88999938964844","148,38999938964844","148,85000610351562","140,6361083984375","21809400"
"2017-10-17T13:30:00.0000000+00:00","148,8000030517578","149,05999755859375","148,57000732421875","149,0399932861328","140,8155975341797","13138200"
"2017-10-18T13:30:00.0000000+00:00","149,19000244140625","149,2100067138672","148,63999938964844","148,86000061035156","140,6455078125","17218200"
"2017-10-19T13:30:00.0000000+00:00","147,99000549316406","148,3300018310547","147,27000427246094","148,30999755859375","140,12582397460938","27680300"
"2017-10-20T13:30:00.0000000+00:00","148,91000366210938","149,0399932861328","148,52999877929688","148,7100067138672","140,5038299560547","30173300"
"2017-10-23T13:30:00.0000000+00:00","149,02000427246094","149,02999877929688","147,52999877929688","147,74000549316406","139,58734130859375","29297100"
"2017-10-24T13:30:00.0000000+00:00","148,02999877929688","148,3000030517578","147,44000244140625","147,99000549316406","139,82354736328125","20289500"
"2017-10-25T13:30:00.0000000+00:00","147,6999969482422","148,17999267578125","146,3300018310547","147,42999267578125","139,29443359375","36179100"
"2017-10-26T13:30:00.0000000+00:00","147,33999633789062","147,7100067138672","146,9199981689453","146,9600067138672","138,85037231445312","28230200"
"2017-10-27T13:30:00.0000000+00:00","149,42999267578125","151,52000427246094","149,1999969482422","151,24000549316406","142,89422607421875","60165100"
"2017-10-30T13:30:00.0000000+00:00","151,1300048828125","152,19000244140625","150,99000549316406","151,5800018310547","143,21543884277344","31733400"
"2017-10-31T13:30:00.0000000+00:00","152,07000732421875","152,3699951171875","151,6300048828125","152,14999389648438","143,75393676757812","26319300"
"2017-11-01T13:30:00.0000000+00:00","152,75999450683594","152,8300018310547","151,5","152,10000610351562","143,70672607421875","29481600"
"2017-11-02T13:30:00.0000000+00:00","151,92999267578125","151,99000549316406","150,77000427246094","151,80999755859375","143,43270874023438","31017400"
"2017-11-03T13:30:00.0000000+00:00","152,36000061035156","153,2899932861328","151,83999633789062","153,27000427246094","144,8121337890625","26199200"
"2017-11-06T14:30:00.0000000+00:00","153,14999389648438","153,85000610351562","153,10000610351562","153,7899932861328","145,30345153808594","28693900"
"2017-11-07T14:30:00.0000000+00:00","153,6699981689453","154,0800018310547","153,33999633789062","153,8800048828125","145,3884735107422","21333100"
"2017-11-08T14:30:00.0000000+00:00","153,8000030517578","154,5399932861328","153,6199951171875","154,5","145,97425842285156","17373500"
"2017-11-09T14:30:00.0000000+00:00","153,22999572753906","153,77000427246094","152,11000061035156","153,69000244140625","145,20896911621094","40594500"
"2017-11-10T14:30:00.0000000+00:00","153,3300018310547","153,8000030517578","153,05999755859375","153,67999267578125","145,19949340820312","20150800"
"2017-11-13T14:30:00.0000000+00:00","153,10000610351562","154,07000732421875","153,10000610351562","153,8699951171875","145,37901306152344","12522400"
"2017-11-14T14:30:00.0000000+00:00","153,3300018310547","153,5","152,57000732421875","153,30999755859375","144,8498992919922","25173800"
"2017-11-15T14:30:00.0000000+00:00","152,64999389648438","153","151,77999877929688","152,58999633789062","144,16969299316406","24808000"
"2017-11-16T14:30:00.0000000+00:00","153,36000061035156","154,88999938964844","153,3300018310547","154,5399932861328","146,01210021972656","34790600"
"2017-11-17T14:30:00.0000000+00:00","154,5800018310547","154,69000244140625","153,8000030517578","153,9499969482422","145,4546356201172","28725800"
"2017-11-20T14:30:00.0000000+00:00","154,05999755859375","154,1999969482422","153,61000061035156","153,8300018310547","145,3412322998047","21143900"
"2017-11-21T14:30:00.0000000+00:00","154,55999755859375","155,57000732421875","154,49000549316406","155,5","146,9190673828125","20147800"
"2017-11-22T14:30:00.0000000+00:00","155,63999938964844","155,83999633789062","155,33999633789062","155,69000244140625","147,09860229492188","17299000"
"2017-11-24T14:30:00.0000000+00:00","155,85000610351562","156,30999755859375","155,75999450683594","156,25999450683594","147,6371307373047","8280600"
"2017-11-27T14:30:00.0000000+00:00","156,2100067138672","156,55999755859375","155,8300018310547","156,19000244140625","147,57102966308594","22653400"
"2017-11-28T14:30:00.0000000+00:00","156,5399932861328","156,69000244140625","155,6999969482422","156,58999633789062","147,9489288330078","25227300"
"2017-11-29T14:30:00.0000000+00:00","156,41000366210938","156,4499969482422","153,1199951171875","153,86000061035156","145,3695831298828","71986300"
"2017-11-30T14:30:00.0000000+00:00","154,50999450683594","155,4499969482422","154,14999389648438","155,14999389648438","146,58836364746094","56595500"
"2017-12-01T14:30:00.0000000+00:00","154,1999969482422","155,24000549316406","152,25999450683594","154,49000549316406","145,96481323242188","59015800"
"2017-12-04T14:30:00.0000000+00:00","155,4600067138672","155,6300048828125","152,55999755859375","152,7100067138672","144,2830810546875","51319100"
"2017-12-05T14:30:00.0000000+00:00","152,67999267578125","154,5500030517578","152,10000610351562","152,80999755859375","144,3775634765625","40604200"
"2017-12-06T14:30:00.0000000+00:00","152,24000549316406","153,74000549316406","152,05999755859375","153,5","145,02943420410156","28647800"
"2017-12-07T14:30:00.0000000+00:00","153,49000549316406","154,4600067138672","153,3300018310547","154,02000427246094","145,520751953125","32666200"
"2017-12-08T14:30:00.0000000+00:00","155,14999389648438","155,52999877929688","154,4600067138672","154,6999969482422","146,16323852539062","28081700"
"2017-12-11T14:30:00.0000000+00:00","154,77000427246094","155,9499969482422","154,75999450683594","155,89999389648438","147,29701232910156","20821500"
"2017-12-12T14:30:00.0000000+00:00","155,8300018310547","156,14999389648438","155,36000061035156","155,69000244140625","147,09860229492188","20310300"
"2017-12-13T14:30:00.0000000+00:00","156,32000732421875","156,49000549316406","155,75999450683594","155,99000549316406","147,3820343017578","24418500"
"2017-12-14T14:30:00.0000000+00:00","156,25999450683594","156,66000366210938","155,7100067138672","155,8800048828125","147,2781524658203","24594700"
"2017-12-15T14:30:00.0000000+00:00","156,49000549316406","157,82000732421875","156,22999572753906","157,64999389648438","148,9504852294922","49816200"
"2017-12-18T14:30:00.0000000+00:00","158,36000061035156","158,77000427246094","158,07000732421875","158,63999938964844","150,19927978515625","26844500"
"2017-12-19T14:30:00.0000000+00:00","158,33999633789062","158,5","157,25999450683594","157,6999969482422","149,3092803955078","31415000"
"2017-12-20T14:30:00.0000000+00:00","158,25","158,27999877929688","156,91000366210938","157,52999877929688","149,1483154296875","38972600"
"2017-12-21T14:30:00.0000000+00:00","157,75","158,25","157,3699951171875","157,5500030517578","149,16726684570312","18638700"
"2017-12-22T14:30:00.0000000+00:00","157,30999755859375","157,42999267578125","156,9499969482422","157,3699951171875","148,99684143066406","23330400"
"2017-12-26T14:30:00.0000000+00:00","156,49000549316406","156,72000122070312","155,9499969482422","156,52000427246094","148,1920623779297","21918700"
"2017-12-27T14:30:00.0000000+00:00","156,52999877929688","156,9600067138672","156,38999938964844","156,5399932861328","148,2109832763672","22388200"
"2017-12-28T14:30:00.0000000+00:00","157,0399932861328","157,07000732421875","156,5399932861328","156,72999572753906","148,39089965820312","25393800"
"2017-12-29T14:30:00.0000000+00:00","156,8699951171875","156,89999389648438","155,6999969482422","155,75999450683594","147,47250366210938","33186000"
"2018-01-02T14:30:00.0000000+00:00","156,55999755859375","158,52999877929688","156,1699981689453","158,49000549316406","150,0572509765625","32573300"
"2018-01-03T14:30:00.0000000+00:00","158,63999938964844","160,1699981689453","158,61000061035156","160,02999877929688","151,5153045654297","29383600"
"2018-01-04T14:30:00.0000000+00:00","160,5800018310547","160,7899932861328","160,0800018310547","160,30999755859375","151,78042602539062","24776100"
"2018-01-05T14:30:00.0000000+00:00","161,07000732421875","162,02999877929688","160,77000427246094","161,9199981689453","153,3047332763672","26992300"
"2018-01-08T14:30:00.0000000+00:00","161,9199981689453","162,6300048828125","161,86000061035156","162,5500030517578","153,9012451171875","23159100"
"2018-01-09T14:30:00.0000000+00:00","162,8699951171875","163,0399932861328","162,07000732421875","162,55999755859375","153,91067504882812","24782400"
"2018-01-10T14:30:00.0000000+00:00","161,83999633789062","162,2100067138672","161,1199951171875","162,17999267578125","153,5509033203125","34004000"
"2018-01-11T14:30:00.0000000+00:00","162,4600067138672","163,3000030517578","162,2100067138672","163,2899932861328","154,60182189941406","20473500"
"2018-01-12T14:30:00.0000000+00:00","163,14999389648438","164,66000366210938","162,94000244140625","164,49000549316406","155,7379913330078","37762700"
"2018-01-16T14:30:00.0000000+00:00","165,5800018310547","166,4199981689453","163,52999877929688","164,02000427246094","155,2930145263672","41231800"
"2018-01-17T14:30:00.0000000+00:00","164,8000030517578","166,0399932861328","164","165,7899932861328","156,96881103515625","33849900"
"2018-01-18T14:30:00.0000000+00:00","165,52999877929688","166,1999969482422","165,13999938964844","165,82000732421875","156,9972686767578","26432200"
"2018-01-19T14:30:00.0000000+00:00","166,30999755859375","166,61000061035156","165,5399932861328","166,33999633789062","157,48953247070312","38937600"
"2018-01-22T14:30:00.0000000+00:00","166,27999877929688","168,1199951171875","166,08999633789062","168,1199951171875","159,17481994628906","26081400"
"2018-01-23T14:30:00.0000000+00:00","168,63999938964844","169,66000366210938","168,55999755859375","169,50999450683594","160,4908905029297","37989700"
"2018-01-24T14:30:00.0000000+00:00","169,8699951171875","170,24000549316406","167,44000244140625","168,41000366210938","159,44943237304688","54287400"
"2018-01-25T14:30:00.0000000+00:00","169,57000732421875","169,6300048828125","167,80999755859375","168,35000610351562","159,39260864257812","28925000"
"2018-01-26T14:30:00.0000000+00:00","169,2899932861328","170,9499969482422","168,9600067138672","170,92999267578125","161,8353729248047","32038200"
"2018-01-29T14:30:00.0000000+00:00","170,57000732421875","170,91000366210938","169,74000549316406","170,10000610351562","161,0495147705078","37277800"
"2018-01-30T14:30:00.0000000+00:00","168,5500030517578","169,4199981689453","167,82000732421875","168,6999969482422","159,72401428222656","44987700"
"2018-01-31T14:30:00.0000000+00:00","169,64999389648438","169,99000549316406","168,33999633789062","169,39999389648438","160,38671875","42449200"
"2018-02-01T14:30:00.0000000+00:00","168,10000610351562","169,72999572753906","167,4199981689453","167,9600067138672","159,02337646484375","38037900"
"2018-02-02T14:30:00.0000000+00:00","167,3000030517578","167,6999969482422","164,47000122070312","164,61000061035156","155,85162353515625","68478100"
"2018-02-05T14:30:00.0000000+00:00","163,07000732421875","165,75","158","158,1199951171875","149,70692443847656","105372200"
"2018-02-06T14:30:00.0000000+00:00","155,80999755859375","162,50999450683594","155,10000610351562","162,30999755859375","153,67398071289062","118537900"
"2018-02-07T14:30:00.0000000+00:00","161,7899932861328","163,5500030517578","160,1999969482422","160,2100067138672","151,68572998046875","91028300"
"2018-02-08T14:30:00.0000000+00:00","160,6199951171875","160,8000030517578","153,4499969482422","153,4499969482422","145,2854461669922","94184800"
"2018-02-09T14:30:00.0000000+00:00","155,6199951171875","157,24000549316406","150,1300048828125","156,10000610351562","147,7943878173828","113836600"
"2018-02-12T14:30:00.0000000+00:00","157,6999969482422","159,9499969482422","156,4600067138672","158,8699951171875","150,4170379638672","63050600"
"2018-02-13T14:30:00.0000000+00:00","157,9600067138672","160,00999450683594","157,72000122070312","159,69000244140625","151,19337463378906","31785600"
"2018-02-14T14:30:00.0000000+00:00","158,75","162,92999267578125","158","162,67999267578125","154,0242462158203","52107400"
"2018-02-15T14:30:00.0000000+00:00","164,13999938964844","165,6999969482422","162,44000244140625","165,6999969482422","156,88365173339844","51633900"
"2018-02-16T14:30:00.0000000+00:00","165,16000366210938","166,75999450683594","164,67999267578125","164,9600067138672","156,18301391601562","62256300"
"2018-02-20T14:30:00.0000000+00:00","164,3800048828125","166,67999267578125","164,30999755859375","165,2899932861328","156,49545288085938","36785600"
"2018-02-21T14:30:00.0000000+00:00","166,10000610351562","167,72000122070312","164,72000122070312","164,82000732421875","156,05043029785156","41161800"
"2018-02-22T14:30:00.0000000+00:00","165,5399932861328","166,4199981689453","164,3800048828125","164,8000030517578","156,0315399169922","37074400"
"2018-02-23T14:30:00.0000000+00:00","166,1300048828125","168,1699981689453","165,4499969482422","168,1699981689453","159,22218322753906","50096900"
"2018-02-26T14:30:00.0000000+00:00","168,9600067138672","170,39999389648438","168,82000732421875","170,39999389648438","161,33352661132812","39266700"
"2018-02-27T14:30:00.0000000+00:00","170,4499969482422","170,72999572753906","168,2100067138672","168,2899932861328","159,33578491210938","42209900"
"2018-02-28T14:30:00.0000000+00:00","169,25","169,8000030517578","167,10000610351562","167,2100067138672","158,31326293945312","42936300"
"2018-03-01T14:30:00.0000000+00:00","167,3000030517578","168,07000732421875","163","164,47999572753906","155,72854614257812","76809900"
"2018-03-02T14:30:00.0000000+00:00","162,5","166,27999877929688","161,9600067138672","165,99000549316406","157,15817260742188","57445100"
"2018-03-05T14:30:00.0000000+00:00","165,2100067138672","168,25999450683594","164,58999633789062","167,8300018310547","158,9002685546875","38540200"
"2018-03-06T14:30:00.0000000+00:00","168,64999389648438","169,11000061035156","167,47999572753906","168,5399932861328","159,572509765625","29480900"
"2018-03-07T14:30:00.0000000+00:00","167,25","169,07000732421875","166,9600067138672","168,92999267578125","159,9417724609375","34609400"
"2018-03-08T14:30:00.0000000+00:00","169,6300048828125","169,97999572753906","168,9499969482422","169,86000061035156","160,82229614257812","25828400"
"2018-03-09T14:30:00.0000000+00:00","171,07000732421875","173,16000366210938","170,82000732421875","173,16000366210938","163,9467010498047","38310500"
"2018-03-12T13:30:00.0000000+00:00","173,6699981689453","174,47999572753906","173,27999877929688","174,0800018310547","164,81776428222656","37635000"
"2018-03-13T13:30:00.0000000+00:00","174,47999572753906","175,2100067138672","171,27000427246094","171,7100067138672","162,57383728027344","55638900"
"2018-03-14T13:30:00.0000000+00:00","172,61000061035156","172,74000549316406","170,92999267578125","171,67999267578125","162,5454559326172","40536400"
"2018-03-15T13:30:00.0000000+00:00","171,8000030517578","172,52999877929688","170,89999389648438","171,52999877929688","162,40342712402344","28810400"
"2018-03-16T13:30:00.0000000+00:00","171,82000732421875","172,1999969482422","170,94000244140625","171,02000427246094","161,92059326171875","31176700"
"2018-03-19T13:30:00.0000000+00:00","169,10000610351562","169,22000122070312","165,63999938964844","167,10000610351562","158,46580505371094","71395100"
"2018-03-20T13:30:00.0000000+00:00","167,1699981689453","168,0399932861328","166,61000061035156","167,64999389648438","158,9873809814453","34075700"
"2018-03-21T13:30:00.0000000+00:00","167,2100067138672","168,75999450683594","166,19000244140625","166,9199981689453","158,2950897216797","43863500"
"2018-03-22T13:30:00.0000000+00:00","164,61000061035156","165,77000427246094","162,58999633789062","162,8000030517578","154,38800048828125","66607300"
"2018-03-23T13:30:00.0000000+00:00","162,61000061035156","163,3000030517578","158,42999267578125","158,50999450683594","150,31964111328125","80110400"
"2018-03-26T13:30:00.0000000+00:00","161,72000122070312","164,60000610351562","159,16000366210938","164,39999389648438","155,9053192138672","57481500"
"2018-03-27T13:30:00.0000000+00:00","165,6199951171875","165,6199951171875","157,67999267578125","159,0800018310547","150,8602294921875","78889100"
"2018-03-28T13:30:00.0000000+00:00","158,1699981689453","159,77999877929688","156,0399932861328","157,25","149,12474060058594","89369700"
"2018-03-29T13:30:00.0000000+00:00","158,10000610351562","161,7100067138672","156,6300048828125","160,1300048828125","151,85597229003906","68692600"
"2018-04-02T13:30:00.0000000+00:00","158,99000549316406","159,74000549316406","153,8800048828125","155,50999450683594","147,4746551513672","85549400"
"2018-04-03T13:30:00.0000000+00:00","156,8699951171875","157,9199981689453","154,44000244140625","157,25999450683594","149,13424682617188","64090000"
"2018-04-04T13:30:00.0000000+00:00","154,22000122070312","160,22999572753906","154,0399932861328","159,74000549316406","151,486083984375","65768700"
"2018-04-05T13:30:00.0000000+00:00","161,3300018310547","161,5800018310547","159,47999572753906","160,64999389648438","152,34901428222656","43054900"
"2018-04-06T13:30:00.0000000+00:00","158,8800048828125","160,4600067138672","155,8800048828125","156,6300048828125","148,53680419921875","59870900"
"2018-04-09T13:30:00.0000000+00:00","157,97999572753906","160,8800048828125","157,4600067138672","157,72999572753906","149,5799560546875","41810400"
"2018-04-10T13:30:00.0000000+00:00","160,2100067138672","161,72999572753906","159,07000732421875","161,2100067138672","152,88015747070312","48296800"
"2018-04-11T13:30:00.0000000+00:00","160,1999969482422","162","160,10000610351562","160,27999877929688","151,99815368652344","41622100"
"2018-04-12T13:30:00.0000000+00:00","161,25","162,77000427246094","161,16000366210938","162,2100067138672","153,82846069335938","30467900"
"2018-04-13T13:30:00.0000000+00:00","163,02000427246094","163,25999450683594","160,6699981689453","161,3699951171875","153,0318603515625","44604900"
"2018-04-16T13:30:00.0000000+00:00","162,5","163,19000244140625","161,47999572753906","162,60000610351562","154,19834899902344","28180800"
"2018-04-17T13:30:00.0000000+00:00","164,24000549316406","166,4600067138672","163,91000366210938","166,10000610351562","157,51747131347656","35536100"
"2018-04-18T13:30:00.0000000+00:00","166,10000610351562","167","165,30999755859375","166,44000244140625","157,83990478515625","29573900"
"2018-04-19T13:30:00.0000000+00:00","165,60000610351562","165,99000549316406","164,33999633789062","164,91000366210938","156,38897705078125","34705700"
"2018-04-20T13:30:00.0000000+00:00","164,49000549316406","164,61000061035156","161,72999572753906","162,3000030517578","153,91380310058594","49197100"
"2018-04-23T13:30:00.0000000+00:00","163,08999633789062","163,72999572753906","161,02000427246094","161,88999938964844","153,5249786376953","33040600"
"2018-04-24T13:30:00.0000000+00:00","162,66000366210938","162,91000366210938","157,38999938964844","158,4600067138672","150,27218627929688","70256800"
"2018-04-25T13:30:00.0000000+00:00","158,74000549316406","159,30999755859375","156,47000122070312","158,64999389648438","150,45240783691406","52089300"
"2018-04-26T13:30:00.0000000+00:00","160,6999969482422","162,52999877929688","160,17999267578125","161,99000549316406","153,619873046875","43005500"
"2018-04-27T13:30:00.0000000+00:00","164,3699951171875","164,41000366210938","161,1699981689453","162,08999633789062","153,7146453857422","51043400"
"2018-04-30T13:30:00.0000000+00:00","162,47000122070312","163,47999572753906","160,5399932861328","160,94000244140625","152,6240997314453","35615300"
"2018-05-01T13:30:00.0000000+00:00","160,52000427246094","162,8000030517578","160,13999938964844","162,77999877929688","154,36900329589844","36513500"
"2018-05-02T13:30:00.0000000+00:00","163,05999755859375","163,57000732421875","161,6300048828125","161,82000732421875","153,45864868164062","38646800"
"2018-05-03T13:30:00.0000000+00:00","161","162,39999389648438","159,22000122070312","161,8000030517578","153,4396514892578","60337100"
"2018-05-04T13:30:00.0000000+00:00","161,10000610351562","165,25","160,97999572753906","164,8699951171875","156,35101318359375","41543200"
"2018-05-07T13:30:00.0000000+00:00","165,63999938964844","166,77999877929688","165,50999450683594","166,24000549316406","157,6501922607422","32500200"
"2018-05-08T13:30:00.0000000+00:00","165,88999938964844","166,42999267578125","164,86000061035156","166,07000732421875","157,48902893066406","26040200"
"2018-05-09T13:30:00.0000000+00:00","166,3699951171875","168","165,77999877929688","167,8800048828125","159,20547485351562","29122700"
"2018-05-10T13:30:00.0000000+00:00","168,4199981689453","169,74000549316406","168,2899932861328","169,6199951171875","160,8555908203125","27067600"
"2018-05-11T13:30:00.0000000+00:00","169,4199981689453","169,86000061035156","168,72000122070312","169,4600067138672","160,70384216308594","24688800"
"2018-05-14T13:30:00.0000000+00:00","169,85000610351562","170,82000732421875","169,47000122070312","169,75","160,97885131835938","21821700"
"2018-05-15T13:30:00.0000000+00:00","168,41000366210938","168,5","166,97999572753906","167,8699951171875","159,1959991455078","49361600"
"2018-05-16T13:30:00.0000000+00:00","168,08999633789062","169,3699951171875","168,00999450683594","168,97999572753906","160,2486572265625","22941200"
"2018-05-17T13:30:00.0000000+00:00","168,38999938964844","169,61000061035156","167,50999450683594","168,3300018310547","159,6322479248047","27480200"
"2018-05-18T13:30:00.0000000+00:00","167,67999267578125","168,25999450683594","167,2100067138672","167,4600067138672","158,80714416503906","26217900"
"2018-05-21T13:30:00.0000000+00:00","168,75999450683594","169,5","167,67999267578125","168,39999389648438","159,69863891601562","22954600"
"2018-05-22T13:30:00.0000000+00:00","169,1699981689453","169,4499969482422","167,8800048828125","168,17999267578125","159,48997497558594","19477700"
"2018-05-23T13:30:00.0000000+00:00","166,89999389648438","169,6199951171875","166,8800048828125","169,60000610351562","160,8366241455078","26557800"
"2018-05-24T13:30:00.0000000+00:00","169,5500030517578","169,85000610351562","167,83999633789062","169,5500030517578","160,7891845703125","27696500"
"2018-05-25T13:30:00.0000000+00:00","169,52999877929688","170,3300018310547","169,2100067138672","169,72000122070312","160,95042419433594","27460500"
"2018-05-29T13:30:00.0000000+00:00","168,9499969482422","169,9199981689453","167,9600067138672","168,97000122070312","160,2391815185547","41220500"
"2018-05-30T13:30:00.0000000+00:00","169,5800018310547","170,47999572753906","169,22000122070312","170,17999267578125","161,3866424560547","22665800"
"2018-05-31T13:30:00.0000000+00:00","170,17999267578125","171,1999969482422","169,6300048828125","170,07000732421875","161,28233337402344","35670900"
"2018-06-01T13:30:00.0000000+00:00","170,9199981689453","172,83999633789062","170,8699951171875","172,74000549316406","163,81442260742188","45543300"
"2018-06-04T13:30:00.0000000+00:00","173,17999267578125","174,33999633789062","173,07000732421875","174,3000030517578","165,2937774658203","20459600"
"2018-06-05T13:30:00.0000000+00:00","174,7100067138672","175,1300048828125","174,07000732421875","174,83999633789062","165,805908203125","24779300"
"2018-06-06T13:30:00.0000000+00:00","175,02000427246094","175,88999938964844","174,13999938964844","175,86000061035156","166,77317810058594","25036600"
"2018-06-07T13:30:00.0000000+00:00","175,88999938964844","175,92999267578125","173,5500030517578","174,42999267578125","165,4169921875","39600300"
"2018-06-08T13:30:00.0000000+00:00","173,61000061035156","174,8800048828125","173,17999267578125","174,44000244140625","165,42648315429688","31780300"
"2018-06-11T13:30:00.0000000+00:00","174,30999755859375","175,33999633789062","174,27999877929688","174,91000366210938","165,87228393554688","22319700"
"2018-06-12T13:30:00.0000000+00:00","175,14999389648438","176","174,9600067138672","175,8300018310547","166,74476623535156","22511800"
"2018-06-13T13:30:00.0000000+00:00","176,10000610351562","177,13999938964844","175,42999267578125","175,82000732421875","166,7352294921875","37858600"
"2018-06-14T13:30:00.0000000+00:00","176,6300048828125","177,88999938964844","176,5","177,60000610351562","168,42324829101562","35916000"
"2018-06-15T13:30:00.0000000+00:00","176,92999267578125","177,3300018310547","176,11000061035156","176,97999572753906","167,83529663085938","49615700"
"2018-06-18T13:30:00.0000000+00:00","175,49000549316406","176,64999389648438","174,94000244140625","176,5","167,73837280273438","31633200"
"2018-06-19T13:30:00.0000000+00:00","174,27000427246094","176,0399932861328","173,7100067138672","176","167,26319885253906","38236000"
"2018-06-20T13:30:00.0000000+00:00","176,80999755859375","177,97999572753906","176,64999389648438","177,25","168,45115661621094","33038000"
"2018-06-21T13:30:00.0000000+00:00","177,6999969482422","177,8800048828125","175,3699951171875","175,7100067138672","166,98756408691406","43469400"
"2018-06-22T13:30:00.0000000+00:00","176,3000030517578","176,3699951171875","174,69000244140625","175,32000732421875","166,61692810058594","30073200"
"2018-06-25T13:30:00.0000000+00:00","173,72999572753906","173,99000549316406","169,80999755859375","171,3699951171875","162,8629913330078","77799700"
"2018-06-26T13:30:00.0000000+00:00","172","173,05999755859375","171,3699951171875","172,07000732421875","163,5282745361328","39008100"
"2018-06-27T13:30:00.0000000+00:00","172,8000030517578","173,5800018310547","169,61000061035156","169,72999572753906","161,3044891357422","52843500"
"2018-06-28T13:30:00.0000000+00:00","169,52000427246094","171,77000427246094","169,1699981689453","171,19000244140625","162,69195556640625","46407700"
"2018-06-29T13:30:00.0000000+00:00","172,00999450683594","172,9199981689453","171,39999389648438","171,64999389648438","163,1291046142578","36408500"
"2018-07-02T13:30:00.0000000+00:00","170,0399932861328","172,85000610351562","169,6699981689453","172,8000030517578","164,22201538085938","31770000"
"2018-07-03T13:30:00.0000000+00:00","173,4499969482422","173,4499969482422","170,6300048828125","170,8000030517578","162,32130432128906","25512700"
"2018-07-05T13:30:00.0000000+00:00","171,91000366210938","173,05999755859375","171,02999877929688","172,9199981689453","164,33607482910156","31626200"
"2018-07-06T13:30:00.0000000+00:00","173,32000732421875","175,74000549316406","173","175,61000061035156","166,8925323486328","37005600"
"2018-07-09T13:30:00.0000000+00:00","176,52000427246094","177,22999572753906","175,82000732421875","177,19000244140625","168,3940887451172","27362100"
"2018-07-10T13:30:00.0000000+00:00","177,52000427246094","177,72000122070312","176,7100067138672","177,32000732421875","168,51763916015625","23902500"
"2018-07-11T13:30:00.0000000+00:00","175,92999267578125","177,07000732421875","175,8000030517578","176,4199981689453","167,6623077392578","30280600"
"2018-07-12T13:30:00.0000000+00:00","177,1999969482422","179,4600067138672","177,0800018310547","179,4600067138672","170,55145263671875","27930100"
"2018-07-13T13:30:00.0000000+00:00","179,4499969482422","179,89999389648438","178,9499969482422","179,61000061035156","170,69400024414062","28049800"
"2018-07-16T13:30:00.0000000+00:00","179,64999389648438","179,9499969482422","178,8800048828125","179,17999267578125","170,2853240966797","21405300"
"2018-07-17T13:30:00.0000000+00:00","177,27999877929688","180,64999389648438","177,27999877929688","180,27000427246094","171,3212127685547","31034100"
"2018-07-18T13:30:00.0000000+00:00","180,2899932861328","180,44000244140625","179,3800048828125","179,92999267578125","170,9980926513672","23220800"
"2018-07-19T13:30:00.0000000+00:00","179,27999877929688","179,8800048828125","178,82000732421875","179,02999877929688","170,1427459716797","31094100"
"2018-07-20T13:30:00.0000000+00:00","179,57000732421875","180,1699981689453","178,7899932861328","178,99000549316406","170,10472106933594","35897300"
"2018-07-23T13:30:00.0000000+00:00","178,4600067138672","179,63999938964844","177,74000549316406","179,55999755859375","170,64646911621094","22184700"
"2018-07-24T13:30:00.0000000+00:00","181,41000366210938","182,0500030517578","179,55999755859375","180,3000030517578","171,34974670410156","36900300"
"2018-07-25T13:30:00.0000000+00:00","180,3800048828125","182,92999267578125","180,2899932861328","182,82000732421875","173,74461364746094","35026600"
"2018-07-26T13:30:00.0000000+00:00","180,33999633789062","180,9199981689453","179,80999755859375","180,0500030517578","171,11209106445312","40873500"
"2018-07-27T13:30:00.0000000+00:00","181,19000244140625","181,30999755859375","176,60000610351562","177,6199951171875","168,802734375","59456100"
"2018-07-30T13:30:00.0000000+00:00","177,6300048828125","177,72999572753906","174,27000427246094","175,11000061035156","166,41732788085938","60193000"
"2018-07-31T13:30:00.0000000+00:00","175,8000030517578","177,1300048828125","174,82000732421875","176,4499969482422","167,69085693359375","47285100"
"2018-08-01T13:30:00.0000000+00:00","176,86000061035156","177,64999389648438","176,10000610351562","177,1199951171875","168,32752990722656","37101900"
"2018-08-02T13:30:00.0000000+00:00","175,8699951171875","179,74000549316406","175,7899932861328","179,52999877929688","170,617919921875","47178200"
"2018-08-03T13:30:00.0000000+00:00","179,8699951171875","180,08999633789062","179,0800018310547","180,0800018310547","171,14065551757812","28934400"
"2018-08-06T13:30:00.0000000+00:00","179,9600067138672","181,19000244140625","179,74000549316406","181,13999938964844","172,1479949951172","24808800"
"2018-08-07T13:30:00.0000000+00:00","181,64999389648438","182,13999938964844","181,25999450683594","181,8000030517578","172,77528381347656","29895700"
"2018-08-08T13:30:00.0000000+00:00","181,5500030517578","182,35000610351562","181,05999755859375","182,02000427246094","172,98431396484375","22680700"
"2018-08-09T13:30:00.0000000+00:00","181,91000366210938","182,6300048828125","181,63999938964844","181,91000366210938","172,87977600097656","18852900"
"2018-08-10T13:30:00.0000000+00:00","180,67999267578125","181,22000122070312","179,83999633789062","180,52000427246094","171,55885314941406","33818500"
"2018-08-13T13:30:00.0000000+00:00","180,85000610351562","182,00999450683594","180,24000549316406","180,32000732421875","171,3686981201172","26089200"
"2018-08-14T13:30:00.0000000+00:00","181,00999450683594","181,66000366210938","180,0399932861328","181,4499969482422","172,44265747070312","20913000"
"2018-08-15T13:30:00.0000000+00:00","180,00999450683594","180,5800018310547","178,1199951171875","179,22999572753906","170,33282470703125","58528000"
"2018-08-16T13:30:00.0000000+00:00","180,61000061035156","180,99000549316406","179,47000122070312","179,82000732421875","170,89358520507812","27711800"
"2018-08-17T13:30:00.0000000+00:00","179,35000610351562","180,30999755859375","178,27000427246094","179,86000061035156","170,9315643310547","36092600"
"2018-08-20T13:30:00.0000000+00:00","180,25999450683594","180,3300018310547","179","179,6999969482422","170,77944946289062","24939000"
"2018-08-21T13:30:00.0000000+00:00","180,24000549316406","181,44000244140625","180,1300048828125","180,36000061035156","171,40672302246094","26258700"
"2018-08-22T13:30:00.0000000+00:00","179,97999572753906","181,27000427246094","179,75","181,05999755859375","172,0719757080078","18042400"
"2018-08-23T13:30:00.0000000+00:00","180,74000549316406","182,0500030517578","180,5","180,8000030517578","171,82493591308594","25776200"
"2018-08-24T13:30:00.0000000+00:00","181,39999389648438","182,6300048828125","181,36000061035156","182,47999572753906","173,4215087890625","23136100"
"2018-08-27T13:30:00.0000000+00:00","183,39999389648438","184,33999633789062","183,11000061035156","184,33999633789062","175,1891326904297","29343600"
"2018-08-28T13:30:00.0000000+00:00","184,8300018310547","185,02000427246094","184,22000122070312","184,61000061035156","175,44577026367188","20277000"
"2018-08-29T13:30:00.0000000+00:00","184,92999267578125","186,83999633789062","184,86000061035156","186,74000549316406","177,4700164794922","29175600"
"2018-08-30T13:30:00.0000000+00:00","186,3800048828125","187,52000427246094","185,7899932861328","186,41000366210938","177,15638732910156","29315500"
"2018-08-31T13:30:00.0000000+00:00","186,17999267578125","187,17999267578125","185,97999572753906","186,64999389648438","177,384521484375","28653200"
"2018-09-04T13:30:00.0000000+00:00","186,0800018310547","186,39999389648438","184,85000610351562","185,85000610351562","176,62425231933594","29063500"
"2018-09-05T13:30:00.0000000+00:00","185,52000427246094","185,5500030517578","182,82000732421875","183,4499969482422","174,34335327148438","42623300"
"2018-09-06T13:30:00.0000000+00:00","183,52999877929688","183,75","180,5800018310547","181,80999755859375","172,78475952148438","46091400"
"2018-09-07T13:30:00.0000000+00:00","180,5","182,6699981689453","180,44000244140625","181,11000061035156","172,11949157714844","46629500"
"2018-09-10T13:30:00.0000000+00:00","182,14999389648438","182,25","180,72999572753906","181,72000122070312","172,69923400878906","26132000"
"2018-09-11T13:30:00.0000000+00:00","180,99000549316406","183,4199981689453","180,52000427246094","183,1199951171875","174,02967834472656","30116500"
"2018-09-12T13:30:00.0000000+00:00","182,85000610351562","182,97999572753906","181,00999450683594","182,5800018310547","173,51654052734375","36204000"
"2018-09-13T13:30:00.0000000+00:00","183,72000122070312","184,8800048828125","183,63999938964844","184,52999877929688","175,36972045898438","31133200"
"2018-09-14T13:30:00.0000000+00:00","184,66000366210938","184,9499969482422","183,25999450683594","183,99000549316406","174,8565673828125","31224100"
"2018-09-17T13:30:00.0000000+00:00","183,67999267578125","183,80999755859375","181,1699981689453","181,33999633789062","172,33810424804688","33071200"
"2018-09-18T13:30:00.0000000+00:00","181,49000549316406","183,72999572753906","181,39999389648438","182,83999633789062","173,7636260986328","31877300"
"2018-09-19T13:30:00.0000000+00:00","182,8699951171875","183,3000030517578","181,50999450683594","182,6999969482422","173,6305694580078","31843400"
"2018-09-20T13:30:00.0000000+00:00","183,9600067138672","184,97000122070312","183,52000427246094","184,72000122070312","175,55030822753906","33295800"
"2018-09-21T13:30:00.0000000+00:00","185,22000122070312","185,47999572753906","183,47999572753906","183,7100067138672","174,5904541015625","38605400"
"2018-09-24T13:30:00.0000000+00:00","182,0500030517578","183,9600067138672","181,3000030517578","183,88999938964844","175,07598876953125","34945600"
"2018-09-25T13:30:00.0000000+00:00","183,80999755859375","184,27999877929688","183,17999267578125","184,13999938964844","175,31398010253906","25277500"
"2018-09-26T13:30:00.0000000+00:00","184,3000030517578","185,99000549316406","183,91000366210938","184,27000427246094","175,43775939941406","36210600"
"2018-09-27T13:30:00.0000000+00:00","185,02000427246094","186,49000549316406","184,9199981689453","185,8300018310547","176,9230194091797","33113300"
"2018-09-28T13:30:00.0000000+00:00","185,30999755859375","186,27999877929688","184,97000122070312","185,7899932861328","176,8849334716797","28076800"
"2018-10-01T13:30:00.0000000+00:00","186,8699951171875","187,52999877929688","185,6999969482422","186,1699981689453","177,24673461914062","27371300"
"2018-10-02T13:30:00.0000000+00:00","186,00999450683594","187,17999267578125","185,32000732421875","185,75","176,84683227539062","25618600"
"2018-10-03T13:30:00.0000000+00:00","186,52999877929688","186,97000122070312","185,66000366210938","185,9499969482422","177,03724670410156","29128700"
"2018-10-04T13:30:00.0000000+00:00","185,1999969482422","185,32000732421875","181,05999755859375","182,3800048828125","173,63836669921875","80557300"
"2018-10-05T13:30:00.0000000+00:00","182,36000061035156","182,97000122070312","178,42999267578125","180,14999389648438","171,5152587890625","83325600"
"2018-10-08T13:30:00.0000000+00:00","179,52000427246094","180,63999938964844","176,92999267578125","179,0500030517578","170,468017578125","66864500"
"2018-10-09T13:30:00.0000000+00:00","179,17999267578125","181,02000427246094","178,75","179,6300048828125","171,02020263671875","49097900"
"2018-10-10T13:30:00.0000000+00:00","178,50999450683594","178,6199951171875","171,5","171,72999572753906","163,4988250732422","114471100"
"2018-10-11T13:30:00.0000000+00:00","171,02000427246094","173,39999389648438","167,80999755859375","169,60000610351562","161,47088623046875","143084500"
"2018-10-12T13:30:00.0000000+00:00","174,1699981689453","174,86000061035156","170,92999267578125","174,32000732421875","165,9647216796875","102078400"
"2018-10-15T13:30:00.0000000+00:00","173,7100067138672","174,0399932861328","171,55999755859375","172,2100067138672","163,9558563232422","64885300"
"2018-10-16T13:30:00.0000000+00:00","174,02000427246094","177,64999389648438","173,6999969482422","177,22000122070312","168,72572326660156","71979700"
"2018-10-17T13:30:00.0000000+00:00","178,0800018310547","178,25999450683594","175,47000122070312","177,2899932861328","168,7923583984375","66987600"
"2018-10-18T13:30:00.0000000+00:00","176,6199951171875","176,67999267578125","172,44000244140625","173,17999267578125","164,87933349609375","82486200"
"2018-10-19T13:30:00.0000000+00:00","174,5800018310547","176,07000732421875","172,38999938964844","173,02000427246094","164,72698974609375","82923700"
"2018-10-22T13:30:00.0000000+00:00","174,05999755859375","175,25","172,58999633789062","173,91000366210938","165,5743408203125","52909300"
"2018-10-23T13:30:00.0000000+00:00","170,63999938964844","174,1300048828125","168,82000732421875","173,27000427246094","164,9650115966797","77567000"
"2018-10-24T13:30:00.0000000+00:00","173,07000732421875","173,36000061035156","165,0399932861328","165,33999633789062","157,41510009765625","102997400"
"2018-10-25T13:30:00.0000000+00:00","167,91000366210938","172,0800018310547","167,16000366210938","171,05999755859375","162,8609161376953","83481100"
"2018-10-26T13:30:00.0000000+00:00","165,1999969482422","169,9600067138672","164,22999572753906","166,66000366210938","158,67185974121094","130970900"
"2018-10-29T13:30:00.0000000+00:00","169,2100067138672","169,86000061035156","160,08999633789062","163,22999572753906","155,40623474121094","111871900"
"2018-10-30T13:30:00.0000000+00:00","162,75","166,0399932861328","162,00999450683594","165,9199981689453","157,96731567382812","92584000"
"2018-10-31T13:30:00.0000000+00:00","168,6199951171875","171,25","168,5399932861328","169,82000732421875","161,68038940429688","73828600"
"2018-11-01T13:30:00.0000000+00:00","170,07000732421875","172,24000549316406","168,77999877929688","172,05999755859375","163,8130340576172","52706800"
"2018-11-02T13:30:00.0000000+00:00","171,52999877929688","172,5500030517578","168,22000122070312","169,3800048828125","161,2615203857422","75966800"
"2018-11-05T14:30:00.0000000+00:00","169,60000610351562","169,66000366210938","167,0800018310547","168,9600067138672","160,8616180419922","39573500"
"2018-11-06T14:30:00.0000000+00:00","168,97000122070312","171,19000244140625","168,72000122070312","170,24000549316406","162,0802764892578","34410400"
"2018-11-07T14:30:00.0000000+00:00","172,27999877929688","175,5800018310547","171,8699951171875","175,5800018310547","167,16433715820312","51169600"
"2018-11-08T14:30:00.0000000+00:00","174,75999450683594","175,3000030517578","173,6300048828125","174,4600067138672","166,0979766845703","40296500"
"2018-11-09T14:30:00.0000000+00:00","172,8300018310547","173,25","170,16000366210938","171,52000427246094","163,29893493652344","50602700"
"2018-11-12T14:30:00.0000000+00:00","170,32000732421875","170,63999938964844","166,17999267578125","166,3300018310547","158,35765075683594","62578400"
"2018-11-13T14:30:00.0000000+00:00","167,11000061035156","169,47999572753906","166","166,47000122070312","158,49099731445312","64128100"
"2018-11-14T14:30:00.0000000+00:00","168,1199951171875","168,6999969482422","164,25","165,1999969482422","157,28184509277344","75270700"
"2018-11-15T14:30:00.0000000+00:00","164,89999389648438","168,5399932861328","163,4600067138672","168,08999633789062","160,03330993652344","73254300"
"2018-11-16T14:30:00.0000000+00:00","166,4499969482422","168,30999755859375","165,77999877929688","167,5","159,47158813476562","65390700"
"2018-11-19T14:30:00.0000000+00:00","166,6999969482422","166,89999389648438","161,5399932861328","162,05999755859375","154,29226684570312","67280500"
"2018-11-20T14:30:00.0000000+00:00","158,3699951171875","161,3800048828125","157,1300048828125","159,16000366210938","151,5313262939453","102652800"
"2018-11-21T14:30:00.0000000+00:00","161,35000610351562","161,97000122070312","159,22999572753906","160,3699951171875","152,6833038330078","42965800"
"2018-11-23T14:30:00.0000000+00:00","159,08999633789062","160,83999633789062","159,08999633789062","159,2100067138672","151,57891845703125","23503700"
"2018-11-26T14:30:00.0000000+00:00","161,44000244140625","162,97000122070312","160,75999450683594","162,88999938964844","155,08258056640625","42012600"
"2018-11-27T14:30:00.0000000+00:00","162","163,85000610351562","161,17999267578125","163,44000244140625","155,60618591308594","36608100"
"2018-11-28T14:30:00.0000000+00:00","164,6199951171875","168,6999969482422","163,47000122070312","168,6999969482422","160,61404418945312","70141000"
"2018-11-29T14:30:00.0000000+00:00","167,99000549316406","169,25999450683594","166,82000732421875","168,14999389648438","160,09039306640625","44885700"
"2018-11-30T14:30:00.0000000+00:00","168,3800048828125","169,47000122070312","167,5399932861328","169,3699951171875","161,25196838378906","36722800"
"2018-12-03T14:30:00.0000000+00:00","173,11000061035156","173,30999755859375","169,50999450683594","172,3300018310547","164,07009887695312","50771700"
"2018-12-04T14:30:00.0000000+00:00","171,42999267578125","171,91000366210938","165,52000427246094","165,72000122070312","157,77691650390625","70594700"
"2018-12-06T14:30:00.0000000+00:00","162,3800048828125","166,91000366210938","161,77000427246094","166,88999938964844","158,89076232910156","71715500"
"2018-12-07T14:30:00.0000000+00:00","166,16000366210938","167,1199951171875","160,86000061035156","161,3800048828125","153,64492797851562","80432200"
"2018-12-10T14:30:00.0000000+00:00","161,0800018310547","163,77999877929688","159,41000366210938","163,07000732421875","155,25392150878906","73960800"
"2018-12-11T14:30:00.0000000+00:00","165,72999572753906","165,77000427246094","162,22999572753906","163,61000061035156","155,7680206298828","59058300"
"2018-12-12T14:30:00.0000000+00:00","166","167,60000610351562","164,9600067138672","165,0500030517578","157,13902282714844","53780000"
"2018-12-13T14:30:00.0000000+00:00","166,1300048828125","166,82000732421875","164,02999877929688","165,10000610351562","157,1865997314453","46378500"
"2018-12-14T14:30:00.0000000+00:00","163,2100067138672","163,80999755859375","160,6999969482422","161,0800018310547","153,35928344726562","56547400"
"2018-12-17T14:30:00.0000000+00:00","160,38999938964844","161,6699981689453","156,1699981689453","157,42999267578125","149,8842315673828","74834100"
"2018-12-18T14:30:00.0000000+00:00","158,64999389648438","159,9499969482422","157,0399932861328","158,4199981689453","150,8267822265625","63642100"
"2018-12-19T14:30:00.0000000+00:00","158,17999267578125","160,72000122070312","153,33999633789062","154,52999877929688","147,1232452392578","81856500"
"2018-12-20T14:30:00.0000000+00:00","154,14999389648438","155,8699951171875","150,38999938964844","152,2899932861328","144,9906005859375","99002100"
"2018-12-21T14:30:00.0000000+00:00","153,0500030517578","154,08999633789062","146,72000122070312","147,57000732421875","140,49684143066406","141129400"
"2018-12-24T14:30:00.0000000+00:00","146,0800018310547","147,97999572753906","143,4600067138672","143,5","137,0127716064453","56163300"
"2018-12-26T14:30:00.0000000+00:00","145,0800018310547","152,5399932861328","144,08999633789062","152,4600067138672","145,56776428222656","98982100"
"2018-12-27T14:30:00.0000000+00:00","150,3699951171875","153,17999267578125","147,0800018310547","153,0500030517578","146,131103515625","85824300"
"2018-12-28T14:30:00.0000000+00:00","154,14999389648438","155,58999633789062","151,72000122070312","152,97000122070312","146,05471801757812","77856600"
"2018-12-31T14:30:00.0000000+00:00","154,47000122070312","154,97999572753906","152,7100067138672","154,25999450683594","147,28640747070312","53015300"
