"source_timestamp_utc","open","high","low","close","adj_close","volume"
"2007-01-02T01:00:00.0000000+00:00","7871,41015625","7937,259765625","7843,60009765625","7920,7998046875","7920,7626953125","5710600"
"2007-01-03T01:00:00.0000000+00:00","7954,9599609375","7999,419921875","7917,2998046875","7917,2998046875","7917,2626953125","5951400"
"2007-01-04T01:00:00.0000000+00:00","7929,89013671875","7955,89990234375","7901,240234375","7934,509765625","7934,47265625","5717400"
"2007-01-05T01:00:00.0000000+00:00","7940,2001953125","7942,22998046875","7821,7099609375","7835,56982421875","7835,53369140625","5181400"
"2007-01-08T01:00:00.0000000+00:00","7778,56982421875","7797,56982421875","7736,10986328125","7736,7099609375","7736,6748046875","4292400"
"2007-01-09T01:00:00.0000000+00:00","7778,3798828125","7827,93017578125","7778,3798828125","7790,009765625","7789,97412109375","4516000"
"2007-01-10T01:00:00.0000000+00:00","7737,25","7748,7900390625","7682,81982421875","7698,52001953125","7698,48486328125","5153200"
"2007-01-11T01:00:00.0000000+00:00","7724,10009765625","7748,9599609375","7599,5498046875","7618,5498046875","7618,5146484375","5735400"
"2007-01-12T01:00:00.0000000+00:00","7713,6298828125","7769,31005859375","7704,39013671875","7761,7099609375","7761,67431640625","4478600"
"2007-01-15T01:00:00.0000000+00:00","7809,91015625","7814,85009765625","7741,490234375","7783,5","7783,46435546875","3817600"
"2007-01-16T01:00:00.0000000+00:00","7792,77001953125","7831,2001953125","7780,64990234375","7792,080078125","7792,04443359375","3743600"
"2007-01-17T01:00:00.0000000+00:00","7757,7998046875","7841,259765625","7747,580078125","7833,97998046875","7833,94384765625","4016600"
"2007-01-18T01:00:00.0000000+00:00","7852,259765625","7896,9501953125","7830,22998046875","7895,18017578125","7895,14306640625","4237200"
"2007-01-19T01:00:00.0000000+00:00","7859,47021484375","7892,60986328125","7840,080078125","7840,080078125","7840,0439453125","4385000"
"2007-01-22T01:00:00.0000000+00:00","7866,169921875","7871,009765625","7784,2099609375","7842,47021484375","7842,43408203125","4297000"
"2007-01-23T01:00:00.0000000+00:00","7837,43994140625","7869,5498046875","7818,580078125","7852,35986328125","7852,3232421875","3795400"
"2007-01-24T01:00:00.0000000+00:00","7943,240234375","7949,47998046875","7916,39013671875","7935,5400390625","7935,5029296875","4488800"
"2007-01-25T01:00:00.0000000+00:00","7982,64013671875","7990,5498046875","7917,64990234375","7923,77001953125","7923,73291015625","4337000"
"2007-01-26T01:00:00.0000000+00:00","7825,75","7883,5","7793,91015625","7821,31982421875","7821,28369140625","3465200"
"2007-01-29T01:00:00.0000000+00:00","7831,56982421875","7838,919921875","7746,3701171875","7751,7900390625","7751,75439453125","3143600"
"2007-01-30T01:00:00.0000000+00:00","7763,52978515625","7778,240234375","7725,41015625","7739,91015625","7739,87451171875","3010000"
"2007-01-31T01:00:00.0000000+00:00","7759,7900390625","7778,68994140625","7637,5400390625","7699,64013671875","7699,60498046875","3180000"
"2007-02-01T01:00:00.0000000+00:00","7751,2998046875","7757,6298828125","7679,77978515625","7701,5400390625","7701,5048828125","2706600"
"2007-02-02T01:00:00.0000000+00:00","7754,16015625","7801,6298828125","7751,52978515625","7777,02978515625","7776,994140625","3134800"
"2007-02-05T01:00:00.0000000+00:00","7786,77001953125","7823,93994140625","7772,0498046875","7783,1201171875","7783,08447265625","2786200"
"2007-02-06T01:00:00.0000000+00:00","7816,2998046875","7875,75","7802,93994140625","7875,75","7875,71337890625","3497800"
"2007-02-07T01:00:00.0000000+00:00","7894,77001953125","7894,77001953125","7850,06005859375","7850,06005859375","7850,02392578125","3214400"
"2007-02-08T01:00:00.0000000+00:00","7875,52001953125","7884,72998046875","7790,6298828125","7842,22021484375","7842,18408203125","2895200"
"2007-02-09T01:00:00.0000000+00:00","7847,18017578125","7884,5498046875","7822,52978515625","7859,52978515625","7859,4931640625","3363400"
"2007-02-12T01:00:00.0000000+00:00","7826,4599609375","7826,4599609375","7764,509765625","7776,35986328125","7776,32421875","2787000"
"2007-02-13T01:00:00.0000000+00:00","7782,06982421875","7800,8701171875","7725,81005859375","7736,830078125","7736,794921875","2776200"
"2007-02-14T01:00:00.0000000+00:00","7800,97998046875","7812,18017578125","7764,31005859375","7809,4501953125","7809,41455078125","3006200"
"2007-02-26T01:00:00.0000000+00:00","7939,39990234375","7950,2001953125","7899,5498046875","7900,2001953125","7900,1630859375","4170000"
"2007-02-27T01:00:00.0000000+00:00","7908,7900390625","7939,5","7881,919921875","7901,9599609375","7901,9228515625","3971200"
"2007-03-01T01:00:00.0000000+00:00","7707,6298828125","7761,39990234375","7663,169921875","7678,669921875","7678,634765625","4230600"
"2007-03-02T01:00:00.0000000+00:00","7653,35009765625","7695,14990234375","7625,990234375","7670,77001953125","7670,73486328125","3742200"
"2007-03-05T01:00:00.0000000+00:00","7565,9501953125","7565,9501953125","7306,06982421875","7344,56005859375","7344,5263671875","4410800"
"2007-03-06T01:00:00.0000000+00:00","7379,080078125","7452,83984375","7349,97998046875","7451,06005859375","7451,02587890625","3320600"
"2007-03-07T01:00:00.0000000+00:00","7516,2099609375","7519,4599609375","7449,669921875","7480,89013671875","7480,85595703125","3883200"
"2007-03-08T01:00:00.0000000+00:00","7517,77001953125","7573,8701171875","7510,43994140625","7573,8701171875","7573,8349609375","3586200"
"2007-03-09T01:00:00.0000000+00:00","7615,81005859375","7619,35009765625","7550,830078125","7568,2001953125","7568,1650390625","3310400"
"2007-03-12T01:00:00.0000000+00:00","7611,14990234375","7640,14013671875","7590,81982421875","7629,14990234375","7629,11474609375","3009600"
"2007-03-13T01:00:00.0000000+00:00","7664,7001953125","7694,58984375","7661,759765625","7684","7683,96484375","3403200"
"2007-03-14T01:00:00.0000000+00:00","7552,72998046875","7575,52001953125","7526,47998046875","7570,27001953125","7570,23486328125","3609400"
"2007-03-15T01:00:00.0000000+00:00","7631,669921875","7708,97998046875","7631,669921875","7695,9599609375","7695,9248046875","4206400"
"2007-03-16T01:00:00.0000000+00:00","7707,14990234375","7743,3701171875","7676,39013671875","7719,7998046875","7719,7646484375","4291000"
"2007-03-19T01:00:00.0000000+00:00","7739,56005859375","7759,66015625","7713,77978515625","7737,4599609375","7737,42431640625","3562800"
"2007-03-20T01:00:00.0000000+00:00","7784,27001953125","7798,27001953125","7736,2001953125","7736,2001953125","7736,1650390625","3932400"
"2007-03-21T01:00:00.0000000+00:00","7780,2998046875","7784,18994140625","7746,35009765625","7757,02978515625","7756,994140625","3279800"
"2007-03-22T01:00:00.0000000+00:00","7843,64013671875","7856,990234375","7822,6298828125","7823,669921875","7823,6337890625","3989400"
"2007-03-23T01:00:00.0000000+00:00","7834,6201171875","7879,08984375","7806,89013671875","7859,31982421875","7859,283203125","3837000"
"2007-03-26T01:00:00.0000000+00:00","7878,58984375","7887,330078125","7853,14990234375","7877,81982421875","7877,78271484375","3623800"
"2007-03-27T01:00:00.0000000+00:00","7876,759765625","7928,02978515625","7839,22021484375","7845,169921875","7845,1337890625","4038400"
"2007-03-28T01:00:00.0000000+00:00","7832,6201171875","7841,39990234375","7769,2998046875","7788,14013671875","7788,1044921875","3720800"
"2007-03-29T01:00:00.0000000+00:00","7765,06982421875","7863,6298828125","7764,0498046875","7848,330078125","7848,2939453125","4128600"
"2007-03-30T01:00:00.0000000+00:00","7877,75","7888,81982421875","7839,91015625","7884,41015625","7884,373046875","4225600"
"2007-04-02T01:00:00.0000000+00:00","7888,169921875","7931,990234375","7866,58984375","7884,990234375","7884,953125","4390000"
"2007-04-03T01:00:00.0000000+00:00","7894,8701171875","7932,91015625","7879,8798828125","7932,91015625","7932,873046875","4498600"
"2007-04-04T01:00:00.0000000+00:00","7989,64990234375","8021,58984375","7970,4599609375","8004,60986328125","8004,572265625","4993200"
"2007-04-09T01:00:00.0000000+00:00","8048,33984375","8066,77001953125","8026,330078125","8056,56005859375","8056,5224609375","4772200"
"2007-04-10T01:00:00.0000000+00:00","8064,5400390625","8064,5400390625","8002,490234375","8048,39013671875","8048,3525390625","4616600"
"2007-04-11T01:00:00.0000000+00:00","8073,669921875","8105,81982421875","8055,669921875","8084,4501953125","8084,41259765625","4297800"
"2007-04-12T01:00:00.0000000+00:00","8043,77978515625","8090,93994140625","8039,1298828125","8075,2001953125","8075,16259765625","4192200"
"2007-04-13T01:00:00.0000000+00:00","8100,080078125","8108,5","7999,68994140625","8002,2998046875","8002,26220703125","4552400"
"2007-04-16T01:00:00.0000000+00:00","8088,830078125","8096,83984375","8030,5","8043,5400390625","8043,50244140625","4500200"
"2007-04-17T01:00:00.0000000+00:00","8100,60986328125","8100,60986328125","7952,18017578125","7959,2900390625","7959,2529296875","5567400"
"2007-04-18T01:00:00.0000000+00:00","7981,35986328125","8003,31005859375","7946,35009765625","8003,31005859375","8003,2724609375","3931400"
"2007-04-19T01:00:00.0000000+00:00","7978,58984375","7991,68994140625","7883,919921875","7888,6298828125","7888,5927734375","4428800"
"2007-04-20T01:00:00.0000000+00:00","7915,91015625","7945,7001953125","7912,490234375","7942,669921875","7942,6328125","3683600"
"2007-04-23T01:00:00.0000000+00:00","8009,5498046875","8062,7001953125","8006,419921875","8010,4599609375","8010,42236328125","4000600"
"2007-04-24T01:00:00.0000000+00:00","8011,81005859375","8051,669921875","7998,22021484375","8045,009765625","8044,97216796875","4030600"
"2007-04-25T01:00:00.0000000+00:00","8035,740234375","8041,27001953125","7984,64990234375","7984,64990234375","7984,6123046875","3929400"
"2007-04-26T01:00:00.0000000+00:00","8046,72021484375","8052,5498046875","8000,0400390625","8000,0400390625","8000,00244140625","3566400"
"2007-04-27T01:00:00.0000000+00:00","8019,490234375","8026,509765625","7949,419921875","7949,419921875","7949,3828125","3479200"
"2007-04-30T01:00:00.0000000+00:00","7956,02978515625","7956,02978515625","7843,0498046875","7875,419921875","7875,38330078125","3466400"
"2007-05-02T01:00:00.0000000+00:00","7900,759765625","7951,68994140625","7890,5400390625","7903,0400390625","7903,0029296875","3193200"
"2007-05-03T01:00:00.0000000+00:00","7954,16015625","7965,93017578125","7861,43017578125","7926,66015625","7926,623046875","4287600"
"2007-05-04T01:00:00.0000000+00:00","7990,97021484375","8066,06005859375","7990,97021484375","8066,06005859375","8066,0224609375","3767600"
"2007-05-07T01:00:00.0000000+00:00","8122,2001953125","8132,7998046875","8095,0400390625","8115,27001953125","8115,232421875","3750000"
"2007-05-08T01:00:00.0000000+00:00","8111,509765625","8113,31005859375","8083,18017578125","8095,83984375","8095,80224609375","2965800"
"2007-05-09T01:00:00.0000000+00:00","8092,10009765625","8093,509765625","8043,4599609375","8052,7001953125","8052,66259765625","2886200"
"2007-05-10T01:00:00.0000000+00:00","8094,72021484375","8105,08984375","8071,5","8096,85986328125","8096,822265625","3357000"
"2007-05-11T01:00:00.0000000+00:00","8026,35986328125","8049,5","8018,64013671875","8031,5400390625","8031,50244140625","2934200"
"2007-05-14T01:00:00.0000000+00:00","8072,14990234375","8072,14990234375","8013,830078125","8030,56005859375","8030,5224609375","2857600"
"2007-05-15T01:00:00.0000000+00:00","8022,580078125","8041,5498046875","7968,919921875","7975,02978515625","7974,99267578125","2612000"
"2007-05-16T01:00:00.0000000+00:00","7988,97021484375","8014,8798828125","7978,25","7988,56982421875","7988,5322265625","2492000"
"2007-05-17T01:00:00.0000000+00:00","8029,60009765625","8080,6298828125","8029,60009765625","8037,9599609375","8037,92236328125","3142400"
"2007-05-18T01:00:00.0000000+00:00","8066,009765625","8075,2099609375","8013,89013671875","8034,14013671875","8034,1025390625","2836000"
"2007-05-21T01:00:00.0000000+00:00","8067,22998046875","8159,259765625","8043,89990234375","8141,58984375","8141,55224609375","3614200"
"2007-05-22T01:00:00.0000000+00:00","8158,990234375","8205,8896484375","8158,2900390625","8188,6298828125","8188,59228515625","4077400"
"2007-05-23T01:00:00.0000000+00:00","8232,5302734375","8256,25","8214,580078125","8221,7900390625","8221,75","3983000"
"2007-05-24T01:00:00.0000000+00:00","8231,650390625","8249,48046875","8207,9599609375","8216,41015625","8216,3701171875","3395800"
"2007-05-25T01:00:00.0000000+00:00","8170,580078125","8170,580078125","8130,169921875","8159,97021484375","8159,9326171875","3235600"
"2007-05-28T01:00:00.0000000+00:00","8194,830078125","8201,650390625","8154,22021484375","8156,81982421875","8156,7822265625","2887600"
"2007-05-29T01:00:00.0000000+00:00","8178,7001953125","8229,4404296875","8166,4599609375","8181,490234375","8181,45263671875","3047000"
"2007-05-30T01:00:00.0000000+00:00","8163,81005859375","8177,759765625","8110,27978515625","8147,33984375","8147,30224609375","3248600"
"2007-05-31T01:00:00.0000000+00:00","8204,7197265625","8220,8095703125","8144,9501953125","8144,9501953125","8144,91259765625","4230600"
"2007-06-01T01:00:00.0000000+00:00","8236,759765625","8261,669921875","8224,2802734375","8249,900390625","8249,8603515625","4198400"
"2007-06-04T01:00:00.0000000+00:00","8310,08984375","8317,599609375","8282,7900390625","8294,7900390625","8294,75","4053200"
"2007-06-05T01:00:00.0000000+00:00","8321,419921875","8321,419921875","8267,58984375","8303,990234375","8303,9501953125","4299400"
"2007-06-06T01:00:00.0000000+00:00","8330,7197265625","8376,9697265625","8313,58984375","8314,6796875","8314,6396484375","4775800"
"2007-06-07T01:00:00.0000000+00:00","8298,9697265625","8368,5595703125","8263,6103515625","8355,259765625","8355,2197265625","3844000"
"2007-06-08T01:00:00.0000000+00:00","8288,259765625","8308,4501953125","8279,9599609375","8300,7099609375","8300,669921875","4241600"
"2007-06-11T01:00:00.0000000+00:00","8351,0302734375","8359,75","8328,6103515625","8338,8798828125","8338,83984375","4133600"
"2007-06-12T01:00:00.0000000+00:00","8371,7001953125","8396,2197265625","8345,009765625","8370,259765625","8370,2197265625","4774400"
"2007-06-13T01:00:00.0000000+00:00","8388,490234375","8388,490234375","8336,5302734375","8346,3896484375","8346,349609375","4398600"
"2007-06-14T01:00:00.0000000+00:00","8421,2099609375","8476,1298828125","8409","8450,7197265625","8450,6796875","4853400"
"2007-06-15T01:00:00.0000000+00:00","8519,3798828125","8578,330078125","8511,0703125","8573,6396484375","8573,599609375","5280000"
"2007-06-20T01:00:00.0000000+00:00","8651,259765625","8761,8798828125","8636,4697265625","8755,8798828125","8755,83984375","6320400"
"2007-06-21T01:00:00.0000000+00:00","8789,08984375","8871,7197265625","8722,150390625","8851,990234375","8851,9501953125","5581200"
"2007-06-22T01:00:00.0000000+00:00","8879,990234375","8884,0302734375","8799,2900390625","8846,3896484375","8846,349609375","5979200"
"2007-06-25T01:00:00.0000000+00:00","8882,2998046875","8985,9296875","8882,2998046875","8939,1904296875","8939,1494140625","6503800"
"2007-06-26T01:00:00.0000000+00:00","8965,8203125","8983,9599609375","8856,2900390625","8865,75","8865,7099609375","5709600"
"2007-06-27T01:00:00.0000000+00:00","8862,2900390625","8887,8798828125","8820,6796875","8844,2197265625","8844,1796875","5225800"
"2007-06-28T01:00:00.0000000+00:00","8914,6904296875","8914,6904296875","8841,9599609375","8892,830078125","8892,7890625","5698600"
"2007-06-29T01:00:00.0000000+00:00","8932,1796875","8932,9501953125","8849,0400390625","8883,2099609375","8883,1689453125","5464800"
"2007-07-02T01:00:00.0000000+00:00","8903,76953125","8939,490234375","8849,349609375","8939,490234375","8939,44921875","5468400"
"2007-07-03T01:00:00.0000000+00:00","8983,240234375","9019,9296875","8977,08984375","8996,2001953125","8996,1591796875","6580400"
"2007-07-04T01:00:00.0000000+00:00","9069,3203125","9112,740234375","9034,5","9068,98046875","9068,9384765625","7220200"
"2007-07-05T01:00:00.0000000+00:00","9114,0595703125","9148,7802734375","9086,1904296875","9148,7802734375","9148,73828125","7038200"
"2007-07-06T01:00:00.0000000+00:00","9169,5595703125","9199,66015625","9118,259765625","9188,3095703125","9188,267578125","7483000"
"2007-07-09T01:00:00.0000000+00:00","9246,4404296875","9369,83984375","9239,2001953125","9369,83984375","9369,7978515625","8013400"
"2007-07-10T01:00:00.0000000+00:00","9404,759765625","9404,759765625","9306,6201171875","9384,73046875","9384,6884765625","7632600"
"2007-07-11T01:00:00.0000000+00:00","9322,6904296875","9341,3203125","9263,259765625","9290,9501953125","9290,908203125","8176800"
"2007-07-12T01:00:00.0000000+00:00","9346,9501953125","9400,3701171875","9316,91015625","9354,41015625","9354,3681640625","8373600"
"2007-07-13T01:00:00.0000000+00:00","9530,7197265625","9540,349609375","9411,0400390625","9471,2998046875","9471,2568359375","8507000"
"2007-07-16T01:00:00.0000000+00:00","9514,08984375","9539,2001953125","9403,73046875","9417,3203125","9417,2783203125","8678600"
"2007-07-17T01:00:00.0000000+00:00","9444,8701171875","9513,9501953125","9337,669921875","9509,73046875","9509,6875","7041800"
"2007-07-18T01:00:00.0000000+00:00","9512,3896484375","9574,6904296875","9482,5498046875","9485,349609375","9485,306640625","9296000"
"2007-07-19T01:00:00.0000000+00:00","9449,7197265625","9529,349609375","9441,7900390625","9473,3095703125","9473,2666015625","8738400"
"2007-07-20T01:00:00.0000000+00:00","9537,240234375","9585,900390625","9487,9501953125","9585,900390625","9585,8564453125","7902400"
"2007-07-23T01:00:00.0000000+00:00","9576,0595703125","9637,1796875","9563,7197265625","9621,5703125","9621,5263671875","7442400"
"2007-07-24T01:00:00.0000000+00:00","9674,240234375","9745,3203125","9643,26953125","9744,0595703125","9744,0146484375","9247000"
"2007-07-25T01:00:00.0000000+00:00","9683,9697265625","9763,259765625","9656,0400390625","9740,1298828125","9740,0849609375","8173600"
"2007-07-26T01:00:00.0000000+00:00","9793,759765625","9807,91015625","9566,419921875","9566,419921875","9566,3759765625","10397800"
"2007-07-27T01:00:00.0000000+00:00","9244,6201171875","9376,9501953125","9162,2802734375","9162,2802734375","9162,23828125","9371200"
"2007-07-30T01:00:00.0000000+00:00","9037,349609375","9136,4501953125","8996,8095703125","9072,5703125","9072,5283203125","7294800"
"2007-07-31T01:00:00.0000000+00:00","9211,7998046875","9307,8095703125","9173,48046875","9287,25","9287,2080078125","7159400"
"2007-08-01T01:00:00.0000000+00:00","9188,599609375","9265,7001953125","8891,8798828125","8891,8798828125","8891,8388671875","8423400"
"2007-08-02T01:00:00.0000000+00:00","9076,1103515625","9080,0703125","8727,6396484375","8950,5703125","8950,529296875","7133200"
"2007-08-03T01:00:00.0000000+00:00","9104,33984375","9134,599609375","9025,7001953125","9057,8203125","9057,7783203125","5842800"
"2007-08-06T01:00:00.0000000+00:00","8865,580078125","8960,75","8856,91015625","8941,73046875","8941,689453125","4639600"
"2007-08-07T01:00:00.0000000+00:00","9068,0400390625","9068,830078125","8862,3095703125","8862,3095703125","8862,26953125","4858800"
"2007-08-08T01:00:00.0000000+00:00","8961,1201171875","9099,4599609375","8938,5400390625","9099,4599609375","9099,41796875","4875000"
"2007-08-09T01:00:00.0000000+00:00","9213,4697265625","9219,01953125","9140,4697265625","9182,599609375","9182,5576171875","5712600"
"2007-08-10T01:00:00.0000000+00:00","8870,26953125","8969,3095703125","8870,26953125","8931,3095703125","8931,2685546875","5535000"
"2007-08-13T01:00:00.0000000+00:00","9030,8203125","9030,9296875","8913,400390625","8938,9599609375","8938,9189453125","5061000"
"2007-08-14T01:00:00.0000000+00:00","8952,5400390625","9023,259765625","8840,259765625","8910,990234375","8910,94921875","4770600"
"2007-08-15T01:00:00.0000000+00:00","8782,0498046875","8808,58984375","8561,01953125","8593,0400390625","8593","5640000"
"2007-08-16T01:00:00.0000000+00:00","8397,240234375","8438,080078125","8166,080078125","8201,3701171875","8201,330078125","5927000"
"2007-08-17T01:00:00.0000000+00:00","8209,91015625","8307,3701171875","7987,60986328125","8090,2900390625","8090,25244140625","5981200"
"2007-08-20T01:00:00.0000000+00:00","8496,9697265625","8516,75","8397,259765625","8515,599609375","8515,5595703125","4327200"
"2007-08-21T01:00:00.0000000+00:00","8542,1298828125","8586,73046875","8424,009765625","8479,080078125","8479,0400390625","4632800"
"2007-08-22T01:00:00.0000000+00:00","8487,240234375","8512,4501953125","8432,3203125","8493,4599609375","8493,419921875","4030000"
"2007-08-23T01:00:00.0000000+00:00","8699,400390625","8735,099609375","8686,0595703125","8732,83984375","8732,7998046875","4880200"
"2007-08-24T01:00:00.0000000+00:00","8727,08984375","8741,6396484375","8668,0498046875","8690,08984375","8690,0498046875","4262400"
"2007-08-27T01:00:00.0000000+00:00","8849,9599609375","8849,9599609375","8704,58984375","8718,3095703125","8718,26953125","3802600"
"2007-08-28T01:00:00.0000000+00:00","8697,150390625","8753,3896484375","8672,8095703125","8727,5498046875","8727,509765625","3465200"
"2007-08-29T01:00:00.0000000+00:00","8514,4697265625","8643,3203125","8514,4697265625","8643,3203125","8643,2802734375","4016600"
"2007-08-30T01:00:00.0000000+00:00","8782,349609375","8825,919921875","8750,6201171875","8771,2099609375","8771,169921875","4963200"
"2007-08-31T01:00:00.0000000+00:00","8807,7001953125","8982,16015625","8785,7001953125","8982,16015625","8982,119140625","5018800"
"2007-09-03T01:00:00.0000000+00:00","9018,8896484375","9019,41015625","8947,0595703125","8979,9599609375","8979,9189453125","4732000"
"2007-09-04T01:00:00.0000000+00:00","9019,6103515625","9027,76953125","8883,8701171875","8922,98046875","8922,939453125","4340200"
"2007-09-05T01:00:00.0000000+00:00","9017,509765625","9026,2998046875","8902,1396484375","8913,849609375","8913,80859375","4022400"
"2007-09-06T01:00:00.0000000+00:00","8896,669921875","9017,080078125","8841,6396484375","9017,080078125","9017,0390625","3979000"
"2007-09-07T01:00:00.0000000+00:00","9056,1396484375","9078,4697265625","9000,9501953125","9018,080078125","9018,0390625","4220600"
"2007-09-10T01:00:00.0000000+00:00","8868","8953,4501953125","8845,900390625","8937,580078125","8937,5390625","3702800"
"2007-09-11T01:00:00.0000000+00:00","8981,33984375","9017,2998046875","8953,3701171875","9003,1201171875","9003,0791015625","4252000"
"2007-09-12T01:00:00.0000000+00:00","9078,08984375","9084,9697265625","9011,259765625","9018,1201171875","9018,0791015625","4346400"
"2007-09-13T01:00:00.0000000+00:00","9062,3095703125","9062,3095703125","8924,6201171875","8927,419921875","8927,37890625","4022800"
"2007-09-14T01:00:00.0000000+00:00","8995,5302734375","9046,509765625","8952,8798828125","9031,6298828125","9031,5888671875","3897200"
"2007-09-17T01:00:00.0000000+00:00","9039,2802734375","9044,3701171875","8874,7099609375","8899,91015625","8899,869140625","3917000"
"2007-09-18T01:00:00.0000000+00:00",,,,,,
"2007-09-19T01:00:00.0000000+00:00","9090,900390625","9090,900390625","8900,7998046875","8926,3798828125","8926,3388671875","5922000"
"2007-09-20T01:00:00.0000000+00:00","8987,51953125","9109,51953125","8950,6201171875","8983,0302734375","8982,9892578125","4652800"
"2007-09-21T01:00:00.0000000+00:00","9018,6796875","9105,2802734375","8994,009765625","9105,2802734375","9105,23828125","5025000"
"2007-09-26T01:00:00.0000000+00:00","9180,9296875","9269,6201171875","9178,76953125","9257,4697265625","9257,427734375","5422200"
"2007-09-27T01:00:00.0000000+00:00","9337,0400390625","9413,650390625","9291,7197265625","9413,650390625","9413,6083984375","6081200"
"2007-09-28T01:00:00.0000000+00:00","9447,330078125","9474,0498046875","9411,9501953125","9411,9501953125","9411,908203125","5558800"
"2007-10-01T01:00:00.0000000+00:00","9523,98046875","9555,0703125","9474,400390625","9488,5","9488,45703125","6169000"
"2007-10-02T01:00:00.0000000+00:00","9597,9599609375","9642,9501953125","9582,7001953125","9623,25","9623,2060546875","6702600"
"2007-10-03T01:00:00.0000000+00:00","9650,0302734375","9783,75","9618,1396484375","9700,0703125","9700,025390625","6654200"
"2007-10-04T01:00:00.0000000+00:00","9663,5302734375","9676,349609375","9574,009765625","9627,3896484375","9627,345703125","5009200"
"2007-10-05T01:00:00.0000000+00:00","9645,6298828125","9670,1298828125","9565","9617,259765625","9617,2158203125","4570200"
"2007-10-08T01:00:00.0000000+00:00","9736,9296875","9744,9697265625","9683,1396484375","9717,169921875","9717,125","5043600"
"2007-10-09T01:00:00.0000000+00:00","9743,6103515625","9743,6103515625","9591,9404296875","9639,830078125","9639,7861328125","5534400"
"2007-10-11T01:00:00.0000000+00:00","9707,9296875","9729,4697265625","9661,23046875","9697,669921875","9697,625","5261600"
"2007-10-12T01:00:00.0000000+00:00","9677,330078125","9731,16015625","9490,009765625","9496,4697265625","9496,4267578125","5735600"
"2007-10-15T01:00:00.0000000+00:00","9565,3603515625","9577,0400390625","9431,66015625","9518,4501953125","9518,4072265625","4416000"
"2007-10-16T01:00:00.0000000+00:00","9468,8798828125","9618,0302734375","9461,26953125","9592,4697265625","9592,42578125","5134200"
"2007-10-17T01:00:00.0000000+00:00","9582,1904296875","9616,259765625","9492,8896484375","9562,16015625","9562,1162109375","4530400"
"2007-10-18T01:00:00.0000000+00:00","9605,490234375","9667,0703125","9574,9599609375","9637,0703125","9637,0263671875","5548400"
"2007-10-19T01:00:00.0000000+00:00","9666,580078125","9673,9599609375","9609,580078125","9611,7197265625","9611,67578125","4674200"
"2007-10-22T01:00:00.0000000+00:00","9278,8896484375","9381,650390625","9275,7197265625","9360,6298828125","9360,587890625","4841400"
"2007-10-23T01:00:00.0000000+00:00","9419,5400390625","9512,5595703125","9419,5400390625","9502,3896484375","9502,3466796875","4732400"
"2007-10-24T01:00:00.0000000+00:00","9593,2001953125","9640,490234375","9442,6201171875","9442,6201171875","9442,578125","4686600"
"2007-10-25T01:00:00.0000000+00:00","9546,849609375","9573,2900390625","9503,830078125","9568,259765625","9568,2158203125","4653800"
"2007-10-26T01:00:00.0000000+00:00","9637,490234375","9661,9404296875","9573","9631,509765625","9631,4658203125","4960800"
"2007-10-29T01:00:00.0000000+00:00","9743,73046875","9822,3701171875","9735,4296875","9809,8798828125","9809,8349609375","5997200"
"2007-10-30T01:00:00.0000000+00:00","9854,26953125","9859,650390625","9727,580078125","9757,9296875","9757,884765625","5465400"
"2007-10-31T01:00:00.0000000+00:00","9777,580078125","9787,900390625","9664,6396484375","9711,3701171875","9711,3251953125","5636800"
"2007-11-01T01:00:00.0000000+00:00","9780,58984375","9785,75","9556,2197265625","9598,23046875","9598,1865234375","6153600"
"2007-11-02T01:00:00.0000000+00:00","9373,41015625","9433,0703125","9248,33984375","9273,08984375","9273,0478515625","5893000"
"2007-11-05T01:00:00.0000000+00:00","9251,8603515625","9313,849609375","9129,490234375","9308,599609375","9308,5576171875","5045200"
"2007-11-06T01:00:00.0000000+00:00","9324,6103515625","9368,4599609375","9278,009765625","9292,7998046875","9292,7578125","4565600"
"2007-11-07T01:00:00.0000000+00:00","9437,4296875","9437,4296875","9300,2197265625","9300,2197265625","9300,177734375","5016400"
"2007-11-08T01:00:00.0000000+00:00","9096,0302734375","9105,6298828125","8890,099609375","8937,580078125","8937,5390625","5887000"
"2007-11-09T01:00:00.0000000+00:00","8962,240234375","9016,73046875","8853,8095703125","8970,919921875","8970,87890625","5196200"
"2007-11-12T01:00:00.0000000+00:00","8755,3701171875","8765,509765625","8626,580078125","8670,6103515625","8670,5703125","4941200"
"2007-11-13T01:00:00.0000000+00:00","8673,2001953125","8742,41015625","8599,3896484375","8727,2099609375","8727,169921875","4718400"
"2007-11-14T01:00:00.0000000+00:00","8965,66015625","8993,8896484375","8940,9599609375","8942,9296875","8942,888671875","4834800"
"2007-11-15T01:00:00.0000000+00:00","8920,0302734375","8962,2099609375","8897,8896484375","8905,41015625","8905,369140625","3789200"
"2007-11-16T01:00:00.0000000+00:00","8767,2099609375","8790,5703125","8678,5498046875","8764,8203125","8764,7802734375","4065000"
"2007-11-19T01:00:00.0000000+00:00","8818,419921875","8838,2802734375","8680,7099609375","8680,7099609375","8680,669921875","3681800"
"2007-11-20T01:00:00.0000000+00:00","8483,6103515625","8680,8603515625","8372,0498046875","8680,8603515625","8680,8203125","4796600"
"2007-11-21T01:00:00.0000000+00:00","8676,9599609375","8704,080078125","8484,1103515625","8484,1103515625","8484,0703125","4278200"
"2007-11-22T01:00:00.0000000+00:00","8431,0302734375","8573,740234375","8390,849609375","8499,3701171875","8499,330078125","3930800"
"2007-11-23T01:00:00.0000000+00:00","8550,7001953125","8559,0498046875","8342,2001953125","8342,2001953125","8342,16015625","3927200"
"2007-11-26T01:00:00.0000000+00:00","8462,9296875","8534,26953125","8407,33984375","8528,330078125","8528,2900390625","3959000"
"2007-11-27T01:00:00.0000000+00:00","8319,6904296875","8454,3603515625","8207,9697265625","8375,759765625","8375,7197265625","4142800"
"2007-11-28T01:00:00.0000000+00:00","8429,08984375","8440,1201171875","8276,259765625","8276,259765625","8276,2197265625","3672600"
"2007-11-29T01:00:00.0000000+00:00","8454,5703125","8481,4501953125","8376,08984375","8447,0302734375","8446,990234375","4048000"
"2007-11-30T01:00:00.0000000+00:00","8499,23046875","8590,6298828125","8499,23046875","8586,400390625","8586,3603515625","4540600"
"2007-12-03T01:00:00.0000000+00:00","8623,1201171875","8645,6201171875","8565,080078125","8583,83984375","8583,7998046875","3307600"
"2007-12-04T01:00:00.0000000+00:00","8557,3203125","8656,8896484375","8557","8651,2802734375","8651,240234375","3484000"
"2007-12-05T01:00:00.0000000+00:00","8626,51953125","8705,8701171875","8601,1298828125","8676,9501953125","8676,91015625","4147000"
"2007-12-06T01:00:00.0000000+00:00","8784,6904296875","8797,6103515625","8654,8603515625","8694,41015625","8694,3701171875","4336000"
"2007-12-07T01:00:00.0000000+00:00","8774,5703125","8804,9296875","8722,3798828125","8722,3798828125","8722,33984375","4121200"
"2007-12-10T01:00:00.0000000+00:00","8700,48046875","8706,580078125","8594,9501953125","8598,0302734375","8597,990234375","3179600"
"2007-12-11T01:00:00.0000000+00:00","8648,8798828125","8659,3603515625","8569,5400390625","8638,330078125","8638,2900390625","3011800"
"2007-12-12T01:00:00.0000000+00:00","8495,58984375","8554,1201171875","8451,650390625","8490,83984375","8490,7998046875","3783000"
"2007-12-13T01:00:00.0000000+00:00","8485,5595703125","8522,1396484375","8187,9501953125","8187,9501953125","8187,91259765625","4780800"
"2007-12-14T01:00:00.0000000+00:00","8186,25","8202,9404296875","7922,66015625","8118,080078125","8118,04248046875","5018200"
"2007-12-17T01:00:00.0000000+00:00","8041,60009765625","8092,9599609375","7830,85009765625","7830,85009765625","7830,81396484375","4238600"
"2007-12-18T01:00:00.0000000+00:00","7730,7900390625","7913,8798828125","7664,6201171875","7807,39013671875","7807,3544921875","5093400"
"2007-12-19T01:00:00.0000000+00:00","7881,009765625","8020,39013671875","7865,47998046875","8014,31005859375","8014,2724609375","4126800"
"2007-12-20T01:00:00.0000000+00:00","8044,169921875","8048","7840,7099609375","7857,080078125","7857,04345703125","3574200"
"2007-12-21T01:00:00.0000000+00:00","7903,14013671875","8006,56005859375","7810,27001953125","7941,43994140625","7941,40283203125","4020400"
"2007-12-24T01:00:00.0000000+00:00","8074,43994140625","8135,47998046875","8061,31005859375","8135,47998046875","8135,4423828125","3149200"
"2007-12-25T01:00:00.0000000+00:00","8166,18017578125","8181,60986328125","8119,85009765625","8167,06982421875","8167,0322265625","3340600"
"2007-12-26T01:00:00.0000000+00:00","8125,4501953125","8173,89990234375","8071,6298828125","8156,39013671875","8156,3525390625","2853000"
"2007-12-27T01:00:00.0000000+00:00","8169,18994140625","8355,2802734375","8169,18994140625","8313,7197265625","8313,6796875","4360200"
"2007-12-28T01:00:00.0000000+00:00","8269,3203125","8460,1796875","8269,3203125","8396,9501953125","8396,91015625","4325200"
"2007-12-31T01:00:00.0000000+00:00","8450,3203125","8506,2802734375","8414,7900390625","8506,2802734375","8506,240234375","3607200"
"2008-01-02T01:00:00.0000000+00:00","8491,5703125","8532,919921875","8319,580078125","8323,0498046875","8323,009765625","4372600"
"2008-01-03T01:00:00.0000000+00:00","8171,68017578125","8243,9296875","8130,41015625","8184,2001953125","8184,16259765625","3636400"
"2008-01-04T01:00:00.0000000+00:00","8134,0400390625","8247,1796875","8097,85009765625","8221,099609375","8221,0595703125","4603600"
"2008-01-07T01:00:00.0000000+00:00","7959,919921875","8015,93017578125","7883,3701171875","7883,3701171875","7883,3330078125","4539800"
"2008-01-08T01:00:00.0000000+00:00","7909,259765625","8011,06982421875","7895,77978515625","7962,91015625","7962,873046875","4618800"
"2008-01-09T01:00:00.0000000+00:00","7842,16015625","8085,06005859375","7818,31005859375","8085,06005859375","8085,0224609375","4682400"
"2008-01-10T01:00:00.0000000+00:00","8153,080078125","8177,1298828125","8057,27001953125","8057,27001953125","8057,232421875","4480000"
"2008-01-11T01:00:00.0000000+00:00","8134,10986328125","8151,9501953125","8026,33984375","8029,31005859375","8029,2724609375","3920400"
"2008-01-14T01:00:00.0000000+00:00","8254","8260,8798828125","8097,68017578125","8173,41015625","8173,37255859375","6106000"
"2008-01-15T01:00:00.0000000+00:00","8316,240234375","8546,2001953125","8312,01953125","8428,83984375","8428,7998046875","7548600"
"2008-01-16T01:00:00.0000000+00:00","8286,3095703125","8375,0595703125","8179,5400390625","8179,5400390625","8179,50244140625","7645200"
"2008-01-17T01:00:00.0000000+00:00","8245,1904296875","8300,2900390625","8004,47021484375","8101,6298828125","8101,59228515625","6393800"
"2008-01-18T01:00:00.0000000+00:00","7934,85986328125","8184,64990234375","7883,91015625","8184,64990234375","8184,6123046875","5977400"
"2008-01-21T01:00:00.0000000+00:00","8167,47998046875","8220,6298828125","8099,58984375","8110,2001953125","8110,16259765625","5519000"
"2008-01-22T01:00:00.0000000+00:00","7595,169921875","7741,990234375","7566,75","7581,9599609375","7581,9248046875","4674600"
"2008-01-23T01:00:00.0000000+00:00","7708,27001953125","7708,27001953125","7384,60986328125","7408,39990234375","7408,36572265625","5692200"
"2008-01-24T01:00:00.0000000+00:00","7639,22998046875","7653,080078125","7412,97021484375","7517,0498046875","7517,01513671875","5326400"
"2008-01-25T01:00:00.0000000+00:00","7648,2900390625","7739,58984375","7648,2900390625","7739,58984375","7739,55419921875","4640400"
"2008-01-28T01:00:00.0000000+00:00","7678,81005859375","7705,60986328125","7478,2001953125","7485,7900390625","7485,755859375","3969400"
"2008-01-29T01:00:00.0000000+00:00","7593,7099609375","7603,3798828125","7447,43994140625","7576,419921875","7576,384765625","3867400"
"2008-01-30T01:00:00.0000000+00:00","7604,2900390625","7667,06982421875","7507,52001953125","7543,5","7543,46533203125","4061000"
"2008-01-31T01:00:00.0000000+00:00","7528,18017578125","7579,43017578125","7400,740234375","7521,1298828125","7521,09521484375","4342600"
"2008-02-01T01:00:00.0000000+00:00","7613,580078125","7706,02978515625","7583,64990234375","7673,990234375","7673,955078125","4123200"
"2008-02-12T01:00:00.0000000+00:00","7568,2998046875","7619,97998046875","7530,3701171875","7553,2998046875","7553,2646484375","3811000"
"2008-02-13T01:00:00.0000000+00:00","7644,7998046875","7655,89013671875","7533,60009765625","7550,5498046875","7550,5146484375","3561200"
"2008-02-14T01:00:00.0000000+00:00","7711,4501953125","7865,27978515625","7707","7865,27978515625","7865,2431640625","4326600"
"2008-02-15T01:00:00.0000000+00:00","7766,490234375","7888,14990234375","7761,93017578125","7876,3701171875","7876,33349609375","3882600"
"2008-02-18T01:00:00.0000000+00:00","7925,2998046875","7988,02001953125","7872,7099609375","7890,89990234375","7890,86279296875","4036800"
"2008-02-19T01:00:00.0000000+00:00","7985,47021484375","8024,41015625","7932,7900390625","8024,41015625","8024,37255859375","4502800"
"2008-02-20T01:00:00.0000000+00:00","8000,1201171875","8040,830078125","7855,47998046875","7894,47021484375","7894,43310546875","4148400"
"2008-02-21T01:00:00.0000000+00:00","7982,35009765625","8085,93017578125","7972,1298828125","8085,93017578125","8085,892578125","4585400"
"2008-02-22T01:00:00.0000000+00:00","8013,35009765625","8108,7099609375","7986,97021484375","8108,7099609375","8108,67236328125","4923400"
"2008-02-25T01:00:00.0000000+00:00","8228,919921875","8307,75","8228,919921875","8286,3095703125","8286,26953125","6325000"
"2008-02-26T01:00:00.0000000+00:00","8379,5498046875","8386,5400390625","8258,8701171875","8307,669921875","8307,6298828125","6403800"
"2008-02-27T01:00:00.0000000+00:00","8401,1201171875","8462,080078125","8362,9404296875","8462,080078125","8462,0400390625","6403600"
"2008-02-29T01:00:00.0000000+00:00","8367,4501953125","8473,7099609375","8367,4501953125","8412,759765625","8412,7197265625","5924600"
"2008-03-03T01:00:00.0000000+00:00","8213,7001953125","8265,849609375","8147,27001953125","8262,8701171875","8262,830078125","5371400"
"2008-03-04T01:00:00.0000000+00:00","8279,01953125","8471,0703125","8279,01953125","8470,1103515625","8470,0703125","6154200"
"2008-03-05T01:00:00.0000000+00:00","8493,9697265625","8559,58984375","8439,349609375","8483,9501953125","8483,91015625","6387800"
"2008-03-06T01:00:00.0000000+00:00","8559,080078125","8658,6396484375","8526,3701171875","8658,6396484375","8658,599609375","6635600"
"2008-03-07T01:00:00.0000000+00:00","8537,240234375","8624,650390625","8513,240234375","8531,3798828125","8531,33984375","6186600"
"2008-03-10T01:00:00.0000000+00:00","8500,8095703125","8507,2900390625","8286,5703125","8299,3701171875","8299,330078125","5125200"
"2008-03-11T01:00:00.0000000+00:00","8206,740234375","8381,599609375","8206,740234375","8381,599609375","8381,5595703125","4787000"
"2008-03-12T01:00:00.0000000+00:00","8577,849609375","8577,849609375","8424,099609375","8435,2998046875","8435,259765625","5224600"
"2008-03-13T01:00:00.0000000+00:00","8408,4599609375","8447,98046875","8198,76953125","8210,990234375","8210,9501953125","4257000"
"2008-03-14T01:00:00.0000000+00:00","8293,1201171875","8315,23046875","8120,490234375","8161,39013671875","8161,3525390625","4559200"
"2008-03-17T01:00:00.0000000+00:00","8041,31005859375","8053,080078125","7900,7998046875","8005,4599609375","8005,42236328125","4595400"
"2008-03-18T01:00:00.0000000+00:00","8039,2900390625","8082,56982421875","7955,47998046875","8057,81982421875","8057,7822265625","4114800"
"2008-03-19T01:00:00.0000000+00:00","8215,7998046875","8233,4697265625","8142,72998046875","8179,35009765625","8179,3125","4831800"
"2008-03-20T01:00:00.0000000+00:00","8151,52978515625","8343,3798828125","8124,669921875","8337,6201171875","8337,580078125","5514200"
"2008-03-21T01:00:00.0000000+00:00","8453,5595703125","8539,91015625","8412,51953125","8524,990234375","8524,9501953125","6460000"
"2008-03-24T01:00:00.0000000+00:00","9049,23046875","9049,23046875","8781,01953125","8865,349609375","8865,3095703125","8697000"
"2008-03-25T01:00:00.0000000+00:00","8853,7802734375","8899,259765625","8761,009765625","8795,08984375","8795,0498046875","6914000"
"2008-03-26T01:00:00.0000000+00:00","8776,1904296875","8842,51953125","8712,3896484375","8768,01953125","8767,9794921875","6933600"
"2008-03-27T01:00:00.0000000+00:00","8698,16015625","8708,919921875","8559,099609375","8605,9501953125","8605,91015625","6124400"
"2008-03-28T01:00:00.0000000+00:00","8591,91015625","8668,2197265625","8564,0302734375","8623,48046875","8623,4404296875","5444200"
"2008-03-31T01:00:00.0000000+00:00","8605,900390625","8627,5302734375","8499,0302734375","8572,58984375","8572,5498046875","4984600"
"2008-04-01T01:00:00.0000000+00:00","8593,2001953125","8608,9501953125","8419,7197265625","8419,7197265625","8419,6796875","5053400"
"2008-04-02T01:00:00.0000000+00:00","8578,58984375","8619,7802734375","8519,669921875","8605,3203125","8605,2802734375","5023400"
"2008-04-03T01:00:00.0000000+00:00","8593,849609375","8621,58984375","8555,6201171875","8596,33984375","8596,2998046875","4691600"
"2008-04-07T01:00:00.0000000+00:00","8638,6298828125","8729,7900390625","8619,990234375","8729,7900390625","8729,75","4730800"
"2008-04-08T01:00:00.0000000+00:00","8717,0595703125","8725,6904296875","8672,849609375","8672,849609375","8672,8095703125","4826000"
"2008-04-09T01:00:00.0000000+00:00","8684,66015625","8759,75","8628,6201171875","8667,9296875","8667,8896484375","5174000"
"2008-04-10T01:00:00.0000000+00:00","8682,099609375","8829,400390625","8681,8896484375","8829,400390625","8829,3603515625","4983000"
"2008-04-11T01:00:00.0000000+00:00","8872,650390625","8937,1201171875","8840,0400390625","8909,580078125","8909,5390625","7167000"
"2008-04-14T01:00:00.0000000+00:00","8877,4697265625","8928,8701171875","8839,1201171875","8892,6796875","8892,638671875","6673800"
"2008-04-15T01:00:00.0000000+00:00","8931,080078125","8951,5595703125","8885,3203125","8924,7802734375","8924,7392578125","6236200"
"2008-04-16T01:00:00.0000000+00:00","9007,6298828125","9068,9697265625","8981,91015625","9066,0400390625","9065,998046875","7499400"
"2008-04-17T01:00:00.0000000+00:00","9185,580078125","9194,8603515625","9063,6904296875","9090,4296875","9090,3876953125","8117200"
"2008-04-18T01:00:00.0000000+00:00","9092,9296875","9123,0703125","9025,009765625","9074,33984375","9074,2978515625","6308800"
"2008-04-21T01:00:00.0000000+00:00","9156,76953125","9160,099609375","9047,66015625","9083,3203125","9083,2783203125","6144600"
"2008-04-22T01:00:00.0000000+00:00","9067,900390625","9081,2900390625","8997,01953125","9037,25","9037,208984375","5248000"
"2008-04-23T01:00:00.0000000+00:00","9032,6103515625","9079,4296875","8951,5302734375","9008,490234375","9008,44921875","5812200"
"2008-04-24T01:00:00.0000000+00:00","9025,4697265625","9064,150390625","8974,7900390625","8990,330078125","8990,2890625","5208400"
"2008-04-25T01:00:00.0000000+00:00","9053,2998046875","9062,9697265625","8945,2197265625","8947,830078125","8947,7890625","5443800"
"2008-04-28T01:00:00.0000000+00:00","8965,73046875","9079,599609375","8953,9501953125","9079,599609375","9079,5576171875","5140800"
"2008-04-29T01:00:00.0000000+00:00","9056,16015625","9077,76953125","8891,740234375","8891,740234375","8891,69921875","5244800"
"2008-04-30T01:00:00.0000000+00:00","8917,6201171875","8962,990234375","8882,5703125","8919,919921875","8919,87890625","5097200"
"2008-05-02T01:00:00.0000000+00:00","8998,0595703125","9010,7099609375","8950,2802734375","8963,6298828125","8963,5888671875","5657600"
"2008-05-05T01:00:00.0000000+00:00","8968,5400390625","8976,2197265625","8814,48046875","8837,0703125","8837,0302734375","5174600"
"2008-05-06T01:00:00.0000000+00:00","8852,2001953125","8862,5","8782,9599609375","8857,3701171875","8857,330078125","4739600"
"2008-05-07T01:00:00.0000000+00:00","8919,9296875","8977,900390625","8902,1904296875","8926,33984375","8926,298828125","5208200"
"2008-05-08T01:00:00.0000000+00:00","8865,73046875","8880,7099609375","8806,990234375","8866,6201171875","8866,580078125","5033200"
"2008-05-09T01:00:00.0000000+00:00","8895,0498046875","8896,3095703125","8792,3896484375","8792,3896484375","8792,349609375","5184000"
"2008-05-12T01:00:00.0000000+00:00","8808,58984375","8838,990234375","8754,26953125","8830,0498046875","8830,009765625","4324000"
"2008-05-13T01:00:00.0000000+00:00","8894,9404296875","8995,349609375","8859,240234375","8989,5302734375","8989,4892578125","4869000"
"2008-05-14T01:00:00.0000000+00:00","9038,849609375","9056,7998046875","8994,169921875","9018,419921875","9018,37890625","4821000"
"2008-05-15T01:00:00.0000000+00:00","9093,2099609375","9158,9501953125","9087,9501953125","9157,1796875","9157,1376953125","6043800"
"2008-05-16T01:00:00.0000000+00:00","9211,2099609375","9241,51953125","9171,3896484375","9197,41015625","9197,3681640625","6284600"
"2008-05-19T01:00:00.0000000+00:00","9249,5703125","9295,2001953125","9207,26953125","9295,2001953125","9295,158203125","5674400"
"2008-05-20T01:00:00.0000000+00:00","9309,9501953125","9309,9501953125","9057,3095703125","9068,8896484375","9068,84765625","6496800"
"2008-05-21T01:00:00.0000000+00:00","9036,5703125","9079,91015625","8973,150390625","9015,5703125","9015,529296875","5356800"
"2008-05-22T01:00:00.0000000+00:00","8898,9404296875","9008,0302734375","8878,0595703125","9008,0302734375","9007,9892578125","5864600"
"2008-05-23T01:00:00.0000000+00:00","9007,2099609375","9050,7802734375","8834,73046875","8834,73046875","8834,6904296875","5748800"
"2008-05-26T01:00:00.0000000+00:00","8808,740234375","8811,0703125","8706,7802734375","8707,830078125","8707,7900390625","4512800"
"2008-05-27T01:00:00.0000000+00:00","8779,33984375","8789,76953125","8723,7197265625","8778,3896484375","8778,349609375","4165000"
"2008-05-28T01:00:00.0000000+00:00","8826,9404296875","8834,51953125","8665,73046875","8665,73046875","8665,6904296875","4378400"
"2008-05-29T01:00:00.0000000+00:00","8773,8095703125","8794,01953125","8675,7099609375","8684,919921875","8684,8798828125","4699200"
"2008-05-30T01:00:00.0000000+00:00","8762,2998046875","8765,990234375","8548,3203125","8619,080078125","8619,0400390625","5922200"
"2008-06-02T01:00:00.0000000+00:00","8638,48046875","8724,4697265625","8631,4599609375","8724,4697265625","8724,4296875","3714200"
"2008-06-03T01:00:00.0000000+00:00","8664,66015625","8693,48046875","8558,4599609375","8579,4296875","8579,3896484375","3860400"
"2008-06-04T01:00:00.0000000+00:00","8594,8798828125","8635,9404296875","8562,1298828125","8627,7998046875","8627,759765625","3460400"
"2008-06-05T01:00:00.0000000+00:00","8649,7197265625","8745,900390625","8520,7998046875","8738,4599609375","8738,419921875","4056600"
"2008-06-06T01:00:00.0000000+00:00","8802,509765625","8809,330078125","8745,349609375","8745,349609375","8745,3095703125","4092600"
"2008-06-09T01:00:00.0000000+00:00","8522,3701171875","8596,23046875","8514,9296875","8587,9599609375","8587,919921875","3553800"
"2008-06-10T01:00:00.0000000+00:00","8581,990234375","8602,1103515625","8370","8370","8369,9599609375","4150800"
"2008-06-11T01:00:00.0000000+00:00","8402,3095703125","8423,419921875","8297,919921875","8345,58984375","8345,5498046875","3919600"
"2008-06-12T01:00:00.0000000+00:00","8212,33984375","8216,4296875","8053,06982421875","8062,31005859375","8062,2724609375","4918400"
"2008-06-13T01:00:00.0000000+00:00","8119,490234375","8161,64013671875","8042,89013671875","8105,58984375","8105,55224609375","4248200"
"2008-06-16T01:00:00.0000000+00:00","8191,22021484375","8227,3896484375","8139,83984375","8169,77001953125","8169,732421875","3585400"
"2008-06-17T01:00:00.0000000+00:00","8182,35009765625","8203,98046875","8067,9599609375","8201,7900390625","8201,75","3545600"
"2008-06-18T01:00:00.0000000+00:00","8158,64013671875","8253,849609375","8148,60986328125","8217,580078125","8217,5400390625","3427200"
"2008-06-19T01:00:00.0000000+00:00","8075,259765625","8107,2001953125","8044,66015625","8047,740234375","8047,70263671875","3587000"
"2008-06-20T01:00:00.0000000+00:00","8088,3798828125","8088,3798828125","7897,97021484375","7902,43994140625","7902,40283203125","4130200"
"2008-06-23T01:00:00.0000000+00:00","7767,58984375","7916,919921875","7749,6201171875","7876,490234375","7876,45361328125","3589600"
"2008-06-24T01:00:00.0000000+00:00","7888,75","7928,41015625","7738,1201171875","7738,1201171875","7738,08447265625","3847200"
"2008-06-25T01:00:00.0000000+00:00","7751,1201171875","7855,06005859375","7679,080078125","7855,06005859375","7855,0234375","4147400"
"2008-06-26T01:00:00.0000000+00:00","7872,56005859375","7904,89990234375","7801,52001953125","7811,7998046875","7811,76416015625","3821200"
"2008-06-27T01:00:00.0000000+00:00","7489,97021484375","7586,5","7466,2001953125","7548,759765625","7548,724609375","4494400"
"2008-06-30T01:00:00.0000000+00:00","7602,509765625","7604,419921875","7479,2099609375","7523,5400390625","7523,50537109375","3914600"
"2008-07-01T01:00:00.0000000+00:00","7528,5400390625","7569,18017578125","7407,97998046875","7407,97998046875","7407,94580078125","3657400"
"2008-07-02T01:00:00.0000000+00:00","7386,27978515625","7485,27978515625","7351,740234375","7353,85986328125","7353,826171875","4238600"
"2008-07-03T01:00:00.0000000+00:00","7190,75","7439,47021484375","7115,06982421875","7394,10009765625","7394,06591796875","4977200"
"2008-07-04T01:00:00.0000000+00:00","7405,33984375","7416,25","7226,83984375","7228,41015625","7228,376953125","4143200"
"2008-07-07T01:00:00.0000000+00:00","7207,919921875","7343,6298828125","7179,240234375","7341,10986328125","7341,076171875","3441200"
"2008-07-08T01:00:00.0000000+00:00","7274,93994140625","7274,93994140625","7016,2099609375","7051,85009765625","7051,818359375","4377000"
"2008-07-09T01:00:00.0000000+00:00","7153,68017578125","7225,60009765625","7042,4599609375","7048,25","7048,21826171875","4629800"
"2008-07-10T01:00:00.0000000+00:00","7028,6298828125","7141,02001953125","6976,60009765625","7075,64990234375","7075,61767578125","3936000"
"2008-07-11T01:00:00.0000000+00:00","7095,759765625","7258,31005859375","7044,47998046875","7244,759765625","7244,7265625","4526400"
"2008-07-14T01:00:00.0000000+00:00","7214,2099609375","7270,490234375","7140,47021484375","7156,9599609375","7156,92724609375","3766400"
"2008-07-15T01:00:00.0000000+00:00","7022,97998046875","7036,419921875","6832,2998046875","6834,240234375","6834,20849609375","4275000"
"2008-07-16T01:00:00.0000000+00:00","6846,02001953125","6867,72998046875","6708,4599609375","6710,64013671875","6710,60888671875","4331600"
"2008-07-17T01:00:00.0000000+00:00","6892,35009765625","6976,9599609375","6859,97021484375","6974,509765625","6974,47802734375","4572200"
"2008-07-18T01:00:00.0000000+00:00","7075,5","7075,5","6782,2001953125","6815,31982421875","6815,28857421875","5042000"
"2008-07-21T01:00:00.0000000+00:00","6991,7099609375","7097,64990234375","6991,7099609375","7085,669921875","7085,6376953125","4139200"
"2008-07-22T01:00:00.0000000+00:00","7029,83984375","7098,68017578125","6998,1298828125","7065,64990234375","7065,6181640625","3731800"
"2008-07-23T01:00:00.0000000+00:00","7194,22021484375","7330,830078125","7177,72998046875","7309,830078125","7309,79638671875","4987600"
"2008-07-24T01:00:00.0000000+00:00","7357,14990234375","7368,080078125","7294,1298828125","7368,080078125","7368,04638671875","4996800"
"2008-07-25T01:00:00.0000000+00:00","7213,31982421875","7234,1201171875","7170,35986328125","7233,6201171875","7233,5869140625","3616200"
"2008-07-28T01:00:00.0000000+00:00",,,,,,
"2008-07-29T01:00:00.0000000+00:00","7052,580078125","7052,580078125","6958,89013671875","7014,47021484375","7014,4384765625","4042800"
"2008-07-30T01:00:00.0000000+00:00","7147,259765625","7151,330078125","7049,580078125","7070,35009765625","7070,318359375","3467000"
"2008-07-31T01:00:00.0000000+00:00","7135,0400390625","7172,47998046875","6965,080078125","7024,06005859375","7024,0283203125","3700600"
"2008-08-01T01:00:00.0000000+00:00","6920,75","7008","6903,85009765625","7002,5400390625","7002,50830078125","3308000"
"2008-08-04T01:00:00.0000000+00:00","6947,25","7010,93017578125","6927,31005859375","6977,35986328125","6977,328125","3136600"
"2008-08-05T01:00:00.0000000+00:00","7005,169921875","7005,169921875","6809,9599609375","6813,39990234375","6813,36865234375","4177000"
"2008-08-06T01:00:00.0000000+00:00","6941,5","7026,240234375","6921,97021484375","7026,240234375","7026,20849609375","4241600"
"2008-08-07T01:00:00.0000000+00:00","7022,27978515625","7082,35986328125","6993,2001953125","7024,580078125","7024,54833984375","3941800"
"2008-08-08T01:00:00.0000000+00:00","7000,75","7216,580078125","7000,75","7209,0400390625","7209,0068359375","4943200"
"2008-08-11T01:00:00.0000000+00:00","7313,080078125","7357,68994140625","7278,89990234375","7325,6201171875","7325,58642578125","4737000"
"2008-08-12T01:00:00.0000000+00:00","7337,669921875","7337,669921875","7260,1201171875","7293,7998046875","7293,76611328125","4271800"
"2008-08-13T01:00:00.0000000+00:00","7272,490234375","7311,2998046875","7213,10986328125","7292,33984375","7292,30615234375","4123000"
"2008-08-14T01:00:00.0000000+00:00","7265,009765625","7353,31005859375","7253,6298828125","7326,06982421875","7326,0361328125","4276400"
"2008-08-15T01:00:00.0000000+00:00","7374,3798828125","7376,68994140625","7181,68994140625","7196,5","7196,466796875","3853200"
"2008-08-18T01:00:00.0000000+00:00","7189,68017578125","7213,68994140625","6996,77978515625","7000,740234375","7000,70849609375","3594600"
"2008-08-19T01:00:00.0000000+00:00","6876,22998046875","6998,240234375","6849,830078125","6978,60009765625","6978,568359375","3468400"
"2008-08-20T01:00:00.0000000+00:00","6927,4599609375","7053,56005859375","6898,2900390625","7040,89990234375","7040,8681640625","3446000"
"2008-08-21T01:00:00.0000000+00:00","6989,93994140625","7017,10009765625","6918,47998046875","6918,47998046875","6918,4482421875","3318600"
"2008-08-22T01:00:00.0000000+00:00","6966,1201171875","6994,7998046875","6837,25","6911,64013671875","6911,6083984375","3240400"
"2008-08-25T01:00:00.0000000+00:00","6974,06982421875","7050,31005859375","6935,58984375","7030,72021484375","7030,6884765625","3047200"
"2008-08-26T01:00:00.0000000+00:00","6945,14013671875","6980,85009765625","6917,31005859375","6964,60009765625","6964,568359375","2548200"
"2008-08-27T01:00:00.0000000+00:00","6950,8798828125","7106,64013671875","6929,8701171875","7080,97021484375","7080,93798828125","3440000"
"2008-08-28T01:00:00.0000000+00:00","7090,31982421875","7127,83984375","7025,2998046875","7033,3701171875","7033,33837890625","3807800"
"2008-08-29T01:00:00.0000000+00:00","7092,85009765625","7111,7001953125","7021,31982421875","7046,10986328125","7046,078125","3494400"
"2008-09-01T01:00:00.0000000+00:00","6967,22021484375","6967,22021484375","6801,22021484375","6813,08984375","6813,05859375","3445000"
"2008-09-02T01:00:00.0000000+00:00","6802,9599609375","6811,56982421875","6675,08984375","6699,81982421875","6699,78857421875","3458400"
"2008-09-03T01:00:00.0000000+00:00","6706,8701171875","6748,52001953125","6552,10009765625","6584,93017578125","6584,89990234375","3934800"
"2008-09-04T01:00:00.0000000+00:00","6534,669921875","6603,10009765625","6384,14013671875","6412,6298828125","6412,60009765625","4126400"
"2008-09-05T01:00:00.0000000+00:00","6227,06982421875","6347,47021484375","6211,35009765625","6307,27978515625","6307,25048828125","3958400"
"2008-09-08T01:00:00.0000000+00:00","6560,72998046875","6668,4501953125","6548,35986328125","6658,68994140625","6658,6591796875","3317200"
"2008-09-09T01:00:00.0000000+00:00","6598,60986328125","6598,60986328125","6407,75","6424,77001953125","6424,740234375","3529400"
"2008-09-10T01:00:00.0000000+00:00","6396,27978515625","6497,72021484375","6396,27978515625","6458,009765625","6457,97998046875","3995200"
"2008-09-11T01:00:00.0000000+00:00","6438,490234375","6438,490234375","6249,52001953125","6251,9501953125","6251,9208984375","3718000"
"2008-09-12T01:00:00.0000000+00:00","6338,60986328125","6354,68017578125","6171,35009765625","6310,68017578125","6310,65087890625","3648800"
"2008-09-15T01:00:00.0000000+00:00","6198,2998046875","6202,14013671875","6020,7001953125","6052,4501953125","6052,42236328125","3130600"
"2008-09-16T01:00:00.0000000+00:00","5748,169921875","5851,89990234375","5724,52001953125","5756,58984375","5756,56396484375","3532000"
"2008-09-17T01:00:00.0000000+00:00","5953,8798828125","6027,2900390625","5747,2998046875","5800,8701171875","5800,84423828125","4704800"
"2008-09-18T01:00:00.0000000+00:00","5558,0498046875","5681,830078125","5530,18994140625","5641,9501953125","5641,9248046875","4143800"
"2008-09-19T01:00:00.0000000+00:00","5910,759765625","5982,64013671875","5858,18994140625","5970,3798828125","5970,3525390625","4413200"
"2008-09-22T01:00:00.0000000+00:00","6156,85986328125","6156,85986328125","6032,16015625","6110,60009765625","6110,572265625","4353800"
"2008-09-23T01:00:00.0000000+00:00","6016,56005859375","6182,2099609375","6011,7099609375","6182,2099609375","6182,18115234375","4144000"
"2008-09-24T01:00:00.0000000+00:00","6136,97998046875","6198,47998046875","6100,330078125","6132,60009765625","6132,572265625","4209000"
"2008-09-25T01:00:00.0000000+00:00","6056,7001953125","6164,58984375","6028,77001953125","6060,830078125","6060,80224609375","3768200"
"2008-09-26T01:00:00.0000000+00:00","6095,14013671875","6095,14013671875","5881,580078125","5929,6298828125","5929,6025390625","3924400"
"2008-09-29T01:00:00.0000000+00:00",,,,,,
"2008-09-30T01:00:00.0000000+00:00","5534,72021484375","5719,27978515625","5534,72021484375","5719,27978515625","5719,25439453125","2947000"
"2008-10-01T01:00:00.0000000+00:00","5854","5854","5727,72021484375","5764,009765625","5763,98388671875","2825800"
"2008-10-02T01:00:00.0000000+00:00","5764,47998046875","5840,08984375","5672,39013671875","5703,72021484375","5703,69482421875","3026800"
"2008-10-03T01:00:00.0000000+00:00","5611,509765625","5747,72998046875","5558,35009765625","5742,22998046875","5742,2041015625","3179600"
"2008-10-06T01:00:00.0000000+00:00","5566,56005859375","5590,52001953125","5505,7001953125","5505,7001953125","5505,67529296875","2945200"
"2008-10-07T01:00:00.0000000+00:00","5352,89990234375","5539,31005859375","5352,080078125","5524,66015625","5524,63525390625","3008200"
"2008-10-08T01:00:00.0000000+00:00","5374,27001953125","5411,72021484375","5206,39990234375","5206,39990234375","5206,3759765625","3213800"
"2008-10-09T01:00:00.0000000+00:00","5183,43017578125","5295,0498046875","5130,7099609375","5130,7099609375","5130,68603515625","3804400"
"2008-10-13T01:00:00.0000000+00:00","4996,06005859375","5025,72998046875","4971,35986328125","5020,43994140625","5020,41650390625","2205000"
"2008-10-14T01:00:00.0000000+00:00","5321,25","5321,25","5277,2998046875","5291,56005859375","5291,5361328125","3236800"
"2008-10-15T01:00:00.0000000+00:00","5225,0498046875","5246,259765625","5178,68017578125","5246,259765625","5246,23583984375","2673600"
"2008-10-16T01:00:00.0000000+00:00","5069,06982421875","5085,97021484375","5069,06982421875","5075,97021484375","5075,94677734375","1698000"
"2008-10-17T01:00:00.0000000+00:00","4993,7900390625","5024,43017578125","4924,72998046875","4960,39990234375","4960,376953125","3068400"
"2008-10-20T01:00:00.0000000+00:00","4845,31005859375","4931,83984375","4805,68017578125","4931,83984375","4931,8173828125","2195600"
"2008-10-21T01:00:00.0000000+00:00","4988,85009765625","5045,4501953125","4890,31982421875","4942,72021484375","4942,69775390625","3491800"
"2008-10-22T01:00:00.0000000+00:00","4843,7099609375","4955,60986328125","4839,169921875","4862,58984375","4862,5673828125","2598000"
"2008-10-23T01:00:00.0000000+00:00","4706,1298828125","4730,509765625","4706,1298828125","4730,509765625","4730,48828125","1710800"
"2008-10-24T01:00:00.0000000+00:00","4599,1298828125","4603,56005859375","4579,6201171875","4579,6201171875","4579,59912109375","1659800"
"2008-10-27T01:00:00.0000000+00:00","4301,330078125","4391,9501953125","4301,330078125","4366,8701171875","4366,85009765625","2183600"
"2008-10-28T01:00:00.0000000+00:00","4160,52978515625","4425,89990234375","4110,08984375","4399,97021484375","4399,9501953125","4329200"
"2008-10-29T01:00:00.0000000+00:00","4622,5498046875","4622,5498046875","4395,60986328125","4406,52001953125","4406,5","4528000"
"2008-10-30T01:00:00.0000000+00:00","4448,509765625","4684,10986328125","4448,509765625","4683,64013671875","4683,619140625","4037400"
"2008-10-31T01:00:00.0000000+00:00","4707,75","4911,7998046875","4659,669921875","4870,66015625","4870,6376953125","4772600"
"2008-11-03T01:00:00.0000000+00:00","4925,740234375","5010,56982421875","4836,509765625","4995,06005859375","4995,037109375","4325600"
"2008-11-04T01:00:00.0000000+00:00","4991,25","5015,1201171875","4876","4992,6298828125","4992,60693359375","4130200"
"2008-11-05T01:00:00.0000000+00:00","5077,009765625","5095,97998046875","4965,39990234375","4978,259765625","4978,23681640625","4516600"
"2008-11-06T01:00:00.0000000+00:00","4699,08984375","4741,14013671875","4688,10986328125","4694,1201171875","4694,09912109375","3419000"
"2008-11-07T01:00:00.0000000+00:00","4468,080078125","4777,22998046875","4468,080078125","4742,330078125","4742,30859375","3785800"
"2008-11-10T01:00:00.0000000+00:00","4711,60986328125","4772,31982421875","4657,47021484375","4740,27001953125","4740,24853515625","3235200"
"2008-11-11T01:00:00.0000000+00:00","4652,6298828125","4706,18017578125","4593,85986328125","4638,56982421875","4638,548828125","3284600"
"2008-11-12T01:00:00.0000000+00:00","4587,2001953125","4673,330078125","4545,85986328125","4615,56982421875","4615,548828125","2692800"
"2008-11-13T01:00:00.0000000+00:00","4425,25","4438,81982421875","4374,64013671875","4437,830078125","4437,8095703125","3261800"
"2008-11-14T01:00:00.0000000+00:00","4537,43017578125","4541,35009765625","4422,75","4452,7001953125","4452,6796875","3154600"
"2008-11-17T01:00:00.0000000+00:00","4362,52978515625","4475,93017578125","4362,52978515625","4439,7998046875","4439,779296875","2769800"
"2008-11-18T01:00:00.0000000+00:00","4366,33984375","4376,27978515625","4265,0498046875","4305,18017578125","4305,16015625","3185400"
"2008-11-19T01:00:00.0000000+00:00","4266","4320,85009765625","4226,490234375","4284,08984375","4284,06982421875","3091600"
"2008-11-20T01:00:00.0000000+00:00","4120,509765625","4191,3701171875","4089,929931640625","4089,929931640625","4089,9111328125","3195600"
"2008-11-21T01:00:00.0000000+00:00","3962,68994140625","4194,7099609375","3955,429931640625","4171,10009765625","4171,080078125","3333800"
"2008-11-24T01:00:00.0000000+00:00","4158,759765625","4172,490234375","4081,659912109375","4160,5400390625","4160,52001953125","2829600"
"2008-11-25T01:00:00.0000000+00:00","4280,43017578125","4323,93994140625","4220,97021484375","4266,490234375","4266,47021484375","3618400"
"2008-11-26T01:00:00.0000000+00:00","4265,64990234375","4315,080078125","4244,0498046875","4271,7998046875","4271,77978515625","2964600"
"2008-11-27T01:00:00.0000000+00:00","4348,490234375","4472,06982421875","4348,490234375","4453,75","4453,7294921875","3900600"
"2008-11-28T01:00:00.0000000+00:00","4444,3701171875","4476,330078125","4419,02978515625","4460,490234375","4460,4697265625","3740400"
"2008-12-01T01:00:00.0000000+00:00","4436,1201171875","4567,759765625","4418,240234375","4518,43017578125","4518,40966796875","4199000"
"2008-12-02T01:00:00.0000000+00:00","4310,5","4356,97998046875","4292,080078125","4356,97998046875","4356,9599609375","3566600"
"2008-12-03T01:00:00.0000000+00:00","4346,0498046875","4379,25","4289,1298828125","4307,259765625","4307,23974609375","4004000"
"2008-12-04T01:00:00.0000000+00:00","4347,66015625","4347,66015625","4209,91015625","4254,9599609375","4254,93994140625","3747400"
"2008-12-05T01:00:00.0000000+00:00","4213,06982421875","4261,31982421875","4190,02001953125","4225,06982421875","4225,0498046875","2784400"
"2008-12-08T01:00:00.0000000+00:00","4278,60986328125","4424,08984375","4278,60986328125","4418,330078125","4418,31005859375","3766800"
"2008-12-09T01:00:00.0000000+00:00","4479,14013671875","4524,3798828125","4456,43994140625","4472,66015625","4472,6396484375","4553800"
"2008-12-10T01:00:00.0000000+00:00","4470,72998046875","4658,8701171875","4470,72998046875","4658,8701171875","4658,84912109375","5116600"
"2008-12-11T01:00:00.0000000+00:00","4665,0400390625","4694,39990234375","4617,169921875","4655,56982421875","4655,548828125","5446400"
"2008-12-12T01:00:00.0000000+00:00","4600,97021484375","4654,75","4401,0498046875","4481,27001953125","4481,24951171875","5326000"
"2008-12-15T01:00:00.0000000+00:00","4604,5","4676,4599609375","4588,14013671875","4613,72021484375","4613,69921875","3884800"
"2008-12-16T01:00:00.0000000+00:00","4570,52001953125","4616,89013671875","4532,41015625","4616,89013671875","4616,869140625","3529400"
"2008-12-17T01:00:00.0000000+00:00","4706,22998046875","4725,06005859375","4628,22021484375","4648,02001953125","4647,9990234375","5395800"
"2008-12-18T01:00:00.0000000+00:00","4674,35986328125","4694,81005859375","4625,68994140625","4694,81005859375","4694,7890625","4140400"
"2008-12-19T01:00:00.0000000+00:00","4661,68994140625","4723,7001953125","4622,490234375","4694,52001953125","4694,4990234375","4417200"
"2008-12-22T01:00:00.0000000+00:00","4735,169921875","4750,9599609375","4535,5400390625","4535,5400390625","4535,51904296875","4325600"
"2008-12-23T01:00:00.0000000+00:00","4517,0498046875","4523,1298828125","4359,5498046875","4405,85986328125","4405,83984375","3253400"
"2008-12-24T01:00:00.0000000+00:00","4330,419921875","4439,1298828125","4325,4599609375","4423,08984375","4423,06982421875","3077800"
"2008-12-25T01:00:00.0000000+00:00","4430,10009765625","4434,43017578125","4385,77978515625","4413,4501953125","4413,43017578125","2211800"
"2008-12-26T01:00:00.0000000+00:00","4398,52978515625","4466,75","4396,259765625","4425,080078125","4425,06005859375","2233200"
"2008-12-29T01:00:00.0000000+00:00","4429,35009765625","4429,35009765625","4381,490234375","4416,16015625","4416,14013671875","1828000"
"2008-12-30T01:00:00.0000000+00:00","4463,2998046875","4602,2099609375","4463,2998046875","4589,0400390625","4589,01904296875","3194800"
"2008-12-31T01:00:00.0000000+00:00","4627,97998046875","4627,97998046875","4537,52001953125","4591,22021484375","4591,19921875","3320800"
"2009-01-02T01:00:00.0000000+00:00",,,,,,
"2009-01-05T01:00:00.0000000+00:00","4725,259765625","4778,52001953125","4687,56982421875","4698,31005859375","4698,2890625","3626800"
"2009-01-06T01:00:00.0000000+00:00","4719,5400390625","4754,8798828125","4679,43017578125","4727,259765625","4727,23828125","4336400"
"2009-01-07T01:00:00.0000000+00:00","4780,43994140625","4817,43994140625","4752,91015625","4789,83984375","4789,81787109375","4666800"
"2009-01-08T01:00:00.0000000+00:00","4670,6201171875","4687,39990234375","4532,740234375","4535,7900390625","4535,76904296875","3958600"
"2009-01-09T01:00:00.0000000+00:00","4515,10009765625","4546,7099609375","4472,4501953125","4502,740234375","4502,7197265625","3040600"
"2009-01-12T01:00:00.0000000+00:00","4487,68017578125","4523,009765625","4431,0400390625","4453,89990234375","4453,87939453125","3008000"
"2009-01-13T01:00:00.0000000+00:00","4442,3798828125","4532,35986328125","4423,14013671875","4532,35986328125","4532,3388671875","2691200"
"2009-01-14T01:00:00.0000000+00:00","4538,25","4579,240234375","4521,47021484375","4521,47021484375","4521,44970703125","3055800"
"2009-01-15T01:00:00.0000000+00:00","4350,490234375","4351,47021484375","4315,6201171875","4320,77001953125","4320,75","2904600"
"2009-01-16T01:00:00.0000000+00:00","4374,77978515625","4382,43017578125","4313,18994140625","4353,7001953125","4353,68017578125","2642200"
"2009-01-19T01:00:00.0000000+00:00","4389,080078125","4398,52978515625","4366,18994140625","4366,759765625","4366,73974609375","2035000"
"2009-01-20T01:00:00.0000000+00:00","4304,35009765625","4304,35009765625","4242,60986328125","4242,60986328125","4242,58984375","2569600"
"2009-01-21T01:00:00.0000000+00:00","4164,68017578125","4265,330078125","4164,18994140625","4247,97021484375","4247,9501953125","2581800"
"2009-02-02T01:00:00.0000000+00:00","4277,10009765625","4285,1201171875","4240,080078125","4259,97998046875","4259,9599609375","2399800"
"2009-02-03T01:00:00.0000000+00:00","4300,56005859375","4389,8701171875","4295,259765625","4372,81005859375","4372,7900390625","2919000"
"2009-02-04T01:00:00.0000000+00:00","4422,56005859375","4422,56005859375","4366,41015625","4389,97021484375","4389,9501953125","3048800"
"2009-02-05T01:00:00.0000000+00:00","4380,7998046875","4422,41015625","4363,25","4363,25","4363,22998046875","2846200"
"2009-02-06T01:00:00.0000000+00:00","4438,2998046875","4507,2998046875","4432,16015625","4471,25","4471,2294921875","3491000"
"2009-02-09T01:00:00.0000000+00:00","4562,68017578125","4574,740234375","4494,58984375","4494,58984375","4494,5693359375","3619200"
"2009-02-10T01:00:00.0000000+00:00","4524,0498046875","4533,9501953125","4491,83984375","4526,10009765625","4526,07958984375","2979600"
"2009-02-11T01:00:00.0000000+00:00","4448,240234375","4575,9501953125","4448,240234375","4575,9501953125","4575,92919921875","3746400"
"2009-02-12T01:00:00.0000000+00:00","4581,2998046875","4594,75","4466,419921875","4466,419921875","4466,3994140625","3957400"
"2009-02-13T01:00:00.0000000+00:00","4504,7099609375","4599,60986328125","4504,7099609375","4592,5","4592,47900390625","3611600"
"2009-02-16T01:00:00.0000000+00:00","4605,77001953125","4607,97021484375","4575,97998046875","4591,259765625","4591,23876953125","3384600"
"2009-02-17T01:00:00.0000000+00:00","4572,97021484375","4585,27978515625","4475,169921875","4491,77978515625","4491,75927734375","3134600"
"2009-02-18T01:00:00.0000000+00:00","4455,75","4520,669921875","4428,2900390625","4498,3701171875","4498,349609375","3217000"
"2009-02-19T01:00:00.0000000+00:00","4475,16015625","4571,31005859375","4433,43017578125","4528,8701171875","4528,84912109375","3394200"
"2009-02-20T01:00:00.0000000+00:00","4483,91015625","4513,990234375","4436,93994140625","4436,93994140625","4436,919921875","3045400"
"2009-02-23T01:00:00.0000000+00:00","4420,43017578125","4485,35986328125","4371,02001953125","4477,77978515625","4477,75927734375","2863800"
"2009-02-24T01:00:00.0000000+00:00","4407,9501953125","4452,9599609375","4394,759765625","4430,18017578125","4430,16015625","2839200"
"2009-02-25T01:00:00.0000000+00:00","4498,91015625","4549,31982421875","4488,06982421875","4493,740234375","4493,7197265625","3580600"
"2009-02-26T01:00:00.0000000+00:00","4548,52978515625","4556,81982421875","4492,7001953125","4518,56005859375","4518,53955078125","3066200"
"2009-02-27T01:00:00.0000000+00:00","4523,56005859375","4564,31982421875","4507,39013671875","4557,14990234375","4557,12890625","3303400"
"2009-03-02T01:00:00.0000000+00:00","4528,27001953125","4528,27001953125","4408,509765625","4425,830078125","4425,81005859375","3906800"
"2009-03-03T01:00:00.0000000+00:00","4364,3701171875","4435,33984375","4328,0498046875","4435,33984375","4435,31982421875","3511000"
"2009-03-04T01:00:00.0000000+00:00","4442,7099609375","4549,97998046875","4429,509765625","4541,419921875","4541,39892578125","4128200"
"2009-03-05T01:00:00.0000000+00:00","4628,5400390625","4677,89013671875","4598,7998046875","4637,2001953125","4637,17919921875","5018400"
"2009-03-06T01:00:00.0000000+00:00","4604,83984375","4662,35986328125","4597,89013671875","4653,6298828125","4653,60888671875","4139200"
"2009-03-09T01:00:00.0000000+00:00","4643,6201171875","4660,1298828125","4578,0498046875","4628,240234375","4628,21923828125","3938200"
"2009-03-10T01:00:00.0000000+00:00","4605,919921875","4688,6298828125","4605,919921875","4671,02001953125","4670,9990234375","4484400"
"2009-03-11T01:00:00.0000000+00:00","4789,7998046875","4798,06005859375","4747,89013671875","4759,9599609375","4759,9384765625","5713200"
"2009-03-12T01:00:00.0000000+00:00","4782,2099609375","4794,93994140625","4743,759765625","4754,64990234375","4754,62841796875","4327000"
"2009-03-13T01:00:00.0000000+00:00","4844,97021484375","4923,56982421875","4830,169921875","4897,39013671875","4897,36767578125","5976000"
"2009-03-16T01:00:00.0000000+00:00","4940,85009765625","4991,58984375","4915,39990234375","4971,31982421875","4971,296875","5243200"
"2009-03-17T01:00:00.0000000+00:00","4998,89990234375","5050,6298828125","4954,5","5041,39013671875","5041,36669921875","5435200"
"2009-03-18T01:00:00.0000000+00:00","5074,6298828125","5083,5498046875","5021,47998046875","5047,5400390625","5047,5166015625","5605000"
"2009-03-19T01:00:00.0000000+00:00","5090,5","5125,39990234375","5035,81982421875","5035,93017578125","5035,90673828125","6125000"
"2009-03-20T01:00:00.0000000+00:00","5060,25","5069,419921875","4961,6201171875","4961,6201171875","4961,59716796875","5149600"
"2009-03-23T01:00:00.0000000+00:00","5022,60009765625","5124,18017578125","5015,81982421875","5124,18017578125","5124,15625","4549600"
"2009-03-24T01:00:00.0000000+00:00","5237,77978515625","5264,93994140625","5205,93994140625","5242,18017578125","5242,15625","6609200"
"2009-03-25T01:00:00.0000000+00:00","5248,77978515625","5365,81005859375","5226,490234375","5346,3798828125","5346,35595703125","7001400"
"2009-03-26T01:00:00.0000000+00:00","5374,77001953125","5422,9501953125","5335,35009765625","5386,56005859375","5386,53564453125","7339800"
"2009-03-27T01:00:00.0000000+00:00","5468,490234375","5468,490234375","5367,990234375","5390,7001953125","5390,67529296875","7301000"
"2009-03-30T01:00:00.0000000+00:00","5362,89990234375","5362,89990234375","5166,8701171875","5206,0498046875","5206,02587890625","6138600"
"2009-03-31T01:00:00.0000000+00:00","5214,9599609375","5286,4501953125","5194,93017578125","5210,83984375","5210,81591796875","5029000"
"2009-04-02T01:00:00.0000000+00:00","5428,919921875","5477,97021484375","5401,2998046875","5473,77978515625","5473,7548828125","7837800"
"2009-04-03T01:00:00.0000000+00:00","5541,33984375","5567,14990234375","5482,18017578125","5529,6298828125","5529,60498046875","8533200"
"2009-04-06T01:00:00.0000000+00:00","5590,7001953125","5624,27978515625","5521,8798828125","5556,22021484375","5556,1953125","7273200"
"2009-04-07T01:00:00.0000000+00:00","5497,8798828125","5576,85009765625","5484,89013671875","5576,85009765625","5576,8251953125","5954800"
"2009-04-08T01:00:00.0000000+00:00","5534,580078125","5608,9599609375","5435,0400390625","5443,56005859375","5443,53515625","7470600"
"2009-04-09T01:00:00.0000000+00:00","5532,990234375","5667,7998046875","5526,1298828125","5667,7998046875","5667,7744140625","7002600"
"2009-04-10T01:00:00.0000000+00:00","5784,89990234375","5788,2099609375","5696,56005859375","5781,9599609375","5781,93408203125","7954400"
"2009-04-13T01:00:00.0000000+00:00","5814,169921875","5861,10986328125","5784,10009765625","5857,64013671875","5857,61328125","7212600"
"2009-04-14T01:00:00.0000000+00:00","5814,419921875","5898,759765625","5765,81005859375","5892,68017578125","5892,6533203125","6466800"
"2009-04-15T01:00:00.0000000+00:00","5879,85986328125","5904,27978515625","5798,6201171875","5875,18994140625","5875,1630859375","6486200"
"2009-04-16T01:00:00.0000000+00:00","6009,669921875","6025,85009765625","5965,47998046875","5997,169921875","5997,14208984375","7799200"
"2009-04-17T01:00:00.0000000+00:00","6068,5498046875","6071,06005859375","5706,02978515625","5755,3798828125","5755,35400390625","10438800"
"2009-04-20T01:00:00.0000000+00:00","5764,47998046875","5797,6298828125","5648,10009765625","5781,66015625","5781,63427734375","6013800"
"2009-04-21T01:00:00.0000000+00:00","5665,93994140625","5881,41015625","5663,56005859375","5881,41015625","5881,38330078125","5742200"
"2009-04-22T01:00:00.0000000+00:00","5887,47998046875","5925,919921875","5856,1298828125","5886,10986328125","5886,0830078125","6273800"
"2009-04-23T01:00:00.0000000+00:00","5900,4501953125","5903,47021484375","5789,27001953125","5875,240234375","5875,21337890625","6048800"
"2009-04-24T01:00:00.0000000+00:00","5913,1298828125","5987,22998046875","5824,419921875","5880,77001953125","5880,7431640625","6519600"
"2009-04-27T01:00:00.0000000+00:00","5931,8701171875","5946,97021484375","5672,25","5705,0498046875","5705,0244140625","6312600"
"2009-04-28T01:00:00.0000000+00:00","5744,77001953125","5773,52978515625","5596,72998046875","5596,72998046875","5596,70458984375","5991400"
"2009-04-29T01:00:00.0000000+00:00","5627,5400390625","5649,240234375","5571,93017578125","5614,06005859375","5614,03466796875","5284400"
"2009-04-30T01:00:00.0000000+00:00","5964,02978515625","5995,1201171875","5932,02978515625","5992,56982421875","5992,5419921875","5619800"
"2009-05-04T01:00:00.0000000+00:00","6285,60009765625","6356,2900390625","6256,2900390625","6330,39990234375","6330,3701171875","6844800"
"2009-05-05T01:00:00.0000000+00:00","6557,75","6562,77001953125","6326,759765625","6379,93994140625","6379,91015625","9164800"
"2009-05-06T01:00:00.0000000+00:00","6389,5498046875","6570,5","6372,93994140625","6566,7001953125","6566,669921875","9475600"
"2009-05-07T01:00:00.0000000+00:00","6603,52001953125","6628,5400390625","6455,22998046875","6572,8701171875","6572,83984375","10118400"
"2009-05-08T01:00:00.0000000+00:00","6510,22021484375","6587,6201171875","6483,2099609375","6583,8701171875","6583,83984375","7952800"
"2009-05-11T01:00:00.0000000+00:00","6581,7001953125","6680,97021484375","6571,41015625","6647,5","6647,46923828125","7872200"
"2009-05-12T01:00:00.0000000+00:00","6550,27978515625","6553,68994140625","6404,93017578125","6432,5498046875","6432,52001953125","6936000"
"2009-05-13T01:00:00.0000000+00:00","6449,4599609375","6512,06982421875","6435,490234375","6485,14013671875","6485,1103515625","6229200"
"2009-05-14T01:00:00.0000000+00:00","6362,77001953125","6435,41015625","6339,47021484375","6364,169921875","6364,14013671875","6386600"
"2009-05-15T01:00:00.0000000+00:00","6446,39990234375","6520,0400390625","6427,6298828125","6489,08984375","6489,0595703125","6753200"
"2009-05-18T01:00:00.0000000+00:00","6516,1298828125","6577,81005859375","6457,14013671875","6577,81005859375","6577,77978515625","6952000"
"2009-05-19T01:00:00.0000000+00:00","6750,0400390625","6784,259765625","6620,52978515625","6655,58984375","6655,55908203125","8821200"
"2009-05-20T01:00:00.0000000+00:00","6708,5400390625","6740,75","6590,7900390625","6703,6201171875","6703,5888671875","7998600"
"2009-05-21T01:00:00.0000000+00:00","6690,85009765625","6746,10009765625","6650,330078125","6718,81005859375","6718,77880859375","7550800"
"2009-05-22T01:00:00.0000000+00:00","6650,509765625","6781,14013671875","6650,509765625","6737,2900390625","6737,2587890625","7378800"
"2009-05-25T01:00:00.0000000+00:00","6838,7001953125","6878,66015625","6708,18994140625","6734,4599609375","6734,4287109375","7459200"
"2009-05-26T01:00:00.0000000+00:00","6780,3701171875","6830,240234375","6649,9501953125","6683,10986328125","6683,07861328125","8110400"
"2009-05-27T01:00:00.0000000+00:00","6800,56005859375","6930,58984375","6743,39013671875","6890,43994140625","6890,408203125","8228800"
"2009-06-01T01:00:00.0000000+00:00","7033,330078125","7033,330078125","6892,68994140625","6954,10009765625","6954,068359375","7423000"
"2009-06-02T01:00:00.0000000+00:00","7058,1201171875","7084,830078125","6899,97998046875","6949,080078125","6949,04833984375","8740600"
"2009-06-03T01:00:00.0000000+00:00","6915","6931,2900390625","6847,759765625","6893,14013671875","6893,1083984375","5761400"
"2009-06-04T01:00:00.0000000+00:00","6887,8798828125","6907,8701171875","6716,330078125","6786,06005859375","6786,02880859375","5706000"
"2009-06-05T01:00:00.0000000+00:00","6825,72998046875","6829,66015625","6743,14990234375","6767,10009765625","6767,06884765625","4586200"
"2009-06-08T01:00:00.0000000+00:00","6907,31982421875","6907,31982421875","6628,02001953125","6628,02001953125","6627,9892578125","5640800"
"2009-06-09T01:00:00.0000000+00:00","6636,83984375","6640,43994140625","6394,33984375","6414,39013671875","6414,3603515625","5955800"
"2009-06-10T01:00:00.0000000+00:00","6478,4599609375","6512,22021484375","6389,93994140625","6462,27001953125","6462,240234375","4270400"
"2009-06-11T01:00:00.0000000+00:00","6458,6201171875","6567,3701171875","6353,77978515625","6567,3701171875","6567,33984375","4319400"
"2009-06-12T01:00:00.0000000+00:00","6552,580078125","6586,2001953125","6443,85986328125","6448,22998046875","6448,2001953125","4737200"
"2009-06-15T01:00:00.0000000+00:00","6362,22021484375","6383,97998046875","6188,7001953125","6225,56005859375","6225,53125","4354600"
"2009-06-16T01:00:00.0000000+00:00","6220,5400390625","6257,1298828125","6143,240234375","6220,81005859375","6220,78125","4067200"
"2009-06-17T01:00:00.0000000+00:00","6239,509765625","6306,4599609375","6191,580078125","6195,91015625","6195,88134765625","3744200"
"2009-06-18T01:00:00.0000000+00:00","6246,85009765625","6279,35986328125","6100,080078125","6144,52978515625","6144,5009765625","3694000"
"2009-06-19T01:00:00.0000000+00:00","6187,97021484375","6231,8798828125","6151,509765625","6231,14990234375","6231,12109375","3203200"
"2009-06-22T01:00:00.0000000+00:00","6256,3798828125","6348,740234375","6193,08984375","6341,2099609375","6341,18017578125","3511800"
"2009-06-23T01:00:00.0000000+00:00","6206,31005859375","6262,2900390625","6197,47021484375","6197,47021484375","6197,44140625","3407200"
"2009-06-24T01:00:00.0000000+00:00","6230,759765625","6511,97021484375","6191,6298828125","6380,080078125","6380,05029296875","5013200"
"2009-06-25T01:00:00.0000000+00:00","6427,8798828125","6497,3798828125","6404,3798828125","6457,60986328125","6457,580078125","4859200"
"2009-06-26T01:00:00.0000000+00:00","6515,64013671875","6527,85986328125","6460,91015625","6463,56005859375","6463,5302734375","4081400"
"2009-06-29T01:00:00.0000000+00:00","6512,419921875","6522,1298828125","6391,14990234375","6391,14990234375","6391,1201171875","3634600"
"2009-06-30T01:00:00.0000000+00:00","6485,330078125","6503,97998046875","6381,419921875","6432,16015625","6432,13037109375","3719800"
"2009-07-01T01:00:00.0000000+00:00","6445,85009765625","6593,77978515625","6433,68994140625","6578,97021484375","6578,93994140625","3790000"
"2009-07-02T01:00:00.0000000+00:00","6613,72021484375","6686,7001953125","6600,91015625","6667,52978515625","6667,4990234375","5084600"
"2009-07-03T01:00:00.0000000+00:00","6632,97998046875","6685,27978515625","6607,6201171875","6665,39990234375","6665,369140625","4293000"
"2009-07-06T01:00:00.0000000+00:00","6691,02001953125","6693,43994140625","6615,89990234375","6649,91015625","6649,87939453125","3910000"
"2009-07-07T01:00:00.0000000+00:00","6675,81005859375","6745,31005859375","6656,89013671875","6715,22021484375","6715,18896484375","4519000"
"2009-07-08T01:00:00.0000000+00:00","6667,97998046875","6692,759765625","6629,830078125","6668,14013671875","6668,109375","4213200"
"2009-07-09T01:00:00.0000000+00:00","6696,72021484375","6803,830078125","6696,72021484375","6748,18017578125","6748,14892578125","5196000"
"2009-07-10T01:00:00.0000000+00:00","6807,4599609375","6807,4599609375","6739,0498046875","6769,85986328125","6769,82861328125","3974800"
"2009-07-13T01:00:00.0000000+00:00","6795,22998046875","6797,72021484375","6525,89990234375","6530,81982421875","6530,78955078125","4624600"
"2009-07-14T01:00:00.0000000+00:00","6584,89990234375","6657,169921875","6568,91015625","6639,41015625","6639,37939453125","3484400"
"2009-07-15T01:00:00.0000000+00:00","6672,27978515625","6774,27978515625","6651,85986328125","6738,60009765625","6738,56884765625","4834400"
"2009-07-16T01:00:00.0000000+00:00","6863,85986328125","6878,68017578125","6770,509765625","6780,2998046875","6780,2685546875","5189000"
"2009-07-17T01:00:00.0000000+00:00","6851,9599609375","6870,580078125","6791,75","6850,990234375","6850,95849609375","4515600"
"2009-07-20T01:00:00.0000000+00:00","6921,64013671875","6961,4501953125","6861,02001953125","6938,85986328125","6938,828125","5191200"
"2009-07-21T01:00:00.0000000+00:00","6995,5","7002,31982421875","6904,8798828125","6953,33984375","6953,30810546875","5426600"
"2009-07-22T01:00:00.0000000+00:00","6979,41015625","7030,1298828125","6955,3701171875","6985,31982421875","6985,2880859375","5753600"
"2009-07-23T01:00:00.0000000+00:00","6987,7900390625","7023,669921875","6926,27001953125","6980,8798828125","6980,84814453125","5020600"
"2009-07-24T01:00:00.0000000+00:00","7046,4599609375","7046,4599609375","6950,919921875","6973,27978515625","6973,248046875","5299200"
"2009-07-27T01:00:00.0000000+00:00","7008,18017578125","7059,4599609375","6954,2998046875","7028,43017578125","7028,3984375","4144400"
"2009-07-28T01:00:00.0000000+00:00","7038,72998046875","7142,6298828125","7038,72998046875","7142,6298828125","7142,59716796875","5615400"
"2009-07-29T01:00:00.0000000+00:00","7185,52001953125","7185,52001953125","7070,72021484375","7083,6298828125","7083,59765625","5961400"
"2009-07-30T01:00:00.0000000+00:00","7063,47021484375","7068,43017578125","6944,5","7027,10986328125","7027,078125","5035400"
"2009-07-31T01:00:00.0000000+00:00","7111,14990234375","7132,10986328125","7044,7001953125","7077,7099609375","7077,677734375","5679600"
"2009-08-03T01:00:00.0000000+00:00","7036,47021484375","7084,58984375","6986,2900390625","7056,7099609375","7056,67822265625","5150200"
"2009-08-04T01:00:00.0000000+00:00","7129,43017578125","7138,93994140625","6921,0400390625","6955,8701171875","6955,83837890625","6550000"
"2009-08-05T01:00:00.0000000+00:00","6979,72998046875","7013,60009765625","6827,16015625","6848,240234375","6848,20849609375","4982800"
"2009-08-06T01:00:00.0000000+00:00","6886,7001953125","6888,08984375","6775,8701171875","6868,64990234375","6868,6181640625","5078400"
"2009-08-07T01:00:00.0000000+00:00",,,,,,
"2009-08-10T01:00:00.0000000+00:00","6858,8701171875","6909,16015625","6836,9599609375","6882,8701171875","6882,83837890625","3538400"
"2009-08-11T01:00:00.0000000+00:00","6904,4501953125","6921,85009765625","6812,06005859375","6909,02001953125","6908,98828125","3696000"
"2009-08-12T01:00:00.0000000+00:00","6878,33984375","6933,509765625","6864,91015625","6898,89990234375","6898,8681640625","3640000"
"2009-08-13T01:00:00.0000000+00:00","6949,5","7037,47021484375","6931,5498046875","7034,9599609375","7034,92822265625","4410000"
"2009-08-14T01:00:00.0000000+00:00","7091,81982421875","7132,330078125","7062,490234375","7069,509765625","7069,47802734375","4547600"
"2009-08-17T01:00:00.0000000+00:00","7034,27001953125","7051,77978515625","6931,7998046875","6931,7998046875","6931,76806640625","3537400"
"2009-08-18T01:00:00.0000000+00:00","6843,27001953125","6904,64013671875","6746,2998046875","6789,77001953125","6789,73876953125","4096400"
"2009-08-19T01:00:00.0000000+00:00","6843,68994140625","6854,58984375","6786,7900390625","6788,580078125","6788,548828125","2661000"
"2009-08-20T01:00:00.0000000+00:00","6784,91015625","6784,91015625","6647,31982421875","6733,22998046875","6733,19873046875","3529000"
"2009-08-21T01:00:00.0000000+00:00","6785,7001953125","6824,64990234375","6629,10009765625","6654,7998046875","6654,76904296875","3871400"
"2009-08-24T01:00:00.0000000+00:00","6766,759765625","6859,7900390625","6762,68017578125","6838,25","6838,21826171875","3082400"
"2009-08-25T01:00:00.0000000+00:00","6840,27001953125","6865,919921875","6800,35009765625","6809,41015625","6809,37890625","2951200"
"2009-08-26T01:00:00.0000000+00:00","6816,419921875","6827,89013671875","6663,83984375","6719,2099609375","6719,1787109375","3765600"
"2009-08-27T01:00:00.0000000+00:00","6678,240234375","6753,72998046875","6658,72998046875","6690,75","6690,71875","3009200"
"2009-08-28T01:00:00.0000000+00:00","6727,419921875","6824,64990234375","6711,16015625","6809,85986328125","6809,82861328125","3223200"
"2009-08-31T01:00:00.0000000+00:00","6844,91015625","6848,9599609375","6760,0498046875","6825,9501953125","6825,9189453125","3066000"
"2009-09-01T01:00:00.0000000+00:00","6834,6298828125","7019,75","6807,6201171875","7019,75","7019,71826171875","4414000"
"2009-09-02T01:00:00.0000000+00:00","6966,18017578125","7057,009765625","6961,009765625","7039,77001953125","7039,73828125","4190000"
"2009-09-03T01:00:00.0000000+00:00","7060,66015625","7131,31005859375","7011,35986328125","7104,64990234375","7104,61767578125","4667200"
"2009-09-04T01:00:00.0000000+00:00","7167,240234375","7178,5400390625","7121,2099609375","7153,1298828125","7153,09716796875","4596200"
"2009-09-07T01:00:00.0000000+00:00","7192,16015625","7240,33984375","7169,39990234375","7224,58984375","7224,556640625","4238800"
"2009-09-08T01:00:00.0000000+00:00","7263,22998046875","7350,8798828125","7202,68994140625","7313,990234375","7313,95654296875","5261400"
"2009-09-09T01:00:00.0000000+00:00","7344,259765625","7363,10986328125","7250,72021484375","7250,72021484375","7250,6865234375","4678400"
"2009-09-10T01:00:00.0000000+00:00","7507,490234375","7507,490234375","7286,81982421875","7332,080078125","7332,04638671875","5713400"
"2009-09-11T01:00:00.0000000+00:00","7300,009765625","7355,9599609375","7295,85009765625","7337,14013671875","7337,1064453125","3511000"
"2009-09-14T01:00:00.0000000+00:00","7337,0400390625","7350,919921875","7218,18017578125","7256,9501953125","7256,91650390625","3366800"
"2009-09-15T01:00:00.0000000+00:00","7269,89990234375","7362,16015625","7252,330078125","7346,259765625","7346,22607421875","3504400"
"2009-09-16T01:00:00.0000000+00:00","7414,9599609375","7457,39990234375","7391,83984375","7440,240234375","7440,2060546875","4713200"
"2009-09-17T01:00:00.0000000+00:00","7502,68994140625","7513,72998046875","7451,2998046875","7477,2998046875","7477,265625","5246000"
"2009-09-18T01:00:00.0000000+00:00","7463,39013671875","7526,5498046875","7434,830078125","7526,5498046875","7526,51513671875","4007200"
"2009-09-21T01:00:00.0000000+00:00","7523","7558,8798828125","7439,02978515625","7502,4599609375","7502,42578125","4405600"
"2009-09-22T01:00:00.0000000+00:00","7522,830078125","7526,22998046875","7463,41015625","7469,02978515625","7468,99560546875","4144200"
"2009-09-23T01:00:00.0000000+00:00","7493,97998046875","7534,66015625","7352,22998046875","7376,759765625","7376,7255859375","4639400"
"2009-09-24T01:00:00.0000000+00:00","7372,10986328125","7386,990234375","7280,0400390625","7324,22021484375","7324,1865234375","3257400"
"2009-09-25T01:00:00.0000000+00:00","7298,3701171875","7361,93017578125","7284,330078125","7345,22021484375","7345,1865234375","3383600"
"2009-09-28T01:00:00.0000000+00:00","7332,490234375","7354,7998046875","7257,6298828125","7284,60986328125","7284,576171875","2706200"
"2009-09-29T01:00:00.0000000+00:00","7385,83984375","7436,2900390625","7378,97021484375","7429,97998046875","7429,94580078125","3576200"
"2009-09-30T01:00:00.0000000+00:00","7456,56982421875","7534,5498046875","7443,8798828125","7509,169921875","7509,1357421875","4198800"
"2009-10-01T01:00:00.0000000+00:00","7581,3798828125","7599,6201171875","7492,6201171875","7545,2900390625","7545,2548828125","4968000"
"2009-10-02T01:00:00.0000000+00:00","7415,16015625","7483,43017578125","7391,6298828125","7411,8798828125","7411,845703125","4034400"
"2009-10-05T01:00:00.0000000+00:00","7424,240234375","7437,97998046875","7381,02001953125","7437,97998046875","7437,94580078125","3274000"
"2009-10-06T01:00:00.0000000+00:00","7479,509765625","7566,8798828125","7447,5400390625","7536,0498046875","7536,01513671875","4920600"
"2009-10-07T01:00:00.0000000+00:00","7617,7900390625","7619,02978515625","7562,89990234375","7608,66015625","7608,625","5540000"
"2009-10-08T01:00:00.0000000+00:00","7615,60986328125","7635,66015625","7500,31982421875","7503,31005859375","7503,27587890625","5664000"
"2009-10-09T01:00:00.0000000+00:00","7572,7900390625","7597,7900390625","7506,77001953125","7571,9599609375","7571,9248046875","4741200"
"2009-10-12T01:00:00.0000000+00:00","7620,169921875","7620,169921875","7537,2001953125","7599,8798828125","7599,8447265625","4193400"
"2009-10-13T01:00:00.0000000+00:00","7484,4599609375","7607,41015625","7471,52978515625","7596,60009765625","7596,56494140625","4785600"
"2009-10-14T01:00:00.0000000+00:00","7649,06982421875","7700,419921875","7618,7900390625","7695,75","7695,71484375","5239000"
"2009-10-15T01:00:00.0000000+00:00","7778,35009765625","7780,66015625","7692,580078125","7710,39990234375","7710,36474609375","6033800"
"2009-10-16T01:00:00.0000000+00:00","7712,02978515625","7738,0400390625","7691,39013671875","7715,10009765625","7715,06494140625","4219000"
"2009-10-19T01:00:00.0000000+00:00","7712,330078125","7758,1298828125","7691,2099609375","7751,31982421875","7751,2841796875","4011000"
"2009-10-20T01:00:00.0000000+00:00","7808,02978515625","7811,919921875","7753,52001953125","7753,52001953125","7753,484375","4478600"
"2009-10-21T01:00:00.0000000+00:00","7751,75","7774,39990234375","7675,60986328125","7701,5","7701,46484375","4621000"
"2009-10-22T01:00:00.0000000+00:00","7692,75","7710,81982421875","7577,89013671875","7607,93017578125","7607,89501953125","4868600"
"2009-10-23T01:00:00.0000000+00:00","7651,64013671875","7671,91015625","7614,75","7649,27978515625","7649,24462890625","3945200"
"2009-10-26T01:00:00.0000000+00:00","7701,18994140625","7751,68017578125","7658,22021484375","7668,39990234375","7668,36474609375","3758000"
"2009-10-27T01:00:00.0000000+00:00","7635,08984375","7657,33984375","7586,52978515625","7657,33984375","7657,3046875","3260600"
"2009-10-28T01:00:00.0000000+00:00","7637,43994140625","7675,14990234375","7533,9501953125","7533,9501953125","7533,91552734375","3735200"
"2009-10-29T01:00:00.0000000+00:00","7417,1298828125","7426,47021484375","7233,6298828125","7355,68994140625","7355,65625","5153800"
"2009-10-30T01:00:00.0000000+00:00","7428,72021484375","7433,2099609375","7340,080078125","7340,080078125","7340,04638671875","3621000"
"2009-11-02T01:00:00.0000000+00:00","7238,2998046875","7336,64990234375","7218,89013671875","7335,18017578125","7335,146484375","3131000"
"2009-11-03T01:00:00.0000000+00:00","7339,35986328125","7368,27978515625","7314,97021484375","7322,93017578125","7322,896484375","2929000"
"2009-11-04T01:00:00.0000000+00:00","7375,81982421875","7467,0400390625","7365,259765625","7467,0400390625","7467,005859375","3706800"
"2009-11-05T01:00:00.0000000+00:00","7471,60986328125","7481,580078125","7412,740234375","7417,4599609375","7417,42578125","3193400"
"2009-11-06T01:00:00.0000000+00:00","7516,39990234375","7521,009765625","7450,68017578125","7463,0498046875","7463,015625","3327200"
"2009-11-09T01:00:00.0000000+00:00","7562,58984375","7562,58984375","7512,5","7536,7001953125","7536,66552734375","2950400"
"2009-11-10T01:00:00.0000000+00:00","7613,33984375","7614,5400390625","7576,27978515625","7593,490234375","7593,455078125","3245200"
"2009-11-11T01:00:00.0000000+00:00","7603,68017578125","7670,759765625","7555,830078125","7668,06005859375","7668,02490234375","3483200"
"2009-11-12T01:00:00.0000000+00:00","7682,75","7709,89013671875","7658,60009765625","7670,93017578125","7670,89501953125","4008400"
"2009-11-13T01:00:00.0000000+00:00","7651,1298828125","7695,10986328125","7639,56982421875","7665,6298828125","7665,5947265625","3472400"
"2009-11-16T01:00:00.0000000+00:00","7701,97021484375","7792,68017578125","7699,31982421875","7792,68017578125","7792,64453125","4253800"
"2009-11-17T01:00:00.0000000+00:00","7875,47998046875","7875,47998046875","7733,2099609375","7733,2099609375","7733,1748046875","5580800"
"2009-11-18T01:00:00.0000000+00:00","7766,68017578125","7803,35986328125","7737,58984375","7766,68994140625","7766,654296875","4668200"
"2009-11-19T01:00:00.0000000+00:00","7767,97998046875","7797,41015625","7751,06005859375","7759,97998046875","7759,9443359375","4462200"
"2009-11-20T01:00:00.0000000+00:00","7741,72021484375","7741,72021484375","7649,18994140625","7682,97021484375","7682,93505859375","4312200"
"2009-11-23T01:00:00.0000000+00:00","7694,89990234375","7714,7001953125","7671,5400390625","7687,14990234375","7687,11474609375","3229800"
"2009-11-24T01:00:00.0000000+00:00","7723,1298828125","7735,91015625","7696,10009765625","7714,56005859375","7714,52490234375","3854600"
"2009-11-25T01:00:00.0000000+00:00","7718,77978515625","7784,27978515625","7716,35986328125","7756,31005859375","7756,2744140625","4332400"
"2009-11-26T01:00:00.0000000+00:00","7795,259765625","7818","7733,75","7739,16015625","7739,12451171875","4478000"
"2009-11-27T01:00:00.0000000+00:00","7614,41015625","7633,5","7490,91015625","7490,91015625","7490,8759765625","5113000"
"2009-11-30T01:00:00.0000000+00:00","7582,68994140625","7604,5498046875","7569,240234375","7582,2099609375","7582,1748046875","3368600"
"2009-12-01T01:00:00.0000000+00:00","7615,9501953125","7659,81982421875","7549,009765625","7649,22998046875","7649,19482421875","4044400"
"2009-12-02T01:00:00.0000000+00:00","7715,64013671875","7741,85009765625","7671,990234375","7677,6201171875","7677,5849609375","4569600"
"2009-12-03T01:00:00.0000000+00:00","7733,509765625","7738,02978515625","7658,509765625","7684,669921875","7684,634765625","3625600"
"2009-12-04T01:00:00.0000000+00:00","7685,14013671875","7707,10986328125","7650,77001953125","7650,91015625","7650,875","3648400"
"2009-12-07T01:00:00.0000000+00:00","7704,68994140625","7783,2001953125","7704,68994140625","7775,64013671875","7775,6044921875","4278400"
"2009-12-08T01:00:00.0000000+00:00","7802,27001953125","7802,27001953125","7731,009765625","7768,7099609375","7768,67431640625","4230200"
"2009-12-09T01:00:00.0000000+00:00","7747,60009765625","7797,419921875","7742,919921875","7797,419921875","7797,38427734375","4522800"
"2009-12-10T01:00:00.0000000+00:00","7822,66015625","7829,41015625","7631,06005859375","7677,91015625","7677,875","5702200"
"2009-12-11T01:00:00.0000000+00:00","7709,9599609375","7795,06982421875","7700,759765625","7795,06982421875","7795,0341796875","4659000"
"2009-12-14T01:00:00.0000000+00:00","7793,14013671875","7841,509765625","7770,2001953125","7819,1298828125","7819,09423828125","4857800"
"2009-12-15T01:00:00.0000000+00:00","7838,52978515625","7846,77978515625","7792,56005859375","7807,6201171875","7807,58447265625","4637400"
"2009-12-16T01:00:00.0000000+00:00","7801,2998046875","7801,2998046875","7724,580078125","7751,60009765625","7751,564453125","3958400"
"2009-12-17T01:00:00.0000000+00:00","7804,7001953125","7836,43017578125","7728,8798828125","7742,169921875","7742,13427734375","4446200"
"2009-12-18T01:00:00.0000000+00:00","7690,43994140625","7753,6298828125","7688","7753,6298828125","7753,59423828125","3473600"
"2009-12-21T01:00:00.0000000+00:00","7797,64990234375","7827,14013671875","7787,27001953125","7787,27001953125","7787,234375","3749600"
"2009-12-22T01:00:00.0000000+00:00","7850,0498046875","7871,58984375","7823,33984375","7856","7855,96337890625","3844600"
"2009-12-23T01:00:00.0000000+00:00","7892,75","7910,8798828125","7873,22021484375","7901,5","7901,462890625","4158200"
"2009-12-24T01:00:00.0000000+00:00","7935,33984375","7988,14990234375","7928,08984375","7963,5400390625","7963,5029296875","4802600"
"2009-12-25T01:00:00.0000000+00:00","8007,5","8009","7965,3701171875","7972,58984375","7972,552734375","4429400"
"2009-12-28T01:00:00.0000000+00:00","8007,5400390625","8079,6201171875","8007,5400390625","8057,490234375","8057,45263671875","5306400"
"2009-12-29T01:00:00.0000000+00:00","8088,009765625","8088,009765625","8031,490234375","8053,830078125","8053,79248046875","4764000"
"2009-12-30T01:00:00.0000000+00:00","8078,91015625","8118,6298828125","8060,330078125","8112,27978515625","8112,2421875","5184200"
"2009-12-31T01:00:00.0000000+00:00","8155,169921875","8188,7998046875","8138,580078125","8188,10986328125","8188,072265625","5857800"
"2010-01-04T01:00:00.0000000+00:00","8222,419921875","8240,4501953125","8143,4501953125","8207,849609375","8207,8095703125","6429400"
"2010-01-05T01:00:00.0000000+00:00","8277,7099609375","8283,6396484375","8162,5400390625","8211,400390625","8211,3603515625","6762000"
"2010-01-06T01:00:00.0000000+00:00","8237,099609375","8327,8701171875","8216,919921875","8327,6201171875","8327,580078125","6421600"
"2010-01-07T01:00:00.0000000+00:00","8344,5595703125","8369,5498046875","8233,58984375","8237,419921875","8237,3798828125","7133000"
"2010-01-08T01:00:00.0000000+00:00","8266,8701171875","8290,66015625","8178,93017578125","8280,900390625","8280,8603515625","5764400"
"2010-01-11T01:00:00.0000000+00:00","8291,51953125","8357,900390625","8281,7197265625","8323,8203125","8323,7802734375","5857000"
"2010-01-12T01:00:00.0000000+00:00","8343,73046875","8356,9697265625","8262,580078125","8309,3701171875","8309,330078125","5246000"
"2010-01-13T01:00:00.0000000+00:00","8229,25","8257,830078125","8194,8095703125","8196,5595703125","8196,51953125","4925600"
"2010-01-14T01:00:00.0000000+00:00","8245,8603515625","8313,9404296875","8237,669921875","8289,98046875","8289,9404296875","4837200"
"2010-01-15T01:00:00.0000000+00:00","8340,599609375","8380,23046875","8325,8203125","8356,8896484375","8356,849609375","5643400"
"2010-01-18T01:00:00.0000000+00:00","8290,3798828125","8367,650390625","8290,3798828125","8337,8203125","8337,7802734375","5100400"
"2010-01-19T01:00:00.0000000+00:00","8387,66015625","8395,3896484375","8227,2998046875","8249","8248,9599609375","5582400"
"2010-01-20T01:00:00.0000000+00:00","8309,1904296875","8309,1904296875","8191,43994140625","8220,9296875","8220,8896484375","5009800"
"2010-01-21T01:00:00.0000000+00:00","8189,5","8208,2099609375","8107,5498046875","8127,8701171875","8127,83251953125","4596800"
"2010-01-22T01:00:00.0000000+00:00","7986,43017578125","8015,9501953125","7912,85009765625","7927,31005859375","7927,27294921875","4907200"
"2010-01-25T01:00:00.0000000+00:00","7845,2998046875","7938,14013671875","7828,33984375","7872,990234375","7872,95361328125","3663800"
"2010-01-26T01:00:00.0000000+00:00","7903,02978515625","7922,06982421875","7572,580078125","7598,81005859375","7598,77490234375","5680000"
"2010-01-27T01:00:00.0000000+00:00","7639,72021484375","7656,9501953125","7530,41015625","7560,02978515625","7559,99462890625","3986200"
"2010-01-28T01:00:00.0000000+00:00","7630,16015625","7756,77001953125","7607,56005859375","7694,580078125","7694,544921875","3931200"
"2010-01-29T01:00:00.0000000+00:00","7593,3798828125","7649,72998046875","7481,89990234375","7640,43994140625","7640,40478515625","3949400"
"2010-02-01T01:00:00.0000000+00:00","7653,89013671875","7661,7001953125","7493,81005859375","7524,669921875","7524,63525390625","3222400"
"2010-02-02T01:00:00.0000000+00:00","7633,740234375","7635,72998046875","7398,7998046875","7429,60986328125","7429,57568359375","3759800"
"2010-02-03T01:00:00.0000000+00:00","7523,7900390625","7550,81982421875","7441,919921875","7547,97998046875","7547,94482421875","3152400"
"2010-02-04T01:00:00.0000000+00:00","7563,18994140625","7578,18017578125","7504,9599609375","7542,0400390625","7542,00537109375","2813800"
"2010-02-05T01:00:00.0000000+00:00","7323,16015625","7352,97998046875","7196,39013671875","7217,830078125","7217,796875","4614600"
"2010-02-08T01:00:00.0000000+00:00","7236,6298828125","7253,240234375","7173,18017578125","7215,8798828125","7215,8466796875","3033600"
"2010-02-09T01:00:00.0000000+00:00","7225,7099609375","7381,81982421875","7197,1298828125","7361,0400390625","7361,00634765625","3730000"
"2010-02-10T01:00:00.0000000+00:00","7438,1201171875","7496,33984375","7404,97021484375","7441,83984375","7441,8056640625","3984400"
"2010-02-22T01:00:00.0000000+00:00","7619,8701171875","7619,8701171875","7553,2900390625","7560,0400390625","7560,0048828125","3187400"
"2010-02-23T01:00:00.0000000+00:00","7575,6201171875","7597,43994140625","7502,4501953125","7597,43994140625","7597,40478515625","2992800"
"2010-02-24T01:00:00.0000000+00:00","7516,47021484375","7585,18994140625","7515,3798828125","7529,669921875","7529,63525390625","2858200"
"2010-02-25T01:00:00.0000000+00:00","7568,419921875","7568,419921875","7400,419921875","7426,9599609375","7426,92578125","3420800"
"2010-02-26T01:00:00.0000000+00:00","7451,169921875","7479,27978515625","7383,68017578125","7436,10009765625","7436,06591796875","2737400"
"2010-03-01T01:00:00.0000000+00:00","7492,83984375","7620,56005859375","7451,08984375","7577,75","7577,71484375","3501600"
"2010-03-02T01:00:00.0000000+00:00","7649,6201171875","7664,490234375","7592,66015625","7597,6201171875","7597,5849609375","3158200"
"2010-03-03T01:00:00.0000000+00:00","7628,77978515625","7670,25","7604,85986328125","7629,52001953125","7629,48486328125","3005000"
"2010-03-04T01:00:00.0000000+00:00","7664","7664","7524,18994140625","7569,7998046875","7569,7646484375","3480400"
"2010-03-05T01:00:00.0000000+00:00","7659,759765625","7694,89013671875","7618","7666,259765625","7666,224609375","3218800"
"2010-03-08T01:00:00.0000000+00:00","7741,7998046875","7763,759765625","7716,27978515625","7762,27001953125","7762,234375","3455000"
"2010-03-09T01:00:00.0000000+00:00","7762,39990234375","7770,58984375","7737,64990234375","7770,58984375","7770,55419921875","2978600"
"2010-03-10T01:00:00.0000000+00:00","7797,7001953125","7803,27001953125","7736,7001953125","7779,080078125","7779,04443359375","2974000"
"2010-03-11T01:00:00.0000000+00:00","7817,58984375","7818,83984375","7749,39990234375","7749,66015625","7749,62451171875","3106000"
"2010-03-12T01:00:00.0000000+00:00","7773,52001953125","7773,52001953125","7726,08984375","7748,330078125","7748,29443359375","2575400"
"2010-03-15T01:00:00.0000000+00:00","7750,8701171875","7766,35986328125","7634,919921875","7634,919921875","7634,884765625","2705800"
"2010-03-16T01:00:00.0000000+00:00","7671,41015625","7695,81005859375","7645,169921875","7695,6298828125","7695,5947265625","2343400"
"2010-03-17T01:00:00.0000000+00:00","7763,43017578125","7849,3798828125","7762,85009765625","7847,83984375","7847,8037109375","3959000"
"2010-03-18T01:00:00.0000000+00:00","7861,27001953125","7922,47998046875","7847,5498046875","7886,33984375","7886,302734375","4674600"
"2010-03-19T01:00:00.0000000+00:00","7899,009765625","7899,009765625","7859,2900390625","7897,91015625","7897,873046875","4037000"
"2010-03-22T01:00:00.0000000+00:00","7861,89990234375","7872,77978515625","7791,25","7835,97998046875","7835,94384765625","3768800"
"2010-03-23T01:00:00.0000000+00:00","7880,1201171875","7889,0400390625","7804,39990234375","7811,8701171875","7811,83447265625","4063400"
"2010-03-24T01:00:00.0000000+00:00","7875,27001953125","7881,3701171875","7822,7099609375","7822,7099609375","7822,673828125","4041400"
"2010-03-25T01:00:00.0000000+00:00","7824,740234375","7856,31005859375","7753,509765625","7838,10009765625","7838,06396484375","3696800"
"2010-03-26T01:00:00.0000000+00:00","7808,14990234375","7909,41015625","7770,419921875","7876,85986328125","7876,8232421875","3781000"
"2010-03-29T01:00:00.0000000+00:00","7918,9501953125","7961,14013671875","7909,06005859375","7947,4501953125","7947,4130859375","3972800"
"2010-03-30T01:00:00.0000000+00:00","7992,1201171875","7994,6201171875","7942,47021484375","7962,22021484375","7962,18310546875","3880200"
"2010-03-31T01:00:00.0000000+00:00","7962,91015625","7974,89013671875","7920,06005859375","7920,06005859375","7920,02294921875","3841600"
"2010-04-01T01:00:00.0000000+00:00","7952,6201171875","8026,06005859375","7952,6201171875","8013,08984375","8013,05224609375","4758600"
"2010-04-02T01:00:00.0000000+00:00","8046,2900390625","8050,990234375","8021,91015625","8025,93017578125","8025,892578125","3764600"
"2010-04-06T01:00:00.0000000+00:00","8083,02978515625","8128,080078125","8082,3701171875","8089,64990234375","8089,6123046875","4339600"
"2010-04-07T01:00:00.0000000+00:00","8131,39990234375","8133,4501953125","8091,27978515625","8121,77978515625","8121,7421875","4172600"
"2010-04-08T01:00:00.0000000+00:00","8106","8149,68017578125","8038,3701171875","8057,60009765625","8057,5625","5082800"
"2010-04-09T01:00:00.0000000+00:00","8073,52001953125","8094,35009765625","8039,41015625","8092,02978515625","8091,9921875","3819000"
"2010-04-12T01:00:00.0000000+00:00","8149,759765625","8152,52978515625","8092,93994140625","8117,75","8117,71240234375","4184800"
"2010-04-13T01:00:00.0000000+00:00","8090,5400390625","8104,14013671875","8022,93994140625","8029,72998046875","8029,6923828125","4054200"
"2010-04-14T01:00:00.0000000+00:00","8077,93994140625","8102,3798828125","8040,009765625","8097,1298828125","8097,09228515625","3749000"
"2010-04-15T01:00:00.0000000+00:00","8168,10986328125","8190,009765625","8136,31982421875","8171,93994140625","8171,90234375","5190600"
"2010-04-16T01:00:00.0000000+00:00","8161,85009765625","8162,85009765625","8090,68017578125","8111,56982421875","8111,5322265625","4369400"
"2010-04-19T01:00:00.0000000+00:00","8003,02001953125","8042,0498046875","7845,77001953125","7854,22021484375","7854,18359375","5187400"
"2010-04-20T01:00:00.0000000+00:00","7908,10986328125","7923,27001953125","7842,06982421875","7900,419921875","7900,3828125","3753600"
"2010-04-21T01:00:00.0000000+00:00","7949,9599609375","7998,759765625","7947,89990234375","7990,52978515625","7990,4921875","3901200"
"2010-04-22T01:00:00.0000000+00:00","7948,89013671875","7985,490234375","7897,14013671875","7978,68994140625","7978,65234375","3692800"
"2010-04-23T01:00:00.0000000+00:00","8021,7099609375","8030,10986328125","7996,77001953125","8004,89013671875","8004,8525390625","4027600"
"2010-04-26T01:00:00.0000000+00:00","8107,22021484375","8168,47021484375","8093,14013671875","8158,14013671875","8158,1025390625","4437400"
"2010-04-27T01:00:00.0000000+00:00","8174,85009765625","8174,85009765625","8121,14013671875","8146,43994140625","8146,40234375","3716000"
"2010-04-28T01:00:00.0000000+00:00","7944,7001953125","8092,47998046875","7944,7001953125","8081,5498046875","8081,51220703125","4334800"
"2010-04-29T01:00:00.0000000+00:00","8105,9599609375","8107,35986328125","8053,02001953125","8054,0498046875","8054,01220703125","4648600"
"2010-04-30T01:00:00.0000000+00:00","8116,39013671875","8163,93994140625","7999,27978515625","8004,25","8004,21240234375","5150600"
"2010-05-03T01:00:00.0000000+00:00","7979,7998046875","8022,4501953125","7916,0400390625","7952,169921875","7952,1328125","3430400"
"2010-05-04T01:00:00.0000000+00:00","8006,7900390625","8010,97998046875","7889,93017578125","7930,77001953125","7930,73291015625","3672800"
"2010-05-05T01:00:00.0000000+00:00","7759,18017578125","7785,5498046875","7695,68994140625","7696,89990234375","7696,86474609375","4732200"
"2010-05-06T01:00:00.0000000+00:00","7696,27001953125","7702,10986328125","7562,02978515625","7579,47998046875","7579,44482421875","4090600"
"2010-05-07T01:00:00.0000000+00:00","7393,27001953125","7572,7900390625","7387,18994140625","7567,10009765625","7567,06494140625","4756000"
"2010-05-10T01:00:00.0000000+00:00","7610,8798828125","7664,72998046875","7577,31005859375","7664,72998046875","7664,69482421875","3267400"
"2010-05-11T01:00:00.0000000+00:00","7718,169921875","7743,41015625","7608,43994140625","7608,43994140625","7608,40478515625","3875600"
"2010-05-12T01:00:00.0000000+00:00","7663,33984375","7674,52001953125","7596,2099609375","7602,7001953125","7602,6650390625","2929200"
"2010-05-13T01:00:00.0000000+00:00","7703,47998046875","7787,31982421875","7687,5498046875","7770,56982421875","7770,5341796875","3779600"
"2010-05-14T01:00:00.0000000+00:00","7735,60009765625","7772,5400390625","7725,81982421875","7772,1298828125","7772,09423828125","2810200"
"2010-05-17T01:00:00.0000000+00:00","7697,7900390625","7697,7900390625","7574,06005859375","7598,72021484375","7598,68505859375","3083600"
"2010-05-18T01:00:00.0000000+00:00","7630,10009765625","7637,990234375","7560,89013671875","7585,2998046875","7585,2646484375","2829800"
"2010-05-19T01:00:00.0000000+00:00","7527,6201171875","7588,08984375","7467,2001953125","7559,16015625","7559,125","3417800"
"2010-05-20T01:00:00.0000000+00:00","7557,169921875","7557,169921875","7424,43017578125","7424,43017578125","7424,39599609375","3058800"
"2010-05-21T01:00:00.0000000+00:00","7229,169921875","7277,93017578125","7164,2099609375","7237,7099609375","7237,6767578125","3918400"
"2010-05-24T01:00:00.0000000+00:00","7296,14990234375","7344,919921875","7269,81005859375","7322,72998046875","7322,6962890625","2518600"
"2010-05-25T01:00:00.0000000+00:00","7238,16015625","7241,83984375","7032,39990234375","7086,3701171875","7086,337890625","3914000"
"2010-05-26T01:00:00.0000000+00:00","7161,39990234375","7174,3798828125","7079,85009765625","7167,35009765625","7167,3173828125","3536200"
"2010-05-27T01:00:00.0000000+00:00","7139,4501953125","7254,68017578125","7105,10986328125","7243,16015625","7243,126953125","3097400"
"2010-05-28T01:00:00.0000000+00:00","7338,77001953125","7364,009765625","7271,2998046875","7295,31982421875","7295,2861328125","3575800"
"2010-05-31T01:00:00.0000000+00:00","7312,259765625","7373,97998046875","7292,5400390625","7373,97998046875","7373,94580078125","2443000"
"2010-06-01T01:00:00.0000000+00:00","7327,009765625","7348,56005859375","7276,52001953125","7289,330078125","7289,29638671875","2518000"
"2010-06-02T01:00:00.0000000+00:00","7252,7900390625","7304,1298828125","7159,75","7195,7099609375","7195,6767578125","2794200"
"2010-06-03T01:00:00.0000000+00:00","7322,509765625","7361,7001953125","7309,4599609375","7360,27978515625","7360,24609375","2820800"
"2010-06-04T01:00:00.0000000+00:00","7377,56005859375","7377,56005859375","7337,35009765625","7344,58984375","7344,55615234375","2484600"
"2010-06-07T01:00:00.0000000+00:00","7139,759765625","7172,2998046875","7085,5498046875","7157,830078125","7157,79736328125","2801400"
"2010-06-08T01:00:00.0000000+00:00","7142,31005859375","7179,14013671875","7128,919921875","7151,990234375","7151,95751953125","2772200"
"2010-06-09T01:00:00.0000000+00:00","7166,18994140625","7193,0400390625","7048,60009765625","7071,669921875","7071,63818359375","3194200"
"2010-06-10T01:00:00.0000000+00:00","7134,16015625","7182,990234375","7085,33984375","7181,77001953125","7181,73681640625","2467200"
"2010-06-11T01:00:00.0000000+00:00","7302,97021484375","7321,60009765625","7273,7001953125","7299,490234375","7299,45654296875","3280800"
"2010-06-14T01:00:00.0000000+00:00","7372,93017578125","7393,41015625","7347,22998046875","7387,39990234375","7387,36572265625","2681000"
"2010-06-15T01:00:00.0000000+00:00","7388,56982421875","7489,68017578125","7364,33984375","7454,06005859375","7454,02587890625","2928800"
"2010-06-17T01:00:00.0000000+00:00","7503,1201171875","7534,06005859375","7481,72021484375","7515,77978515625","7515,7451171875","3259000"
"2010-06-18T01:00:00.0000000+00:00","7538,5498046875","7538,5498046875","7459,93017578125","7493,10986328125","7493,07568359375","2359000"
"2010-06-21T01:00:00.0000000+00:00","7595,93017578125","7645,7099609375","7562,25","7635,56005859375","7635,52490234375","3884600"
"2010-06-22T01:00:00.0000000+00:00","7630,64013671875","7639,66015625","7610,6201171875","7612,68017578125","7612,64501953125","2901200"
"2010-06-23T01:00:00.0000000+00:00","7576,2900390625","7615,43994140625","7549,97998046875","7582,14990234375","7582,11474609375","2991200"
"2010-06-24T01:00:00.0000000+00:00","7601,72021484375","7607,6298828125","7567,9599609375","7589,89013671875","7589,85498046875","3013000"
"2010-06-25T01:00:00.0000000+00:00","7509,72021484375","7537,3701171875","7463,2900390625","7474,7099609375","7474,67578125","3368200"
"2010-06-28T01:00:00.0000000+00:00","7507,14990234375","7536,60986328125","7489,5498046875","7500,7900390625","7500,755859375","3169800"
"2010-06-29T01:00:00.0000000+00:00","7554,77978515625","7584,81005859375","7423,56982421875","7423,56982421875","7423,53564453125","3366600"
"2010-06-30T01:00:00.0000000+00:00","7277,39013671875","7337,31982421875","7255,08984375","7329,3701171875","7329,33642578125","3332000"
"2010-07-01T01:00:00.0000000+00:00","7326,89013671875","7327,39990234375","7251,60009765625","7254,06005859375","7254,0263671875","3086400"
"2010-07-02T01:00:00.0000000+00:00","7285,009765625","7378,77001953125","7285,009765625","7330,740234375","7330,70654296875","3677600"
"2010-07-05T01:00:00.0000000+00:00","7351,18017578125","7447,18017578125","7351,18017578125","7439,9599609375","7439,92578125","3403400"
"2010-07-06T01:00:00.0000000+00:00","7385,330078125","7548,47998046875","7382,3701171875","7548,47998046875","7548,44482421875","4087000"
"2010-07-07T01:00:00.0000000+00:00","7560,22021484375","7565,3701171875","7517,68017578125","7534,4599609375","7534,42529296875","3765400"
"2010-07-08T01:00:00.0000000+00:00","7612,7099609375","7622,4599609375","7583,35986328125","7608,85009765625","7608,81494140625","4278000"
"2010-07-09T01:00:00.0000000+00:00","7644,10986328125","7652,5498046875","7599,83984375","7647,25","7647,21484375","3585200"
"2010-07-12T01:00:00.0000000+00:00","7674,259765625","7705,10986328125","7636,81005859375","7639,5498046875","7639,5146484375","3604800"
"2010-07-13T01:00:00.0000000+00:00","7664,7099609375","7671,47998046875","7587,8701171875","7597,419921875","7597,384765625","3037600"
"2010-07-14T01:00:00.0000000+00:00","7688,81982421875","7720,6298828125","7683,830078125","7714,509765625","7714,474609375","4078000"
"2010-07-15T01:00:00.0000000+00:00","7699,490234375","7732,31005859375","7681,8701171875","7704,52001953125","7704,48486328125","3892600"
"2010-07-16T01:00:00.0000000+00:00","7717,240234375","7719,0498046875","7660,759765625","7664,56982421875","7664,53466796875","4754200"
"2010-07-19T01:00:00.0000000+00:00","7602,68017578125","7666,580078125","7596,259765625","7649,830078125","7649,794921875","3152200"
"2010-07-20T01:00:00.0000000+00:00","7678,89013671875","7730,8798828125","7638,490234375","7712,02978515625","7711,99462890625","3555000"
"2010-07-21T01:00:00.0000000+00:00","7742,47998046875","7752,7998046875","7678,2998046875","7701,2900390625","7701,2548828125","3832000"
"2010-07-22T01:00:00.0000000+00:00","7699,35986328125","7718,919921875","7665,77978515625","7666,33984375","7666,3046875","3409400"
"2010-07-23T01:00:00.0000000+00:00","7747,02978515625","7782,02001953125","7739,0400390625","7761,22021484375","7761,1845703125","4402800"
"2010-07-26T01:00:00.0000000+00:00","7787,06982421875","7807,06982421875","7765,68017578125","7787,4501953125","7787,41455078125","3916600"
"2010-07-27T01:00:00.0000000+00:00","7806,25","7806,25","7748,009765625","7748,009765625","7747,97412109375","3609200"
"2010-07-28T01:00:00.0000000+00:00","7736,58984375","7786,22998046875","7726,39990234375","7784,81005859375","7784,7744140625","4175400"
"2010-07-29T01:00:00.0000000+00:00","7778,740234375","7799,56982421875","7738,47998046875","7798,990234375","7798,95458984375","4541000"
"2010-07-30T01:00:00.0000000+00:00","7765,25","7781,240234375","7731,18994140625","7760,6298828125","7760,59423828125","4154600"
"2010-08-02T01:00:00.0000000+00:00","7829,18994140625","7917,9501953125","7829,18994140625","7911,68017578125","7911,64306640625","5231200"
"2010-08-03T01:00:00.0000000+00:00","7961,68017578125","7970,580078125","7915,830078125","7957,52978515625","7957,49267578125","5229600"
"2010-08-04T01:00:00.0000000+00:00","7960,2998046875","7978,16015625","7938,919921875","7972,66015625","7972,623046875","4822400"
"2010-08-05T01:00:00.0000000+00:00","8010,06982421875","8018,740234375","7921,97998046875","7936,85009765625","7936,81298828125","6156600"
"2010-08-06T01:00:00.0000000+00:00","7938,08984375","7963,2998046875","7922,2900390625","7963,2998046875","7963,2626953125","4304800"
"2010-08-09T01:00:00.0000000+00:00","7974,669921875","8040,93994140625","7971,18994140625","8034,490234375","8034,45263671875","4990400"
"2010-08-10T01:00:00.0000000+00:00","8054,2900390625","8054,2900390625","7975,3798828125","7976,740234375","7976,70263671875","5258800"
"2010-08-11T01:00:00.0000000+00:00","7923,56982421875","7956,89990234375","7869,52001953125","7895,02978515625","7894,99267578125","4870400"
"2010-08-12T01:00:00.0000000+00:00","7789,4599609375","7837,3798828125","7776,66015625","7829,7900390625","7829,75390625","4390000"
"2010-08-13T01:00:00.0000000+00:00","7845,97998046875","7906,35009765625","7830,4599609375","7891,580078125","7891,54296875","4814200"
"2010-08-16T01:00:00.0000000+00:00","7884,27978515625","7941,22021484375","7850,1298828125","7941,22021484375","7941,18310546875","4424600"
"2010-08-17T01:00:00.0000000+00:00","7962,7001953125","7973,14990234375","7931,08984375","7931,08984375","7931,052734375","5046000"
"2010-08-18T01:00:00.0000000+00:00","7978,52001953125","7984,56982421875","7897,18017578125","7924,10009765625","7924,06298828125","5324400"
"2010-08-19T01:00:00.0000000+00:00","7925,47998046875","7948,72998046875","7886,72998046875","7928,93994140625","7928,90283203125","4969400"
"2010-08-20T01:00:00.0000000+00:00","7915,16015625","7941,60986328125","7905,009765625","7927,31005859375","7927,27294921875","4005400"
"2010-08-23T01:00:00.0000000+00:00","7938,2099609375","8013,1201171875","7924,10009765625","7975,93017578125","7975,89306640625","4635000"
"2010-08-24T01:00:00.0000000+00:00","7983,6201171875","7990,490234375","7940,64013671875","7940,64013671875","7940,60302734375","4714600"
"2010-08-25T01:00:00.0000000+00:00","7889,56982421875","7889,56982421875","7736,97998046875","7736,97998046875","7736,9443359375","5725600"
"2010-08-26T01:00:00.0000000+00:00","7743,31982421875","7758,14013671875","7666,509765625","7689,740234375","7689,705078125","4425200"
"2010-08-27T01:00:00.0000000+00:00","7702,58984375","7722,91015625","7662,22998046875","7722,91015625","7722,875","3458600"
"2010-08-30T01:00:00.0000000+00:00","7797,259765625","7806,91015625","7737,27978515625","7741,2001953125","7741,16455078125","3380800"
"2010-08-31T01:00:00.0000000+00:00","7669,31005859375","7687,47021484375","7577,10009765625","7616,27978515625","7616,24462890625","4190400"
"2010-09-01T01:00:00.0000000+00:00","7643,60986328125","7679,43017578125","7625,72021484375","7668,25","7668,21484375","3612200"
"2010-09-02T01:00:00.0000000+00:00","7764,7998046875","7780,52978515625","7715,31005859375","7720,81982421875","7720,78466796875","4080600"
"2010-09-03T01:00:00.0000000+00:00","7770,93017578125","7830,2099609375","7770,93017578125","7830,2099609375","7830,173828125","4494800"
"2010-09-06T01:00:00.0000000+00:00","7879,7001953125","7902,56005859375","7841,830078125","7890,9501953125","7890,9130859375","4269000"
"2010-09-07T01:00:00.0000000+00:00","7914,3798828125","7922,06982421875","7876,669921875","7884,39990234375","7884,36279296875","4480400"
"2010-09-08T01:00:00.0000000+00:00","7866,35009765625","7898,759765625","7824,64990234375","7851,31005859375","7851,2734375","4209200"
"2010-09-09T01:00:00.0000000+00:00","7901,830078125","7903,47021484375","7817,8701171875","7835,5400390625","7835,50390625","4295800"
"2010-09-10T01:00:00.0000000+00:00","7900,56005859375","7911,66015625","7859,330078125","7890,10986328125","7890,07275390625","4179400"
"2010-09-13T01:00:00.0000000+00:00","7961,97998046875","8091,2998046875","7946,97998046875","8091,2998046875","8091,26220703125","5166600"
"2010-09-14T01:00:00.0000000+00:00","8121,68017578125","8132,60009765625","8081,7900390625","8132,60009765625","8132,5625","4819400"
"2010-09-15T01:00:00.0000000+00:00","8152,6298828125","8163,81982421875","8113,97021484375","8163,81982421875","8163,7822265625","4851200"
"2010-09-16T01:00:00.0000000+00:00","8174,85009765625","8182,7998046875","8099,75","8099,75","8099,71240234375","4603800"
"2010-09-17T01:00:00.0000000+00:00","8150,93994140625","8197,8203125","8134,2998046875","8158,330078125","8158,29248046875","5165000"
"2010-09-20T01:00:00.0000000+00:00","8174,8798828125","8195,740234375","8161,81982421875","8186,9599609375","8186,92236328125","4425800"
"2010-09-21T01:00:00.0000000+00:00","8249,599609375","8251,419921875","8177,39990234375","8196,400390625","8196,3603515625","4656400"
"2010-09-23T01:00:00.0000000+00:00","8201,6796875","8223,2197265625","8154,97021484375","8202,5400390625","8202,5","4565800"
"2010-09-24T01:00:00.0000000+00:00","8182,16015625","8190,9599609375","8129,2099609375","8166,6201171875","8166,58251953125","4142800"
"2010-09-27T01:00:00.0000000+00:00","8239,1103515625","8240,8603515625","8189,3798828125","8191,5400390625","8191,50244140625","4624400"
"2010-09-28T01:00:00.0000000+00:00","8201,8095703125","8211,419921875","8173,259765625","8189,43994140625","8189,40234375","3635400"
"2010-09-29T01:00:00.0000000+00:00","8241,650390625","8286,9296875","8218,75","8240,8896484375","8240,849609375","5151200"
"2010-09-30T01:00:00.0000000+00:00","8259,240234375","8267,5498046875","8204,83984375","8237,7802734375","8237,740234375","4496600"
"2010-10-01T01:00:00.0000000+00:00","8259,080078125","8260,2802734375","8220,73046875","8244,1796875","8244,1396484375","3893000"
"2010-10-04T01:00:00.0000000+00:00","8261,16015625","8300,0400390625","8240,669921875","8246,099609375","8246,0595703125","5026400"
"2010-10-05T01:00:00.0000000+00:00","8217,8603515625","8217,8603515625","8155,2998046875","8200,4296875","8200,3896484375","4383800"
"2010-10-06T01:00:00.0000000+00:00","8296,23046875","8301,3896484375","8267,6103515625","8284,0302734375","8283,990234375","5662000"
"2010-10-07T01:00:00.0000000+00:00","8304,91015625","8310,7998046875","8270,3095703125","8283,919921875","8283,8798828125","5161200"
"2010-10-08T01:00:00.0000000+00:00","8306,3203125","8309,91015625","8232,01953125","8244,1904296875","8244,150390625","4236200"
"2010-10-11T01:00:00.0000000+00:00","8277,7802734375","8277,7802734375","8165,2001953125","8176,759765625","8176,72216796875","3743400"
"2010-10-12T01:00:00.0000000+00:00","8176,7001953125","8180,39013671875","8058,58984375","8090,22021484375","8090,1826171875","4025600"
"2010-10-13T01:00:00.0000000+00:00","8116,68994140625","8143,18994140625","8067,8701171875","8106,66015625","8106,62255859375","3692600"
"2010-10-14T01:00:00.0000000+00:00","8181,509765625","8252,2001953125","8178,33984375","8215,4501953125","8215,41015625","4537400"
"2010-10-15T01:00:00.0000000+00:00","8216,8701171875","8242,76953125","8184,2900390625","8205,2998046875","8205,259765625","4791800"
"2010-10-18T01:00:00.0000000+00:00","8209,3896484375","8209,3896484375","8057,1201171875","8060,5400390625","8060,50244140625","4396000"
"2010-10-19T01:00:00.0000000+00:00","8044,89990234375","8074,68017578125","8018,31005859375","8046,22998046875","8046,1923828125","3176000"
"2010-10-20T01:00:00.0000000+00:00","7993,43017578125","8131,18994140625","7992,81005859375","8124,6201171875","8124,58251953125","3668000"
"2010-10-21T01:00:00.0000000+00:00","8135,56982421875","8171,490234375","8109,7900390625","8131,22998046875","8131,1923828125","4223400"
"2010-10-22T01:00:00.0000000+00:00","8169,509765625","8174,02978515625","8148,259765625","8168,06005859375","8168,0224609375","3782000"
"2010-10-25T01:00:00.0000000+00:00","8204,009765625","8307,58984375","8199,490234375","8306,98046875","8306,9404296875","3311400"
"2010-10-26T01:00:00.0000000+00:00","8336,9501953125","8353,8603515625","8319,009765625","8343,23046875","8343,1904296875","3161600"
"2010-10-27T01:00:00.0000000+00:00","8369,75","8372,51953125","8285,73046875","8291,0400390625","8291","2910600"
"2010-10-28T01:00:00.0000000+00:00","8315","8386,2900390625","8281,51953125","8354,0498046875","8354,009765625","3361800"
"2010-10-29T01:00:00.0000000+00:00","8348,3896484375","8348,3896484375","8278,7197265625","8287,08984375","8287,0498046875","2584200"
"2010-11-01T01:00:00.0000000+00:00","8343,51953125","8407,91015625","8343,51953125","8379,75","8379,7099609375","3116000"
"2010-11-02T01:00:00.0000000+00:00","8380,0595703125","8390,099609375","8344,759765625","8344,759765625","8344,7197265625","3004600"
"2010-11-03T01:00:00.0000000+00:00","8394,5302734375","8398,2998046875","8273,4697265625","8293,900390625","8293,8603515625","3449400"
"2010-11-04T01:00:00.0000000+00:00","8321,3603515625","8367,1904296875","8317,8603515625","8357,849609375","8357,8095703125","2705000"
"2010-11-05T01:00:00.0000000+00:00","8444,8095703125","8458,4697265625","8420,650390625","8449,33984375","8449,2998046875","4335000"
"2010-11-08T01:00:00.0000000+00:00","8473,66015625","8473,66015625","8416,2001953125","8430,580078125","8430,5400390625","3672600"
"2010-11-09T01:00:00.0000000+00:00","8430,7001953125","8457,41015625","8421,1298828125","8445,6298828125","8445,58984375","2671000"
"2010-11-10T01:00:00.0000000+00:00","8457,08984375","8471,5703125","8425,240234375","8450,6298828125","8450,58984375","3159000"
"2010-11-11T01:00:00.0000000+00:00","8437,01953125","8458,490234375","8422,9599609375","8436,9501953125","8436,91015625","2604800"
"2010-11-12T01:00:00.0000000+00:00","8404,4296875","8416,349609375","8309,3603515625","8316,0498046875","8316,009765625","2601400"
"2010-11-15T01:00:00.0000000+00:00","8287,830078125","8301,349609375","8226,7099609375","8240,650390625","8240,6103515625","2337600"
"2010-11-16T01:00:00.0000000+00:00","8234,2197265625","8324,509765625","8234,2197265625","8312,2099609375","8312,169921875","2166200"
"2010-11-17T01:00:00.0000000+00:00","8249,9501953125","8284,509765625","8228,240234375","8255,5400390625","8255,5","2068400"
"2010-11-18T01:00:00.0000000+00:00","8285,5498046875","8286,919921875","8238,76953125","8283,4501953125","8283,41015625","1930800"
"2010-11-19T01:00:00.0000000+00:00","8344,66015625","8372,16015625","8283,26953125","8306,1201171875","8306,080078125","2313000"
"2010-11-22T01:00:00.0000000+00:00","8343,3203125","8391,25","8334,419921875","8374,91015625","8374,8701171875","2074600"
"2010-11-23T01:00:00.0000000+00:00","8388,259765625","8396,490234375","8323,8095703125","8328,6298828125","8328,58984375","2436200"
"2010-11-24T01:00:00.0000000+00:00","8277,330078125","8337,1904296875","8277,330078125","8297,0498046875","8297,009765625","2207400"
"2010-11-25T01:00:00.0000000+00:00","8337,900390625","8355,3896484375","8330,919921875","8349,990234375","8349,9501953125","2383800"
"2010-11-26T01:00:00.0000000+00:00","8371,26953125","8371,26953125","8312,150390625","8312,150390625","8312,1103515625","2532000"
"2010-11-29T01:00:00.0000000+00:00","8399,76953125","8401,419921875","8331,509765625","8367,169921875","8367,1298828125","2661400"
"2010-11-30T01:00:00.0000000+00:00","8384,6396484375","8443,3798828125","8363,9697265625","8372,48046875","8372,4404296875","3732200"
"2010-12-01T01:00:00.0000000+00:00","8430,599609375","8520,1103515625","8428,6396484375","8520,1103515625","8520,0703125","4202800"
"2010-12-02T01:00:00.0000000+00:00","8598,009765625","8641,1298828125","8572,650390625","8585,76953125","8585,7294921875","4731800"
"2010-12-03T01:00:00.0000000+00:00","8630,8798828125","8659,6201171875","8618,259765625","8624,009765625","8623,9697265625","3710800"
"2010-12-06T01:00:00.0000000+00:00","8675,4501953125","8718,5302734375","8675,4501953125","8702,23046875","8702,1904296875","3623200"
"2010-12-07T01:00:00.0000000+00:00","8716","8716","8654,490234375","8704,3896484375","8704,349609375","3208800"
"2010-12-08T01:00:00.0000000+00:00","8727,8798828125","8729,7001953125","8683,98046875","8703,7900390625","8703,75","3183800"
"2010-12-09T01:00:00.0000000+00:00","8769,33984375","8782,8203125","8736,76953125","8753,83984375","8753,7998046875","4398800"
"2010-12-10T01:00:00.0000000+00:00","8740,7099609375","8744,669921875","8684,0498046875","8718,830078125","8718,7900390625","3880200"
"2010-12-13T01:00:00.0000000+00:00","8748,6396484375","8764,509765625","8736,5400390625","8736,58984375","8736,5498046875","3237800"
"2010-12-14T01:00:00.0000000+00:00","8771,900390625","8789,25","8717,5302734375","8740,4296875","8740,3896484375","3574600"
"2010-12-15T01:00:00.0000000+00:00","8755,3203125","8756,7099609375","8698,41015625","8756,7099609375","8756,669921875","3622600"
"2010-12-16T01:00:00.0000000+00:00","8770,740234375","8797,98046875","8767,4404296875","8782,2001953125","8782,16015625","3719600"
"2010-12-17T01:00:00.0000000+00:00","8828,0498046875","8860,3798828125","8817,509765625","8817,900390625","8817,8603515625","4232000"
"2010-12-20T01:00:00.0000000+00:00","8861,08984375","8861,08984375","8740,2998046875","8768,7197265625","8768,6796875","3183800"
"2010-12-21T01:00:00.0000000+00:00","8802,8603515625","8827,7900390625","8772,58984375","8827,7900390625","8827,75","2753200"
"2010-12-22T01:00:00.0000000+00:00","8847,26953125","8865,419921875","8834,3203125","8860,490234375","8860,4501953125","3464800"
"2010-12-23T01:00:00.0000000+00:00","8891,41015625","8914,33984375","8874,8701171875","8898,8701171875","8898,8291015625","4002600"
"2010-12-24T01:00:00.0000000+00:00","8910,6103515625","8911,41015625","8861,009765625","8861,099609375","8861,0595703125","3616800"
"2010-12-27T01:00:00.0000000+00:00","8866,669921875","8908,419921875","8828,669921875","8892,3095703125","8892,2685546875","3458600"
"2010-12-28T01:00:00.0000000+00:00","8919,259765625","8919,259765625","8839,830078125","8870,759765625","8870,7197265625","3177200"
"2010-12-29T01:00:00.0000000+00:00","8878,099609375","8893,1396484375","8844,669921875","8866,349609375","8866,3095703125","4915200"
"2010-12-30T01:00:00.0000000+00:00","8883,2099609375","8920,7900390625","8871,0703125","8907,91015625","8907,869140625","3983000"
"2010-12-31T01:00:00.0000000+00:00","8936,1103515625","8990,3798828125","8932,6396484375","8972,5","8972,458984375","4857800"
"2011-01-03T01:00:00.0000000+00:00","9039,6298828125","9041,3203125","8994,5","9025,2998046875","9025,2587890625","5067400"
"2011-01-04T01:00:00.0000000+00:00","9045,1103515625","9046,1796875","8988,580078125","8997,1904296875","8997,1494140625","5270400"
"2011-01-05T01:00:00.0000000+00:00","9014,3203125","9027,16015625","8812,3603515625","8846,3095703125","8846,26953125","5796600"
"2011-01-06T01:00:00.0000000+00:00","8866,23046875","8883,2099609375","8813,6298828125","8883,2099609375","8883,1689453125","4362200"
"2011-01-07T01:00:00.0000000+00:00","8905,25","8907,1103515625","8738,9296875","8782,7197265625","8782,6796875","4500800"
"2011-01-10T01:00:00.0000000+00:00","8798,0498046875","8817,8798828125","8762,5","8817,8798828125","8817,83984375","2885200"
"2011-01-11T01:00:00.0000000+00:00","8810,76953125","8935,26953125","8794,76953125","8931,3603515625","8931,3193359375","3573400"
"2011-01-12T01:00:00.0000000+00:00","8992,009765625","9000,7802734375","8955,4697265625","8965","8964,958984375","3922200"
"2011-01-13T01:00:00.0000000+00:00","9034,169921875","9034,169921875","8948,23046875","8975,580078125","8975,5390625","3951000"
"2011-01-14T01:00:00.0000000+00:00","8985,33984375","8998,1396484375","8937,5","8972,509765625","8972,46875","2756200"
"2011-01-17T01:00:00.0000000+00:00","8998,8896484375","9006,3603515625","8921,1904296875","8925,08984375","8925,048828125","3579600"
"2011-01-18T01:00:00.0000000+00:00","8889,83984375","9003,4501953125","8887,0302734375","8988","8987,958984375","3723200"
"2011-01-19T01:00:00.0000000+00:00","9023,2998046875","9092,2802734375","9005,76953125","9086,01953125","9085,9775390625","3935000"
"2011-01-20T01:00:00.0000000+00:00","9059,7998046875","9063,51953125","9017,7998046875","9022,169921875","9022,12890625","3066400"
"2011-01-21T01:00:00.0000000+00:00","8935,2900390625","8980,5400390625","8892,26953125","8954,3798828125","8954,3388671875","3170400"
"2011-01-24T01:00:00.0000000+00:00","8983,58984375","8993,5595703125","8927,490234375","8947,7900390625","8947,7490234375","2580000"
"2011-01-25T01:00:00.0000000+00:00","9001,740234375","9032,2998046875","8991,3896484375","8991,3896484375","8991,3486328125","2925600"
"2011-01-26T01:00:00.0000000+00:00","9010,41015625","9072,759765625","9009,1796875","9055,58984375","9055,5478515625","3204800"
"2011-01-27T01:00:00.0000000+00:00","9093,5400390625","9126,9296875","9092,9697265625","9102,330078125","9102,2880859375","3296800"
"2011-01-28T01:00:00.0000000+00:00","9122,16015625","9154,9296875","9095,7099609375","9145,349609375","9145,3076171875","3372600"
"2011-02-08T01:00:00.0000000+00:00","9220,6904296875","9220,6904296875","9085,41015625","9111,4599609375","9111,41796875","3854200"
"2011-02-09T01:00:00.0000000+00:00","9107,9599609375","9129,8798828125","8992,6396484375","9006,8203125","9006,779296875","3537600"
"2011-02-10T01:00:00.0000000+00:00","8962,0703125","8979,349609375","8836,5595703125","8836,5595703125","8836,51953125","3685600"
"2011-02-11T01:00:00.0000000+00:00","8842,41015625","8842,41015625","8574,650390625","8609,8603515625","8609,8203125","4563000"
"2011-02-14T01:00:00.0000000+00:00","8666,6103515625","8715,9697265625","8626,66015625","8685,4697265625","8685,4296875","3074000"
"2011-02-15T01:00:00.0000000+00:00","8679,1201171875","8753,0498046875","8565,0498046875","8721,9296875","8721,8896484375","3209400"
"2011-02-16T01:00:00.0000000+00:00","8740,3203125","8767,08984375","8702,8095703125","8712,9599609375","8712,919921875","2959800"
"2011-02-17T01:00:00.0000000+00:00","8738,7099609375","8745,650390625","8669,76953125","8683,8798828125","8683,83984375","3118400"
"2011-02-18T01:00:00.0000000+00:00","8763,6904296875","8874,5","8763,6904296875","8843,83984375","8843,7998046875","3326600"
"2011-02-21T01:00:00.0000000+00:00","8867,16015625","8867,16015625","8797,25","8839,2197265625","8839,1796875","2736800"
"2011-02-22T01:00:00.0000000+00:00","8744,8095703125","8744,8095703125","8613,33984375","8673,669921875","8673,6298828125","3728400"
"2011-02-23T01:00:00.0000000+00:00","8604,3203125","8673,2001953125","8521,25","8528,9404296875","8528,900390625","3337800"
"2011-02-24T01:00:00.0000000+00:00","8561,16015625","8633,240234375","8541,6396484375","8541,6396484375","8541,599609375","2738400"
"2011-02-25T01:00:00.0000000+00:00","8597,8701171875","8635,0400390625","8470,08984375","8599,650390625","8599,6103515625","3641600"
"2011-03-01T01:00:00.0000000+00:00","8611,7900390625","8734,240234375","8611,7900390625","8727,5595703125","8727,51953125","2811800"
"2011-03-02T01:00:00.0000000+00:00","8675,3701171875","8709,5703125","8619,900390625","8619,900390625","8619,8603515625","2677400"
"2011-03-03T01:00:00.0000000+00:00","8661,6298828125","8758,8896484375","8661,6298828125","8738,3701171875","8738,330078125","3099000"
"2011-03-04T01:00:00.0000000+00:00","8815,51953125","8829,23046875","8771,8896484375","8784,400390625","8784,3603515625","3112800"
"2011-03-07T01:00:00.0000000+00:00","8769,8701171875","8769,8701171875","8706,3798828125","8713,7900390625","8713,75","2288200"
"2011-03-08T01:00:00.0000000+00:00","8692,099609375","8768,3095703125","8692,099609375","8747,75","8747,7099609375","2487400"
"2011-03-09T01:00:00.0000000+00:00","8810,349609375","8824,41015625","8730,740234375","8750,01953125","8749,9794921875","2811200"
"2011-03-10T01:00:00.0000000+00:00","8754,41015625","8754,41015625","8635,75","8642,900390625","8642,8603515625","2763000"
"2011-03-11T01:00:00.0000000+00:00","8566,91015625","8593,7099609375","8513,509765625","8567,8203125","8567,7802734375","2422200"
"2011-03-14T01:00:00.0000000+00:00","8616,2900390625","8616,2900390625","8395,1103515625","8520,01953125","8519,9794921875","3309000"
"2011-03-15T01:00:00.0000000+00:00","8493,830078125","8519,900390625","8070,52001953125","8234,7802734375","8234,740234375","4871800"
"2011-03-16T01:00:00.0000000+00:00","8317,3798828125","8372,01953125","8257,080078125","8324,580078125","8324,5400390625","3250800"
"2011-03-17T01:00:00.0000000+00:00","8190,5","8282,6904296875","8150,72998046875","8282,6904296875","8282,650390625","3048000"
"2011-03-18T01:00:00.0000000+00:00","8343,7900390625","8399,169921875","8312,8798828125","8394,75","8394,7099609375","3085400"
"2011-03-21T01:00:00.0000000+00:00","8421,66015625","8508,2001953125","8394,2197265625","8467,7099609375","8467,669921875","2464000"
"2011-03-22T01:00:00.0000000+00:00","8523,26953125","8552,8203125","8508,0400390625","8508,0400390625","8508","2781400"
"2011-03-23T01:00:00.0000000+00:00","8529,9296875","8551,1201171875","8481,9599609375","8545,080078125","8545,0400390625","2474600"
"2011-03-24T01:00:00.0000000+00:00","8589,7099609375","8603,4296875","8550,599609375","8576,400390625","8576,3603515625","2431800"
"2011-03-25T01:00:00.0000000+00:00","8645,3701171875","8658,0498046875","8587,83984375","8610,3896484375","8610,349609375","2449400"
"2011-03-28T01:00:00.0000000+00:00","8587,990234375","8604,240234375","8549,259765625","8553,0595703125","8553,01953125","1942800"
"2011-03-29T01:00:00.0000000+00:00","8538,4404296875","8596,5703125","8522,5703125","8596,5703125","8596,5302734375","2214000"
"2011-03-30T01:00:00.0000000+00:00","8605,830078125","8671,58984375","8605,830078125","8646,3095703125","8646,26953125","2544000"
"2011-03-31T01:00:00.0000000+00:00","8683,6904296875","8685,4404296875","8608,0498046875","8683,2998046875","8683,259765625","2411400"
"2011-04-01T01:00:00.0000000+00:00","8697,83984375","8705,1298828125","8654,400390625","8705,1298828125","8705,08984375","1912600"
"2011-04-06T01:00:00.0000000+00:00","8772,1298828125","8860,01953125","8767,2099609375","8851,98046875","8851,9404296875","2992600"
"2011-04-07T01:00:00.0000000+00:00","8884,83984375","8901,7197265625","8828,919921875","8901,7197265625","8901,6787109375","2638400"
"2011-04-08T01:00:00.0000000+00:00","8904,4404296875","8929,0595703125","8862,490234375","8894,5400390625","8894,4990234375","3122600"
"2011-04-11T01:00:00.0000000+00:00","8922,75","8922,75","8836,3798828125","8880,26953125","8880,228515625","2322000"
"2011-04-12T01:00:00.0000000+00:00","8839,2197265625","8839,2197265625","8708,8603515625","8732,58984375","8732,5498046875","2297200"
"2011-04-13T01:00:00.0000000+00:00","8727,9501953125","8780,2001953125","8700,080078125","8780,2001953125","8780,16015625","2134800"
"2011-04-14T01:00:00.0000000+00:00","8787,75","8835,3896484375","8772,2998046875","8802,73046875","8802,6904296875","2277200"
"2011-04-15T01:00:00.0000000+00:00","8828,6298828125","8834,0703125","8716,7001953125","8718,1201171875","8718,080078125","2372400"
"2011-04-18T01:00:00.0000000+00:00","8752,5595703125","8764,650390625","8703,1103515625","8714,48046875","8714,4404296875","2042400"
"2011-04-19T01:00:00.0000000+00:00","8643,400390625","8658,9697265625","8592,23046875","8638,5498046875","8638,509765625","2233000"
"2011-04-20T01:00:00.0000000+00:00","8704,48046875","8813,2802734375","8698,9697265625","8813,2802734375","8813,240234375","2643200"
"2011-04-21T01:00:00.0000000+00:00","8893,0703125","8992,080078125","8892,0595703125","8957,650390625","8957,609375","3689400"
"2011-04-22T01:00:00.0000000+00:00","8980,4296875","8992,669921875","8956,0703125","8969,4296875","8969,388671875","2776600"
"2011-04-25T01:00:00.0000000+00:00","9015,91015625","9037,08984375","8950,75","8950,75","8950,708984375","2696800"
"2011-04-26T01:00:00.0000000+00:00","8894,009765625","8966,8603515625","8866,740234375","8948,1396484375","8948,0986328125","2392200"
"2011-04-27T01:00:00.0000000+00:00","9012,2802734375","9060,5","9012,2802734375","9049,25","9049,208984375","3110000"
"2011-04-28T01:00:00.0000000+00:00","9088,9697265625","9099,75","9021,3603515625","9040,76953125","9040,728515625","3087000"
"2011-04-29T01:00:00.0000000+00:00","9050,490234375","9058,7802734375","8943,990234375","9007,8701171875","9007,8291015625","3385400"
"2011-05-03T01:00:00.0000000+00:00","9014,330078125","9018,7001953125","8895,25","8946,080078125","8946,0390625","2675400"
"2011-05-04T01:00:00.0000000+00:00","8937,2998046875","8947,349609375","8864,5498046875","8947,349609375","8947,30859375","2336800"
"2011-05-05T01:00:00.0000000+00:00","8930,240234375","9029,580078125","8907,9697265625","9018,6103515625","9018,5693359375","2702600"
"2011-05-06T01:00:00.0000000+00:00","8997,73046875","9018,400390625","8954,8095703125","8977,23046875","8977,189453125","2796600"
"2011-05-09T01:00:00.0000000+00:00","9001,7998046875","9081,259765625","8984,4296875","9035,48046875","9035,439453125","2852600"
"2011-05-10T01:00:00.0000000+00:00","9048,25","9055,91015625","9007,9296875","9023,2802734375","9023,2392578125","2172800"
"2011-05-11T01:00:00.0000000+00:00","9073,8798828125","9082,009765625","9014,3603515625","9020,400390625","9020,359375","2358800"
"2011-05-12T01:00:00.0000000+00:00","8977,76953125","9052,98046875","8963,240234375","9033,6796875","9033,638671875","2339800"
"2011-05-13T01:00:00.0000000+00:00","9039,5498046875","9059,4599609375","8986,1796875","9006,6103515625","9006,5693359375","2471800"
"2011-05-16T01:00:00.0000000+00:00","8996,7001953125","8996,7001953125","8911,7099609375","8911,7099609375","8911,6689453125","1993800"
"2011-05-17T01:00:00.0000000+00:00","8917,25","8928,990234375","8854,1396484375","8884,08984375","8884,048828125","2180000"
"2011-05-18T01:00:00.0000000+00:00","8885,400390625","8946,990234375","8885,400390625","8944,83984375","8944,798828125","2060600"
"2011-05-19T01:00:00.0000000+00:00","8952,25","9026,1796875","8888,2099609375","8892,8798828125","8892,8388671875","2573200"
"2011-05-20T01:00:00.0000000+00:00","8944,3798828125","8944,3798828125","8822,75","8837,0302734375","8836,990234375","2277600"
"2011-05-23T01:00:00.0000000+00:00","8767,2998046875","8776,4599609375","8695,33984375","8747,509765625","8747,4697265625","2123800"
"2011-05-24T01:00:00.0000000+00:00","8730,23046875","8756,900390625","8673,3798828125","8756,6103515625","8756,5703125","2153400"
"2011-05-25T01:00:00.0000000+00:00","8732,2998046875","8763,6396484375","8682,490234375","8727,08984375","8727,0498046875","2107400"
"2011-05-26T01:00:00.0000000+00:00","8797,2900390625","8807,080078125","8751,51953125","8788,400390625","8788,3603515625","1908000"
"2011-05-27T01:00:00.0000000+00:00","8806,2900390625","8860,0302734375","8803,58984375","8810","8809,9599609375","2083800"
"2011-05-30T01:00:00.0000000+00:00","8757,66015625","8844,0302734375","8748,1298828125","8823,6796875","8823,6396484375","1871400"
"2011-05-31T01:00:00.0000000+00:00","8860,580078125","9003,599609375","8860,580078125","8988,83984375","8988,798828125","2901000"
"2011-06-01T01:00:00.0000000+00:00","8999,83984375","9089,4697265625","8999,83984375","9062,349609375","9062,3076171875","2648800"
"2011-06-02T01:00:00.0000000+00:00","8981,7099609375","9036,26953125","8977,669921875","8991,3603515625","8991,3193359375","2220600"
"2011-06-03T01:00:00.0000000+00:00","9024,5400390625","9052,1796875","8997,349609375","9046,2802734375","9046,2392578125","1890800"
"2011-06-07T01:00:00.0000000+00:00","9025,2099609375","9059,1904296875","8981,4404296875","9057,099609375","9057,0576171875","1770400"
"2011-06-08T01:00:00.0000000+00:00","9044,849609375","9070,25","9007,5302734375","9007,5302734375","9007,4892578125","1884200"
"2011-06-09T01:00:00.0000000+00:00","9020,599609375","9045,4404296875","8996,080078125","9000,9404296875","9000,8994140625","1718400"
"2011-06-10T01:00:00.0000000+00:00","9042,349609375","9053,3896484375","8837,8203125","8837,8203125","8837,7802734375","2192800"
"2011-06-13T01:00:00.0000000+00:00","8791,669921875","8811,9697265625","8703,51953125","8712,9501953125","8712,91015625","1959600"
"2011-06-14T01:00:00.0000000+00:00","8737,240234375","8836,509765625","8737,240234375","8829,2099609375","8829,169921875","1685800"
"2011-06-15T01:00:00.0000000+00:00","8833,8603515625","8876,1396484375","8733,599609375","8831,4501953125","8831,41015625","2652000"
"2011-06-16T01:00:00.0000000+00:00","8739,83984375","8739,83984375","8654,4296875","8654,4296875","8654,3896484375","2089000"
"2011-06-17T01:00:00.0000000+00:00","8671,4501953125","8702","8618,849609375","8636,099609375","8636,0595703125","2252000"
"2011-06-20T01:00:00.0000000+00:00","8679,150390625","8685,330078125","8518,66015625","8530,6796875","8530,6396484375","2202800"
"2011-06-21T01:00:00.0000000+00:00","8571,9296875","8617,9599609375","8523,0400390625","8597,6201171875","8597,580078125","2089200"
"2011-06-22T01:00:00.0000000+00:00","8663,8603515625","8679,3701171875","8598,080078125","8621,0400390625","8621","2079600"
"2011-06-23T01:00:00.0000000+00:00","8601,150390625","8619,3896484375","8559,330078125","8567,2802734375","8567,240234375","1841400"
"2011-06-24T01:00:00.0000000+00:00","8567,4599609375","8569,58984375","8508,16015625","8532,830078125","8532,7900390625","2049400"
"2011-06-27T01:00:00.0000000+00:00","8456,3603515625","8519,2099609375","8433,4599609375","8500,16015625","8500,1201171875","2003800"
"2011-06-28T01:00:00.0000000+00:00","8536,1298828125","8572,6201171875","8478,6904296875","8478,8603515625","8478,8203125","1840800"
"2011-06-29T01:00:00.0000000+00:00","8540,349609375","8598,2197265625","8499,240234375","8573,3798828125","8573,33984375","2338600"
"2011-06-30T01:00:00.0000000+00:00","8582,080078125","8652,58984375","8576,650390625","8652,58984375","8652,5498046875","2275800"
"2011-07-01T01:00:00.0000000+00:00","8684,3896484375","8744,2001953125","8659,5703125","8739,8203125","8739,7802734375","2416000"
"2011-07-04T01:00:00.0000000+00:00","8801,509765625","8808,4697265625","8772,330078125","8774,7197265625","8774,6796875","2317600"
"2011-07-05T01:00:00.0000000+00:00","8777,2197265625","8794,1396484375","8743,4501953125","8784,4404296875","8784,400390625","2195200"
"2011-07-06T01:00:00.0000000+00:00","8790,9404296875","8842,169921875","8768,349609375","8824,4404296875","8824,400390625","2197000"
"2011-07-07T01:00:00.0000000+00:00","8795","8795,8798828125","8757,4697265625","8773,419921875","8773,3798828125","2347600"
"2011-07-08T01:00:00.0000000+00:00","8782,7197265625","8839,1396484375","8740","8749,5498046875","8749,509765625","2652000"
"2011-07-11T01:00:00.0000000+00:00","8749,5498046875","8749,5498046875","8633,5498046875","8665,849609375","8665,8095703125","2013200"
"2011-07-12T01:00:00.0000000+00:00","8581,4296875","8595,0703125","8479,900390625","8491,009765625","8490,9697265625","2547400"
"2011-07-13T01:00:00.0000000+00:00","8480,259765625","8539,1796875","8452,8603515625","8488,0595703125","8488,01953125","2393600"
"2011-07-14T01:00:00.0000000+00:00","8495,509765625","8531,9599609375","8410,4404296875","8481,349609375","8481,3095703125","2518200"
"2011-07-15T01:00:00.0000000+00:00","8494,7001953125","8579,7998046875","8462,0498046875","8574,91015625","8574,8701171875","2598800"
"2011-07-18T01:00:00.0000000+00:00","8550,16015625","8580,330078125","8473,91015625","8538,5703125","8538,5302734375","2457000"
"2011-07-19T01:00:00.0000000+00:00","8528,2001953125","8554,41015625","8490,7900390625","8524,5703125","8524,5302734375","2247800"
"2011-07-20T01:00:00.0000000+00:00","8612,5302734375","8706,169921875","8612,5302734375","8706,169921875","8706,1298828125","2872000"
"2011-07-21T01:00:00.0000000+00:00","8705,83984375","8725,9697265625","8683,0498046875","8717,1396484375","8717,099609375","2804400"
"2011-07-22T01:00:00.0000000+00:00","8770,9501953125","8794,48046875","8741,08984375","8765,3203125","8765,2802734375","3259600"
"2011-07-25T01:00:00.0000000+00:00","8764,6796875","8786,0302734375","8661,759765625","8683,509765625","8683,4697265625","2429400"
"2011-07-26T01:00:00.0000000+00:00","8700,58984375","8794,240234375","8689,150390625","8794,240234375","8794,2001953125","2358200"
"2011-07-27T01:00:00.0000000+00:00","8775,1796875","8819,9296875","8754,509765625","8817,490234375","8817,4501953125","2979000"
"2011-07-28T01:00:00.0000000+00:00","8739,830078125","8790,6796875","8702,83984375","8767,2001953125","8767,16015625","2852400"
"2011-07-29T01:00:00.0000000+00:00","8737,7197265625","8771,6396484375","8638,669921875","8644,1796875","8644,1396484375","3088600"
"2011-08-01T01:00:00.0000000+00:00","8629,9697265625","8707,8701171875","8629,9697265625","8701,3798828125","8701,33984375","3193600"
"2011-08-02T01:00:00.0000000+00:00","8629,08984375","8629,08984375","8557,7001953125","8584,7197265625","8584,6796875","2822400"
"2011-08-03T01:00:00.0000000+00:00","8466,349609375","8472,26953125","8360,73046875","8456,8603515625","8456,8203125","3447400"
"2011-08-04T01:00:00.0000000+00:00","8472,3701171875","8496,0703125","8317,26953125","8317,26953125","8317,2294921875","3285200"
"2011-08-05T01:00:00.0000000+00:00","7962,8701171875","7975,81982421875","7844,77001953125","7853,1298828125","7853,09326171875","4304800"
"2011-08-08T01:00:00.0000000+00:00","7769,60009765625","7799,490234375","7451,2900390625","7552,7998046875","7552,7646484375","4298800"
"2011-08-09T01:00:00.0000000+00:00","7261,5400390625","7599,14013671875","7148,759765625","7493,1201171875","7493,0859375","5373400"
"2011-08-10T01:00:00.0000000+00:00","7717,580078125","7751,58984375","7632,33984375","7736,31982421875","7736,28466796875","4546000"
"2011-08-11T01:00:00.0000000+00:00","7566,39013671875","7761,39990234375","7499,5400390625","7719,08984375","7719,0546875","3751200"
"2011-08-12T01:00:00.0000000+00:00","7825,7998046875","7853,52978515625","7637,02001953125","7637,02001953125","7636,98486328125","3474600"
"2011-08-15T01:00:00.0000000+00:00","7769,169921875","7819,39013671875","7748,4599609375","7819,39013671875","7819,3544921875","2220000"
"2011-08-16T01:00:00.0000000+00:00","7886,93017578125","7896,18994140625","7778,64990234375","7798,58984375","7798,55419921875","2422600"
"2011-08-17T01:00:00.0000000+00:00","7807,669921875","7821,990234375","7732,31982421875","7741,759765625","7741,72412109375","2395200"
"2011-08-18T01:00:00.0000000+00:00","7721,18994140625","7721,18994140625","7561,02001953125","7614,97021484375","7614,93505859375","2615600"
"2011-08-19T01:00:00.0000000+00:00","7414,35986328125","7429,9599609375","7316,830078125","7342,9599609375","7342,92626953125","2901400"
"2011-08-22T01:00:00.0000000+00:00","7348,7099609375","7468,740234375","7248,68994140625","7312,58984375","7312,55615234375","2848000"
"2011-08-23T01:00:00.0000000+00:00","7369,43017578125","7564,64013671875","7349,56982421875","7550,22998046875","7550,19482421875","2798400"
"2011-08-24T01:00:00.0000000+00:00","7592,509765625","7594,81005859375","7432,52001953125","7502,93017578125","7502,89599609375","2874400"
"2011-08-25T01:00:00.0000000+00:00","7559,47021484375","7564,8701171875","7409,02001953125","7410,8701171875","7410,8359375","2588200"
"2011-08-26T01:00:00.0000000+00:00","7438,52001953125","7503,3798828125","7389,56982421875","7445,10009765625","7445,06591796875","2441000"
"2011-08-29T01:00:00.0000000+00:00","7482,919921875","7608,77001953125","7474,31005859375","7578,009765625","7577,974609375","1952800"
"2011-08-30T01:00:00.0000000+00:00","7654,3701171875","7675,169921875","7599,27001953125","7646,18994140625","7646,15478515625","2556600"
"2011-08-31T01:00:00.0000000+00:00","7665,22021484375","7741,35986328125","7602,68017578125","7741,35986328125","7741,32421875","2482400"
"2011-09-01T01:00:00.0000000+00:00","7799,18017578125","7886,0400390625","7755,5498046875","7757,759765625","7757,72412109375","3465400"
"2011-09-02T01:00:00.0000000+00:00","7801,27978515625","7801,27978515625","7703,10009765625","7757,06005859375","7757,0244140625","2128800"
"2011-09-05T01:00:00.0000000+00:00","7637,89990234375","7637,89990234375","7538,580078125","7551,56982421875","7551,53466796875","2161200"
"2011-09-06T01:00:00.0000000+00:00","7496,240234375","7522,93994140625","7357,759765625","7367,18994140625","7367,15625","2654200"
"2011-09-07T01:00:00.0000000+00:00","7468,2900390625","7529,009765625","7428,7001953125","7529,009765625","7528,97509765625","2179800"
"2011-09-08T01:00:00.0000000+00:00","7601,2900390625","7626,77978515625","7520,759765625","7548,3701171875","7548,3349609375","2342000"
"2011-09-09T01:00:00.0000000+00:00","7568,22021484375","7651,27001953125","7547","7610,56982421875","7610,53466796875","2094200"
"2011-09-13T01:00:00.0000000+00:00","7530","7538,0400390625","7382","7391,3701171875","7391,3359375","2371600"
"2011-09-14T01:00:00.0000000+00:00","7455,5","7477,85986328125","7186,75","7228,47021484375","7228,43701171875","3096600"
"2011-09-15T01:00:00.0000000+00:00","7374,580078125","7430,2900390625","7348,2099609375","7385,68017578125","7385,64599609375","2425000"
"2011-09-16T01:00:00.0000000+00:00","7494,2900390625","7606,7001953125","7494,2900390625","7577,39990234375","7577,36474609375","3027600"
"2011-09-19T01:00:00.0000000+00:00","7572,830078125","7572,93994140625","7468,77001953125","7480,8798828125","7480,845703125","1743600"
"2011-09-20T01:00:00.0000000+00:00","7485,60009765625","7544,8798828125","7389,39013671875","7492,85009765625","7492,81591796875","2267200"
"2011-09-21T01:00:00.0000000+00:00","7515,66015625","7574,77978515625","7465,97998046875","7535,8798828125","7535,84521484375","2492600"
"2011-09-22T01:00:00.0000000+00:00","7419,490234375","7419,490234375","7287,759765625","7305,5","7305,46630859375","2665400"
"2011-09-23T01:00:00.0000000+00:00","7101,33984375","7126,81005859375","6997,60986328125","7046,22021484375","7046,1884765625","3274800"
"2011-09-26T01:00:00.0000000+00:00","7026,490234375","7058,43017578125","6877,1201171875","6877,1201171875","6877,08837890625","2739400"
"2011-09-27T01:00:00.0000000+00:00","7031,1298828125","7119,14013671875","7027,89013671875","7089,9501953125","7089,91796875","2696600"
"2011-09-28T01:00:00.0000000+00:00","7148,3798828125","7154,39990234375","7099,72998046875","7146,97998046875","7146,947265625","2370600"
"2011-09-29T01:00:00.0000000+00:00","7090,1201171875","7218,56982421875","7061,009765625","7182,60986328125","7182,57666015625","2291800"
"2011-09-30T01:00:00.0000000+00:00","7222,16015625","7251,8701171875","7163,75","7225,3798828125","7225,3466796875","2340800"
"2011-10-03T01:00:00.0000000+00:00","7128,66015625","7128,66015625","6998,3701171875","7013,97021484375","7013,9384765625","2067600"
"2011-10-04T01:00:00.0000000+00:00","6937,240234375","7047,990234375","6889,990234375","7047,8701171875","7047,83837890625","2281000"
"2011-10-05T01:00:00.0000000+00:00","7061,169921875","7091,009765625","6989,14990234375","6989,14990234375","6989,1181640625","1735200"
"2011-10-06T01:00:00.0000000+00:00","7094,60986328125","7170,919921875","7094,60986328125","7132","7131,96728515625","2206600"
"2011-10-07T01:00:00.0000000+00:00","7210,919921875","7253,08984375","7196,22021484375","7211,9599609375","7211,9267578125","2301800"
"2011-10-11T01:00:00.0000000+00:00","7348,85986328125","7398,7099609375","7348,85986328125","7398,7099609375","7398,67578125","2742000"
"2011-10-12T01:00:00.0000000+00:00","7390,06005859375","7407,080078125","7323,5400390625","7382,35009765625","7382,31591796875","2189800"
"2011-10-13T01:00:00.0000000+00:00","7423,18017578125","7444,330078125","7372,41015625","7428,330078125","7428,2958984375","2356600"
"2011-10-14T01:00:00.0000000+00:00","7430,5","7430,5","7353,7998046875","7358,080078125","7358,04638671875","1807200"
"2011-10-17T01:00:00.0000000+00:00","7412,8798828125","7475,06005859375","7401,2998046875","7461,1201171875","7461,0859375","1882200"
"2011-10-18T01:00:00.0000000+00:00","7352,1201171875","7379,080078125","7322,009765625","7359,47998046875","7359,4462890625","1638200"
"2011-10-19T01:00:00.0000000+00:00","7393,72998046875","7393,72998046875","7316,580078125","7353,3701171875","7353,33642578125","1715800"
"2011-10-20T01:00:00.0000000+00:00","7347,93017578125","7361,22021484375","7240,14990234375","7244,31982421875","7244,28662109375","1616000"
"2011-10-21T01:00:00.0000000+00:00","7272,509765625","7272,509765625","7205,2099609375","7254,509765625","7254,47607421875","1398600"
"2011-10-24T01:00:00.0000000+00:00","7352,43017578125","7472,5","7352,43017578125","7470,2998046875","7470,265625","2411600"
"2011-10-25T01:00:00.0000000+00:00","7506,080078125","7506,080078125","7468,52978515625","7491,2099609375","7491,17578125","2211400"
"2011-10-26T01:00:00.0000000+00:00","7437,77001953125","7548,509765625","7425,990234375","7535,81982421875","7535,78515625","2069600"
"2011-10-27T01:00:00.0000000+00:00","7548,35986328125","7590,8798828125","7504,9599609375","7565,2099609375","7565,1748046875","2870200"
"2011-10-28T01:00:00.0000000+00:00","7693,240234375","7743,3701171875","7602,6298828125","7616,06005859375","7616,02490234375","3591000"
"2011-10-31T01:00:00.0000000+00:00","7637,47998046875","7658,97021484375","7557,0498046875","7587,68994140625","7587,65478515625","2165000"
"2011-11-01T01:00:00.0000000+00:00","7547,240234375","7656,259765625","7505,9599609375","7622,009765625","7621,974609375","2232000"
"2011-11-02T01:00:00.0000000+00:00","7500,5400390625","7599,5400390625","7448,27978515625","7598,4501953125","7598,4150390625","2494800"
"2011-11-03T01:00:00.0000000+00:00","7603,4501953125","7603,4501953125","7460,31005859375","7460,31005859375","7460,27587890625","2586600"
"2011-11-04T01:00:00.0000000+00:00","7581,60986328125","7635,75","7578,35986328125","7603,22998046875","7603,19482421875","2759400"
"2011-11-07T01:00:00.0000000+00:00","7623,16015625","7638,02978515625","7586,85986328125","7621,72021484375","7621,68505859375","2045000"
"2011-11-08T01:00:00.0000000+00:00","7652,47021484375","7683,08984375","7600,7900390625","7600,7900390625","7600,7548828125","2185400"
"2011-11-09T01:00:00.0000000+00:00","7646,1201171875","7654,14990234375","7561,85986328125","7561,85986328125","7561,82470703125","2032800"
"2011-11-10T01:00:00.0000000+00:00","7431,259765625","7434,3701171875","7274,83984375","7308,68017578125","7308,646484375","2922600"
"2011-11-11T01:00:00.0000000+00:00","7369,72998046875","7385,97998046875","7288,490234375","7367,2900390625","7367,25634765625","2100800"
"2011-11-14T01:00:00.0000000+00:00","7472,16015625","7544,22998046875","7472,16015625","7525,64990234375","7525,615234375","2009600"
"2011-11-15T01:00:00.0000000+00:00","7515,5","7528,77978515625","7475,330078125","7491,06005859375","7491,02587890625","1588000"
"2011-11-16T01:00:00.0000000+00:00","7520,9501953125","7541,68017578125","7385,1298828125","7387,52001953125","7387,48583984375","2116600"
"2011-11-17T01:00:00.0000000+00:00","7333,56982421875","7392,81982421875","7284,2998046875","7387,81005859375","7387,77587890625","1819800"
"2011-11-18T01:00:00.0000000+00:00","7296,08984375","7327,669921875","7233,77978515625","7233,77978515625","7233,74658203125","2100200"
"2011-11-21T01:00:00.0000000+00:00","7166,259765625","7183,47021484375","7042,64013671875","7042,64013671875","7042,6083984375","2351600"
"2011-11-22T01:00:00.0000000+00:00","7064,60986328125","7082,39990234375","6970,72021484375","7000,02978515625","6999,998046875","2248200"
"2011-11-23T01:00:00.0000000+00:00","6967,66015625","6981,5400390625","6806,43017578125","6806,43017578125","6806,39892578125","2482200"
"2011-11-24T01:00:00.0000000+00:00","6748,919921875","6885,240234375","6744,259765625","6864,39013671875","6864,3583984375","2408800"
"2011-11-25T01:00:00.0000000+00:00","6906,33984375","6950,5","6751,47998046875","6784,52001953125","6784,48876953125","2380000"
"2011-11-28T01:00:00.0000000+00:00","6844,2998046875","6920,7900390625","6844,2998046875","6898,77978515625","6898,748046875","1637000"
"2011-11-29T01:00:00.0000000+00:00","6966,580078125","6998,06005859375","6934,8701171875","6988,64990234375","6988,6181640625","1959600"
"2011-11-30T01:00:00.0000000+00:00","7001,58984375","7001,58984375","6860,0498046875","6904,1201171875","6904,08837890625","3089600"
"2011-12-01T01:00:00.0000000+00:00","7132,41015625","7199,259765625","7129,06982421875","7178,68994140625","7178,65673828125","3336600"
"2011-12-02T01:00:00.0000000+00:00","7164","7186,66015625","7109,7099609375","7140,68017578125","7140,6474609375","2061200"
"2011-12-05T01:00:00.0000000+00:00","7149,580078125","7149,58984375","7057,330078125","7098,080078125","7098,0478515625","1560600"
"2011-12-06T01:00:00.0000000+00:00","7075,83984375","7075,83984375","6956,27978515625","6956,27978515625","6956,248046875","1738800"
"2011-12-07T01:00:00.0000000+00:00","7004,18017578125","7046,39013671875","6992,27001953125","7033","7032,96826171875","1731200"
"2011-12-08T01:00:00.0000000+00:00","7018,64013671875","7018,64013671875","6907,9501953125","6982,89990234375","6982,8681640625","1753400"
"2011-12-09T01:00:00.0000000+00:00","6891,47021484375","6927,990234375","6831,39013671875","6893,2998046875","6893,26806640625","1918000"
"2011-12-12T01:00:00.0000000+00:00","6975,6201171875","7002,08984375","6923,8798828125","6949,0400390625","6949,00830078125","1391400"
"2011-12-13T01:00:00.0000000+00:00","6883,080078125","6919,68017578125","6850,8798828125","6896,31005859375","6896,2783203125","1525400"
"2011-12-14T01:00:00.0000000+00:00","6912,5400390625","6926,08984375","6860,39013671875","6922,56982421875","6922,5380859375","1554400"
"2011-12-15T01:00:00.0000000+00:00","6874,18017578125","6874,18017578125","6764,58984375","6764,58984375","6764,55859375","1828200"
"2011-12-16T01:00:00.0000000+00:00","6783,02001953125","6810,080078125","6757,330078125","6785,08984375","6785,05859375","1469400"
"2011-12-19T01:00:00.0000000+00:00","6780,64013671875","6780,64013671875","6609,10986328125","6633,330078125","6633,29931640625","2068200"
"2011-12-20T01:00:00.0000000+00:00","6654,669921875","6696,93017578125","6646,2998046875","6662,64013671875","6662,609375","1770800"
"2011-12-21T01:00:00.0000000+00:00","6878,6298828125","6966,47998046875","6878,6298828125","6966,47998046875","6966,4482421875","2138600"
"2011-12-22T01:00:00.0000000+00:00","6968,22021484375","6989,58984375","6940,85009765625","6966,35009765625","6966,318359375","1957000"
"2011-12-23T01:00:00.0000000+00:00","7035,10009765625","7122,27978515625","7035,10009765625","7110,72998046875","7110,69775390625","2717400"
"2011-12-26T01:00:00.0000000+00:00","7125,0400390625","7125,669921875","7078,06005859375","7092,580078125","7092,5478515625","1730800"
"2011-12-27T01:00:00.0000000+00:00","7085,5","7107,669921875","7043,64013671875","7085,02978515625","7084,99755859375","1653800"
"2011-12-28T01:00:00.0000000+00:00","7086,10009765625","7093,47021484375","7036,919921875","7056,669921875","7056,63818359375","1799600"
"2011-12-29T01:00:00.0000000+00:00","7026,85986328125","7074,81982421875","6998,97021484375","7074,81982421875","7074,7880859375","1516200"
"2011-12-30T01:00:00.0000000+00:00","7109,85009765625","7139,02978515625","7054,7900390625","7072,080078125","7072,04833984375","1704800"
"2012-01-02T01:00:00.0000000+00:00",,,,,,
"2012-01-03T01:00:00.0000000+00:00","7005,39013671875","7073,7900390625","7005,39013671875","7053,3798828125","7053,34814453125","1818200"
"2012-01-04T01:00:00.0000000+00:00","7093,06982421875","7116,22021484375","7064,580078125","7082,97021484375","7082,93798828125","2132200"
"2012-01-05T01:00:00.0000000+00:00","7099,35009765625","7130,85986328125","7073,31982421875","7130,85986328125","7130,8271484375","2209000"
"2012-01-06T01:00:00.0000000+00:00","7129,52978515625","7139,0400390625","7090,47021484375","7120,509765625","7120,47705078125","2354400"
"2012-01-09T01:00:00.0000000+00:00","7103,08984375","7103,08984375","7050,25","7093,0400390625","7093,0078125","1741000"
"2012-01-10T01:00:00.0000000+00:00","7128,85986328125","7181,740234375","7128,85986328125","7178,8701171875","7178,8369140625","2546400"
"2012-01-11T01:00:00.0000000+00:00","7203,10009765625","7212,35986328125","7184,3798828125","7188,2099609375","7188,1767578125","2389000"
"2012-01-12T01:00:00.0000000+00:00","7202,3798828125","7209,740234375","7173,8701171875","7186,580078125","7186,546875","2178800"
"2012-01-13T01:00:00.0000000+00:00","7226,240234375","7249,93994140625","7169,919921875","7181,5400390625","7181,5068359375","2530000"
"2012-01-16T01:00:00.0000000+00:00","7241,919921875","7258,83984375","7091,35009765625","7103,6201171875","7103,587890625","2092600"
"2012-01-17T01:00:00.0000000+00:00","7144,2001953125","7221,080078125","7118,35986328125","7221,080078125","7221,046875","2607400"
"2012-01-18T01:00:00.0000000+00:00","7235,5400390625","7245,1298828125","7194,5498046875","7233,68994140625","7233,65673828125","3019600"
"2012-01-30T01:00:00.0000000+00:00","7382,72021484375","7443,02978515625","7382,72021484375","7407,41015625","7407,3759765625","3584800"
"2012-01-31T01:00:00.0000000+00:00","7436,52001953125","7517,080078125","7421,009765625","7517,080078125","7517,04541015625","4300400"
"2012-02-01T01:00:00.0000000+00:00","7520,35986328125","7566,080078125","7488,97021484375","7549,2099609375","7549,1748046875","4049800"
"2012-02-02T01:00:00.0000000+00:00","7613,7900390625","7652,4599609375","7578,759765625","7652,4599609375","7652,4248046875","4452800"
"2012-02-03T01:00:00.0000000+00:00","7658,68017578125","7674,990234375","7608,41015625","7674,990234375","7674,955078125","4261800"
"2012-02-06T01:00:00.0000000+00:00","7752,27978515625","7752,27978515625","7677,56005859375","7687,97998046875","7687,94482421875","3712400"
"2012-02-07T01:00:00.0000000+00:00","7680,35986328125","7751,759765625","7673,91015625","7707,43994140625","7707,40478515625","2997600"
"2012-02-08T01:00:00.0000000+00:00","7766,3798828125","7869,91015625","7766,3798828125","7869,91015625","7869,87353515625","3991000"
"2012-02-09T01:00:00.0000000+00:00","7863,35986328125","7910,77978515625","7840,3798828125","7910,77978515625","7910,74267578125","4228800"
"2012-02-10T01:00:00.0000000+00:00","7922,60986328125","7941,6298828125","7848,77978515625","7862,27001953125","7862,2333984375","3965600"
"2012-02-13T01:00:00.0000000+00:00","7849,2099609375","7917,9599609375","7837,580078125","7912,91015625","7912,873046875","3467600"
"2012-02-14T01:00:00.0000000+00:00","7937,27978515625","7937,27978515625","7829,759765625","7884,080078125","7884,04296875","3394800"
"2012-02-15T01:00:00.0000000+00:00","7919,41015625","8011,8701171875","7902,080078125","8005,240234375","8005,20263671875","3961800"
"2012-02-16T01:00:00.0000000+00:00","7983,75","8010,5","7851,6201171875","7869,7001953125","7869,66357421875","4457800"
"2012-02-17T01:00:00.0000000+00:00","7956,91015625","8013,4599609375","7862,10986328125","7894,35986328125","7894,32275390625","3787200"
"2012-02-20T01:00:00.0000000+00:00","7959,990234375","7985,5","7913,64990234375","7954,81982421875","7954,78271484375","2815200"
"2012-02-21T01:00:00.0000000+00:00","7953,06005859375","7973,47021484375","7870,259765625","7921,5","7921,462890625","2942600"
"2012-02-22T01:00:00.0000000+00:00","7908,3798828125","8018,5400390625","7897,64990234375","8001,68017578125","8001,642578125","3485200"
"2012-02-23T01:00:00.0000000+00:00","7981,919921875","7991,919921875","7935,419921875","7937,2998046875","7937,2626953125","2861400"
"2012-02-24T01:00:00.0000000+00:00","7971,6201171875","7974,580078125","7899,6201171875","7959,33984375","7959,302734375","2811000"
"2012-02-29T01:00:00.0000000+00:00","8046,14013671875","8121,43994140625","8046,14013671875","8121,43994140625","8121,40234375","3454400"
"2012-03-01T01:00:00.0000000+00:00","8127,56982421875","8151,7001953125","8103,75","8118,33984375","8118,30224609375","2838000"
"2012-03-02T01:00:00.0000000+00:00","8161,8701171875","8170,72021484375","8114,14013671875","8144,0400390625","8144,00244140625","3160600"
"2012-03-05T01:00:00.0000000+00:00","8105,27001953125","8115,490234375","7998,9599609375","8004,740234375","8004,70263671875","2834600"
"2012-03-06T01:00:00.0000000+00:00","8006,85009765625","8028,02001953125","7860,8701171875","7937,97021484375","7937,93310546875","3057000"
"2012-03-07T01:00:00.0000000+00:00","7846,490234375","7937,10986328125","7824,4501953125","7903,080078125","7903,04296875","2595200"
"2012-03-08T01:00:00.0000000+00:00","7952,93994140625","8000,93017578125","7905,5","7984,56005859375","7984,5224609375","2728800"
"2012-03-09T01:00:00.0000000+00:00","8012,58984375","8027,080078125","7965,68017578125","8016,009765625","8015,97216796875","2700200"
"2012-03-12T01:00:00.0000000+00:00","8028,8701171875","8028,8701171875","7927,5498046875","7927,5498046875","7927,5126953125","2189200"
"2012-03-13T01:00:00.0000000+00:00","7990,60009765625","8045,60986328125","7974,3798828125","8031,509765625","8031,47216796875","2546000"
"2012-03-14T01:00:00.0000000+00:00","8132,9599609375","8170,31005859375","8113,759765625","8125,259765625","8125,22216796875","3113400"
"2012-03-15T01:00:00.0000000+00:00","8141,93017578125","8142,97998046875","8088,10009765625","8121,6201171875","8121,58251953125","2435400"
"2012-03-16T01:00:00.0000000+00:00","8130,27978515625","8130,52001953125","8054,93994140625","8054,93994140625","8054,90234375","2726400"
"2012-03-19T01:00:00.0000000+00:00","8113,4599609375","8123,14990234375","7997,0498046875","8043,919921875","8043,88232421875","2103800"
"2012-03-20T01:00:00.0000000+00:00","8062,91015625","8062,91015625","7965,9599609375","7972,7001953125","7972,6630859375","1996000"
"2012-03-21T01:00:00.0000000+00:00","7993,4599609375","8013,669921875","7940,18994140625","7981,93994140625","7981,90234375","2182400"
"2012-03-22T01:00:00.0000000+00:00","7997,66015625","8075,97021484375","7995,56982421875","8059,93994140625","8059,90234375","2196000"
"2012-03-23T01:00:00.0000000+00:00","8067,93017578125","8076,60986328125","8030,8798828125","8076,60986328125","8076,572265625","1973800"
"2012-03-26T01:00:00.0000000+00:00","8073,93017578125","8073,93017578125","7958,72021484375","7967,6201171875","7967,5830078125","2166800"
"2012-03-27T01:00:00.0000000+00:00","8033,22021484375","8033,22021484375","7978,740234375","8029,4599609375","8029,42236328125","1976800"
"2012-03-28T01:00:00.0000000+00:00","8074,64013671875","8085,43017578125","8013,7998046875","8038,06982421875","8038,0322265625","1997800"
"2012-03-29T01:00:00.0000000+00:00","7997,8701171875","7997,8701171875","7808,5498046875","7872,66015625","7872,62353515625","3208800"
"2012-03-30T01:00:00.0000000+00:00","7832,22021484375","7933","7775,75","7933","7932,962890625","2408600"
"2012-04-02T01:00:00.0000000+00:00","7905,8798828125","7928,43017578125","7859,56005859375","7862,89990234375","7862,86328125","1675400"
"2012-04-03T01:00:00.0000000+00:00","7896,72021484375","7907,6201171875","7723,39013671875","7760,85009765625","7760,814453125","2535800"
"2012-04-05T01:00:00.0000000+00:00","7603,31005859375","7667,0400390625","7528,02978515625","7639,81982421875","7639,78466796875","2431800"
"2012-04-06T01:00:00.0000000+00:00","7667,89990234375","7713,240234375","7638,0498046875","7706,259765625","7706,224609375","1921400"
"2012-04-09T01:00:00.0000000+00:00","7587,68017578125","7650,89013671875","7529,39013671875","7600,8701171875","7600,8349609375","1478200"
"2012-04-10T01:00:00.0000000+00:00","7659,02978515625","7692,93994140625","7605,669921875","7640,68017578125","7640,64501953125","1692200"
"2012-04-11T01:00:00.0000000+00:00","7592,93994140625","7666,06982421875","7573,0498046875","7656,669921875","7656,634765625","1641000"
"2012-04-12T01:00:00.0000000+00:00","7669,4599609375","7673,83984375","7599","7662,919921875","7662,884765625","1762800"
"2012-04-13T01:00:00.0000000+00:00","7734,5498046875","7788,27001953125","7733,18017578125","7788,27001953125","7788,234375","2215400"
"2012-04-16T01:00:00.0000000+00:00","7747,35986328125","7749,490234375","7714,14013671875","7729,85986328125","7729,82470703125","1476200"
"2012-04-17T01:00:00.0000000+00:00","7736,7001953125","7752,10009765625","7585,8701171875","7585,8701171875","7585,8349609375","1955600"
"2012-04-18T01:00:00.0000000+00:00","7676,47998046875","7683,9501953125","7590,97998046875","7605","7604,96484375","1684000"
"2012-04-19T01:00:00.0000000+00:00","7602,27978515625","7632,72998046875","7528,0400390625","7622,68994140625","7622,65478515625","1619600"
"2012-04-20T01:00:00.0000000+00:00","7601,56982421875","7605,22021484375","7507,14990234375","7507,14990234375","7507,11572265625","1825600"
"2012-04-23T01:00:00.0000000+00:00","7488,81982421875","7521,419921875","7430,93017578125","7481,08984375","7481,0556640625","1621600"
"2012-04-24T01:00:00.0000000+00:00","7457,02001953125","7533,5498046875","7444,7900390625","7498,83984375","7498,8056640625","1516400"
"2012-04-25T01:00:00.0000000+00:00","7552,77978515625","7569,25","7525,68994140625","7563,18017578125","7563,14501953125","1553200"
"2012-04-26T01:00:00.0000000+00:00","7596,52978515625","7600,4501953125","7509,8798828125","7521,35009765625","7521,3154296875","1598600"
"2012-04-27T01:00:00.0000000+00:00","7569,2900390625","7598,4501953125","7459,75","7480,5","7480,4658203125","1940800"
"2012-04-30T01:00:00.0000000+00:00","7439,22021484375","7501,72021484375","7422,14013671875","7501,72021484375","7501,68603515625","1614600"
"2012-05-02T01:00:00.0000000+00:00","7511,759765625","7679,06982421875","7511,759765625","7676,81005859375","7676,77490234375","2695600"
"2012-05-03T01:00:00.0000000+00:00","7671,06005859375","7681,22998046875","7643,08984375","7659,52978515625","7659,49462890625","1847200"
"2012-05-04T01:00:00.0000000+00:00","7619,72998046875","7704,8701171875","7614,990234375","7700,9501953125","7700,9150390625","2075800"
"2012-05-07T01:00:00.0000000+00:00","7608,35009765625","7608,35009765625","7515,68994140625","7538,080078125","7538,04541015625","1866000"
"2012-05-08T01:00:00.0000000+00:00","7572,16015625","7572,31005859375","7522,2900390625","7545,7099609375","7545,6748046875","1506000"
"2012-05-09T01:00:00.0000000+00:00","7485,330078125","7513,7099609375","7448,89990234375","7475,7099609375","7475,67578125","1653800"
"2012-05-10T01:00:00.0000000+00:00","7479,14013671875","7523,3701171875","7470,81005859375","7484,009765625","7483,9755859375","1362200"
"2012-05-11T01:00:00.0000000+00:00","7472,56005859375","7473,5498046875","7382,9501953125","7401,3701171875","7401,3359375","1595600"
"2012-05-14T01:00:00.0000000+00:00","7389,89013671875","7412,58984375","7346,85986328125","7377,18017578125","7377,14599609375","1144200"
"2012-05-15T01:00:00.0000000+00:00","7328,740234375","7396,419921875","7291,43994140625","7395,64013671875","7395,60595703125","1547000"
"2012-05-16T01:00:00.0000000+00:00","7376,7099609375","7399,830078125","7234,56982421875","7234,56982421875","7234,53662109375","1879600"
"2012-05-17T01:00:00.0000000+00:00","7304,39990234375","7356,77001953125","7274,31982421875","7356,77001953125","7356,736328125","1840600"
"2012-05-18T01:00:00.0000000+00:00","7252,240234375","7253,10009765625","7149,35986328125","7151,18994140625","7151,1572265625","2143800"
"2012-05-21T01:00:00.0000000+00:00","7164,89990234375","7220,10009765625","7164,89990234375","7192,22998046875","7192,19677734375","1296000"
"2012-05-22T01:00:00.0000000+00:00","7257,9599609375","7274,89013671875","7232,52001953125","7274,89013671875","7274,8564453125","1506600"
"2012-05-23T01:00:00.0000000+00:00","7213,60009765625","7213,60009765625","7130,52001953125","7147,75","7147,71728515625","1546800"
"2012-05-24T01:00:00.0000000+00:00","7155,740234375","7190,5498046875","7090,47021484375","7124,89013671875","7124,857421875","1644600"
"2012-05-25T01:00:00.0000000+00:00","7116,330078125","7139,759765625","7066,39013671875","7071,6298828125","7071,59814453125","1330800"
"2012-05-28T01:00:00.0000000+00:00","7067,5498046875","7136","7047,31982421875","7136","7135,96728515625","1110800"
"2012-05-29T01:00:00.0000000+00:00","7179,580078125","7349,85009765625","7178,669921875","7342,2900390625","7342,25634765625","2326000"
"2012-05-30T01:00:00.0000000+00:00","7331,64013671875","7331,64013671875","7222,8798828125","7261,7998046875","7261,76611328125","2155200"
"2012-05-31T01:00:00.0000000+00:00","7184,91015625","7301,5","7132,7998046875","7301,5","7301,46630859375","2517000"
"2012-06-01T01:00:00.0000000+00:00","7213,68994140625","7218,75","7106,08984375","7106,08984375","7106,0576171875","1836600"
"2012-06-04T01:00:00.0000000+00:00","6907,1298828125","6937,330078125","6857,35009765625","6894,66015625","6894,62841796875","2139600"
"2012-06-05T01:00:00.0000000+00:00","6988,52001953125","7037,56982421875","6967,31005859375","7000,4501953125","7000,41845703125","1634000"
"2012-06-06T01:00:00.0000000+00:00","7037,919921875","7076,27978515625","7004,39990234375","7056,14990234375","7056,1181640625","1709000"
"2012-06-07T01:00:00.0000000+00:00","7133,77978515625","7139,16015625","7052,35986328125","7080,31005859375","7080,27783203125","1657800"
"2012-06-08T01:00:00.0000000+00:00","7033,509765625","7063,080078125","6979,81982421875","6999,64990234375","6999,6181640625","1222000"
"2012-06-11T01:00:00.0000000+00:00","7081,72021484375","7137,97998046875","7081,72021484375","7120,22998046875","7120,197265625","1485200"
"2012-06-12T01:00:00.0000000+00:00","7036,43994140625","7076,3701171875","7026,27001953125","7072,080078125","7072,04833984375","1160600"
"2012-06-13T01:00:00.0000000+00:00","7103,2001953125","7109,33984375","7059,85009765625","7088,830078125","7088,7978515625","1321800"
"2012-06-14T01:00:00.0000000+00:00","7096,85986328125","7114,06982421875","7070,35986328125","7075,10009765625","7075,06787109375","1212800"
"2012-06-15T01:00:00.0000000+00:00","7094","7166,080078125","7085,919921875","7155,830078125","7155,79736328125","2347200"
"2012-06-18T01:00:00.0000000+00:00","7263,81005859375","7302,81982421875","7262,7998046875","7281,5","7281,46630859375","2049600"
"2012-06-19T01:00:00.0000000+00:00","7286,5400390625","7288,97998046875","7239,419921875","7273,1298828125","7273,09619140625","1335800"
"2012-06-20T01:00:00.0000000+00:00","7309,22998046875","7334,6298828125","7281,740234375","7334,6298828125","7334,59619140625","1568400"
"2012-06-21T01:00:00.0000000+00:00","7301,7900390625","7311,39013671875","7259,10986328125","7279,0498046875","7279,01611328125","1513000"
"2012-06-22T01:00:00.0000000+00:00","7210,7998046875","7229,72998046875","7185,31005859375","7222,0498046875","7222,0166015625","1374600"
"2012-06-25T01:00:00.0000000+00:00","7222,60986328125","7222,60986328125","7157,89990234375","7166,3798828125","7166,34716796875","1277000"
"2012-06-26T01:00:00.0000000+00:00","7145,22021484375","7156,990234375","7117,169921875","7137,93017578125","7137,8974609375","1349400"
"2012-06-27T01:00:00.0000000+00:00","7137,990234375","7199,31982421875","7127,97998046875","7183,009765625","7182,9765625","1275200"
"2012-06-28T01:00:00.0000000+00:00","7230,47021484375","7236,7099609375","7165,33984375","7169,60986328125","7169,57666015625","1380000"
"2012-06-29T01:00:00.0000000+00:00","7183,4501953125","7296,27978515625","7177,58984375","7296,27978515625","7296,24609375","1617200"
"2012-07-02T01:00:00.0000000+00:00","7332,08984375","7359,990234375","7318,22021484375","7345,16015625","7345,12646484375","1833800"
"2012-07-03T01:00:00.0000000+00:00","7363,3701171875","7431,7001953125","7357,669921875","7418,35986328125","7418,32568359375","1918000"
"2012-07-04T01:00:00.0000000+00:00","7414,56005859375","7442,5498046875","7397,7998046875","7422,58984375","7422,5556640625","2111000"
"2012-07-05T01:00:00.0000000+00:00","7412,5498046875","7426,6201171875","7376,4501953125","7387,77978515625","7387,74560546875","1614800"
"2012-07-06T01:00:00.0000000+00:00","7392,77978515625","7406,6201171875","7328,02978515625","7368,58984375","7368,55615234375","1536400"
"2012-07-09T01:00:00.0000000+00:00","7301,72021484375","7333,27978515625","7293,10986328125","7309,9599609375","7309,92626953125","1212400"
"2012-07-10T01:00:00.0000000+00:00","7305,759765625","7328,75","7228,8798828125","7251,35009765625","7251,31640625","1614000"
"2012-07-11T01:00:00.0000000+00:00","7207,080078125","7261,58984375","7202,3798828125","7257,91015625","7257,87646484375","1463800"
"2012-07-12T01:00:00.0000000+00:00","7240,8798828125","7242,77978515625","7130,93017578125","7130,93017578125","7130,8974609375","1603400"
"2012-07-13T01:00:00.0000000+00:00","7113,14013671875","7153,85009765625","7103,7099609375","7104,27001953125","7104,23779296875","1408400"
"2012-07-16T01:00:00.0000000+00:00","7135,93994140625","7147,3798828125","7085,3798828125","7090,0400390625","7090,0078125","1345000"
"2012-07-17T01:00:00.0000000+00:00","7056,7998046875","7133,0498046875","7051,759765625","7127","7126,96728515625","1630200"
"2012-07-18T01:00:00.0000000+00:00","7132,64990234375","7132,64990234375","7046,08984375","7049,0498046875","7049,01806640625","1416600"
"2012-07-19T01:00:00.0000000+00:00","7109,330078125","7163,75","7098,18017578125","7148,56982421875","7148,537109375","1587200"
"2012-07-20T01:00:00.0000000+00:00","7136,47998046875","7164,68017578125","7130,7099609375","7164,68017578125","7164,6474609375","1183400"
"2012-07-23T01:00:00.0000000+00:00","7105,990234375","7105,990234375","6996,18017578125","7028,72998046875","7028,6982421875","1392000"
"2012-07-24T01:00:00.0000000+00:00","7004,43994140625","7015,759765625","6968,77978515625","7008,35009765625","7008,318359375","1498200"
"2012-07-25T01:00:00.0000000+00:00","6932,1201171875","7036,9501953125","6922,72998046875","6979,1298828125","6979,09814453125","1588400"
"2012-07-26T01:00:00.0000000+00:00","7012,93994140625","7023,97998046875","6963,56982421875","6970,68994140625","6970,658203125","1604200"
"2012-07-27T01:00:00.0000000+00:00","7060,43017578125","7124,490234375","7045,31005859375","7124,490234375","7124,45751953125","1832200"
"2012-07-30T01:00:00.0000000+00:00","7159,2099609375","7184,31005859375","7146,06982421875","7158,8798828125","7158,84716796875","1782200"
"2012-07-31T01:00:00.0000000+00:00","7140,52978515625","7270,490234375","7140,52978515625","7270,490234375","7270,45654296875","2121200"
"2012-08-01T01:00:00.0000000+00:00","7242,580078125","7273,6201171875","7223,169921875","7267,9599609375","7267,92626953125","1899400"
"2012-08-02T01:00:00.0000000+00:00",,,,,,
"2012-08-03T01:00:00.0000000+00:00","7220,509765625","7235,6298828125","7186,77978515625","7217,509765625","7217,4765625","1885600"
"2012-08-06T01:00:00.0000000+00:00","7311,740234375","7340,56005859375","7276,60009765625","7286,330078125","7286,29638671875","2001000"
"2012-08-07T01:00:00.0000000+00:00","7289,89013671875","7300,990234375","7265,9599609375","7295,4599609375","7295,42626953125","1793000"
"2012-08-08T01:00:00.0000000+00:00","7331,58984375","7357,419921875","7302,89990234375","7319,7998046875","7319,76611328125","2231000"
"2012-08-09T01:00:00.0000000+00:00","7341,8701171875","7435","7341,8701171875","7433,7001953125","7433,666015625","2654200"
"2012-08-10T01:00:00.0000000+00:00","7443,35986328125","7458,22998046875","7409,43017578125","7441,1201171875","7441,0859375","2080400"
"2012-08-13T01:00:00.0000000+00:00","7495,81005859375","7495,81005859375","7423,83984375","7436,2998046875","7436,265625","1704200"
"2012-08-14T01:00:00.0000000+00:00","7447,02978515625","7520,64990234375","7447,02978515625","7479,25","7479,2158203125","2058600"
"2012-08-15T01:00:00.0000000+00:00","7489,81005859375","7489,81005859375","7442,72021484375","7467,740234375","7467,7060546875","1840400"
"2012-08-16T01:00:00.0000000+00:00","7475,68017578125","7515,02001953125","7456,39990234375","7490,2099609375","7490,17578125","2097200"
"2012-08-17T01:00:00.0000000+00:00","7502,85009765625","7516,7099609375","7467,919921875","7467,919921875","7467,8857421875","1945200"
"2012-08-20T01:00:00.0000000+00:00","7482,0498046875","7485,16015625","7422,43994140625","7431,91015625","7431,8759765625","1526800"
"2012-08-21T01:00:00.0000000+00:00","7459,5","7536,31982421875","7459,5","7506,81005859375","7506,77587890625","1986600"
"2012-08-22T01:00:00.0000000+00:00","7495,8701171875","7501,259765625","7461,06982421875","7496,580078125","7496,5458984375","1721000"
"2012-08-23T01:00:00.0000000+00:00","7486,580078125","7519,02978515625","7475,08984375","7505,169921875","7505,1357421875","1747800"
"2012-08-24T01:00:00.0000000+00:00","7479,56982421875","7494,35986328125","7454,85009765625","7477,52978515625","7477,49560546875","1779200"
"2012-08-27T01:00:00.0000000+00:00","7504,4501953125","7523,5400390625","7457,75","7468,22021484375","7468,18603515625","1568200"
"2012-08-28T01:00:00.0000000+00:00","7440,56005859375","7445,080078125","7359,830078125","7361,93994140625","7361,90625","1746800"
"2012-08-29T01:00:00.0000000+00:00","7379,47998046875","7405,2998046875","7368,39990234375","7391,14990234375","7391,11572265625","1451600"
"2012-08-30T01:00:00.0000000+00:00","7372,06005859375","7404,93994140625","7360,10009765625","7371,43994140625","7371,40625","1892600"
"2012-08-31T01:00:00.0000000+00:00","7363,25","7406,52001953125","7363,25","7397,06005859375","7397,02587890625","1582800"
"2012-09-03T01:00:00.0000000+00:00","7430,39990234375","7462,14990234375","7389,68017578125","7450,52978515625","7450,49560546875","1820400"
"2012-09-04T01:00:00.0000000+00:00","7471,31005859375","7479,009765625","7440,02978515625","7451,35009765625","7451,31591796875","1888800"
"2012-09-05T01:00:00.0000000+00:00","7429,93017578125","7429,93017578125","7364,68017578125","7367,43994140625","7367,40625","1910000"
"2012-09-06T01:00:00.0000000+00:00","7383,0400390625","7390,759765625","7313,56005859375","7326,72021484375","7326,6865234375","1820200"
"2012-09-07T01:00:00.0000000+00:00","7434,43017578125","7446,10009765625","7409,8798828125","7424,91015625","7424,8759765625","2176200"
"2012-09-10T01:00:00.0000000+00:00","7435,33984375","7482,740234375","7435,33984375","7482,740234375","7482,7060546875","2304200"
"2012-09-11T01:00:00.0000000+00:00","7497,22998046875","7509,16015625","7468,18017578125","7485,1298828125","7485,095703125","1837000"
"2012-09-12T01:00:00.0000000+00:00","7518,68017578125","7571,419921875","7515,0400390625","7570,4501953125","7570,4150390625","2700400"
"2012-09-13T01:00:00.0000000+00:00","7577,16015625","7594,759765625","7557,27978515625","7578,7998046875","7578,7646484375","2330000"
"2012-09-14T01:00:00.0000000+00:00","7660,3798828125","7738,0498046875","7660,3798828125","7738,0498046875","7738,01416015625","3645800"
"2012-09-17T01:00:00.0000000+00:00","7768,4501953125","7778,06005859375","7725,89990234375","7762,22021484375","7762,1845703125","3299400"
"2012-09-18T01:00:00.0000000+00:00","7740,56982421875","7757,0400390625","7714,43017578125","7734,259765625","7734,224609375","2445600"
"2012-09-19T01:00:00.0000000+00:00","7739,52001953125","7781,91015625","7726,35009765625","7781,91015625","7781,87451171875","2740400"
"2012-09-20T01:00:00.0000000+00:00","7781,81005859375","7785,47021484375","7704,60986328125","7727,5498046875","7727,5146484375","2531400"
"2012-09-21T01:00:00.0000000+00:00","7763,2900390625","7765,009765625","7737,02978515625","7754,58984375","7754,55419921875","2249600"
"2012-09-24T01:00:00.0000000+00:00","7760,330078125","7781,5498046875","7706,9501953125","7768,2998046875","7768,26416015625","2099200"
"2012-09-25T01:00:00.0000000+00:00","7766,43994140625","7789,39013671875","7720,43994140625","7734,1298828125","7734,0947265625","2068400"
"2012-09-26T01:00:00.0000000+00:00","7702,77001953125","7708,89990234375","7649,5","7669,6298828125","7669,5947265625","2122800"
"2012-09-27T01:00:00.0000000+00:00","7665,89013671875","7699,22998046875","7658,509765625","7683,7998046875","7683,7646484375","1925200"
"2012-09-28T01:00:00.0000000+00:00","7704,22998046875","7721,2900390625","7665,35009765625","7715,16015625","7715,125","2022400"
"2012-10-01T01:00:00.0000000+00:00","7702,1201171875","7707,89013671875","7657,8798828125","7675,72021484375","7675,68505859375","1410200"
"2012-10-02T01:00:00.0000000+00:00","7703,10009765625","7726,60986328125","7683,02978515625","7718,68017578125","7718,64501953125","1613000"
"2012-10-03T01:00:00.0000000+00:00","7727,47998046875","7727,52978515625","7680,97998046875","7684,6298828125","7684,5947265625","1531200"
"2012-10-04T01:00:00.0000000+00:00","7678,47998046875","7689,080078125","7621,3798828125","7682,33984375","7682,3046875","1783200"
"2012-10-05T01:00:00.0000000+00:00","7694,0498046875","7721,93017578125","7675,47998046875","7690,64990234375","7690,61474609375","1803200"
"2012-10-08T01:00:00.0000000+00:00","7707,97021484375","7707,97021484375","7612,8701171875","7615,89013671875","7615,85498046875","1545200"
"2012-10-09T01:00:00.0000000+00:00","7593,580078125","7631,9599609375","7590,75","7592,009765625","7591,974609375","1845000"
"2012-10-11T01:00:00.0000000+00:00","7494,580078125","7501,22021484375","7448,06005859375","7451,72021484375","7451,68603515625","1956600"
"2012-10-12T01:00:00.0000000+00:00","7456,509765625","7478,509765625","7398,7998046875","7437,0400390625","7437,005859375","1560800"
"2012-10-15T01:00:00.0000000+00:00","7433,22021484375","7433,68017578125","7392,60986328125","7418,89990234375","7418,86572265625","1186200"
"2012-10-16T01:00:00.0000000+00:00","7437,7900390625","7471,02001953125","7437,7900390625","7471,02001953125","7470,98583984375","1487000"
"2012-10-17T01:00:00.0000000+00:00","7505,41015625","7518,35986328125","7450,2900390625","7464,39990234375","7464,36572265625","1839800"
"2012-10-18T01:00:00.0000000+00:00","7474,06982421875","7495,4501953125","7448,06005859375","7465,41015625","7465,3759765625","1300800"
"2012-10-19T01:00:00.0000000+00:00","7443,60986328125","7449,22021484375","7402,66015625","7408,759765625","7408,7255859375","1410400"
"2012-10-22T01:00:00.0000000+00:00","7333,240234375","7373,0400390625","7310,7900390625","7373,0400390625","7373,005859375","1241400"
"2012-10-23T01:00:00.0000000+00:00","7367,4599609375","7375,5","7326,39013671875","7337,47998046875","7337,4462890625","1201000"
"2012-10-24T01:00:00.0000000+00:00","7288,14013671875","7348,4501953125","7274,8798828125","7314,8798828125","7314,84619140625","1380800"
"2012-10-25T01:00:00.0000000+00:00","7329,5","7339,2099609375","7260","7262,080078125","7262,04638671875","1509400"
"2012-10-26T01:00:00.0000000+00:00","7291,97998046875","7298,47998046875","7132,77001953125","7134,06005859375","7134,02734375","2529400"
"2012-10-29T01:00:00.0000000+00:00","7147,2001953125","7165,10009765625","7091,18994140625","7091,669921875","7091,6376953125","1832200"
"2012-10-30T01:00:00.0000000+00:00","7131,14990234375","7206,35009765625","7131,14990234375","7182,58984375","7182,556640625","1781000"
"2012-10-31T01:00:00.0000000+00:00","7220,02001953125","7222,83984375","7139,169921875","7166,0498046875","7166,01708984375","1588000"
"2012-11-01T01:00:00.0000000+00:00","7141,97021484375","7188,22998046875","7050,0498046875","7179,64013671875","7179,60693359375","1918000"
"2012-11-02T01:00:00.0000000+00:00","7232,2001953125","7235,1298828125","7199,56982421875","7210,47021484375","7210,43701171875","1967600"
"2012-11-05T01:00:00.0000000+00:00","7200,77001953125","7216,2998046875","7161,7001953125","7185,35986328125","7185,32666015625","1253800"
"2012-11-06T01:00:00.0000000+00:00","7223,02001953125","7236,68017578125","7165,580078125","7236,68017578125","7236,64697265625","1262000"
"2012-11-07T01:00:00.0000000+00:00","7249,75","7287,18017578125","7220,0400390625","7287,18017578125","7287,146484375","1593400"
"2012-11-08T01:00:00.0000000+00:00","7229","7242,6298828125","7190,990234375","7242,6298828125","7242,5966796875","1573400"
"2012-11-09T01:00:00.0000000+00:00","7206,16015625","7302,27001953125","7170,2900390625","7293,22021484375","7293,1865234375","1911000"
"2012-11-12T01:00:00.0000000+00:00","7303,93017578125","7307,58984375","7264,02001953125","7267,75","7267,71630859375","1519200"
"2012-11-13T01:00:00.0000000+00:00","7262,64990234375","7262,64990234375","7129,8701171875","7136,0498046875","7136,01708984375","1702800"
"2012-11-14T01:00:00.0000000+00:00","7141,580078125","7165,85986328125","7107,77978515625","7159,75","7159,71728515625","1287400"
"2012-11-15T01:00:00.0000000+00:00","7132,02001953125","7158,740234375","7066,27978515625","7143,83984375","7143,80712890625","1327800"
"2012-11-16T01:00:00.0000000+00:00","7125,240234375","7194,27978515625","7108,83984375","7130,06982421875","7130,037109375","1422200"
"2012-11-19T01:00:00.0000000+00:00","7134,7099609375","7162,1201171875","7125,2099609375","7129,0400390625","7129,00732421875","1214400"
"2012-11-20T01:00:00.0000000+00:00","7179,10009765625","7189,10009765625","7141,16015625","7145,77001953125","7145,7373046875","1228800"
"2012-11-21T01:00:00.0000000+00:00","7150,240234375","7169,39990234375","7061,8701171875","7088,490234375","7088,4580078125","1433800"
"2012-11-22T01:00:00.0000000+00:00","7116,7998046875","7134,77978515625","7097,3798828125","7105,759765625","7105,7275390625","1171600"
"2012-11-23T01:00:00.0000000+00:00","7148,97021484375","7326,009765625","7148,97021484375","7326,009765625","7325,97607421875","2264600"
"2012-11-26T01:00:00.0000000+00:00","7372,3798828125","7407,3701171875","7370,27978515625","7407,3701171875","7407,3359375","2199600"
"2012-11-27T01:00:00.0000000+00:00","7408,740234375","7436,77978515625","7384,97021484375","7430,2001953125","7430,166015625","1985400"
"2012-11-28T01:00:00.0000000+00:00","7418,419921875","7434,93017578125","7385,91015625","7434,93017578125","7434,89599609375","1973000"
"2012-11-29T01:00:00.0000000+00:00","7468,93017578125","7521,52001953125","7466,490234375","7503,5498046875","7503,515625","2635600"
"2012-11-30T01:00:00.0000000+00:00","7519,06982421875","7590,68994140625","7515,14990234375","7580,169921875","7580,134765625","3157800"
"2012-12-03T01:00:00.0000000+00:00","7582,64990234375","7628,2900390625","7562,18994140625","7599,91015625","7599,875","2437800"
"2012-12-04T01:00:00.0000000+00:00","7572,10986328125","7600,97998046875","7536,66015625","7600,97998046875","7600,94482421875","2494600"
"2012-12-05T01:00:00.0000000+00:00","7575,6298828125","7650,1201171875","7567,4599609375","7649,0498046875","7649,0146484375","3147200"
"2012-12-06T01:00:00.0000000+00:00","7660,97021484375","7673,6201171875","7616,7900390625","7623,259765625","7623,224609375","2726600"
"2012-12-07T01:00:00.0000000+00:00","7640,25","7672,919921875","7631,6298828125","7642,259765625","7642,224609375","2334600"
"2012-12-10T01:00:00.0000000+00:00","7658,39013671875","7669,0498046875","7603,25","7609,5","7609,46484375","1913200"
"2012-12-11T01:00:00.0000000+00:00","7621","7630,66015625","7556,669921875","7613,68994140625","7613,65478515625","2256200"
"2012-12-12T01:00:00.0000000+00:00","7653,89990234375","7696,02001953125","7645,5400390625","7690,18994140625","7690,15478515625","2206800"
"2012-12-13T01:00:00.0000000+00:00","7713,68994140625","7757,08984375","7699,41015625","7757,08984375","7757,05419921875","2968600"
"2012-12-14T01:00:00.0000000+00:00","7722,8798828125","7723,740234375","7686,31982421875","7698,77001953125","7698,73486328125","2683200"
"2012-12-17T01:00:00.0000000+00:00","7664,97021484375","7683,31982421875","7603,509765625","7631,27978515625","7631,24462890625","2267000"
"2012-12-18T01:00:00.0000000+00:00","7620,2900390625","7643,740234375","7616,0400390625","7643,740234375","7643,705078125","2017800"
"2012-12-19T01:00:00.0000000+00:00","7671,1298828125","7685,6298828125","7647,009765625","7677,47021484375","7677,43505859375","2504600"
"2012-12-20T01:00:00.0000000+00:00","7646,1298828125","7646,1298828125","7574,56005859375","7595,4599609375","7595,4248046875","2252400"
"2012-12-21T01:00:00.0000000+00:00","7592,56982421875","7608,81005859375","7491,52001953125","7519,93017578125","7519,8955078125","2356200"
"2012-12-24T01:00:00.0000000+00:00","7542,66015625","7566,08984375","7520,6201171875","7535,52001953125","7535,4853515625","1590800"
"2012-12-25T01:00:00.0000000+00:00","7556,240234375","7654,60009765625","7543,830078125","7636,56982421875","7636,53466796875","1870600"
"2012-12-26T01:00:00.0000000+00:00","7646,509765625","7683,08984375","7633,830078125","7634,18994140625","7634,15478515625","1974200"
"2012-12-27T01:00:00.0000000+00:00","7634,7998046875","7661,009765625","7622,72998046875","7648,41015625","7648,375","1801600"
"2012-12-28T01:00:00.0000000+00:00","7700,8701171875","7708,31005859375","7665,0400390625","7699,5","7699,46484375","1978600"
"2013-01-02T01:00:00.0000000+00:00","7738,0498046875","7793,47998046875","7715,259765625","7779,22021484375","7779,1845703125","2194600"
"2013-01-03T01:00:00.0000000+00:00","7826,33984375","7855,16015625","7815,2900390625","7836,83984375","7836,8037109375","2964400"
"2013-01-04T01:00:00.0000000+00:00","7818,27001953125","7818,27001953125","7773,06005859375","7805,990234375","7805,95458984375","2696800"
"2013-01-07T01:00:00.0000000+00:00","7797,0498046875","7797,0498046875","7725,47021484375","7755,08984375","7755,05419921875","2421000"
"2013-01-08T01:00:00.0000000+00:00","7737,06982421875","7751,7998046875","7692,97998046875","7721,66015625","7721,625","2211200"
"2013-01-09T01:00:00.0000000+00:00","7726,39990234375","7763,97021484375","7703,22998046875","7738,64013671875","7738,6044921875","2471400"
"2013-01-10T01:00:00.0000000+00:00","7780,97998046875","7825,06005859375","7760,08984375","7811,64013671875","7811,6044921875","3319400"
"2013-01-11T01:00:00.0000000+00:00","7843,56982421875","7845,35986328125","7801,68994140625","7819,14990234375","7819,1142578125","2405200"
"2013-01-14T01:00:00.0000000+00:00","7795,68017578125","7823,97021484375","7731,31982421875","7823,97021484375","7823,93408203125","2142800"
"2013-01-15T01:00:00.0000000+00:00","7823,509765625","7823,509765625","7744,39013671875","7765,02001953125","7764,984375","2520200"
"2013-01-16T01:00:00.0000000+00:00","7766,08984375","7769,18017578125","7700,43017578125","7700,43017578125","7700,39501953125","2272200"
"2013-01-17T01:00:00.0000000+00:00","7748,56982421875","7774,97021484375","7603,27001953125","7616,64013671875","7616,60498046875","2929200"
"2013-01-18T01:00:00.0000000+00:00","7697,27978515625","7732,8701171875","7676,10986328125","7732,8701171875","7732,8349609375","2113400"
"2013-01-21T01:00:00.0000000+00:00","7725,35986328125","7739,3701171875","7674,18017578125","7724,919921875","7724,884765625","1515400"
"2013-01-22T01:00:00.0000000+00:00","7746,7900390625","7759,47021484375","7699,25","7759,10009765625","7759,064453125","1580400"
"2013-01-23T01:00:00.0000000+00:00","7773,2001953125","7773,2001953125","7730,10009765625","7744,18017578125","7744,14453125","1655600"
"2013-01-24T01:00:00.0000000+00:00","7717,0400390625","7724,68017578125","7653,6201171875","7695,990234375","7695,955078125","1862000"
"2013-01-25T01:00:00.0000000+00:00","7695,25","7704,31005859375","7637,2001953125","7672,580078125","7672,544921875","1697200"
"2013-01-28T01:00:00.0000000+00:00","7685,669921875","7717,35009765625","7685,669921875","7714,669921875","7714,634765625","1602400"
"2013-01-29T01:00:00.0000000+00:00","7744,14990234375","7802","7739,60009765625","7802","7801,96435546875","1904200"
"2013-01-30T01:00:00.0000000+00:00","7832,9501953125","7847,2099609375","7804,7099609375","7832,97998046875","7832,94384765625","2252800"
"2013-01-31T01:00:00.0000000+00:00","7832,8701171875","7850,02001953125","7800,89990234375","7850,02001953125","7849,98388671875","2116800"
"2013-02-01T01:00:00.0000000+00:00","7853,75","7866,22998046875","7832","7855,97021484375","7855,93359375","1838800"
"2013-02-04T01:00:00.0000000+00:00","7882,759765625","7929,97021484375","7880,2900390625","7923,16015625","7923,123046875","2678600"
"2013-02-05T01:00:00.0000000+00:00","7896,669921875","7896,669921875","7863,91015625","7886,93994140625","7886,90283203125","2316000"
"2013-02-06T01:00:00.0000000+00:00","7925,259765625","7941,64990234375","7906,64990234375","7906,64990234375","7906,61279296875","2554200"
"2013-02-18T01:00:00.0000000+00:00","8000,68994140625","8005,72998046875","7927,9501953125","7943,52978515625","7943,49267578125","2578000"
"2013-02-19T01:00:00.0000000+00:00","7974,39990234375","7974,39990234375","7946,08984375","7960,8798828125","7960,8427734375","2308600"
"2013-02-20T01:00:00.0000000+00:00","8021,31005859375","8029,10009765625","7995,16015625","8029,10009765625","8029,0625","2992000"
"2013-02-21T01:00:00.0000000+00:00","8020,52001953125","8020,52001953125","7957,4599609375","7957,4599609375","7957,4228515625","2235600"
"2013-02-22T01:00:00.0000000+00:00","7947,8798828125","7970,240234375","7913,16015625","7947,72021484375","7947,68310546875","2307600"
"2013-02-25T01:00:00.0000000+00:00","7986,8701171875","7995,10986328125","7947,68017578125","7947,68017578125","7947,64306640625","2144800"
"2013-02-26T01:00:00.0000000+00:00","7891,41015625","7927,490234375","7871,22998046875","7880,89990234375","7880,86279296875","1918400"
"2013-02-27T01:00:00.0000000+00:00","7886,02978515625","7912,85009765625","7873,2900390625","7897,97998046875","7897,94287109375","1921400"
"2013-03-01T01:00:00.0000000+00:00","7917,72021484375","7964,6298828125","7917,72021484375","7964,6298828125","7964,5927734375","2114200"
"2013-03-04T01:00:00.0000000+00:00","7966,22021484375","7966,22021484375","7849,52001953125","7867,33984375","7867,30322265625","2278000"
"2013-03-05T01:00:00.0000000+00:00","7910,43994140625","7939,85009765625","7882,56005859375","7932,7099609375","7932,6728515625","2246200"
"2013-03-06T01:00:00.0000000+00:00","7958,10986328125","7982,39013671875","7936,85986328125","7950,2998046875","7950,2626953125","2329600"
"2013-03-07T01:00:00.0000000+00:00","7950,89990234375","7984,2900390625","7942,3701171875","7960,509765625","7960,47265625","2261400"
"2013-03-08T01:00:00.0000000+00:00","7981","8029,14013671875","7981","8015,14013671875","8015,1025390625","2719000"
"2013-03-11T01:00:00.0000000+00:00","8021,8798828125","8089,2099609375","8001,85009765625","8038,72021484375","8038,6826171875","2878800"
"2013-03-12T01:00:00.0000000+00:00","8039","8063,22998046875","7986,58984375","7994,7099609375","7994,67236328125","2738000"
"2013-03-13T01:00:00.0000000+00:00","8018,89990234375","8047,56005859375","7962,419921875","7995,509765625","7995,47216796875","2224400"
"2013-03-14T01:00:00.0000000+00:00","8002,419921875","8002,7099609375","7946,2900390625","7951,759765625","7951,72265625","2150200"
"2013-03-15T01:00:00.0000000+00:00","7989,669921875","7999,919921875","7924,93994140625","7927,490234375","7927,453125","2530400"
"2013-03-18T01:00:00.0000000+00:00","7886,68994140625","7888,16015625","7807,60986328125","7811,33984375","7811,30419921875","2031400"
"2013-03-19T01:00:00.0000000+00:00","7843,47021484375","7863,77001953125","7823,81005859375","7838,47021484375","7838,43408203125","1804200"
"2013-03-20T01:00:00.0000000+00:00","7834,72998046875","7844,5400390625","7786,56005859375","7798,02978515625","7797,994140625","1954200"
"2013-03-21T01:00:00.0000000+00:00","7828,9501953125","7843,16015625","7811,83984375","7811,83984375","7811,80419921875","1695800"
"2013-03-22T01:00:00.0000000+00:00","7811,52001953125","7832,58984375","7796,22021484375","7796,22021484375","7796,1845703125","1727200"
"2013-03-25T01:00:00.0000000+00:00","7862,580078125","7877,0498046875","7854,47021484375","7856,1201171875","7856,08349609375","1806800"
"2013-03-26T01:00:00.0000000+00:00","7873,7001953125","7876,68017578125","7845,56005859375","7856,35986328125","7856,3232421875","1850200"
"2013-03-27T01:00:00.0000000+00:00","7872,75","7894,259765625","7857,31982421875","7894,1201171875","7894,0830078125","1851200"
"2013-03-28T01:00:00.0000000+00:00","7905,7099609375","7905,7099609375","7844,83984375","7866,8798828125","7866,84326171875","1813200"
"2013-03-29T01:00:00.0000000+00:00","7904,5","7931,7001953125","7883,81005859375","7918,60986328125","7918,57275390625","1594000"
"2013-04-01T01:00:00.0000000+00:00","7934,25","7937,72998046875","7896,56982421875","7899,240234375","7899,203125","1560000"
"2013-04-02T01:00:00.0000000+00:00","7897,16015625","7924,4599609375","7879,5498046875","7913,18017578125","7913,14306640625","1638000"
"2013-04-03T01:00:00.0000000+00:00","7949,1201171875","7954,14990234375","7913,77001953125","7942,35009765625","7942,31298828125","1919600"
"2013-04-08T01:00:00.0000000+00:00","7831,22021484375","7843,10009765625","7747,47021484375","7752,7900390625","7752,75439453125","2561600"
"2013-04-09T01:00:00.0000000+00:00","7766,6201171875","7781,1298828125","7714,93017578125","7728,5400390625","7728,5048828125","1888800"
"2013-04-10T01:00:00.0000000+00:00","7772,9501953125","7772,9501953125","7739,990234375","7752,7998046875","7752,76416015625","1736400"
"2013-04-11T01:00:00.0000000+00:00","7788,580078125","7857,97998046875","7788,580078125","7857,97998046875","7857,943359375","1842000"
"2013-04-12T01:00:00.0000000+00:00","7861,1201171875","7864,85986328125","7810,5400390625","7821,6298828125","7821,59375","1677600"
"2013-04-15T01:00:00.0000000+00:00","7815,31982421875","7835,1201171875","7753,240234375","7763,52978515625","7763,494140625","1634200"
"2013-04-16T01:00:00.0000000+00:00","7690,91015625","7801,0498046875","7688,6201171875","7801,0498046875","7801,01416015625","1548000"
"2013-04-17T01:00:00.0000000+00:00","7822,81005859375","7822,81005859375","7791,52978515625","7809,06982421875","7809,0341796875","1906600"
"2013-04-18T01:00:00.0000000+00:00","7781,47998046875","7826,1298828125","7757,330078125","7791,35009765625","7791,314453125","1784600"
"2013-04-19T01:00:00.0000000+00:00","7868,89990234375","7933,72021484375","7862,919921875","7930,7998046875","7930,7626953125","2033800"
"2013-04-22T01:00:00.0000000+00:00","7976,10009765625","7996,5498046875","7950,009765625","7970,3798828125","7970,3427734375","1947200"
"2013-04-23T01:00:00.0000000+00:00","7955,919921875","7968,7900390625","7913,60009765625","7942,77001953125","7942,73291015625","1876400"
"2013-04-24T01:00:00.0000000+00:00","7977,39990234375","8025,4501953125","7968,27978515625","8023,7099609375","8023,67236328125","2412000"
"2013-04-25T01:00:00.0000000+00:00","8015,3798828125","8026,4599609375","7994,18994140625","8021,75","8021,71240234375","1941400"
"2013-04-26T01:00:00.0000000+00:00","8034,47021484375","8081,3701171875","8020,47021484375","8022,06005859375","8022,0224609375","2227800"
"2013-04-29T01:00:00.0000000+00:00","8043,7099609375","8046,22021484375","8014,27001953125","8029,740234375","8029,70263671875","1796200"
"2013-04-30T01:00:00.0000000+00:00","8065,919921875","8115,58984375","8065,919921875","8093,66015625","8093,62255859375","2283200"
"2013-05-02T01:00:00.0000000+00:00","8111,43017578125","8139,490234375","8095,7001953125","8128,509765625","8128,47216796875","2151000"
"2013-05-03T01:00:00.0000000+00:00","8157,509765625","8175,330078125","8121,06982421875","8135,02978515625","8134,9921875","2032400"
"2013-05-06T01:00:00.0000000+00:00","8188,47998046875","8197,51953125","8153,9599609375","8169,0498046875","8169,01220703125","1971000"
"2013-05-07T01:00:00.0000000+00:00","8177,580078125","8181,7998046875","8145,10009765625","8163,06005859375","8163,0224609375","1872600"
"2013-05-08T01:00:00.0000000+00:00","8177,93994140625","8284,08984375","8177,93994140625","8267,08984375","8267,0498046875","2467800"
"2013-05-09T01:00:00.0000000+00:00","8314,3701171875","8322,6904296875","8279,4599609375","8285,8896484375","8285,849609375","2414000"
"2013-05-10T01:00:00.0000000+00:00","8284,3798828125","8297,330078125","8258,6201171875","8280,259765625","8280,2197265625","2270000"
"2013-05-13T01:00:00.0000000+00:00","8285,4501953125","8296,5400390625","8230,650390625","8248,3203125","8248,2802734375","1958400"
"2013-05-14T01:00:00.0000000+00:00","8272,2001953125","8295,41015625","8233,98046875","8251,8203125","8251,7802734375","1960600"
"2013-05-15T01:00:00.0000000+00:00","8264,099609375","8320,3203125","8251,509765625","8318,58984375","8318,5498046875","2302600"
"2013-05-16T01:00:00.0000000+00:00","8362,490234375","8414,8798828125","8346,4501953125","8390,0498046875","8390,009765625","3446200"
"2013-05-17T01:00:00.0000000+00:00","8377,259765625","8402,33984375","8356,7900390625","8368,1904296875","8368,150390625","2547200"
"2013-05-20T01:00:00.0000000+00:00","8364,9501953125","8385,6796875","8347,330078125","8377,0498046875","8377,009765625","2114400"
"2013-05-21T01:00:00.0000000+00:00","8381,3603515625","8420,6796875","8361,9599609375","8383,0498046875","8383,009765625","2660600"
"2013-05-22T01:00:00.0000000+00:00","8414,0595703125","8439,150390625","8376,2099609375","8398,83984375","8398,7998046875","3031400"
"2013-05-23T01:00:00.0000000+00:00","8367,849609375","8373,08984375","8235,5","8237,830078125","8237,7900390625","3340000"
"2013-05-24T01:00:00.0000000+00:00","8273,2099609375","8277,5595703125","8172,5400390625","8209,7802734375","8209,740234375","2450400"
"2013-05-27T01:00:00.0000000+00:00","8218,8798828125","8280,099609375","8210,3203125","8280,099609375","8280,0595703125","1894000"
"2013-05-28T01:00:00.0000000+00:00","8289,150390625","8303,7099609375","8261,5400390625","8263,0498046875","8263,009765625","1988600"
"2013-05-29T01:00:00.0000000+00:00","8303,2001953125","8344,2099609375","8303,2001953125","8337,900390625","8337,8603515625","2471400"
"2013-05-30T01:00:00.0000000+00:00","8316,9697265625","8316,9697265625","8228,7998046875","8243,2900390625","8243,25","2458800"
"2013-05-31T01:00:00.0000000+00:00","8318,76953125","8334,4404296875","8237,080078125","8254,7998046875","8254,759765625","3586800"
"2013-06-03T01:00:00.0000000+00:00","8177,97021484375","8225,7900390625","8149,4501953125","8201,01953125","8200,9794921875","2142200"
"2013-06-04T01:00:00.0000000+00:00","8243,2197265625","8250,169921875","8180,39013671875","8191,22021484375","8191,1826171875","2192000"
"2013-06-05T01:00:00.0000000+00:00","8195,51953125","8216,3095703125","8161,10009765625","8181,91015625","8181,87255859375","2282800"
"2013-06-06T01:00:00.0000000+00:00","8135,56005859375","8162,25","8088,31005859375","8096,14013671875","8096,1025390625","2347800"
"2013-06-07T01:00:00.0000000+00:00","8113,9501953125","8146,77978515625","8071,97998046875","8095,2001953125","8095,16259765625","2536400"
"2013-06-10T01:00:00.0000000+00:00","8161,509765625","8190,8701171875","8142,7099609375","8160,5498046875","8160,51220703125","1703000"
"2013-06-11T01:00:00.0000000+00:00","8178,9501953125","8178,9501953125","8116,14990234375","8116,14990234375","8116,1123046875","1809000"
"2013-06-13T01:00:00.0000000+00:00","8041,5","8057,330078125","7951,66015625","7951,66015625","7951,623046875","2286800"
"2013-06-14T01:00:00.0000000+00:00","7978,75","7989,18994140625","7912,3701171875","7937,740234375","7937,703125","2085600"
"2013-06-17T01:00:00.0000000+00:00","7953,64990234375","7999,43017578125","7940,72021484375","7992,89013671875","7992,8525390625","1509200"
"2013-06-18T01:00:00.0000000+00:00","7994,81005859375","8024,9501953125","7955,740234375","8011,02001953125","8010,982421875","1719200"
"2013-06-19T01:00:00.0000000+00:00","8033,31982421875","8056,18994140625","8005,56982421875","8007,39013671875","8007,3525390625","1797800"
"2013-06-20T01:00:00.0000000+00:00","7952,35986328125","7962,759765625","7890,93017578125","7898,91015625","7898,873046875","2156200"
"2013-06-21T01:00:00.0000000+00:00","7778,83984375","7815,7900390625","7739,08984375","7793,31005859375","7793,2744140625","3274800"
"2013-06-24T01:00:00.0000000+00:00","7788,4501953125","7815,10009765625","7744,490234375","7758,02978515625","7757,994140625","2153600"
"2013-06-25T01:00:00.0000000+00:00","7750,33984375","7792,27001953125","7663,22998046875","7663,22998046875","7663,19482421875","2368000"
"2013-06-26T01:00:00.0000000+00:00","7789,33984375","7821,14013671875","7742,2001953125","7784,7998046875","7784,76416015625","2405200"
"2013-06-27T01:00:00.0000000+00:00","7841,31982421875","7884,1298828125","7834,330078125","7883,89990234375","7883,86279296875","2369400"
"2013-06-28T01:00:00.0000000+00:00","7928,5400390625","8062,2099609375","7891,06005859375","8062,2099609375","8062,17236328125","2251800"
"2013-07-01T01:00:00.0000000+00:00","8011,9501953125","8063,47021484375","7974,14990234375","8036","8035,96240234375","2063400"
"2013-07-02T01:00:00.0000000+00:00","8061,83984375","8064,1201171875","8012,7900390625","8015,85986328125","8015,822265625","1986800"
"2013-07-03T01:00:00.0000000+00:00","7991,52978515625","7995,2998046875","7899,080078125","7911,419921875","7911,3828125","2276800"
"2013-07-04T01:00:00.0000000+00:00","7919,259765625","7927,080078125","7877,06005859375","7893,72021484375","7893,68310546875","1796800"
"2013-07-05T01:00:00.0000000+00:00","7932,2998046875","8018,93017578125","7926,35009765625","8001,81982421875","8001,7822265625","1885000"
"2013-07-08T01:00:00.0000000+00:00","7980,10986328125","7992,16015625","7885","7886,33984375","7886,302734375","1742000"
"2013-07-09T01:00:00.0000000+00:00","7891,52978515625","7975,64013671875","7891,3701171875","7971,18017578125","7971,14306640625","1739400"
"2013-07-10T01:00:00.0000000+00:00","7974,990234375","8057,919921875","7974,990234375","8011,68994140625","8011,65234375","2279800"
"2013-07-11T01:00:00.0000000+00:00","8080,97021484375","8179,5400390625","8080,97021484375","8179,5400390625","8179,50244140625","2724800"
"2013-07-12T01:00:00.0000000+00:00","8187,85986328125","8220,490234375","8169,919921875","8220,490234375","8220,4501953125","2277800"
"2013-07-15T01:00:00.0000000+00:00","8178,259765625","8254,6796875","8175,5498046875","8254,6796875","8254,6396484375","2128200"
"2013-07-16T01:00:00.0000000+00:00","8243,6201171875","8260,1103515625","8222,169921875","8260,1103515625","8260,0703125","2449000"
"2013-07-17T01:00:00.0000000+00:00","8239,099609375","8260,25","8208,7099609375","8258,9501953125","8258,91015625","2677400"
"2013-07-18T01:00:00.0000000+00:00","8238,2802734375","8265,7001953125","8181,990234375","8194,8798828125","8194,83984375","2557800"
"2013-07-19T01:00:00.0000000+00:00","8117,93994140625","8139,81005859375","8046,7001953125","8062,02978515625","8061,9921875","2541200"
"2013-07-22T01:00:00.0000000+00:00","8092,02978515625","8137,3701171875","8092,02978515625","8105,4501953125","8105,41259765625","1948400"
"2013-07-23T01:00:00.0000000+00:00","8152,72021484375","8220,8896484375","8145,08984375","8214,650390625","8214,6103515625","2607200"
"2013-07-24T01:00:00.0000000+00:00","8222,849609375","8233,099609375","8172,22998046875","8196,1904296875","8196,150390625","2210200"
"2013-07-25T01:00:00.0000000+00:00","8173,18994140625","8203,490234375","8140,41015625","8163,580078125","8163,54248046875","2044600"
"2013-07-26T01:00:00.0000000+00:00","8188,35986328125","8222,8203125","8135,72998046875","8149,39990234375","8149,3623046875","1833800"
"2013-07-29T01:00:00.0000000+00:00","8146,14013671875","8163,89013671875","8074,2900390625","8084,5","8084,46240234375","1566000"
"2013-07-30T01:00:00.0000000+00:00","8113,169921875","8176,740234375","8112,91015625","8163,5498046875","8163,51220703125","1789200"
"2013-07-31T01:00:00.0000000+00:00","8163,43994140625","8170,56982421875","8107,60009765625","8107,93994140625","8107,90234375","2083500"
"2013-08-01T01:00:00.0000000+00:00","8110,72998046875","8113,39990234375","8056,22021484375","8056,22021484375","8056,1826171875","2017200"
"2013-08-02T01:00:00.0000000+00:00","8114,509765625","8162,91015625","8087,10009765625","8099,8798828125","8099,84228515625","2267000"
"2013-08-05T01:00:00.0000000+00:00","8104,2001953125","8143,43994140625","8075,990234375","8138,6298828125","8138,59228515625","1870100"
"2013-08-06T01:00:00.0000000+00:00","8129,85009765625","8129,85009765625","8028,93017578125","8038,91015625","8038,87255859375","2093500"
"2013-08-07T01:00:00.0000000+00:00","7993,56982421875","7993,56982421875","7921,2900390625","7921,2900390625","7921,2529296875","2091200"
"2013-08-08T01:00:00.0000000+00:00","7910,2001953125","7932,35009765625","7894,18017578125","7907,669921875","7907,6328125","1950400"
"2013-08-09T01:00:00.0000000+00:00","7955","7955","7853,97021484375","7856,14013671875","7856,103515625","2009000"
"2013-08-12T01:00:00.0000000+00:00","7878,22021484375","7908,68017578125","7862,0400390625","7903,3798828125","7903,3427734375","1668000"
"2013-08-13T01:00:00.0000000+00:00","7935,7900390625","7986,27001953125","7935,7900390625","7986,27001953125","7986,232421875","1916200"
"2013-08-14T01:00:00.0000000+00:00","7978,740234375","7981,56005859375","7926,22998046875","7951,330078125","7951,29296875","2004300"
"2013-08-15T01:00:00.0000000+00:00","7903,009765625","7916,02001953125","7850,27001953125","7887,259765625","7887,22265625","2166600"
"2013-08-16T01:00:00.0000000+00:00","7854,68017578125","7949,43017578125","7850,490234375","7925","7924,962890625","2037700"
"2013-08-19T01:00:00.0000000+00:00","7937,4501953125","7944,740234375","7888,8701171875","7900,2099609375","7900,1728515625","1804300"
"2013-08-20T01:00:00.0000000+00:00","7896,3798828125","7924,52001953125","7829,77978515625","7832,64990234375","7832,61376953125","2051400"
"2013-08-22T01:00:00.0000000+00:00","7779,43994140625","7825,56005859375","7737,330078125","7814,3798828125","7814,34423828125","2255900"
"2013-08-23T01:00:00.0000000+00:00","7863,72998046875","7895,1298828125","7845,919921875","7873,31005859375","7873,2734375","1946600"
"2013-08-26T01:00:00.0000000+00:00","7906,52001953125","7913,740234375","7874,0498046875","7894,97021484375","7894,93310546875","1564000"
"2013-08-27T01:00:00.0000000+00:00","7875,93017578125","7895,22998046875","7820,83984375","7820,83984375","7820,8037109375","1852400"
"2013-08-28T01:00:00.0000000+00:00","7776,8701171875","7834,10986328125","7761,759765625","7824,5400390625","7824,50390625","1666200"
"2013-08-29T01:00:00.0000000+00:00","7841,990234375","7931,0498046875","7841,990234375","7917,66015625","7917,623046875","1754200"
"2013-08-30T01:00:00.0000000+00:00","7949,990234375","8021,89013671875","7936,81982421875","8021,89013671875","8021,8525390625","2087800"
"2013-09-02T01:00:00.0000000+00:00","8010,14990234375","8052,7099609375","7993,1298828125","8038,85986328125","8038,822265625","1807200"
"2013-09-03T01:00:00.0000000+00:00","8095,66015625","8102,66015625","8067,6201171875","8088,3701171875","8088,33251953125","2107400"
"2013-09-04T01:00:00.0000000+00:00","8066,669921875","8094,1201171875","8041,490234375","8083,43994140625","8083,40234375","2034100"
"2013-09-05T01:00:00.0000000+00:00","8109,240234375","8169,10009765625","8107,22021484375","8169,10009765625","8169,0625","2419300"
"2013-09-06T01:00:00.0000000+00:00","8180,52978515625","8182,56005859375","8155,5","8164,2001953125","8164,16259765625","2418400"
"2013-09-09T01:00:00.0000000+00:00","8176,47021484375","8192,1103515625","8117,8701171875","8192,1103515625","8192,0703125","2156500"
"2013-09-10T01:00:00.0000000+00:00","8217,2099609375","8238,91015625","8155,8701171875","8208,76953125","8208,7294921875","2388600"
"2013-09-11T01:00:00.0000000+00:00","8174,5400390625","8208,990234375","8137,06982421875","8208,990234375","8208,9501953125","2169100"
"2013-09-12T01:00:00.0000000+00:00","8180,3798828125","8226,6103515625","8177,02978515625","8225,3603515625","8225,3203125","2168200"
"2013-09-13T01:00:00.0000000+00:00","8210,150390625","8228,669921875","8162,14013671875","8168,2001953125","8168,16259765625","1606400"
"2013-09-16T01:00:00.0000000+00:00","8189,60986328125","8255,33984375","8189,60986328125","8255,33984375","8255,2998046875","1894800"
"2013-09-17T01:00:00.0000000+00:00","8241,0302734375","8249,7802734375","8218,9404296875","8249,7802734375","8249,740234375","1632500"
"2013-09-18T01:00:00.0000000+00:00","8248,1796875","8263,0498046875","8209,1796875","8209,1796875","8209,1396484375","1853300"
"2013-09-23T01:00:00.0000000+00:00","8226,7998046875","8293,0302734375","8221,33984375","8292,830078125","8292,7900390625","2274900"
"2013-09-24T01:00:00.0000000+00:00","8295,5","8310,9404296875","8265,5498046875","8299,1201171875","8299,080078125","2283200"
"2013-09-25T01:00:00.0000000+00:00","8283,599609375","8285,2802734375","8253,4296875","8283,900390625","8283,8603515625","2257100"
"2013-09-26T01:00:00.0000000+00:00","8290,099609375","8290,099609375","8184,68017578125","8184,68017578125","8184,642578125","2068800"
"2013-09-27T01:00:00.0000000+00:00","8222,1298828125","8244,8603515625","8207,7197265625","8230,6796875","8230,6396484375","2154900"
"2013-09-30T01:00:00.0000000+00:00","8174,85986328125","8204,400390625","8137,10986328125","8173,8701171875","8173,83251953125","1885800"
"2013-10-01T01:00:00.0000000+00:00","8173,990234375","8222,3798828125","8172,7900390625","8187,02001953125","8186,982421875","2001300"
"2013-10-02T01:00:00.0000000+00:00","8215,9599609375","8228,8095703125","8204,33984375","8216,51953125","8216,4794921875","2471200"
"2013-10-03T01:00:00.0000000+00:00","8231,6796875","8376,7900390625","8231,6796875","8359,01953125","8358,9794921875","3252800"
"2013-10-04T01:00:00.0000000+00:00","8345,8203125","8376,0595703125","8336,6103515625","8364,5498046875","8364,509765625","2566700"
"2013-10-07T01:00:00.0000000+00:00","8354,91015625","8361,5","8323,7900390625","8333,66015625","8333,6201171875","2777100"
"2013-10-08T01:00:00.0000000+00:00","8340,330078125","8375,650390625","8311,58984375","8375,650390625","8375,6103515625","2581600"
"2013-10-09T01:00:00.0000000+00:00","8352,25","8378,3701171875","8330,7900390625","8344,73046875","8344,6904296875","2605200"
"2013-10-11T01:00:00.0000000+00:00","8407,4501953125","8433,5302734375","8349,3701171875","8349,3701171875","8349,330078125","2618600"
"2013-10-14T01:00:00.0000000+00:00","8339,990234375","8343,650390625","8269,16015625","8273,9599609375","8273,919921875","2278900"
"2013-10-15T01:00:00.0000000+00:00","8320,48046875","8368,01953125","8320,48046875","8367,8798828125","8367,83984375","2286900"
"2013-10-16T01:00:00.0000000+00:00","8384,0302734375","8384,0302734375","8332,1796875","8332,1796875","8332,1396484375","2017400"
"2013-10-17T01:00:00.0000000+00:00","8390,8798828125","8415,16015625","8364,8896484375","8374,6796875","8374,6396484375","2263300"
"2013-10-18T01:00:00.0000000+00:00","8416,330078125","8441,1904296875","8390,3203125","8441,1904296875","8441,150390625","2315100"
"2013-10-21T01:00:00.0000000+00:00","8456,6796875","8459,2998046875","8400,0595703125","8419,3203125","8419,2802734375","1980700"
"2013-10-22T01:00:00.0000000+00:00","8407,6201171875","8425,3095703125","8376,26953125","8418,26953125","8418,2294921875","1945800"
"2013-10-23T01:00:00.0000000+00:00","8419,7998046875","8438,9501953125","8380,150390625","8393,6201171875","8393,580078125","1912600"
"2013-10-24T01:00:00.0000000+00:00","8364,4501953125","8413,7197265625","8346,51953125","8413,7197265625","8413,6796875","1662800"
"2013-10-25T01:00:00.0000000+00:00","8380,3095703125","8390,25","8322,150390625","8346,6201171875","8346,580078125","1962800"
"2013-10-28T01:00:00.0000000+00:00","8365,4296875","8414,8095703125","8348,419921875","8407,830078125","8407,7900390625","1712900"
"2013-10-29T01:00:00.0000000+00:00","8394,849609375","8432,900390625","8380,2099609375","8420,98046875","8420,9404296875","1822800"
"2013-10-30T01:00:00.0000000+00:00","8429,400390625","8465,0595703125","8419,2099609375","8465,0595703125","8465,01953125","2049400"
"2013-10-31T01:00:00.0000000+00:00","8437,759765625","8469,580078125","8424,4697265625","8450,0595703125","8450,01953125","2269000"
"2013-11-01T01:00:00.0000000+00:00","8474,4697265625","8476,6298828125","8378,9404296875","8388,1796875","8388,1396484375","2146900"
"2013-11-04T01:00:00.0000000+00:00","8371,830078125","8371,830078125","8333,6298828125","8354,1396484375","8354,099609375","2064200"
"2013-11-05T01:00:00.0000000+00:00","8354,919921875","8372,7998046875","8262,2001953125","8262,2001953125","8262,16015625","2292100"
"2013-11-06T01:00:00.0000000+00:00","8275,0703125","8297,5703125","8232,5","8281,9697265625","8281,9296875","2237200"
"2013-11-07T01:00:00.0000000+00:00","8298,0595703125","8298,0595703125","8250,7197265625","8283,7099609375","8283,669921875","2161800"
"2013-11-08T01:00:00.0000000+00:00","8235,2998046875","8266,7197265625","8216,330078125","8229,58984375","8229,5498046875","1863300"
"2013-11-11T01:00:00.0000000+00:00","8228,900390625","8242,41015625","8168,919921875","8182,56005859375","8182,5224609375","1862200"
"2013-11-12T01:00:00.0000000+00:00","8233,6201171875","8233,6201171875","8160,169921875","8195,259765625","8195,2197265625","2131400"
"2013-11-13T01:00:00.0000000+00:00","8199,259765625","8199,259765625","8104,259765625","8104,259765625","8104,22216796875","1783600"
"2013-11-14T01:00:00.0000000+00:00","8137,81982421875","8161,7001953125","8100,72998046875","8134,91015625","8134,87255859375","2146800"
"2013-11-15T01:00:00.0000000+00:00","8168,89990234375","8210,099609375","8160,27978515625","8177,1201171875","8177,08251953125","1940800"
"2013-11-18T01:00:00.0000000+00:00","8201,849609375","8226,6103515625","8186,47021484375","8191,4599609375","8191,42236328125","1750600"
"2013-11-19T01:00:00.0000000+00:00","8215","8260,8203125","8215","8260,2099609375","8260,169921875","1918200"
"2013-11-20T01:00:00.0000000+00:00","8250,3095703125","8262,91015625","8204,4599609375","8204,4599609375","8204,419921875","1928700"
"2013-11-21T01:00:00.0000000+00:00","8197,8603515625","8203,4501953125","8093,81982421875","8099,4501953125","8099,41259765625","1835300"
"2013-11-22T01:00:00.0000000+00:00","8107,97998046875","8142,72021484375","8107,97998046875","8116,77978515625","8116,7421875","1605200"
"2013-11-25T01:00:00.0000000+00:00","8182,89990234375","8217,6201171875","8182,89990234375","8187,509765625","8187,47216796875","1923100"
"2013-11-26T01:00:00.0000000+00:00","8200,7001953125","8281,3798828125","8187,27978515625","8248,01953125","8247,9794921875","2635900"
"2013-11-27T01:00:00.0000000+00:00","8287,6298828125","8312,3203125","8279,509765625","8295,8798828125","8295,83984375","2058100"
"2013-11-28T01:00:00.0000000+00:00","8320,650390625","8377,8095703125","8320,650390625","8362,4296875","8362,3896484375","2379200"
"2013-11-29T01:00:00.0000000+00:00","8374,1396484375","8414,7900390625","8365,3203125","8406,830078125","8406,7900390625","2180600"
"2013-12-02T01:00:00.0000000+00:00","8429,240234375","8437,1298828125","8391,8203125","8414,6103515625","8414,5703125","1737900"
"2013-12-03T01:00:00.0000000+00:00","8407,740234375","8418,23046875","8390,73046875","8392,5498046875","8392,509765625","1925000"
"2013-12-04T01:00:00.0000000+00:00","8379,4404296875","8435,23046875","8375,7900390625","8418","8417,9599609375","2133000"
"2013-12-05T01:00:00.0000000+00:00","8430,5302734375","8437,599609375","8362,3896484375","8375,5400390625","8375,5","1962700"
"2013-12-06T01:00:00.0000000+00:00","8372,6103515625","8410,1904296875","8361,990234375","8367,7197265625","8367,6796875","1851000"
"2013-12-09T01:00:00.0000000+00:00","8439,759765625","8477,8701171875","8433,8095703125","8444,6201171875","8444,580078125","2056400"
"2013-12-10T01:00:00.0000000+00:00","8451,8095703125","8459,490234375","8421,58984375","8443,3896484375","8443,349609375","1839200"
"2013-12-11T01:00:00.0000000+00:00","8450,9599609375","8501,76953125","8413,51953125","8433,76953125","8433,7294921875","2122800"
"2013-12-12T01:00:00.0000000+00:00","8405,6201171875","8406,9296875","8361,330078125","8361,330078125","8361,2900390625","1620900"
"2013-12-13T01:00:00.0000000+00:00","8355,009765625","8391,8203125","8346,830078125","8376,9404296875","8376,900390625","1787700"
"2013-12-16T01:00:00.0000000+00:00","8368,830078125","8374,2099609375","8313,8701171875","8313,8701171875","8313,830078125","1717500"
"2013-12-17T01:00:00.0000000+00:00","8351,98046875","8384,259765625","8351,98046875","8352,9296875","8352,8896484375","1800100"
"2013-12-18T01:00:00.0000000+00:00","8361,75","8375,51953125","8333,3095703125","8349,0400390625","8349","1814900"
"2013-12-19T01:00:00.0000000+00:00","8400,3896484375","8426,080078125","8378,7802734375","8407,400390625","8407,3603515625","2037300"
"2013-12-20T01:00:00.0000000+00:00","8400,2099609375","8439,3701171875","8392,3798828125","8408,5302734375","8408,490234375","2007200"
"2013-12-23T01:00:00.0000000+00:00","8441,16015625","8477,4697265625","8441,16015625","8456,4599609375","8456,419921875","2120800"
"2013-12-24T01:00:00.0000000+00:00","8473,01953125","8478,08984375","8450,490234375","8450,490234375","8450,4501953125","1701500"
"2013-12-25T01:00:00.0000000+00:00","8461,490234375","8484,0498046875","8457,8701171875","8467,759765625","8467,7197265625","1725200"
"2013-12-26T01:00:00.0000000+00:00","8467,73046875","8492,7099609375","8465,849609375","8485,8896484375","8485,849609375","1618300"
"2013-12-27T01:00:00.0000000+00:00","8490,73046875","8543,5","8488,4404296875","8535,0400390625","8535","1975600"
"2013-12-30T01:00:00.0000000+00:00","8552,1298828125","8623,4296875","8552,1298828125","8623,4296875","8623,3896484375","2361800"
"2013-12-31T01:00:00.0000000+00:00","8636,5","8647,240234375","8593,75","8611,509765625","8611,4697265625","2324300"
"2014-01-02T01:00:00.0000000+00:00","8618,599609375","8632,8095703125","8587,5400390625","8612,5400390625","8612,5","2537600"
"2014-01-03T01:00:00.0000000+00:00","8584,740234375","8584,740234375","8537,8603515625","8546,5400390625","8546,5","2539700"
"2014-01-06T01:00:00.0000000+00:00","8553","8568,240234375","8488,6396484375","8500,009765625","8499,9697265625","2640100"
"2014-01-07T01:00:00.0000000+00:00","8515,3603515625","8547,1904296875","8512,2998046875","8512,2998046875","8512,259765625","2598900"
"2014-01-08T01:00:00.0000000+00:00","8548,6103515625","8587,080078125","8548,6103515625","8556,009765625","8555,9697265625","3206300"
"2014-01-09T01:00:00.0000000+00:00","8555,7998046875","8569,1103515625","8506,01953125","8514,6796875","8514,6396484375","3819600"
"2014-01-10T01:00:00.0000000+00:00","8559,1796875","8559,1796875","8521,5","8529,349609375","8529,3095703125","2730100"
"2014-01-13T01:00:00.0000000+00:00","8587,490234375","8607,23046875","8558,9599609375","8566,2001953125","8566,16015625","2662700"
"2014-01-14T01:00:00.0000000+00:00","8545,4599609375","8568,3095703125","8523,4599609375","8548,1396484375","8548,099609375","2289900"
"2014-01-15T01:00:00.0000000+00:00","8567,8095703125","8619,5595703125","8567,8095703125","8602,5498046875","8602,509765625","2869000"
"2014-01-16T01:00:00.0000000+00:00","8653,5400390625","8668,9501953125","8610,240234375","8612,1103515625","8612,0703125","2832700"
"2014-01-17T01:00:00.0000000+00:00","8628,490234375","8628,8603515625","8580,490234375","8596","8595,9599609375","2288800"
"2014-01-20T01:00:00.0000000+00:00","8595,58984375","8636,2099609375","8584,5","8621,5595703125","8621,51953125","2277900"
"2014-01-21T01:00:00.0000000+00:00","8639,7099609375","8650,1396484375","8599,900390625","8599,900390625","8599,8603515625","2478200"
"2014-01-22T01:00:00.0000000+00:00","8598,98046875","8633,5703125","8596,990234375","8625,2998046875","8625,259765625","2141700"
"2014-01-23T01:00:00.0000000+00:00","8644,5595703125","8647,8701171875","8595,099609375","8595,099609375","8595,0595703125","2056700"
"2014-01-24T01:00:00.0000000+00:00","8581,490234375","8608,6396484375","8577,1396484375","8598,3095703125","8598,26953125","1936800"
"2014-01-27T01:00:00.0000000+00:00","8519,48046875","8519,48046875","8442,1904296875","8462,5703125","8462,5302734375","2605100"
"2014-02-05T01:00:00.0000000+00:00","8290,169921875","8313,830078125","8230,4599609375","8264,48046875","8264,4404296875","3156100"
"2014-02-06T01:00:00.0000000+00:00","8286,16015625","8333,5595703125","8284,76953125","8311,009765625","8310,9697265625","2451100"
"2014-02-07T01:00:00.0000000+00:00","8383,990234375","8409,0302734375","8356,9296875","8387,349609375","8387,3095703125","2427200"
"2014-02-10T01:00:00.0000000+00:00","8416,419921875","8447,01953125","8391,9501953125","8391,9501953125","8391,91015625","2048200"
"2014-02-11T01:00:00.0000000+00:00","8413,8603515625","8439,330078125","8401,5400390625","8430,5595703125","8430,51953125","1955500"
"2014-02-12T01:00:00.0000000+00:00","8471,509765625","8510,8701171875","8471,509765625","8510,8701171875","8510,830078125","2388700"
"2014-02-13T01:00:00.0000000+00:00","8506,2197265625","8511,01953125","8467,7001953125","8467,7001953125","8467,66015625","2100200"
"2014-02-14T01:00:00.0000000+00:00","8524,5400390625","8566,990234375","8508,240234375","8513,6796875","8513,6396484375","2340800"
"2014-02-17T01:00:00.0000000+00:00","8537,830078125","8558,5","8512,599609375","8519,5498046875","8519,509765625","1889000"
"2014-02-18T01:00:00.0000000+00:00","8530,8095703125","8556,23046875","8506,0595703125","8556,23046875","8556,1904296875","1903400"
"2014-02-19T01:00:00.0000000+00:00","8565,0595703125","8577,009765625","8543,150390625","8577,009765625","8576,9697265625","2203700"
"2014-02-20T01:00:00.0000000+00:00","8555,26953125","8567,5","8513,080078125","8524,6201171875","8524,580078125","2399900"
"2014-02-21T01:00:00.0000000+00:00","8571,2900390625","8612,080078125","8571,2900390625","8601,8603515625","8601,8203125","2588600"
"2014-02-24T01:00:00.0000000+00:00","8603,6103515625","8612,2099609375","8541,650390625","8560,6103515625","8560,5703125","2464800"
"2014-02-25T01:00:00.0000000+00:00","8581,1396484375","8598,73046875","8564,509765625","8575,6201171875","8575,580078125","2395800"
"2014-02-26T01:00:00.0000000+00:00","8569,0400390625","8626,6796875","8563,8701171875","8600,8603515625","8600,8203125","2598300"
"2014-02-27T01:00:00.0000000+00:00","8626,509765625","8647,900390625","8615,41015625","8639,580078125","8639,5400390625","2515200"
"2014-03-03T01:00:00.0000000+00:00","8627,150390625","8628,0498046875","8545,240234375","8601,98046875","8601,9404296875","2549200"
"2014-03-04T01:00:00.0000000+00:00","8583,580078125","8595,58984375","8554,5400390625","8554,5400390625","8554,5","2380400"
"2014-03-05T01:00:00.0000000+00:00","8622,1904296875","8652,2197265625","8622,1904296875","8632,9296875","8632,8896484375","2453300"
"2014-03-06T01:00:00.0000000+00:00","8660,2900390625","8719,169921875","8660,2900390625","8713,7900390625","8713,75","2719200"
"2014-03-07T01:00:00.0000000+00:00","8754,740234375","8787,6201171875","8698,599609375","8713,9599609375","8713,919921875","3139500"
"2014-03-10T01:00:00.0000000+00:00","8706,4296875","8712,8798828125","8651,5400390625","8665,240234375","8665,2001953125","2100000"
"2014-03-11T01:00:00.0000000+00:00","8694,9599609375","8716,3095703125","8684,6298828125","8702,330078125","8702,2900390625","2194700"
"2014-03-12T01:00:00.0000000+00:00","8671,400390625","8684,73046875","8651,990234375","8684,73046875","8684,6904296875","2232300"
"2014-03-13T01:00:00.0000000+00:00","8737,8095703125","8768,66015625","8732,150390625","8747,7900390625","8747,75","2708000"
"2014-03-14T01:00:00.0000000+00:00","8697,73046875","8709,5595703125","8677,8095703125","8687,6298828125","8687,58984375","2247300"
"2014-03-17T01:00:00.0000000+00:00","8697,259765625","8708,400390625","8662,490234375","8700,099609375","8700,0595703125","2240400"
"2014-03-18T01:00:00.0000000+00:00","8747,3798828125","8759,5498046875","8713,509765625","8731,9404296875","8731,900390625","2490300"
"2014-03-19T01:00:00.0000000+00:00","8745,01953125","8749,7998046875","8682,75","8689,4599609375","8689,419921875","2362300"
"2014-03-20T01:00:00.0000000+00:00","8638,58984375","8638,58984375","8580,400390625","8597,330078125","8597,2900390625","2381800"
"2014-03-21T01:00:00.0000000+00:00","8642,8203125","8642,8203125","8562,5703125","8577,169921875","8577,1298828125","2469800"
"2014-03-24T01:00:00.0000000+00:00","8540,26953125","8605,3798828125","8508,009765625","8605,3798828125","8605,33984375","1978400"
"2014-03-25T01:00:00.0000000+00:00","8589,1904296875","8689,2998046875","8589,1904296875","8689,2998046875","8689,259765625","2018100"
"2014-03-26T01:00:00.0000000+00:00","8741,0302734375","8746,7099609375","8717,7900390625","8737,26953125","8737,2294921875","2308500"
"2014-03-27T01:00:00.0000000+00:00","8737,5595703125","8780,419921875","8723,8203125","8779,5703125","8779,5302734375","2333300"
"2014-03-28T01:00:00.0000000+00:00","8779,91015625","8812,41015625","8751,0703125","8774,6396484375","8774,599609375","2284900"
"2014-03-31T01:00:00.0000000+00:00","8802,9296875","8849,2802734375","8769,9697265625","8849,2802734375","8849,240234375","2044700"
"2014-04-01T01:00:00.0000000+00:00","8847,33984375","8873,150390625","8826,16015625","8873,150390625","8873,1103515625","2291600"
"2014-04-02T01:00:00.0000000+00:00","8906,51953125","8922,7900390625","8883,1396484375","8905,4501953125","8905,4091796875","2439600"
"2014-04-03T01:00:00.0000000+00:00","8902,9404296875","8913,740234375","8871,16015625","8888,5400390625","8888,4990234375","2584100"
"2014-04-07T01:00:00.0000000+00:00","8844,91015625","8876,4404296875","8828,58984375","8876,4404296875","8876,3994140625","2350400"
"2014-04-08T01:00:00.0000000+00:00","8878,8798828125","8899,1201171875","8860,7001953125","8888,25","8888,208984375","2079300"
"2014-04-09T01:00:00.0000000+00:00","8912,3896484375","8936,5703125","8912,3896484375","8930,5703125","8930,529296875","2341700"
"2014-04-10T01:00:00.0000000+00:00","8964,33984375","8978,51953125","8898,2998046875","8948,099609375","8948,05859375","2782700"
"2014-04-11T01:00:00.0000000+00:00","8900,1298828125","8909,9697265625","8848,240234375","8908,0498046875","8908,0087890625","2296800"
"2014-04-14T01:00:00.0000000+00:00","8897,23046875","8899,509765625","8852,66015625","8857,419921875","8857,3798828125","1785900"
"2014-04-15T01:00:00.0000000+00:00","8898,650390625","8918,9404296875","8889,4404296875","8916,7099609375","8916,6689453125","2081400"
"2014-04-16T01:00:00.0000000+00:00","8921,0703125","8968,5595703125","8894,2900390625","8923,8203125","8923,779296875","2175300"
"2014-04-17T01:00:00.0000000+00:00","8942,23046875","8962,66015625","8921,5595703125","8944,16015625","8944,119140625","2287200"
"2014-04-18T01:00:00.0000000+00:00","8994,76953125","9002,7001953125","8945,5595703125","8966,66015625","8966,619140625","1853200"
"2014-04-21T01:00:00.0000000+00:00","8961,51953125","8965,580078125","8938,4697265625","8951,1904296875","8951,1494140625","1811600"
"2014-04-22T01:00:00.0000000+00:00","8956,2197265625","8989,0595703125","8955,1904296875","8974,7099609375","8974,6689453125","2187000"
"2014-04-23T01:00:00.0000000+00:00","9009,58984375","9022,2802734375","8947,8603515625","8956,919921875","8956,87890625","2615700"
"2014-04-24T01:00:00.0000000+00:00","8968,8203125","8971,9404296875","8926,5498046875","8945,4501953125","8945,4091796875","2391300"
"2014-04-25T01:00:00.0000000+00:00","8945,8095703125","8951,0595703125","8749,509765625","8774,1201171875","8774,080078125","3379600"
"2014-04-28T01:00:00.0000000+00:00","8680,1396484375","8825,9296875","8671,650390625","8809,7099609375","8809,669921875","2347800"
"2014-04-29T01:00:00.0000000+00:00","8845,599609375","8884,48046875","8833,3701171875","8872,1103515625","8872,0703125","2084300"
"2014-04-30T01:00:00.0000000+00:00","8885,7001953125","8890,08984375","8791,4404296875","8791,4404296875","8791,400390625","2414300"
"2014-05-02T01:00:00.0000000+00:00","8846,8603515625","8875,900390625","8839,919921875","8867,3203125","8867,2802734375","2118600"
"2014-05-05T01:00:00.0000000+00:00","8895,8701171875","8911,080078125","8844,4501953125","8870,4296875","8870,3896484375","1935700"
"2014-05-06T01:00:00.0000000+00:00","8888,4501953125","8927,3896484375","8853,7197265625","8912,3896484375","8912,3486328125","2300600"
"2014-05-07T01:00:00.0000000+00:00","8903,7197265625","8911,0302734375","8856,98046875","8893,2197265625","8893,1787109375","2352500"
"2014-05-08T01:00:00.0000000+00:00","8925,2099609375","8941,4599609375","8891,740234375","8930,900390625","8930,859375","2466100"
"2014-05-09T01:00:00.0000000+00:00","8943,1396484375","8945,6298828125","8878,3203125","8889,6904296875","8889,6494140625","2428800"
"2014-05-12T01:00:00.0000000+00:00","8893,7197265625","8898,3095703125","8803,4296875","8808,6103515625","8808,5703125","2068600"
"2014-05-13T01:00:00.0000000+00:00","8865,6103515625","8886,66015625","8809,0595703125","8817,9404296875","8817,900390625","2167800"
"2014-05-14T01:00:00.0000000+00:00","8842,0498046875","8875,16015625","8812,1904296875","8875,16015625","8875,119140625","2097100"
"2014-05-15T01:00:00.0000000+00:00","8852,919921875","8880,650390625","8839,4404296875","8880,650390625","8880,609375","1708000"
"2014-05-16T01:00:00.0000000+00:00","8857,1201171875","8896,7197265625","8816,919921875","8888,4501953125","8888,4091796875","1797600"
"2014-05-19T01:00:00.0000000+00:00","8901,5400390625","8912,349609375","8877,4599609375","8899,900390625","8899,859375","1798700"
"2014-05-20T01:00:00.0000000+00:00","8922,080078125","8930,7900390625","8887,7900390625","8887,7900390625","8887,7490234375","1739900"
"2014-05-21T01:00:00.0000000+00:00","8894,16015625","8905,0400390625","8848,5302734375","8862,419921875","8862,3798828125","1651800"
"2014-05-22T01:00:00.0000000+00:00","8899,8203125","8969,6298828125","8899,8203125","8969,6298828125","8969,5888671875","2030100"
"2014-05-23T01:00:00.0000000+00:00","8960,7900390625","9008,2197265625","8960,7900390625","9008,2197265625","9008,1787109375","2229400"
"2014-05-26T01:00:00.0000000+00:00","9040,490234375","9053,75","9026,76953125","9036,1201171875","9036,0791015625","2254800"
"2014-05-27T01:00:00.0000000+00:00","9045,080078125","9059,1904296875","9035,6904296875","9055,2900390625","9055,248046875","2064100"
"2014-05-28T01:00:00.0000000+00:00","9072,0400390625","9125,1396484375","9069,8896484375","9121,7099609375","9121,66796875","2500300"
"2014-05-29T01:00:00.0000000+00:00","9123,4599609375","9131,66015625","9093,5703125","9109","9108,9580078125","2347400"
"2014-05-30T01:00:00.0000000+00:00","9130,66015625","9139,5703125","9075,91015625","9075,91015625","9075,8681640625","3481800"
"2014-06-03T01:00:00.0000000+00:00","9106,6103515625","9128,33984375","9070,4501953125","9123,4599609375","9123,41796875","2367700"
"2014-06-04T01:00:00.0000000+00:00","9135,009765625","9140,5498046875","9114,1796875","9119,9599609375","9119,91796875","2575200"
"2014-06-05T01:00:00.0000000+00:00","9127,5595703125","9140,7197265625","9094,1298828125","9140,7197265625","9140,677734375","2772700"
"2014-06-06T01:00:00.0000000+00:00","9167,830078125","9174,76953125","9122,5595703125","9134,4599609375","9134,41796875","2858700"
"2014-06-09T01:00:00.0000000+00:00","9153,9296875","9166,580078125","9138,9296875","9162,740234375","9162,6982421875","2464400"
"2014-06-10T01:00:00.0000000+00:00","9181,900390625","9222,3701171875","9171,75","9222,3701171875","9222,328125","2518700"
"2014-06-11T01:00:00.0000000+00:00","9218,5","9229,7998046875","9204,759765625","9229,7998046875","9229,7578125","2437300"
"2014-06-12T01:00:00.0000000+00:00","9209,990234375","9220,8896484375","9186,7900390625","9204,650390625","9204,6083984375","2618000"
"2014-06-13T01:00:00.0000000+00:00","9192,73046875","9207,740234375","9171,509765625","9196,3896484375","9196,34765625","2357800"
"2014-06-16T01:00:00.0000000+00:00","9196,23046875","9214,1904296875","9179,5595703125","9202,9296875","9202,8876953125","2374500"
"2014-06-17T01:00:00.0000000+00:00","9223,01953125","9249,8701171875","9200,8603515625","9240,599609375","9240,5576171875","2507800"
"2014-06-18T01:00:00.0000000+00:00","9257,650390625","9316,6396484375","9204,349609375","9279,9296875","9279,8876953125","3014200"
"2014-06-19T01:00:00.0000000+00:00","9288,6904296875","9324,400390625","9283,3798828125","9316,8095703125","9316,767578125","2202700"
"2014-06-20T01:00:00.0000000+00:00","9330,349609375","9339,830078125","9273,7900390625","9273,7900390625","9273,748046875","2242200"
"2014-06-23T01:00:00.0000000+00:00","9293,0595703125","9302,650390625","9225,73046875","9228,349609375","9228,3076171875","2702500"
"2014-06-24T01:00:00.0000000+00:00","9232,349609375","9276,240234375","9232,349609375","9246,2001953125","9246,158203125","1913700"
"2014-06-25T01:00:00.0000000+00:00","9250,1298828125","9255,8701171875","9229,7998046875","9242,16015625","9242,1181640625","1987600"
"2014-06-26T01:00:00.0000000+00:00","9273,3603515625","9320,9404296875","9271,349609375","9320,9404296875","9320,8984375","2767400"
"2014-06-27T01:00:00.0000000+00:00","9316,8896484375","9330,9501953125","9303,5703125","9306,830078125","9306,7880859375","2252200"
"2014-06-30T01:00:00.0000000+00:00","9332,4404296875","9393,0703125","9327,8896484375","9393,0703125","9393,0283203125","2580300"
"2014-07-01T01:00:00.0000000+00:00","9393,0703125","9463,0595703125","9374,2802734375","9441,919921875","9441,8779296875","3004800"
"2014-07-02T01:00:00.0000000+00:00","9482","9547,0498046875","9421,8701171875","9484,9599609375","9484,9169921875","4105500"
"2014-07-03T01:00:00.0000000+00:00","9468,7802734375","9538,650390625","9449,7802734375","9526,23046875","9526,1875","2908200"
"2014-07-04T01:00:00.0000000+00:00","9525,9296875","9550,1103515625","9482,9404296875","9510,0498046875","9510,0068359375","2889200"
"2014-07-07T01:00:00.0000000+00:00","9497,26953125","9520,2001953125","9454,669921875","9520,2001953125","9520,1572265625","2805800"
"2014-07-08T01:00:00.0000000+00:00","9515,1796875","9540,5703125","9499,169921875","9530,98046875","9530,9375","2811300"
"2014-07-09T01:00:00.0000000+00:00","9510","9522,990234375","9478,759765625","9489,98046875","9489,9375","2679700"
"2014-07-10T01:00:00.0000000+00:00","9512,8896484375","9568,75","9512,8896484375","9565,1201171875","9565,076171875","3202100"
"2014-07-11T01:00:00.0000000+00:00","9561,7099609375","9591,26953125","9478,0703125","9495,83984375","9495,796875","3371800"
"2014-07-14T01:00:00.0000000+00:00","9497,8095703125","9545,990234375","9488,1201171875","9520,2998046875","9520,2568359375","2798700"
"2014-07-15T01:00:00.0000000+00:00","9558,419921875","9593,6796875","9547,9404296875","9569,169921875","9569,1259765625","2960700"
"2014-07-16T01:00:00.0000000+00:00","9570,330078125","9574,1298828125","9471,650390625","9484,73046875","9484,6875","3060700"
"2014-07-17T01:00:00.0000000+00:00","9420,1103515625","9461,8603515625","9373,8701171875","9408,240234375","9408,1982421875","2920100"
"2014-07-18T01:00:00.0000000+00:00","9335,3798828125","9421,33984375","9335,3798828125","9400,9697265625","9400,927734375","2324700"
"2014-07-21T01:00:00.0000000+00:00","9453,7802734375","9480,1396484375","9426,2998046875","9440,9697265625","9440,927734375","2228000"
"2014-07-22T01:00:00.0000000+00:00","9453,23046875","9499,3603515625","9418,740234375","9499,3603515625","9499,3173828125","2277700"
"2014-07-23T01:00:00.0000000+00:00","9453,23046875","9499,3603515625","9418,740234375","9499,3603515625","9499,3173828125","2277700"
"2014-07-24T01:00:00.0000000+00:00","9508,259765625","9538,0703125","9483,51953125","9527,5400390625","9527,4970703125","2684600"
"2014-07-25T01:00:00.0000000+00:00","9519,990234375","9528,7001953125","9412,48046875","9439,2900390625","9439,248046875","2532200"
"2014-07-28T01:00:00.0000000+00:00","9415,900390625","9460,4296875","9385,5595703125","9420,1796875","9420,1376953125","2509800"
"2014-07-29T01:00:00.0000000+00:00","9457,7998046875","9483,75","9357,3203125","9391,8798828125","9391,837890625","3528000"
"2014-07-30T01:00:00.0000000+00:00","9409,6201171875","9456,0302734375","9398,8203125","9447,01953125","9446,9775390625","2519700"
"2014-07-31T01:00:00.0000000+00:00","9436,0400390625","9438,9697265625","9313,8701171875","9315,849609375","9315,8076171875","2521900"
"2014-08-01T01:00:00.0000000+00:00","9223,75","9274,6396484375","9201,830078125","9266,509765625","9266,4677734375","2400600"
"2014-08-04T01:00:00.0000000+00:00","9280,2900390625","9330,1904296875","9258,1796875","9330,1904296875","9330,1484375","2281900"
"2014-08-05T01:00:00.0000000+00:00","9316,8203125","9316,8203125","9141,4404296875","9141,4404296875","9141,3984375","2611000"
"2014-08-06T01:00:00.0000000+00:00","9148,3603515625","9163,8095703125","9070,08984375","9143,9697265625","9143,927734375","2616100"
"2014-08-07T01:00:00.0000000+00:00","9162,650390625","9172,8798828125","9108,849609375","9131,4404296875","9131,3984375","1910100"
"2014-08-08T01:00:00.0000000+00:00","9120,2001953125","9120,2001953125","9014,8896484375","9085,9599609375","9085,91796875","2139900"
"2014-08-11T01:00:00.0000000+00:00","9109,830078125","9184,9599609375","9107,2099609375","9172,91015625","9172,8681640625","1921900"
"2014-08-12T01:00:00.0000000+00:00","9188,849609375","9198,099609375","9146,98046875","9163,1201171875","9163,078125","1930900"
"2014-08-13T01:00:00.0000000+00:00","9155,01953125","9231,66015625","9147,1396484375","9231,3095703125","9231,267578125","2033400"
"2014-08-14T01:00:00.0000000+00:00","9276,41015625","9282,009765625","9218,5498046875","9230,6103515625","9230,568359375","2183500"
"2014-08-15T01:00:00.0000000+00:00","9243,669921875","9243,669921875","9172,91015625","9206,8095703125","9206,767578125","1924300"
"2014-08-18T01:00:00.0000000+00:00","9222,73046875","9222,73046875","9128,66015625","9141,3095703125","9141,267578125","1992200"
"2014-08-19T01:00:00.0000000+00:00","9188,6298828125","9255,08984375","9188,6298828125","9243,7802734375","9243,73828125","1977100"
"2014-08-20T01:00:00.0000000+00:00","9278,150390625","9294,490234375","9249,3095703125","9288,0498046875","9288,0078125","2122000"
"2014-08-21T01:00:00.0000000+00:00","9286,8203125","9289,01953125","9217,9697265625","9253,3798828125","9253,337890625","2038000"
"2014-08-22T01:00:00.0000000+00:00","9273,0703125","9380,599609375","9271,8701171875","9380,099609375","9380,0576171875","2488700"
"2014-08-25T01:00:00.0000000+00:00","9393,240234375","9409,349609375","9369,240234375","9390,6201171875","9390,578125","1912300"
"2014-08-26T01:00:00.0000000+00:00","9394,2802734375","9418,76953125","9386,490234375","9393,9599609375","9393,91796875","1984100"
"2014-08-27T01:00:00.0000000+00:00","9426,2900390625","9491,75","9426,2900390625","9485,58984375","9485,546875","2940500"
"2014-08-28T01:00:00.0000000+00:00","9499,2197265625","9502,419921875","9453,490234375","9478,3701171875","9478,3271484375","2707500"
"2014-08-29T01:00:00.0000000+00:00","9459,8095703125","9470,150390625","9425,349609375","9436,26953125","9436,2275390625","2271500"
"2014-09-01T01:00:00.0000000+00:00","9474,41015625","9532,66015625","9472,9599609375","9513,0595703125","9513,0166015625","2065000"
"2014-09-02T01:00:00.0000000+00:00","9503,650390625","9503,650390625","9388,1298828125","9399,7197265625","9399,677734375","2082900"
"2014-09-03T01:00:00.0000000+00:00","9434,8798828125","9455,7802734375","9396,7900390625","9450,349609375","9450,3076171875","1948400"
"2014-09-04T01:00:00.0000000+00:00","9439,759765625","9439,759765625","9389,2900390625","9428,8896484375","9428,84765625","1708100"
"2014-09-05T01:00:00.0000000+00:00","9446,4501953125","9451,3896484375","9365,7001953125","9407,9404296875","9407,8984375","1650700"
"2014-09-09T01:00:00.0000000+00:00","9452,1396484375","9465,9296875","9426,990234375","9434,76953125","9434,7275390625","1868600"
"2014-09-10T01:00:00.0000000+00:00","9410,6201171875","9410,6201171875","9309,0498046875","9357,6103515625","9357,568359375","1839600"
"2014-09-11T01:00:00.0000000+00:00","9376,3798828125","9381,0498046875","9322,9501953125","9322,9501953125","9322,908203125","1702100"
"2014-09-12T01:00:00.0000000+00:00","9324,740234375","9333,2802734375","9223,1796875","9223,1796875","9223,1376953125","1793200"
"2014-09-15T01:00:00.0000000+00:00","9206,41015625","9242,23046875","9175,6103515625","9217,4599609375","9217,41796875","1482600"
"2014-09-16T01:00:00.0000000+00:00","9218,849609375","9219,419921875","9133,400390625","9133,400390625","9133,3583984375","1719500"
"2014-09-17T01:00:00.0000000+00:00","9171,0400390625","9252,3798828125","9159,849609375","9195,169921875","9195,1279296875","1884000"
"2014-09-18T01:00:00.0000000+00:00","9211,7998046875","9237,8798828125","9201,91015625","9237,0302734375","9236,98828125","1554700"
"2014-09-19T01:00:00.0000000+00:00","9268,4404296875","9289,2197265625","9235,4404296875","9240,4501953125","9240,408203125","1815800"
"2014-09-22T01:00:00.0000000+00:00","9220,5400390625","9220,5400390625","9106,26953125","9134,650390625","9134,6083984375","1780200"
"2014-09-23T01:00:00.0000000+00:00","9134,2900390625","9147,2099609375","9084,900390625","9084,900390625","9084,8583984375","1642800"
"2014-09-24T01:00:00.0000000+00:00","9071,7998046875","9123,1103515625","9071,7998046875","9098,490234375","9098,4482421875","1582000"
"2014-09-25T01:00:00.0000000+00:00","9126,759765625","9149,41015625","8982,509765625","9011,58984375","9011,548828125","2039500"
"2014-09-26T01:00:00.0000000+00:00","8957,5595703125","9001,98046875","8913,509765625","8989,8203125","8989,779296875","1705600"
"2014-09-29T01:00:00.0000000+00:00","9018,4599609375","9018,4599609375","8948,08984375","8960,759765625","8960,71875","1713100"
"2014-09-30T01:00:00.0000000+00:00","8954,580078125","8998,830078125","8860,169921875","8966,919921875","8966,87890625","2295900"
"2014-10-01T01:00:00.0000000+00:00","8958,8701171875","9014,259765625","8918,9599609375","8990,259765625","8990,21875","1648000"
"2014-10-02T01:00:00.0000000+00:00","8959,3701171875","9010,26953125","8913,009765625","8975,1904296875","8975,1494140625","1825200"
"2014-10-03T01:00:00.0000000+00:00","9010,2998046875","9113,7998046875","8998,26953125","9106,2802734375","9106,23828125","1873800"
"2014-10-06T01:00:00.0000000+00:00","9118,2802734375","9122,5400390625","9065,33984375","9095,1396484375","9095,09765625","1626000"
"2014-10-07T01:00:00.0000000+00:00","9065,669921875","9074,7998046875","8993,4501953125","9040,8095703125","9040,7685546875","1569500"
"2014-10-08T01:00:00.0000000+00:00","8989,990234375","9038,6103515625","8955,1796875","8955,1796875","8955,138671875","1558600"
"2014-10-09T01:00:00.0000000+00:00","9021,3095703125","9054,669921875","8946,16015625","8966,4404296875","8966,3994140625","1777200"
"2014-10-13T01:00:00.0000000+00:00","8767,419921875","8795,76953125","8711,3896484375","8711,3896484375","8711,349609375","2328700"
"2014-10-14T01:00:00.0000000+00:00","8691,830078125","8768,3896484375","8684,1904296875","8768,3896484375","8768,349609375","1735500"
"2014-10-15T01:00:00.0000000+00:00","8769,3896484375","8776,91015625","8635,41015625","8655,509765625","8655,4697265625","2304300"
"2014-10-16T01:00:00.0000000+00:00","8602,650390625","8676,4599609375","8501,2900390625","8633,6904296875","8633,650390625","2514700"
"2014-10-17T01:00:00.0000000+00:00","8688,7099609375","8699,76953125","8512,8798828125","8512,8798828125","8512,83984375","2655100"
"2014-10-20T01:00:00.0000000+00:00","8617,080078125","8679,849609375","8611,169921875","8663,1396484375","8663,099609375","1747800"
"2014-10-21T01:00:00.0000000+00:00","8676,3203125","8676,3203125","8636,669921875","8654,6396484375","8654,599609375","1380900"
"2014-10-22T01:00:00.0000000+00:00","8744,91015625","8775,349609375","8729,76953125","8748,830078125","8748,7900390625","1911300"
"2014-10-23T01:00:00.0000000+00:00","8735,3798828125","8751,669921875","8714,8798828125","8731,0703125","8731,0302734375","1442500"
"2014-10-24T01:00:00.0000000+00:00","8740,2802734375","8750,419921875","8629,240234375","8646,009765625","8645,9697265625","1539700"
"2014-10-27T01:00:00.0000000+00:00","8671,509765625","8689,669921875","8607,23046875","8627,7802734375","8627,740234375","1503400"
"2014-10-28T01:00:00.0000000+00:00","8692,51953125","8788,2802734375","8692,51953125","8773,5498046875","8773,509765625","1851800"
"2014-10-29T01:00:00.0000000+00:00","8821,849609375","8903,6796875","8821,849609375","8903,6796875","8903,638671875","2169000"
"2014-10-30T01:00:00.0000000+00:00","8890,1904296875","8892,990234375","8842,7998046875","8888,0703125","8888,029296875","1969100"
"2014-10-31T01:00:00.0000000+00:00","8909,33984375","8974,759765625","8885,2099609375","8974,759765625","8974,71875","2025800"
"2014-11-03T01:00:00.0000000+00:00","9009,3798828125","9029,7099609375","8965,5","9004,8603515625","9004,8193359375","2063400"
"2014-11-04T01:00:00.0000000+00:00","9030,9599609375","9046,2197265625","8980,9599609375","8989,1796875","8989,138671875","1704900"
"2014-11-05T01:00:00.0000000+00:00","8997,759765625","9013,0595703125","8941,1796875","8962,599609375","8962,55859375","1633400"
"2014-11-06T01:00:00.0000000+00:00","8968,7900390625","8979,9697265625","8887,3603515625","8891,01953125","8890,978515625","1597400"
"2014-11-07T01:00:00.0000000+00:00","8881,1904296875","8925,6201171875","8867,7802734375","8912,6201171875","8912,5791015625","1492600"
"2014-11-10T01:00:00.0000000+00:00","8937,58984375","9062,8896484375","8937,58984375","9049,98046875","9049,939453125","1844200"
"2014-11-11T01:00:00.0000000+00:00","9067,5400390625","9069,4404296875","9021,5400390625","9034,1396484375","9034,0986328125","1788700"
"2014-11-12T01:00:00.0000000+00:00","9030,1298828125","9030,1298828125","8894,1103515625","8918,9501953125","8918,9091796875","1688500"
"2014-11-13T01:00:00.0000000+00:00","8947,9697265625","8980,669921875","8927,08984375","8980,669921875","8980,62890625","1337100"
"2014-11-14T01:00:00.0000000+00:00","8992,400390625","8996,3798828125","8950,23046875","8982,8798828125","8982,8388671875","1670000"
"2014-11-17T01:00:00.0000000+00:00","9003,3701171875","9024","8878,3798828125","8884,3896484375","8884,3486328125","1620300"
"2014-11-18T01:00:00.0000000+00:00","8916,080078125","8944,259765625","8828,150390625","8859,0703125","8859,0302734375","1875200"
"2014-11-19T01:00:00.0000000+00:00","8896,16015625","8988,6396484375","8879,2900390625","8963,240234375","8963,19921875","1933300"
"2014-11-20T01:00:00.0000000+00:00","8984,9296875","9078,8701171875","8984,9296875","9078,8701171875","9078,828125","1984700"
"2014-11-21T01:00:00.0000000+00:00","9104,33984375","9111,1796875","9071,8603515625","9091,5302734375","9091,48828125","1711900"
"2014-11-24T01:00:00.0000000+00:00","9144,419921875","9165,7099609375","9104,5400390625","9122,330078125","9122,2880859375","1688500"
"2014-11-25T01:00:00.0000000+00:00","9125,26953125","9153,5498046875","9098,3203125","9116,240234375","9116,1982421875","1863300"
"2014-11-26T01:00:00.0000000+00:00","9125,080078125","9146,0400390625","9112,1904296875","9122,3896484375","9122,34765625","1572900"
"2014-11-27T01:00:00.0000000+00:00","9153,490234375","9217,73046875","9153,490234375","9165,3095703125","9165,267578125","1657900"
"2014-11-28T01:00:00.0000000+00:00","9163,1904296875","9201,7998046875","9158,2802734375","9187,150390625","9187,1083984375","1671500"
"2014-12-01T01:00:00.0000000+00:00","9038,41015625","9164,5400390625","8998,5498046875","9117,7099609375","9117,66796875","2000200"
"2014-12-02T01:00:00.0000000+00:00","9098,3603515625","9104,83984375","9009,6904296875","9034,7900390625","9034,7490234375","2121500"
"2014-12-03T01:00:00.0000000+00:00","9073,4697265625","9188,3203125","9045,2001953125","9175,259765625","9175,2177734375","2695800"
"2014-12-04T01:00:00.0000000+00:00","9212,849609375","9251,849609375","9195,150390625","9225,1103515625","9225,068359375","2423500"
"2014-12-05T01:00:00.0000000+00:00","9220,25","9240,509765625","9192,2900390625","9206,5703125","9206,5283203125","2074700"
"2014-12-08T01:00:00.0000000+00:00","9231,240234375","9241,6298828125","9174,509765625","9187,2900390625","9187,248046875","2002500"
"2014-12-09T01:00:00.0000000+00:00","9163,4296875","9177,1396484375","9127,1201171875","9128,900390625","9128,8583984375","1841800"
"2014-12-10T01:00:00.0000000+00:00","9115,330078125","9140,490234375","9015,51953125","9032,16015625","9032,119140625","2150000"
"2014-12-11T01:00:00.0000000+00:00","9003,83984375","9046,400390625","8971,5302734375","9013,0703125","9013,029296875","1673000"
"2014-12-12T01:00:00.0000000+00:00","9041,5400390625","9084,26953125","9022,5595703125","9027,330078125","9027,2890625","1621300"
"2014-12-15T01:00:00.0000000+00:00","8987,9501953125","8997,080078125","8943,0400390625","8985,6298828125","8985,5888671875","1671300"
"2014-12-16T01:00:00.0000000+00:00","8967,8203125","9031,0703125","8950,91015625","8950,91015625","8950,869140625","1836200"
"2014-12-17T01:00:00.0000000+00:00","8961,6396484375","8972,1201171875","8826,0302734375","8828,3603515625","8828,3203125","2319700"
"2014-12-18T01:00:00.0000000+00:00","8912,7802734375","8946,419921875","8876,8798828125","8878,6298828125","8878,5888671875","1975300"
"2014-12-19T01:00:00.0000000+00:00","8981,849609375","9035,76953125","8953,169921875","8999,51953125","8999,478515625","2477900"
"2014-12-22T01:00:00.0000000+00:00","9032,419921875","9099,849609375","9024,009765625","9095","9094,9580078125","1954900"
"2014-12-23T01:00:00.0000000+00:00","9123,7802734375","9138,150390625","9093,4296875","9097,7099609375","9097,66796875","1867800"
"2014-12-24T01:00:00.0000000+00:00","9096,48046875","9186,1796875","9096,48046875","9186,1796875","9186,1376953125","2610200"
"2014-12-25T01:00:00.0000000+00:00","9186,830078125","9198,0400390625","9153,76953125","9158,7001953125","9158,658203125","1831400"
"2014-12-26T01:00:00.0000000+00:00","9171,91015625","9214,0703125","9158,3896484375","9214,0703125","9214,0283203125","1649700"
"2014-12-29T01:00:00.0000000+00:00","9216,4296875","9313,330078125","9216,4296875","9286,2802734375","9286,23828125","2137000"
"2014-12-30T01:00:00.0000000+00:00","9299,099609375","9338,0595703125","9262,7001953125","9268,4296875","9268,3876953125","1891600"
"2014-12-31T01:00:00.0000000+00:00","9260,4599609375","9307,259765625","9252,3095703125","9307,259765625","9307,2177734375","1578600"
"2015-01-05T01:00:00.0000000+00:00","9292,3095703125","9292,3095703125","9182,01953125","9274,1103515625","9274,068359375","2311000"
"2015-01-06T01:00:00.0000000+00:00","9209,9296875","9209,9296875","9043,4404296875","9048,33984375","9048,298828125","2725800"
"2015-01-07T01:00:00.0000000+00:00","9051,9404296875","9108,66015625","9050,5400390625","9080,08984375","9080,0478515625","2384100"
"2015-01-08T01:00:00.0000000+00:00","9154,0302734375","9246,6201171875","9154,0302734375","9238,0302734375","9237,98828125","2657600"
"2015-01-09T01:00:00.0000000+00:00","9247,400390625","9284,5703125","9215,580078125","9215,580078125","9215,5380859375","2398800"
"2015-01-12T01:00:00.0000000+00:00","9198,01953125","9229,650390625","9178,2998046875","9178,2998046875","9178,2578125","2205700"
"2015-01-13T01:00:00.0000000+00:00","9162,76953125","9253,8203125","9161,7099609375","9231,7998046875","9231,7578125","2324800"
"2015-01-14T01:00:00.0000000+00:00","9235,900390625","9242,2001953125","9161,7099609375","9180,23046875","9180,1884765625","2271500"
"2015-01-15T01:00:00.0000000+00:00","9197,3203125","9219,4296875","9149,099609375","9165,08984375","9165,0478515625","2210200"
"2015-01-16T01:00:00.0000000+00:00","9245,76953125","9256,8603515625","9109,4599609375","9138,2900390625","9138,248046875","2591100"
"2015-01-19T01:00:00.0000000+00:00","9183,759765625","9247,08984375","9151,8203125","9174,0595703125","9174,017578125","1893500"
"2015-01-20T01:00:00.0000000+00:00","9188,759765625","9259,3095703125","9177,48046875","9251,6904296875","9251,6484375","1795000"
"2015-01-21T01:00:00.0000000+00:00","9283,7900390625","9319,7099609375","9275,6796875","9319,7099609375","9319,66796875","2174400"
"2015-01-22T01:00:00.0000000+00:00","9336,8095703125","9386,5595703125","9336,8095703125","9369,509765625","9369,4677734375","2387200"
"2015-01-23T01:00:00.0000000+00:00","9422","9471,7998046875","9422","9470,9404296875","9470,8974609375","2647100"
"2015-01-26T01:00:00.0000000+00:00","9474,5595703125","9478,5302734375","9436,4697265625","9477,669921875","9477,626953125","1906500"
"2015-01-27T01:00:00.0000000+00:00","9505,5595703125","9523,73046875","9471,1904296875","9521,58984375","9521,546875","1875400"
"2015-01-28T01:00:00.0000000+00:00","9503,2001953125","9515,2900390625","9471,3095703125","9510,919921875","9510,876953125","1784400"
"2015-01-29T01:00:00.0000000+00:00","9479,3603515625","9482,1298828125","9403,75","9426,900390625","9426,8583984375","1849600"
"2015-01-30T01:00:00.0000000+00:00","9452,849609375","9466,650390625","9361,91015625","9361,91015625","9361,8681640625","2041700"
"2015-02-02T01:00:00.0000000+00:00","9368,830078125","9410,4296875","9352,1904296875","9386,990234375","9386,9482421875","1650800"
"2015-02-03T01:00:00.0000000+00:00","9394,4697265625","9460,169921875","9394,4697265625","9448,73046875","9448,6884765625","1649300"
"2015-02-04T01:00:00.0000000+00:00","9477,51953125","9533,8798828125","9477,51953125","9513,919921875","9513,876953125","2134800"
"2015-02-05T01:00:00.0000000+00:00","9511,0595703125","9517,419921875","9472,419921875","9512,0498046875","9512,0068359375","1523200"
"2015-02-06T01:00:00.0000000+00:00","9521,8798828125","9521,8798828125","9448,650390625","9456,1796875","9456,13671875","1533300"
"2015-02-09T01:00:00.0000000+00:00","9465,1201171875","9465,1201171875","9413,1796875","9421,5","9421,4580078125","1425200"
"2015-02-10T01:00:00.0000000+00:00","9405,58984375","9435,0703125","9390,1298828125","9393,7001953125","9393,658203125","1631400"
"2015-02-11T01:00:00.0000000+00:00","9430,169921875","9488,7197265625","9430,169921875","9462,2197265625","9462,1767578125","1909200"
"2015-02-12T01:00:00.0000000+00:00","9496,3896484375","9500,349609375","9447,1904296875","9496,3095703125","9496,2666015625","1563800"
"2015-02-13T01:00:00.0000000+00:00","9500,0400390625","9542,08984375","9499,9697265625","9529,509765625","9529,466796875","1601700"
"2015-02-24T01:00:00.0000000+00:00","9582,3896484375","9638,48046875","9582,3896484375","9629,3701171875","9629,326171875","2332200"
"2015-02-25T01:00:00.0000000+00:00","9655,7197265625","9699,5400390625","9653,76953125","9699,5400390625","9699,4951171875","2209800"
"2015-02-26T01:00:00.0000000+00:00","9687,48046875","9688,0703125","9610,58984375","9622,099609375","9622,0556640625","2117000"
"2015-03-02T01:00:00.0000000+00:00","9665,1103515625","9690,4296875","9588,3603515625","9601,3603515625","9601,31640625","2202800"
"2015-03-03T01:00:00.0000000+00:00","9628,0595703125","9642,9501953125","9571,6396484375","9605,76953125","9605,7255859375","1882000"
"2015-03-04T01:00:00.0000000+00:00","9596,240234375","9635,1796875","9580,7802734375","9621,73046875","9621,6865234375","1910300"
"2015-03-05T01:00:00.0000000+00:00","9627,0400390625","9631,0400390625","9564,4404296875","9595,08984375","9595,0458984375","1921600"
"2015-03-06T01:00:00.0000000+00:00","9587,58984375","9645,76953125","9574,5498046875","9645,76953125","9645,7255859375","2120500"
"2015-03-09T01:00:00.0000000+00:00","9617,0400390625","9617,0400390625","9549,759765625","9562,98046875","9562,9365234375","1785400"
"2015-03-10T01:00:00.0000000+00:00","9566,25","9583,7802734375","9520,330078125","9536,5302734375","9536,4873046875","2012200"
"2015-03-11T01:00:00.0000000+00:00","9503,2802734375","9561,8095703125","9472,5400390625","9523,1796875","9523,13671875","2230500"
"2015-03-12T01:00:00.0000000+00:00","9537,23046875","9608,01953125","9530,740234375","9596","9595,9560546875","2358800"
"2015-03-13T01:00:00.0000000+00:00","9608,4404296875","9633,509765625","9579,349609375","9579,349609375","9579,3056640625","1941300"
"2015-03-16T01:00:00.0000000+00:00","9583,4501953125","9590,759765625","9512,91015625","9512,91015625","9512,8671875","1773200"
"2015-03-17T01:00:00.0000000+00:00","9555,099609375","9629,7998046875","9539,4404296875","9539,4404296875","9539,3974609375","2021100"
"2015-03-18T01:00:00.0000000+00:00","9563,740234375","9653,4296875","9561,5","9653,4296875","9653,3857421875","2195500"
"2015-03-19T01:00:00.0000000+00:00","9668,009765625","9745,58984375","9668,009765625","9736,73046875","9736,685546875","2389700"
"2015-03-20T01:00:00.0000000+00:00","9706,349609375","9749,6904296875","9705,3203125","9749,6904296875","9749,6455078125","2580300"
"2015-03-23T01:00:00.0000000+00:00","9759,8798828125","9775,6298828125","9729,8095703125","9758,08984375","9758,044921875","2206800"
"2015-03-24T01:00:00.0000000+00:00","9759,9599609375","9768,7099609375","9701,330078125","9731,66015625","9731,615234375","1945600"
"2015-03-25T01:00:00.0000000+00:00","9739,25","9743,580078125","9653,4697265625","9667,830078125","9667,7861328125","1966300"
"2015-03-26T01:00:00.0000000+00:00","9579,6298828125","9619,1201171875","9540,0302734375","9619,1201171875","9619,076171875","2194600"
"2015-03-27T01:00:00.0000000+00:00","9593,0703125","9608,4404296875","9503,7197265625","9503,7197265625","9503,6767578125","2251300"
"2015-03-30T01:00:00.0000000+00:00","9533,3798828125","9556,25","9503,5302734375","9521,8701171875","9521,8271484375","1783800"
"2015-03-31T01:00:00.0000000+00:00","9568,3798828125","9594,75","9527,8701171875","9586,4404296875","9586,396484375","2184800"
"2015-04-01T01:00:00.0000000+00:00","9575,1103515625","9575,1103515625","9503,5302734375","9507,66015625","9507,6171875","1788200"
"2015-04-02T01:00:00.0000000+00:00","9535,98046875","9628,9501953125","9535,98046875","9600,3203125","9600,2763671875","1860500"
"2015-04-07T01:00:00.0000000+00:00","9619,9697265625","9653,9697265625","9613,330078125","9641,900390625","9641,8564453125","2011600"
"2015-04-08T01:00:00.0000000+00:00","9646,0703125","9654,669921875","9562","9571,9697265625","9571,92578125","1983700"
"2015-04-09T01:00:00.0000000+00:00","9597,2099609375","9663,0498046875","9559,7099609375","9568,0400390625","9567,99609375","2165100"
"2015-04-10T01:00:00.0000000+00:00","9626,8798828125","9648,33984375","9582,83984375","9617,7001953125","9617,65625","2002700"
"2015-04-13T01:00:00.0000000+00:00","9622,6396484375","9666,51953125","9622,58984375","9666,51953125","9666,4755859375","1855700"
"2015-04-14T01:00:00.0000000+00:00","9646,2802734375","9664,099609375","9631,1904296875","9642,2197265625","9642,17578125","2034000"
"2015-04-15T01:00:00.0000000+00:00","9629,7001953125","9654,150390625","9508,1396484375","9540,0595703125","9540,0166015625","2435600"
"2015-04-16T01:00:00.0000000+00:00","9578,7099609375","9656,8701171875","9578,7099609375","9656,8701171875","9656,826171875","2224100"
"2015-04-17T01:00:00.0000000+00:00","9608,599609375","9615,51953125","9570,9296875","9570,9296875","9570,8857421875","2047400"
"2015-04-20T01:00:00.0000000+00:00","9541,830078125","9572,650390625","9508,5703125","9552,849609375","9552,806640625","1925300"
"2015-04-21T01:00:00.0000000+00:00","9554,7998046875","9598,8603515625","9512,6396484375","9533,98046875","9533,9375","2098100"
"2015-04-22T01:00:00.0000000+00:00","9549,6103515625","9630,7900390625","9549,6103515625","9613","9612,9560546875","2128600"
"2015-04-23T01:00:00.0000000+00:00","9655,2998046875","9814,8798828125","9655,2998046875","9797,490234375","9797,4453125","3637800"
"2015-04-24T01:00:00.0000000+00:00","9839,7099609375","9961,3095703125","9839,7099609375","9913,2802734375","9913,2353515625","3791200"
"2015-04-27T01:00:00.0000000+00:00","9941,1796875","10002,580078125","9937,0400390625","9973,1201171875","9973,07421875","3381800"
"2015-04-28T01:00:00.0000000+00:00","9998,080078125","10014,2802734375","9918,009765625","9956,830078125","9956,7841796875","2770800"
"2015-04-29T01:00:00.0000000+00:00","9934,8203125","9978,8701171875","9842,5","9853,830078125","9853,78515625","2859900"
"2015-04-30T01:00:00.0000000+00:00","9841,150390625","9894,900390625","9820,0498046875","9820,0498046875","9820,0048828125","2644700"
"2015-05-04T01:00:00.0000000+00:00","9853,509765625","9871,650390625","9800,48046875","9845,0400390625","9844,9951171875","2298800"
"2015-05-05T01:00:00.0000000+00:00","9849,1298828125","9855,6396484375","9788,1298828125","9820,1298828125","9820,0849609375","2134800"
"2015-05-06T01:00:00.0000000+00:00","9780,3896484375","9829,4296875","9735,9404296875","9818,2001953125","9818,1552734375","2353700"
"2015-05-07T01:00:00.0000000+00:00","9789,8203125","9789,8203125","9704,1103515625","9704,1103515625","9704,0654296875","2315900"
"2015-05-08T01:00:00.0000000+00:00","9724,2900390625","9760,509765625","9692","9692","9691,955078125","2012000"
"2015-05-11T01:00:00.0000000+00:00","9763,9404296875","9797,1904296875","9635,8798828125","9663,7197265625","9663,67578125","2383200"
"2015-05-12T01:00:00.0000000+00:00","9637,7099609375","9702,669921875","9637,2099609375","9680,73046875","9680,6865234375","2141500"
"2015-05-13T01:00:00.0000000+00:00","9697,169921875","9743,330078125","9687,66015625","9724,1103515625","9724,0654296875","2129200"
"2015-05-14T01:00:00.0000000+00:00","9730,330078125","9734,5498046875","9600,240234375","9610,830078125","9610,7861328125","2198400"
"2015-05-15T01:00:00.0000000+00:00","9638,0595703125","9644,830078125","9552,8603515625","9579,48046875","9579,4365234375","1997700"
"2015-05-18T01:00:00.0000000+00:00","9603,75","9612,4404296875","9550,759765625","9606,099609375","9606,0556640625","2154300"
"2015-05-19T01:00:00.0000000+00:00","9623,9501953125","9722,7998046875","9623,9501953125","9716,76953125","9716,724609375","2439000"
"2015-05-20T01:00:00.0000000+00:00","9726,01953125","9736,08984375","9662,8603515625","9685,3095703125","9685,2646484375","2182900"
"2015-05-21T01:00:00.0000000+00:00","9647,5302734375","9647,5302734375","9536,16015625","9578,5595703125","9578,515625","2176000"
"2015-05-22T01:00:00.0000000+00:00","9606,509765625","9674,76953125","9606,509765625","9638,7998046875","9638,755859375","2176100"
"2015-05-25T01:00:00.0000000+00:00","9654,2802734375","9654,2802734375","9589,3203125","9645,169921875","9645,1259765625","1568200"
"2015-05-26T01:00:00.0000000+00:00","9688,3095703125","9724,3603515625","9649,6201171875","9669,41015625","9669,3662109375","1727100"
"2015-05-27T01:00:00.0000000+00:00","9666,8896484375","9710,2900390625","9648,7099609375","9693,5400390625","9693,4951171875","2376600"
"2015-05-28T01:00:00.0000000+00:00","9741,5703125","9766,2099609375","9704,9296875","9712,83984375","9712,794921875","2366200"
"2015-05-29T01:00:00.0000000+00:00","9727,58984375","9747,26953125","9693","9701,0703125","9701,025390625","3159400"
"2015-06-01T01:00:00.0000000+00:00","9688,1298828125","9692,33984375","9589,08984375","9625,6904296875","9625,646484375","1981100"
"2015-06-02T01:00:00.0000000+00:00","9619,8798828125","9657,01953125","9584,5595703125","9614,259765625","9614,2158203125","2134600"
"2015-06-03T01:00:00.0000000+00:00","9617,75","9645,48046875","9550,4404296875","9556,51953125","9556,4765625","2285900"
"2015-06-04T01:00:00.0000000+00:00","9537,08984375","9558,76953125","9325,009765625","9348,6298828125","9348,587890625","2951500"
"2015-06-05T01:00:00.0000000+00:00","9328,01953125","9371,41015625","9272,9404296875","9340,1298828125","9340,087890625","2478600"
"2015-06-08T01:00:00.0000000+00:00","9324,2197265625","9419,2197265625","9258,98046875","9368,4296875","9368,3876953125","2178100"
"2015-06-09T01:00:00.0000000+00:00","9346,1103515625","9363,51953125","9191,8701171875","9191,8701171875","9191,828125","2785900"
"2015-06-10T01:00:00.0000000+00:00","9246,66015625","9334,5","9246,66015625","9298,5","9298,4580078125","2190900"
"2015-06-11T01:00:00.0000000+00:00","9330,990234375","9358,48046875","9251,1796875","9302,490234375","9302,4482421875","2059600"
"2015-06-12T01:00:00.0000000+00:00","9304,75","9339,330078125","9263,41015625","9301,9296875","9301,8876953125","1713100"
"2015-06-15T01:00:00.0000000+00:00","9304,66015625","9324,9404296875","9252,33984375","9259,48046875","9259,4384765625","1595200"
"2015-06-16T01:00:00.0000000+00:00","9272,7001953125","9272,7001953125","9177,9501953125","9212,7802734375","9212,73828125","1737300"
"2015-06-17T01:00:00.0000000+00:00","9232,8095703125","9242,2197265625","9170,08984375","9189,830078125","9189,7880859375","2054200"
"2015-06-18T01:00:00.0000000+00:00","9189,4404296875","9243,83984375","9187,8701171875","9218,3701171875","9218,328125","1959000"
"2015-06-22T01:00:00.0000000+00:00","9247,759765625","9371,48046875","9247,759765625","9341,76953125","9341,7275390625","1993500"
"2015-06-23T01:00:00.0000000+00:00","9375,7802734375","9438,3896484375","9375,7802734375","9391,1396484375","9391,09765625","1944900"
"2015-06-24T01:00:00.0000000+00:00","9390,26953125","9409,4404296875","9364,3798828125","9397,3095703125","9397,267578125","1725600"
"2015-06-25T01:00:00.0000000+00:00","9415,7802734375","9500,5703125","9415,7802734375","9476,33984375","9476,296875","2096500"
"2015-06-26T01:00:00.0000000+00:00","9481,9501953125","9489,91015625","9442,9404296875","9462,5703125","9462,52734375","1584100"
"2015-06-29T01:00:00.0000000+00:00","9358,9599609375","9358,9599609375","9227,1103515625","9236,099609375","9236,0576171875","1867400"
"2015-06-30T01:00:00.0000000+00:00","9223,26953125","9323,01953125","9204,4501953125","9323,01953125","9322,9775390625","1858800"
"2015-07-01T01:00:00.0000000+00:00","9311,759765625","9404,759765625","9298,3603515625","9375,23046875","9375,1884765625","1618400"
"2015-07-02T01:00:00.0000000+00:00","9372,4599609375","9400,6796875","9350,0498046875","9379,240234375","9379,1982421875","1753300"
"2015-07-03T01:00:00.0000000+00:00","9369,5","9369,5","9265,1396484375","9358,23046875","9358,1884765625","1571900"
"2015-07-06T01:00:00.0000000+00:00","9309,8603515625","9347,5400390625","9255,9599609375","9255,9599609375","9255,91796875","1580600"
"2015-07-07T01:00:00.0000000+00:00","9278,330078125","9332,9697265625","9244,4599609375","9250,16015625","9250,1181640625","1872800"
"2015-07-08T01:00:00.0000000+00:00","9225,91015625","9225,91015625","8946,75","8976,1103515625","8976,0693359375","3059900"
"2015-07-09T01:00:00.0000000+00:00","8861,2802734375","8946,240234375","8750,919921875","8914,1298828125","8914,0888671875","2589100"
"2015-07-10T01:00:00.0000000+00:00",,,,,,
"2015-07-13T01:00:00.0000000+00:00","8946,7197265625","9041,8798828125","8946,7197265625","9033,919921875","9033,87890625","2077600"
"2015-07-14T01:00:00.0000000+00:00","9061,580078125","9124,759765625","9041,759765625","9041,759765625","9041,71875","2139300"
"2015-07-15T01:00:00.0000000+00:00","9063,5400390625","9089,4697265625","9005,099609375","9054,2001953125","9054,1591796875","1789400"
"2015-07-16T01:00:00.0000000+00:00","9062,759765625","9085,3095703125","9021,8203125","9042,2099609375","9042,1689453125","1666800"
"2015-07-17T01:00:00.0000000+00:00","9060,919921875","9079,23046875","9018","9045,98046875","9045,939453125","1615500"
"2015-07-20T01:00:00.0000000+00:00","9085","9124,8798828125","8952,6396484375","8975","8974,958984375","1767100"
"2015-07-21T01:00:00.0000000+00:00","8997,5595703125","9010,7099609375","8940,3798828125","9005,9599609375","9005,9189453125","1714600"
"2015-07-22T01:00:00.0000000+00:00","8955,58984375","8968,3896484375","8896,099609375","8918,7001953125","8918,6591796875","1720100"
"2015-07-23T01:00:00.0000000+00:00","8865,3603515625","8895,8798828125","8751,7099609375","8791,1201171875","8791,080078125","2076700"
"2015-07-24T01:00:00.0000000+00:00","8809,650390625","8811,759765625","8733,4296875","8767,8603515625","8767,8203125","1622400"
"2015-07-27T01:00:00.0000000+00:00","8733,240234375","8733,240234375","8553,08984375","8556,6796875","8556,6396484375","2322200"
"2015-07-28T01:00:00.0000000+00:00","8566,419921875","8635,8798828125","8532","8582,490234375","8582,4501953125","2273000"
"2015-07-29T01:00:00.0000000+00:00","8587,7001953125","8619,41015625","8516,23046875","8563,48046875","8563,4404296875","2046200"
"2015-07-30T01:00:00.0000000+00:00","8567,23046875","8697,1796875","8567,23046875","8651,490234375","8651,4501953125","2008700"
"2015-07-31T01:00:00.0000000+00:00","8670,919921875","8676,2900390625","8591,3701171875","8665,33984375","8665,2998046875","2024400"
"2015-08-03T01:00:00.0000000+00:00","8636,5302734375","8636,5302734375","8482,919921875","8524,41015625","8524,3701171875","1822300"
"2015-08-04T01:00:00.0000000+00:00","8538,4404296875","8590,2998046875","8433,919921875","8510,8603515625","8510,8203125","2242500"
"2015-08-05T01:00:00.0000000+00:00","8504,9404296875","8563,009765625","8486,26953125","8542,26953125","8542,2294921875","1849400"
"2015-08-06T01:00:00.0000000+00:00","8564,5498046875","8586,240234375","8404,669921875","8449,5595703125","8449,51953125","1995900"
"2015-08-07T01:00:00.0000000+00:00","8409,009765625","8458,0400390625","8368,400390625","8442,2900390625","8442,25","1654200"
"2015-08-10T01:00:00.0000000+00:00","8410,6298828125","8484,1796875","8374,080078125","8466,83984375","8466,7998046875","1708400"
"2015-08-11T01:00:00.0000000+00:00","8542,1298828125","8586,2197265625","8393,080078125","8394,1396484375","8394,099609375","2176400"
"2015-08-12T01:00:00.0000000+00:00","8365,150390625","8376,58984375","8235,9501953125","8283,3798828125","8283,33984375","2319000"
"2015-08-13T01:00:00.0000000+00:00","8284,9599609375","8348,3896484375","8271,6904296875","8311,740234375","8311,7001953125","2002800"
"2015-08-14T01:00:00.0000000+00:00","8315,1396484375","8343,98046875","8283,349609375","8305,6396484375","8305,599609375","1771200"
"2015-08-17T01:00:00.0000000+00:00","8307,900390625","8308,5400390625","8213,419921875","8213,419921875","8213,3798828125","1730700"
"2015-08-18T01:00:00.0000000+00:00","8237,080078125","8277,2197265625","8166,77001953125","8177,22021484375","8177,1826171875","1910300"
"2015-08-19T01:00:00.0000000+00:00","8182,81005859375","8182,81005859375","7987,56982421875","8021,83984375","8021,80224609375","2562600"
"2015-08-20T01:00:00.0000000+00:00","8008,68017578125","8063,7998046875","7951,72021484375","8029,81005859375","8029,7724609375","2051500"
"2015-08-21T01:00:00.0000000+00:00","7941,9501953125","7941,9501953125","7786,919921875","7786,919921875","7786,88427734375","2548500"
"2015-08-24T01:00:00.0000000+00:00","7719,6298828125","7719,6298828125","7203,06982421875","7410,33984375","7410,3056640625","3913000"
"2015-08-25T01:00:00.0000000+00:00","7427,35986328125","7677,93017578125","7368,47021484375","7675,64013671875","7675,60498046875","3020700"
"2015-08-26T01:00:00.0000000+00:00","7636,1201171875","7762,4501953125","7547,60986328125","7715,58984375","7715,5546875","2504000"
"2015-08-27T01:00:00.0000000+00:00","7762,6298828125","7856,39990234375","7762,6298828125","7824,5498046875","7824,513671875","2625000"
"2015-08-28T01:00:00.0000000+00:00","7923,77001953125","8039,759765625","7923,77001953125","8019,18017578125","8019,142578125","2574100"
"2015-08-31T01:00:00.0000000+00:00","8026,6201171875","8174,919921875","7961,77001953125","8174,919921875","8174,88232421875","2653300"
"2015-09-01T01:00:00.0000000+00:00","8117,5","8119,89990234375","8002,18017578125","8017,56005859375","8017,5224609375","2184600"
"2015-09-02T01:00:00.0000000+00:00","7970,39990234375","8068,06005859375","7907,31005859375","8035,2900390625","8035,25244140625","2197000"
"2015-09-03T01:00:00.0000000+00:00","8071,3701171875","8101,1298828125","8007,47998046875","8095,9501953125","8095,91259765625","2443000"
"2015-09-04T01:00:00.0000000+00:00","8087,6201171875","8128,22998046875","7990,85986328125","8000,60009765625","8000,5625","2329400"
"2015-09-07T01:00:00.0000000+00:00","7990,759765625","8053,2001953125","7957,7998046875","7986,56005859375","7986,5224609375","1496400"
"2015-09-08T01:00:00.0000000+00:00","7993,10009765625","8031,259765625","7978,77978515625","8001,5","8001,46240234375","1503100"
"2015-09-09T01:00:00.0000000+00:00","8097,22021484375","8296,1298828125","8097,22021484375","8286,919921875","8286,8798828125","2746900"
"2015-09-10T01:00:00.0000000+00:00","8247,6396484375","8274,8203125","8214,5","8268,6796875","8268,6396484375","2036300"
"2015-09-11T01:00:00.0000000+00:00","8271,25","8313,1796875","8233,1396484375","8305,8203125","8305,7802734375","1841800"
"2015-09-14T01:00:00.0000000+00:00","8332,5703125","8360,0302734375","8259,3095703125","8307,2900390625","8307,25","1769100"
"2015-09-15T01:00:00.0000000+00:00","8320,2197265625","8327,9501953125","8226,0703125","8259,990234375","8259,9501953125","1622000"
"2015-09-16T01:00:00.0000000+00:00","8298,1298828125","8342,3603515625","8276,9404296875","8333,2900390625","8333,25","1864800"
"2015-09-17T01:00:00.0000000+00:00","8377,3095703125","8467,150390625","8377,3095703125","8445,5","8445,4599609375","2321600"
"2015-09-18T01:00:00.0000000+00:00","8427,51953125","8488,5302734375","8399,7099609375","8462,1396484375","8462,099609375","2296800"
"2015-09-21T01:00:00.0000000+00:00","8404,5","8404,5","8285,4296875","8307,0400390625","8307","1810100"
"2015-09-22T01:00:00.0000000+00:00","8331,4404296875","8365,919921875","8325,7802734375","8365,919921875","8365,8798828125","1758200"
"2015-09-23T01:00:00.0000000+00:00","8310,8203125","8310,8203125","8186,22021484375","8193,419921875","8193,3798828125","1933600"
"2015-09-24T01:00:00.0000000+00:00","8224,23046875","8257,1396484375","8101,89990234375","8123,10009765625","8123,0625","1964900"
"2015-09-25T01:00:00.0000000+00:00","8131,490234375","8152,5","8061,8701171875","8132,35009765625","8132,3125","1654300"
"2015-09-29T01:00:00.0000000+00:00",,,,,,
"2015-09-30T01:00:00.0000000+00:00","8097,14990234375","8181,240234375","8059,68017578125","8181,240234375","8181,20263671875","2283600"
"2015-10-01T01:00:00.0000000+00:00","8194,2998046875","8317,7900390625","8170,77978515625","8295,9404296875","8295,900390625","2108700"
"2015-10-02T01:00:00.0000000+00:00","8290,4296875","8320,66015625","8253,75","8305,0302734375","8304,990234375","1758800"
"2015-10-05T01:00:00.0000000+00:00","8342,990234375","8364,58984375","8316,830078125","8352,3603515625","8352,3203125","1933400"
"2015-10-06T01:00:00.0000000+00:00","8409,3095703125","8482,830078125","8390,8896484375","8394,099609375","8394,0595703125","2193800"
"2015-10-07T01:00:00.0000000+00:00","8398,5302734375","8495,23046875","8385,0400390625","8495,23046875","8495,1904296875","2089300"
"2015-10-08T01:00:00.0000000+00:00","8528,4599609375","8544,9296875","8434,5","8445,9599609375","8445,919921875","1977700"
"2015-10-12T01:00:00.0000000+00:00","8478,33984375","8578,2197265625","8478,33984375","8573,7197265625","8573,6796875","2081500"
"2015-10-13T01:00:00.0000000+00:00","8571,5703125","8574,1103515625","8518,41015625","8567,919921875","8567,8798828125","1877100"
"2015-10-14T01:00:00.0000000+00:00","8545,1396484375","8553,8701171875","8515,5302734375","8522,509765625","8522,4697265625","1941200"
"2015-10-15T01:00:00.0000000+00:00","8573,3798828125","8652,4697265625","8573,3798828125","8601,51953125","8601,4794921875","2055300"
"2015-10-16T01:00:00.0000000+00:00","8596,4296875","8627,830078125","8574,6396484375","8604,9501953125","8604,91015625","2165800"
"2015-10-19T01:00:00.0000000+00:00","8628,7900390625","8670,3203125","8603,080078125","8631,5","8631,4599609375","1765400"
"2015-10-20T01:00:00.0000000+00:00","8651,080078125","8663,1201171875","8618,48046875","8653,599609375","8653,5595703125","1994500"
"2015-10-21T01:00:00.0000000+00:00","8668,080078125","8690,3896484375","8591,419921875","8609,23046875","8609,1904296875","2022800"
"2015-10-22T01:00:00.0000000+00:00","8600,400390625","8631,169921875","8594,2099609375","8608,4599609375","8608,419921875","1675200"
"2015-10-23T01:00:00.0000000+00:00","8671,51953125","8740,080078125","8662,0302734375","8673,8095703125","8673,76953125","1974500"
"2015-10-26T01:00:00.0000000+00:00","8706,8095703125","8757,1396484375","8706,8095703125","8745,3603515625","8745,3203125","1778100"
"2015-10-27T01:00:00.0000000+00:00","8724","8733,5302734375","8662,76953125","8701,3203125","8701,2802734375","1841000"
"2015-10-28T01:00:00.0000000+00:00","8679,240234375","8714,009765625","8632,3798828125","8665,990234375","8665,9501953125","1784700"
"2015-10-29T01:00:00.0000000+00:00","8682,580078125","8704,58984375","8568,1298828125","8571,080078125","8571,0400390625","1985000"
"2015-10-30T01:00:00.0000000+00:00","8578,25","8586,900390625","8503,6904296875","8554,3095703125","8554,26953125","1963300"
"2015-11-02T01:00:00.0000000+00:00","8571,5302734375","8614,76953125","8524,009765625","8614,76953125","8614,7294921875","1570900"
"2015-11-03T01:00:00.0000000+00:00","8643,2099609375","8728,0595703125","8643,2099609375","8713,1904296875","8713,150390625","2018200"
"2015-11-04T01:00:00.0000000+00:00","8759,9404296875","8864,169921875","8754,1796875","8857,01953125","8856,9794921875","2620400"
"2015-11-05T01:00:00.0000000+00:00","8858,73046875","8871,8701171875","8828,0400390625","8850,1796875","8850,1396484375","1999200"
"2015-11-06T01:00:00.0000000+00:00","8857,6103515625","8857,6103515625","8671,8896484375","8693,5703125","8693,5302734375","2240500"
"2015-11-09T01:00:00.0000000+00:00","8702,669921875","8746,2802734375","8623,7001953125","8642,48046875","8642,4404296875","1754100"
"2015-11-10T01:00:00.0000000+00:00","8614,5498046875","8614,5498046875","8529,5400390625","8536,900390625","8536,8603515625","1703500"
"2015-11-11T01:00:00.0000000+00:00","8543,6298828125","8557,6904296875","8415,009765625","8415,009765625","8414,9697265625","1930600"
"2015-11-12T01:00:00.0000000+00:00","8426,759765625","8467,3095703125","8374,0703125","8428,08984375","8428,0498046875","1541900"
"2015-11-13T01:00:00.0000000+00:00","8402,1103515625","8453,0400390625","8329,5","8329,5","8329,4599609375","1693800"
"2015-11-16T01:00:00.0000000+00:00","8278,1201171875","8312,0595703125","8217,33984375","8295,400390625","8295,3603515625","1820000"
"2015-11-17T01:00:00.0000000+00:00","8369,1396484375","8471,8896484375","8369,1396484375","8419,419921875","8419,3798828125","1799600"
"2015-11-18T01:00:00.0000000+00:00","8432,25","8455,1396484375","8326,7197265625","8340,4697265625","8340,4296875","1761600"
"2015-11-19T01:00:00.0000000+00:00","8382,08984375","8477,2001953125","8357,2001953125","8477,2001953125","8477,16015625","1792800"
"2015-11-20T01:00:00.0000000+00:00","8472,650390625","8484,0595703125","8434,330078125","8465,4501953125","8465,41015625","1579100"
"2015-11-23T01:00:00.0000000+00:00","8480,58984375","8503,080078125","8450,009765625","8485,73046875","8485,6904296875","1530200"
"2015-11-24T01:00:00.0000000+00:00","8472,240234375","8497,830078125","8397,4404296875","8400,1396484375","8400,099609375","1630600"
"2015-11-25T01:00:00.0000000+00:00","8407,5400390625","8426,6201171875","8352,169921875","8386,1298828125","8386,08984375","1693600"
"2015-11-26T01:00:00.0000000+00:00","8411,16015625","8510,7001953125","8411,16015625","8484,900390625","8484,8603515625","1659700"
"2015-11-27T01:00:00.0000000+00:00","8493,1796875","8505,080078125","8397,490234375","8398,400390625","8398,3603515625","1419800"
"2015-11-30T01:00:00.0000000+00:00","8339,830078125","8339,830078125","8239","8320,6103515625","8320,5703125","3289700"
"2015-12-01T01:00:00.0000000+00:00","8359,26953125","8463,2998046875","8339,5","8463,2998046875","8463,259765625","1974700"
"2015-12-02T01:00:00.0000000+00:00","8475,9599609375","8497,1904296875","8441,2802734375","8457,400390625","8457,3603515625","1939900"
"2015-12-03T01:00:00.0000000+00:00","8424,5400390625","8484,51953125","8393,2900390625","8456,0595703125","8456,01953125","1826900"
"2015-12-04T01:00:00.0000000+00:00","8423,7001953125","8423,7001953125","8355,75","8398,599609375","8398,5595703125","1789400"
"2015-12-07T01:00:00.0000000+00:00","8432,4697265625","8535,3603515625","8432,4697265625","8454,26953125","8454,2294921875","1799000"
"2015-12-08T01:00:00.0000000+00:00","8442,0595703125","8453,6298828125","8335,669921875","8343,8603515625","8343,8203125","2054400"
"2015-12-09T01:00:00.0000000+00:00","8329,8603515625","8343,3701171875","8229,6201171875","8229,6201171875","8229,580078125","2149800"
"2015-12-10T01:00:00.0000000+00:00","8214,26953125","8228,4296875","8133,419921875","8216,169921875","8216,1298828125","2110400"
"2015-12-11T01:00:00.0000000+00:00","8217,330078125","8253,1103515625","8108,68017578125","8115,89013671875","8115,8525390625","2056200"
"2015-12-14T01:00:00.0000000+00:00","8058,669921875","8068,97998046875","7980,58984375","8040,16015625","8040,12255859375","1808300"
"2015-12-15T01:00:00.0000000+00:00","8074,47998046875","8140,06005859375","8073,35009765625","8073,35009765625","8073,3125","1674400"
"2015-12-16T01:00:00.0000000+00:00","8144,02978515625","8204,2001953125","8121,06005859375","8184,66015625","8184,62255859375","1987800"
"2015-12-17T01:00:00.0000000+00:00","8214,6201171875","8319,669921875","8214,6201171875","8319,669921875","8319,6298828125","2194700"
"2015-12-18T01:00:00.0000000+00:00","8272,41015625","8317,48046875","8241,3203125","8257,3203125","8257,2802734375","1959000"
"2015-12-21T01:00:00.0000000+00:00","8228,0498046875","8289,58984375","8191,52978515625","8282,169921875","8282,1298828125","2161800"
"2015-12-22T01:00:00.0000000+00:00","8283,0302734375","8316,4404296875","8261,7197265625","8292,740234375","8292,7001953125","1832100"
"2015-12-23T01:00:00.0000000+00:00","8296,580078125","8359,25","8296,580078125","8315,7001953125","8315,66015625","1938800"
"2015-12-24T01:00:00.0000000+00:00","8351,2001953125","8393,41015625","8324,3603515625","8324,3603515625","8324,3203125","1710600"
"2015-12-25T01:00:00.0000000+00:00","8328,9404296875","8364,2998046875","8320,099609375","8363,2802734375","8363,240234375","1236500"
"2015-12-28T01:00:00.0000000+00:00","8374,1796875","8394,599609375","8358,490234375","8358,490234375","8358,4501953125","1219000"
"2015-12-29T01:00:00.0000000+00:00","8349,26953125","8351,16015625","8286,83984375","8293,91015625","8293,8701171875","1186200"
"2015-12-30T01:00:00.0000000+00:00","8313,3701171875","8342,33984375","8262,51953125","8279,990234375","8279,9501953125","1300600"
"2015-12-31T01:00:00.0000000+00:00","8273,76953125","8338,0595703125","8258,73046875","8338,0595703125","8338,01953125","1191500"
"2016-01-04T01:00:00.0000000+00:00","8315,7900390625","8326,330078125","8109,08984375","8114,259765625","8114,22216796875","1717400"
"2016-01-05T01:00:00.0000000+00:00","8105","8142,64013671875","8055,9599609375","8075,10986328125","8075,072265625","1710600"
"2016-01-06T01:00:00.0000000+00:00","8064,25","8076,5400390625","7948,43017578125","7990,39013671875","7990,3525390625","2040600"
"2016-01-07T01:00:00.0000000+00:00","7963,240234375","7980,5","7770,16015625","7852,06005859375","7852,0234375","2544700"
"2016-01-08T01:00:00.0000000+00:00","7811,2001953125","7906,5498046875","7788,7099609375","7893,97021484375","7893,93310546875","1875700"
"2016-01-11T01:00:00.0000000+00:00","7855,7998046875","7855,7998046875","7726,22021484375","7788,419921875","7788,38427734375","1949300"
"2016-01-12T01:00:00.0000000+00:00","7807,93017578125","7851,81005859375","7732,10986328125","7768,4501953125","7768,41455078125","2027700"
"2016-01-13T01:00:00.0000000+00:00","7799,56005859375","7865,97998046875","7786,330078125","7824,60986328125","7824,57373046875","1698800"
"2016-01-14T01:00:00.0000000+00:00","7752,08984375","7752,08984375","7662,33984375","7742,8798828125","7742,84423828125","1809100"
"2016-01-15T01:00:00.0000000+00:00","7809","7842,33984375","7708,66015625","7762,009765625","7761,97412109375","1991800"
"2016-01-18T01:00:00.0000000+00:00","7678,669921875","7834,25","7627,89013671875","7811,18017578125","7811,14453125","1942500"
"2016-01-19T01:00:00.0000000+00:00","7816,4501953125","7854,8798828125","7786,77001953125","7854,8798828125","7854,84326171875","1581200"
"2016-01-20T01:00:00.0000000+00:00","7835,169921875","7835,169921875","7687,60009765625","7699,1201171875","7699,0849609375","2046500"
"2016-01-21T01:00:00.0000000+00:00","7713,169921875","7748,3701171875","7664,009765625","7664,009765625","7663,974609375","1763600"
"2016-01-22T01:00:00.0000000+00:00","7729,009765625","7774,1201171875","7706,14013671875","7756,18017578125","7756,14453125","1637300"
"2016-01-25T01:00:00.0000000+00:00","7813,72998046875","7899,66015625","7813,72998046875","7894,14990234375","7894,11279296875","1623500"
"2016-01-26T01:00:00.0000000+00:00","7832,10009765625","7848,6298828125","7799,580078125","7828,669921875","7828,6337890625","1524700"
"2016-01-27T01:00:00.0000000+00:00","7863,66015625","7888,6298828125","7830,330078125","7849,830078125","7849,7939453125","1478800"
"2016-01-28T01:00:00.0000000+00:00","7825,22021484375","7921,06005859375","7821,1201171875","7905,10009765625","7905,06298828125","1830200"
"2016-01-29T01:00:00.0000000+00:00","7880,77978515625","8080,60009765625","7876,81982421875","8080,60009765625","8080,5625","2552200"
"2016-01-30T01:00:00.0000000+00:00",,,,,,
"2016-02-01T01:00:00.0000000+00:00","8164,240234375","8166,7998046875","8110,8701171875","8156,9599609375","8156,92236328125","1818300"
"2016-02-02T01:00:00.0000000+00:00","8141,52001953125","8156,25","8091,14013671875","8131,240234375","8131,20263671875","1768200"
"2016-02-03T01:00:00.0000000+00:00","8117,22021484375","8117,22021484375","8036,60009765625","8063","8062,96533203125","1781300"
"2016-02-15T01:00:00.0000000+00:00","7976,64990234375","8074,7998046875","7953,990234375","8066,509765625","8066,484375","1935700"
"2016-02-16T01:00:00.0000000+00:00","8090,91015625","8227,1904296875","8090,91015625","8212,0703125","8212,04296875","2009100"
"2016-02-17T01:00:00.0000000+00:00","8240,73046875","8253,7998046875","8196,1298828125","8214,25","8214,22265625","1847300"
"2016-02-18T01:00:00.0000000+00:00","8261,740234375","8337,9697265625","8261,740234375","8314,669921875","8314,642578125","2044500"
"2016-02-19T01:00:00.0000000+00:00","8291,830078125","8325,0400390625","8280,3896484375","8325,0400390625","8325,0126953125","1715700"
"2016-02-22T01:00:00.0000000+00:00","8315,7900390625","8396,6201171875","8296,1796875","8326,6796875","8326,65234375","1697400"
"2016-02-23T01:00:00.0000000+00:00","8333,58984375","8361,7900390625","8311,9404296875","8334,6396484375","8334,6123046875","1849900"
"2016-02-24T01:00:00.0000000+00:00","8332,66015625","8382,25","8264,3896484375","8282,8603515625","8282,8330078125","1825000"
"2016-02-25T01:00:00.0000000+00:00","8304,1796875","8388,6298828125","8304,1796875","8365,8603515625","8365,8330078125","2028600"
"2016-02-26T01:00:00.0000000+00:00","8380,5302734375","8432,740234375","8347,7998046875","8411,16015625","8411,1328125","1967500"
"2016-03-01T01:00:00.0000000+00:00","8381,3798828125","8489,009765625","8378,0595703125","8485,6904296875","8485,6630859375","1945500"
"2016-03-02T01:00:00.0000000+00:00","8544,66015625","8586,25","8540,169921875","8544,0498046875","8544,0224609375","2308200"
"2016-03-03T01:00:00.0000000+00:00","8569,0498046875","8630,76953125","8561,740234375","8611,7900390625","8611,7626953125","2574500"
"2016-03-04T01:00:00.0000000+00:00","8611,3701171875","8648,9404296875","8584,0595703125","8643,5498046875","8643,5224609375","2396100"
"2016-03-07T01:00:00.0000000+00:00","8656,740234375","8727,8798828125","8632,2099609375","8659,5498046875","8659,5224609375","2424900"
"2016-03-08T01:00:00.0000000+00:00","8655,8603515625","8668,509765625","8575,7001953125","8664,3095703125","8664,2822265625","2643600"
"2016-03-09T01:00:00.0000000+00:00","8649,099609375","8657,169921875","8588,41015625","8634,1103515625","8634,0830078125","2198200"
"2016-03-10T01:00:00.0000000+00:00","8633,66015625","8680,4296875","8614,9697265625","8660,7001953125","8660,6728515625","2165700"
"2016-03-11T01:00:00.0000000+00:00","8663,2900390625","8707,9697265625","8640,9599609375","8706,1396484375","8706,1123046875","2073100"
"2016-03-14T01:00:00.0000000+00:00","8746,48046875","8777,0498046875","8739,5703125","8747,900390625","8747,873046875","2236200"
"2016-03-15T01:00:00.0000000+00:00","8745,5703125","8759,9404296875","8589,41015625","8611,1796875","8611,15234375","2606100"
"2016-03-16T01:00:00.0000000+00:00","8637,6298828125","8699,1396484375","8637,6298828125","8699,1396484375","8699,1123046875","1985300"
"2016-03-17T01:00:00.0000000+00:00","8763,509765625","8826,83984375","8716,8798828125","8734,5400390625","8734,5126953125","2375000"
"2016-03-18T01:00:00.0000000+00:00","8747,0498046875","8810,7099609375","8747,0498046875","8810,7099609375","8810,6826171875","2473700"
"2016-03-21T01:00:00.0000000+00:00","8826,16015625","8840,75","8747,58984375","8812,7001953125","8812,6728515625","1740400"
"2016-03-22T01:00:00.0000000+00:00","8806,01953125","8814,3701171875","8713,240234375","8785,6796875","8785,65234375","1884200"
"2016-03-23T01:00:00.0000000+00:00","8777,8798828125","8814,5","8734,5498046875","8766,08984375","8766,0625","1743000"
"2016-03-24T01:00:00.0000000+00:00","8745,419921875","8765,9599609375","8676,8701171875","8743,3798828125","8743,3525390625","1753200"
"2016-03-25T01:00:00.0000000+00:00","8758,1396484375","8765,6201171875","8699,8896484375","8704,9697265625","8704,9423828125","1484000"
"2016-03-28T01:00:00.0000000+00:00","8713,7197265625","8737,8603515625","8676,0302734375","8690,4501953125","8690,4228515625","1609600"
"2016-03-29T01:00:00.0000000+00:00","8687,0595703125","8711,1103515625","8585,7099609375","8617,349609375","8617,322265625","1903600"
"2016-03-30T01:00:00.0000000+00:00","8624,9296875","8744,4697265625","8624,9296875","8737,0400390625","8737,0126953125","1920800"
"2016-03-31T01:00:00.0000000+00:00","8757,2197265625","8803,91015625","8695,080078125","8744,830078125","8744,802734375","2006100"
"2016-04-01T01:00:00.0000000+00:00","8700,3798828125","8704,5302734375","8628,9404296875","8657,5498046875","8657,5224609375","1542800"
"2016-04-06T01:00:00.0000000+00:00","8605,16015625","8605,16015625","8496,8896484375","8513,2998046875","8513,2724609375","2018500"
"2016-04-07T01:00:00.0000000+00:00","8523,25","8529,4404296875","8436,5400390625","8490,25","8490,22265625","1783400"
"2016-04-08T01:00:00.0000000+00:00","8464,7802734375","8546,3095703125","8452,0498046875","8541,5","8541,47265625","1796500"
"2016-04-11T01:00:00.0000000+00:00","8518,9599609375","8568,4404296875","8476,5703125","8562,58984375","8562,5625","1435100"
"2016-04-12T01:00:00.0000000+00:00","8561,2099609375","8613,5595703125","8520,1396484375","8531,1796875","8531,15234375","1695400"
"2016-04-13T01:00:00.0000000+00:00","8562,7900390625","8653,080078125","8561,900390625","8652,080078125","8652,052734375","1698200"
"2016-04-14T01:00:00.0000000+00:00","8684,9296875","8719,150390625","8653,83984375","8667,7099609375","8667,6826171875","1742000"
"2016-04-15T01:00:00.0000000+00:00","8634,23046875","8700,3896484375","8613,25","8700,3896484375","8700,3623046875","1565500"
"2016-04-18T01:00:00.0000000+00:00","8681,7998046875","8686,98046875","8650,1298828125","8666,009765625","8665,982421875","1311400"
"2016-04-19T01:00:00.0000000+00:00","8701,75","8743,349609375","8627,2900390625","8633,7197265625","8633,6923828125","1525800"
"2016-04-20T01:00:00.0000000+00:00","8649,08984375","8695,2197265625","8502,5498046875","8514,48046875","8514,453125","1800900"
"2016-04-21T01:00:00.0000000+00:00","8549,1396484375","8568,650390625","8508,919921875","8568,650390625","8568,623046875","1397500"
"2016-04-22T01:00:00.0000000+00:00","8560,2099609375","8580,330078125","8501,0302734375","8535,75","8535,72265625","1593200"
"2016-04-25T01:00:00.0000000+00:00","8541,1396484375","8560,2802734375","8513,73046875","8560,2802734375","8560,2529296875","1113800"
"2016-04-26T01:00:00.0000000+00:00","8556,3701171875","8622,419921875","8554,5498046875","8581,5703125","8581,54296875","1291300"
"2016-04-27T01:00:00.0000000+00:00","8561,3701171875","8597,6396484375","8537,0302734375","8563,0498046875","8563,0224609375","1429000"
"2016-04-28T01:00:00.0000000+00:00","8586,919921875","8595,990234375","8456,3798828125","8473,8701171875","8473,8427734375","1614700"
"2016-04-29T01:00:00.0000000+00:00","8424,0400390625","8424,0400390625","8352,23046875","8377,900390625","8377,873046875","1575700"
"2016-05-03T01:00:00.0000000+00:00","8362,349609375","8363,58984375","8268,41015625","8294,1201171875","8294,0927734375","1644000"
"2016-05-04T01:00:00.0000000+00:00","8282,51953125","8285,9599609375","8153,56982421875","8185,47021484375","8185,44482421875","1801400"
"2016-05-05T01:00:00.0000000+00:00","8182,0498046875","8207,98046875","8122,33984375","8167,9599609375","8167,9345703125","1609100"
"2016-05-06T01:00:00.0000000+00:00","8169,5400390625","8170,68017578125","8104,16015625","8146,43017578125","8146,40478515625","1678500"
"2016-05-09T01:00:00.0000000+00:00","8156,64990234375","8177,35986328125","8106,1298828125","8131,830078125","8131,8046875","1365700"
"2016-05-10T01:00:00.0000000+00:00","8119,7099609375","8168,1298828125","8075,580078125","8156,2900390625","8156,2646484375","1320800"
"2016-05-11T01:00:00.0000000+00:00","8182,919921875","8204,509765625","8115,43994140625","8135,56005859375","8135,53466796875","1584800"
"2016-05-12T01:00:00.0000000+00:00","8122,77978515625","8162,43994140625","8105,490234375","8108,0498046875","8108,0244140625","1359700"
"2016-05-13T01:00:00.0000000+00:00","8095,93017578125","8095,93017578125","7999,97998046875","8053,68994140625","8053,66455078125","2020700"
"2016-05-16T01:00:00.0000000+00:00","8035,2099609375","8091,47998046875","8003,93017578125","8067,60009765625","8067,57470703125","1449600"
"2016-05-17T01:00:00.0000000+00:00","8081,89013671875","8151,2001953125","8047,31005859375","8140,47998046875","8140,45458984375","1500000"
"2016-05-18T01:00:00.0000000+00:00","8115,60986328125","8159,68017578125","8061,259765625","8159,68017578125","8159,65478515625","1482200"
"2016-05-19T01:00:00.0000000+00:00","8159,93017578125","8166,9599609375","8067,330078125","8095,97998046875","8095,95458984375","1377200"
"2016-05-20T01:00:00.0000000+00:00","8108,68017578125","8165,97998046875","8080,64990234375","8131,259765625","8131,234375","1228000"
"2016-05-23T01:00:00.0000000+00:00","8150,3798828125","8356,9599609375","8119,7099609375","8344,4404296875","8344,4130859375","1882300"
"2016-05-24T01:00:00.0000000+00:00","8329,6904296875","8354,6201171875","8298","8300,66015625","8300,6328125","1382700"
"2016-05-25T01:00:00.0000000+00:00","8352,83984375","8417,26953125","8352,83984375","8396,2001953125","8396,1728515625","1675500"
"2016-05-26T01:00:00.0000000+00:00","8400,8896484375","8410,740234375","8376,599609375","8394,1201171875","8394,0927734375","1328900"
"2016-05-27T01:00:00.0000000+00:00","8415,58984375","8463,6103515625","8415,58984375","8463,6103515625","8463,5830078125","1546200"
"2016-05-30T01:00:00.0000000+00:00","8476,6201171875","8563,400390625","8462,150390625","8535,8701171875","8535,8427734375","1612400"
"2016-05-31T01:00:00.0000000+00:00","8532,2099609375","8545,73046875","8488,900390625","8535,58984375","8535,5625","2368300"
"2016-06-01T01:00:00.0000000+00:00","8516,080078125","8603,6298828125","8514,1201171875","8597,16015625","8597,1328125","1713400"
"2016-06-02T01:00:00.0000000+00:00","8598,4697265625","8635,0302734375","8553,5400390625","8556,01953125","8555,9921875","1713200"
"2016-06-03T01:00:00.0000000+00:00","8565,1796875","8601,0498046875","8559,76953125","8587,3603515625","8587,3330078125","1446300"
"2016-06-04T01:00:00.0000000+00:00",,,,,,
"2016-06-06T01:00:00.0000000+00:00","8605,150390625","8664,1201171875","8557,6796875","8597,1103515625","8597,0830078125","1253900"
"2016-06-07T01:00:00.0000000+00:00","8622,2099609375","8692,73046875","8621,4599609375","8679,900390625","8679,873046875","1653300"
"2016-06-08T01:00:00.0000000+00:00","8704,66015625","8754,8203125","8690,58984375","8715,48046875","8715,453125","1745300"
"2016-06-13T01:00:00.0000000+00:00","8634,240234375","8634,240234375","8520,2099609375","8536,2197265625","8536,19921875","1795700"
"2016-06-14T01:00:00.0000000+00:00","8513,509765625","8577,3095703125","8503,419921875","8576,1201171875","8576,099609375","1324500"
"2016-06-15T01:00:00.0000000+00:00","8566,4296875","8608,2900390625","8524,5498046875","8606,3701171875","8606,349609375","1631200"
"2016-06-16T01:00:00.0000000+00:00","8583,1904296875","8584,669921875","8476,83984375","8494,1396484375","8494,119140625","1614200"
"2016-06-17T01:00:00.0000000+00:00","8538,2802734375","8607,16015625","8538,2802734375","8568,080078125","8568,0595703125","1676500"
"2016-06-20T01:00:00.0000000+00:00","8612,259765625","8642,150390625","8604,8095703125","8625,919921875","8625,8994140625","1441600"
"2016-06-21T01:00:00.0000000+00:00","8633,2099609375","8684,849609375","8627,400390625","8684,849609375","8684,8291015625","1522900"
"2016-06-22T01:00:00.0000000+00:00","8675,1201171875","8716,25","8653,0400390625","8716,25","8716,2294921875","1616300"
"2016-06-23T01:00:00.0000000+00:00","8706,080078125","8711,2099609375","8662,7802734375","8676,6796875","8676,6591796875","1277400"
"2016-06-24T01:00:00.0000000+00:00","8684,5302734375","8691,2998046875","8374,259765625","8476,990234375","8476,9697265625","2544000"
"2016-06-27T01:00:00.0000000+00:00","8406,2900390625","8468,66015625","8386,26953125","8458,8701171875","8458,849609375","1349900"
"2016-06-28T01:00:00.0000000+00:00","8438,759765625","8505,509765625","8396,009765625","8505,509765625","8505,4892578125","1527200"
"2016-06-29T01:00:00.0000000+00:00","8530,3701171875","8609,23046875","8530,3701171875","8586,5595703125","8586,5390625","1952800"
"2016-06-30T01:00:00.0000000+00:00","8615,4599609375","8666,580078125","8583,76953125","8666,580078125","8666,5595703125","2157300"
"2016-07-01T01:00:00.0000000+00:00","8692,48046875","8755,6201171875","8680,5302734375","8738,240234375","8738,2197265625","1877900"
"2016-07-04T01:00:00.0000000+00:00","8728,3203125","8782,3798828125","8712,1201171875","8760,580078125","8760,5595703125","1488300"
"2016-07-05T01:00:00.0000000+00:00","8738,41015625","8747,0595703125","8693,759765625","8716,0703125","8716,0498046875","1539800"
"2016-07-06T01:00:00.0000000+00:00","8673,5302734375","8673,5302734375","8569,150390625","8575,75","8575,7294921875","1803000"
"2016-07-07T01:00:00.0000000+00:00","8605,3798828125","8653,7001953125","8605,3798828125","8640,91015625","8640,8896484375","1591200"
"2016-07-08T01:00:00.0000000+00:00","8605,3798828125","8653,7001953125","8605,3798828125","8640,91015625","8640,8896484375","1591200"
"2016-07-11T01:00:00.0000000+00:00","8728,23046875","8795,7998046875","8728,23046875","8786,4697265625","8786,44921875","2165600"
"2016-07-12T01:00:00.0000000+00:00","8794,73046875","8841,4599609375","8794,2998046875","8841,4599609375","8841,439453125","1993200"
"2016-07-13T01:00:00.0000000+00:00","8847,0400390625","8865,419921875","8800,169921875","8857,75","8857,7294921875","2219500"
"2016-07-14T01:00:00.0000000+00:00","8837,759765625","8877,3095703125","8818,259765625","8866,3603515625","8866,33984375","2035000"
"2016-07-15T01:00:00.0000000+00:00","8857,150390625","8949,849609375","8857,150390625","8949,849609375","8949,828125","2268200"
"2016-07-18T01:00:00.0000000+00:00","8952,6103515625","9008,2099609375","8952,6103515625","9008,2099609375","9008,1884765625","2099900"
"2016-07-19T01:00:00.0000000+00:00","9018,7998046875","9034,8701171875","8972,830078125","9034,8701171875","9034,8486328125","2370800"
"2016-07-20T01:00:00.0000000+00:00","9013,51953125","9034,1298828125","8969,1904296875","9007,6796875","9007,658203125","2140900"
"2016-07-21T01:00:00.0000000+00:00","9010,2197265625","9075,8896484375","9009,7900390625","9056,5595703125","9056,5380859375","2658600"
"2016-07-22T01:00:00.0000000+00:00","9055,169921875","9060,150390625","9004,240234375","9013,1396484375","9013,1181640625","2094400"
"2016-07-25T01:00:00.0000000+00:00","9030,3603515625","9085,91015625","8916,0498046875","8991,669921875","8991,6484375","1980900"
"2016-07-26T01:00:00.0000000+00:00","8983,5498046875","9024,7900390625","8960,48046875","9024,7900390625","9024,7685546875","1792500"
"2016-07-27T01:00:00.0000000+00:00","9058,1904296875","9084,900390625","9042,1396484375","9063,3896484375","9063,3681640625","2133200"
"2016-07-28T01:00:00.0000000+00:00","9060,48046875","9081,400390625","9015,349609375","9076,6396484375","9076,6181640625","2369500"
"2016-07-29T01:00:00.0000000+00:00","9066,3701171875","9071,509765625","8984,41015625","8984,41015625","8984,388671875","1899200"
"2016-08-01T01:00:00.0000000+00:00","9008,740234375","9080,7099609375","9008,740234375","9080,7099609375","9080,6884765625","1830200"
"2016-08-02T01:00:00.0000000+00:00","9081,0595703125","9086,419921875","9052,7099609375","9068,759765625","9068,73828125","1733700"
"2016-08-03T01:00:00.0000000+00:00","9000,8203125","9033,9501953125","8948,400390625","9001,7099609375","9001,6884765625","1685800"
"2016-08-04T01:00:00.0000000+00:00","9009,2900390625","9035,25","8972,3095703125","9024,7099609375","9024,6884765625","1640000"
"2016-08-05T01:00:00.0000000+00:00","9025,759765625","9101,7099609375","9023,23046875","9092,1201171875","9092,0986328125","1959600"
"2016-08-08T01:00:00.0000000+00:00","9123,0703125","9153,990234375","9104,4296875","9150,259765625","9150,23828125","1891100"
"2016-08-09T01:00:00.0000000+00:00","9154","9168,33984375","9127,6298828125","9155,080078125","9155,05859375","1911500"
"2016-08-10T01:00:00.0000000+00:00","9160,9404296875","9200,419921875","9131,6298828125","9200,419921875","9200,3984375","2158200"
"2016-08-11T01:00:00.0000000+00:00","9168,7001953125","9187,1796875","9063,8095703125","9131,830078125","9131,80859375","2218600"
"2016-08-12T01:00:00.0000000+00:00","9135,33984375","9173,7197265625","9135,33984375","9150,3896484375","9150,3681640625","1924700"
"2016-08-15T01:00:00.0000000+00:00","9152,3603515625","9162,01953125","9117,259765625","9148,509765625","9148,48828125","1666600"
"2016-08-16T01:00:00.0000000+00:00","9146,08984375","9165,580078125","9082,33984375","9110,3603515625","9110,3388671875","1762700"
"2016-08-17T01:00:00.0000000+00:00","9121,1796875","9133,0703125","9073,26953125","9117,7001953125","9117,6787109375","1704800"
"2016-08-18T01:00:00.0000000+00:00","9104,8798828125","9128,7998046875","9093,509765625","9122,5","9122,478515625","1779500"
"2016-08-19T01:00:00.0000000+00:00","9139,6904296875","9175,1298828125","9034,26953125","9034,26953125","9034,248046875","1966900"
"2016-08-22T01:00:00.0000000+00:00","9004,6796875","9012,7197265625","8928,330078125","8981,8095703125","8981,7880859375","1680100"
"2016-08-23T01:00:00.0000000+00:00","8987,0703125","9046,2998046875","8986,759765625","9030,9296875","9030,908203125","1606000"
"2016-08-24T01:00:00.0000000+00:00","9043,1298828125","9054,759765625","9016,3896484375","9017,3798828125","9017,3583984375","1538600"
"2016-08-25T01:00:00.0000000+00:00","9034,4697265625","9115,4697265625","9031,33984375","9115,4697265625","9115,4482421875","1843600"
"2016-08-26T01:00:00.0000000+00:00","9097,01953125","9131,7197265625","9092,080078125","9131,7197265625","9131,6982421875","1535600"
"2016-08-29T01:00:00.0000000+00:00","9117,5302734375","9136,419921875","9027,349609375","9110,169921875","9110,1484375","1604400"
"2016-08-30T01:00:00.0000000+00:00","9113,33984375","9134,3701171875","9093,8701171875","9110,5595703125","9110,5380859375","1631700"
"2016-08-31T01:00:00.0000000+00:00","9122,1904296875","9130,759765625","9044,5","9068,849609375","9068,8291015625","2149900"
"2016-09-01T01:00:00.0000000+00:00","9055,73046875","9069,1298828125","8980,2099609375","9001,150390625","9001,1298828125","1891700"
"2016-09-02T01:00:00.0000000+00:00","9015,6298828125","9038,48046875","8958,8095703125","8987,5498046875","8987,529296875","1968000"
"2016-09-05T01:00:00.0000000+00:00","9032,3798828125","9100,0498046875","9032,3798828125","9090,1298828125","9090,109375","1467300"
"2016-09-06T01:00:00.0000000+00:00","9102,830078125","9181,849609375","9098,599609375","9181,849609375","9181,8291015625","1709300"
"2016-09-07T01:00:00.0000000+00:00","9202,23046875","9278,8798828125","9202,23046875","9259,0703125","9259,0498046875","1969500"
"2016-09-08T01:00:00.0000000+00:00","9241,9501953125","9273,5703125","9224,8896484375","9262,8896484375","9262,869140625","1860000"
"2016-09-09T01:00:00.0000000+00:00","9217,3701171875","9217,3701171875","9142,1298828125","9164,8798828125","9164,859375","1587900"
"2016-09-10T01:00:00.0000000+00:00",,,,,,
"2016-09-12T01:00:00.0000000+00:00","9031,509765625","9031,509765625","8947,0595703125","8947,0595703125","8947,0390625","1673200"
"2016-09-13T01:00:00.0000000+00:00","8983,9501953125","9014,75","8885,5498046875","8940,830078125","8940,8095703125","1797200"
"2016-09-14T01:00:00.0000000+00:00","8913,1103515625","8965,3203125","8895,849609375","8902,2998046875","8902,279296875","1755900"
"2016-09-19T01:00:00.0000000+00:00","9003,41015625","9155,3798828125","9003,41015625","9152,8798828125","9152,859375","1678200"
"2016-09-20T01:00:00.0000000+00:00","9141,2099609375","9173,4599609375","9130,900390625","9161,580078125","9161,5595703125","1425100"
"2016-09-21T01:00:00.0000000+00:00","9141,919921875","9228,5","9133,16015625","9228,5","9228,4794921875","1624800"
"2016-09-22T01:00:00.0000000+00:00","9265,2802734375","9290,759765625","9207,41015625","9235,259765625","9235,2392578125","1489300"
"2016-09-23T01:00:00.0000000+00:00","9240,25","9284,6201171875","9228,66015625","9284,6201171875","9284,599609375","1566400"
"2016-09-26T01:00:00.0000000+00:00","9229,33984375","9229,33984375","9189,490234375","9194,51953125","9194,4990234375","1242800"
"2016-09-27T01:00:00.0000000+00:00",,,,,,
"2016-09-28T01:00:00.0000000+00:00",,,,,,
"2016-09-29T01:00:00.0000000+00:00","9241,6103515625","9303,1298828125","9238,490234375","9270,900390625","9270,8798828125","1843300"
"2016-09-30T01:00:00.0000000+00:00","9240,4404296875","9240,650390625","9160,91015625","9166,849609375","9166,8291015625","1606100"
"2016-10-03T01:00:00.0000000+00:00","9219,51953125","9256,580078125","9212,3798828125","9234,2001953125","9234,1796875","1379500"
"2016-10-04T01:00:00.0000000+00:00","9228,66015625","9287,76953125","9224,4501953125","9287,76953125","9287,7490234375","1396600"
"2016-10-05T01:00:00.0000000+00:00","9260,6904296875","9276,1298828125","9244,41015625","9272,2802734375","9272,259765625","1339700"
"2016-10-06T01:00:00.0000000+00:00","9263,400390625","9284,3095703125","9242,830078125","9284,3095703125","9284,2890625","1405800"
"2016-10-07T01:00:00.0000000+00:00","9289,66015625","9289,9501953125","9249,0595703125","9265,8095703125","9265,7890625","1501300"
"2016-10-11T01:00:00.0000000+00:00","9311,7900390625","9327,7099609375","9167,7197265625","9219,8203125","9219,7998046875","2070400"
"2016-10-12T01:00:00.0000000+00:00","9201,5498046875","9258,6904296875","9166,580078125","9252,599609375","9252,5791015625","1385400"
"2016-10-13T01:00:00.0000000+00:00","9268,2197265625","9285,0498046875","9187,7802734375","9219,169921875","9219,1494140625","1523400"
"2016-10-14T01:00:00.0000000+00:00","9198,259765625","9216,6298828125","9149,8701171875","9165,169921875","9165,1494140625","1479500"
"2016-10-17T01:00:00.0000000+00:00","9150,669921875","9182,669921875","9074,990234375","9176,2197265625","9176,19921875","1260400"
"2016-10-18T01:00:00.0000000+00:00","9175,0703125","9222,580078125","9157,400390625","9222,580078125","9222,5595703125","1276700"
"2016-10-19T01:00:00.0000000+00:00","9227,98046875","9298,8701171875","9226,4599609375","9283,990234375","9283,9697265625","1506800"
"2016-10-20T01:00:00.0000000+00:00","9288,490234375","9331,8896484375","9279,150390625","9317,240234375","9317,2197265625","1631700"
"2016-10-21T01:00:00.0000000+00:00","9322,5498046875","9348,08984375","9292,5302734375","9306,5703125","9306,5498046875","1895600"
"2016-10-24T01:00:00.0000000+00:00","9333,9404296875","9343,5703125","9308,5302734375","9322,5","9322,4794921875","1257600"
"2016-10-25T01:00:00.0000000+00:00","9338,08984375","9399,9697265625","9334,7998046875","9385,650390625","9385,6298828125","1429900"
"2016-10-26T01:00:00.0000000+00:00","9355,66015625","9372,740234375","9338,83984375","9362,25","9362,2294921875","1311100"
"2016-10-27T01:00:00.0000000+00:00","9363,900390625","9370,3203125","9286,8603515625","9299,5498046875","9299,529296875","1445200"
"2016-10-28T01:00:00.0000000+00:00","9307,3896484375","9320,5703125","9276,7099609375","9306,919921875","9306,8994140625","1372600"
"2016-10-31T01:00:00.0000000+00:00","9283,2001953125","9314,33984375","9194,48046875","9290,1201171875","9290,099609375","1320100"
"2016-11-01T01:00:00.0000000+00:00","9272,2998046875","9289,1201171875","9236,8203125","9272,7001953125","9272,6796875","1119300"
"2016-11-02T01:00:00.0000000+00:00","9230,23046875","9230,23046875","9139,0400390625","9139,0400390625","9139,01953125","1373000"
"2016-11-03T01:00:00.0000000+00:00","9126,2900390625","9154,1904296875","9067,26953125","9067,26953125","9067,2490234375","1401300"
"2016-11-04T01:00:00.0000000+00:00","9065,1103515625","9098,8798828125","9048,2099609375","9068,150390625","9068,1298828125","1181400"
"2016-11-07T01:00:00.0000000+00:00","9102,9697265625","9191,669921875","9102,9697265625","9189,83984375","9189,8193359375","1245000"
"2016-11-08T01:00:00.0000000+00:00","9214,9501953125","9230,2001953125","9165","9217,4296875","9217,4091796875","1347800"
"2016-11-09T01:00:00.0000000+00:00","9252,26953125","9296,8603515625","8926,599609375","8943,2001953125","8943,1796875","2656500"
"2016-11-10T01:00:00.0000000+00:00","9070,6396484375","9179,1796875","9070,6396484375","9152,1796875","9152,1591796875","1998400"
"2016-11-11T01:00:00.0000000+00:00","9067,650390625","9067,650390625","8949,3798828125","8957,759765625","8957,7392578125","2518700"
"2016-11-14T01:00:00.0000000+00:00","8955,26953125","8991,9404296875","8879,6904296875","8940,400390625","8940,3798828125","2151600"
"2016-11-15T01:00:00.0000000+00:00","8927,919921875","8981,0498046875","8923,3603515625","8931,0302734375","8931,009765625","1949200"
"2016-11-16T01:00:00.0000000+00:00","8955,759765625","9032,3095703125","8955,759765625","8962,2197265625","8962,19921875","1851700"
"2016-11-17T01:00:00.0000000+00:00","8984,5703125","8998,23046875","8936,2998046875","8995,259765625","8995,2392578125","1704600"
"2016-11-18T01:00:00.0000000+00:00","8991,5","9025,98046875","8958,2197265625","9008,7900390625","9008,76953125","1779800"
"2016-11-21T01:00:00.0000000+00:00","9009,7802734375","9049,759765625","8986,400390625","9041,1103515625","9041,08984375","1807800"
"2016-11-22T01:00:00.0000000+00:00","9058,580078125","9161,1904296875","9058,580078125","9133,3896484375","9133,369140625","2146700"
"2016-11-23T01:00:00.0000000+00:00","9146,7197265625","9202,7197265625","9146,7197265625","9178,23046875","9178,2099609375","1926800"
"2016-11-24T01:00:00.0000000+00:00","9164,83984375","9183,16015625","9137,5595703125","9152,1103515625","9152,08984375","2022700"
"2016-11-25T01:00:00.0000000+00:00","9149,349609375","9191,33984375","9148,6298828125","9159,0703125","9159,0498046875","1840100"
"2016-11-28T01:00:00.0000000+00:00","9167,330078125","9241,5400390625","9167,330078125","9222,240234375","9222,2197265625","1910200"
"2016-11-29T01:00:00.0000000+00:00","9220,9501953125","9249,0595703125","9192,3798828125","9192,3798828125","9192,365234375","1889200"
"2016-11-30T01:00:00.0000000+00:00","9196,08984375","9240,7099609375","9189,6201171875","9240,7099609375","9240,6953125","2538900"
"2016-12-01T01:00:00.0000000+00:00","9245,5498046875","9278,9599609375","9241,7802734375","9263,5302734375","9263,515625","1996000"
"2016-12-02T01:00:00.0000000+00:00","9214,5595703125","9214,5595703125","9165,900390625","9189,490234375","9189,4755859375","1730600"
"2016-12-05T01:00:00.0000000+00:00","9194,4599609375","9212,1904296875","9138,6396484375","9160,66015625","9160,6455078125","1547800"
"2016-12-06T01:00:00.0000000+00:00","9209,7998046875","9280,650390625","9209,7998046875","9250,76953125","9250,7548828125","1649700"
"2016-12-07T01:00:00.0000000+00:00","9279","9299,919921875","9247,5","9263,8896484375","9263,8779296875","1682800"
"2016-12-08T01:00:00.0000000+00:00","9308,900390625","9376,41015625","9308,900390625","9375,8603515625","9375,8486328125","2170000"
"2016-12-09T01:00:00.0000000+00:00","9383,0703125","9399,25","9366,8603515625","9392,6796875","9392,66796875","1811800"
"2016-12-12T01:00:00.0000000+00:00","9402,0498046875","9430,33984375","9336,4501953125","9349,9404296875","9349,9287109375","1697400"
"2016-12-13T01:00:00.0000000+00:00","9361,9697265625","9382,1396484375","9342,5595703125","9382,1396484375","9382,1279296875","1856000"
"2016-12-14T01:00:00.0000000+00:00","9395,599609375","9413,1298828125","9353,25","9368,51953125","9368,5078125","1658400"
"2016-12-15T01:00:00.0000000+00:00","9337,2099609375","9370,509765625","9309,7900390625","9360,349609375","9360,337890625","1692100"
"2016-12-16T01:00:00.0000000+00:00","9352,26953125","9379,75","9326,7802734375","9326,7802734375","9326,7685546875","1858100"
"2016-12-19T01:00:00.0000000+00:00","9316,0595703125","9317,0302734375","9237,98046875","9239,3203125","9239,30859375","1454800"
"2016-12-20T01:00:00.0000000+00:00","9229,740234375","9258,6904296875","9199,83984375","9242,41015625","9242,3984375","1349900"
"2016-12-21T01:00:00.0000000+00:00","9234,9404296875","9263,5","9204,259765625","9204,259765625","9204,248046875","1439700"
"2016-12-22T01:00:00.0000000+00:00","9204,2900390625","9209,7197265625","9118,75","9118,75","9118,73828125","1427400"
"2016-12-23T01:00:00.0000000+00:00","9112,330078125","9128,830078125","9078,6396484375","9078,6396484375","9078,6279296875","1333800"
"2016-12-26T01:00:00.0000000+00:00","9088,990234375","9127,740234375","9083,2802734375","9110,5400390625","9110,5283203125","799000"
"2016-12-27T01:00:00.0000000+00:00","9120,8798828125","9132,0498046875","9100,830078125","9109,26953125","9109,2626953125","880800"
"2016-12-28T01:00:00.0000000+00:00","9120,900390625","9203,5595703125","9120,900390625","9201,400390625","9201,3935546875","1195900"
"2016-12-29T01:00:00.0000000+00:00","9172,3896484375","9196,01953125","9149,16015625","9153,08984375","9153,0830078125","1239800"
"2016-12-30T01:00:00.0000000+00:00","9186,2998046875","9259,08984375","9186,2998046875","9253,5","9253,4931640625","1329700"
"2017-01-03T01:00:00.0000000+00:00","9252,5595703125","9273,650390625","9235,9501953125","9272,8798828125","9272,873046875","1186600"
"2017-01-04T01:00:00.0000000+00:00","9279,51953125","9299,6201171875","9266,0302734375","9286,9599609375","9286,953125","1322300"
"2017-01-05T01:00:00.0000000+00:00","9282,5595703125","9358,419921875","9282,4501953125","9358,1396484375","9358,1328125","1859300"
"2017-01-06T01:00:00.0000000+00:00","9371,41015625","9381,1103515625","9351,25","9372,2197265625","9372,212890625","1743800"
"2017-01-09T01:00:00.0000000+00:00","9376,48046875","9404,900390625","9328,1904296875","9342,419921875","9342,4130859375","1708500"
"2017-01-10T01:00:00.0000000+00:00","9344,1904296875","9353,599609375","9319,4501953125","9349,6396484375","9349,6328125","1514800"
"2017-01-11T01:00:00.0000000+00:00","9370,169921875","9384","9333,490234375","9345,740234375","9345,7333984375","1801200"
"2017-01-12T01:00:00.0000000+00:00","9356,1201171875","9430,580078125","9356,1201171875","9410,1796875","9410,1728515625","1919300"
"2017-01-13T01:00:00.0000000+00:00","9373,7001953125","9387,6796875","9352,080078125","9378,830078125","9378,8232421875","1560100"
"2017-01-16T01:00:00.0000000+00:00","9356,5400390625","9359,009765625","9281,2099609375","9292,330078125","9292,3232421875","1445700"
"2017-01-17T01:00:00.0000000+00:00","9301,9599609375","9354,5302734375","9294,6796875","9354,5302734375","9354,5234375","1449700"
"2017-01-18T01:00:00.0000000+00:00","9344,740234375","9350,9501953125","9322,4404296875","9341,9697265625","9341,962890625","1882800"
"2017-01-19T01:00:00.0000000+00:00","9324,830078125","9337,6396484375","9287,5400390625","9318,1201171875","9318,11328125","1796100"
"2017-01-20T01:00:00.0000000+00:00","9326,7998046875","9350,0703125","9317,6201171875","9331,4599609375","9331,453125","1613400"
"2017-01-23T01:00:00.0000000+00:00","9363,66015625","9427,4599609375","9363,66015625","9424,0498046875","9424,04296875","1796100"
"2017-01-24T01:00:00.0000000+00:00","9423,0498046875","9468,33984375","9416,0595703125","9447,9501953125","9447,943359375","2147200"
"2017-02-02T01:00:00.0000000+00:00","9502,25","9521,33984375","9413,76953125","9428,9697265625","9428,962890625","3341600"
"2017-02-03T01:00:00.0000000+00:00","9450,0595703125","9478,009765625","9423,9296875","9455,5595703125","9455,552734375","2264200"
"2017-02-06T01:00:00.0000000+00:00","9467,669921875","9548,6796875","9467,669921875","9538,009765625","9538,0029296875","3053900"
"2017-02-07T01:00:00.0000000+00:00","9527,419921875","9555,7998046875","9512,5595703125","9554,5595703125","9554,552734375","2607300"
"2017-02-08T01:00:00.0000000+00:00","9540,76953125","9564,0703125","9505,7900390625","9543,25","9543,2431640625","2893600"
"2017-02-09T01:00:00.0000000+00:00","9555,51953125","9600,08984375","9540,509765625","9590,1796875","9590,1728515625","2733900"
"2017-02-10T01:00:00.0000000+00:00","9612,669921875","9688,150390625","9612,669921875","9665,58984375","9665,5830078125","3443400"
"2017-02-13T01:00:00.0000000+00:00","9690,3896484375","9711,4296875","9681,099609375","9710,3203125","9710,3134765625","2743600"
"2017-02-14T01:00:00.0000000+00:00","9726,740234375","9760,009765625","9698,2900390625","9718,7802734375","9718,7734375","2798500"
"2017-02-15T01:00:00.0000000+00:00","9724,1298828125","9813,98046875","9723,0400390625","9799,759765625","9799,7529296875","2986500"
"2017-02-16T01:00:00.0000000+00:00","9826,8896484375","9869,58984375","9753,16015625","9771,25","9771,2431640625","2654800"
"2017-02-17T01:00:00.0000000+00:00","9779,16015625","9791,58984375","9754,5400390625","9759,759765625","9759,7529296875","2180300"
"2017-02-18T01:00:00.0000000+00:00",,,,,,
"2017-02-20T01:00:00.0000000+00:00","9795,8095703125","9817,1396484375","9743,3603515625","9753,2001953125","9753,193359375","2480000"
"2017-02-21T01:00:00.0000000+00:00","9761,26953125","9775,490234375","9721,3603515625","9763,9296875","9763,9228515625","2406100"
"2017-02-22T01:00:00.0000000+00:00","9786,25","9820,0703125","9770,099609375","9778,7802734375","9778,7734375","2566100"
"2017-02-23T01:00:00.0000000+00:00","9774,080078125","9810,5595703125","9748,9404296875","9769,3095703125","9769,302734375","2525500"
"2017-02-24T01:00:00.0000000+00:00","9757,669921875","9784,3896484375","9740,1796875","9750,4697265625","9750,462890625","2454600"
"2017-03-01T01:00:00.0000000+00:00","9751,1201171875","9758,7802734375","9674,7802734375","9674,7802734375","9674,7734375","2474000"
"2017-03-02T01:00:00.0000000+00:00","9727,599609375","9774,599609375","9646,33984375","9691,7998046875","9691,79296875","2522300"
"2017-03-03T01:00:00.0000000+00:00","9672,259765625","9679,8203125","9633,8798828125","9648,2099609375","9648,203125","2180100"
"2017-03-06T01:00:00.0000000+00:00","9647","9688,5","9647","9682,6298828125","9682,623046875","1906000"
"2017-03-07T01:00:00.0000000+00:00","9690,259765625","9738,0703125","9690,2001953125","9738,0703125","9738,0634765625","1882200"
"2017-03-08T01:00:00.0000000+00:00","9744,259765625","9773,490234375","9712,5","9753,4501953125","9753,443359375","2048400"
"2017-03-09T01:00:00.0000000+00:00","9740,0498046875","9743,7802734375","9650,3203125","9658,6103515625","9658,603515625","2432800"
"2017-03-10T01:00:00.0000000+00:00","9653,7900390625","9656,650390625","9562,75","9627,8896484375","9627,8828125","2283500"
"2017-03-13T01:00:00.0000000+00:00","9656,5595703125","9697,33984375","9656,5595703125","9697,33984375","9697,3330078125","1858800"
"2017-03-14T01:00:00.0000000+00:00","9720,5302734375","9767,66015625","9720,5302734375","9744,2099609375","9744,203125","2212800"
"2017-03-15T01:00:00.0000000+00:00","9741,2900390625","9749,009765625","9714,580078125","9740,3095703125","9740,302734375","1836600"
"2017-03-16T01:00:00.0000000+00:00","9768,849609375","9842,169921875","9768,849609375","9837,830078125","9837,8232421875","2102200"
"2017-03-17T01:00:00.0000000+00:00","9845,58984375","9908,6904296875","9835,509765625","9908,6904296875","9908,68359375","2689700"
"2017-03-20T01:00:00.0000000+00:00","9905,8095703125","9916,1796875","9869,349609375","9912,9697265625","9912,962890625","2118700"
"2017-03-21T01:00:00.0000000+00:00","9923,1796875","9976,6103515625","9918,3896484375","9972,490234375","9972,4833984375","2317100"
"2017-03-22T01:00:00.0000000+00:00","9911,9599609375","9922,66015625","9843,0703125","9922,66015625","9922,6533203125","2270500"
"2017-03-23T01:00:00.0000000+00:00","9921,9697265625","9945,240234375","9897,4501953125","9930,740234375","9930,7333984375","2615300"
"2017-03-24T01:00:00.0000000+00:00","9914,1201171875","9932,6796875","9892,3095703125","9902,98046875","9902,9736328125","2324400"
"2017-03-27T01:00:00.0000000+00:00","9907,599609375","9917,849609375","9859,5302734375","9876,76953125","9876,7626953125","2296100"
"2017-03-28T01:00:00.0000000+00:00","9909,990234375","9924,1396484375","9799,2802734375","9876,4501953125","9876,443359375","2595900"
"2017-03-29T01:00:00.0000000+00:00","9887","9906,759765625","9831,6298828125","9856,25","9856,2431640625","2272800"
"2017-03-30T01:00:00.0000000+00:00","9869,2802734375","9878,6201171875","9836,330078125","9848,150390625","9848,1435546875","2296100"
"2017-03-31T01:00:00.0000000+00:00","9846,3798828125","9869,650390625","9811,51953125","9811,51953125","9811,5126953125","2362400"
"2017-04-05T01:00:00.0000000+00:00","9856,4404296875","9949,48046875","9856,4404296875","9949,48046875","9949,4736328125","2734200"
"2017-04-06T01:00:00.0000000+00:00","9946,66015625","9946,66015625","9879,849609375","9897,7998046875","9897,79296875","2015700"
"2017-04-07T01:00:00.0000000+00:00","9892,98046875","9900,8798828125","9788,51953125","9873,3701171875","9873,36328125","2422600"
"2017-04-10T01:00:00.0000000+00:00","9880,2900390625","9898,6396484375","9859,0302734375","9882,5400390625","9882,533203125","2364800"
"2017-04-11T01:00:00.0000000+00:00","9881,5302734375","9896,58984375","9820,41015625","9832,419921875","9832,4130859375","2287200"
"2017-04-12T01:00:00.0000000+00:00","9831,5595703125","9837,1904296875","9789,58984375","9817,6796875","9817,6728515625","2339400"
"2017-04-13T01:00:00.0000000+00:00","9808,830078125","9868,4501953125","9800,7998046875","9836,6796875","9836,6728515625","2222700"
"2017-04-14T01:00:00.0000000+00:00","9806,150390625","9808,330078125","9730,9404296875","9732,9296875","9732,9228515625","2179100"
"2017-04-17T01:00:00.0000000+00:00","9740,8095703125","9762,4697265625","9670,1103515625","9716,400390625","9716,3935546875","2118300"
"2017-04-18T01:00:00.0000000+00:00","9735,759765625","9771,0703125","9727,259765625","9746,5595703125","9746,552734375","1763700"
"2017-04-19T01:00:00.0000000+00:00","9725,3896484375","9725,3896484375","9631,6396484375","9639,9404296875","9639,93359375","2145200"
"2017-04-20T01:00:00.0000000+00:00","9639,9296875","9664,240234375","9622,25","9632,6904296875","9632,68359375","1820400"
"2017-04-21T01:00:00.0000000+00:00","9657,0498046875","9718,8203125","9657,0498046875","9717,41015625","9717,4033203125","1626700"
"2017-04-24T01:00:00.0000000+00:00","9742,91015625","9772,9599609375","9683,7001953125","9717,9501953125","9717,943359375","1467700"
"2017-04-25T01:00:00.0000000+00:00","9737,8203125","9841,7099609375","9737,8203125","9841,7099609375","9841,703125","2097800"
"2017-04-26T01:00:00.0000000+00:00","9859,1103515625","9865,8798828125","9827,4697265625","9856,4501953125","9856,443359375","2146400"
"2017-04-27T01:00:00.0000000+00:00","9859,4501953125","9863,51953125","9823,849609375","9860,6201171875","9860,61328125","1830500"
"2017-04-28T01:00:00.0000000+00:00","9868,3798828125","9897,0400390625","9845,83984375","9872","9871,9931640625","2208800"
"2017-05-02T01:00:00.0000000+00:00","9926,4404296875","9951,1396484375","9925,75","9941,26953125","9941,2626953125","2064300"
"2017-05-03T01:00:00.0000000+00:00","9957,6201171875","9979,91015625","9937,990234375","9955,330078125","9955,3232421875","1702700"
"2017-05-04T01:00:00.0000000+00:00","9962,73046875","9973,759765625","9938,9599609375","9967,6396484375","9967,6396484375","1816700"
"2017-05-05T01:00:00.0000000+00:00","9954,9404296875","9960,990234375","9899,9404296875","9899,9404296875","9899,9404296875","1708400"
"2017-05-08T01:00:00.0000000+00:00","9934,1298828125","9964,8603515625","9900,0703125","9937,25","9937,25","1860700"
"2017-05-09T01:00:00.0000000+00:00","9967,009765625","10001,9404296875","9899,080078125","9915,48046875","9915,48046875","2425200"
"2017-05-10T01:00:00.0000000+00:00","9935,2197265625","9971,98046875","9932,169921875","9968,3203125","9968,3203125","1972100"
"2017-05-11T01:00:00.0000000+00:00","9968,509765625","10018,7900390625","9964,2998046875","10001,48046875","10001,48046875","2145200"
"2017-05-12T01:00:00.0000000+00:00","9981,76953125","10008,25","9961,3701171875","9986,8203125","9986,8203125","1833700"
"2017-05-15T01:00:00.0000000+00:00","9978,2802734375","10036,8203125","9978,2802734375","10036,8203125","10036,8203125","1810800"
"2017-05-16T01:00:00.0000000+00:00","10037,580078125","10058,58984375","9991,080078125","10031,490234375","10031,490234375","2176300"
"2017-05-17T01:00:00.0000000+00:00","10019,6201171875","10029,6201171875","9967,9697265625","10013,669921875","10013,669921875","1822400"
"2017-05-18T01:00:00.0000000+00:00","9952,6396484375","9969,4501953125","9895,650390625","9969,4501953125","9969,4501953125","1786200"
"2017-05-19T01:00:00.0000000+00:00","9970,400390625","9979,73046875","9947,1396484375","9947,6201171875","9947,6201171875","1852200"
"2017-05-22T01:00:00.0000000+00:00","9965,080078125","9997,259765625","9960,9404296875","9997,259765625","9997,259765625","1636800"
"2017-05-23T01:00:00.0000000+00:00","9994,6796875","10038,2001953125","9992,580078125","10007,83984375","10007,83984375","1747800"
"2017-05-24T01:00:00.0000000+00:00","10014,150390625","10059,740234375","10014,150390625","10044,419921875","10044,419921875","1748400"
"2017-05-25T01:00:00.0000000+00:00","10059,91015625","10108,490234375","10059,2001953125","10108,490234375","10108,490234375","2021300"
"2017-05-26T01:00:00.0000000+00:00","10090,1796875","10121,8798828125","10072,83984375","10101,9501953125","10101,9501953125","1914300"
"2017-05-31T01:00:00.0000000+00:00","10095,9501953125","10116,1298828125","10025,8798828125","10040,7197265625","10040,7197265625","2713500"
"2017-06-01T01:00:00.0000000+00:00","10064,4404296875","10100,3701171875","10059,9296875","10087,419921875","10087,419921875","1983100"
"2017-06-02T01:00:00.0000000+00:00","10117,759765625","10152,5302734375","10117,0595703125","10152,5302734375","10152,5302734375","2100600"
"2017-06-03T01:01:00.0000000+00:00",,,,,,
"2017-06-05T01:00:00.0000000+00:00","10164,8896484375","10226,83984375","10164,8896484375","10226,83984375","10226,83984375","2208100"
"2017-06-06T01:00:00.0000000+00:00","10213,169921875","10221,6396484375","10190,3896484375","10206,1796875","10206,1796875","2078600"
"2017-06-07T01:00:00.0000000+00:00","10216,1396484375","10242,3896484375","10183,150390625","10209,990234375","10209,990234375","2239900"
"2017-06-08T01:00:00.0000000+00:00","10215,9296875","10235,7001953125","10211","10225,7802734375","10225,7802734375","1756200"
"2017-06-09T01:00:00.0000000+00:00","10238,5498046875","10268,3701171875","10198,7998046875","10199,650390625","10199,650390625","2205300"
"2017-06-12T01:00:00.0000000+00:00","10137,0400390625","10158,6396484375","10109,9599609375","10109,9599609375","10109,9599609375","1800300"
"2017-06-13T01:00:00.0000000+00:00","10109,7001953125","10146,669921875","10109,7001953125","10128,150390625","10128,150390625","1635400"
"2017-06-14T01:00:00.0000000+00:00","10142,7998046875","10165,3095703125","10033,25","10072,4599609375","10072,4599609375","2131200"
"2017-06-15T01:00:00.0000000+00:00","10079,1396484375","10089,0703125","10046,7998046875","10088,349609375","10088,349609375","1647300"
"2017-06-16T01:00:00.0000000+00:00","10078,6904296875","10159,4697265625","10073,1201171875","10156,73046875","10156,73046875","2120200"
"2017-06-19T01:00:00.0000000+00:00","10162,2197265625","10250,599609375","10162,2197265625","10250,599609375","10250,599609375","1878500"
"2017-06-20T01:00:00.0000000+00:00","10286,7900390625","10354,3701171875","10286,7900390625","10324,4599609375","10324,4599609375","1913800"
"2017-06-21T01:00:00.0000000+00:00","10310,9697265625","10379,8203125","10274,75","10349,7197265625","10349,7197265625","2399200"
"2017-06-22T01:00:00.0000000+00:00","10369,080078125","10403,3603515625","10368,9296875","10399,0595703125","10399,0595703125","2010500"
"2017-06-23T01:00:00.0000000+00:00","10403,5595703125","10422,330078125","10374,009765625","10377,7001953125","10377,7001953125","1952000"
"2017-06-26T01:00:00.0000000+00:00","10341,8603515625","10513,9599609375","10341,8603515625","10513,9599609375","10513,9599609375","2648600"
"2017-06-27T01:00:00.0000000+00:00","10513","10545,7001953125","10489,099609375","10512,0595703125","10512,0595703125","2660200"
"2017-06-28T01:00:00.0000000+00:00","10459,169921875","10459,169921875","10382,8095703125","10390,5498046875","10390,5498046875","3121300"
"2017-06-29T01:00:00.0000000+00:00","10442,1796875","10476,509765625","10390,900390625","10421,650390625","10421,650390625","2867000"
"2017-06-30T01:00:00.0000000+00:00","10367,259765625","10395,0703125","10329,83984375","10395,0703125","10395,0703125","2376900"
"2017-07-03T01:00:00.0000000+00:00","10368,990234375","10412,7900390625","10363,5","10412,7900390625","10412,7900390625","2157100"
"2017-07-04T01:00:00.0000000+00:00","10397,9296875","10421,7197265625","10347,7802734375","10347,7802734375","10347,7802734375","2445100"
"2017-07-05T01:00:00.0000000+00:00","10352,3896484375","10404,7900390625","10304,740234375","10404,7900390625","10404,7900390625","1994200"
"2017-07-06T01:00:00.0000000+00:00","10380,66015625","10381,2001953125","10336,3203125","10368,2001953125","10368,2001953125","1694000"
"2017-07-07T01:00:00.0000000+00:00","10343,2998046875","10343,2998046875","10294,6904296875","10297,25","10297,25","1754100"
"2017-07-10T01:00:00.0000000+00:00","10310,740234375","10331,1103515625","10283,9501953125","10289,91015625","10289,91015625","1964700"
"2017-07-11T01:00:00.0000000+00:00","10313,080078125","10415,5703125","10313,080078125","10415,5703125","10415,5703125","2039900"
"2017-07-12T01:00:00.0000000+00:00","10396,9697265625","10450,8701171875","10393,5400390625","10420,6796875","10420,6796875","2196800"
"2017-07-13T01:00:00.0000000+00:00","10418,740234375","10485,2802734375","10418,740234375","10460,150390625","10460,150390625","2645100"
"2017-07-14T01:00:00.0000000+00:00","10450,919921875","10466,33984375","10423,400390625","10443,91015625","10443,91015625","2292900"
"2017-07-17T01:00:00.0000000+00:00","10467,26953125","10490,0498046875","10436,3095703125","10457,5400390625","10457,5400390625","2183500"
"2017-07-18T01:00:00.0000000+00:00","10447,4697265625","10481,259765625","10429,849609375","10481,259765625","10481,259765625","2035100"
"2017-07-19T01:00:00.0000000+00:00","10472,8095703125","10537,419921875","10472,8095703125","10506,099609375","10506,099609375","2351900"
"2017-07-20T01:00:00.0000000+00:00","10513,1201171875","10534,51953125","10483,5400390625","10499,3603515625","10499,3603515625","2273600"
"2017-07-21T01:00:00.0000000+00:00","10468,4697265625","10477,7197265625","10428,5595703125","10436,7001953125","10436,7001953125","1904900"
"2017-07-24T01:00:00.0000000+00:00","10426,1298828125","10461,2802734375","10406,8095703125","10461,2802734375","10461,2802734375","1756400"
"2017-07-25T01:00:00.0000000+00:00","10455,1396484375","10473,98046875","10442,849609375","10463,150390625","10463,150390625","1959500"
"2017-07-26T01:00:00.0000000+00:00","10477,150390625","10500,1103515625","10416,5703125","10419,1103515625","10419,1103515625","2344100"
"2017-07-27T01:00:00.0000000+00:00","10427,830078125","10516,23046875","10427,830078125","10508,3701171875","10508,3701171875","2487900"
"2017-07-28T01:00:00.0000000+00:00","10480,669921875","10480,669921875","10410,5302734375","10423,0498046875","10423,0498046875","1915800"
"2017-07-31T01:00:00.0000000+00:00","10396,759765625","10427,330078125","10366,169921875","10427,330078125","10427,330078125","2036800"
"2017-08-01T01:00:00.0000000+00:00","10408,5302734375","10470,0302734375","10408,5302734375","10437,2900390625","10437,2900390625","2391000"
"2017-08-02T01:00:00.0000000+00:00","10479,259765625","10519,26953125","10479,259765625","10519,26953125","10519,26953125","2351400"
"2017-08-03T01:00:00.0000000+00:00","10464,099609375","10478,6201171875","10427,7197265625","10469,8798828125","10469,8798828125","2125000"
"2017-08-04T01:00:00.0000000+00:00","10470,9599609375","10510,7001953125","10466,25","10506,5595703125","10506,5595703125","2439200"
"2017-08-07T01:00:00.0000000+00:00","10521,6904296875","10592,3095703125","10521,6904296875","10579,3798828125","10579,3798828125","2543100"
"2017-08-08T01:00:00.0000000+00:00","10598,58984375","10619,419921875","10533,7197265625","10568,9697265625","10568,9697265625","2898600"
"2017-08-09T01:00:00.0000000+00:00","10523,509765625","10536,1904296875","10457,51953125","10470,3798828125","10470,3798828125","2590000"
"2017-08-10T01:00:00.0000000+00:00","10470,0302734375","10477,7900390625","10303,4697265625","10329,740234375","10329,740234375","3032100"
"2017-08-11T01:00:00.0000000+00:00","10267,0498046875","10338,0595703125","10238,5","10329,5703125","10329,5703125","2408500"
"2017-08-14T01:00:00.0000000+00:00","10347,66015625","10365,2197265625","10225,2802734375","10225,2802734375","10225,2802734375","2531500"
"2017-08-15T01:00:00.0000000+00:00","10271,0302734375","10336,2197265625","10271,0302734375","10311,16015625","10311,16015625","2296200"
"2017-08-16T01:00:00.0000000+00:00","10302,830078125","10322,3798828125","10245,7197265625","10290,3896484375","10290,3896484375","2510400"
"2017-08-17T01:00:00.0000000+00:00","10302,5400390625","10372,41015625","10302,5400390625","10369,3701171875","10369,3701171875","2588000"
"2017-08-18T01:00:00.0000000+00:00","10324,830078125","10330,3896484375","10259,830078125","10321,330078125","10321,330078125","2316000"
"2017-08-21T01:00:00.0000000+00:00","10316,08984375","10336,3701171875","10282,7197265625","10326,3896484375","10326,3896484375","2165200"
"2017-08-22T01:00:00.0000000+00:00","10353,3701171875","10410,4697265625","10353,3701171875","10392,0703125","10392,0703125","2482000"
"2017-08-23T01:00:00.0000000+00:00","10418,3203125","10458,91015625","10378,009765625","10406,8095703125","10406,8095703125","2465700"
"2017-08-24T01:00:00.0000000+00:00","10414,66015625","10488,9599609375","10410,73046875","10488,9599609375","10488,9599609375","2716400"
"2017-08-25T01:00:00.0000000+00:00","10497,8603515625","10519,83984375","10478,7197265625","10515,509765625","10515,509765625","2826800"
"2017-08-28T01:00:00.0000000+00:00","10502,7998046875","10542,3701171875","10498,8798828125","10525,98046875","10525,98046875","2738000"
"2017-08-29T01:00:00.0000000+00:00","10518,6904296875","10518,6904296875","10463,2197265625","10496,5703125","10496,5703125","2815800"
"2017-08-30T01:00:00.0000000+00:00","10511,58984375","10574,5302734375","10511,58984375","10569,400390625","10569,400390625","2765700"
"2017-08-31T01:00:00.0000000+00:00","10586,650390625","10609,48046875","10551,9501953125","10585,7802734375","10585,7802734375","2800700"
"2017-09-01T01:00:00.0000000+00:00","10576,26953125","10619,51953125","10568,7197265625","10594,8203125","10594,8203125","3121700"
"2017-09-04T01:00:00.0000000+00:00","10585,4404296875","10610,0400390625","10555,33984375","10569,8701171875","10569,8701171875","2619800"
"2017-09-05T01:00:00.0000000+00:00","10584,099609375","10617,83984375","10564,259765625","10617,83984375","10617,83984375","2761000"
"2017-09-06T01:00:00.0000000+00:00","10593,8701171875","10604,919921875","10519,7099609375","10547,8603515625","10547,8603515625","2815600"
"2017-09-07T01:00:00.0000000+00:00","10564,7900390625","10604,01953125","10509,91015625","10538,509765625","10538,509765625","3227300"
"2017-09-08T01:00:00.0000000+00:00","10553,900390625","10609,9501953125","10550,7197265625","10609,9501953125","10609,9501953125","2818200"
"2017-09-11T01:00:00.0000000+00:00","10630,16015625","10656,25","10565,7802734375","10572,16015625","10572,16015625","2977700"
"2017-09-12T01:00:00.0000000+00:00","10610,330078125","10646,5498046875","10586,2802734375","10610,349609375","10610,349609375","2920800"
"2017-09-13T01:00:00.0000000+00:00","10596,3603515625","10620,3095703125","10532,8798828125","10532,8798828125","10532,8798828125","2711500"
"2017-09-14T01:00:00.0000000+00:00","10533,990234375","10572,7099609375","10508,7197265625","10553,5703125","10553,5703125","2491800"
"2017-09-15T01:00:00.0000000+00:00","10556,8203125","10580,7802734375","10520,150390625","10580,41015625","10580,41015625","3365900"
"2017-09-18T01:00:00.0000000+00:00","10590,7998046875","10642,400390625","10581,8095703125","10631,5703125","10631,5703125","3575300"
"2017-09-19T01:00:00.0000000+00:00","10653,33984375","10664,1796875","10561,2099609375","10576,1396484375","10576,1396484375","3071500"
"2017-09-20T01:00:00.0000000+00:00","10568,580078125","10589,1904296875","10490,7099609375","10519,169921875","10519,169921875","2745000"
"2017-09-21T01:00:00.0000000+00:00","10506,849609375","10603,080078125","10493,9501953125","10578,4404296875","10578,4404296875","2312400"
"2017-09-22T01:00:00.0000000+00:00","10571,650390625","10579,01953125","10446,4501953125","10449,6796875","10449,6796875","2427200"
"2017-09-25T01:00:00.0000000+00:00","10442,0498046875","10447,08984375","10322,099609375","10335,8896484375","10335,8896484375","2622600"
"2017-09-26T01:00:00.0000000+00:00","10333,4404296875","10374,5400390625","10257,01953125","10257,01953125","10257,01953125","2348600"
"2017-09-27T01:00:00.0000000+00:00","10322,4404296875","10357,23046875","10315,9697265625","10326,6796875","10326,6796875","1954500"
"2017-09-28T01:00:00.0000000+00:00","10351,419921875","10365,58984375","10288,240234375","10296,4501953125","10296,4501953125","2054900"
"2017-09-29T01:00:00.0000000+00:00","10319,6904296875","10338,9501953125","10273,599609375","10329,9404296875","10329,9404296875","1942400"
"2017-10-02T01:00:00.0000000+00:00","10425,099609375","10472,8095703125","10414,5302734375","10465,16015625","10465,16015625","1730200"
"2017-10-03T01:00:00.0000000+00:00","10462,7001953125","10495,33984375","10445,8603515625","10469,349609375","10469,349609375","1916100"
"2017-10-05T01:00:00.0000000+00:00","10473,2802734375","10530,9296875","10473,2802734375","10518,26953125","10518,26953125","1905900"
"2017-10-06T01:00:00.0000000+00:00","10538,2099609375","10557,669921875","10511,5","10532,8095703125","10532,8095703125","1950000"
"2017-10-11T01:00:00.0000000+00:00","10576,1201171875","10668,490234375","10576,1201171875","10641,1904296875","10641,1904296875","2859400"
"2017-10-12T01:00:00.0000000+00:00","10668,3896484375","10711,4404296875","10668,3896484375","10711,4404296875","10711,4404296875","2367700"
"2017-10-13T01:00:00.0000000+00:00","10712,48046875","10724,08984375","10675,830078125","10724,08984375","10724,08984375","2301200"
"2017-10-16T01:00:00.0000000+00:00","10735,1396484375","10774,2099609375","10723,3701171875","10774,2099609375","10774,2099609375","2451900"
"2017-10-17T01:00:00.0000000+00:00","10790,349609375","10798,51953125","10723,150390625","10723,150390625","10723,150390625","2368600"
"2017-10-18T01:00:00.0000000+00:00","10773,849609375","10790,3095703125","10684,3203125","10720,2802734375","10720,2802734375","2651200"
"2017-10-19T01:00:00.0000000+00:00","10745,76953125","10798,5400390625","10745,76953125","10760,2900390625","10760,2900390625","2173500"
"2017-10-20T01:00:00.0000000+00:00","10737,8701171875","10753,76953125","10702,5595703125","10728,8798828125","10728,8798828125","2314000"
"2017-10-23T01:00:00.0000000+00:00","10759,4697265625","10792,26953125","10731,900390625","10735,2099609375","10735,2099609375","2041300"
"2017-10-24T01:00:00.0000000+00:00","10749,900390625","10766,6396484375","10726,25","10743,7802734375","10743,7802734375","2253000"
"2017-10-25T01:00:00.0000000+00:00","10771,400390625","10794,5498046875","10740,0703125","10750,5703125","10750,5703125","2517700"
"2017-10-26T01:00:00.0000000+00:00","10735,349609375","10756,509765625","10716,51953125","10734,759765625","10734,759765625","2228900"
"2017-10-27T01:00:00.0000000+00:00","10757,349609375","10803,599609375","10701,080078125","10709,1103515625","10709,1103515625","3016300"
"2017-10-30T01:00:00.0000000+00:00","10777,599609375","10842,25","10743,1298828125","10756,8701171875","10756,8701171875","2240000"
"2017-10-31T01:00:00.0000000+00:00","10768,900390625","10829,330078125","10747,3701171875","10793,7998046875","10793,7998046875","2185500"
"2017-11-01T01:00:00.0000000+00:00","10816,0400390625","10843,41015625","10785,3203125","10806,3603515625","10806,3603515625","2414200"
"2017-11-02T01:00:00.0000000+00:00","10797,6298828125","10827,669921875","10788,509765625","10788,509765625","10788,509765625","2534500"
"2017-11-03T01:00:00.0000000+00:00","10797,91015625","10835,7001953125","10765,3095703125","10800,76953125","10800,76953125","2213600"
"2017-11-06T01:00:00.0000000+00:00","10856,5595703125","10858,5","10769,1904296875","10786,1904296875","10786,1904296875","2241200"
"2017-11-07T01:00:00.0000000+00:00","10820,830078125","10842,6103515625","10807,8896484375","10840,33984375","10840,33984375","2593500"
"2017-11-08T01:00:00.0000000+00:00","10839,4404296875","10844,740234375","10806,009765625","10818,990234375","10818,990234375","2513400"
"2017-11-09T01:00:00.0000000+00:00","10802,9501953125","10831,3798828125","10721,8701171875","10743,26953125","10743,26953125","3008000"
"2017-11-10T01:00:00.0000000+00:00","10713,669921875","10742,6103515625","10659,2900390625","10732,669921875","10732,669921875","2347400"
"2017-11-13T01:00:00.0000000+00:00","10728,2197265625","10749,3896484375","10683,919921875","10683,919921875","10683,919921875","2850600"
"2017-11-14T01:00:00.0000000+00:00","10716,58984375","10735,080078125","10654,580078125","10687,1796875","10687,1796875","2676900"
"2017-11-15T01:00:00.0000000+00:00","10662,080078125","10669,58984375","10600,259765625","10630,650390625","10630,650390625","2325600"
"2017-11-16T01:00:00.0000000+00:00","10629,16015625","10666,66015625","10609,23046875","10625,0400390625","10625,0400390625","2189300"
"2017-11-17T01:00:00.0000000+00:00","10673,4296875","10729,4501953125","10673,4296875","10701,6396484375","10701,6396484375","2471200"
"2017-11-20T01:00:00.0000000+00:00","10706,7900390625","10728,3896484375","10656,1796875","10664,5498046875","10664,5498046875","2503700"
"2017-11-21T01:00:00.0000000+00:00","10688,2197265625","10787,580078125","10687,259765625","10779,240234375","10779,240234375","3285200"
"2017-11-22T01:00:00.0000000+00:00","10815,400390625","10882,650390625","10801,099609375","10822,58984375","10822,58984375","3911700"
"2017-11-23T01:00:00.0000000+00:00","10837,6103515625","10872,2900390625","10809,08984375","10854,5703125","10854,5703125","2681100"
"2017-11-24T01:00:00.0000000+00:00","10847,7900390625","10873,91015625","10833,7802734375","10854,08984375","10854,08984375","2746900"
"2017-11-27T01:00:00.0000000+00:00","10836,8203125","10856","10746,740234375","10750,9296875","10750,9296875","2668100"
"2017-11-28T01:00:00.0000000+00:00","10733,5595703125","10752,580078125","10692,5302734375","10707,0703125","10707,0703125","2961000"
"2017-11-29T01:00:00.0000000+00:00","10735,240234375","10762,91015625","10697,6201171875","10713,5498046875","10713,5498046875","3096300"
"2017-11-30T01:00:00.0000000+00:00","10623,2001953125","10650,1796875","10560,4404296875","10560,4404296875","10560,4404296875","4939100"
"2017-12-01T01:00:00.0000000+00:00","10591,6201171875","10665,919921875","10495,150390625","10600,3701171875","10600,3701171875","3776200"
"2017-12-04T01:00:00.0000000+00:00","10617,26953125","10665,4296875","10565,6796875","10651,1103515625","10651,1103515625","2864500"
"2017-12-05T01:00:00.0000000+00:00","10607,6201171875","10635,7099609375","10540,740234375","10566,849609375","10566,849609375","3126100"
"2017-12-06T01:00:00.0000000+00:00","10541,0302734375","10541,0302734375","10376,650390625","10393,919921875","10393,919921875","3022600"
"2017-12-07T01:00:00.0000000+00:00","10404,419921875","10418,9697265625","10322,759765625","10355,759765625","10355,759765625","2740500"
"2017-12-08T01:00:00.0000000+00:00","10406,349609375","10419,2802734375","10336,259765625","10398,6201171875","10398,6201171875","2683800"
"2017-12-11T01:00:00.0000000+00:00","10438,330078125","10504,669921875","10438,330078125","10473,08984375","10473,08984375","2334200"
"2017-12-12T01:00:00.0000000+00:00","10488,73046875","10495,240234375","10408,0595703125","10443,2802734375","10443,2802734375","2164400"
"2017-12-13T01:00:00.0000000+00:00","10447,1103515625","10489,169921875","10444,7001953125","10470,7001953125","10470,7001953125","2324000"
"2017-12-14T01:00:00.0000000+00:00","10494,599609375","10577,5302734375","10494,599609375","10538,009765625","10538,009765625","2447400"
"2017-12-15T01:00:00.0000000+00:00","10517,2099609375","10520,66015625","10436,1103515625","10491,4404296875","10491,4404296875","2590700"
"2017-12-18T01:00:00.0000000+00:00","10478,740234375","10526,41015625","10472,3896484375","10506,51953125","10506,51953125","1861300"
"2017-12-19T01:00:00.0000000+00:00","10508,330078125","10544","10452,080078125","10467,33984375","10467,33984375","2190500"
"2017-12-20T01:00:00.0000000+00:00","10470,3603515625","10514,3095703125","10470,3603515625","10504,51953125","10504,51953125","2155800"
"2017-12-21T01:00:00.0000000+00:00","10526,9697265625","10545,7802734375","10488,9697265625","10488,9697265625","10488,9697265625","2116400"
"2017-12-22T01:00:00.0000000+00:00","10503,099609375","10537,26953125","10486,51953125","10537,26953125","10537,26953125","2049900"
"2017-12-25T01:00:00.0000000+00:00","10546,6396484375","10556,650390625","10514,5400390625","10522,490234375","10522,490234375","1928200"
"2017-12-26T01:00:00.0000000+00:00","10526,1396484375","10528,919921875","10408,1201171875","10421,91015625","10421,91015625","2037800"
"2017-12-27T01:00:00.0000000+00:00","10419,8095703125","10497,76953125","10419,8095703125","10486,669921875","10486,669921875","2103300"
"2017-12-28T01:00:00.0000000+00:00","10513,2900390625","10592,0400390625","10513,2900390625","10567,6396484375","10567,6396484375","2223700"
"2017-12-29T01:00:00.0000000+00:00","10590,9501953125","10659,98046875","10590,9501953125","10642,8603515625","10642,8603515625","2411700"
"2018-01-02T01:00:00.0000000+00:00","10664,8203125","10710,73046875","10650,76953125","10710,73046875","10710,73046875","2375900"
"2018-01-03T01:00:00.0000000+00:00","10759,6103515625","10813,16015625","10759,6103515625","10801,5703125","10801,5703125","2964800"
"2018-01-04T01:00:00.0000000+00:00","10834,580078125","10853,4599609375","10794,25","10848,6298828125","10848,6298828125","3048500"
"2018-01-05T01:00:00.0000000+00:00","10856,919921875","10879,7998046875","10815,6796875","10879,7998046875","10879,7998046875","3028400"
"2018-01-08T01:00:00.0000000+00:00","10899,08984375","10918,4697265625","10869,1201171875","10915,75","10915,75","3246900"
"2018-01-09T01:00:00.0000000+00:00","10922,349609375","10931","10860,76953125","10914,8896484375","10914,8896484375","2933100"
"2018-01-10T01:00:00.0000000+00:00","10915,3203125","10934,75","10819,25","10831,08984375","10831,08984375","3224000"
"2018-01-11T01:00:00.0000000+00:00","10824,5400390625","10844,080078125","10770,099609375","10810,0595703125","10810,0595703125","2736200"
"2018-01-12T01:00:00.0000000+00:00","10818,240234375","10899,98046875","10818,240234375","10883,9599609375","10883,9599609375","2900300"
"2018-01-15T01:00:00.0000000+00:00","10932,3701171875","10962,5498046875","10911,8896484375","10956,3095703125","10956,3095703125","2672500"
"2018-01-16T01:00:00.0000000+00:00","10955,8095703125","10986,1103515625","10920,5","10986,1103515625","10986,1103515625","2943900"
"2018-01-17T01:00:00.0000000+00:00","10976,1298828125","11030,2197265625","10942,9501953125","11004,7998046875","11004,7998046875","3337400"
"2018-01-18T01:00:00.0000000+00:00","11048,0595703125","11122,8203125","11048,0595703125","11071,5703125","11071,5703125","3069900"
"2018-01-19T01:00:00.0000000+00:00","11123,580078125","11150,849609375","11095,849609375","11150,849609375","11150,849609375","2661500"
"2018-01-22T01:00:00.0000000+00:00","11169,7900390625","11231,4599609375","11142,3798828125","11231,4599609375","11231,4599609375","3222600"
"2018-01-23T01:00:00.0000000+00:00","11243,490234375","11270,1796875","11201,51953125","11253,1103515625","11253,1103515625","3399800"
"2018-01-24T01:00:00.0000000+00:00","11228,7099609375","11228,7099609375","11107,3203125","11152,16015625","11152,16015625","3171100"
"2018-01-25T01:00:00.0000000+00:00","11154,3603515625","11268,6103515625","11131,849609375","11165,9501953125","11165,9501953125","3457900"
"2018-01-26T01:00:00.0000000+00:00","11152,5302734375","11178,2998046875","11089,48046875","11147,099609375","11147,099609375","2701400"
"2018-01-29T01:00:00.0000000+00:00","11202,26953125","11246,1796875","11161,830078125","11221,8095703125","11221,8095703125","2450400"
"2018-01-30T01:00:00.0000000+00:00","11189,5703125","11189,5703125","11076,7802734375","11076,7802734375","11076,7802734375","2709200"
"2018-01-31T01:00:00.0000000+00:00","11054,3603515625","11158,2900390625","11007,8896484375","11103,7900390625","11103,7900390625","2642900"
"2018-02-01T01:00:00.0000000+00:00","11139,400390625","11212,099609375","11139,400390625","11160,25","11160,25","2257600"
"2018-02-02T01:00:00.0000000+00:00","11151,650390625","11153,3203125","11070,4296875","11126,23046875","11126,23046875","2023400"
"2018-02-05T01:00:00.0000000+00:00","10970,2998046875","10970,2998046875","10855,4296875","10946,25","10946,25","2393600"
"2018-02-06T01:00:00.0000000+00:00","10761,009765625","10761,009765625","10300,400390625","10404","10404","5183600"
"2018-02-07T01:00:00.0000000+00:00","10547,6396484375","10697,8203125","10547,6396484375","10551,5400390625","10551,5400390625","3145300"
"2018-02-08T01:00:00.0000000+00:00","10559,4404296875","10609,5","10512,9296875","10528,51953125","10528,51953125","2287100"
"2018-02-09T01:00:00.0000000+00:00","10371,009765625","10392,3095703125","10189,0400390625","10371,75","10371,75","2895400"
"2018-02-12T01:00:00.0000000+00:00","10429,08984375","10473,509765625","10416,009765625","10421,08984375","10421,08984375","2387100"
"2018-02-21T01:00:00.0000000+00:00","10559,7900390625","10720,48046875","10559,7900390625","10714,4404296875","10714,4404296875","2770600"
"2018-02-22T01:00:00.0000000+00:00","10698,4697265625","10698,4697265625","10620,7998046875","10662,3798828125","10662,3798828125","2385800"
"2018-02-23T01:00:00.0000000+00:00","10688,9697265625","10799,2900390625","10688,9697265625","10794,5498046875","10794,5498046875","2623500"
"2018-02-26T01:00:00.0000000+00:00","10827,98046875","10890,6904296875","10827,98046875","10836,7001953125","10836,7001953125","2295300"
"2018-02-27T01:00:00.0000000+00:00","10896,16015625","10937,900390625","10815,4697265625","10815,4697265625","10815,4697265625","2697700"
"2018-03-01T01:00:00.0000000+00:00","10779,099609375","10805,5498046875","10709,6904296875","10785,7900390625","10785,7900390625","2508100"
"2018-03-02T01:00:00.0000000+00:00","10719,2900390625","10719,2900390625","10638,98046875","10698,169921875","10698,169921875","2135500"
"2018-03-05T01:00:00.0000000+00:00","10727,4501953125","10756,3701171875","10642,900390625","10642,900390625","10642,900390625","2203900"
"2018-03-06T01:00:00.0000000+00:00","10711,150390625","10784,33984375","10711,150390625","10784,33984375","10784,33984375","1905900"
"2018-03-07T01:00:00.0000000+00:00","10762,990234375","10818,0498046875","10745,3203125","10745,3203125","10745,3203125","2106300"
"2018-03-08T01:00:00.0000000+00:00","10788,4296875","10852,330078125","10788,4296875","10823,240234375","10823,240234375","2535200"
"2018-03-09T01:00:00.0000000+00:00","10847,740234375","10882,759765625","10845,3798828125","10864,8203125","10864,8203125","2457800"
"2018-03-12T01:00:00.0000000+00:00","10908,990234375","11016,5595703125","10908,990234375","11002,099609375","11002,099609375","2759800"
"2018-03-13T01:00:00.0000000+00:00","11022,150390625","11095,6298828125","11014,8701171875","11095,6298828125","11095,6298828125","2433800"
"2018-03-14T01:00:00.0000000+00:00","11063,73046875","11070,2900390625","11015,4697265625","11038,7998046875","11038,7998046875","2331000"
"2018-03-15T01:00:00.0000000+00:00","11039,599609375","11052,1103515625","11008,1796875","11018,4501953125","11018,4501953125","2124400"
"2018-03-16T01:00:00.0000000+00:00","11010,240234375","11054,8603515625","10933,4599609375","11027,7001953125","11027,7001953125","3071600"
"2018-03-19T01:00:00.0000000+00:00","11004,8095703125","11066","10983,25","11046,900390625","11046,900390625","2206800"
"2018-03-20T01:00:00.0000000+00:00","11016,849609375","11020,7802734375","10981,0400390625","11010,83984375","11010,83984375","2159800"
"2018-03-21T01:00:00.0000000+00:00","11037,349609375","11072,3095703125","11011,0703125","11011,0703125","11011,0703125","2360400"
"2018-03-22T01:00:00.0000000+00:00","11045,900390625","11120,2001953125","10975,330078125","11005,83984375","11005,83984375","2637400"
"2018-03-23T01:00:00.0000000+00:00","10863,669921875","10863,669921875","10758,0595703125","10823,330078125","10823,330078125","2618800"
"2018-03-26T01:00:00.0000000+00:00","10783,5703125","10840,0498046875","10781,4296875","10840,0498046875","10840,0498046875","2048600"
"2018-03-27T01:00:00.0000000+00:00","10901,6904296875","10986,7900390625","10901,6904296875","10986,7900390625","10986,7900390625","2297400"
"2018-03-28T01:00:00.0000000+00:00","10939,9697265625","10939,9697265625","10853,48046875","10865,66015625","10865,66015625","1953100"
"2018-03-29T01:00:00.0000000+00:00","10855,66015625","10889,599609375","10815,4599609375","10845,919921875","10845,919921875","2158300"
"2018-03-30T01:00:00.0000000+00:00","10905,2998046875","10969,2197265625","10905,2998046875","10906,2197265625","10906,2197265625","2263300"
"2018-04-02T01:00:00.0000000+00:00","10936,259765625","10969,8798828125","10882,0498046875","10888,26953125","10888,26953125","2071400"
"2018-04-03T01:00:00.0000000+00:00","10837,5400390625","10837,5400390625","10775,4501953125","10821,5302734375","10821,5302734375","2124100"
"2018-04-09T01:00:00.0000000+00:00","10880,1396484375","10904,75","10829,01953125","10893,5302734375","10893,5302734375","2664500"
"2018-04-10T01:00:00.0000000+00:00","10885,6396484375","10975,669921875","10874,830078125","10927,1796875","10927,1796875","2943400"
"2018-04-11T01:00:00.0000000+00:00","10961,7001953125","11016,349609375","10953,3095703125","10974,01953125","10974,01953125","2560400"
"2018-04-12T01:00:00.0000000+00:00","10984,1201171875","11008,2001953125","10920,6201171875","10955,2900390625","10955,2900390625","2248200"
"2018-04-13T01:00:00.0000000+00:00","10975,580078125","10988,23046875","10938,3701171875","10965,3896484375","10965,3896484375","2400400"
"2018-04-16T01:00:00.0000000+00:00","10962,3603515625","10974,9404296875","10921,169921875","10954,5498046875","10954,5498046875","2341000"
"2018-04-17T01:00:00.0000000+00:00","10953,509765625","10965,2001953125","10799,0703125","10810,4501953125","10810,4501953125","2646400"
"2018-04-18T01:00:00.0000000+00:00","10842,8798828125","10917,599609375","10809,8896484375","10847,8896484375","10847,8896484375","2189700"
"2018-04-19T01:00:00.0000000+00:00","10891,66015625","10983,9599609375","10889,7099609375","10971,2197265625","10971,2197265625","2490200"
"2018-04-20T01:00:00.0000000+00:00","10802,419921875","10831,5595703125","10770,0498046875","10779,3798828125","10779,3798828125","2349600"
"2018-04-23T01:00:00.0000000+00:00","10756,8896484375","10774,73046875","10687,25","10697,1298828125","10697,1298828125","2324700"
"2018-04-24T01:00:00.0000000+00:00","10680,3798828125","10692,1904296875","10540,150390625","10579,5","10579,5","2664800"
"2018-04-25T01:00:00.0000000+00:00","10541,830078125","10573,73046875","10489,2001953125","10559,9697265625","10559,9697265625","2555100"
"2018-04-26T01:00:00.0000000+00:00","10583,080078125","10618,6796875","10478,98046875","10488,580078125","10488,580078125","2633700"
"2018-04-27T01:00:00.0000000+00:00","10546,2900390625","10573,6103515625","10495,669921875","10553,4296875","10553,4296875","2079000"
"2018-04-30T01:00:00.0000000+00:00","10553,41015625","10660,6103515625","10539,6298828125","10657,8798828125","10657,8798828125","2120800"
"2018-05-02T01:00:00.0000000+00:00","10665,51953125","10683,900390625","10601,099609375","10618,8095703125","10618,8095703125","2252100"
"2018-05-03T01:00:00.0000000+00:00","10578,98046875","10578,98046875","10509,0302734375","10514,1796875","10514,1796875","2113300"
"2018-05-04T01:00:00.0000000+00:00","10516,4501953125","10566,3701171875","10500,9697265625","10529,3701171875","10529,3701171875","2055900"
"2018-05-07T01:00:00.0000000+00:00","10581,7802734375","10632,6201171875","10555,5595703125","10604,91015625","10604,91015625","1965200"
"2018-05-08T01:00:00.0000000+00:00","10610,4404296875","10691,3798828125","10609,0400390625","10691,3798828125","10691,3798828125","2300800"
"2018-05-09T01:00:00.0000000+00:00","10692,8896484375","10748,599609375","10689,8095703125","10703,349609375","10703,349609375","2414400"
"2018-05-10T01:00:00.0000000+00:00","10731,6796875","10782,0595703125","10731,6796875","10760,2099609375","10760,2099609375","2472700"
"2018-05-11T01:00:00.0000000+00:00","10808,400390625","10874,6298828125","10808,400390625","10858,98046875","10858,98046875","2782800"
"2018-05-14T01:00:00.0000000+00:00","10938,2998046875","10970,240234375","10908,8603515625","10952,3896484375","10952,3896484375","2550800"
"2018-05-15T01:00:00.0000000+00:00","10965,080078125","10978,3798828125","10874,73046875","10874,73046875","10874,73046875","2652800"
"2018-05-16T01:00:00.0000000+00:00","10873,5400390625","10915,740234375","10865,0703125","10897,5703125","10897,5703125","2905400"
"2018-05-17T01:00:00.0000000+00:00","10911,740234375","10938,6298828125","10833,8095703125","10833,8095703125","10833,8095703125","2510000"
"2018-05-18T01:00:00.0000000+00:00","10844,08984375","10893,349609375","10819,0703125","10830,83984375","10830,83984375","2570800"
"2018-05-21T01:00:00.0000000+00:00","10861,66015625","10979,099609375","10861,66015625","10966,2001953125","10966,2001953125","2401700"
"2018-05-22T01:00:00.0000000+00:00","10986,76953125","11034,1201171875","10938,73046875","10938,73046875","10938,73046875","2535800"
"2018-05-23T01:00:00.0000000+00:00","10974,51953125","10991,8603515625","10886,1796875","10886,1796875","10886,1796875","2468500"
"2018-05-24T01:00:00.0000000+00:00","10910,6103515625","10942,6396484375","10883,51953125","10936,9296875","10936,9296875","2239900"
"2018-05-25T01:00:00.0000000+00:00","10946,6201171875","10977,8095703125","10918,1201171875","10942,2998046875","10942,2998046875","2219900"
"2018-05-28T01:00:00.0000000+00:00","10976,490234375","10999,4296875","10965,1796875","10987,76953125","10987,76953125","2463800"
"2018-05-29T01:00:00.0000000+00:00","10979,6796875","10986,5302734375","10929,5595703125","10964,1201171875","10964,1201171875","2424700"
"2018-05-30T01:00:00.0000000+00:00","10925,2099609375","10925,2099609375","10799,75","10821,169921875","10821,169921875","3159000"
"2018-05-31T01:00:00.0000000+00:00","10856,0302734375","10909,6103515625","10853,650390625","10874,9599609375","10874,9599609375","4494100"
"2018-06-01T01:00:00.0000000+00:00","10882,6796875","10954,669921875","10876,9697265625","10949,080078125","10949,080078125","2817400"
"2018-06-04T01:00:00.0000000+00:00","11002,150390625","11109,5","11002,150390625","11109,5","11109,5","2890900"
"2018-06-05T01:00:00.0000000+00:00","11130,0302734375","11131,080078125","11054,6201171875","11100,1103515625","11100,1103515625","3024000"
"2018-06-06T01:00:00.0000000+00:00","11111,1396484375","11207,150390625","11111,1396484375","11201,830078125","11201,830078125","3038200"
"2018-06-07T01:00:00.0000000+00:00","11228,6396484375","11261,6796875","11188,990234375","11251,75","11251,75","3563000"
"2018-06-08T01:00:00.0000000+00:00","11243,58984375","11243,58984375","11122,98046875","11156,419921875","11156,419921875","2935100"
"2018-06-11T01:00:00.0000000+00:00","11168,990234375","11186,669921875","11118,8095703125","11149,23046875","11149,23046875","2763200"
"2018-06-12T01:00:00.0000000+00:00","11140,01953125","11160,0498046875","11088,5302734375","11144,7900390625","11144,7900390625","3009100"
"2018-06-13T01:00:00.0000000+00:00","11153,2001953125","11188,009765625","11119,240234375","11173,2099609375","11173,2099609375","3259400"
"2018-06-14T01:00:00.0000000+00:00","11143,0400390625","11143,0400390625","11013,98046875","11013,98046875","11013,98046875","3145600"
"2018-06-15T01:00:00.0000000+00:00","10998,2001953125","11087,4697265625","10981,6103515625","11087,4697265625","11087,4697265625","3547100"
"2018-06-19T01:00:00.0000000+00:00","11008,76953125","11008,76953125","10904,1904296875","10904,1904296875","10904,1904296875","3158000"
"2018-06-20T01:00:00.0000000+00:00","10904,7998046875","10969,2001953125","10842,5595703125","10927,4404296875","10927,4404296875","3060000"
"2018-06-21T01:00:00.0000000+00:00","10949,849609375","10992,3095703125","10941,0703125","10941,0703125","10941,0703125","2522200"
"2018-06-22T01:00:00.0000000+00:00","10901,25","10914,830078125","10828,8603515625","10899,2802734375","10899,2802734375","2733900"
"2018-06-25T01:00:00.0000000+00:00","10834,0703125","10851,16015625","10786,4599609375","10786,4599609375","10786,4599609375","2393700"
"2018-06-26T01:00:00.0000000+00:00","10730,900390625","10752,990234375","10651,419921875","10742,169921875","10742,169921875","2616000"
"2018-06-27T01:00:00.0000000+00:00","10766,8798828125","10800,33984375","10701,0302734375","10701,0302734375","10701,0302734375","2357900"
"2018-06-28T01:00:00.0000000+00:00","10669,419921875","10723,83984375","10633,009765625","10654,2802734375","10654,2802734375","2259600"
"2018-06-29T01:00:00.0000000+00:00","10667,6396484375","10836,91015625","10667,6396484375","10836,91015625","10836,91015625","2256100"
"2018-07-02T01:00:00.0000000+00:00","10852,169921875","10886,2001953125","10777,9404296875","10777,9404296875","10777,9404296875","2244500"
"2018-07-03T01:00:00.0000000+00:00","10802,8798828125","10873,48046875","10707,6796875","10715,7197265625","10715,7197265625","2685900"
"2018-07-04T01:00:00.0000000+00:00","10714,25","10752,0498046875","10680,4404296875","10721,8701171875","10721,8701171875","2081200"
"2018-07-05T01:00:00.0000000+00:00","10690,91015625","10709,7998046875","10585,26953125","10611,8095703125","10611,8095703125","2075800"
"2018-07-06T01:00:00.0000000+00:00","10645,66015625","10665,7197265625","10523,580078125","10608,5703125","10608,5703125","2613100"
"2018-07-09T01:00:00.0000000+00:00","10638,900390625","10746,740234375","10638,900390625","10720,2802734375","10720,2802734375","2329300"
"2018-07-10T01:00:00.0000000+00:00","10737,6201171875","10776,4697265625","10728,240234375","10756,8896484375","10756,8896484375","2427500"
"2018-07-11T01:00:00.0000000+00:00","10693,6396484375","10693,6396484375","10635,0302734375","10676,83984375","10676,83984375","2140700"
"2018-07-12T01:00:00.0000000+00:00","10644,91015625","10752,5703125","10643,650390625","10738,3798828125","10738,3798828125","2053500"
"2018-07-13T01:00:00.0000000+00:00","10769,7001953125","10864,5400390625","10769,7001953125","10864,5400390625","10864,5400390625","2134000"
"2018-07-16T01:00:00.0000000+00:00","10867,9697265625","10890,2001953125","10817,4501953125","10817,4501953125","10817,4501953125","1889400"
"2018-07-17T01:00:00.0000000+00:00","10802,75","10818,83984375","10758,830078125","10778,990234375","10778,990234375","2029100"
"2018-07-18T01:00:00.0000000+00:00","10811,4296875","10872,740234375","10788,3701171875","10842,4599609375","10842,4599609375","2388600"
"2018-07-19T01:00:00.0000000+00:00","10868,5595703125","10896,25","10826,1396484375","10835,3798828125","10835,3798828125","2052700"
"2018-07-20T01:00:00.0000000+00:00","10932,509765625","10963,9501953125","10893,73046875","10932,1103515625","10932,1103515625","2245800"
"2018-07-23T01:00:00.0000000+00:00","10929,4599609375","10984,83984375","10901,75","10946,8896484375","10946,8896484375","2153400"
"2018-07-24T01:00:00.0000000+00:00","10937,76953125","10995,3896484375","10917,6103515625","10995,3896484375","10995,3896484375","2213600"
"2018-07-25T01:00:00.0000000+00:00","10957,66015625","10992,2900390625","10956","10965,7900390625","10965,7900390625","1970700"
"2018-07-26T01:00:00.0000000+00:00","10969,349609375","11018,1904296875","10966,330078125","11010,6103515625","11010,6103515625","2336000"
"2018-07-27T01:00:00.0000000+00:00","11023,0703125","11075,7802734375","11009,16015625","11075,7802734375","11075,7802734375","2230900"
"2018-07-30T01:00:00.0000000+00:00","11072,7001953125","11080,41015625","11001,150390625","11033,5400390625","11033,5400390625","2141500"
"2018-07-31T01:00:00.0000000+00:00","10997,73046875","11057,509765625","10976,4599609375","11057,509765625","11057,509765625","2513500"
"2018-08-01T01:00:00.0000000+00:00","11062,3603515625","11100,01953125","11058,2802734375","11098,1298828125","11098,1298828125","2144000"
"2018-08-02T01:00:00.0000000+00:00","11095,669921875","11095,669921875","10919,1298828125","10929,76953125","10929,76953125","2168200"
"2018-08-03T01:00:00.0000000+00:00","10957,2998046875","11012,4296875","10957,2998046875","11012,4296875","11012,4296875","1956900"
"2018-08-06T01:00:00.0000000+00:00","10997,259765625","11054,490234375","10994,9697265625","11024,099609375","11024,099609375","1896400"
"2018-08-07T01:00:00.0000000+00:00","11024,9697265625","11030,08984375","10983,4404296875","10983,4404296875","10983,4404296875","1987900"
"2018-08-08T01:00:00.0000000+00:00","11026,0703125","11095,5","11026,0703125","11075,25","11075,25","2141000"
"2018-08-09T01:00:00.0000000+00:00","11063,6201171875","11063,6201171875","11001,9599609375","11028,0703125","11028,0703125","2004300"
"2018-08-10T01:00:00.0000000+00:00","11009,9599609375","11033,8896484375","10972,25","10983,6796875","10983,6796875","2143300"
"2018-08-13T01:00:00.0000000+00:00","10939,6796875","10939,6796875","10693,73046875","10748,919921875","10748,919921875","2883800"
"2018-08-14T01:00:00.0000000+00:00","10797,9501953125","10829,849609375","10755,5302734375","10824,23046875","10824,23046875","2280700"
"2018-08-15T01:00:00.0000000+00:00","10827,2802734375","10827,2802734375","10688,58984375","10716,75","10716,75","2450800"
"2018-08-16T01:00:00.0000000+00:00","10663,5703125","10725,7099609375","10606,259765625","10683,900390625","10683,900390625","2348700"
"2018-08-17T01:00:00.0000000+00:00","10702,599609375","10757,009765625","10688,5498046875","10690,9599609375","10690,9599609375","2069100"
"2018-08-20T01:00:00.0000000+00:00","10698,759765625","10729,900390625","10663,4404296875","10699,0498046875","10699,0498046875","2057400"
"2018-08-21T01:00:00.0000000+00:00","10697,009765625","10792,2001953125","10697,009765625","10792,2001953125","10792,2001953125","1972500"
"2018-08-22T01:00:00.0000000+00:00","10790,240234375","10828,2099609375","10774,6904296875","10804,2001953125","10804,2001953125","2018400"
"2018-08-23T01:00:00.0000000+00:00","10817,330078125","10863,1298828125","10802,7900390625","10863,1298828125","10863,1298828125","1938600"
"2018-08-24T01:00:00.0000000+00:00","10865,91015625","10865,91015625","10770,3203125","10809,349609375","10809,349609375","1748700"
"2018-08-27T01:00:00.0000000+00:00","10847,169921875","10916,6904296875","10847,169921875","10902,2099609375","10902,2099609375","1710800"
"2018-08-28T01:00:00.0000000+00:00","10946,330078125","11005,5498046875","10946,330078125","10989,5498046875","10989,5498046875","1940600"
"2018-08-29T01:00:00.0000000+00:00","11029,1201171875","11099,5703125","11029,1103515625","11099,5703125","11099,5703125","1822900"
"2018-08-30T01:00:00.0000000+00:00","11153,9697265625","11186,0498046875","11080,0703125","11093,75","11093,75","1915800"
"2018-08-31T01:00:00.0000000+00:00","11037,259765625","11063,9404296875","10987,6796875","11063,9404296875","11063,9404296875","2081900"
"2018-09-03T01:00:00.0000000+00:00","11087,8603515625","11097,1103515625","10952,849609375","10964,2197265625","10964,2197265625","1897900"
"2018-09-04T01:00:00.0000000+00:00","10981,3896484375","11028,26953125","10956,490234375","11021,3798828125","11021,3798828125","1653400"
"2018-09-05T01:00:00.0000000+00:00","11042,41015625","11058,0595703125","10989,9296875","10995,1298828125","10995,1298828125","1898700"
"2018-09-06T01:00:00.0000000+00:00","11016,919921875","11016,919921875","10905,33984375","10924,2998046875","10924,2998046875","2038400"
"2018-09-07T01:00:00.0000000+00:00","10922,5498046875","10922,5498046875","10807,5595703125","10846,990234375","10846,990234375","2491300"
"2018-09-10T01:00:00.0000000+00:00","10869,7998046875","10877,7197265625","10689,2900390625","10725,7998046875","10725,7998046875","2600600"
"2018-09-11T01:00:00.0000000+00:00","10723","10765,419921875","10669,58984375","10752,2998046875","10752,2998046875","2098700"
"2018-09-12T01:00:00.0000000+00:00","10762,91015625","10779,9296875","10667,25","10722,5703125","10722,5703125","1938500"
"2018-09-13T01:00:00.0000000+00:00","10726,669921875","10758,83984375","10701,25","10727,23046875","10727,23046875","1811500"
"2018-09-14T01:00:00.0000000+00:00","10776,5302734375","10882,0400390625","10770,4697265625","10868,1396484375","10868,1396484375","2068800"
"2018-09-17T01:00:00.0000000+00:00","10881,7802734375","10883,98046875","10806,73046875","10828,6103515625","10828,6103515625","1698100"
"2018-09-18T01:00:00.0000000+00:00","10794,2197265625","10806,5595703125","10750,8095703125","10760,2099609375","10760,2099609375","1938500"
"2018-09-19T01:00:00.0000000+00:00","10808,5","10882,75","10808,5","10857,26953125","10857,26953125","1999200"
"2018-09-20T01:00:00.0000000+00:00","10886,1904296875","10908,3603515625","10814,5400390625","10831,41015625","10831,41015625","2090900"
"2018-09-21T01:00:00.0000000+00:00","10857,099609375","10972,41015625","10835,83984375","10972,41015625","10972,41015625","2539000"
"2018-09-25T01:00:00.0000000+00:00","10959,5595703125","11003,490234375","10941,76953125","10978,849609375","10978,849609375","1987200"
"2018-09-26T01:00:00.0000000+00:00","10974,080078125","11007,349609375","10947,2900390625","10974,1904296875","10974,1904296875","1855200"
"2018-09-27T01:00:00.0000000+00:00","10973,76953125","11051,08984375","10961,26953125","11034,1904296875","11034,1904296875","2089800"
"2018-09-28T01:00:00.0000000+00:00","11050,08984375","11073,9501953125","10966,9599609375","11006,33984375","11006,33984375","2192700"
"2018-10-01T01:00:00.0000000+00:00","11014,1904296875","11062,4296875","11012,9501953125","11051,7998046875","11051,7998046875","1646700"
"2018-10-02T01:00:00.0000000+00:00","11048,8896484375","11064,33984375","10906,419921875","10919,6298828125","10919,6298828125","1802400"
"2018-10-03T01:00:00.0000000+00:00","10918,740234375","10926,73046875","10839,4599609375","10863,9404296875","10863,9404296875","1696000"
"2018-10-04T01:00:00.0000000+00:00","10826,1904296875","10826,1904296875","10707,759765625","10718,91015625","10718,91015625","1874000"
"2018-10-05T01:00:00.0000000+00:00","10665,2900390625","10669,6298828125","10446,9404296875","10517,1201171875","10517,1201171875","2735700"
"2018-10-08T01:00:00.0000000+00:00","10467,849609375","10507,830078125","10403,1298828125","10455,9296875","10455,9296875","1796600"
"2018-10-09T01:00:00.0000000+00:00","10464,3896484375","10503,099609375","10428,9697265625","10466,830078125","10466,830078125","2097200"
"2018-10-11T01:00:00.0000000+00:00","10272,0400390625","10272,0400390625","9797,9296875","9806,1103515625","9806,1103515625","4348500"
"2018-10-12T01:00:00.0000000+00:00","9811,580078125","10046,009765625","9740,759765625","10045,8095703125","10045,8095703125","2724400"
"2018-10-15T01:00:00.0000000+00:00","9989,6298828125","9989,6298828125","9890,4697265625","9901,1201171875","9901,1201171875","2044700"
"2018-10-16T01:00:00.0000000+00:00","9891,9697265625","10011,1904296875","9888,73046875","9981,099609375","9981,099609375","1888800"
"2018-10-17T01:00:00.0000000+00:00","10048,4296875","10127,009765625","9978,25","9979,1396484375","9979,1396484375","1856700"
"2018-10-18T01:00:00.0000000+00:00","9975,4599609375","10019,5","9919,7900390625","9953,73046875","9953,73046875","1611800"
"2018-10-19T01:00:00.0000000+00:00","9879,4697265625","9919,259765625","9762,91015625","9919,259765625","9919,259765625","2417000"
"2018-10-22T01:00:00.0000000+00:00","9871,2998046875","9984,150390625","9822,150390625","9974,2802734375","9974,2802734375","1481700"
"2018-10-23T01:00:00.0000000+00:00","9912,2802734375","9912,2802734375","9775,2001953125","9775,2001953125","9775,2001953125","1711300"
"2018-10-24T01:00:00.0000000+00:00","9774,2900390625","9809,1904296875","9667,849609375","9759,400390625","9759,400390625","2135200"
"2018-10-25T01:00:00.0000000+00:00","9622,9501953125","9622,9501953125","9475,6103515625","9520,7900390625","9520,7900390625","2456900"
"2018-10-26T01:00:00.0000000+00:00","9570,1904296875","9629,0703125","9400,6904296875","9489,1796875","9489,1796875","2247500"
"2018-10-29T01:00:00.0000000+00:00","9515,4296875","9554,349609375","9459,1201171875","9516,3203125","9516,3203125","1787600"
"2018-10-30T01:00:00.0000000+00:00","9508,8095703125","9574,830078125","9481,66015625","9526,1103515625","9526,1103515625","1671600"
"2018-10-31T01:00:00.0000000+00:00","9588,8603515625","9802,1298828125","9588,8603515625","9802,1298828125","9802,1298828125","2211300"
"2018-11-01T01:00:00.0000000+00:00","9812,2001953125","9869,58984375","9742,6103515625","9844,740234375","9844,740234375","1992200"
"2018-11-02T01:00:00.0000000+00:00","9871,400390625","9906,58984375","9817,2900390625","9906,58984375","9906,58984375","2238700"
"2018-11-05T01:00:00.0000000+00:00","9856,849609375","9889,8095703125","9786,25","9889,8095703125","9889,8095703125","1847700"
"2018-11-06T01:00:00.0000000+00:00","9888,41015625","9899,9697265625","9782,8603515625","9824,9501953125","9824,9501953125","1984100"
"2018-11-07T01:00:00.0000000+00:00","9818,150390625","9912,5302734375","9817,9501953125","9908,349609375","9908,349609375","1867900"
"2018-11-08T01:00:00.0000000+00:00","9958,4697265625","10014,419921875","9938,5498046875","9945,3095703125","9945,3095703125","2038400"
"2018-11-09T01:00:00.0000000+00:00","9921,7802734375","9921,7802734375","9798,4501953125","9830,009765625","9830,009765625","1597500"
"2018-11-12T01:00:00.0000000+00:00","9806,7998046875","9875,83984375","9764,4599609375","9831,2099609375","9831,2099609375","1553300"
"2018-11-13T01:00:00.0000000+00:00","9727,169921875","9777,349609375","9616,16015625","9775,83984375","9775,83984375","1893900"
"2018-11-14T01:00:00.0000000+00:00","9799,6904296875","9823,25","9763,8896484375","9791,8798828125","9791,8798828125","1936800"
"2018-11-15T01:00:00.0000000+00:00","9806,580078125","9844,3896484375","9755,1201171875","9826,4599609375","9826,4599609375","1981500"
"2018-11-16T01:00:00.0000000+00:00","9819,0498046875","9851,2900390625","9770,8701171875","9797,08984375","9797,08984375","2128300"
"2018-11-19T01:00:00.0000000+00:00","9795,4697265625","9836,01953125","9779,400390625","9828,6904296875","9828,6904296875","1612100"
"2018-11-20T01:00:00.0000000+00:00","9788,9501953125","9800,0302734375","9726,7998046875","9743,990234375","9743,990234375","1494300"
"2018-11-21T01:00:00.0000000+00:00","9698,51953125","9753,6904296875","9632,4697265625","9741,51953125","9741,51953125","1656500"
"2018-11-22T01:00:00.0000000+00:00","9769,330078125","9792,990234375","9702,76953125","9714,7099609375","9714,7099609375","1653700"
"2018-11-23T01:00:00.0000000+00:00","9730,6396484375","9738,7998046875","9654,91015625","9667,2998046875","9667,2998046875","1478500"
"2018-11-26T01:00:00.0000000+00:00","9679,98046875","9847,349609375","9679,98046875","9765,3603515625","9765,3603515625","1721700"
"2018-11-27T01:00:00.0000000+00:00","9728,9501953125","9781,400390625","9688,740234375","9778,6201171875","9778,6201171875","1887000"
"2018-11-28T01:00:00.0000000+00:00","9774,0302734375","9890,8896484375","9767,1396484375","9884,3095703125","9884,3095703125","2320700"
"2018-11-29T01:00:00.0000000+00:00","9959,8701171875","10001,849609375","9885,3603515625","9885,3603515625","9885,3603515625","2548900"
"2018-11-30T01:00:00.0000000+00:00","9899,240234375","9957,6298828125","9888,0302734375","9888,0302734375","9888,0302734375","3655700"
"2018-12-03T01:00:00.0000000+00:00","9979,2099609375","10148,75","9979,2099609375","10137,8701171875","10137,8701171875","3055000"
"2018-12-04T01:00:00.0000000+00:00","10120,4296875","10126,01953125","10061,7001953125","10083,5400390625","10083,5400390625","2576200"
"2018-12-05T01:00:00.0000000+00:00","9971,98046875","9971,98046875","9895,2900390625","9916,740234375","9916,740234375","2025400"
"2018-12-06T01:00:00.0000000+00:00","9850,080078125","9850,080078125","9664,75","9684,7197265625","9684,7197265625","2658000"
"2018-12-07T01:00:00.0000000+00:00","9719,4599609375","9785,2001953125","9719,4599609375","9760,8798828125","9760,8798828125","1716300"
"2018-12-10T01:00:00.0000000+00:00","9722,9697265625","9722,9697265625","9626,4697265625","9647,5400390625","9647,5400390625","1868800"
"2018-12-11T01:00:00.0000000+00:00","9661,7197265625","9720,9599609375","9661,7197265625","9707,0400390625","9707,0400390625","1768400"
"2018-12-12T01:00:00.0000000+00:00","9741,4501953125","9835,5595703125","9741,4501953125","9816,4501953125","9816,4501953125","1860200"
"2018-12-13T01:00:00.0000000+00:00","9827,3203125","9871,9599609375","9815,5","9858,759765625","9858,759765625","2034600"
"2018-12-14T01:00:00.0000000+00:00","9818,9501953125","9818,9501953125","9718,9404296875","9774,16015625","9774,16015625","1837600"
"2018-12-17T01:00:00.0000000+00:00","9762,490234375","9826,8798828125","9733,98046875","9787,5302734375","9787,5302734375","1597900"
"2018-12-18T01:00:00.0000000+00:00","9756,4599609375","9756,669921875","9701,099609375","9718,8203125","9718,8203125","1881600"
"2018-12-19T01:00:00.0000000+00:00","9720,919921875","9783,2099609375","9720,919921875","9783,2099609375","9783,2099609375","1782800"
"2018-12-20T01:00:00.0000000+00:00","9729,2900390625","9741,5498046875","9658,5","9674,51953125","9674,51953125","1696500"
"2018-12-21T01:00:00.0000000+00:00","9648,98046875","9683,9501953125","9585,3203125","9676,669921875","9676,669921875","2087300"
"2018-12-24T01:00:00.0000000+00:00","9646,5302734375","9658,9501953125","9613,2900390625","9639,7001953125","9639,7001953125","1385100"
"2018-12-25T01:00:00.0000000+00:00","9559,7001953125","9559,7001953125","9479,0595703125","9527,08984375","9527,08984375","1458500"
"2018-12-26T01:00:00.0000000+00:00","9544,8701171875","9591,91015625","9473,2998046875","9478,990234375","9478,990234375","1299700"
"2018-12-27T01:00:00.0000000+00:00","9555,009765625","9670,9697265625","9555,009765625","9641,5595703125","9641,5595703125","1511100"
"2018-12-28T01:00:00.0000000+00:00","9649,9697265625","9727,41015625","9630,76953125","9727,41015625","9727,41015625","1411300"
