"source_timestamp_utc","open","high","low","close","adj_close","volume"
"2007-01-03T14:30:00.0000000+00:00","25,06999969482422","25,094999313354492","24,350000381469727","24,530000686645508","21,97113609313965","9000"
"2007-01-04T14:30:00.0000000+00:00","24,59000015258789","25,110000610351562","24,59000015258789","25,05500030517578","22,441356658935547","4200"
"2007-01-05T14:30:00.0000000+00:00","24,475000381469727","24,625","24,43000030517578","24,625","22,056222915649414","5800"
"2007-01-08T14:30:00.0000000+00:00","24,674999237060547","24,825000762939453","24,53499984741211","24,65999984741211","22,087566375732422","13400"
"2007-01-09T14:30:00.0000000+00:00","24,645000457763672","24,80500030517578","24,614999771118164","24,780000686645508","22,195053100585938","520800"
"2007-01-10T14:30:00.0000000+00:00","24,75","25,264999389648438","24,75","25,225000381469727","22,593629837036133","61400"
"2007-01-11T14:30:00.0000000+00:00","25,575000762939453","25,575000762939453","25,270000457763672","25,360000610351562","22,714550018310547","28000"
"2007-01-12T14:30:00.0000000+00:00","25,360000610351562","25,594999313354492","25,28499984741211","25,594999313354492","22,92503547668457","21600"
"2007-01-16T14:30:00.0000000+00:00","25,549999237060547","25,549999237060547","25,209999084472656","25,30500030517578","22,665294647216797","421600"
"2007-01-17T14:30:00.0000000+00:00","25,049999237060547","25,135000228881836","25","25,010000228881836","22,401065826416016","10800"
"2007-01-18T14:30:00.0000000+00:00","24,709999084472656","24,709999084472656","24,204999923706055","24,28499984741211","21,75168800354004","19800"
"2007-01-19T14:30:00.0000000+00:00","24,239999771118164","24,584999084472656","24,239999771118164","24,479999542236328","21,92634391784668","515400"
"2007-01-22T14:30:00.0000000+00:00","24,204999923706055","24,204999923706055","24,09000015258789","24,100000381469727","21,58598518371582","915600"
"2007-01-23T14:30:00.0000000+00:00","24,200000762939453","24,424999237060547","24,200000762939453","24,28499984741211","21,75168800354004","209400"
"2007-01-24T14:30:00.0000000+00:00","24,399999618530273","24,780000686645508","24,399999618530273","24,760000228881836","22,177139282226562","300200"
"2007-01-25T14:30:00.0000000+00:00","24,84000015258789","24,989999771118164","24,540000915527344","24,540000915527344","21,98008155822754","291400"
"2007-01-26T14:30:00.0000000+00:00","24,584999084472656","25,010000228881836","24,584999084472656","24,950000762939453","22,347320556640625","225200"
"2007-01-29T14:30:00.0000000+00:00","24,739999771118164","24,834999084472656","24,565000534057617","24,56999969482422","22,006956100463867","3400"
"2007-01-30T14:30:00.0000000+00:00","24,6299991607666","24,65999984741211","24,575000762939453","24,6299991607666","22,06069564819336","126800"
"2007-01-31T14:30:00.0000000+00:00","24,375","24,614999771118164","24,260000228881836","24,600000381469727","22,03383445739746","120200"
"2007-02-01T14:30:00.0000000+00:00","24,854999542236328","24,854999542236328","24,635000228881836","24,735000610351562","22,154739379882812","14800"
"2007-02-02T14:30:00.0000000+00:00","24,825000762939453","25,1200008392334","24,825000762939453","24,950000762939453","22,347320556640625","322400"
"2007-02-05T14:30:00.0000000+00:00","24,975000381469727","25,28499984741211","24,924999237060547","25,170000076293945","22,54436683654785","340800"
"2007-02-06T14:30:00.0000000+00:00","25,030000686645508","25,065000534057617","24,719999313354492","25,0049991607666","22,396583557128906","357200"
"2007-02-07T14:30:00.0000000+00:00","25,315000534057617","25,545000076293945","25,290000915527344","25,399999618530273","22,75037956237793","510800"
"2007-02-08T14:30:00.0000000+00:00","25,420000076293945","25,420000076293945","25,200000762939453","25,299999237060547","22,660799026489258","12200"
"2007-02-09T14:30:00.0000000+00:00","25,584999084472656","25,68000030517578","25,0049991607666","25,075000762939453","22,45926856994629","226800"
"2007-02-12T14:30:00.0000000+00:00","25,049999237060547","25,049999237060547","24,655000686645508","24,700000762939453","22,12340545654297","710800"
"2007-02-13T14:30:00.0000000+00:00","24,864999771118164","24,895000457763672","24,670000076293945","24,790000915527344","22,204011917114258","179800"
"2007-02-14T14:30:00.0000000+00:00","24,9950008392334","25,229999542236328","24,9950008392334","25,19499969482422","22,56676483154297","762400"
"2007-02-15T14:30:00.0000000+00:00","25,25","25,329999923706055","25,19499969482422","25,309999465942383","22,669761657714844","10600"
"2007-02-16T14:30:00.0000000+00:00","25,25","25,309999465942383","25,184999465942383","25,28499984741211","22,647371292114258","73800"
"2007-02-20T14:30:00.0000000+00:00","25,200000762939453","25,315000534057617","25,065000534057617","25,30500030517578","22,665294647216797","419600"
"2007-02-21T14:30:00.0000000+00:00","25,174999237060547","25,260000228881836","25,149999618530273","25,260000228881836","22,6249942779541","5400"
"2007-02-22T14:30:00.0000000+00:00","25,8799991607666","26,1299991607666","25,8799991607666","26,125","23,399747848510742","944000"
"2007-02-23T14:30:00.0000000+00:00","26,125","26,309999465942383","26,125","26,239999771118164","23,50274658203125","237600"
"2007-02-26T14:30:00.0000000+00:00","26,399999618530273","26,399999618530273","26,075000762939453","26,2549991607666","23,516197204589844","356400"
"2007-02-27T14:30:00.0000000+00:00","25,635000228881836","26,03499984741211","25,375","25,395000457763672","22,745899200439453","106200"
"2007-02-28T14:30:00.0000000+00:00","25,475000381469727","25,68000030517578","25,229999542236328","25,485000610351562","22,82651710510254","394400"
"2007-03-01T14:30:00.0000000+00:00","25,045000076293945","25,440000534057617","24,934999465942383","25,295000076293945","22,65633773803711","808000"
"2007-03-02T14:30:00.0000000+00:00","25,125","25,149999618530273","24,78499984741211","24,78499984741211","22,19953155517578","315200"
"2007-03-05T14:30:00.0000000+00:00","24,420000076293945","24,8700008392334","24,420000076293945","24,420000076293945","21,872604370117188","437600"
"2007-03-06T14:30:00.0000000+00:00","24,8700008392334","24,954999923706055","24,8700008392334","24,93000030517578","22,32940673828125","12400"
"2007-03-07T14:30:00.0000000+00:00","24,90999984741211","24,93000030517578","24,665000915527344","24,885000228881836","22,289094924926758","444200"
"2007-03-08T14:30:00.0000000+00:00","25,059999465942383","25,145000457763672","25,014999389648438","25,079999923706055","22,463764190673828","16400"
"2007-03-09T14:30:00.0000000+00:00","25,610000610351562","25,610000610351562","25,329999923706055","25,375","22,727985382080078","314400"
"2007-03-12T13:30:00.0000000+00:00","25,475000381469727","25,6200008392334","25,475000381469727","25,524999618530273","22,862337112426758","13000"
"2007-03-13T13:30:00.0000000+00:00","25,375","25,459999084472656","25,084999084472656","25,094999313354492","22,477188110351562","504400"
"2007-03-14T13:30:00.0000000+00:00","25","25,104999542236328","24,80500030517578","25","22,392101287841797","13200"
"2007-03-15T13:30:00.0000000+00:00","25,049999237060547","25,104999542236328","25,030000686645508","25,059999465942383","22,445846557617188","6600"
"2007-03-16T13:30:00.0000000+00:00","25,05500030517578","25,05500030517578","24,725000381469727","24,774999618530273","22,209630966186523","485200"
"2007-03-19T13:30:00.0000000+00:00","24,93000030517578","24,975000381469727","24,65999984741211","24,670000076293945","22,115507125854492","335600"
"2007-03-20T13:30:00.0000000+00:00","24,850000381469727","24,895000457763672","24,809999465942383","24,809999465942383","22,241004943847656","19800"
"2007-03-21T13:30:00.0000000+00:00","24,799999237060547","25,225000381469727","24,799999237060547","25,149999618530273","22,545795440673828","4200"
"2007-03-22T13:30:00.0000000+00:00","25,100000381469727","25,100000381469727","24,850000381469727","24,8700008392334","22,294797897338867","710600"
"2007-03-23T13:30:00.0000000+00:00","24,96500015258789","25,065000534057617","24,90999984741211","24,975000381469727","22,388917922973633","3400"
"2007-03-26T13:30:00.0000000+00:00","24,90999984741211","24,985000610351562","24,780000686645508","24,915000915527344","22,33513641357422","203600"
"2007-03-27T13:30:00.0000000+00:00","24,889999389648438","24,96500015258789","24,885000228881836","24,885000228881836","22,30823516845703","10400"
"2007-03-28T13:30:00.0000000+00:00","24,649999618530273","24,69499969482422","24,510000228881836","24,545000076293945","22,003446578979492","19000"
"2007-03-29T13:30:00.0000000+00:00","24,5049991607666","24,5049991607666","23,975000381469727","24,125","21,62693977355957","12600"
"2007-03-30T13:30:00.0000000+00:00","24,299999237060547","24,40999984741211","24,155000686645508","24,40999984741211","21,88241958618164","38800"
"2007-04-02T13:30:00.0000000+00:00","24,334999084472656","24,334999084472656","24,079999923706055","24,190000534057617","21,685205459594727","392400"
"2007-04-03T13:30:00.0000000+00:00","24,274999618530273","24,56999969482422","24,204999923706055","24,415000915527344","21,88690757751465","1604000"
"2007-04-04T13:30:00.0000000+00:00","24,454999923706055","24,540000915527344","24,450000762939453","24,510000228881836","21,972068786621094","618000"
"2007-04-05T13:30:00.0000000+00:00","24,540000915527344","24,704999923706055","24,53499984741211","24,65999984741211","22,106534957885742","1609200"
"2007-04-09T13:30:00.0000000+00:00","24,75","24,75","24,450000762939453","24,53499984741211","21,994482040405273","616400"
"2007-04-10T13:30:00.0000000+00:00","24,59000015258789","24,604999542236328","24,469999313354492","24,604999542236328","22,057231903076172","1351600"
"2007-04-11T13:30:00.0000000+00:00","24,469999313354492","24,59000015258789","24,389999389648438","24,420000076293945","21,891382217407227","485600"
"2007-04-12T13:30:00.0000000+00:00","24,405000686645508","24,719999313354492","24,405000686645508","24,719999313354492","22,160327911376953","150800"
"2007-04-13T13:30:00.0000000+00:00","24,530000686645508","24,739999771118164","24,530000686645508","24,739999771118164","22,178255081176758","159800"
"2007-04-16T13:30:00.0000000+00:00","24,770000457763672","24,854999542236328","24,639999389648438","24,799999237060547","22,232036590576172","546000"
"2007-04-17T13:30:00.0000000+00:00","24,725000381469727","24,834999084472656","24,725000381469727","24,834999084472656","22,263408660888672","1000"
"2007-04-18T13:30:00.0000000+00:00","25,239999771118164","25,55500030517578","25,239999771118164","25,389999389648438","22,76094627380371","21200"
"2007-04-19T13:30:00.0000000+00:00","25,235000610351562","25,889999389648438","25,235000610351562","25,7549991607666","23,08815574645996","20200"
"2007-04-20T13:30:00.0000000+00:00","26,024999618530273","26,024999618530273","25,600000381469727","25,75","23,08367347717285","15000"
"2007-04-23T13:30:00.0000000+00:00","25,75","25,75","25,6200008392334","25,6299991607666","22,976104736328125","7200"
"2007-04-24T13:30:00.0000000+00:00","26,100000381469727","26,46500015258789","26,059999465942383","26,424999237060547","23,68877601623535","190600"
"2007-04-25T13:30:00.0000000+00:00","26,424999237060547","26,684999465942383","26,290000915527344","26,655000686645508","23,89496612548828","590400"
"2007-04-26T13:30:00.0000000+00:00","26,385000228881836","26,625","26,385000228881836","26,610000610351562","23,8546199798584","4200"
"2007-04-27T13:30:00.0000000+00:00","26,514999389648438","26,524999618530273","26,2450008392334","26,3700008392334","23,639480590820312","293800"
"2007-04-30T13:30:00.0000000+00:00","26,25","26,25","25,950000762939453","25,950000762939453","23,262968063354492","219400"
"2007-05-01T13:30:00.0000000+00:00","25,950000762939453","25,950000762939453","25,684999465942383","25,850000381469727","23,173315048217773","1908600"
"2007-05-02T13:30:00.0000000+00:00","26,03499984741211","26,309999465942383","26,010000228881836","26,239999771118164","23,522933959960938","59400"
"2007-05-03T13:30:00.0000000+00:00","26,299999237060547","26,299999237060547","26,204999923706055","26,260000228881836","23,540851593017578","1355400"
"2007-05-04T13:30:00.0000000+00:00","26,454999923706055","26,454999923706055","26,28499984741211","26,424999237060547","23,68877601623535","7600"
"2007-05-07T13:30:00.0000000+00:00","26,4950008392334","26,4950008392334","26,375","26,434999465942383","23,697742462158203","890600"
"2007-05-08T13:30:00.0000000+00:00","26,200000762939453","26,350000381469727","26,059999465942383","26,350000381469727","23,621543884277344","5600"
"2007-05-09T13:30:00.0000000+00:00","26,229999542236328","26,825000762939453","26,200000762939453","26,725000381469727","23,95770835876465","30800"
"2007-05-10T13:30:00.0000000+00:00","26,75","26,75","26,350000381469727","26,395000457763672","23,661882400512695","13400"
"2007-05-11T13:30:00.0000000+00:00","26,55500030517578","26,825000762939453","26,55500030517578","26,825000762939453","24,047359466552734","6200"
"2007-05-14T13:30:00.0000000+00:00","26,815000534057617","26,81999969482422","26,565000534057617","26,579999923706055","23,827722549438477","18400"
"2007-05-15T13:30:00.0000000+00:00","26,46500015258789","26,700000762939453","26,3799991607666","26,405000686645508","23,670854568481445","599400"
"2007-05-16T13:30:00.0000000+00:00","26,415000915527344","26,520000457763672","26,30500030517578","26,485000610351562","23,742563247680664","57800"
"2007-05-17T13:30:00.0000000+00:00","26,3700008392334","26,3799991607666","26,184999465942383","26,190000534057617","23,47810935974121","10000"
"2007-05-18T13:30:00.0000000+00:00","26,274999618530273","26,280000686645508","26,274999618530273","26,280000686645508","23,55878448486328","1600"
"2007-05-21T13:30:00.0000000+00:00","26,325000762939453","26,7450008392334","26,30500030517578","26,309999465942383","23,585683822631836","98600"
"2007-05-22T13:30:00.0000000+00:00","26,309999465942383","26,59000015258789","26,28499984741211","26,479999542236328","23,738082885742188","19000"
"2007-05-23T13:30:00.0000000+00:00","26,155000686645508","26,184999465942383","25,94499969482422","25,94499969482422","23,258480072021484","42000"
"2007-05-24T13:30:00.0000000+00:00","25,489999771118164","25,5049991607666","25,360000610351562","25,360000610351562","22,734050750732422","44000"
"2007-05-25T13:30:00.0000000+00:00","25,559999465942383","25,68000030517578","25,5049991607666","25,6200008392334","22,96713638305664","38600"
"2007-05-29T13:30:00.0000000+00:00","25,704999923706055","25,875","25,655000686645508","25,875","23,19572639465332","1662600"
"2007-05-30T13:30:00.0000000+00:00","25,5","25,75","25,454999923706055","25,75","23,08367347717285","25800"
"2007-05-31T13:30:00.0000000+00:00","25,875","26,149999618530273","25,875","26,149999618530273","23,44225311279297","38000"
"2007-06-01T13:30:00.0000000+00:00","26,34000015258789","26,450000762939453","26,34000015258789","26,389999389648438","23,657400131225586","40000"
"2007-06-04T13:30:00.0000000+00:00","26,325000762939453","26,40999984741211","26,28499984741211","26,329999923706055","23,603618621826172","47600"
"2007-06-05T13:30:00.0000000+00:00","26,2549991607666","26,360000610351562","26,030000686645508","26,219999313354492","23,5050106048584","45600"
"2007-06-06T13:30:00.0000000+00:00","26,155000686645508","26,155000686645508","25,8799991607666","25,8799991607666","23,200204849243164","1000"
"2007-06-07T13:30:00.0000000+00:00","25,989999771118164","26","25,434999465942383","25,434999465942383","22,80129051208496","61600"
"2007-06-08T13:30:00.0000000+00:00","25,579999923706055","26,075000762939453","25,530000686645508","26,059999465942383","23,361574172973633","478600"
"2007-06-11T13:30:00.0000000+00:00","26,149999618530273","26,149999618530273","25,950000762939453","25,950000762939453","23,262968063354492","3000"
"2007-06-12T13:30:00.0000000+00:00","25,809999465942383","25,8700008392334","25,75","25,75","23,08367347717285","6600"
"2007-06-13T13:30:00.0000000+00:00","25,790000915527344","26,059999465942383","25,790000915527344","26,024999618530273","23,330202102661133","7000"
"2007-06-14T13:30:00.0000000+00:00","26,239999771118164","26,489999771118164","26,239999771118164","26,385000228881836","23,652908325195312","3600"
"2007-06-15T13:30:00.0000000+00:00","26,69499969482422","26,7549991607666","26,649999618530273","26,7549991607666","24,004621505737305","33400"
"2007-06-18T13:30:00.0000000+00:00","26,655000686645508","26,665000915527344","26,655000686645508","26,665000915527344","23,923871994018555","800"
"2007-06-19T13:30:00.0000000+00:00","26,420000076293945","26,530000686645508","26,395000457763672","26,524999618530273","23,798261642456055","3800"
"2007-06-20T13:30:00.0000000+00:00","26,53499984741211","26,674999237060547","26,510000228881836","26,6200008392334","23,88351058959961","28400"
"2007-06-21T13:30:00.0000000+00:00","26,59000015258789","27,229999542236328","26,469999313354492","27,229999542236328","24,4307918548584","910200"
"2007-06-22T13:30:00.0000000+00:00","27,239999771118164","27,239999771118164","26,8799991607666","26,979999542236328","24,206491470336914","133600"
"2007-06-25T13:30:00.0000000+00:00","26,959999084472656","26,959999084472656","26,610000610351562","26,639999389648438","23,901445388793945","36200"
"2007-06-26T13:30:00.0000000+00:00","26,424999237060547","26,665000915527344","26,354999542236328","26,545000076293945","23,81620979309082","17400"
"2007-06-27T13:30:00.0000000+00:00","26,614999771118164","27,094999313354492","26,614999771118164","27,094999313354492","24,309667587280273","582400"
"2007-06-28T13:30:00.0000000+00:00","27","27,020000457763672","26,834999084472656","26,834999084472656","24,076396942138672","412000"
"2007-06-29T13:30:00.0000000+00:00","26,860000610351562","26,90999984741211","26,56999969482422","26,56999969482422","23,838640213012695","6800"
"2007-07-02T13:30:00.0000000+00:00","26,799999237060547","27,030000686645508","26,795000076293945","27,030000686645508","24,251359939575195","66400"
"2007-07-03T13:30:00.0000000+00:00","27,075000762939453","27,094999313354492","27,03499984741211","27,094999313354492","24,309667587280273","6000"
"2007-07-05T13:30:00.0000000+00:00","27,165000915527344","27,375","27,135000228881836","27,354999542236328","24,542945861816406","205800"
"2007-07-06T13:30:00.0000000+00:00","27,4950008392334","27,674999237060547","27,454999923706055","27,674999237060547","24,830045700073242","407200"
"2007-07-09T13:30:00.0000000+00:00","27,735000610351562","27,850000381469727","27,674999237060547","27,850000381469727","24,987051010131836","5400"
"2007-07-10T13:30:00.0000000+00:00","27,8799991607666","27,8799991607666","27,690000534057617","27,690000534057617","24,8435001373291","205800"
"2007-07-11T13:30:00.0000000+00:00","27,545000076293945","27,600000381469727","27,514999389648438","27,55500030517578","24,722393035888672","6000"
"2007-07-12T13:30:00.0000000+00:00","27,75","28,219999313354492","27,735000610351562","28,209999084472656","25,310047149658203","7400"
"2007-07-13T13:30:00.0000000+00:00","28,3700008392334","28,3700008392334","28,190000534057617","28,329999923706055","25,41771697998047","15200"
"2007-07-16T13:30:00.0000000+00:00","28,354999542236328","28,424999237060547","28,354999542236328","28,3700008392334","25,453603744506836","3200"
"2007-07-17T13:30:00.0000000+00:00","28,524999618530273","28,69499969482422","28,475000381469727","28,649999618530273","25,704818725585938","9000"
"2007-07-18T13:30:00.0000000+00:00","28,110000610351562","28,110000610351562","27,864999771118164","27,975000381469727","25,099206924438477","78800"
"2007-07-19T13:30:00.0000000+00:00","28,239999771118164","28,329999923706055","28,045000076293945","28,315000534057617","25,40426254272461","723400"
"2007-07-20T13:30:00.0000000+00:00","28,239999771118164","28,239999771118164","27,915000915527344","27,915000915527344","25,04537582397461","3200"
"2007-07-23T13:30:00.0000000+00:00","27,94499969482422","28,184999465942383","27,934999465942383","27,934999465942383","25,06332015991211","15400"
"2007-07-24T13:30:00.0000000+00:00","27,424999237060547","27,530000686645508","27,25","27,25","24,44873809814453","3600"
"2007-07-25T13:30:00.0000000+00:00","27,25","27,360000610351562","27,1200008392334","27,31999969482422","24,511539459228516","7200"
"2007-07-26T13:30:00.0000000+00:00","26,940000534057617","27,049999237060547","26,350000381469727","26,5049991607666","23,780323028564453","17000"
"2007-07-27T13:30:00.0000000+00:00","26,614999771118164","26,760000228881836","26,200000762939453","26,200000762939453","23,506677627563477","73200"
"2007-07-30T13:30:00.0000000+00:00","26,475000381469727","26,93000030517578","26,43000030517578","26,795000076293945","24,040508270263672","1698400"
"2007-07-31T13:30:00.0000000+00:00","27,110000610351562","27,110000610351562","26,334999084472656","26,334999084472656","23,627790451049805","36000"
"2007-08-01T13:30:00.0000000+00:00","26,405000686645508","26,405000686645508","25,959999084472656","26,34000015258789","23,632280349731445","13000"
"2007-08-02T13:30:00.0000000+00:00","26,415000915527344","26,579999923706055","26,415000915527344","26,524999618530273","23,798261642456055","405400"
"2007-08-03T13:30:00.0000000+00:00","26,19499969482422","26,19499969482422","25,655000686645508","25,655000686645508","23,017711639404297","117000"
"2007-08-06T13:30:00.0000000+00:00","25,674999237060547","25,739999771118164","25,415000915527344","25,739999771118164","23,093961715698242","95200"
"2007-08-07T13:30:00.0000000+00:00","25,625","25,954999923706055","25,434999465942383","25,81999969482422","23,16573715209961","5800"
"2007-08-08T13:30:00.0000000+00:00","26,299999237060547","26,934999465942383","26,299999237060547","26,68000030517578","23,937335968017578","27400"
"2007-08-09T13:30:00.0000000+00:00","26,584999084472656","27","26,549999237060547","26,725000381469727","23,977712631225586","6800"
"2007-08-10T13:30:00.0000000+00:00","26,5","26,670000076293945","26,385000228881836","26,594999313354492","23,861066818237305","4400"
"2007-08-13T13:30:00.0000000+00:00","26,700000762939453","26,700000762939453","26,44499969482422","26,454999923706055","23,735471725463867","57200"
"2007-08-14T13:30:00.0000000+00:00","26,540000915527344","26,540000915527344","26,155000686645508","26,155000686645508","23,46630096435547","7200"
"2007-08-15T13:30:00.0000000+00:00","26,045000076293945","26,045000076293945","25,5","25,5","22,878639221191406","7600"
"2007-08-16T13:30:00.0000000+00:00","25,225000381469727","25,280000686645508","24,6200008392334","25,204999923706055","22,613964080810547","30600"
"2007-08-17T13:30:00.0000000+00:00","25,604999542236328","25,729999542236328","25,309999465942383","25,600000381469727","22,968351364135742","19800"
"2007-08-20T13:30:00.0000000+00:00","25,760000228881836","25,889999389648438","25,635000228881836","25,7450008392334","23,09844970703125","43400"
"2007-08-21T13:30:00.0000000+00:00","25,985000610351562","26,084999084472656","25,940000534057617","26,079999923706055","23,399011611938477","9200"
"2007-08-22T13:30:00.0000000+00:00","26,309999465942383","26,440000534057617","26,239999771118164","26,350000381469727","23,641265869140625","2158200"
"2007-08-23T13:30:00.0000000+00:00","26,450000762939453","26,450000762939453","26,135000228881836","26,15999984741211","23,470787048339844","20800"
"2007-08-24T13:30:00.0000000+00:00","26,079999923706055","26,415000915527344","26,079999923706055","26,415000915527344","23,69957160949707","13200"
"2007-08-27T13:30:00.0000000+00:00","26,264999389648438","26,264999389648438","26,2549991607666","26,2549991607666","23,55602264404297","1600"
"2007-08-28T13:30:00.0000000+00:00","25,989999771118164","25,989999771118164","25,614999771118164","25,614999771118164","22,981800079345703","19400"
"2007-08-29T13:30:00.0000000+00:00","25,649999618530273","26,299999237060547","25,649999618530273","26,260000228881836","23,56050682067871","151400"
"2007-08-30T13:30:00.0000000+00:00","26,209999084472656","26,299999237060547","26,209999084472656","26,299999237060547","23,596393585205078","2000"
"2007-08-31T13:30:00.0000000+00:00","26,665000915527344","26,704999923706055","26,665000915527344","26,700000762939453","23,95527458190918","2200"
"2007-09-04T13:30:00.0000000+00:00","27,165000915527344","27,489999771118164","27,165000915527344","27,280000686645508","24,47565269470215","11000"
"2007-09-05T13:30:00.0000000+00:00","27","27,110000610351562","26,950000762939453","27,059999465942383","24,278261184692383","2600"
"2007-09-06T13:30:00.0000000+00:00","27,21500015258789","27,354999542236328","27,079999923706055","27,354999542236328","24,542945861816406","9000"
"2007-09-07T13:30:00.0000000+00:00","26,850000381469727","26,850000381469727","26,575000762939453","26,579999923706055","23,847610473632812","2800"
"2007-09-10T13:30:00.0000000+00:00","26,575000762939453","26,799999237060547","26,3799991607666","26,735000610351562","23,986682891845703","26800"
"2007-09-11T13:30:00.0000000+00:00","26,875","27,06999969482422","26,875","26,975000381469727","24,20200538635254","1800"
"2007-09-12T13:30:00.0000000+00:00","26,875","26,93000030517578","26,780000686645508","26,795000076293945","24,040508270263672","2000"
"2007-09-13T13:30:00.0000000+00:00","26,56999969482422","26,56999969482422","26,55500030517578","26,55500030517578","23,825185775756836","1000"
"2007-09-14T13:30:00.0000000+00:00","26,53499984741211","26,600000381469727","26,53499984741211","26,600000381469727","23,86556053161621","1200"
"2007-09-17T13:30:00.0000000+00:00","26,360000610351562","26,489999771118164","26,360000610351562","26,469999313354492","23,748920440673828","4800"
"2007-09-18T13:30:00.0000000+00:00","26,709999084472656","27,165000915527344","26,670000076293945","27,1200008392334","24,332101821899414","20400"
"2007-09-19T13:30:00.0000000+00:00","27,450000762939453","27,625","27,354999542236328","27,354999542236328","24,542945861816406","36000"
"2007-09-20T13:30:00.0000000+00:00","27,375","27,639999389648438","27,375","27,514999389648438","24,686504364013672","33200"
"2007-09-21T13:30:00.0000000+00:00","27,670000076293945","27,670000076293945","27,469999313354492","27,469999313354492","24,665395736694336","25600"
"2007-09-24T13:30:00.0000000+00:00","27,5","27,614999771118164","27,264999389648438","27,325000762939453","24,535198211669922","21000"
"2007-09-25T13:30:00.0000000+00:00","27,295000076293945","27,469999313354492","27,295000076293945","27,469999313354492","24,665395736694336","1200"
"2007-09-26T13:30:00.0000000+00:00","27,735000610351562","27,850000381469727","27,594999313354492","27,594999313354492","24,777639389038086","28400"
"2007-09-27T13:30:00.0000000+00:00","27,774999618530273","27,799999237060547","27,774999618530273","27,799999237060547","24,961702346801758","3600"
"2007-09-28T13:30:00.0000000+00:00","27,575000762939453","27,655000686645508","27,575000762939453","27,655000686645508","24,831497192382812","1200"
"2007-10-01T13:30:00.0000000+00:00","27,75","27,975000381469727","27,75","27,96500015258789","25,109859466552734","2400"
"2007-10-02T13:30:00.0000000+00:00","27,924999237060547","27,924999237060547","27,84000015258789","27,850000381469727","25,006595611572266","164400"
"2007-10-03T13:30:00.0000000+00:00","27,479999542236328","27,479999542236328","27,270000457763672","27,334999084472656","24,544178009033203","4400"
"2007-10-04T13:30:00.0000000+00:00","27,475000381469727","27,475000381469727","27,204999923706055","27,280000686645508","24,494792938232422","6600"
"2007-10-05T13:30:00.0000000+00:00","27,399999618530273","27,875","27,395000457763672","27,739999771118164","24,907840728759766","443200"
"2007-10-08T13:30:00.0000000+00:00","27,649999618530273","27,760000228881836","27,600000381469727","27,71500015258789","24,885377883911133","24200"
"2007-10-09T13:30:00.0000000+00:00","27,420000076293945","27,46500015258789","27,21500015258789","27,46500015258789","24,660907745361328","212400"
"2007-10-10T13:30:00.0000000+00:00","27,5","27,604999542236328","27,389999389648438","27,604999542236328","24,786611557006836","24200"
"2007-10-11T13:30:00.0000000+00:00","27,575000762939453","27,7549991607666","27","27","24,243383407592773","488600"
"2007-10-12T13:30:00.0000000+00:00","27,200000762939453","27,2450008392334","27,18000030517578","27,225000381469727","24,44541358947754","5200"
"2007-10-15T13:30:00.0000000+00:00","27,385000228881836","27,385000228881836","27,19499969482422","27,280000686645508","24,494792938232422","613600"
"2007-10-16T13:30:00.0000000+00:00","27,2549991607666","27,44499969482422","27,200000762939453","27,260000228881836","24,476835250854492","35800"
"2007-10-17T13:30:00.0000000+00:00","27,725000381469727","27,80500030517578","26,549999237060547","27,420000076293945","24,620500564575195","82600"
"2007-10-18T13:30:00.0000000+00:00","27,44499969482422","27,809999465942383","27,44499969482422","27,809999465942383","24,970674514770508","3800"
"2007-10-19T13:30:00.0000000+00:00","27,690000534057617","27,690000534057617","26,934999465942383","26,934999465942383","24,185014724731445","11000"
"2007-10-22T13:30:00.0000000+00:00","26,829999923706055","27,329999923706055","26,825000762939453","27,329999923706055","24,53969383239746","33200"
"2007-10-23T13:30:00.0000000+00:00","27,184999465942383","27,2549991607666","27","27,235000610351562","24,454391479492188","16800"
"2007-10-24T13:30:00.0000000+00:00","26,68000030517578","26,68000030517578","25,90999984741211","26,350000381469727","23,659751892089844","29000"
"2007-10-25T13:30:00.0000000+00:00","26,149999618530273","26,149999618530273","25,579999923706055","25,614999771118164","22,999778747558594","7800"
"2007-10-26T13:30:00.0000000+00:00","25,575000762939453","25,704999923706055","25,575000762939453","25,704999923706055","23,080596923828125","1000"
"2007-10-29T13:30:00.0000000+00:00","25,989999771118164","25,989999771118164","25,799999237060547","25,844999313354492","23,206298828125","86000"
"2007-10-30T13:30:00.0000000+00:00","25,895000457763672","25,959999084472656","25,80500030517578","25,8700008392334","23,228750228881836","20800"
"2007-10-31T13:30:00.0000000+00:00","25,959999084472656","26,229999542236328","25,850000381469727","26,139999389648438","23,47118377685547","306400"
"2007-11-01T13:30:00.0000000+00:00","25,850000381469727","26,075000762939453","25,815000534057617","25,815000534057617","23,179359436035156","11200"
"2007-11-02T13:30:00.0000000+00:00","25,674999237060547","25,915000915527344","25,625","25,905000686645508","23,26017951965332","16600"
"2007-11-05T14:30:00.0000000+00:00","25,854999542236328","25,94499969482422","25,709999084472656","25,93000030517578","23,282625198364258","3000"
"2007-11-06T14:30:00.0000000+00:00","26,0049991607666","26,209999084472656","26,0049991607666","26,209999084472656","23,534038543701172","5000"
"2007-11-07T14:30:00.0000000+00:00","25,985000610351562","26,065000534057617","25,665000915527344","25,665000915527344","23,044681549072266","27400"
"2007-11-08T14:30:00.0000000+00:00","25,739999771118164","25,739999771118164","24,885000228881836","25,274999618530273","22,694496154785156","46000"
"2007-11-09T14:30:00.0000000+00:00","25,010000228881836","25,229999542236328","24,90999984741211","24,950000762939453","22,402685165405273","20200"
"2007-11-12T14:30:00.0000000+00:00","24,850000381469727","24,860000610351562","24,209999084472656","24,21500015258789","21,742725372314453","16600"
"2007-11-13T14:30:00.0000000+00:00","24,469999313354492","24,760000228881836","24,469999313354492","24,700000762939453","22,17820167541504","1800"
"2007-11-14T14:30:00.0000000+00:00","24,700000762939453","24,889999389648438","24,700000762939453","24,75","22,223094940185547","2000"
"2007-11-15T14:30:00.0000000+00:00","24,325000762939453","24,559999465942383","24,1200008392334","24,315000534057617","21,83250617980957","366400"
"2007-11-16T14:30:00.0000000+00:00","24,424999237060547","24,424999237060547","24,114999771118164","24,295000076293945","21,814556121826172","57400"
"2007-11-19T14:30:00.0000000+00:00","24,135000228881836","24,204999923706055","23,809999465942383","23,829999923706055","21,39702033996582","31600"
"2007-11-20T14:30:00.0000000+00:00","23,739999771118164","23,739999771118164","22,989999771118164","23,145000457763672","20,781967163085938","18600"
"2007-11-21T14:30:00.0000000+00:00","22,889999389648438","22,889999389648438","22,6299991607666","22,65999984741211","20,346477508544922","14400"
"2007-11-23T14:30:00.0000000+00:00","22,65999984741211","22,65999984741211","22,65999984741211","22,65999984741211","20,346477508544922","0"
"2007-11-26T14:30:00.0000000+00:00","22,94499969482422","23,049999237060547","22,479999542236328","22,479999542236328","20,18486976623535","3600"
"2007-11-27T14:30:00.0000000+00:00","22,729999542236328","22,8799991607666","22,614999771118164","22,8799991607666","20,544021606445312","50600"
"2007-11-28T14:30:00.0000000+00:00","23,30500030517578","23,889999389648438","23,235000610351562","23,764999389648438","21,338666915893555","160800"
"2007-11-29T14:30:00.0000000+00:00","23,7450008392334","23,790000915527344","23,549999237060547","23,600000381469727","21,190515518188477","137400"
"2007-11-30T14:30:00.0000000+00:00","23,655000686645508","23,655000686645508","23,174999237060547","23,229999542236328","20,85828399658203","7800"
"2007-12-03T14:30:00.0000000+00:00","23,43000030517578","23,454999923706055","23,270000457763672","23,295000076293945","20,916656494140625","113600"
"2007-12-04T14:30:00.0000000+00:00","23,25","23,274999618530273","23,024999618530273","23,15999984741211","20,795438766479492","151000"
"2007-12-05T14:30:00.0000000+00:00","23,6200008392334","23,90999984741211","23,6200008392334","23,78499984741211","21,35661506652832","48000"
"2007-12-06T14:30:00.0000000+00:00","23,844999313354492","24,100000381469727","23,834999084472656","24,05500030517578","21,59906005859375","17400"
"2007-12-07T14:30:00.0000000+00:00","23,8700008392334","24,139999389648438","23,8700008392334","24,104999542236328","21,64394187927246","38200"
"2007-12-10T14:30:00.0000000+00:00","24,135000228881836","24,25","24,135000228881836","24,239999771118164","21,765167236328125","3600"
"2007-12-11T14:30:00.0000000+00:00","24,450000762939453","24,469999313354492","23,764999389648438","23,774999618530273","21,34764289855957","72600"
"2007-12-12T14:30:00.0000000+00:00","24,170000076293945","24,170000076293945","23,75","23,934999465942383","21,49130630493164","20000"
"2007-12-13T14:30:00.0000000+00:00","23,795000076293945","23,854999542236328","23,655000686645508","23,854999542236328","21,419477462768555","5000"
"2007-12-14T14:30:00.0000000+00:00","23,6200008392334","23,75","23,614999771118164","23,635000228881836","21,221935272216797","1000"
"2007-12-17T14:30:00.0000000+00:00","23,450000762939453","23,450000762939453","22,915000915527344","22,915000915527344","20,5754451751709","110200"
"2007-12-18T14:30:00.0000000+00:00","23,03499984741211","23,03499984741211","22,739999771118164","22,8799991607666","20,544021606445312","24200"
"2007-12-19T14:30:00.0000000+00:00","22,94499969482422","23,09000015258789","22,94499969482422","23,09000015258789","20,732580184936523","7600"
"2007-12-20T14:30:00.0000000+00:00","23,204999923706055","23,385000228881836","23,204999923706055","23,385000228881836","20,997467041015625","13000"
"2007-12-21T14:30:00.0000000+00:00","23,600000381469727","23,665000915527344","23,420000076293945","23,549999237060547","21,170970916748047","330600"
"2007-12-24T14:30:00.0000000+00:00","23,59000015258789","23,690000534057617","23,59000015258789","23,68000030517578","21,287837982177734","69400"
"2007-12-26T14:30:00.0000000+00:00","23,645000457763672","23,850000381469727","23,645000457763672","23,825000762939453","21,418180465698242","315000"
"2007-12-27T14:30:00.0000000+00:00","23,815000534057617","23,829999923706055","23,395000457763672","23,395000457763672","21,031618118286133","64800"
"2007-12-28T14:30:00.0000000+00:00","23,459999084472656","23,520000457763672","23,260000228881836","23,354999542236328","20,995664596557617","41800"
"2007-12-31T14:30:00.0000000+00:00","23,274999618530273","23,334999084472656","23,25","23,2549991607666","20,905765533447266","40800"
"2008-01-02T14:30:00.0000000+00:00","23,440000534057617","23,440000534057617","22,389999389648438","22,55500030517578","20,276477813720703","138200"
"2008-01-03T14:30:00.0000000+00:00","22,385000228881836","22,565000534057617","22,30500030517578","22,34000015258789","20,08319854736328","66400"
"2008-01-04T14:30:00.0000000+00:00","21,809999465942383","21,875","21,15999984741211","21,344999313354492","19,1887149810791","116200"
"2008-01-07T14:30:00.0000000+00:00","21,395000457763672","21,395000457763672","20,655000686645508","20,84000015258789","18,734718322753906","18400"
"2008-01-08T14:30:00.0000000+00:00","20,825000762939453","21,170000076293945","20,34000015258789","20,34000015258789","18,285240173339844","7800"
"2008-01-09T14:30:00.0000000+00:00","20,229999542236328","20,530000686645508","19,78499984741211","20,270000457763672","18,22231101989746","130400"
"2008-01-10T14:30:00.0000000+00:00","20,084999084472656","20,43000030517578","20,084999084472656","20,3700008392334","18,312206268310547","16000"
"2008-01-11T14:30:00.0000000+00:00","20,1200008392334","20,1200008392334","19,719999313354492","19,719999313354492","17,727882385253906","608000"
"2008-01-14T14:30:00.0000000+00:00","20,024999618530273","20,15999984741211","19,899999618530273","20,15999984741211","18,123422622680664","3099800"
"2008-01-15T14:30:00.0000000+00:00","19,825000762939453","19,825000762939453","19,170000076293945","19,18000030517578","17,242422103881836","24600"
"2008-01-16T14:30:00.0000000+00:00","18,905000686645508","19,649999618530273","18,684999465942383","19,514999389648438","17,5435848236084","1217000"
"2008-01-17T14:30:00.0000000+00:00","19,514999389648438","19,514999389648438","18,96500015258789","18,96500015258789","17,049148559570312","78600"
"2008-01-18T14:30:00.0000000+00:00","19,170000076293945","19,5","19,135000228881836","19,334999084472656","17,38176918029785","465400"
"2008-01-22T14:30:00.0000000+00:00","18,700000762939453","19,135000228881836","18,639999389648438","18,915000915527344","17,004192352294922","16800"
"2008-01-23T14:30:00.0000000+00:00","18,815000534057617","19,579999923706055","18,559999465942383","19,565000534057617","17,58852195739746","826400"
"2008-01-24T14:30:00.0000000+00:00","19,735000610351562","20,28499984741211","19,735000610351562","20,28499984741211","18,235797882080078","681800"
"2008-01-25T14:30:00.0000000+00:00","20,645000457763672","20,645000457763672","19,625","19,649999618530273","17,664939880371094","20400"
"2008-01-28T14:30:00.0000000+00:00","19,309999465942383","19,920000076293945","19,309999465942383","19,920000076293945","17,90767478942871","20800"
"2008-01-29T14:30:00.0000000+00:00","19,809999465942383","20","19,809999465942383","20","17,979585647583008","15000"
"2008-01-30T14:30:00.0000000+00:00","20,155000686645508","20,31999969482422","19,924999237060547","20,05500030517578","18,029033660888672","67400"
"2008-01-31T14:30:00.0000000+00:00","19,700000762939453","20,149999618530273","19,700000762939453","19,905000686645508","17,894193649291992","434400"
"2008-02-01T14:30:00.0000000+00:00","20,5","21,075000762939453","20,5","21,024999618530273","18,901039123535156","1419400"
"2008-02-04T14:30:00.0000000+00:00","21,135000228881836","21,135000228881836","20,700000762939453","20,700000762939453","18,608877182006836","519800"
"2008-02-05T14:30:00.0000000+00:00","20,415000915527344","20,479999542236328","19,905000686645508","19,920000076293945","17,90767478942871","86200"
"2008-02-06T14:30:00.0000000+00:00","19,895000457763672","19,954999923706055","19,21500015258789","19,21500015258789","17,273900985717773","9400"
"2008-02-07T14:30:00.0000000+00:00","18,989999771118164","19,790000915527344","18,989999771118164","19,530000686645508","17,557065963745117","45200"
"2008-02-08T14:30:00.0000000+00:00","19,514999389648438","19,709999084472656","19,514999389648438","19,59000015258789","17,61101722717285","13600"
"2008-02-11T14:30:00.0000000+00:00","19,655000686645508","20,059999465942383","19,655000686645508","20","17,979585647583008","106000"
"2008-02-12T14:30:00.0000000+00:00","20,1299991607666","20,34000015258789","19,979999542236328","19,985000610351562","17,96610450744629","22600"
"2008-02-13T14:30:00.0000000+00:00","20,434999465942383","20,559999465942383","20,274999618530273","20,530000686645508","18,45604705810547","42000"
"2008-02-14T14:30:00.0000000+00:00","20,415000915527344","20,440000534057617","20,079999923706055","20,084999084472656","18,05600929260254","435200"
"2008-02-15T14:30:00.0000000+00:00","19,850000381469727","20,010000228881836","19,524999618530273","19,639999389648438","17,655954360961914","44800"
"2008-02-19T14:30:00.0000000+00:00","19,65999984741211","19,65999984741211","19,375","19,375","17,417724609375","35400"
"2008-02-20T14:30:00.0000000+00:00","19,545000076293945","19,875","19,485000610351562","19,834999084472656","17,831247329711914","3000"
"2008-02-21T14:30:00.0000000+00:00","20,190000534057617","20,235000610351562","19,739999771118164","19,764999389648438","17,76832389831543","10600"
"2008-02-22T14:30:00.0000000+00:00","19,139999389648438","19,415000915527344","19,135000228881836","19,40999984741211","17,449186325073242","22200"
"2008-02-25T14:30:00.0000000+00:00","19,399999618530273","19,885000228881836","19,399999618530273","19,815000534057617","17,813276290893555","21400"
"2008-02-26T14:30:00.0000000+00:00","19,975000381469727","20,280000686645508","19,885000228881836","20,104999542236328","18,07396697998047","20400"
"2008-02-27T14:30:00.0000000+00:00","20,05500030517578","20,5049991607666","20,049999237060547","20,395000457763672","18,334678649902344","2637800"
"2008-02-28T14:30:00.0000000+00:00","20,18000030517578","20,18000030517578","19,78499984741211","19,78499984741211","17,78631019592285","36200"
"2008-02-29T14:30:00.0000000+00:00","19,655000686645508","19,655000686645508","19,219999313354492","19,25","17,30535125732422","17400"
"2008-03-03T14:30:00.0000000+00:00","19,135000228881836","19,135000228881836","18,829999923706055","19,0049991607666","17,085100173950195","825800"
"2008-03-04T14:30:00.0000000+00:00","18,7549991607666","19,084999084472656","18,5","19,084999084472656","17,157024383544922","646600"
"2008-03-05T14:30:00.0000000+00:00","19,399999618530273","19,454999923706055","19,1200008392334","19,149999618530273","17,21546173095703","28800"
"2008-03-06T14:30:00.0000000+00:00","19,020000457763672","19,020000457763672","18,735000610351562","18,75","16,855854034423828","1147600"
"2008-03-07T14:30:00.0000000+00:00","19,235000610351562","19,235000610351562","18,524999618530273","18,799999237060547","16,90081214904785","8000"
"2008-03-10T13:30:00.0000000+00:00","18,8700008392334","18,8700008392334","18,420000076293945","18,43000030517578","16,568185806274414","13400"
"2008-03-11T13:30:00.0000000+00:00","18,760000228881836","19,155000686645508","18,575000762939453","19,155000686645508","17,219951629638672","11000"
"2008-03-12T13:30:00.0000000+00:00","19,19499969482422","19,34000015258789","19,149999618530273","19,149999618530273","17,21546173095703","11600"
"2008-03-13T13:30:00.0000000+00:00","18,735000610351562","19,274999618530273","18,735000610351562","19,15999984741211","17,22444725036621","12000"
"2008-03-14T13:30:00.0000000+00:00","19,225000381469727","19,225000381469727","18,604999542236328","18,65999984741211","16,77495574951172","17400"
"2008-03-17T13:30:00.0000000+00:00","18,354999542236328","18,719999313354492","18,354999542236328","18,540000915527344","16,667076110839844","11000"
"2008-03-18T13:30:00.0000000+00:00","18,799999237060547","19,200000762939453","18,545000076293945","19,075000762939453","17,148025512695312","92200"
"2008-03-19T13:30:00.0000000+00:00","19,200000762939453","19,25","18,559999465942383","18,559999465942383","16,68505859375","44400"
"2008-03-20T13:30:00.0000000+00:00","18,549999237060547","18,885000228881836","18,549999237060547","18,885000228881836","17,015268325805664","22800"
"2008-03-24T13:30:00.0000000+00:00","19,05500030517578","19,84000015258789","19,05500030517578","19,635000228881836","17,69102668762207","17000"
"2008-03-25T13:30:00.0000000+00:00","19,899999618530273","19,899999618530273","19,584999084472656","19,889999389648438","17,920766830444336","21800"
"2008-03-26T13:30:00.0000000+00:00","19,649999618530273","19,93000030517578","19,5","19,905000686645508","17,934295654296875","63400"
"2008-03-27T13:30:00.0000000+00:00","19,7450008392334","19,774999618530273","19,635000228881836","19,665000915527344","17,718050003051758","6000"
"2008-03-28T13:30:00.0000000+00:00","19,655000686645508","19,719999313354492","19,309999465942383","19,309999465942383","17,3981876373291","19800"
"2008-03-31T13:30:00.0000000+00:00","19,459999084472656","19,540000915527344","19,459999084472656","19,530000686645508","17,596412658691406","157400"
"2008-04-01T13:30:00.0000000+00:00","20","20,225000381469727","19,889999389648438","20,170000076293945","18,17304039001465","858600"
"2008-04-02T13:30:00.0000000+00:00","20,3799991607666","20,579999923706055","20,15999984741211","20,2549991607666","18,2496337890625","599600"
"2008-04-03T13:30:00.0000000+00:00","20,25","20,809999465942383","20,209999084472656","20,764999389648438","18,70914649963379","660600"
"2008-04-04T13:30:00.0000000+00:00","20,584999084472656","20,940000534057617","20,584999084472656","20,815000534057617","18,75419807434082","116400"
"2008-04-07T13:30:00.0000000+00:00","21,270000457763672","21,270000457763672","20,639999389648438","20,69499969482422","18,646076202392578","35400"
"2008-04-08T13:30:00.0000000+00:00","20,600000381469727","20,600000381469727","20,350000381469727","20,44499969482422","18,420822143554688","64200"
"2008-04-09T13:30:00.0000000+00:00","20,600000381469727","20,600000381469727","20,424999237060547","20,565000534057617","18,528942108154297","88000"
"2008-04-10T13:30:00.0000000+00:00","20,7549991607666","21,149999618530273","20,594999313354492","21,014999389648438","18,934389114379883","206000"
"2008-04-11T13:30:00.0000000+00:00","20,950000762939453","20,950000762939453","20,28499984741211","20,290000915527344","18,28117561340332","55400"
"2008-04-14T13:30:00.0000000+00:00","20,184999465942383","20,19499969482422","19,864999771118164","19,864999771118164","17,89824104309082","638200"
"2008-04-15T13:30:00.0000000+00:00","19,834999084472656","20,049999237060547","19,600000381469727","20,024999618530273","18,042404174804688","488600"
"2008-04-16T13:30:00.0000000+00:00","20,399999618530273","20,770000457763672","20,399999618530273","20,739999771118164","18,686626434326172","471200"
"2008-04-17T13:30:00.0000000+00:00","20,6200008392334","20,655000686645508","20,469999313354492","20,600000381469727","18,56047821044922","178400"
"2008-04-18T13:30:00.0000000+00:00","21,239999771118164","21,28499984741211","20,649999618530273","21,014999389648438","18,934389114379883","609400"
"2008-04-21T13:30:00.0000000+00:00","21,05500030517578","21,450000762939453","21,05500030517578","21,450000762939453","19,32632064819336","96000"
"2008-04-22T13:30:00.0000000+00:00","21,030000686645508","21,1200008392334","20,8700008392334","20,8700008392334","18,803743362426758","6400"
"2008-04-23T13:30:00.0000000+00:00","21,299999237060547","21,690000534057617","21,299999237060547","21,55500030517578","19,420928955078125","202200"
"2008-04-24T13:30:00.0000000+00:00","21,5","22,059999465942383","21,395000457763672","21,81999969482422","19,659690856933594","14200"
"2008-04-25T13:30:00.0000000+00:00","22,0049991607666","22,0049991607666","21,440000534057617","21,934999465942383","19,763301849365234","26200"
"2008-04-28T13:30:00.0000000+00:00","22,06999969482422","22,06999969482422","21,809999465942383","21,899999618530273","19,73176383972168","437600"
"2008-04-29T13:30:00.0000000+00:00","22,040000915527344","22,094999313354492","21,924999237060547","22,094999313354492","19,90745735168457","1007600"
"2008-04-30T13:30:00.0000000+00:00","22,19499969482422","22,19499969482422","21,690000534057617","21,80500030517578","19,646169662475586","73800"
"2008-05-01T13:30:00.0000000+00:00","21,80500030517578","22,56999969482422","21,770000457763672","22,56999969482422","20,335437774658203","25600"
"2008-05-02T13:30:00.0000000+00:00","22,764999389648438","22,80500030517578","22,299999237060547","22,520000457763672","20,29038429260254","73000"
"2008-05-05T13:30:00.0000000+00:00","22,469999313354492","22,53499984741211","22,375","22,53499984741211","20,30389976501465","77400"
"2008-05-06T13:30:00.0000000+00:00","22,43000030517578","22,985000610351562","22,43000030517578","22,979999542236328","20,704843521118164","26000"
"2008-05-07T13:30:00.0000000+00:00","23,049999237060547","23,299999237060547","22,915000915527344","22,989999771118164","20,71385383605957","80400"
"2008-05-08T13:30:00.0000000+00:00","22,709999084472656","23,110000610351562","22,709999084472656","23","20,72286605834961","17000"
"2008-05-09T13:30:00.0000000+00:00","22,719999313354492","23,1299991607666","22,719999313354492","22,979999542236328","20,704843521118164","11800"
"2008-05-12T13:30:00.0000000+00:00","22,979999542236328","23,165000915527344","22,899999618530273","23,1299991607666","20,839982986450195","4600"
"2008-05-13T13:30:00.0000000+00:00","23,184999465942383","23,334999084472656","23,100000381469727","23,299999237060547","20,993152618408203","225400"
"2008-05-14T13:30:00.0000000+00:00","23,424999237060547","23,90999984741211","23,424999237060547","23,53499984741211","21,20490074157715","76400"
"2008-05-15T13:30:00.0000000+00:00","23,594999313354492","24,059999465942383","23,579999923706055","24,030000686645508","21,65088653564453","107800"
"2008-05-16T13:30:00.0000000+00:00","24,170000076293945","24,170000076293945","23,68000030517578","24,104999542236328","21,71845054626465","56600"
"2008-05-19T13:30:00.0000000+00:00","24,309999465942383","24,655000686645508","23,950000762939453","24,100000381469727","21,713960647583008","158200"
"2008-05-20T13:30:00.0000000+00:00","23,975000381469727","23,975000381469727","23,3799991607666","23,514999389648438","21,186866760253906","58200"
"2008-05-21T13:30:00.0000000+00:00","23,6200008392334","23,700000762939453","23,075000762939453","23,165000915527344","20,871524810791016","140600"
"2008-05-22T13:30:00.0000000+00:00","23,1299991607666","23,3799991607666","23,100000381469727","23,2549991607666","20,95261573791504","42800"
"2008-05-23T13:30:00.0000000+00:00","23,200000762939453","23,200000762939453","22,795000076293945","23,020000457763672","20,740880966186523","27600"
"2008-05-27T13:30:00.0000000+00:00","23,049999237060547","23,375","23,049999237060547","23,375","21,060739517211914","48800"
"2008-05-28T13:30:00.0000000+00:00","23,55500030517578","23,559999465942383","23,350000381469727","23,364999771118164","21,051719665527344","67400"
"2008-05-29T13:30:00.0000000+00:00","23,469999313354492","23,469999313354492","23,325000762939453","23,375","21,060739517211914","31400"
"2008-05-30T13:30:00.0000000+00:00","23,514999389648438","23,75","23,514999389648438","23,7450008392334","21,39411163330078","475800"
"2008-06-02T13:30:00.0000000+00:00","23,674999237060547","23,69499969482422","23,2450008392334","23,44499969482422","21,12380599975586","29200"
"2008-06-03T13:30:00.0000000+00:00","23,4950008392334","23,584999084472656","23,065000534057617","23,325000762939453","21,01567840576172","49200"
"2008-06-04T13:30:00.0000000+00:00","23,44499969482422","23,899999618530273","23,43000030517578","23,71500015258789","21,3670711517334","36400"
"2008-06-05T13:30:00.0000000+00:00","23,81999969482422","24,170000076293945","23,81999969482422","24,165000915527344","21,772520065307617","22600"
"2008-06-06T13:30:00.0000000+00:00","23,96500015258789","23,975000381469727","23,53499984741211","23,53499984741211","21,20490074157715","987800"
"2008-06-09T13:30:00.0000000+00:00","23,450000762939453","23,450000762939453","23,020000457763672","23,385000228881836","21,069744110107422","1028400"
"2008-06-10T13:30:00.0000000+00:00","22,905000686645508","22,940000534057617","22,674999237060547","22,739999771118164","20,488595962524414","321600"
"2008-06-11T13:30:00.0000000+00:00","22,5","22,5","21,950000762939453","21,950000762939453","19,776826858520508","316600"
"2008-06-12T13:30:00.0000000+00:00","22,010000228881836","22,475000381469727","21,950000762939453","21,954999923706055","19,781326293945312","34000"
"2008-06-13T13:30:00.0000000+00:00","22,059999465942383","22,579999923706055","22,059999465942383","22,549999237060547","20,317415237426758","20200"
"2008-06-16T13:30:00.0000000+00:00","22,5049991607666","23,09000015258789","22,5049991607666","23","20,72286605834961","17000"
"2008-06-17T13:30:00.0000000+00:00","23,190000534057617","23,190000534057617","22,614999771118164","22,614999771118164","20,3759822845459","16000"
"2008-06-18T13:30:00.0000000+00:00","22,450000762939453","22,450000762939453","22,110000610351562","22,114999771118164","19,925477981567383","6000"
"2008-06-19T13:30:00.0000000+00:00","22,280000686645508","22,795000076293945","22,15999984741211","22,795000076293945","20,53816032409668","4800"
"2008-06-20T13:30:00.0000000+00:00","22,18000030517578","22,315000534057617","22,135000228881836","22,135000228881836","19,98295021057129","11000"
"2008-06-23T13:30:00.0000000+00:00","22,405000686645508","22,485000610351562","22,0049991607666","22,0049991607666","19,865585327148438","12000"
"2008-06-24T13:30:00.0000000+00:00","21,649999618530273","22,0049991607666","21,649999618530273","21,889999389648438","19,76176643371582","9200"
"2008-06-25T13:30:00.0000000+00:00","21,934999465942383","22,469999313354492","21,934999465942383","22,260000228881836","20,095794677734375","73600"
"2008-06-26T13:30:00.0000000+00:00","21,80500030517578","21,80500030517578","21,229999542236328","21,309999465942383","19,23815155029297","61600"
"2008-06-27T13:30:00.0000000+00:00","20,885000228881836","21,040000915527344","20,760000228881836","20,815000534057617","18,791292190551758","27400"
"2008-06-30T13:30:00.0000000+00:00","20,985000610351562","21,184999465942383","20,790000915527344","20,790000915527344","18,768705368041992","17600"
"2008-07-01T13:30:00.0000000+00:00","20,424999237060547","20,729999542236328","20,084999084472656","20,69499969482422","18,682954788208008","112000"
"2008-07-02T13:30:00.0000000+00:00","20,84000015258789","20,854999542236328","20,290000915527344","20,290000915527344","18,317337036132812","56400"
"2008-07-03T13:30:00.0000000+00:00","20","20","19,440000534057617","19,81999969482422","17,893022537231445","7800"
"2008-07-07T13:30:00.0000000+00:00","19,8700008392334","20,30500030517578","19,604999542236328","20,06999969482422","18,11872100830078","127600"
"2008-07-08T13:30:00.0000000+00:00","19,799999237060547","19,9950008392334","19,635000228881836","19,9950008392334","18,05101203918457","17000"
"2008-07-09T13:30:00.0000000+00:00","19,799999237060547","20,05500030517578","19,299999237060547","19,31999969482422","17,441635131835938","24800"
"2008-07-10T13:30:00.0000000+00:00","19,229999542236328","19,604999542236328","19,139999389648438","19,34000015258789","17,45969009399414","35400"
"2008-07-11T13:30:00.0000000+00:00","19,5","19,829999923706055","19,135000228881836","19,530000686645508","17,63121795654297","19800"
"2008-07-14T13:30:00.0000000+00:00","19,959999084472656","19,959999084472656","19,209999084472656","19,454999923706055","17,563514709472656","18600"
"2008-07-15T13:30:00.0000000+00:00","19,030000686645508","19,674999237060547","19,030000686645508","19,450000762939453","17,558998107910156","26200"
"2008-07-16T13:30:00.0000000+00:00","19,565000534057617","20,21500015258789","19,5","20,209999084472656","18,24510955810547","56000"
"2008-07-17T13:30:00.0000000+00:00","20,530000686645508","20,579999923706055","20,1200008392334","20,55500030517578","18,556564331054688","35400"
"2008-07-18T13:30:00.0000000+00:00","20,299999237060547","20,530000686645508","20,295000076293945","20,389999389648438","18,407602310180664","35800"
"2008-07-21T13:30:00.0000000+00:00","20,6200008392334","20,6200008392334","20,219999313354492","20,295000076293945","18,32183837890625","5800"
"2008-07-22T13:30:00.0000000+00:00","19,75","19,75","19,625","19,665000915527344","17,753095626831055","3600"
"2008-07-23T13:30:00.0000000+00:00","19,854999542236328","20,020000457763672","19,854999542236328","19,93000030517578","17,992332458496094","4200"
"2008-07-24T13:30:00.0000000+00:00","19,540000915527344","19,540000915527344","19,350000381469727","19,350000381469727","17,468721389770508","1400"
"2008-07-25T13:30:00.0000000+00:00","19,579999923706055","19,719999313354492","19,56999969482422","19,719999313354492","17,802751541137695","2000"
"2008-07-28T13:30:00.0000000+00:00","19,635000228881836","19,635000228881836","19,360000610351562","19,3700008392334","17,486780166625977","3000"
"2008-07-29T13:30:00.0000000+00:00","19,530000686645508","19,854999542236328","19,530000686645508","19,854999542236328","17,92461395263672","9200"
"2008-07-30T13:30:00.0000000+00:00","19,924999237060547","20,084999084472656","19,729999542236328","19,889999389648438","17,95621681213379","56200"
"2008-07-31T13:30:00.0000000+00:00","19,860000610351562","20,075000762939453","19,844999313354492","19,844999313354492","17,915590286254883","7000"
"2008-08-01T13:30:00.0000000+00:00","19,885000228881836","19,885000228881836","19,395000457763672","19,649999618530273","17,739545822143555","14000"
"2008-08-04T13:30:00.0000000+00:00","19,690000534057617","19,75","19,594999313354492","19,594999313354492","17,689895629882812","29000"
"2008-08-05T13:30:00.0000000+00:00","19,825000762939453","20,149999618530273","19,825000762939453","20,079999923706055","18,12775230407715","28000"
"2008-08-06T13:30:00.0000000+00:00","20,34000015258789","20,559999465942383","20,34000015258789","20,559999465942383","18,561073303222656","800"
"2008-08-07T13:30:00.0000000+00:00","20,405000686645508","21,149999618530273","20,405000686645508","20,780000686645508","18,759693145751953","21600"
"2008-08-08T13:30:00.0000000+00:00","20,969999313354492","21,225000381469727","20,969999313354492","21,145000457763672","19,089197158813477","230800"
"2008-08-11T13:30:00.0000000+00:00","21,204999923706055","21,739999771118164","21,09000015258789","21,59000015258789","19,49094009399414","60400"
"2008-08-12T13:30:00.0000000+00:00","21,6299991607666","21,665000915527344","21,479999542236328","21,479999542236328","19,391633987426758","28800"
"2008-08-13T13:30:00.0000000+00:00","21,690000534057617","21,75","21,524999618530273","21,614999771118164","19,513500213623047","35200"
"2008-08-14T13:30:00.0000000+00:00","21,450000762939453","21,959999084472656","21,450000762939453","21,915000915527344","19,78434181213379","10000"
"2008-08-15T13:30:00.0000000+00:00","22,190000534057617","22,190000534057617","21,915000915527344","21,969999313354492","19,833986282348633","19800"
"2008-08-18T13:30:00.0000000+00:00","21,889999389648438","21,889999389648438","21,440000534057617","21,700000762939453","19,590240478515625","7400"
"2008-08-19T13:30:00.0000000+00:00","21,540000915527344","21,540000915527344","21,184999465942383","21,184999465942383","19,125301361083984","18000"
"2008-08-20T13:30:00.0000000+00:00","21,225000381469727","21,25","21,1200008392334","21,1200008392334","19,06662940979004","6000"
"2008-08-21T13:30:00.0000000+00:00","21,114999771118164","21,15999984741211","20,905000686645508","21,1200008392334","19,06662940979004","7200"
"2008-08-22T13:30:00.0000000+00:00","21,309999465942383","21,395000457763672","21,299999237060547","21,34000015258789","19,265241622924805","66600"
"2008-08-25T13:30:00.0000000+00:00","21,360000610351562","21,360000610351562","21,125","21,145000457763672","19,089197158813477","11000"
"2008-08-26T13:30:00.0000000+00:00","20,81999969482422","20,93000030517578","20,75","20,75","18,732603073120117","10400"
"2008-08-27T13:30:00.0000000+00:00","20,75","21,209999084472656","20,75","21,1299991607666","19,075651168823242","2800"
"2008-08-28T13:30:00.0000000+00:00","21,25","21,420000076293945","21,2450008392334","21,415000915527344","19,332944869995117","4600"
"2008-08-29T13:30:00.0000000+00:00","21,165000915527344","21,165000915527344","20,895000457763672","20,989999771118164","18,94927215576172","1000"
"2008-09-02T13:30:00.0000000+00:00","21,18000030517578","21,229999542236328","20,600000381469727","20,600000381469727","18,597187042236328","5200"
"2008-09-03T13:30:00.0000000+00:00","20,375","20,389999389648438","19,670000076293945","19,770000457763672","17,84789276123047","32000"
"2008-09-04T13:30:00.0000000+00:00","19,69499969482422","19,69499969482422","19,125","19,155000686645508","17,292678833007812","49400"
"2008-09-05T13:30:00.0000000+00:00","18,950000762939453","19,475000381469727","18,950000762939453","19,475000381469727","17,581560134887695","5000"
"2008-09-08T13:30:00.0000000+00:00","19,985000610351562","20,239999771118164","18,885000228881836","19,290000915527344","17,414548873901367","313000"
"2008-09-09T13:30:00.0000000+00:00","19,43000030517578","19,43000030517578","18,440000534057617","18,46500015258789","16,669755935668945","25200"
"2008-09-10T13:30:00.0000000+00:00","18,674999237060547","18,825000762939453","18,674999237060547","18,684999465942383","16,86837387084961","20400"
"2008-09-11T13:30:00.0000000+00:00","18,31999969482422","18,725000381469727","18,25","18,614999771118164","16,80518341064453","16800"
"2008-09-12T13:30:00.0000000+00:00","18,360000610351562","18,844999313354492","18,354999542236328","18,770000457763672","16,945112228393555","26400"
"2008-09-15T13:30:00.0000000+00:00","18,31999969482422","18,594999313354492","18,125","18,145000457763672","16,380878448486328","39200"
"2008-09-16T13:30:00.0000000+00:00","17,510000228881836","18,19499969482422","17,510000228881836","18,079999923706055","16,322187423706055","43600"
"2008-09-17T13:30:00.0000000+00:00","17,7549991607666","18,2450008392334","17,485000610351562","17,559999465942383","15,852741241455078","31800"
"2008-09-18T13:30:00.0000000+00:00","18,045000076293945","18,764999389648438","17,420000076293945","18,604999542236328","16,796152114868164","50400"
"2008-09-19T13:30:00.0000000+00:00","19,15999984741211","19,389999389648438","19,040000915527344","19,229999542236328","17,4057559967041","94800"
"2008-09-22T13:30:00.0000000+00:00","20,1200008392334","20,1200008392334","18,165000915527344","18,18000030517578","16,455364227294922","108600"
"2008-09-23T13:30:00.0000000+00:00","18,25","18,315000534057617","17,770000457763672","17,8799991607666","16,183822631835938","13200"
"2008-09-24T13:30:00.0000000+00:00","17,96500015258789","18,139999389648438","17,8700008392334","17,969999313354492","16,265289306640625","23800"
"2008-09-25T13:30:00.0000000+00:00","17,895000457763672","18,53499984741211","17,895000457763672","18,264999389648438","16,53230094909668","22400"
"2008-09-26T13:30:00.0000000+00:00","17,905000686645508","18,354999542236328","17,829999923706055","18,354999542236328","16,613765716552734","10600"
"2008-09-29T13:30:00.0000000+00:00","18,53499984741211","18,53499984741211","16,825000762939453","16,899999618530273","15,296796798706055","47000"
"2008-09-30T13:30:00.0000000+00:00","18,5","18,5","16,844999313354492","17,270000457763672","15,631693840026855","49800"
"2008-10-01T13:30:00.0000000+00:00","17,264999389648438","17,389999389648438","17,094999313354492","17,204999923706055","15,572864532470703","35200"
"2008-10-02T13:30:00.0000000+00:00","17,079999923706055","17,09000015258789","16,450000762939453","16,46500015258789","14,903054237365723","530000"
"2008-10-03T13:30:00.0000000+00:00","16,860000610351562","17,065000534057617","16,209999084472656","16,209999084472656","14,672245979309082","22000"
"2008-10-06T13:30:00.0000000+00:00","15,765000343322754","15,765000343322754","14,899999618530273","15,654999732971191","14,169898986816406","33200"
"2008-10-07T13:30:00.0000000+00:00","15,824999809265137","15,824999809265137","14,645000457763672","14,645000457763672","13,25571060180664","15800"
"2008-10-08T13:30:00.0000000+00:00","15,140000343322754","15,635000228881836","14,395000457763672","14,574999809265137","13,192352294921875","47800"
"2008-10-09T13:30:00.0000000+00:00","15,050000190734863","15,095000267028809","14,1850004196167","14,375","13,011326789855957","6200"
"2008-10-10T13:30:00.0000000+00:00","13,654999732971191","14,680000305175781","11,774999618530273","14,229999542236328","12,88007926940918","117600"
"2008-10-13T13:30:00.0000000+00:00","15,510000228881836","15,510000228881836","14,6850004196167","15,460000038146973","13,993401527404785","4800"
"2008-10-14T13:30:00.0000000+00:00","16,510000228881836","16,510000228881836","15","15,145000457763672","13,708281517028809","9000"
"2008-10-15T13:30:00.0000000+00:00","14,680000305175781","14,680000305175781","13,635000228881836","13,635000228881836","12,341521263122559","14200"
"2008-10-16T13:30:00.0000000+00:00","13,619999885559082","13,949999809265137","13","13,949999809265137","12,626642227172852","22200"
"2008-10-17T13:30:00.0000000+00:00","14,210000038146973","14,399999618530273","14,210000038146973","14,354999542236328","12,99322509765625","51000"
"2008-10-20T13:30:00.0000000+00:00","14,164999961853027","14,470000267028809","14,164999961853027","14,470000267028809","13,097314834594727","15000"
"2008-10-21T13:30:00.0000000+00:00","14,100000381469727","14,295000076293945","13,859999656677246","13,859999656677246","12,545182228088379","15600"
"2008-10-22T13:30:00.0000000+00:00","13,824999809265137","13,824999809265137","13,21500015258789","13,305000305175781","12,042830467224121","7600"
"2008-10-23T13:30:00.0000000+00:00","13,164999961853027","13,210000038146973","12,359999656677246","12,734999656677246","11,526905059814453","228800"
"2008-10-24T13:30:00.0000000+00:00","12,364999771118164","13,175000190734863","12,364999771118164","12,880000114440918","11,658147811889648","139400"
"2008-10-27T13:30:00.0000000+00:00","12,5","13,119999885559082","12,5","13,069999694824219","11,830124855041504","38600"
"2008-10-28T13:30:00.0000000+00:00","13,300000190734863","13,71500015258789","12,875","13,71500015258789","12,413938522338867","23600"
"2008-10-29T13:30:00.0000000+00:00","14,130000114440918","14,130000114440918","14,03499984741211","14,03499984741211","12,703574180603027","8000"
"2008-10-30T13:30:00.0000000+00:00","14,630000114440918","14,699999809265137","14,479999542236328","14,699999809265137","13,30549430847168","1600"
"2008-10-31T13:30:00.0000000+00:00","14,670000076293945","14,864999771118164","14,609999656677246","14,654999732971191","13,264756202697754","17400"
"2008-11-03T14:30:00.0000000+00:00","14,675000190734863","14,875","14,595000267028809","14,595000267028809","13,210457801818848","6600"
"2008-11-04T14:30:00.0000000+00:00","15","15,225000381469727","14,979999542236328","15,225000381469727","13,780691146850586","19400"
"2008-11-05T14:30:00.0000000+00:00","14,944999694824219","14,944999694824219","14,944999694824219","14,944999694824219","13,527251243591309","400"
"2008-11-06T14:30:00.0000000+00:00","14,364999771118164","14,364999771118164","13,569999694824219","13,574999809265137","12,28721809387207","9200"
"2008-11-07T14:30:00.0000000+00:00","13,635000228881836","13,864999771118164","13,635000228881836","13,694999694824219","12,395833969116211","6800"
"2008-11-10T14:30:00.0000000+00:00","14,005000114440918","14,005000114440918","13,289999961853027","13,329999923706055","12,065458297729492","78600"
"2008-11-11T14:30:00.0000000+00:00","13,03499984741211","13,069999694824219","12,994999885559082","13,069999694824219","11,830124855041504","16000"
"2008-11-12T14:30:00.0000000+00:00","12,765000343322754","12,765000343322754","12,390000343322754","12,404999732971191","11,22821044921875","11200"
"2008-11-13T14:30:00.0000000+00:00","11,885000228881836","12,630000114440918","11,569999694824219","12,630000114440918","11,431866645812988","35800"
"2008-11-14T14:30:00.0000000+00:00","12,289999961853027","12,470000267028809","12,015000343322754","12,199999809265137","11,042654991149902","9800"
"2008-11-17T14:30:00.0000000+00:00","11,795000076293945","12,050000190734863","11,789999961853027","12,050000190734863","10,906886100769043","14400"
"2008-11-18T14:30:00.0000000+00:00","11,75","11,75","11,149999618530273","11,149999618530273","10,092265129089355","8400"
"2008-11-19T14:30:00.0000000+00:00","11,03499984741211","11,03499984741211","10,9350004196167","10,9350004196167","9,897658348083496","800"
"2008-11-20T14:30:00.0000000+00:00","10,654999732971191","10,819999694824219","10,0649995803833","10,0649995803833","9,110190391540527","107000"
"2008-11-21T14:30:00.0000000+00:00","10,010000228881836","10,460000038146973","9,904999732971191","10,460000038146973","9,467720985412598","32200"
"2008-11-24T14:30:00.0000000+00:00","10,854999542236328","11,15999984741211","10,6899995803833","11,039999961853027","9,99269962310791","12600"
"2008-11-25T14:30:00.0000000+00:00","11,104999542236328","11,104999542236328","10,875","10,9399995803833","9,902180671691895","8000"
"2008-11-26T14:30:00.0000000+00:00","10,9399995803833","10,9399995803833","10,9399995803833","10,9399995803833","9,902180671691895","0"
"2008-11-28T14:30:00.0000000+00:00","11,444999694824219","11,479999542236328","11,354999542236328","11,470000267028809","10,381906509399414","19600"
"2008-12-01T14:30:00.0000000+00:00","10,970000267028809","10,979999542236328","10,5649995803833","10,5649995803833","9,562753677368164","5400"
"2008-12-02T14:30:00.0000000+00:00","10,6850004196167","10,885000228881836","10,470000267028809","10,729999542236328","9,712103843688965","13800"
"2008-12-03T14:30:00.0000000+00:00","10,78499984741211","11,354999542236328","10,770000457763672","11,335000038146973","10,259713172912598","18600"
"2008-12-04T14:30:00.0000000+00:00","10,899999618530273","10,899999618530273","10,46500015258789","10,524999618530273","9,526549339294434","2600"
"2008-12-05T14:30:00.0000000+00:00","10,414999961853027","10,8100004196167","10,135000228881836","10,805000305175781","9,779989242553711","15000"
"2008-12-08T14:30:00.0000000+00:00","11,130000114440918","11,255000114440918","10,885000228881836","11,0600004196167","10,010802268981934","101000"
"2008-12-09T14:30:00.0000000+00:00","11","11,9350004196167","11","11,600000381469727","10,499576568603516","145800"
"2008-12-10T14:30:00.0000000+00:00","12,074999809265137","12,140000343322754","11,829999923706055","11,850000381469727","10,725860595703125","3600"
"2008-12-11T14:30:00.0000000+00:00","11,699999809265137","12,0649995803833","11,699999809265137","12,0649995803833","10,920464515686035","28200"
"2008-12-12T14:30:00.0000000+00:00","11,524999618530273","12,279999732971191","11,385000228881836","12,265000343322754","11,101487159729004","19600"
"2008-12-15T14:30:00.0000000+00:00","12,114999771118164","12,114999771118164","11,845000267028809","11,994999885559082","10,857104301452637","2600"
"2008-12-16T14:30:00.0000000+00:00","12,460000038146973","12,460000038146973","12,225000381469727","12,460000038146973","11,27798843383789","5200"
"2008-12-17T14:30:00.0000000+00:00","13,930000305175781","13,930000305175781","12,359999656677246","12,845000267028809","11,626466751098633","16400"
"2008-12-18T14:30:00.0000000+00:00","12,739999771118164","12,739999771118164","11,710000038146973","11,885000228881836","10,757538795471191","14400"
"2008-12-19T14:30:00.0000000+00:00","12,055000305175781","12,295000076293945","11,949999809265137","12,244999885559082","11,09365463256836","47800"
"2008-12-22T14:30:00.0000000+00:00","12,149999618530273","12,149999618530273","11,414999961853027","11,414999961853027","10,341691970825195","15200"
"2008-12-23T14:30:00.0000000+00:00","11,654999732971191","11,694999694824219","11,25","11,295000076293945","10,232978820800781","52200"
"2008-12-24T14:30:00.0000000+00:00","11,399999618530273","11,404999732971191","11,390000343322754","11,399999618530273","10,328103065490723","5800"
"2008-12-26T14:30:00.0000000+00:00","11,4350004196167","11,4350004196167","11,4350004196167","11,4350004196167","10,359818458557129","400"
"2008-12-29T14:30:00.0000000+00:00","11,475000381469727","11,475000381469727","11,244999885559082","11,28499984741211","10,223921775817871","3000"
"2008-12-30T14:30:00.0000000+00:00","11,585000038146973","11,760000228881836","11,585000038146973","11,720000267028809","10,61801815032959","3600"
"2008-12-31T14:30:00.0000000+00:00","11,869999885559082","12,130000114440918","11,869999885559082","12,074999809265137","10,939640998840332","14000"
"2009-01-02T14:30:00.0000000+00:00","12,055000305175781","12,574999809265137","12,055000305175781","12,574999809265137","11,39262866973877","5400"
"2009-01-05T14:30:00.0000000+00:00","12,630000114440918","12,835000038146973","12,449999809265137","12,6899995803833","11,496814727783203","7200"
"2009-01-06T14:30:00.0000000+00:00","12,914999961853027","13,475000381469727","12,914999961853027","13,444999694824219","12,180821418762207","3600"
"2009-01-07T14:30:00.0000000+00:00","13,119999885559082","13,119999885559082","12,670000076293945","12,670000076293945","11,478692054748535","45400"
"2009-01-08T14:30:00.0000000+00:00","12,609999656677246","12,654999732971191","12,510000228881836","12,654999732971191","11,46510124206543","43400"
"2009-01-09T14:30:00.0000000+00:00","12,765000343322754","12,765000343322754","12,21500015258789","12,21500015258789","11,066473960876465","3600"
"2009-01-12T14:30:00.0000000+00:00","12","12","11,805000305175781","11,805000305175781","10,695023536682129","600"
"2009-01-13T14:30:00.0000000+00:00","11,625","11,819999694824219","11,625","11,8100004196167","10,699557304382324","3000"
"2009-01-14T14:30:00.0000000+00:00","11,25","11,25","11,25","11,25","10,192209243774414","400"
"2009-01-15T14:30:00.0000000+00:00","11,260000228881836","11,635000228881836","11,015000343322754","11,489999771118164","10,40964412689209","6200"
"2009-01-16T14:30:00.0000000+00:00","11,75","12","11,699999809265137","11,989999771118164","10,862627983093262","16400"
"2009-01-20T14:30:00.0000000+00:00","11,630000114440918","11,65999984741211","11,180000305175781","11,180000305175781","10,128791809082031","1200"
"2009-01-21T14:30:00.0000000+00:00","11,354999542236328","11,505000114440918","11,0649995803833","11,505000114440918","10,423233985900879","5800"
"2009-01-22T14:30:00.0000000+00:00","11,21500015258789","11,380000114440918","11","11,255000114440918","10,196739196777344","16200"
"2009-01-23T14:30:00.0000000+00:00","11,079999923706055","11,795000076293945","11,079999923706055","11,65999984741211","10,563654899597168","23800"
"2009-01-26T14:30:00.0000000+00:00","11,75","12","11,670000076293945","11,71500015258789","10,613487243652344","13000"
"2009-01-27T14:30:00.0000000+00:00","11,78499984741211","12,125","11,78499984741211","12,074999809265137","10,939640998840332","23000"
"2009-01-28T14:30:00.0000000+00:00","12,28499984741211","12,649999618530273","12,28499984741211","12,524999618530273","11,34732723236084","13400"
"2009-01-29T14:30:00.0000000+00:00","12,085000038146973","12,229999542236328","11,975000381469727","12","10,871688842773438","14200"
"2009-01-30T14:30:00.0000000+00:00","12,130000114440918","12,1899995803833","11,755000114440918","11,765000343322754","10,658783912658691","6000"
"2009-02-02T14:30:00.0000000+00:00","11,710000038146973","11,949999809265137","11,609999656677246","11,949999809265137","10,826391220092773","43200"
"2009-02-03T14:30:00.0000000+00:00","11,835000038146973","12,15999984741211","11,819999694824219","12,109999656677246","10,97134780883789","24000"
"2009-02-04T14:30:00.0000000+00:00","12,515000343322754","12,675000190734863","12,21500015258789","12,289999961853027","11,134421348571777","34600"
"2009-02-05T14:30:00.0000000+00:00","12,359999656677246","13,0649995803833","12,359999656677246","12,914999961853027","11,70065689086914","22600"
"2009-02-06T14:30:00.0000000+00:00","13,425000190734863","13,645000457763672","13,425000190734863","13,5649995803833","12,289539337158203","29400"
"2009-02-09T14:30:00.0000000+00:00","13,46500015258789","13,515000343322754","13,274999618530273","13,414999961853027","12,153646469116211","98200"
"2009-02-10T14:30:00.0000000+00:00","13,3100004196167","13,539999961853027","12,729999542236328","12,789999961853027","11,587409973144531","14000"
"2009-02-11T14:30:00.0000000+00:00","12,680000305175781","12,729999542236328","12,350000381469727","12,5600004196167","11,379036903381348","191800"
"2009-02-12T14:30:00.0000000+00:00","12,5600004196167","12,899999618530273","12,305000305175781","12,854999542236328","11,6462984085083","127800"
"2009-02-13T14:30:00.0000000+00:00","12,899999618530273","13,1850004196167","12,8149995803833","13,020000457763672","11,795783042907715","86200"
"2009-02-17T14:30:00.0000000+00:00","12,449999809265137","12,449999809265137","12,164999961853027","12,220000267028809","11,071002960205078","105000"
"2009-02-18T14:30:00.0000000+00:00","12,25","12,425000190734863","12,104999542236328","12,199999809265137","11,052886009216309","88400"
"2009-02-19T14:30:00.0000000+00:00","12,149999618530273","12,204999923706055","11,5649995803833","11,595000267028809","10,504769325256348","14400"
"2009-02-20T14:30:00.0000000+00:00","11,914999961853027","11,914999961853027","11,234999656677246","11,46500015258789","10,386994361877441","21000"
"2009-02-23T14:30:00.0000000+00:00","11,649999618530273","11,649999618530273","11,029999732971191","11,03499984741211","9,997426986694336","42200"
"2009-02-24T14:30:00.0000000+00:00","11,479999542236328","11,875","11,479999542236328","11,875","10,758442878723145","5400"
"2009-02-25T14:30:00.0000000+00:00","12,5","12,5","11,649999618530273","12,104999542236328","10,966817855834961","69000"
"2009-02-26T14:30:00.0000000+00:00","12,170000076293945","12,585000038146973","11,875","11,90999984741211","10,790154457092285","35200"
"2009-02-27T14:30:00.0000000+00:00","11,595000267028809","12,199999809265137","11,595000267028809","11,975000381469727","10,849042892456055","63800"
"2009-03-02T14:30:00.0000000+00:00","12","12","11,21500015258789","11,21500015258789","10,16049861907959","44800"
"2009-03-03T14:30:00.0000000+00:00","11,345000267028809","11,71500015258789","11,305000305175781","11,524999618530273","10,441351890563965","174400"
"2009-03-04T14:30:00.0000000+00:00","11,664999961853027","12,225000381469727","11,664999961853027","12,055000305175781","10,921520233154297","151600"
"2009-03-05T14:30:00.0000000+00:00","11,854999542236328","12,045000076293945","11,850000381469727","11,875","10,758442878723145","234200"
"2009-03-06T14:30:00.0000000+00:00","12,170000076293945","12,175000190734863","11,454999923706055","11,71500015258789","10,613487243652344","496200"
"2009-03-09T13:30:00.0000000+00:00","11,9350004196167","11,9350004196167","11,460000038146973","11,479999542236328","10,400588035583496","33400"
"2009-03-10T13:30:00.0000000+00:00","11,899999618530273","12,46500015258789","11,8149995803833","12,46500015258789","11,29296875","38400"
"2009-03-11T13:30:00.0000000+00:00","12,654999732971191","12,975000381469727","12,529999732971191","12,859999656677246","11,650827407836914","646800"
"2009-03-12T13:30:00.0000000+00:00","13,015000343322754","13,380000114440918","12,729999542236328","13,3149995803833","12,063048362731934","219200"
"2009-03-13T13:30:00.0000000+00:00","13,5","13,984999656677246","13,210000038146973","13,425000190734863","12,16270923614502","368400"
"2009-03-16T13:30:00.0000000+00:00","13,994999885559082","13,994999885559082","12,925000190734863","12,930000305175781","11,714247703552246","395400"
"2009-03-17T13:30:00.0000000+00:00","13,0600004196167","13,550000190734863","12,859999656677246","13,494999885559082","12,226119041442871","378200"
"2009-03-18T13:30:00.0000000+00:00","13,630000114440918","14,489999771118164","13,510000228881836","14,100000381469727","12,774237632751465","870400"
"2009-03-19T13:30:00.0000000+00:00","14,545000076293945","14,545000076293945","13,930000305175781","14,055000305175781","12,733465194702148","331600"
"2009-03-20T13:30:00.0000000+00:00","13,96500015258789","14,494999885559082","13,225000381469727","13,444999694824219","12,216456413269043","258800"
"2009-03-23T13:30:00.0000000+00:00","13,789999961853027","14,385000228881836","13,664999961853027","14,244999885559082","12,943357467651367","623400"
"2009-03-24T13:30:00.0000000+00:00","13,994999885559082","14,5649995803833","13,710000038146973","13,869999885559082","12,602624893188477","322200"
"2009-03-25T13:30:00.0000000+00:00","14,095000267028809","14,354999542236328","13,375","13,734999656677246","12,479961395263672","604200"
"2009-03-26T13:30:00.0000000+00:00","14,005000114440918","14,5","13,46500015258789","14,489999771118164","13,165971755981445","117800"
"2009-03-27T13:30:00.0000000+00:00","14,225000381469727","14,4399995803833","14,164999961853027","14,225000381469727","12,925188064575195","131600"
"2009-03-30T13:30:00.0000000+00:00","14,59000015258789","14,59000015258789","13,5","13,664999961853027","12,41635799407959","146600"
"2009-03-31T13:30:00.0000000+00:00","14,114999771118164","14,114999771118164","13,630000114440918","13,680000305175781","12,429984092712402","267600"
"2009-04-01T13:30:00.0000000+00:00","13,649999618530273","14,079999923706055","13,399999618530273","14,050000190734863","12,766180038452148","113800"
"2009-04-02T13:30:00.0000000+00:00","14,550000190734863","14,729999542236328","14,385000228881836","14,505000114440918","13,179604530334473","300800"
"2009-04-03T13:30:00.0000000+00:00","14,529999732971191","15,005000114440918","14,350000381469727","15,005000114440918","13,633916854858398","394200"
"2009-04-06T13:30:00.0000000+00:00","14,765000343322754","14,819999694824219","14,420000076293945","14,71500015258789","13,370414733886719","495000"
"2009-04-07T13:30:00.0000000+00:00","14,694999694824219","15","14,199999809265137","14,359999656677246","13,047849655151367","545000"
"2009-04-08T13:30:00.0000000+00:00","14,390000343322754","14,675000190734863","14,270000457763672","14,630000114440918","13,293181419372559","184200"
"2009-04-09T13:30:00.0000000+00:00","15,005000114440918","15,3149995803833","14,975000381469727","15,220000267028809","13,829270362854004","124800"
"2009-04-13T13:30:00.0000000+00:00","15,489999771118164","15,720000267028809","14,6850004196167","15,0649995803833","13,68842887878418","262600"
"2009-04-14T13:30:00.0000000+00:00","14,875","15,295000076293945","14,789999961853027","15,024999618530273","13,65208911895752","449600"
"2009-04-15T13:30:00.0000000+00:00","14,78499984741211","14,875","14,545000076293945","14,84000015258789","13,483990669250488","224800"
"2009-04-16T13:30:00.0000000+00:00","15,170000076293945","15,470000267028809","15","15,40999984741211","14,001907348632812","138200"
"2009-04-17T13:30:00.0000000+00:00","15,520000457763672","15,520000457763672","15,130000114440918","15,414999961853027","14,006450653076172","120800"
"2009-04-20T13:30:00.0000000+00:00","15,395000457763672","15,395000457763672","14,645000457763672","14,760000228881836","13,411301612854004","159800"
"2009-04-21T13:30:00.0000000+00:00","14,890000343322754","14,930000305175781","14,414999961853027","14,755000114440918","13,406756401062012","284400"
"2009-04-22T13:30:00.0000000+00:00","14,380000114440918","15,510000228881836","14,380000114440918","15,104999542236328","13,724777221679688","350800"
"2009-04-23T13:30:00.0000000+00:00","15,449999809265137","15,449999809265137","14,470000267028809","15,010000228881836","13,638455390930176","306600"
"2009-04-24T13:30:00.0000000+00:00","14,970000267028809","15,375","14,84000015258789","15,274999618530273","13,879244804382324","185200"
"2009-04-27T13:30:00.0000000+00:00","15,244999885559082","15,335000038146973","14,9350004196167","15,154999732971191","13,770211219787598","145600"
"2009-04-28T13:30:00.0000000+00:00","14,895000457763672","15,454999923706055","14,854999542236328","14,975000381469727","13,606653213500977","88400"
"2009-04-29T13:30:00.0000000+00:00","15,279999732971191","15,609999656677246","15,069999694824219","15,390000343322754","13,983734130859375","165600"
"2009-04-30T13:30:00.0000000+00:00","15,78499984741211","16,040000915527344","15,460000038146973","15,640000343322754","14,210891723632812","384400"
"2009-05-01T13:30:00.0000000+00:00","15,574999809265137","15,960000038146973","15,460000038146973","15,835000038146973","14,38807487487793","154600"
"2009-05-04T13:30:00.0000000+00:00","15,65999984741211","16,614999771118164","15,65999984741211","16,59000015258789","15,074084281921387","239600"
"2009-05-05T13:30:00.0000000+00:00","16,075000762939453","16,645000457763672","16,075000762939453","16,540000915527344","15,028654098510742","433600"
"2009-05-06T13:30:00.0000000+00:00","16,6299991607666","16,729999542236328","16,125","16,53499984741211","15,024106979370117","288600"
"2009-05-07T13:30:00.0000000+00:00","16,75","16,75","15,369999885559082","15,635000228881836","14,206351280212402","378600"
"2009-05-08T13:30:00.0000000+00:00","16,125","16,125","14,854999542236328","15,09000015258789","13,711148262023926","356600"
"2009-05-11T13:30:00.0000000+00:00","14,6850004196167","15,414999961853027","14,520000457763672","15,204999923706055","13,815643310546875","423400"
"2009-05-12T13:30:00.0000000+00:00","15,109999656677246","15,305000305175781","14,5600004196167","14,795000076293945","13,443100929260254","272600"
"2009-05-13T13:30:00.0000000+00:00","14,670000076293945","14,824999809265137","14,40999984741211","14,4399995803833","13,120535850524902","1050800"
"2009-05-14T13:30:00.0000000+00:00","14,505000114440918","15,010000228881836","14,505000114440918","14,869999885559082","13,511249542236328","449600"
"2009-05-15T13:30:00.0000000+00:00","14,824999809265137","15,029999732971191","14,625","14,6850004196167","13,34315299987793","252000"
"2009-05-18T13:30:00.0000000+00:00","14,829999923706055","15,21500015258789","14,8149995803833","15,1850004196167","13,797465324401855","212800"
"2009-05-19T13:30:00.0000000+00:00","15,130000114440918","15,835000038146973","15,050000190734863","15,585000038146973","14,16091537475586","287200"
"2009-05-20T13:30:00.0000000+00:00","15,805000305175781","16,360000610351562","15,725000381469727","15,755000114440918","14,31538200378418","415000"
"2009-05-21T13:30:00.0000000+00:00","15,5600004196167","15,670000076293945","15,239999771118164","15,494999885559082","14,07913589477539","334200"
"2009-05-22T13:30:00.0000000+00:00","15,479999542236328","15,630000114440918","15,25","15,479999542236328","14,065513610839844","203400"
"2009-05-26T13:30:00.0000000+00:00","15,595000267028809","16,09000015258789","15,4350004196167","16,06999969482422","14,601600646972656","191800"
"2009-05-27T13:30:00.0000000+00:00","16,09000015258789","16,65999984741211","16,09000015258789","16,280000686645508","14,792411804199219","199000"
"2009-05-28T13:30:00.0000000+00:00","16,479999542236328","16,639999389648438","16","16,639999389648438","15,119516372680664","489000"
"2009-05-29T13:30:00.0000000+00:00","16,56999969482422","16,780000686645508","16,315000534057617","16,65999984741211","15,13769245147705","546000"
"2009-06-01T13:30:00.0000000+00:00","16,94499969482422","17,514999389648438","16,940000534057617","17,354999542236328","15,769176483154297","532800"
"2009-06-02T13:30:00.0000000+00:00","17,299999237060547","17,329999923706055","16,825000762939453","16,94499969482422","15,39664077758789","210800"
"2009-06-03T13:30:00.0000000+00:00","16,69499969482422","16,739999771118164","16,440000534057617","16,65999984741211","15,13769245147705","174800"
"2009-06-04T13:30:00.0000000+00:00","16,655000686645508","17,065000534057617","16,655000686645508","17,030000686645508","15,473878860473633","507000"
"2009-06-05T13:30:00.0000000+00:00","17,25","17,280000686645508","16,770000457763672","16,8799991607666","15,33758544921875","156200"
"2009-06-08T13:30:00.0000000+00:00","16,809999465942383","17,06999969482422","16,559999465942383","16,954999923706055","15,405738830566406","201200"
"2009-06-09T13:30:00.0000000+00:00","17,145000457763672","17,93000030517578","17,145000457763672","17,78499984741211","16,15988540649414","642200"
"2009-06-10T13:30:00.0000000+00:00","17,985000610351562","17,985000610351562","17,5","17,950000762939453","16,309818267822266","189000"
"2009-06-11T13:30:00.0000000+00:00","17,985000610351562","18,100000381469727","17,69499969482422","17,81999969482422","16,191692352294922","217200"
"2009-06-12T13:30:00.0000000+00:00","17,809999465942383","17,809999465942383","17,334999084472656","17,604999542236328","15,996338844299316","122200"
"2009-06-15T13:30:00.0000000+00:00","17,360000610351562","17,450000762939453","17,045000076293945","17,44499969482422","15,85096263885498","97600"
"2009-06-16T13:30:00.0000000+00:00","17,55500030517578","17,55500030517578","16,9950008392334","17,104999542236328","15,542025566101074","825200"
"2009-06-17T13:30:00.0000000+00:00","17","17,420000076293945","16,704999923706055","17,270000457763672","15,691944122314453","210600"
"2009-06-18T13:30:00.0000000+00:00","17,21500015258789","17,299999237060547","16,854999542236328","16,940000534057617","15,392107009887695","191200"
"2009-06-19T13:30:00.0000000+00:00","17,06999969482422","17,2549991607666","16,985000610351562","17,094999313354492","15,573848724365234","92400"
"2009-06-22T13:30:00.0000000+00:00","17,010000228881836","17,1200008392334","16,454999923706055","16,489999771118164","15,02268123626709","247600"
"2009-06-23T13:30:00.0000000+00:00","16,540000915527344","16,540000915527344","15,984999656677246","16,290000915527344","14,840482711791992","1115200"
"2009-06-24T13:30:00.0000000+00:00","16,399999618530273","16,815000534057617","15,604999542236328","16,709999084472656","15,223108291625977","240400"
"2009-06-25T13:30:00.0000000+00:00","16,610000610351562","17","16,450000762939453","17","15,487310409545898","106600"
"2009-06-26T13:30:00.0000000+00:00","16,899999618530273","17,184999465942383","16,78499984741211","16,979999542236328","15,469076156616211","97600"
"2009-06-29T13:30:00.0000000+00:00","17,049999237060547","17,145000457763672","16,860000610351562","16,959999084472656","15,450857162475586","104200"
"2009-06-30T13:30:00.0000000+00:00","17,15999984741211","17,225000381469727","16,709999084472656","16,895000457763672","15,391647338867188","73400"
"2009-07-01T13:30:00.0000000+00:00","17,049999237060547","17,43000030517578","17,03499984741211","17,174999237060547","15,646734237670898","213000"
"2009-07-02T13:30:00.0000000+00:00","16,924999237060547","17,010000228881836","16,78499984741211","16,915000915527344","15,409869194030762","64600"
"2009-07-06T13:30:00.0000000+00:00","16,844999313354492","16,885000228881836","16,360000610351562","16,584999084472656","15,109231948852539","116600"
"2009-07-07T13:30:00.0000000+00:00","16,670000076293945","16,825000762939453","16,174999237060547","16,18000030517578","14,740267753601074","92600"
"2009-07-08T13:30:00.0000000+00:00","16,2549991607666","16,30500030517578","15,795000076293945","16,045000076293945","14,617284774780273","738200"
"2009-07-09T13:30:00.0000000+00:00","16,0049991607666","16,549999237060547","16,0049991607666","16,3799991607666","14,922479629516602","303400"
"2009-07-10T13:30:00.0000000+00:00","16,299999237060547","16,600000381469727","16,219999313354492","16,53499984741211","15,063678741455078","388000"
"2009-07-13T13:30:00.0000000+00:00","16,360000610351562","16,8700008392334","16,165000915527344","16,864999771118164","15,3643159866333","155200"
"2009-07-14T13:30:00.0000000+00:00","16,854999542236328","17,094999313354492","16,81999969482422","17,03499984741211","15,519194602966309","154200"
"2009-07-15T13:30:00.0000000+00:00","17,65999984741211","17,875","17,625","17,825000762939453","16,2388916015625","221200"
"2009-07-16T13:30:00.0000000+00:00","17,950000762939453","18,239999771118164","17,684999465942383","18,184999465942383","16,566858291625977","250000"
"2009-07-17T13:30:00.0000000+00:00","18,170000076293945","18,385000228881836","17,940000534057617","18,385000228881836","16,749067306518555","182400"
"2009-07-20T13:30:00.0000000+00:00","18,459999084472656","18,635000228881836","18,299999237060547","18,594999313354492","16,940380096435547","396400"
"2009-07-21T13:30:00.0000000+00:00","18,665000915527344","18,670000076293945","18,059999465942383","18,424999237060547","16,785507202148438","529600"
"2009-07-22T13:30:00.0000000+00:00","18,31999969482422","18,860000610351562","18,31999969482422","18,75","17,08159065246582","523000"
"2009-07-23T13:30:00.0000000+00:00","18,670000076293945","19,1200008392334","18,55500030517578","19,05500030517578","17,35944938659668","550000"
"2009-07-24T13:30:00.0000000+00:00","18,75","19,03499984741211","18,485000610351562","19,03499984741211","17,341218948364258","160400"
"2009-07-27T13:30:00.0000000+00:00","19,03499984741211","19,295000076293945","18,719999313354492","19,05500030517578","17,35944938659668","356600"
"2009-07-28T13:30:00.0000000+00:00","19,020000457763672","19,15999984741211","18,81999969482422","19,104999542236328","17,404998779296875","94400"
"2009-07-29T13:30:00.0000000+00:00","19,100000381469727","19,110000610351562","18,895000457763672","19,094999313354492","17,39588165283203","128800"
"2009-07-30T13:30:00.0000000+00:00","19,31999969482422","19,600000381469727","19,020000457763672","19,059999465942383","17,364004135131836","214400"
"2009-07-31T13:30:00.0000000+00:00","19,03499984741211","19,264999389648438","18,93000030517578","19,135000228881836","17,432331085205078","56200"
"2009-08-03T13:30:00.0000000+00:00","19,315000534057617","19,479999542236328","19,149999618530273","19,450000762939453","17,719295501708984","138800"
"2009-08-04T13:30:00.0000000+00:00","19,3799991607666","19,514999389648438","19,18000030517578","19,385000228881836","17,66008758544922","117000"
"2009-08-05T13:30:00.0000000+00:00","19,469999313354492","19,520000457763672","19,040000915527344","19,219999313354492","17,509763717651367","731800"
"2009-08-06T13:30:00.0000000+00:00","19,334999084472656","19,450000762939453","18,81999969482422","18,905000686645508","17,22279167175293","526000"
"2009-08-07T13:30:00.0000000+00:00","19,25","19,25","18,80500030517578","18,954999923706055","17,26833724975586","114200"
"2009-08-10T13:30:00.0000000+00:00","18,915000915527344","19,0049991607666","18,68000030517578","18,854999542236328","17,177244186401367","287800"
"2009-08-11T13:30:00.0000000+00:00","18,80500030517578","18,899999618530273","18,549999237060547","18,655000686645508","16,995033264160156","102000"
"2009-08-12T13:30:00.0000000+00:00","18,674999237060547","19,135000228881836","18,674999237060547","19,020000457763672","17,327560424804688","152200"
"2009-08-13T13:30:00.0000000+00:00","19,19499969482422","19,469999313354492","18,915000915527344","19,450000762939453","17,719295501708984","108200"
"2009-08-14T13:30:00.0000000+00:00","19,44499969482422","19,44499969482422","18,989999771118164","19,155000686645508","17,450542449951172","76000"
"2009-08-17T13:30:00.0000000+00:00","18,860000610351562","18,860000610351562","18,579999923706055","18,594999313354492","16,940380096435547","200000"
"2009-08-18T13:30:00.0000000+00:00","18,655000686645508","19,030000686645508","18,655000686645508","18,969999313354492","17,282005310058594","74400"
"2009-08-19T13:30:00.0000000+00:00","18,725000381469727","19,155000686645508","18,639999389648438","19,100000381469727","17,40043830871582","329800"
"2009-08-20T13:30:00.0000000+00:00","19,079999923706055","19,270000457763672","19,03499984741211","19,235000610351562","17,523427963256836","52400"
"2009-08-21T13:30:00.0000000+00:00","19,315000534057617","19,625","19,174999237060547","19,6200008392334","17,87417221069336","40200"
"2009-08-24T13:30:00.0000000+00:00","19,739999771118164","19,885000228881836","19,40999984741211","19,44499969482422","17,71474266052246","116400"
"2009-08-25T13:30:00.0000000+00:00","19,575000762939453","19,71500015258789","19,424999237060547","19,594999313354492","17,851398468017578","119400"
"2009-08-26T13:30:00.0000000+00:00","19,520000457763672","19,825000762939453","19,520000457763672","19,809999465942383","18,04726219177246","76000"
"2009-08-27T13:30:00.0000000+00:00","19,795000076293945","19,899999618530273","19,450000762939453","19,899999618530273","18,129257202148438","257000"
"2009-08-28T13:30:00.0000000+00:00","20,264999389648438","20,645000457763672","20,114999771118164","20,375","18,561988830566406","133400"
"2009-08-31T13:30:00.0000000+00:00","20,225000381469727","20,225000381469727","19,885000228881836","20,065000534057617","18,27956771850586","111800"
"2009-09-01T13:30:00.0000000+00:00","20,075000762939453","20,40999984741211","19,424999237060547","19,479999542236328","17,74662208557129","139200"
"2009-09-02T13:30:00.0000000+00:00","19,350000381469727","19,59000015258789","19,30500030517578","19,420000076293945","17,691959381103516","101200"
"2009-09-03T13:30:00.0000000+00:00","19,56999969482422","19,829999923706055","19,450000762939453","19,790000915527344","18,029043197631836","267600"
"2009-09-04T13:30:00.0000000+00:00","19,780000686645508","20,34000015258789","19,780000686645508","20,334999084472656","18,525558471679688","131000"
"2009-09-08T13:30:00.0000000+00:00","20,594999313354492","20,940000534057617","20,459999084472656","20,934999465942383","19,07215690612793","240000"
"2009-09-09T13:30:00.0000000+00:00","20,905000686645508","21,100000381469727","20,684999465942383","21,03499984741211","19,163257598876953","157800"
"2009-09-10T13:30:00.0000000+00:00","21,110000610351562","21,510000228881836","21,100000381469727","21,4950008392334","19,582334518432617","200800"
"2009-09-11T13:30:00.0000000+00:00","21,520000457763672","21,520000457763672","20,90999984741211","21,030000686645508","19,15870475769043","104800"
"2009-09-14T13:30:00.0000000+00:00","20,8700008392334","21,084999084472656","20,81999969482422","21,079999923706055","19,204261779785156","114200"
"2009-09-15T13:30:00.0000000+00:00","21,100000381469727","21,315000534057617","21,065000534057617","21,2549991607666","19,363676071166992","94000"
"2009-09-16T13:30:00.0000000+00:00","21,329999923706055","21,364999771118164","21,020000457763672","21,135000228881836","19,254362106323242","85800"
"2009-09-17T13:30:00.0000000+00:00","21,049999237060547","21,174999237060547","20,625","20,684999465942383","18,844404220581055","95800"
"2009-09-18T13:30:00.0000000+00:00","20,825000762939453","20,915000915527344","20,600000381469727","20,735000610351562","18,93206214904785","167000"
"2009-09-21T13:30:00.0000000+00:00","20,610000610351562","20,844999313354492","20,510000228881836","20,764999389648438","18,95944595336914","88600"
"2009-09-22T13:30:00.0000000+00:00","20,854999542236328","21,075000762939453","20,854999542236328","20,875","19,059877395629883","56200"
"2009-09-23T13:30:00.0000000+00:00","21,059999465942383","21,40999984741211","20,950000762939453","20,954999923706055","19,1329345703125","191400"
"2009-09-24T13:30:00.0000000+00:00","21,09000015258789","21,09000015258789","20,2549991607666","20,40999984741211","18,635326385498047","206800"
"2009-09-25T13:30:00.0000000+00:00","20,34000015258789","20,53499984741211","20,15999984741211","20,389999389648438","18,6170597076416","103400"
"2009-09-28T13:30:00.0000000+00:00","20,5049991607666","21,024999618530273","20,5049991607666","20,844999313354492","19,03249740600586","48000"
"2009-09-29T13:30:00.0000000+00:00","21,049999237060547","21,049999237060547","20,485000610351562","20,5049991607666","18,72205924987793","141800"
"2009-09-30T13:30:00.0000000+00:00","20,59000015258789","20,899999618530273","20,25","20,614999771118164","18,822490692138672","332600"
"2009-10-01T13:30:00.0000000+00:00","20,594999313354492","20,594999313354492","19,604999542236328","19,6299991607666","17,923139572143555","736800"
"2009-10-02T13:30:00.0000000+00:00","19,354999542236328","19,7549991607666","19,315000534057617","19,405000686645508","17,71770477294922","587800"
"2009-10-05T13:30:00.0000000+00:00","19,440000534057617","19,885000228881836","19,3700008392334","19,790000915527344","18,069223403930664","349800"
"2009-10-06T13:30:00.0000000+00:00","19,940000534057617","20,299999237060547","19,69499969482422","20,135000228881836","18,384225845336914","194800"
"2009-10-07T13:30:00.0000000+00:00","20,1200008392334","20,21500015258789","19,96500015258789","20,075000762939453","18,329442977905273","248600"
"2009-10-08T13:30:00.0000000+00:00","20,225000381469727","20,225000381469727","19,69499969482422","19,915000915527344","18,18335723876953","178000"
"2009-10-09T13:30:00.0000000+00:00","19,8799991607666","20,674999237060547","19,8799991607666","20,649999618530273","18,854446411132812","126000"
"2009-10-12T13:30:00.0000000+00:00","20,790000915527344","21,149999618530273","20,790000915527344","20,96500015258789","19,14205551147461","294400"
"2009-10-13T13:30:00.0000000+00:00","20,90999984741211","21,135000228881836","20,815000534057617","20,905000686645508","19,08727264404297","131400"
"2009-10-14T13:30:00.0000000+00:00","21,420000076293945","21,4950008392334","21,114999771118164","21,325000762939453","19,47075843811035","286000"
"2009-10-15T13:30:00.0000000+00:00","21,170000076293945","21,184999465942383","20,815000534057617","20,8799991607666","19,064441680908203","311400"
"2009-10-16T13:30:00.0000000+00:00","20,68000030517578","20,68000030517578","20,18000030517578","20,3700008392334","18,59878921508789","135400"
"2009-10-19T13:30:00.0000000+00:00","20,424999237060547","20,815000534057617","20,31999969482422","20,729999542236328","18,927490234375","141400"
"2009-10-20T13:30:00.0000000+00:00","20,90999984741211","21,03499984741211","20,604999542236328","20,704999923706055","18,9046688079834","190400"
"2009-10-21T13:30:00.0000000+00:00","20,700000762939453","20,950000762939453","20,334999084472656","20,405000686645508","18,630752563476562","445800"
"2009-10-22T13:30:00.0000000+00:00","20,344999313354492","20,56999969482422","19,969999313354492","20,4950008392334","18,712932586669922","220600"
"2009-10-23T13:30:00.0000000+00:00","20,43000030517578","20,5049991607666","19,899999618530273","19,959999084472656","18,22443962097168","195000"
"2009-10-26T13:30:00.0000000+00:00","19,934999465942383","20,360000610351562","19,700000762939453","19,875","18,146835327148438","541200"
"2009-10-27T13:30:00.0000000+00:00","19,920000076293945","20,065000534057617","19,31999969482422","19,3700008392334","17,68575096130371","334800"
"2009-10-28T13:30:00.0000000+00:00","19,315000534057617","19,44499969482422","18,709999084472656","18,790000915527344","17,156177520751953","931200"
"2009-10-29T13:30:00.0000000+00:00","18,950000762939453","19,295000076293945","18,950000762939453","19,219999313354492","17,54879379272461","443000"
"2009-10-30T13:30:00.0000000+00:00","19,135000228881836","19,200000762939453","18,540000915527344","18,6299991607666","17,010095596313477","1042800"
"2009-11-02T14:30:00.0000000+00:00","18,645000457763672","18,825000762939453","18,31999969482422","18,6200008392334","17,00096321105957","1212800"
"2009-11-03T14:30:00.0000000+00:00","18,295000076293945","18,610000610351562","18,100000381469727","18,610000610351562","16,991830825805664","1126800"
"2009-11-04T14:30:00.0000000+00:00","18,719999313354492","19,114999771118164","18,719999313354492","18,799999237060547","17,165306091308594","630600"
"2009-11-05T14:30:00.0000000+00:00","19,024999618530273","19,389999389648438","18,9950008392334","19,360000610351562","17,676620483398438","210000"
"2009-11-06T14:30:00.0000000+00:00","19,19499969482422","19,625","19,184999465942383","19,434999465942383","17,745100021362305","363800"
"2009-11-09T14:30:00.0000000+00:00","19,549999237060547","20,075000762939453","19,549999237060547","20,05500030517578","18,311185836791992","191600"
"2009-11-10T14:30:00.0000000+00:00","20,020000457763672","20,225000381469727","19,780000686645508","20,014999389648438","18,274658203125","212200"
"2009-11-11T14:30:00.0000000+00:00","20,139999389648438","20,55500030517578","20,139999389648438","20,315000534057617","18,54857063293457","158000"
"2009-11-12T14:30:00.0000000+00:00","20,485000610351562","20,790000915527344","20,295000076293945","20,30500030517578","18,53944206237793","311600"
"2009-11-13T14:30:00.0000000+00:00","20,34000015258789","20,639999389648438","20,235000610351562","20,545000076293945","18,758583068847656","189000"
"2009-11-16T14:30:00.0000000+00:00","20,610000610351562","21,104999542236328","20,610000610351562","21,010000228881836","19,18314552307129","97600"
"2009-11-17T14:30:00.0000000+00:00","20,985000610351562","21,155000686645508","20,815000534057617","21,1299991607666","19,29271125793457","235800"
"2009-11-18T14:30:00.0000000+00:00","21,100000381469727","21,110000610351562","20,90999984741211","21,049999237060547","19,21966552734375","112000"
"2009-11-19T14:30:00.0000000+00:00","20,71500015258789","20,71500015258789","20,075000762939453","20,34000015258789","18,5714054107666","238200"
"2009-11-20T14:30:00.0000000+00:00","20,149999618530273","20,209999084472656","20,024999618530273","20,174999237060547","18,42074966430664","97800"
"2009-11-23T14:30:00.0000000+00:00","20,3799991607666","20,645000457763672","20,274999618530273","20,354999542236328","18,585092544555664","124000"
"2009-11-24T14:30:00.0000000+00:00","20,545000076293945","20,670000076293945","20,350000381469727","20,625","18,831613540649414","162000"
"2009-11-25T14:30:00.0000000+00:00","20,674999237060547","20,71500015258789","20,594999313354492","20,655000686645508","18,859010696411133","62200"
"2009-11-27T14:30:00.0000000+00:00","20,014999389648438","20,514999389648438","19,950000762939453","20,354999542236328","18,585092544555664","57600"
"2009-11-30T14:30:00.0000000+00:00","20,5049991607666","20,5049991607666","20,184999465942383","20,469999313354492","18,690105438232422","201800"
"2009-12-01T14:30:00.0000000+00:00","20,75","21,2549991607666","20,75","21,209999084472656","19,365753173828125","177800"
"2009-12-02T14:30:00.0000000+00:00","21,334999084472656","21,729999542236328","21,315000534057617","21,5","19,63054084777832","175800"
"2009-12-03T14:30:00.0000000+00:00","21,639999389648438","22,020000457763672","21,635000228881836","21,7450008392334","19,854236602783203","141000"
"2009-12-04T14:30:00.0000000+00:00","22,155000686645508","22,28499984741211","21,625","22,065000534057617","20,146425247192383","156800"
"2009-12-07T14:30:00.0000000+00:00","22,209999084472656","22,4950008392334","22,155000686645508","22,30500030517578","20,365541458129883","120000"
"2009-12-08T14:30:00.0000000+00:00","22,2450008392334","22,420000076293945","21,985000610351562","22,200000762939453","20,269672393798828","131800"
"2009-12-09T14:30:00.0000000+00:00","22,200000762939453","22,395000457763672","22,084999084472656","22,350000381469727","20,406635284423828","98000"
"2009-12-10T14:30:00.0000000+00:00","22,454999923706055","22,56999969482422","22,25","22,270000457763672","20,333593368530273","115600"
"2009-12-11T14:30:00.0000000+00:00","22,299999237060547","22,344999313354492","21,985000610351562","22,110000610351562","20,187501907348633","213200"
"2009-12-14T14:30:00.0000000+00:00","22,295000076293945","22,43000030517578","22,135000228881836","22,424999237060547","20,4751033782959","102400"
"2009-12-15T14:30:00.0000000+00:00","22,420000076293945","22,559999465942383","22,2549991607666","22,309999465942383","20,370113372802734","48400"
"2009-12-16T14:30:00.0000000+00:00","22,59000015258789","22,959999084472656","22,59000015258789","22,7549991607666","20,776412963867188","100800"
"2009-12-17T14:30:00.0000000+00:00","22,735000610351562","22,834999084472656","22,389999389648438","22,389999389648438","20,443151473999023","128200"
"2009-12-18T14:30:00.0000000+00:00","22,56999969482422","22,655000686645508","22,350000381469727","22,625","20,69747543334961","131000"
"2009-12-21T14:30:00.0000000+00:00","22,774999618530273","23,21500015258789","22,774999618530273","23,21500015258789","21,237205505371094","196200"
"2009-12-22T14:30:00.0000000+00:00","23,309999465942383","23,459999084472656","23,264999389648438","23,434999465942383","21,438467025756836","185400"
"2009-12-23T14:30:00.0000000+00:00","23,600000381469727","23,600000381469727","23,350000381469727","23,530000686645508","21,525362014770508","483000"
"2009-12-24T14:30:00.0000000+00:00","23,520000457763672","23,815000534057617","23,520000457763672","23,815000534057617","21,78609275817871","68200"
"2009-12-28T14:30:00.0000000+00:00","23,920000076293945","23,950000762939453","23,46500015258789","23,579999923706055","21,57111167907715","224000"
"2009-12-29T14:30:00.0000000+00:00","23,545000076293945","23,575000762939453","23,350000381469727","23,524999618530273","21,520795822143555","235400"
"2009-12-30T14:30:00.0000000+00:00","23,559999465942383","23,875","23,4950008392334","23,864999771118164","21,83182716369629","89400"
"2009-12-31T14:30:00.0000000+00:00","23,93000030517578","24,045000076293945","23,790000915527344","23,799999237060547","21,772367477416992","113800"
"2010-01-04T14:30:00.0000000+00:00","24,094999313354492","24,21500015258789","23,795000076293945","23,975000381469727","21,932456970214844","551000"
"2010-01-05T14:30:00.0000000+00:00","23,979999542236328","24,219999313354492","23,834999084472656","24,024999618530273","21,97818946838379","309800"
"2010-01-06T14:30:00.0000000+00:00","24,06999969482422","24,135000228881836","23,905000686645508","24,03499984741211","21,987342834472656","522200"
"2010-01-07T14:30:00.0000000+00:00","24,020000457763672","24,020000457763672","23,625","23,809999465942383","21,781505584716797","809000"
"2010-01-08T14:30:00.0000000+00:00","23,815000534057617","24,1299991607666","23,764999389648438","24,1299991607666","22,07425308227539","359600"
"2010-01-11T14:30:00.0000000+00:00","24,239999771118164","24,2450008392334","23,799999237060547","23,96500015258789","21,923315048217773","357800"
"2010-01-12T14:30:00.0000000+00:00","23,7450008392334","23,7450008392334","22,975000381469727","23,170000076293945","21,1960391998291","856400"
"2010-01-13T14:30:00.0000000+00:00","23,290000915527344","23,46500015258789","22,704999923706055","23,440000534057617","21,443037033081055","261400"
"2010-01-14T14:30:00.0000000+00:00","23,3799991607666","23,405000686645508","23,079999923706055","23,31999969482422","21,333255767822266","161400"
"2010-01-15T14:30:00.0000000+00:00","23,344999313354492","23,344999313354492","22,55500030517578","22,6200008392334","20,69289779663086","295800"
"2010-01-19T14:30:00.0000000+00:00","22,700000762939453","23,34000015258789","22,68000030517578","22,924999237060547","20,97191047668457","245200"
"2010-01-20T14:30:00.0000000+00:00","22,899999618530273","23,084999084472656","22,739999771118164","23,084999084472656","21,118282318115234","358200"
"2010-01-21T14:30:00.0000000+00:00","23,1299991607666","23,459999084472656","22,850000381469727","23,104999542236328","21,136579513549805","313400"
"2010-01-22T14:30:00.0000000+00:00","23","23","21,989999771118164","22,1200008392334","20,235506057739258","609000"
"2010-01-25T14:30:00.0000000+00:00","22,25","22,5","22,114999771118164","22,34000015258789","20,43674659729004","355800"
"2010-01-26T14:30:00.0000000+00:00","22,25","22,450000762939453","22,049999237060547","22,184999465942383","20,294967651367188","109400"
"2010-01-27T14:30:00.0000000+00:00","22,155000686645508","22,56999969482422","21,9950008392334","22,485000610351562","20,56939125061035","338200"
"2010-01-28T14:30:00.0000000+00:00","22,454999923706055","22,459999084472656","21,405000686645508","21,799999237060547","19,942750930786133","475600"
"2010-01-29T14:30:00.0000000+00:00","21,985000610351562","22,155000686645508","20,80500030517578","21,03499984741211","19,242931365966797","589000"
"2010-02-01T14:30:00.0000000+00:00","21,104999542236328","21,825000762939453","21,040000915527344","21,809999465942383","19,951900482177734","702000"
"2010-02-02T14:30:00.0000000+00:00","21,8700008392334","22,209999084472656","21,75","22,104999542236328","20,22176742553711","339400"
"2010-02-03T14:30:00.0000000+00:00","22,040000915527344","22,280000686645508","21,959999084472656","22,21500015258789","20,32240104675293","437600"
"2010-02-04T14:30:00.0000000+00:00","21,90999984741211","21,969999313354492","21,094999313354492","21,155000686645508","19,352706909179688","470000"
"2010-02-05T14:30:00.0000000+00:00","21,25","21,594999313354492","20,90999984741211","21,4950008392334","19,663738250732422","523000"
"2010-02-08T14:30:00.0000000+00:00","21,475000381469727","21,905000686645508","21,274999618530273","21,459999084472656","19,631715774536133","439000"
"2010-02-09T14:30:00.0000000+00:00","21,885000228881836","21,94499969482422","21,489999771118164","21,665000915527344","19,819252014160156","430800"
"2010-02-10T14:30:00.0000000+00:00","21,635000228881836","21,889999389648438","21,485000610351562","21,795000076293945","19,93817710876465","201000"
"2010-02-11T14:30:00.0000000+00:00","21,825000762939453","22,315000534057617","21,645000457763672","22,260000228881836","20,36355972290039","245000"
"2010-02-12T14:30:00.0000000+00:00","21,950000762939453","22,670000076293945","21,834999084472656","22,415000915527344","20,50535774230957","573000"
"2010-02-16T14:30:00.0000000+00:00","22,639999389648438","22,954999923706055","22,5049991607666","22,924999237060547","20,97191047668457","436600"
"2010-02-17T14:30:00.0000000+00:00","23,059999465942383","23,06999969482422","22,649999618530273","22,954999923706055","20,99936294555664","713200"
"2010-02-18T14:30:00.0000000+00:00","22,885000228881836","23,114999771118164","22,7549991607666","23,110000610351562","21,141155242919922","184800"
"2010-02-19T14:30:00.0000000+00:00","23,045000076293945","23,389999389648438","22,934999465942383","23,2450008392334","21,264638900756836","354200"
"2010-02-22T14:30:00.0000000+00:00","23,364999771118164","23,415000915527344","23,139999389648438","23,225000381469727","21,246349334716797","362000"
"2010-02-23T14:30:00.0000000+00:00","23,170000076293945","23,190000534057617","22,5","22,65999984741211","20,72948455810547","209200"
"2010-02-24T14:30:00.0000000+00:00","22,795000076293945","23,204999923706055","22,795000076293945","23,05500030517578","21,090829849243164","356800"
"2010-02-25T14:30:00.0000000+00:00","22,729999542236328","22,979999542236328","22,424999237060547","22,934999465942383","20,981060028076172","302000"
"2010-02-26T14:30:00.0000000+00:00","22,9950008392334","22,9950008392334","22,665000915527344","22,96500015258789","21,008502960205078","183400"
"2010-03-01T14:30:00.0000000+00:00","22,989999771118164","23,545000076293945","22,989999771118164","23,510000228881836","21,507068634033203","440600"
"2010-03-02T14:30:00.0000000+00:00","23,610000610351562","23,895000457763672","23,530000686645508","23,584999084472656","21,5756778717041","601200"
"2010-03-03T14:30:00.0000000+00:00","23,68000030517578","23,885000228881836","23,34000015258789","23,43000030517578","21,433887481689453","200200"
"2010-03-04T14:30:00.0000000+00:00","23,46500015258789","23,530000686645508","23,18000030517578","23,520000457763672","21,516220092773438","205400"
"2010-03-05T14:30:00.0000000+00:00","23,700000762939453","23,889999389648438","23,485000610351562","23,764999389648438","21,740352630615234","211200"
"2010-03-08T14:30:00.0000000+00:00","23,80500030517578","23,829999923706055","23,625","23,725000381469727","21,703754425048828","210400"
"2010-03-09T14:30:00.0000000+00:00","23,610000610351562","23,84000015258789","23,545000076293945","23,700000762939453","21,680889129638672","229200"
"2010-03-10T14:30:00.0000000+00:00","23,739999771118164","24,21500015258789","23,725000381469727","24,110000610351562","22,055953979492188","312800"
"2010-03-11T14:30:00.0000000+00:00","24,030000686645508","24,030000686645508","23,6200008392334","23,834999084472656","21,804384231567383","140000"
"2010-03-12T14:30:00.0000000+00:00","24,03499984741211","24,03499984741211","23,760000228881836","23,815000534057617","21,78609275817871","143200"
"2010-03-15T13:30:00.0000000+00:00","23,7450008392334","23,834999084472656","23,469999313354492","23,610000610351562","21,59854507446289","232800"
"2010-03-16T13:30:00.0000000+00:00","23,729999542236328","24,270000457763672","23,639999389648438","24,21500015258789","22,152015686035156","164600"
"2010-03-17T13:30:00.0000000+00:00","24,274999618530273","24,80500030517578","24,270000457763672","24,649999618530273","22,54994773864746","279200"
"2010-03-18T13:30:00.0000000+00:00","24,774999618530273","24,774999618530273","24,225000381469727","24,3700008392334","22,293806076049805","201400"
"2010-03-19T13:30:00.0000000+00:00","23,96500015258789","24,334999084472656","23,860000610351562","23,96500015258789","21,962068557739258","311800"
"2010-03-22T13:30:00.0000000+00:00","24,049999237060547","24,440000534057617","23,7549991607666","24,405000686645508","22,36528968811035","335400"
"2010-03-23T13:30:00.0000000+00:00","24,5","24,799999237060547","24,46500015258789","24,799999237060547","22,727272033691406","749800"
"2010-03-24T13:30:00.0000000+00:00","24,709999084472656","24,709999084472656","24,084999084472656","24,1200008392334","22,104114532470703","811800"
"2010-03-25T13:30:00.0000000+00:00","24,344999313354492","24,510000228881836","24,030000686645508","24,030000686645508","22,02162742614746","617600"
"2010-03-26T13:30:00.0000000+00:00","24,1299991607666","24,25","23,700000762939453","23,920000076293945","21,920820236206055","621800"
"2010-03-29T13:30:00.0000000+00:00","24,065000534057617","24,209999084472656","24,010000228881836","24,075000762939453","22,062868118286133","824800"
"2010-03-30T13:30:00.0000000+00:00","24,139999389648438","24,315000534057617","23,920000076293945","24,19499969482422","22,172840118408203","420600"
"2010-03-31T13:30:00.0000000+00:00","24,135000228881836","24,2450008392334","23,934999465942383","23,989999771118164","21,984968185424805","283200"
"2010-04-01T13:30:00.0000000+00:00","24,25","24,530000686645508","23,80500030517578","23,954999923706055","21,952899932861328","683600"
"2010-04-05T13:30:00.0000000+00:00","24,040000915527344","24,735000610351562","24,040000915527344","24,69499969482422","22,63105010986328","923200"
"2010-04-06T13:30:00.0000000+00:00","24,594999313354492","24,614999771118164","24,350000381469727","24,524999618530273","22,475265502929688","677000"
"2010-04-07T13:30:00.0000000+00:00","24,469999313354492","24,815000534057617","24,354999542236328","24,690000534057617","22,6264705657959","271400"
"2010-04-08T13:30:00.0000000+00:00","24,55500030517578","24,55500030517578","24,145000457763672","24,315000534057617","22,282806396484375","372600"
"2010-04-09T13:30:00.0000000+00:00","24,385000228881836","24,645000457763672","24,295000076293945","24,645000457763672","22,585220336914062","193400"
"2010-04-12T13:30:00.0000000+00:00","24,665000915527344","24,969999313354492","24,604999542236328","24,844999313354492","22,768516540527344","145400"
"2010-04-13T13:30:00.0000000+00:00","24,790000915527344","25,084999084472656","24,770000457763672","25,045000076293945","22,95179557800293","252800"
"2010-04-14T13:30:00.0000000+00:00","25,530000686645508","26,114999771118164","25,4950008392334","26,110000610351562","23,927785873413086","139600"
"2010-04-15T13:30:00.0000000+00:00","26,059999465942383","26,329999923706055","25,975000381469727","26,260000228881836","24,065258026123047","319200"
"2010-04-16T13:30:00.0000000+00:00","26,079999923706055","26,079999923706055","25,454999923706055","25,795000076293945","23,639114379882812","561800"
"2010-04-19T13:30:00.0000000+00:00","25,65999984741211","25,764999389648438","24,950000762939453","25,485000610351562","23,35502052307129","560000"
"2010-04-20T13:30:00.0000000+00:00","25,735000610351562","25,985000610351562","25,665000915527344","25,899999618530273","23,735334396362305","733400"
"2010-04-21T13:30:00.0000000+00:00","26,06999969482422","26,184999465942383","25,239999771118164","25,600000381469727","23,460407257080078","223800"
"2010-04-22T13:30:00.0000000+00:00","25,229999542236328","25,780000686645508","24,75","25,739999771118164","23,58871078491211","251000"
"2010-04-23T13:30:00.0000000+00:00","25,78499984741211","25,78499984741211","25,31999969482422","25,7450008392334","23,593284606933594","104800"
"2010-04-26T13:30:00.0000000+00:00","25,80500030517578","26,084999084472656","25,770000457763672","25,940000534057617","23,771995544433594","191200"
"2010-04-27T13:30:00.0000000+00:00","25,7549991607666","25,81999969482422","25,0049991607666","25,05500030517578","22,960962295532227","442000"
"2010-04-28T13:30:00.0000000+00:00","25,315000534057617","25,475000381469727","24,895000457763672","25,25","23,139659881591797","289600"
"2010-04-29T13:30:00.0000000+00:00","25,420000076293945","25,575000762939453","25,190000534057617","25,575000762939453","23,4375","196200"
"2010-04-30T13:30:00.0000000+00:00","25,524999618530273","25,524999618530273","24,46500015258789","24,46500015258789","22,420265197753906","446200"
"2010-05-03T13:30:00.0000000+00:00","24,6200008392334","25,100000381469727","24,584999084472656","24,93000030517578","22,846405029296875","746600"
"2010-05-04T13:30:00.0000000+00:00","24,565000534057617","24,59000015258789","23,71500015258789","24,03499984741211","22,026203155517578","1221800"
"2010-05-05T13:30:00.0000000+00:00","23,665000915527344","24,225000381469727","23,28499984741211","23,795000076293945","21,806270599365234","1087600"
"2010-05-06T13:30:00.0000000+00:00","23,645000457763672","25,5","17,565000534057617","22,969999313354492","21,050220489501953","1442000"
"2010-05-07T13:30:00.0000000+00:00","22,90999984741211","23,190000534057617","21,834999084472656","22,69499969482422","20,79820442199707","1341400"
"2010-05-10T13:30:00.0000000+00:00","23,19499969482422","23,920000076293945","23,19499969482422","23,854999542236328","21,861251831054688","790800"
"2010-05-11T13:30:00.0000000+00:00","23,440000534057617","24,06999969482422","23,334999084472656","23,645000457763672","21,668811798095703","1195400"
"2010-05-12T13:30:00.0000000+00:00","23,844999313354492","24,3700008392334","23,825000762939453","24,344999313354492","22,310298919677734","263800"
"2010-05-13T13:30:00.0000000+00:00","24,200000762939453","24,479999542236328","23,684999465942383","23,795000076293945","21,806270599365234","643000"
"2010-05-14T13:30:00.0000000+00:00","23,475000381469727","23,4950008392334","22,645000457763672","23,114999771118164","21,183107376098633","542600"
"2010-05-17T13:30:00.0000000+00:00","23,114999771118164","23,424999237060547","22,6200008392334","23,420000076293945","21,462610244750977","1447600"
"2010-05-18T13:30:00.0000000+00:00","23,639999389648438","23,655000686645508","22,524999618530273","22,674999237060547","20,779878616333008","1977200"
"2010-05-19T13:30:00.0000000+00:00","22,559999465942383","23,03499984741211","22,239999771118164","22,770000457763672","20,8669376373291","1889000"
"2010-05-20T13:30:00.0000000+00:00","22,229999542236328","22,565000534057617","21,78499984741211","22,09000015258789","20,243770599365234","1278800"
"2010-05-21T13:30:00.0000000+00:00","21,69499969482422","22,844999313354492","21,559999465942383","22,434999465942383","20,559934616088867","966200"
"2010-05-24T13:30:00.0000000+00:00","22,350000381469727","22,704999923706055","22,149999618530273","22,149999618530273","20,29875373840332","809200"
"2010-05-25T13:30:00.0000000+00:00","21,514999389648438","22,209999084472656","21,18000030517578","22,184999465942383","20,330835342407227","1007200"
"2010-05-26T13:30:00.0000000+00:00","22,399999618530273","22,850000381469727","22,170000076293945","22,219999313354492","20,362905502319336","697400"
"2010-05-27T13:30:00.0000000+00:00","22,719999313354492","23,229999542236328","22,674999237060547","23,209999084472656","21,270156860351562","255600"
"2010-05-28T13:30:00.0000000+00:00","23,200000762939453","23,200000762939453","22,53499984741211","22,780000686645508","20,8760986328125","544200"
"2010-06-01T13:30:00.0000000+00:00","22,575000762939453","23,020000457763672","22,270000457763672","22,270000457763672","20,408729553222656","835000"
"2010-06-02T13:30:00.0000000+00:00","22,375","22,979999542236328","22,290000915527344","22,979999542236328","21,059383392333984","218400"
"2010-06-03T13:30:00.0000000+00:00","23,075000762939453","23,325000762939453","22,864999771118164","23,235000610351562","21,293075561523438","529800"
"2010-06-04T13:30:00.0000000+00:00","22,735000610351562","23,1200008392334","22,184999465942383","22,28499984741211","20,422468185424805","246400"
"2010-06-07T13:30:00.0000000+00:00","22,344999313354492","22,46500015258789","21,364999771118164","21,434999465942383","19,643510818481445","699600"
"2010-06-08T13:30:00.0000000+00:00","21,475000381469727","21,549999237060547","20,854999542236328","21,389999389648438","19,60227394104004","477800"
"2010-06-09T13:30:00.0000000+00:00","21,459999084472656","22,024999618530273","21,0049991607666","21,059999465942383","19,299850463867188","717600"
"2010-06-10T13:30:00.0000000+00:00","21,510000228881836","21,790000915527344","21,399999618530273","21,7549991607666","19,9367618560791","379800"
"2010-06-11T13:30:00.0000000+00:00","21,475000381469727","22,1200008392334","21,475000381469727","22,104999542236328","20,25751304626465","242600"
"2010-06-14T13:30:00.0000000+00:00","22,344999313354492","22,600000381469727","22,1200008392334","22,125","20,275840759277344","199800"
"2010-06-15T13:30:00.0000000+00:00","22,34000015258789","23,30500030517578","22,34000015258789","23,25","21,306819915771484","229800"
"2010-06-16T13:30:00.0000000+00:00","22,969999313354492","23,5","22,895000457763672","23,350000381469727","21,398462295532227","378800"
"2010-06-17T13:30:00.0000000+00:00","23,514999389648438","23,514999389648438","23","23,375","21,421371459960938","144600"
"2010-06-18T13:30:00.0000000+00:00","23,375","23,479999542236328","23,18000030517578","23,264999389648438","21,367183685302734","107000"
"2010-06-21T13:30:00.0000000+00:00","23,584999084472656","23,610000610351562","22,860000610351562","23,010000228881836","21,132984161376953","164400"
"2010-06-22T13:30:00.0000000+00:00","23,100000381469727","23,395000457763672","22,5049991607666","22,559999465942383","20,71969985961914","240600"
"2010-06-23T13:30:00.0000000+00:00","22,53499984741211","22,8700008392334","22,2549991607666","22,65999984741211","20,811532974243164","219000"
"2010-06-24T13:30:00.0000000+00:00","22,530000686645508","22,530000686645508","22,014999389648438","22,049999237060547","20,25128936767578","50200"
"2010-06-25T13:30:00.0000000+00:00","22,149999618530273","22,21500015258789","21,7450008392334","22,125","20,32017707824707","51200"
"2010-06-28T13:30:00.0000000+00:00","22,139999389648438","22,454999923706055","21,979999542236328","22,274999618530273","20,45794677734375","110800"
"2010-06-29T13:30:00.0000000+00:00","21,80500030517578","21,844999313354492","21,18000030517578","21,334999084472656","19,594619750976562","97200"
"2010-06-30T13:30:00.0000000+00:00","21,270000457763672","21,549999237060547","20,875","20,96500015258789","19,25480079650879","269800"
"2010-07-01T13:30:00.0000000+00:00","20,915000915527344","21,135000228881836","20,344999313354492","20,954999923706055","19,24562644958496","271400"
"2010-07-02T13:30:00.0000000+00:00","20,96500015258789","21,075000762939453","20,5","20,790000915527344","19,094078063964844","109400"
"2010-07-06T13:30:00.0000000+00:00","21,225000381469727","21,309999465942383","20,59000015258789","20,799999237060547","19,10326385498047","196600"
"2010-07-07T13:30:00.0000000+00:00","21,024999618530273","21,899999618530273","20,975000381469727","21,8700008392334","20,085981369018555","142000"
"2010-07-08T13:30:00.0000000+00:00","22,0049991607666","22,09000015258789","21,540000915527344","21,875","20,090572357177734","198800"
"2010-07-09T13:30:00.0000000+00:00","21,825000762939453","22,1200008392334","21,770000457763672","22,1200008392334","20,315595626831055","66000"
"2010-07-12T13:30:00.0000000+00:00","22,170000076293945","22,459999084472656","22,075000762939453","22,264999389648438","20,448762893676758","96400"
"2010-07-13T13:30:00.0000000+00:00","22,604999542236328","22,84000015258789","22,40999984741211","22,7450008392334","20,88960075378418","205400"
"2010-07-14T13:30:00.0000000+00:00","22,920000076293945","23,15999984741211","22,614999771118164","22,760000228881836","20,903377532958984","84000"
"2010-07-15T13:30:00.0000000+00:00","22,665000915527344","22,774999618530273","22,28499984741211","22,729999542236328","20,875816345214844","94600"
"2010-07-16T13:30:00.0000000+00:00","22,565000534057617","22,565000534057617","22,03499984741211","22,059999465942383","20,260478973388672","86400"
"2010-07-19T13:30:00.0000000+00:00","22,229999542236328","22,639999389648438","22,135000228881836","22,635000228881836","20,788572311401367","104000"
"2010-07-20T13:30:00.0000000+00:00","22,149999618530273","22,655000686645508","21,799999237060547","22,610000610351562","20,76561164855957","461800"
"2010-07-21T13:30:00.0000000+00:00","22,799999237060547","22,799999237060547","22,09000015258789","22,125","20,32017707824707","95600"
"2010-07-22T13:30:00.0000000+00:00","22,469999313354492","22,889999389648438","22,344999313354492","22,825000762939453","20,963085174560547","103800"
"2010-07-23T13:30:00.0000000+00:00","22,520000457763672","22,934999465942383","22,469999313354492","22,915000915527344","21,045740127563477","184000"
"2010-07-26T13:30:00.0000000+00:00","22,915000915527344","23,30500030517578","22,709999084472656","23,280000686645508","21,38096046447754","232400"
"2010-07-27T13:30:00.0000000+00:00","23,43000030517578","23,5","23,100000381469727","23,165000915527344","21,275346755981445","193600"
"2010-07-28T13:30:00.0000000+00:00","23","23,165000915527344","22,565000534057617","22,670000076293945","20,820722579956055","184000"
"2010-07-29T13:30:00.0000000+00:00","22,7450008392334","22,7450008392334","21,760000228881836","21,9950008392334","20,20078468322754","165600"
"2010-07-30T13:30:00.0000000+00:00","21,760000228881836","21,969999313354492","21,440000534057617","21,81999969482422","20,040056228637695","330600"
"2010-08-02T13:30:00.0000000+00:00","22,190000534057617","22,295000076293945","21,850000381469727","22,165000915527344","20,3569278717041","430400"
"2010-08-03T13:30:00.0000000+00:00","22,100000381469727","22,125","21,834999084472656","21,920000076293945","20,13190269470215","41800"
"2010-08-04T13:30:00.0000000+00:00","22,084999084472656","22,19499969482422","21,774999618530273","22,15999984741211","20,352327346801758","258000"
"2010-08-05T13:30:00.0000000+00:00","22,09000015258789","22,354999542236328","22,09000015258789","22,200000762939453","20,389062881469727","63000"
"2010-08-06T13:30:00.0000000+00:00","22,045000076293945","22,46500015258789","22,020000457763672","22,2549991607666","20,4395694732666","98400"
"2010-08-09T13:30:00.0000000+00:00","22,459999084472656","22,5","22,15999984741211","22,424999237060547","20,595693588256836","45200"
"2010-08-10T13:30:00.0000000+00:00","22,05500030517578","22,05500030517578","21,735000610351562","21,920000076293945","20,13190269470215","165400"
"2010-08-11T13:30:00.0000000+00:00","21,469999313354492","21,469999313354492","20,920000076293945","21,084999084472656","19,365009307861328","301000"
"2010-08-12T13:30:00.0000000+00:00","20,530000686645508","20,93000030517578","20,34000015258789","20,7549991607666","19,061941146850586","331800"
"2010-08-13T13:30:00.0000000+00:00","20,69499969482422","20,985000610351562","20,639999389648438","20,639999389648438","18,956308364868164","125800"
"2010-08-16T13:30:00.0000000+00:00","20,454999923706055","20,834999084472656","20,395000457763672","20,71500015258789","19,025196075439453","299800"
"2010-08-17T13:30:00.0000000+00:00","20,905000686645508","21,19499969482422","20,78499984741211","20,96500015258789","19,25480079650879","71800"
"2010-08-18T13:30:00.0000000+00:00","21,045000076293945","21,30500030517578","20,920000076293945","21,225000381469727","19,49359893798828","202200"
"2010-08-19T13:30:00.0000000+00:00","21,06999969482422","21,2450008392334","20,80500030517578","20,934999465942383","19,227243423461914","204600"
"2010-08-20T13:30:00.0000000+00:00","20,860000610351562","21,174999237060547","20,834999084472656","21,040000915527344","19,32369041442871","180400"
"2010-08-23T13:30:00.0000000+00:00","21,165000915527344","21,204999923706055","20,770000457763672","20,790000915527344","19,094078063964844","91200"
"2010-08-24T13:30:00.0000000+00:00","20,520000457763672","20,635000228881836","20,204999923706055","20,5","18,82774543762207","234000"
"2010-08-25T13:30:00.0000000+00:00","20,309999465942383","20,69499969482422","20,165000915527344","20,6299991607666","18,947132110595703","169000"
"2010-08-26T13:30:00.0000000+00:00","20,645000457763672","20,774999618530273","20,28499984741211","20,364999771118164","18,703752517700195","63000"
"2010-08-27T13:30:00.0000000+00:00","20,475000381469727","20,885000228881836","19,94499969482422","20,8700008392334","19,167552947998047","179400"
"2010-08-30T13:30:00.0000000+00:00","20,700000762939453","20,764999389648438","20,290000915527344","20,325000762939453","18,667016983032227","129000"
"2010-08-31T13:30:00.0000000+00:00","20,184999465942383","20,434999465942383","19,860000610351562","19,975000381469727","18,34555435180664","99400"
"2010-09-01T13:30:00.0000000+00:00","20,399999618530273","20,729999542236328","20,28499984741211","20,520000457763672","18,846107482910156","92800"
"2010-09-02T13:30:00.0000000+00:00","20,625","21,0049991607666","20,575000762939453","20,96500015258789","19,25480079650879","102400"
"2010-09-03T13:30:00.0000000+00:00","21,209999084472656","21,46500015258789","21,040000915527344","21,420000076293945","19,672687530517578","135400"
"2010-09-07T13:30:00.0000000+00:00","21,309999465942383","21,315000534057617","20,915000915527344","20,959999084472656","19,25020980834961","72400"
"2010-09-08T13:30:00.0000000+00:00","20,934999465942383","21,03499984741211","20,645000457763672","20,975000381469727","19,263988494873047","243000"
"2010-09-09T13:30:00.0000000+00:00","21,18000030517578","21,19499969482422","20,8799991607666","20,899999618530273","19,19510269165039","61200"
"2010-09-10T13:30:00.0000000+00:00","20,829999923706055","20,860000610351562","20,28499984741211","20,540000915527344","18,86447525024414","39200"
"2010-09-13T13:30:00.0000000+00:00","20,725000381469727","21,25","20,725000381469727","21,204999923706055","19,475221633911133","73200"
"2010-09-14T13:30:00.0000000+00:00","21,21500015258789","21,739999771118164","20,985000610351562","21,6200008392334","19,85637092590332","277400"
"2010-09-15T13:30:00.0000000+00:00","21,405000686645508","21,600000381469727","21,264999389648438","21,559999465942383","19,80126190185547","40800"
"2010-09-16T13:30:00.0000000+00:00","21,479999542236328","21,780000686645508","21,454999923706055","21,7450008392334","19,971174240112305","105000"
"2010-09-17T13:30:00.0000000+00:00","21,7549991607666","21,844999313354492","21,600000381469727","21,674999237060547","19,955066680908203","61800"
"2010-09-20T13:30:00.0000000+00:00","21,75","21,864999771118164","21,565000534057617","21,825000762939453","20,093170166015625","249800"
"2010-09-21T13:30:00.0000000+00:00","21,7450008392334","22,100000381469727","21,7450008392334","21,915000915527344","20,176025390625","270800"
"2010-09-22T13:30:00.0000000+00:00","21,799999237060547","21,809999465942383","21,364999771118164","21,514999389648438","19,807758331298828","342400"
"2010-09-23T13:30:00.0000000+00:00","21,350000381469727","22","21,295000076293945","21,635000228881836","19,91823387145996","143800"
"2010-09-24T13:30:00.0000000+00:00","21,924999237060547","22,575000762939453","21,924999237060547","22,53499984741211","20,746816635131836","111800"
"2010-09-27T13:30:00.0000000+00:00","22,55500030517578","22,665000915527344","22,354999542236328","22,485000610351562","20,700782775878906","297200"
"2010-09-28T13:30:00.0000000+00:00","22,549999237060547","22,864999771118164","22,295000076293945","22,860000610351562","21,046037673950195","111800"
"2010-09-29T13:30:00.0000000+00:00","22,735000610351562","23,059999465942383","22,735000610351562","22,915000915527344","21,09667205810547","98400"
"2010-09-30T13:30:00.0000000+00:00","23,049999237060547","23,184999465942383","22,524999618530273","22,69499969482422","20,89413070678711","109400"
"2010-10-01T13:30:00.0000000+00:00","22,905000686645508","22,905000686645508","22,420000076293945","22,575000762939453","20,783653259277344","69400"
"2010-10-04T13:30:00.0000000+00:00","22,43000030517578","22,53499984741211","22,065000534057617","22,31999969482422","20,548887252807617","155000"
"2010-10-05T13:30:00.0000000+00:00","22,614999771118164","22,75","22,545000076293945","22,704999923706055","20,90332794189453","98000"
"2010-10-06T13:30:00.0000000+00:00","22,65999984741211","22,684999465942383","22,139999389648438","22,25","20,484434127807617","72600"
"2010-10-07T13:30:00.0000000+00:00","22,344999313354492","22,399999618530273","22,09000015258789","22,344999313354492","20,5718936920166","46000"
"2010-10-08T13:30:00.0000000+00:00","22,28499984741211","22,674999237060547","22,225000381469727","22,59000015258789","20,797456741333008","43600"
"2010-10-11T13:30:00.0000000+00:00","22,649999618530273","22,979999542236328","22,649999618530273","22,795000076293945","20,986194610595703","378400"
"2010-10-12T13:30:00.0000000+00:00","22,799999237060547","23,049999237060547","22,59000015258789","22,96500015258789","21,1427059173584","340800"
"2010-10-13T13:30:00.0000000+00:00","23,114999771118164","23,114999771118164","22,78499984741211","22,905000686645508","21,087465286254883","96400"
"2010-10-14T13:30:00.0000000+00:00","22,8700008392334","23,030000686645508","22,764999389648438","22,80500030517578","20,995393753051758","79200"
"2010-10-15T13:30:00.0000000+00:00","22,9950008392334","23,09000015258789","22,809999465942383","23,05500030517578","21,225563049316406","182400"
"2010-10-18T13:30:00.0000000+00:00","23,0049991607666","23,0049991607666","22,799999237060547","22,954999923706055","21,133495330810547","252400"
"2010-10-19T13:30:00.0000000+00:00","22,559999465942383","22,920000076293945","22,420000076293945","22,584999084472656","20,792863845825195","57600"
"2010-10-20T13:30:00.0000000+00:00","22,59000015258789","22,739999771118164","22,389999389648438","22,6200008392334","20,825082778930664","166600"
"2010-10-21T13:30:00.0000000+00:00","22,639999389648438","22,645000457763672","22,260000228881836","22,469999313354492","20,686979293823242","354400"
"2010-10-22T13:30:00.0000000+00:00","22,760000228881836","23,045000076293945","22,670000076293945","23,024999618530273","21,197940826416016","142800"
"2010-10-25T13:30:00.0000000+00:00","23,174999237060547","23,440000534057617","23,139999389648438","23,309999465942383","21,460329055786133","214000"
"2010-10-26T13:30:00.0000000+00:00","23,174999237060547","23,420000076293945","23,05500030517578","23,329999923706055","21,478736877441406","214800"
"2010-10-27T13:30:00.0000000+00:00","23,21500015258789","23,975000381469727","23,21500015258789","23,954999923706055","22,05414581298828","305400"
"2010-10-28T13:30:00.0000000+00:00","24,040000915527344","24,1200008392334","23,69499969482422","24,075000762939453","22,164623260498047","70400"
"2010-10-29T13:30:00.0000000+00:00","24,020000457763672","24,360000610351562","24,020000457763672","24,280000686645508","22,353357315063477","52000"
"2010-11-01T13:30:00.0000000+00:00","24,440000534057617","24,440000534057617","24,09000015258789","24,21500015258789","22,29351806640625","134200"
"2010-11-02T13:30:00.0000000+00:00","24,43000030517578","24,55500030517578","24,34000015258789","24,415000915527344","22,477645874023438","24800"
"2010-11-03T13:30:00.0000000+00:00","24,56999969482422","24,6200008392334","24,229999542236328","24,6200008392334","22,666383743286133","77800"
"2010-11-04T13:30:00.0000000+00:00","24,860000610351562","25,354999542236328","24,860000610351562","25,354999542236328","23,343059539794922","29600"
"2010-11-05T13:30:00.0000000+00:00","25,485000610351562","25,700000762939453","25,405000686645508","25,690000534057617","23,65146827697754","54200"
"2010-11-08T14:30:00.0000000+00:00","25,59000015258789","25,81999969482422","25,4950008392334","25,690000534057617","23,65146827697754","147000"
"2010-11-09T14:30:00.0000000+00:00","25,774999618530273","25,774999618530273","25,360000610351562","25,434999465942383","23,416706085205078","148000"
"2010-11-10T14:30:00.0000000+00:00","25,30500030517578","25,40999984741211","25,084999084472656","25,40999984741211","23,393688201904297","193800"
"2010-11-11T14:30:00.0000000+00:00","24,8799991607666","25,229999542236328","24,485000610351562","25,15999984741211","23,16352653503418","87600"
"2010-11-12T14:30:00.0000000+00:00","25,045000076293945","25,454999923706055","24,834999084472656","25,084999084472656","23,09446907043457","43800"
"2010-11-15T14:30:00.0000000+00:00","25,110000610351562","25,280000686645508","24,924999237060547","24,924999237060547","22,947179794311523","19800"
"2010-11-16T14:30:00.0000000+00:00","24,790000915527344","24,905000686645508","24,43000030517578","24,549999237060547","22,601924896240234","415400"
"2010-11-17T14:30:00.0000000+00:00","24,43000030517578","24,770000457763672","24,43000030517578","24,575000762939453","22,62495231628418","37200"
"2010-11-18T14:30:00.0000000+00:00","24,94499969482422","25,125","24,885000228881836","25,05500030517578","23,066862106323242","118400"
"2010-11-19T14:30:00.0000000+00:00","25,165000915527344","25,524999618530273","25,1299991607666","25,475000381469727","23,453536987304688","102000"
"2010-11-22T14:30:00.0000000+00:00","25,34000015258789","25,69499969482422","25,34000015258789","25,69499969482422","23,656076431274414","51800"
"2010-11-23T14:30:00.0000000+00:00","25,334999084472656","25,565000534057617","25,334999084472656","25,524999618530273","23,49956512451172","491000"
"2010-11-24T14:30:00.0000000+00:00","25,649999618530273","26,25","25,649999618530273","26,235000610351562","24,153228759765625","63200"
"2010-11-26T14:30:00.0000000+00:00","26,065000534057617","26,139999389648438","25,96500015258789","26,020000457763672","23,955286026000977","45000"
"2010-11-29T14:30:00.0000000+00:00","25,875","26,0049991607666","25,65999984741211","25,90999984741211","23,854005813598633","93400"
"2010-11-30T14:30:00.0000000+00:00","25,684999465942383","25,7549991607666","25,56999969482422","25,6200008392334","23,587024688720703","67800"
"2010-12-01T14:30:00.0000000+00:00","26,059999465942383","26,5","26,059999465942383","26,475000381469727","24,37418556213379","125600"
"2010-12-02T14:30:00.0000000+00:00","26,5","27,104999542236328","26,5","27,06999969482422","24,921966552734375","213400"
"2010-12-03T14:30:00.0000000+00:00","27","27,43000030517578","26,989999771118164","27,3700008392334","25,198162078857422","295000"
"2010-12-06T14:30:00.0000000+00:00","27,440000534057617","27,530000686645508","27,19499969482422","27,434999465942383","25,25800895690918","104000"
"2010-12-07T14:30:00.0000000+00:00","27,815000534057617","27,950000762939453","27,450000762939453","27,475000381469727","25,29482650756836","505400"
"2010-12-08T14:30:00.0000000+00:00","27,53499984741211","27,7450008392334","27,375","27,735000610351562","25,53420066833496","64000"
"2010-12-09T14:30:00.0000000+00:00","27,924999237060547","27,924999237060547","27,690000534057617","27,7450008392334","25,54340171813965","101600"
"2010-12-10T14:30:00.0000000+00:00","27,795000076293945","27,844999313354492","27,635000228881836","27,770000457763672","25,566417694091797","95200"
"2010-12-13T14:30:00.0000000+00:00","27,950000762939453","27,950000762939453","27,415000915527344","27,415000915527344","25,23958969116211","87400"
"2010-12-14T14:30:00.0000000+00:00","27,44499969482422","27,44499969482422","27,114999771118164","27,155000686645508","25,000225067138672","1855000"
"2010-12-15T14:30:00.0000000+00:00","27,139999389648438","27,260000228881836","26,895000457763672","26,93000030517578","24,793081283569336","34200"
"2010-12-16T14:30:00.0000000+00:00","27,040000915527344","27,184999465942383","26,915000915527344","27,18000030517578","25,023242950439453","99000"
"2010-12-17T14:30:00.0000000+00:00","27,184999465942383","27,270000457763672","27,05500030517578","27,190000534057617","25,087831497192383","35800"
"2010-12-20T14:30:00.0000000+00:00","27,334999084472656","27,334999084472656","27,0049991607666","27,104999542236328","25,009397506713867","52600"
"2010-12-21T14:30:00.0000000+00:00","27,264999389648438","27,334999084472656","27,145000457763672","27,264999389648438","25,157026290893555","266800"
"2010-12-22T14:30:00.0000000+00:00","27,184999465942383","27,274999618530273","26,975000381469727","27,274999618530273","25,166257858276367","38200"
"2010-12-23T14:30:00.0000000+00:00","27,25","27,274999618530273","27,165000915527344","27,18000030517578","25,078598022460938","80600"
"2010-12-27T14:30:00.0000000+00:00","27,18000030517578","27,309999465942383","26,8700008392334","27,28499984741211","25,175474166870117","75800"
"2010-12-28T14:30:00.0000000+00:00","27,28499984741211","27,28499984741211","27,045000076293945","27,165000915527344","25,064760208129883","11200"
"2010-12-29T14:30:00.0000000+00:00","27,084999084472656","27,309999465942383","27,084999084472656","27,229999542236328","25,124727249145508","33800"
"2010-12-30T14:30:00.0000000+00:00","27,225000381469727","27,385000228881836","27,204999923706055","27,34000015258789","25,226224899291992","22600"
"2010-12-31T14:30:00.0000000+00:00","27,31999969482422","27,31999969482422","27,204999923706055","27,299999237060547","25,18932342529297","42000"
"2011-01-03T14:30:00.0000000+00:00","27,5","27,975000381469727","27,489999771118164","27,690000534057617","25,549169540405273","71600"
"2011-01-04T14:30:00.0000000+00:00","27,899999618530273","27,969999313354492","27,549999237060547","27,969999313354492","25,80752182006836","114800"
"2011-01-05T14:30:00.0000000+00:00","27,889999389648438","28,295000076293945","27,80500030517578","28,28499984741211","26,09816551208496","46600"
"2011-01-06T14:30:00.0000000+00:00","28,44499969482422","28,780000686645508","28,389999389648438","28,725000381469727","26,50415802001953","94200"
"2011-01-07T14:30:00.0000000+00:00","28,780000686645508","29,010000228881836","28,3799991607666","28,875","26,642555236816406","106200"
"2011-01-10T14:30:00.0000000+00:00","28,885000228881836","29,309999465942383","28,719999313354492","29,25","26,98855972290039","414000"
"2011-01-11T14:30:00.0000000+00:00","29,3799991607666","29,399999618530273","29,06999969482422","29,28499984741211","27,02085304260254","313600"
"2011-01-12T14:30:00.0000000+00:00","29,459999084472656","29,864999771118164","29,295000076293945","29,850000381469727","27,54217529296875","232600"
"2011-01-13T14:30:00.0000000+00:00","29,915000915527344","30,065000534057617","29,709999084472656","29,950000762939453","27,634437561035156","243600"
"2011-01-14T14:30:00.0000000+00:00","29,96500015258789","30,424999237060547","29,8799991607666","30,415000915527344","28,06348419189453","134800"
"2011-01-18T14:30:00.0000000+00:00","30,385000228881836","30,5049991607666","30,264999389648438","30,424999237060547","28,072710037231445","244800"
"2011-01-19T14:30:00.0000000+00:00","30,239999771118164","30,260000228881836","29,604999542236328","29,665000915527344","27,371475219726562","175200"
"2011-01-20T14:30:00.0000000+00:00","29,479999542236328","29,479999542236328","28,850000381469727","29,270000457763672","27,007015228271484","352400"
"2011-01-21T14:30:00.0000000+00:00","29,6299991607666","29,709999084472656","29,045000076293945","29,104999542236328","26,854766845703125","93800"
"2011-01-24T14:30:00.0000000+00:00","29,155000686645508","29,834999084472656","29,145000457763672","29,834999084472656","27,528322219848633","242200"
"2011-01-25T14:30:00.0000000+00:00","29,78499984741211","29,78499984741211","29,364999771118164","29,53499984741211","27,251522064208984","174600"
"2011-01-26T14:30:00.0000000+00:00","29,549999237060547","29,559999465942383","29,204999923706055","29,5049991607666","27,223840713500977","99400"
"2011-01-27T14:30:00.0000000+00:00","29,799999237060547","30,174999237060547","29,700000762939453","30,084999084472656","27,75899887084961","198800"
"2011-01-28T14:30:00.0000000+00:00","30,2450008392334","30,2450008392334","29,094999313354492","29,31999969482422","27,053144454956055","137200"
"2011-01-31T14:30:00.0000000+00:00","29,375","29,674999237060547","29,239999771118164","29,600000381469727","27,311500549316406","81600"
"2011-02-01T14:30:00.0000000+00:00","29,934999465942383","30,375","29,875","30,329999923706055","27,985065460205078","346600"
"2011-02-02T14:30:00.0000000+00:00","30,21500015258789","30,665000915527344","30,190000534057617","30,485000610351562","28,128070831298828","129000"
"2011-02-03T14:30:00.0000000+00:00","30,524999618530273","30,524999618530273","30,155000686645508","30,40999984741211","28,058870315551758","148400"
"2011-02-04T14:30:00.0000000+00:00","30,5","30,899999618530273","30,44499969482422","30,875","28,487918853759766","123000"
"2011-02-07T14:30:00.0000000+00:00","31,045000076293945","31,204999923706055","30,80500030517578","30,899999618530273","28,510990142822266","675000"
"2011-02-08T14:30:00.0000000+00:00","30,940000534057617","30,940000534057617","30,545000076293945","30,75","28,372594833374023","378600"
"2011-02-09T14:30:00.0000000+00:00","30,729999542236328","30,9950008392334","30,614999771118164","30,729999542236328","28,35413360595703","307200"
"2011-02-10T14:30:00.0000000+00:00","30,344999313354492","30,834999084472656","30,190000534057617","30,795000076293945","28,414104461669922","258000"
"2011-02-11T14:30:00.0000000+00:00","30,75","31,280000686645508","30,56999969482422","31,165000915527344","28,755496978759766","203000"
"2011-02-14T14:30:00.0000000+00:00","31,31999969482422","31,78499984741211","31,290000915527344","31,545000076293945","29,106117248535156","246000"
"2011-02-15T14:30:00.0000000+00:00","31,549999237060547","31,584999084472656","31,045000076293945","31,2549991607666","28,838544845581055","143800"
"2011-02-16T14:30:00.0000000+00:00","31,434999465942383","31,575000762939453","31,295000076293945","31,510000228881836","29,07383155822754","115600"
"2011-02-17T14:30:00.0000000+00:00","31,43000030517578","31,969999313354492","31,344999313354492","31,8700008392334","29,40599250793457","358200"
"2011-02-18T14:30:00.0000000+00:00","32,029998779296875","32,029998779296875","31,579999923706055","31,684999465942383","29,235294342041016","84000"
"2011-02-22T14:30:00.0000000+00:00","31,184999465942383","31,264999389648438","30,389999389648438","30,424999237060547","28,072710037231445","221600"
"2011-02-23T14:30:00.0000000+00:00","30,329999923706055","30,364999771118164","29,280000686645508","29,799999237060547","27,49602699279785","338200"
"2011-02-24T14:30:00.0000000+00:00","29,75","30,360000610351562","29,635000228881836","30,219999313354492","27,883554458618164","249200"
"2011-02-25T14:30:00.0000000+00:00","30,59000015258789","30,985000610351562","30,514999389648438","30,915000915527344","28,524831771850586","239000"
"2011-02-28T14:30:00.0000000+00:00","31,15999984741211","31,165000915527344","30,100000381469727","30,454999923706055","28,10038948059082","107200"
"2011-03-01T14:30:00.0000000+00:00","30,479999542236328","30,614999771118164","29,75","29,80500030517578","27,500646591186523","285800"
"2011-03-02T14:30:00.0000000+00:00","29,799999237060547","30,575000762939453","29,799999237060547","30,065000534057617","27,740549087524414","218200"
"2011-03-03T14:30:00.0000000+00:00","30,450000762939453","30,719999313354492","30,350000381469727","30,655000686645508","28,284923553466797","153800"
"2011-03-04T14:30:00.0000000+00:00","30,69499969482422","30,69499969482422","30,155000686645508","30,28499984741211","27,943538665771484","185600"
"2011-03-07T14:30:00.0000000+00:00","30,3700008392334","30,3799991607666","29,145000457763672","29,549999237060547","27,26537322998047","273000"
"2011-03-08T14:30:00.0000000+00:00","29,5","29,7450008392334","29,18000030517578","29,485000610351562","27,205392837524414","189400"
"2011-03-09T14:30:00.0000000+00:00","29,260000228881836","29,260000228881836","28,5049991607666","28,55500030517578","26,347293853759766","724600"
"2011-03-10T14:30:00.0000000+00:00","28,100000381469727","28,290000915527344","27,825000762939453","27,985000610351562","25,821361541748047","799200"
"2011-03-11T14:30:00.0000000+00:00","27,735000610351562","28,3799991607666","27,709999084472656","28,30500030517578","26,116619110107422","113600"
"2011-03-14T13:30:00.0000000+00:00","28,170000076293945","28,549999237060547","28,040000915527344","28,229999542236328","26,047412872314453","171200"
"2011-03-15T13:30:00.0000000+00:00","27,34000015258789","28,165000915527344","27,114999771118164","27,959999084472656","25,798288345336914","226800"
"2011-03-16T13:30:00.0000000+00:00","27,8700008392334","28,399999618530273","27,334999084472656","27,5","25,373859405517578","543800"
"2011-03-17T13:30:00.0000000+00:00","27,875","28,0049991607666","27,594999313354492","27,6200008392334","25,48457908630371","170800"
"2011-03-18T13:30:00.0000000+00:00","27,899999618530273","27,934999465942383","27,55500030517578","27,625","25,519224166870117","198600"
"2011-03-21T13:30:00.0000000+00:00","27,940000534057617","28,389999389648438","27,940000534057617","28,28499984741211","26,128908157348633","305600"
"2011-03-22T13:30:00.0000000+00:00","28,229999542236328","28,31999969482422","28,014999389648438","28,065000534057617","25,925683975219727","185400"
"2011-03-23T13:30:00.0000000+00:00","27,940000534057617","28,434999465942383","27,71500015258789","28,364999771118164","26,20281410217285","103800"
"2011-03-24T13:30:00.0000000+00:00","28,514999389648438","29,219999313354492","28,514999389648438","29,030000686645508","26,817121505737305","230400"
"2011-03-25T13:30:00.0000000+00:00","29,075000762939453","29,450000762939453","29,065000534057617","29,06999969482422","26,854076385498047","69400"
"2011-03-28T13:30:00.0000000+00:00","29,135000228881836","29,399999618530273","29,075000762939453","29,100000381469727","26,881793975830078","71800"
"2011-03-29T13:30:00.0000000+00:00","28,9950008392334","29,375","28,774999618530273","29,360000610351562","27,121965408325195","34000"
"2011-03-30T13:30:00.0000000+00:00","29,614999771118164","29,614999771118164","29,235000610351562","29,405000686645508","27,163541793823242","50000"
"2011-03-31T13:30:00.0000000+00:00","29,3700008392334","29,469999313354492","29,135000228881836","29,28499984741211","27,052677154541016","303400"
"2011-04-01T13:30:00.0000000+00:00","29,420000076293945","29,475000381469727","28,790000915527344","28,895000457763672","26,692419052124023","173600"
"2011-04-04T13:30:00.0000000+00:00","28,850000381469727","28,950000762939453","28,325000762939453","28,489999771118164","26,318283081054688","194000"
"2011-04-05T13:30:00.0000000+00:00","28,915000915527344","29,520000457763672","28,915000915527344","29,235000610351562","27,00649642944336","157600"
"2011-04-06T13:30:00.0000000+00:00","29,475000381469727","29,579999923706055","29,209999084472656","29,459999084472656","27,214344024658203","33400"
"2011-04-07T13:30:00.0000000+00:00","29,415000915527344","29,610000610351562","29,229999542236328","29,469999313354492","27,22359275817871","40800"
"2011-04-08T13:30:00.0000000+00:00","29,604999542236328","29,649999618530273","29,139999389648438","29,264999389648438","27,03420639038086","36200"
"2011-04-11T13:30:00.0000000+00:00","29,299999237060547","29,299999237060547","28,829999923706055","28,905000686645508","26,7016544342041","50400"
"2011-04-12T13:30:00.0000000+00:00","28,514999389648438","28,56999969482422","28,084999084472656","28,30500030517578","26,147396087646484","86200"
"2011-04-13T13:30:00.0000000+00:00","28,5","28,625","28,280000686645508","28,514999389648438","26,34137725830078","109000"
"2011-04-14T13:30:00.0000000+00:00","28,280000686645508","28,485000610351562","28,149999618530273","28,485000610351562","26,313669204711914","28600"
"2011-04-15T13:30:00.0000000+00:00","28,440000534057617","28,625","28,15999984741211","28,6200008392334","26,43837547302246","34600"
"2011-04-18T13:30:00.0000000+00:00","28,049999237060547","28,2549991607666","27,905000686645508","28,149999618530273","26,004207611083984","143400"
"2011-04-19T13:30:00.0000000+00:00","28","28,28499984741211","27,94499969482422","28,28499984741211","26,128908157348633","84000"
"2011-04-20T13:30:00.0000000+00:00","28,94499969482422","29,434999465942383","28,7450008392334","29,434999465942383","27,191246032714844","94400"
"2011-04-21T13:30:00.0000000+00:00","29,6200008392334","29,75","29,475000381469727","29,729999542236328","27,463768005371094","23000"
"2011-04-25T13:30:00.0000000+00:00","29,55500030517578","29,815000534057617","29,55500030517578","29,739999771118164","27,472997665405273","30400"
"2011-04-26T13:30:00.0000000+00:00","29,75","30,360000610351562","29,75","30,299999237060547","27,990318298339844","103600"
"2011-04-27T13:30:00.0000000+00:00","30,264999389648438","30,329999923706055","30","30,315000534057617","28,004169464111328","62800"
"2011-04-28T13:30:00.0000000+00:00","30,200000762939453","30,434999465942383","30,174999237060547","30,31999969482422","28,0087890625","160800"
"2011-04-29T13:30:00.0000000+00:00","30,670000076293945","30,9950008392334","30,649999618530273","30,8799991607666","28,526103973388672","118000"
"2011-05-02T13:30:00.0000000+00:00","30,950000762939453","30,950000762939453","30,549999237060547","30,549999237060547","28,22125816345215","32000"
"2011-05-03T13:30:00.0000000+00:00","30,360000610351562","30,375","29,725000381469727","29,915000915527344","27,63466453552246","41800"
"2011-05-04T13:30:00.0000000+00:00","29,8799991607666","30,094999313354492","29,520000457763672","29,809999465942383","27,537654876708984","54000"
"2011-05-05T13:30:00.0000000+00:00","29,6299991607666","30,25","29,6200008392334","29,920000076293945","27,639278411865234","51200"
"2011-05-06T13:30:00.0000000+00:00","30,2549991607666","30,56999969482422","30,135000228881836","30,2450008392334","27,939512252807617","205800"
"2011-05-09T13:30:00.0000000+00:00","30,25","30,344999313354492","29,989999771118164","30,34000015258789","28,027265548706055","35200"
"2011-05-10T13:30:00.0000000+00:00","30,395000457763672","30,575000762939453","30,299999237060547","30,559999465942383","28,230491638183594","67200"
"2011-05-11T13:30:00.0000000+00:00","30,55500030517578","30,604999542236328","30,079999923706055","30,25","27,94411849975586","26400"
"2011-05-12T13:30:00.0000000+00:00","30,114999771118164","30,690000534057617","29,985000610351562","30,655000686645508","28,318252563476562","41400"
"2011-05-13T13:30:00.0000000+00:00","30,700000762939453","30,700000762939453","30,15999984741211","30,165000915527344","27,865602493286133","41000"
"2011-05-16T13:30:00.0000000+00:00","30,110000610351562","30,295000076293945","29,53499984741211","29,540000915527344","27,288246154785156","40000"
"2011-05-17T13:30:00.0000000+00:00","29,3700008392334","29,3700008392334","28,905000686645508","29,174999237060547","26,951059341430664","253000"
"2011-05-18T13:30:00.0000000+00:00","29,200000762939453","29,979999542236328","29,200000762939453","29,875","27,597705841064453","21200"
"2011-05-19T13:30:00.0000000+00:00","29,96500015258789","29,96500015258789","29,485000610351562","29,774999618530273","27,505334854125977","822600"
"2011-05-20T13:30:00.0000000+00:00","29,674999237060547","29,739999771118164","29,420000076293945","29,610000610351562","27,352907180786133","15600"
"2011-05-23T13:30:00.0000000+00:00","29,110000610351562","29,135000228881836","28,954999923706055","28,985000610351562","26,775550842285156","47800"
"2011-05-24T13:30:00.0000000+00:00","29,100000381469727","29,100000381469727","28,600000381469727","28,6200008392334","26,43837547302246","340000"
"2011-05-25T13:30:00.0000000+00:00","28,514999389648438","28,96500015258789","28,5","28,864999771118164","26,66469383239746","289800"
"2011-05-26T13:30:00.0000000+00:00","28,93000030517578","29,295000076293945","28,924999237060547","29,219999313354492","26,99263572692871","19200"
"2011-05-27T13:30:00.0000000+00:00","29,375","29,575000762939453","29,375","29,485000610351562","27,237438201904297","21800"
"2011-05-31T13:30:00.0000000+00:00","29,774999618530273","29,924999237060547","29,614999771118164","29,924999237060547","27,643890380859375","75000"
"2011-06-01T13:30:00.0000000+00:00","29,795000076293945","29,795000076293945","28,934999465942383","28,94499969482422","26,738601684570312","23200"
"2011-06-02T13:30:00.0000000+00:00","29,024999618530273","29,21500015258789","28,815000534057617","28,924999237060547","26,720123291015625","53600"
"2011-06-03T13:30:00.0000000+00:00","28,55500030517578","28,795000076293945","28,219999313354492","28,264999389648438","26,11043930053711","210000"
"2011-06-06T13:30:00.0000000+00:00","28,19499969482422","28,329999923706055","27,979999542236328","28,010000228881836","25,8748779296875","82000"
"2011-06-07T13:30:00.0000000+00:00","28,09000015258789","28,485000610351562","28,09000015258789","28,204999923706055","26,05500602722168","147600"
"2011-06-08T13:30:00.0000000+00:00","28,135000228881836","28,135000228881836","27,545000076293945","27,625","25,519224166870117","68000"
"2011-06-09T13:30:00.0000000+00:00","27,6299991607666","27,8799991607666","27,575000762939453","27,69499969482422","25,583894729614258","88000"
"2011-06-10T13:30:00.0000000+00:00","27,53499984741211","27,53499984741211","27","27,2450008392334","25,168188095092773","66400"
"2011-06-13T13:30:00.0000000+00:00","27,344999313354492","27,350000381469727","26,719999313354492","26,854999542236328","24,807912826538086","677600"
"2011-06-14T13:30:00.0000000+00:00","27,065000534057617","27,520000457763672","27,065000534057617","27,3700008392334","25,283660888671875","164600"
"2011-06-15T13:30:00.0000000+00:00","27,1200008392334","27,21500015258789","26,65999984741211","26,75","24,71091651916504","775400"
"2011-06-16T13:30:00.0000000+00:00","26,700000762939453","26,735000610351562","26,075000762939453","26,299999237060547","24,29522132873535","67200"
"2011-06-17T13:30:00.0000000+00:00","26,44499969482422","26,5049991607666","25,950000762939453","26,040000915527344","24,07288932800293","221000"
"2011-06-20T13:30:00.0000000+00:00","25,969999313354492","26,135000228881836","25,954999923706055","26,020000457763672","24,054405212402344","39400"
"2011-06-21T13:30:00.0000000+00:00","26,219999313354492","26,809999465942383","26,114999771118164","26,770000457763672","24,747743606567383","61200"
"2011-06-22T13:30:00.0000000+00:00","26,704999923706055","26,905000686645508","26,670000076293945","26,670000076293945","24,655296325683594","22800"
"2011-06-23T13:30:00.0000000+00:00","26,399999618530273","27,18000030517578","26,19499969482422","27,18000030517578","25,12676429748535","42400"
"2011-06-24T13:30:00.0000000+00:00","27,075000762939453","27,149999618530273","26,719999313354492","26,7549991607666","24,73387908935547","126800"
"2011-06-27T13:30:00.0000000+00:00","26,725000381469727","27,045000076293945","26,690000534057617","26,94499969482422","24,909526824951172","83000"
"2011-06-28T13:30:00.0000000+00:00","27,0049991607666","27,434999465942383","27,0049991607666","27,434999465942383","25,362510681152344","59200"
"2011-06-29T13:30:00.0000000+00:00","27,55500030517578","27,600000381469727","27,219999313354492","27,420000076293945","25,3486385345459","27000"
"2011-06-30T13:30:00.0000000+00:00","27,5","28,100000381469727","27,5","28","25,884830474853516","65400"
"2011-07-01T13:30:00.0000000+00:00","28,030000686645508","28,584999084472656","27,905000686645508","28,530000686645508","26,37479591369629","28000"
"2011-07-05T13:30:00.0000000+00:00","28,510000228881836","28,524999618530273","28,229999542236328","28,360000610351562","26,217632293701172","28600"
"2011-07-06T13:30:00.0000000+00:00","28,31999969482422","28,354999542236328","28","28,239999771118164","26,106693267822266","129000"
"2011-07-07T13:30:00.0000000+00:00","28,530000686645508","28,96500015258789","28,469999313354492","28,850000381469727","26,67061424255371","133800"
"2011-07-08T13:30:00.0000000+00:00","28,53499984741211","28,53499984741211","28,21500015258789","28,454999923706055","26,305456161499023","42200"
"2011-07-11T13:30:00.0000000+00:00","28,084999084472656","28,364999771118164","27,760000228881836","27,829999923706055","25,727670669555664","190600"
"2011-07-12T13:30:00.0000000+00:00","27,604999542236328","27,604999542236328","26,71500015258789","26,774999618530273","24,752365112304688","266800"
"2011-07-13T13:30:00.0000000+00:00","26,885000228881836","27,264999389648438","26,764999389648438","26,834999084472656","24,80782699584961","274600"
"2011-07-14T13:30:00.0000000+00:00","26,854999542236328","27,229999542236328","26,424999237060547","26,524999618530273","24,521240234375","161600"
"2011-07-15T13:30:00.0000000+00:00","26,655000686645508","26,665000915527344","26,299999237060547","26,6299991607666","24,618324279785156","22800"
"2011-07-18T13:30:00.0000000+00:00","26,454999923706055","26,524999618530273","25,8700008392334","26,09000015258789","24,11911392211914","297200"
"2011-07-19T13:30:00.0000000+00:00","26,549999237060547","27,020000457763672","26,549999237060547","26,959999084472656","24,923398971557617","39600"
"2011-07-20T13:30:00.0000000+00:00","27,135000228881836","27,21500015258789","26,700000762939453","26,8799991607666","24,84943389892578","31000"
"2011-07-21T13:30:00.0000000+00:00","26,905000686645508","26,985000610351562","26,559999465942383","26,959999084472656","24,923398971557617","39600"
"2011-07-22T13:30:00.0000000+00:00","27,0049991607666","27,875","27,0049991607666","27,799999237060547","25,699935913085938","26000"
"2011-07-25T13:30:00.0000000+00:00","27,385000228881836","27,454999923706055","27,1299991607666","27,174999237060547","25,12215232849121","27600"
"2011-07-26T13:30:00.0000000+00:00","27,229999542236328","27,709999084472656","27,229999542236328","27,31999969482422","25,256195068359375","18000"
"2011-07-27T13:30:00.0000000+00:00","27,174999237060547","27,174999237060547","26,235000610351562","26,30500030517578","24,317869186401367","150800"
"2011-07-28T13:30:00.0000000+00:00","26,2549991607666","26,6299991607666","26,0049991607666","26,149999618530273","24,174583435058594","410200"
"2011-07-29T13:30:00.0000000+00:00","25,8799991607666","26,145000457763672","25,635000228881836","25,895000457763672","23,9388370513916","123400"
"2011-08-01T13:30:00.0000000+00:00","26,184999465942383","26,399999618530273","25,360000610351562","25,670000076293945","23,730846405029297","143200"
"2011-08-02T13:30:00.0000000+00:00","25,5","25,725000381469727","24,920000076293945","24,94499969482422","23,060609817504883","41000"
"2011-08-03T13:30:00.0000000+00:00","24,94499969482422","25,34000015258789","24,565000534057617","25,30500030517578","23,393409729003906","167800"
"2011-08-04T13:30:00.0000000+00:00","24,69499969482422","24,934999465942383","23,565000534057617","23,56999969482422","21,789480209350586","608000"
"2011-08-05T13:30:00.0000000+00:00","23,799999237060547","23,799999237060547","22,204999923706055","22,825000762939453","21,10076141357422","58400"
"2011-08-08T13:30:00.0000000+00:00","21,975000381469727","22,44499969482422","21,334999084472656","21,3799991607666","19,76491355895996","319200"
"2011-08-09T13:30:00.0000000+00:00","21,7450008392334","22,280000686645508","20,854999542236328","22,280000686645508","20,5969295501709","142800"
"2011-08-10T13:30:00.0000000+00:00","21,725000381469727","22,614999771118164","21,545000076293945","21,809999465942383","20,162429809570312","94000"
"2011-08-11T13:30:00.0000000+00:00","21,9950008392334","23,360000610351562","21,9950008392334","23,049999237060547","21,308757781982422","59200"
"2011-08-12T13:30:00.0000000+00:00","23,28499984741211","23,454999923706055","22,829999923706055","23","21,26253890991211","49200"
"2011-08-15T13:30:00.0000000+00:00","23,15999984741211","23,655000686645508","23,15999984741211","23,655000686645508","21,868061065673828","77600"
"2011-08-16T13:30:00.0000000+00:00","23,350000381469727","23,420000076293945","22,854999542236328","23,045000076293945","21,304136276245117","16400"
"2011-08-17T13:30:00.0000000+00:00","23,045000076293945","23,3799991607666","22,704999923706055","22,889999389648438","21,160850524902344","16800"
"2011-08-18T13:30:00.0000000+00:00","22,280000686645508","22,280000686645508","21,25","21,395000457763672","19,778783798217773","71600"
"2011-08-19T13:30:00.0000000+00:00","21,25","21,799999237060547","20,975000381469727","21,020000457763672","19,432109832763672","160000"
"2011-08-22T13:30:00.0000000+00:00","21,68000030517578","21,68000030517578","21,030000686645508","21,100000381469727","19,506057739257812","35600"
"2011-08-23T13:30:00.0000000+00:00","21,514999389648438","22,405000686645508","21,514999389648438","22,399999618530273","20,707862854003906","43200"
"2011-08-24T13:30:00.0000000+00:00","22,329999923706055","22,399999618530273","21,924999237060547","22,299999237060547","20,61541748046875","97400"
"2011-08-25T13:30:00.0000000+00:00","22,43000030517578","22,43000030517578","21,795000076293945","21,81999969482422","20,171674728393555","44000"
"2011-08-26T13:30:00.0000000+00:00","21,485000610351562","22,30500030517578","21,31999969482422","22,25","20,569194793701172","104200"
"2011-08-29T13:30:00.0000000+00:00","22,78499984741211","23,19499969482422","22,704999923706055","23,170000076293945","21,419692993164062","69400"
"2011-08-30T13:30:00.0000000+00:00","23,059999465942383","23,350000381469727","22,875","23,219999313354492","21,46591567993164","65800"
"2011-08-31T13:30:00.0000000+00:00","23,28499984741211","23,479999542236328","22,825000762939453","22,975000381469727","21,239429473876953","88000"
"2011-09-01T13:30:00.0000000+00:00","23,155000686645508","23,15999984741211","22,510000228881836","22,510000228881836","20,809555053710938","31000"
"2011-09-02T13:30:00.0000000+00:00","22,075000762939453","22,145000457763672","21,69499969482422","21,80500030517578","20,15781593322754","18000"
"2011-09-06T13:30:00.0000000+00:00","21,09000015258789","21,735000610351562","21,09000015258789","21,69499969482422","20,056119918823242","20200"
"2011-09-07T13:30:00.0000000+00:00","21,985000610351562","22,614999771118164","21,985000610351562","22,584999084472656","20,878887176513672","159800"
"2011-09-08T13:30:00.0000000+00:00","22,690000534057617","23,049999237060547","22,260000228881836","22,43000030517578","20,735605239868164","218200"
"2011-09-09T13:30:00.0000000+00:00","22,184999465942383","22,639999389648438","21,899999618530273","22,040000915527344","20,375057220458984","988600"
"2011-09-12T13:30:00.0000000+00:00","21,889999389648438","22,8700008392334","21,889999389648438","22,864999771118164","21,13772964477539","52800"
"2011-09-13T13:30:00.0000000+00:00","23,139999389648438","23,479999542236328","22,8700008392334","23,364999771118164","21,599964141845703","250000"
"2011-09-14T13:30:00.0000000+00:00","23,725000381469727","24,395000457763672","23,450000762939453","24,09000015258789","22,270191192626953","644400"
"2011-09-15T13:30:00.0000000+00:00","24,31999969482422","24,540000915527344","24,075000762939453","24,510000228881836","22,658470153808594","348000"
"2011-09-16T13:30:00.0000000+00:00","24,5","24,6299991607666","24,309999465942383","24,350000381469727","22,54827117919922","28400"
"2011-09-19T13:30:00.0000000+00:00","24,104999542236328","24,200000762939453","23,735000610351562","23,94499969482422","22,173240661621094","66000"
"2011-09-20T13:30:00.0000000+00:00","24,049999237060547","24,1200008392334","23,514999389648438","23,549999237060547","21,807462692260742","47000"
"2011-09-21T13:30:00.0000000+00:00","23,655000686645508","23,90999984741211","23,170000076293945","23,19499969482422","21,47873306274414","346400"
"2011-09-22T13:30:00.0000000+00:00","22,604999542236328","22,6299991607666","21,93000030517578","22,290000915527344","20,640708923339844","58200"
"2011-09-23T13:30:00.0000000+00:00","22,110000610351562","22,739999771118164","22,110000610351562","22,684999465942383","21,0064697265625","75800"
"2011-09-26T13:30:00.0000000+00:00","22,584999084472656","22,850000381469727","22,114999771118164","22,809999465942383","21,122222900390625","792400"
"2011-09-27T13:30:00.0000000+00:00","23,15999984741211","23,665000915527344","23,049999237060547","23,170000076293945","21,45558738708496","44200"
"2011-09-28T13:30:00.0000000+00:00","23,25","23,25","22,204999923706055","22,204999923706055","20,56199073791504","83200"
"2011-09-29T13:30:00.0000000+00:00","22,649999618530273","22,649999618530273","21,479999542236328","21,954999923706055","20,330488204956055","35800"
"2011-09-30T13:30:00.0000000+00:00","21,600000381469727","21,770000457763672","21,19499969482422","21,19499969482422","19,6267147064209","30400"
"2011-10-03T13:30:00.0000000+00:00","21,020000457763672","21,225000381469727","20,1200008392334","20,1200008392334","18,63126564025879","74400"
"2011-10-04T13:30:00.0000000+00:00","20,21500015258789","21,399999618530273","20,045000076293945","21,399999618530273","19,816547393798828","39200"
"2011-10-05T13:30:00.0000000+00:00","21,399999618530273","22,15999984741211","21,145000457763672","22,059999465942383","20,427719116210938","67400"
"2011-10-06T13:30:00.0000000+00:00","21,80500030517578","22,440000534057617","21,80500030517578","22,424999237060547","20,76570701599121","130200"
"2011-10-07T13:30:00.0000000+00:00","22,65999984741211","22,709999084472656","22,170000076293945","22,344999313354492","20,691633224487305","31000"
"2011-10-10T13:30:00.0000000+00:00","22,799999237060547","23,05500030517578","22,645000457763672","22,96500015258789","21,265756607055664","120800"
"2011-10-11T13:30:00.0000000+00:00","22,8700008392334","23,094999313354492","22,80500030517578","22,8799991607666","21,187049865722656","18400"
"2011-10-12T13:30:00.0000000+00:00","23,09000015258789","23,46500015258789","23,09000015258789","23,200000762939453","21,48335838317871","67600"
"2011-10-13T13:30:00.0000000+00:00","23,135000228881836","24,15999984741211","23,135000228881836","24,049999237060547","22,270471572875977","56000"
"2011-10-14T13:30:00.0000000+00:00","24,344999313354492","24,424999237060547","23,834999084472656","24,239999771118164","22,4464111328125","30600"
"2011-10-17T13:30:00.0000000+00:00","24,09000015258789","24,09000015258789","23,360000610351562","23,434999465942383","21,70098114013672","36800"
"2011-10-18T13:30:00.0000000+00:00","23,524999618530273","24,145000457763672","23,385000228881836","24,075000762939453","22,293624877929688","37600"
"2011-10-19T13:30:00.0000000+00:00","23,985000610351562","23,985000610351562","23,18000030517578","23,235000610351562","21,515779495239258","47200"
"2011-10-20T13:30:00.0000000+00:00","23,075000762939453","23,075000762939453","22,4950008392334","22,979999542236328","21,279647827148438","20200"
"2011-10-21T13:30:00.0000000+00:00","23,43000030517578","23,69499969482422","23,395000457763672","23,485000610351562","21,74728012084961","18000"
"2011-10-24T13:30:00.0000000+00:00","23,514999389648438","24,549999237060547","23,514999389648438","24,530000686645508","22,714956283569336","271200"
"2011-10-25T13:30:00.0000000+00:00","24,489999771118164","24,489999771118164","23,860000610351562","23,8700008392334","22,10379409790039","71400"
"2011-10-26T13:30:00.0000000+00:00","24,225000381469727","24,56999969482422","23,7450008392334","24,360000610351562","22,557531356811523","53000"
"2011-10-27T13:30:00.0000000+00:00","25,03499984741211","25,625","24,899999618530273","25,399999618530273","23,520580291748047","59400"
"2011-10-28T13:30:00.0000000+00:00","25,149999618530273","25,440000534057617","25,149999618530273","25,344999313354492","23,469654083251953","46000"
"2011-10-31T13:30:00.0000000+00:00","25,059999465942383","25,059999465942383","24,6200008392334","24,635000228881836","22,812191009521484","123600"
"2011-11-01T13:30:00.0000000+00:00","23,899999618530273","23,985000610351562","23,5","23,684999465942383","21,93247413635254","34000"
"2011-11-02T13:30:00.0000000+00:00","24","24,125","23,700000762939453","23,809999465942383","22,04822540283203","12800"
"2011-11-03T13:30:00.0000000+00:00","23,8700008392334","24,719999313354492","23,700000762939453","24,690000534057617","22,863117218017578","17200"
"2011-11-04T13:30:00.0000000+00:00","24,385000228881836","25,075000762939453","24,385000228881836","25,03499984741211","23,18259048461914","44800"
"2011-11-07T14:30:00.0000000+00:00","24,864999771118164","24,950000762939453","24,385000228881836","24,690000534057617","22,863117218017578","14000"
"2011-11-08T14:30:00.0000000+00:00","24,899999618530273","24,94499969482422","24,5","24,885000228881836","23,043682098388672","23800"
"2011-11-09T14:30:00.0000000+00:00","24,274999618530273","24,290000915527344","23,55500030517578","23,584999084472656","21,839879989624023","19400"
"2011-11-10T14:30:00.0000000+00:00","23,924999237060547","23,924999237060547","23,334999084472656","23,674999237060547","21,923219680786133","57600"
"2011-11-11T14:30:00.0000000+00:00","23,96500015258789","24,600000381469727","23,96500015258789","24,469999313354492","22,659393310546875","21600"
"2011-11-14T14:30:00.0000000+00:00","24,469999313354492","24,5049991607666","24,0049991607666","24,145000457763672","22,358444213867188","9800"
"2011-11-15T14:30:00.0000000+00:00","23,985000610351562","24,6299991607666","23,979999542236328","24,485000610351562","22,67328643798828","9800"
"2011-11-16T14:30:00.0000000+00:00","24,385000228881836","24,90999984741211","23,81999969482422","23,825000762939453","22,062122344970703","77600"
"2011-11-17T14:30:00.0000000+00:00","23,6200008392334","23,6200008392334","22,7549991607666","23,0049991607666","21,30278778076172","36400"
"2011-11-18T14:30:00.0000000+00:00","23,200000762939453","23,200000762939453","22,854999542236328","22,864999771118164","21,173152923583984","32000"
"2011-11-21T14:30:00.0000000+00:00","22,510000228881836","22,510000228881836","22,0049991607666","22,239999771118164","20,59440040588379","62800"
"2011-11-22T14:30:00.0000000+00:00","22,170000076293945","22,280000686645508","21,93000030517578","21,93000030517578","20,307334899902344","14000"
"2011-11-23T14:30:00.0000000+00:00","21,639999389648438","21,639999389648438","21,174999237060547","21,174999237060547","19,608203887939453","128600"
"2011-11-25T14:30:00.0000000+00:00","21,059999465942383","21,274999618530273","20,93000030517578","20,93000030517578","19,381328582763672","8400"
"2011-11-28T14:30:00.0000000+00:00","21,395000457763672","21,764999389648438","21,395000457763672","21,6200008392334","20,02027702331543","65600"
"2011-11-29T14:30:00.0000000+00:00","21,635000228881836","21,764999389648438","21,420000076293945","21,475000381469727","19,88600730895996","19400"
"2011-11-30T14:30:00.0000000+00:00","22,075000762939453","22,825000762939453","22,075000762939453","22,825000762939453","21,1361141204834","12000"
"2011-12-01T14:30:00.0000000+00:00","22,774999618530273","22,9950008392334","22,649999618530273","22,940000534057617","21,242599487304688","7000"
"2011-12-02T14:30:00.0000000+00:00","23,28499984741211","23,354999542236328","22,93000030517578","22,93000030517578","21,23335075378418","14800"
"2011-12-05T14:30:00.0000000+00:00","23,25","23,469999313354492","23,079999923706055","23,15999984741211","21,446321487426758","21400"
"2011-12-06T14:30:00.0000000+00:00","23,170000076293945","23,235000610351562","22,940000534057617","23,135000228881836","21,42317771911621","23400"
"2011-12-07T14:30:00.0000000+00:00","23","23,204999923706055","22,815000534057617","23,125","21,413909912109375","7800"
"2011-12-08T14:30:00.0000000+00:00","22,985000610351562","23,149999618530273","22,399999618530273","22,399999618530273","20,742563247680664","22800"
"2011-12-09T14:30:00.0000000+00:00","22,325000762939453","22,774999618530273","22,125","22,69499969482422","21,015727996826172","636400"
"2011-12-12T14:30:00.0000000+00:00","22,364999771118164","22,364999771118164","21,829999923706055","22,084999084472656","20,45086669921875","464200"
"2011-12-13T14:30:00.0000000+00:00","22,360000610351562","22,360000610351562","21,360000610351562","21,489999771118164","19,89988899230957","60600"
"2011-12-14T14:30:00.0000000+00:00","21,440000534057617","21,440000534057617","20,989999771118164","21,0049991607666","19,450782775878906","45600"
"2011-12-15T14:30:00.0000000+00:00","21,295000076293945","21,395000457763672","21,030000686645508","21,15999984741211","19,594310760498047","1250400"
"2011-12-16T14:30:00.0000000+00:00","21,1299991607666","21,46500015258789","21,045000076293945","21,200000762939453","19,718475341796875","408400"
"2011-12-19T14:30:00.0000000+00:00","21,30500030517578","21,30500030517578","20,625","20,645000457763672","19,202266693115234","240200"
"2011-12-20T14:30:00.0000000+00:00","21,030000686645508","21,764999389648438","21,030000686645508","21,719999313354492","20,2021427154541","36400"
"2011-12-21T14:30:00.0000000+00:00","21,684999465942383","21,684999465942383","21,084999084472656","21,5","19,997516632080078","1509200"
"2011-12-22T14:30:00.0000000+00:00","21,649999618530273","22,46500015258789","21,649999618530273","22,375","20,811365127563477","1208800"
"2011-12-23T14:30:00.0000000+00:00","22,524999618530273","22,55500030517578","22,350000381469727","22,44499969482422","20,876474380493164","10400"
"2011-12-27T14:30:00.0000000+00:00","22,385000228881836","22,55500030517578","22,274999618530273","22,389999389648438","20,825326919555664","104000"
"2011-12-28T14:30:00.0000000+00:00","22,34000015258789","22,34000015258789","21,969999313354492","22,010000228881836","20,47187614440918","50200"
"2011-12-29T14:30:00.0000000+00:00","22,03499984741211","22,25","21,979999542236328","22,229999542236328","20,67650032043457","124200"
"2011-12-30T14:30:00.0000000+00:00","22,299999237060547","22,325000762939453","22,15999984741211","22,15999984741211","20,61139678955078","45000"
"2012-01-03T14:30:00.0000000+00:00","22,594999313354492","22,905000686645508","22,459999084472656","22,540000915527344","20,96483612060547","135600"
"2012-01-04T14:30:00.0000000+00:00","22,440000534057617","22,46500015258789","22,200000762939453","22,344999313354492","20,78346824645996","39800"
"2012-01-05T14:30:00.0000000+00:00","22,225000381469727","22,850000381469727","22,225000381469727","22,78499984741211","21,192716598510742","110200"
"2012-01-06T14:30:00.0000000+00:00","22,75","22,80500030517578","22,510000228881836","22,670000076293945","21,08575439453125","70400"
"2012-01-09T14:30:00.0000000+00:00","22,795000076293945","23,239999771118164","22,795000076293945","23,1200008392334","21,504308700561523","59600"
"2012-01-10T14:30:00.0000000+00:00","23,450000762939453","23,450000762939453","23,19499969482422","23,364999771118164","21,73218536376953","46000"
"2012-01-11T14:30:00.0000000+00:00","23,225000381469727","23,55500030517578","23,204999923706055","23,524999618530273","21,880998611450195","113600"
"2012-01-12T14:30:00.0000000+00:00","23,559999465942383","23,739999771118164","23,375","23,729999542236328","22,071674346923828","23600"
"2012-01-13T14:30:00.0000000+00:00","23,53499984741211","23,53499984741211","23,135000228881836","23,15999984741211","21,541513442993164","38600"
"2012-01-17T14:30:00.0000000+00:00","23,385000228881836","23,55500030517578","23,25","23,270000457763672","21,643821716308594","234400"
"2012-01-18T14:30:00.0000000+00:00","23,80500030517578","24,719999313354492","23,80500030517578","24,649999618530273","22,927391052246094","353400"
"2012-01-19T14:30:00.0000000+00:00","24,729999542236328","25,059999465942383","24,729999542236328","24,954999923706055","23,211071014404297","275600"
"2012-01-20T14:30:00.0000000+00:00","24,864999771118164","25,260000228881836","24,864999771118164","25,21500015258789","23,452903747558594","141400"
"2012-01-23T14:30:00.0000000+00:00","25,260000228881836","25,395000457763672","25,049999237060547","25,190000534057617","23,429649353027344","357200"
"2012-01-24T14:30:00.0000000+00:00","25,09000015258789","25,46500015258789","25,075000762939453","25,459999084472656","23,6807861328125","254200"
"2012-01-25T14:30:00.0000000+00:00","25,68000030517578","25,68000030517578","25,209999084472656","25,540000915527344","23,75518035888672","95000"
"2012-01-26T14:30:00.0000000+00:00","25,790000915527344","25,93000030517578","25,295000076293945","25,399999618530273","23,62497329711914","36400"
"2012-01-27T14:30:00.0000000+00:00","25,25","25,485000610351562","25,09000015258789","25,454999923706055","23,676130294799805","47200"
"2012-01-30T14:30:00.0000000+00:00","25,100000381469727","25,329999923706055","24,920000076293945","25,19499969482422","23,43429183959961","24200"
"2012-01-31T14:30:00.0000000+00:00","25,325000762939453","25,434999465942383","24,8799991607666","24,985000610351562","23,238977432250977","22200"
"2012-02-01T14:30:00.0000000+00:00","25,415000915527344","25,610000610351562","25,05500030517578","25,545000076293945","23,759841918945312","51400"
"2012-02-02T14:30:00.0000000+00:00","25,65999984741211","25,93000030517578","25,549999237060547","25,84000015258789","24,034225463867188","38600"
"2012-02-03T14:30:00.0000000+00:00","26,260000228881836","26,584999084472656","26,190000534057617","26,514999389648438","24,66204833984375","59800"
"2012-02-06T14:30:00.0000000+00:00","26,3799991607666","26,3799991607666","26,059999465942383","26,149999618530273","24,322566986083984","29400"
"2012-02-07T14:30:00.0000000+00:00","26,024999618530273","26,315000534057617","25,905000686645508","26,229999542236328","24,396974563598633","34200"
"2012-02-08T14:30:00.0000000+00:00","26,360000610351562","26,7549991607666","26,30500030517578","26,55500030517578","24,69925880432129","49400"
"2012-02-09T14:30:00.0000000+00:00","26,7549991607666","26,7549991607666","26,389999389648438","26,690000534057617","24,824827194213867","23800"
"2012-02-10T14:30:00.0000000+00:00","26,405000686645508","26,405000686645508","26","26,104999542236328","24,28070640563965","20800"
"2012-02-13T14:30:00.0000000+00:00","26,53499984741211","26,53499984741211","25,809999465942383","26,139999389648438","24,313261032104492","11400"
"2012-02-14T14:30:00.0000000+00:00","25,934999465942383","26,05500030517578","25,790000915527344","26,03499984741211","24,21558952331543","145800"
"2012-02-15T14:30:00.0000000+00:00","26,21500015258789","26,485000610351562","26,149999618530273","26,190000534057617","24,359766006469727","39600"
"2012-02-16T14:30:00.0000000+00:00","26,19499969482422","26,940000534057617","26,19499969482422","26,889999389648438","25,010845184326172","42800"
"2012-02-17T14:30:00.0000000+00:00","26,979999542236328","27,114999771118164","26,75","26,78499984741211","24,913188934326172","105400"
"2012-02-21T14:30:00.0000000+00:00","26,94499969482422","26,979999542236328","26,389999389648438","26,454999923706055","24,60624885559082","95400"
"2012-02-22T14:30:00.0000000+00:00","26,420000076293945","26,469999313354492","26,18000030517578","26,209999084472656","24,37837028503418","73000"
"2012-02-23T14:30:00.0000000+00:00","26,364999771118164","26,364999771118164","25,950000762939453","26,364999771118164","24,522537231445312","49400"
"2012-02-24T14:30:00.0000000+00:00","26,645000457763672","26,645000457763672","26,295000076293945","26,34000015258789","24,499282836914062","8600"
"2012-02-27T14:30:00.0000000+00:00","26,139999389648438","26,540000915527344","25,860000610351562","26,385000228881836","24,5411319732666","72200"
"2012-02-28T14:30:00.0000000+00:00","26,424999237060547","26,860000610351562","26,424999237060547","26,649999618530273","24,787628173828125","67200"
"2012-02-29T14:30:00.0000000+00:00","26,625","26,625","26,065000534057617","26,075000762939453","24,252805709838867","43200"
"2012-03-01T14:30:00.0000000+00:00","26,165000915527344","26,375","25,93000030517578","26,010000228881836","24,192337036132812","124000"
"2012-03-02T14:30:00.0000000+00:00","26,024999618530273","26,165000915527344","25,514999389648438","25,520000457763672","23,736589431762695","68000"
"2012-03-05T14:30:00.0000000+00:00","25,5","25,5","24,71500015258789","24,790000915527344","23,057605743408203","42000"
"2012-03-06T14:30:00.0000000+00:00","24,56999969482422","24,56999969482422","24,219999313354492","24,4950008392334","22,783220291137695","43200"
"2012-03-07T14:30:00.0000000+00:00","24,829999923706055","24,8799991607666","24,614999771118164","24,799999237060547","23,066905975341797","23200"
"2012-03-08T14:30:00.0000000+00:00","25,020000457763672","25,315000534057617","24,940000534057617","25,239999771118164","23,476150512695312","8200"
"2012-03-09T14:30:00.0000000+00:00","25,309999465942383","25,524999618530273","25,309999465942383","25,475000381469727","23,694726943969727","7000"
"2012-03-12T13:30:00.0000000+00:00","25,450000762939453","25,450000762939453","25,114999771118164","25,165000915527344","23,40639877319336","30400"
"2012-03-13T13:30:00.0000000+00:00","25,30500030517578","25,770000457763672","25,30500030517578","25,75","23,950515747070312","24600"
"2012-03-14T13:30:00.0000000+00:00","25,825000762939453","26,139999389648438","25,684999465942383","25,709999084472656","23,91330909729004","94600"
"2012-03-15T13:30:00.0000000+00:00","25,844999313354492","26,2549991607666","25,760000228881836","26,2450008392334","24,41092300415039","15600"
"2012-03-16T13:30:00.0000000+00:00","26,3799991607666","26,3799991607666","26,09000015258789","26,200000762939453","24,390439987182617","55600"
"2012-03-19T13:30:00.0000000+00:00","26,30500030517578","26,55500030517578","26,30500030517578","26,399999618530273","24,576623916625977","10200"
"2012-03-20T13:30:00.0000000+00:00","26,235000610351562","26,315000534057617","26,040000915527344","26,239999771118164","24,427682876586914","32400"
"2012-03-21T13:30:00.0000000+00:00","26,31999969482422","26,354999542236328","26,110000610351562","26,25","24,43698501586914","12800"
"2012-03-22T13:30:00.0000000+00:00","26,06999969482422","26,1200008392334","25,950000762939453","26,030000686645508","24,232189178466797","14800"
"2012-03-23T13:30:00.0000000+00:00","25,940000534057617","26,135000228881836","25,844999313354492","26,135000228881836","24,32993507385254","4200"
"2012-03-26T13:30:00.0000000+00:00","26,375","26,584999084472656","26,270000457763672","26,540000915527344","24,70696258544922","15000"
"2012-03-27T13:30:00.0000000+00:00","26,55500030517578","26,739999771118164","26,514999389648438","26,520000457763672","24,688339233398438","9800"
"2012-03-28T13:30:00.0000000+00:00","26,475000381469727","26,559999465942383","26,010000228881836","26,18000030517578","24,371822357177734","48000"
"2012-03-29T13:30:00.0000000+00:00","26,084999084472656","26,264999389648438","25,825000762939453","26,239999771118164","24,427682876586914","24000"
"2012-03-30T13:30:00.0000000+00:00","26,524999618530273","26,530000686645508","26","26,25","24,43698501586914","89800"
"2012-04-02T13:30:00.0000000+00:00","26,155000686645508","26,2450008392334","25,729999542236328","26,170000076293945","24,362512588500977","346400"
"2012-04-03T13:30:00.0000000+00:00","26,264999389648438","26,264999389648438","25,600000381469727","25,674999237060547","23,901708602905273","365000"
"2012-04-04T13:30:00.0000000+00:00","25,405000686645508","25,405000686645508","24,864999771118164","25,125","23,389684677124023","59600"
"2012-04-05T13:30:00.0000000+00:00","24,989999771118164","25,104999542236328","24,889999389648438","25,020000457763672","23,291948318481445","117200"
"2012-04-09T13:30:00.0000000+00:00","24,584999084472656","24,6299991607666","24,395000457763672","24,514999389648438","22,821809768676758","139000"
"2012-04-10T13:30:00.0000000+00:00","24,69499969482422","24,719999313354492","24,174999237060547","24,184999465942383","22,514604568481445","81200"
"2012-04-11T13:30:00.0000000+00:00","24,510000228881836","24,8799991607666","24,5049991607666","24,670000076293945","22,966115951538086","42200"
"2012-04-12T13:30:00.0000000+00:00","24,899999618530273","25,354999542236328","24,8799991607666","25,264999389648438","23,520023345947266","25000"
"2012-04-13T13:30:00.0000000+00:00","25,184999465942383","25,184999465942383","24,604999542236328","24,604999542236328","22,905601501464844","75000"
"2012-04-16T13:30:00.0000000+00:00","24,729999542236328","24,899999618530273","24,334999084472656","24,549999237060547","22,854408264160156","930200"
"2012-04-17T13:30:00.0000000+00:00","24,9950008392334","25,25","24,9950008392334","25,139999389648438","23,403654098510742","45000"
"2012-04-18T13:30:00.0000000+00:00","24,905000686645508","24,954999923706055","24,719999313354492","24,920000076293945","23,1988525390625","22000"
"2012-04-19T13:30:00.0000000+00:00","25","25,44499969482422","24,655000686645508","24,739999771118164","23,031280517578125","1047800"
"2012-04-20T13:30:00.0000000+00:00","24,5","24,510000228881836","23,90999984741211","23,90999984741211","22,258607864379883","73600"
"2012-04-23T13:30:00.0000000+00:00","23,674999237060547","23,674999237060547","23,184999465942383","23,459999084472656","21,839683532714844","962000"
"2012-04-24T13:30:00.0000000+00:00","23,610000610351562","23,610000610351562","23,28499984741211","23,295000076293945","21,686080932617188","29000"
"2012-04-25T13:30:00.0000000+00:00","23,704999923706055","23,860000610351562","23,565000534057617","23,829999923706055","22,18412971496582","11000"
"2012-04-26T13:30:00.0000000+00:00","23,815000534057617","24,190000534057617","23,815000534057617","24,165000915527344","22,495996475219727","23600"
"2012-04-27T13:30:00.0000000+00:00","24,100000381469727","24,385000228881836","24,03499984741211","24,329999923706055","22,649600982666016","16000"
"2012-04-30T13:30:00.0000000+00:00","24,25","24,40999984741211","24,25","24,360000610351562","22,67753028869629","958600"
"2012-05-01T13:30:00.0000000+00:00","24,389999389648438","24,6299991607666","24,344999313354492","24,350000381469727","22,66820526123047","11800"
"2012-05-02T13:30:00.0000000+00:00","24,145000457763672","24,295000076293945","24,049999237060547","24,295000076293945","22,617013931274414","58400"
"2012-05-03T13:30:00.0000000+00:00","24,235000610351562","24,28499984741211","23,475000381469727","23,514999389648438","21,890886306762695","871200"
"2012-05-04T13:30:00.0000000+00:00","23,354999542236328","23,385000228881836","23,114999771118164","23,125","21,527816772460938","378800"
"2012-05-07T13:30:00.0000000+00:00","23,020000457763672","23,184999465942383","23,0049991607666","23,0049991607666","21,416107177734375","18400"
"2012-05-08T13:30:00.0000000+00:00","22,825000762939453","22,875","22,405000686645508","22,8700008392334","21,290437698364258","515200"
"2012-05-09T13:30:00.0000000+00:00","22,545000076293945","22,905000686645508","22,344999313354492","22,905000686645508","21,32301902770996","1052400"
"2012-05-10T13:30:00.0000000+00:00","23,024999618530273","23,024999618530273","22,5","22,735000610351562","21,164762496948242","8600"
"2012-05-11T13:30:00.0000000+00:00","22,875","23,165000915527344","22,8700008392334","22,875","21,295085906982422","22000"
"2012-05-14T13:30:00.0000000+00:00","22,559999465942383","22,709999084472656","22,475000381469727","22,59000015258789","21,029773712158203","54600"
"2012-05-15T13:30:00.0000000+00:00","22,6299991607666","22,844999313354492","22,43000030517578","22,469999313354492","20,918062210083008","207800"
"2012-05-16T13:30:00.0000000+00:00","22,565000534057617","22,760000228881836","22,264999389648438","22,290000915527344","20,750499725341797","1848400"
"2012-05-17T13:30:00.0000000+00:00","22,325000762939453","22,325000762939453","21,889999389648438","21,889999389648438","20,37812614440918","95600"
"2012-05-18T13:30:00.0000000+00:00","21,94499969482422","21,94499969482422","21,25","21,290000915527344","19,819561004638672","249000"
"2012-05-21T13:30:00.0000000+00:00","21,3700008392334","21,924999237060547","21,264999389648438","21,899999618530273","20,387428283691406","48000"
"2012-05-22T13:30:00.0000000+00:00","21,920000076293945","21,920000076293945","21,4950008392334","21,600000381469727","20,108142852783203","90400"
"2012-05-23T13:30:00.0000000+00:00","21,264999389648438","21,799999237060547","21,239999771118164","21,760000228881836","20,257095336914062","113600"
"2012-05-24T13:30:00.0000000+00:00","21,834999084472656","21,834999084472656","21,354999542236328","21,5049991607666","20,01970100402832","125600"
"2012-05-25T13:30:00.0000000+00:00","21,614999771118164","21,84000015258789","21,604999542236328","21,7549991607666","20,252445220947266","19800"
"2012-05-29T13:30:00.0000000+00:00","22","22,28499984741211","21,94499969482422","22,239999771118164","20,703948974609375","106600"
"2012-05-30T13:30:00.0000000+00:00","21,790000915527344","21,875","21,700000762939453","21,780000686645508","20,275711059570312","68400"
"2012-05-31T13:30:00.0000000+00:00","21,729999542236328","21,815000534057617","21,325000762939453","21,709999084472656","20,210554122924805","51600"
"2012-06-01T13:30:00.0000000+00:00","21,040000915527344","21,235000610351562","20,75","20,774999618530273","19,34012794494629","26200"
"2012-06-04T13:30:00.0000000+00:00","20,954999923706055","20,954999923706055","20,4950008392334","20,815000534057617","19,37737464904785","16400"
"2012-06-05T13:30:00.0000000+00:00","20,895000457763672","21,385000228881836","20,895000457763672","21,364999771118164","19,88938331604004","4600"
"2012-06-06T13:30:00.0000000+00:00","21,584999084472656","22,170000076293945","21,584999084472656","22,084999084472656","20,559654235839844","327200"
"2012-06-07T13:30:00.0000000+00:00","22,420000076293945","22,459999084472656","21,670000076293945","21,700000762939453","20,201244354248047","117400"
"2012-06-08T13:30:00.0000000+00:00","21,56999969482422","22,05500030517578","21,56999969482422","21,985000610351562","20,466569900512695","61800"
"2012-06-11T13:30:00.0000000+00:00","22,325000762939453","22,325000762939453","21,360000610351562","21,364999771118164","19,88938331604004","59800"
"2012-06-12T13:30:00.0000000+00:00","21,594999313354492","22,010000228881836","21,514999389648438","22,010000228881836","20,489835739135742","22600"
"2012-06-13T13:30:00.0000000+00:00","21,774999618530273","22,079999923706055","21,655000686645508","21,729999542236328","20,229169845581055","8000"
"2012-06-14T13:30:00.0000000+00:00","21,645000457763672","21,670000076293945","21,395000457763672","21,540000915527344","20,05229949951172","23600"
"2012-06-15T13:30:00.0000000+00:00","21,559999465942383","21,975000381469727","21,53499984741211","21,950000762939453","20,458675384521484","191600"
"2012-06-18T13:30:00.0000000+00:00","21,81999969482422","22,354999542236328","21,78499984741211","22,239999771118164","20,728967666625977","115400"
"2012-06-19T13:30:00.0000000+00:00","22,360000610351562","22,6299991607666","22,360000610351562","22,520000457763672","20,989940643310547","23200"
"2012-06-20T13:30:00.0000000+00:00","22,53499984741211","22,799999237060547","22,450000762939453","22,639999389648438","21,10179328918457","37000"
"2012-06-21T13:30:00.0000000+00:00","22,545000076293945","22,545000076293945","21,709999084472656","21,739999771118164","20,262939453125","41600"
"2012-06-22T13:30:00.0000000+00:00","21,924999237060547","22,204999923706055","21,84000015258789","22,174999237060547","20,668386459350586","34000"
"2012-06-25T13:30:00.0000000+00:00","21,729999542236328","21,780000686645508","21,334999084472656","21,360000610351562","19,90875816345215","53200"
"2012-06-26T13:30:00.0000000+00:00","21,424999237060547","21,440000534057617","21,06999969482422","21,219999313354492","19,77826690673828","39400"
"2012-06-27T13:30:00.0000000+00:00","21,31999969482422","21,65999984741211","21,31999969482422","21,600000381469727","20,132450103759766","33400"
"2012-06-28T13:30:00.0000000+00:00","21,385000228881836","21,545000076293945","21,155000686645508","21,485000610351562","20,025266647338867","47200"
"2012-06-29T13:30:00.0000000+00:00","21,979999542236328","22,329999923706055","21,94499969482422","22,290000915527344","20,775571823120117","24400"
"2012-07-02T13:30:00.0000000+00:00","22,43000030517578","22,43000030517578","22,049999237060547","22,2450008392334","20,733633041381836","45000"
"2012-07-03T13:30:00.0000000+00:00","22,309999465942383","22,594999313354492","22,309999465942383","22,545000076293945","21,01325035095215","18600"
"2012-07-05T13:30:00.0000000+00:00","22,475000381469727","22,68000030517578","22,274999618530273","22,594999313354492","21,059852600097656","33400"
"2012-07-06T13:30:00.0000000+00:00","22,280000686645508","22,280000686645508","21,68000030517578","21,850000381469727","20,36547088623047","534000"
"2012-07-09T13:30:00.0000000+00:00","21,645000457763672","21,649999618530273","21,469999313354492","21,56999969482422","20,104490280151367","19800"
"2012-07-10T13:30:00.0000000+00:00","21,579999923706055","21,700000762939453","20,889999389648438","21,040000915527344","19,610496520996094","680600"
"2012-07-11T13:30:00.0000000+00:00","21,075000762939453","21,184999465942383","20,795000076293945","20,94499969482422","19,521957397460938","663400"
"2012-07-12T13:30:00.0000000+00:00","20,725000381469727","20,7450008392334","20,375","20,6299991607666","19,228351593017578","36400"
"2012-07-13T13:30:00.0000000+00:00","20,815000534057617","20,860000610351562","20,729999542236328","20,790000915527344","19,377492904663086","12600"
"2012-07-16T13:30:00.0000000+00:00","20,594999313354492","20,665000915527344","20,405000686645508","20,579999923706055","19,181753158569336","39200"
"2012-07-17T13:30:00.0000000+00:00","20,625","20,625","20,155000686645508","20,40999984741211","19,023305892944336","18800"
"2012-07-18T13:30:00.0000000+00:00","20,399999618530273","21,344999313354492","20,399999618530273","21,110000610351562","19,67574119567871","909400"
"2012-07-19T13:30:00.0000000+00:00","21,299999237060547","21,645000457763672","21,299999237060547","21,514999389648438","20,053224563598633","24400"
"2012-07-20T13:30:00.0000000+00:00","21,31999969482422","21,31999969482422","20,924999237060547","20,94499969482422","19,521957397460938","393200"
"2012-07-23T13:30:00.0000000+00:00","20,450000762939453","20,690000534057617","20,235000610351562","20,625","19,223703384399414","398200"
"2012-07-24T13:30:00.0000000+00:00","20,655000686645508","20,655000686645508","20,149999618530273","20,274999618530273","18,897478103637695","84600"
"2012-07-25T13:30:00.0000000+00:00","20,5049991607666","21,059999465942383","20,5049991607666","20,635000228881836","19,233020782470703","909400"
"2012-07-26T13:30:00.0000000+00:00","21,1299991607666","21,350000381469727","21,010000228881836","21,15999984741211","19,72234344482422","36600"
"2012-07-27T13:30:00.0000000+00:00","21,239999771118164","21,790000915527344","21,155000686645508","21,684999465942383","20,211679458618164","57600"
"2012-07-30T13:30:00.0000000+00:00","21,84000015258789","21,93000030517578","21,290000915527344","21,450000762939453","19,992643356323242","1187200"
"2012-07-31T13:30:00.0000000+00:00","21,489999771118164","21,975000381469727","21,489999771118164","21,7450008392334","20,267595291137695","637400"
"2012-08-01T13:30:00.0000000+00:00","21,94499969482422","21,9950008392334","21,55500030517578","21,600000381469727","20,132450103759766","54600"
"2012-08-02T13:30:00.0000000+00:00","21,520000457763672","22,014999389648438","21,520000457763672","21,719999313354492","20,244300842285156","65200"
"2012-08-03T13:30:00.0000000+00:00","22,075000762939453","22,209999084472656","22,030000686645508","22,084999084472656","20,584503173828125","20400"
"2012-08-06T13:30:00.0000000+00:00","22,2450008392334","22,559999465942383","22,235000610351562","22,475000381469727","20,947999954223633","48000"
"2012-08-07T13:30:00.0000000+00:00","22,704999923706055","23,235000610351562","22,704999923706055","22,989999771118164","21,428014755249023","837600"
"2012-08-08T13:30:00.0000000+00:00","22,889999389648438","23,05500030517578","22,885000228881836","23,045000076293945","21,479280471801758","31200"
"2012-08-09T13:30:00.0000000+00:00","22,975000381469727","23,295000076293945","22,975000381469727","23,2549991607666","21,67500877380371","59800"
"2012-08-10T13:30:00.0000000+00:00","23,145000457763672","23,354999542236328","23,139999389648438","23,34000015258789","21,754234313964844","35000"
"2012-08-13T13:30:00.0000000+00:00","23,280000686645508","23,280000686645508","22,94499969482422","23,19499969482422","21,619081497192383","20800"
"2012-08-14T13:30:00.0000000+00:00","23,334999084472656","23,3799991607666","22,825000762939453","22,895000457763672","21,33946418762207","37800"
"2012-08-15T13:30:00.0000000+00:00","22,989999771118164","23,219999313354492","22,96500015258789","23,104999542236328","21,535192489624023","21000"
"2012-08-16T13:30:00.0000000+00:00","23,135000228881836","23,549999237060547","23,135000228881836","23,489999771118164","21,894039154052734","106200"
"2012-08-17T13:30:00.0000000+00:00","23,454999923706055","23,485000610351562","23,350000381469727","23,475000381469727","21,880056381225586","25000"
"2012-08-20T13:30:00.0000000+00:00","23,389999389648438","23,389999389648438","23,114999771118164","23,299999237060547","21,716951370239258","50200"
"2012-08-21T13:30:00.0000000+00:00","23,44499969482422","23,764999389648438","23,264999389648438","23,354999542236328","21,76821517944336","34000"
"2012-08-22T13:30:00.0000000+00:00","23,045000076293945","23,309999465942383","23","23,155000686645508","21,581804275512695","62800"
"2012-08-23T13:30:00.0000000+00:00","22,8700008392334","23,104999542236328","22,809999465942383","22,954999923706055","21,395397186279297","28400"
"2012-08-24T13:30:00.0000000+00:00","22,940000534057617","23,15999984741211","22,795000076293945","23,06999969482422","21,502586364746094","115600"
"2012-08-27T13:30:00.0000000+00:00","23,1299991607666","23,1299991607666","22,8700008392334","22,934999465942383","21,37674903869629","55400"
"2012-08-28T13:30:00.0000000+00:00","22,895000457763672","23,104999542236328","22,8799991607666","22,989999771118164","21,428014755249023","52800"
"2012-08-29T13:30:00.0000000+00:00","23,065000534057617","23,114999771118164","22,885000228881836","23","21,437335968017578","11800"
"2012-08-30T13:30:00.0000000+00:00","22,6200008392334","22,639999389648438","22,440000534057617","22,459999084472656","20,934019088745117","127400"
"2012-08-31T13:30:00.0000000+00:00","22,6200008392334","22,735000610351562","22,604999542236328","22,704999923706055","21,162378311157227","13400"
"2012-09-04T13:30:00.0000000+00:00","22,424999237060547","22,604999542236328","22,19499969482422","22,53499984741211","21,00392723083496","4600"
"2012-09-05T13:30:00.0000000+00:00","22,399999618530273","22,56999969482422","22,329999923706055","22,34000015258789","20,822172164916992","15600"
"2012-09-06T13:30:00.0000000+00:00","22,729999542236328","23,395000457763672","22,684999465942383","23,375","21,786853790283203","64000"
"2012-09-07T13:30:00.0000000+00:00","23,25","23,389999389648438","23,145000457763672","23,389999389648438","21,800838470458984","110200"
"2012-09-10T13:30:00.0000000+00:00","23,325000762939453","23,450000762939453","23,059999465942383","23,09000015258789","21,521221160888672","40600"
"2012-09-11T13:30:00.0000000+00:00","23,15999984741211","23,375","23,1299991607666","23,290000915527344","21,70762825012207","70000"
"2012-09-12T13:30:00.0000000+00:00","23,405000686645508","23,53499984741211","23,25","23,454999923706055","21,86141586303711","73400"
"2012-09-13T13:30:00.0000000+00:00","23,274999618530273","23,739999771118164","23,184999465942383","23,594999313354492","21,991910934448242","98200"
"2012-09-14T13:30:00.0000000+00:00","23,899999618530273","24,299999237060547","23,899999618530273","24,174999237060547","22,532501220703125","14200"
"2012-09-17T13:30:00.0000000+00:00","24,139999389648438","24,139999389648438","23,670000076293945","23,78499984741211","22,169002532958984","71400"
"2012-09-18T13:30:00.0000000+00:00","23,670000076293945","23,809999465942383","23,625","23,7549991607666","22,141035079956055","19200"
"2012-09-19T13:30:00.0000000+00:00","23,75","23,770000457763672","23,665000915527344","23,665000915527344","22,057157516479492","26000"
"2012-09-20T13:30:00.0000000+00:00","23,43000030517578","23,43000030517578","23,040000915527344","23,155000686645508","21,581804275512695","31600"
"2012-09-21T13:30:00.0000000+00:00","23,280000686645508","23,280000686645508","22,954999923706055","22,959999084472656","21,431522369384766","66400"
"2012-09-24T13:30:00.0000000+00:00","22,729999542236328","22,80500030517578","22,524999618530273","22,584999084472656","21,081483840942383","60200"
"2012-09-25T13:30:00.0000000+00:00","22,760000228881836","22,760000228881836","21,829999923706055","21,84000015258789","20,386079788208008","118600"
"2012-09-26T13:30:00.0000000+00:00","21,764999389648438","21,764999389648438","21,344999313354492","21,614999771118164","20,17605972290039","409600"
"2012-09-27T13:30:00.0000000+00:00","21,75","22,15999984741211","21,665000915527344","22,110000610351562","20,63810157775879","48200"
"2012-09-28T13:30:00.0000000+00:00","21,959999084472656","21,959999084472656","21,71500015258789","21,71500015258789","20,269397735595703","77400"
"2012-10-01T13:30:00.0000000+00:00","21,71500015258789","21,899999618530273","21,514999389648438","21,559999465942383","20,124717712402344","35400"
"2012-10-02T13:30:00.0000000+00:00","21,80500030517578","21,80500030517578","21,40999984741211","21,635000228881836","20,19472885131836","133600"
"2012-10-03T13:30:00.0000000+00:00","21,704999923706055","21,704999923706055","21,415000915527344","21,489999771118164","20,059377670288086","56200"
"2012-10-04T13:30:00.0000000+00:00","21,44499969482422","21,68000030517578","21,364999771118164","21,614999771118164","20,17605972290039","626600"
"2012-10-05T13:30:00.0000000+00:00","21,71500015258789","21,924999237060547","21,55500030517578","21,56999969482422","20,134052276611328","102600"
"2012-10-08T13:30:00.0000000+00:00","21,454999923706055","21,454999923706055","21,200000762939453","21,25","19,835359573364258","15400"
"2012-10-09T13:30:00.0000000+00:00","21,200000762939453","21,200000762939453","20,790000915527344","20,899999618530273","19,508651733398438","78600"
"2012-10-10T13:30:00.0000000+00:00","20,84000015258789","20,8700008392334","20,575000762939453","20,614999771118164","19,242624282836914","36800"
"2012-10-11T13:30:00.0000000+00:00","20,7549991607666","20,829999923706055","20,645000457763672","20,69499969482422","19,317304611206055","40000"
"2012-10-12T13:30:00.0000000+00:00","20,559999465942383","20,6299991607666","20,420000076293945","20,44499969482422","19,08394432067871","10400"
"2012-10-15T13:30:00.0000000+00:00","20,649999618530273","20,719999313354492","20,479999542236328","20,71500015258789","19,335969924926758","62600"
"2012-10-16T13:30:00.0000000+00:00","21,05500030517578","21,31999969482422","21,010000228881836","21,30500030517578","19,886695861816406","38400"
"2012-10-17T13:30:00.0000000+00:00","21,25","21,469999313354492","21,145000457763672","21,3799991607666","19,95669937133789","45800"
"2012-10-18T13:30:00.0000000+00:00","21,30500030517578","21,30500030517578","21,03499984741211","21,03499984741211","19,634668350219727","114800"
"2012-10-19T13:30:00.0000000+00:00","20,8799991607666","20,895000457763672","20,28499984741211","20,385000228881836","19,02794075012207","152200"
"2012-10-22T13:30:00.0000000+00:00","20,415000915527344","20,510000228881836","20,299999237060547","20,424999237060547","19,06528091430664","58600"
"2012-10-23T13:30:00.0000000+00:00","20,155000686645508","20,635000228881836","20,03499984741211","20,6200008392334","19,247295379638672","83600"
"2012-10-24T13:30:00.0000000+00:00","20,780000686645508","20,780000686645508","20,364999771118164","20,415000915527344","19,055944442749023","43600"
"2012-10-25T13:30:00.0000000+00:00","20,575000762939453","20,59000015258789","20,354999542236328","20,514999389648438","19,149282455444336","16600"
"2012-10-26T13:30:00.0000000+00:00","20,825000762939453","20,825000762939453","20,6299991607666","20,7549991607666","19,37331199645996","85000"
"2012-10-31T13:30:00.0000000+00:00","20,860000610351562","20,860000610351562","20,684999465942383","20,774999618530273","19,391971588134766","46800"
"2012-11-01T13:30:00.0000000+00:00","20,84000015258789","21,454999923706055","20,84000015258789","21,40999984741211","19,98470687866211","114800"
"2012-11-02T13:30:00.0000000+00:00","21,469999313354492","21,469999313354492","20,78499984741211","20,78499984741211","19,40131378173828","9000"
"2012-11-05T14:30:00.0000000+00:00","20,885000228881836","21,31999969482422","20,80500030517578","21,274999618530273","19,858692169189453","40200"
"2012-11-06T14:30:00.0000000+00:00","21,34000015258789","21,625","21,2450008392334","21,530000686645508","20,09671974182129","22800"
"2012-11-07T14:30:00.0000000+00:00","21,274999618530273","21,274999618530273","20,80500030517578","20,864999771118164","19,475980758666992","30000"
"2012-11-08T14:30:00.0000000+00:00","20,924999237060547","21,010000228881836","20,65999984741211","20,65999984741211","19,284631729125977","49600"
"2012-11-09T14:30:00.0000000+00:00","20,610000610351562","20,975000381469727","20,59000015258789","20,645000457763672","19,270633697509766","14400"
"2012-11-12T14:30:00.0000000+00:00","20,65999984741211","20,68000030517578","20,5","20,625","19,251970291137695","7200"
"2012-11-13T14:30:00.0000000+00:00","20,46500015258789","20,645000457763672","20,375","20,479999542236328","19,116619110107422","25400"
"2012-11-14T14:30:00.0000000+00:00","20,530000686645508","20,530000686645508","20,084999084472656","20,104999542236328","18,766582489013672","149400"
"2012-11-15T14:30:00.0000000+00:00","20,204999923706055","20,204999923706055","19,71500015258789","19,78499984741211","18,46788215637207","24400"
"2012-11-16T14:30:00.0000000+00:00","19,799999237060547","19,799999237060547","19,329999923706055","19,71500015258789","18,40254783630371","73600"
"2012-11-19T14:30:00.0000000+00:00","19,959999084472656","20,405000686645508","19,959999084472656","20,399999618530273","19,041946411132812","15600"
"2012-11-20T14:30:00.0000000+00:00","20,200000762939453","20,399999618530273","20,18000030517578","20,354999542236328","18,999937057495117","19600"
"2012-11-21T14:30:00.0000000+00:00","20,389999389648438","20,489999771118164","20,334999084472656","20,46500015258789","19,10261344909668","17200"
"2012-11-23T14:30:00.0000000+00:00","20,59000015258789","20,924999237060547","20,59000015258789","20,864999771118164","19,475980758666992","6600"
"2012-11-26T14:30:00.0000000+00:00","21,045000076293945","21,079999923706055","20,899999618530273","21,049999237060547","19,648672103881836","7800"
"2012-11-27T14:30:00.0000000+00:00","21,094999313354492","21,30500030517578","21,075000762939453","21,104999542236328","19,700014114379883","22000"
"2012-11-28T14:30:00.0000000+00:00","20,954999923706055","21,415000915527344","20,700000762939453","21,415000915527344","19,989377975463867","19200"
"2012-11-29T14:30:00.0000000+00:00","21,65999984741211","21,719999313354492","21,524999618530273","21,700000762939453","20,25539779663086","15400"
"2012-11-30T14:30:00.0000000+00:00","21,75","21,760000228881836","21,665000915527344","21,704999923706055","20,260072708129883","20800"
"2012-12-03T14:30:00.0000000+00:00","21,84000015258789","21,84000015258789","21,59000015258789","21,600000381469727","20,162057876586914","11600"
"2012-12-04T14:30:00.0000000+00:00","21,655000686645508","21,78499984741211","21,565000534057617","21,78499984741211","20,33473777770996","15000"
"2012-12-05T14:30:00.0000000+00:00","21,78499984741211","21,885000228881836","21,635000228881836","21,809999465942383","20,358078002929688","68200"
"2012-12-06T14:30:00.0000000+00:00","21,96500015258789","22,049999237060547","21,815000534057617","22,010000228881836","20,544761657714844","5000"
"2012-12-07T14:30:00.0000000+00:00","22,040000915527344","22,059999465942383","21,920000076293945","21,985000610351562","20,521432876586914","13400"
"2012-12-10T14:30:00.0000000+00:00","22,15999984741211","22,204999923706055","22,135000228881836","22,165000915527344","20,68943977355957","25600"
"2012-12-11T14:30:00.0000000+00:00","22,459999084472656","22,764999389648438","22,459999084472656","22,764999389648438","21,24950408935547","26800"
"2012-12-12T14:30:00.0000000+00:00","22,774999618530273","22,875","22,65999984741211","22,65999984741211","21,151487350463867","17800"
"2012-12-13T14:30:00.0000000+00:00","22,684999465942383","22,684999465942383","22,350000381469727","22,415000915527344","20,922788619995117","4800"
"2012-12-14T14:30:00.0000000+00:00","22,44499969482422","22,44499969482422","22,19499969482422","22,30500030517578","20,82012939453125","7400"
"2012-12-17T14:30:00.0000000+00:00","22,5","22,5","22,270000457763672","22,3700008392334","20,880794525146484","6200"
"2012-12-18T14:30:00.0000000+00:00","22,53499984741211","22,850000381469727","22,440000534057617","22,850000381469727","21,328845977783203","8200"
"2012-12-19T14:30:00.0000000+00:00","23,03499984741211","23,100000381469727","22,94499969482422","22,94499969482422","21,417522430419922","6400"
"2012-12-20T14:30:00.0000000+00:00","22,940000534057617","23,010000228881836","22,735000610351562","22,875","21,35218048095703","8200"
"2012-12-21T14:30:00.0000000+00:00","22,354999542236328","22,514999389648438","22,334999084472656","22,514999389648438","21,083887100219727","10600"
"2012-12-24T14:30:00.0000000+00:00","22,360000610351562","22,424999237060547","22,354999542236328","22,3799991607666","20,957468032836914","5200"
"2012-12-26T14:30:00.0000000+00:00","22,479999542236328","22,489999771118164","22,264999389648438","22,270000457763672","20,85445785522461","13600"
"2012-12-27T14:30:00.0000000+00:00","22,1299991607666","22,274999618530273","21,924999237060547","22,270000457763672","20,85445785522461","21800"
"2012-12-28T14:30:00.0000000+00:00","22,045000076293945","22,299999237060547","22,045000076293945","22,079999923706055","20,676536560058594","7000"
"2012-12-31T14:30:00.0000000+00:00","22,079999923706055","22,584999084472656","22,045000076293945","22,53499984741211","21,102619171142578","38400"
"2013-01-02T14:30:00.0000000+00:00","23,15999984741211","23,4950008392334","23,15999984741211","23,4950008392334","22,001602172851562","36800"
"2013-01-03T14:30:00.0000000+00:00","23,424999237060547","23,700000762939453","23,399999618530273","23,469999313354492","21,978191375732422","32000"
"2013-01-04T14:30:00.0000000+00:00","23,44499969482422","23,489999771118164","23,315000534057617","23,40999984741211","21,922000885009766","38200"
"2013-01-07T14:30:00.0000000+00:00","23,354999542236328","23,424999237060547","23,25","23,299999237060547","21,81898307800293","12400"
"2013-01-08T14:30:00.0000000+00:00","23,25","23,270000457763672","22,934999465942383","22,934999465942383","21,47719383239746","33200"
"2013-01-09T14:30:00.0000000+00:00","23,100000381469727","23,145000457763672","22,989999771118164","23,139999389648438","21,669160842895508","36200"
"2013-01-10T14:30:00.0000000+00:00","23,44499969482422","23,44499969482422","23,274999618530273","23,40999984741211","21,922000885009766","10400"
"2013-01-11T14:30:00.0000000+00:00","23,44499969482422","23,469999313354492","23,34000015258789","23,450000762939453","21,959457397460938","6600"
"2013-01-14T14:30:00.0000000+00:00","23,315000534057617","23,315000534057617","23,174999237060547","23,295000076293945","21,814308166503906","38000"
"2013-01-15T14:30:00.0000000+00:00","23,155000686645508","23,2450008392334","23,024999618530273","23,170000076293945","21,69725227355957","24000"
"2013-01-16T14:30:00.0000000+00:00","23,25","23,56999969482422","23,225000381469727","23,55500030517578","22,05778694152832","1170400"
"2013-01-17T14:30:00.0000000+00:00","23,625","23,885000228881836","23,625","23,81999969482422","22,305940628051758","550800"
"2013-01-18T14:30:00.0000000+00:00","23,6299991607666","23,69499969482422","23,530000686645508","23,559999465942383","22,062463760375977","24600"
"2013-01-22T14:30:00.0000000+00:00","23,655000686645508","23,655000686645508","23,44499969482422","23,549999237060547","22,053104400634766","10400"
"2013-01-23T14:30:00.0000000+00:00","23,7450008392334","23,854999542236328","23,670000076293945","23,84000015258789","22,32466697692871","113000"
"2013-01-24T14:30:00.0000000+00:00","23,71500015258789","23,93000030517578","23,700000762939453","23,735000610351562","22,22634506225586","47000"
"2013-01-25T14:30:00.0000000+00:00","24,040000915527344","24,079999923706055","23,895000457763672","23,969999313354492","22,4464054107666","55200"
"2013-01-28T14:30:00.0000000+00:00","24,165000915527344","24,184999465942383","24,079999923706055","24,1200008392334","22,58687400817871","33000"
"2013-01-29T14:30:00.0000000+00:00","23,899999618530273","23,959999084472656","23,770000457763672","23,795000076293945","22,282535552978516","53000"
"2013-01-30T14:30:00.0000000+00:00","23,90999984741211","23,950000762939453","23,795000076293945","23,795000076293945","22,282535552978516","9000"
"2013-01-31T14:30:00.0000000+00:00","23,905000686645508","24,100000381469727","23,850000381469727","23,899999618530273","22,3808536529541","110400"
"2013-02-01T14:30:00.0000000+00:00","24,139999389648438","24,5049991607666","24,139999389648438","24,5049991607666","22,947397232055664","21600"
"2013-02-04T14:30:00.0000000+00:00","24,375","24,44499969482422","24","24,030000686645508","22,502592086791992","14400"
"2013-02-05T14:30:00.0000000+00:00","24,170000076293945","24,34000015258789","24,145000457763672","24,260000228881836","22,717971801757812","76000"
"2013-02-06T14:30:00.0000000+00:00","24,280000686645508","24,450000762939453","24,260000228881836","24,424999237060547","22,872474670410156","59800"
"2013-02-07T14:30:00.0000000+00:00","24,260000228881836","24,260000228881836","23,940000534057617","24,06999969482422","22,540042877197266","61000"
"2013-02-08T14:30:00.0000000+00:00","24,360000610351562","24,56999969482422","24,360000610351562","24,55500030517578","22,994218826293945","63400"
"2013-02-11T14:30:00.0000000+00:00","24,485000610351562","24,68000030517578","24,44499969482422","24,655000686645508","23,08786392211914","50800"
"2013-02-12T14:30:00.0000000+00:00","24,670000076293945","24,8799991607666","24,670000076293945","24,8700008392334","23,289201736450195","217600"
"2013-02-13T14:30:00.0000000+00:00","24,920000076293945","24,94499969482422","24,575000762939453","24,774999618530273","23,200237274169922","911600"
"2013-02-14T14:30:00.0000000+00:00","24,834999084472656","25,2549991607666","24,834999084472656","25,235000610351562","23,63099479675293","421200"
"2013-02-15T14:30:00.0000000+00:00","25,3799991607666","25,3799991607666","24,850000381469727","24,899999618530273","23,317291259765625","925400"
"2013-02-19T14:30:00.0000000+00:00","24,875","25,309999465942383","24,875","25,28499984741211","23,677818298339844","66600"
"2013-02-20T14:30:00.0000000+00:00","25,360000610351562","25,360000610351562","24,594999313354492","24,594999313354492","23,03168487548828","77200"
"2013-02-21T14:30:00.0000000+00:00","24,315000534057617","24,364999771118164","23,78499984741211","23,9950008392334","22,46982192993164","82800"
"2013-02-22T14:30:00.0000000+00:00","24,225000381469727","24,459999084472656","24,200000762939453","24,354999542236328","22,80694007873535","31000"
"2013-02-25T14:30:00.0000000+00:00","24,540000915527344","24,540000915527344","23,770000457763672","23,770000457763672","22,259119033813477","77000"
"2013-02-26T14:30:00.0000000+00:00","23,889999389648438","23,920000076293945","23,68000030517578","23,854999542236328","22,338712692260742","91600"
"2013-02-27T14:30:00.0000000+00:00","23,899999618530273","24,30500030517578","23,8700008392334","24,184999465942383","22,647737503051758","195200"
"2013-02-28T14:30:00.0000000+00:00","24,30500030517578","24,415000915527344","24,15999984741211","24,15999984741211","22,624326705932617","25000"
"2013-03-01T14:30:00.0000000+00:00","24,040000915527344","24,040000915527344","23,469999313354492","23,735000610351562","22,22634506225586","779800"
"2013-03-04T14:30:00.0000000+00:00","23,69499969482422","23,725000381469727","23,469999313354492","23,600000381469727","22,099924087524414","482800"
"2013-03-05T14:30:00.0000000+00:00","23,795000076293945","24,084999084472656","23,795000076293945","24,084999084472656","22,554094314575195","67000"
"2013-03-06T14:30:00.0000000+00:00","24,145000457763672","24,209999084472656","24,049999237060547","24,165000915527344","22,629013061523438","14800"
"2013-03-07T14:30:00.0000000+00:00","24,174999237060547","24,415000915527344","24,174999237060547","24,354999542236328","22,80694007873535","60800"
"2013-03-08T14:30:00.0000000+00:00","24,53499984741211","24,610000610351562","24,31999969482422","24,524999618530273","22,966129302978516","49600"
"2013-03-11T13:30:00.0000000+00:00","24,46500015258789","24,709999084472656","24,43000030517578","24,65999984741211","23,092546463012695","22600"
"2013-03-12T13:30:00.0000000+00:00","24,6200008392334","24,78499984741211","24,614999771118164","24,770000457763672","23,1955623626709","217600"
"2013-03-13T13:30:00.0000000+00:00","24,829999923706055","24,979999542236328","24,69499969482422","24,924999237060547","23,340702056884766","40000"
"2013-03-14T13:30:00.0000000+00:00","25,145000457763672","25,219999313354492","25,100000381469727","25,125","23,527990341186523","48000"
"2013-03-15T13:30:00.0000000+00:00","25,0049991607666","25,0049991607666","24,684999465942383","24,739999771118164","23,1946964263916","26800"
"2013-03-18T13:30:00.0000000+00:00","24,44499969482422","24,69499969482422","24,334999084472656","24,459999084472656","22,93218421936035","47400"
"2013-03-19T13:30:00.0000000+00:00","24,639999389648438","24,670000076293945","24,229999542236328","24,530000686645508","22,997814178466797","29200"
"2013-03-20T13:30:00.0000000+00:00","24,725000381469727","24,940000534057617","24,69499969482422","24,915000915527344","23,358762741088867","71400"
"2013-03-21T13:30:00.0000000+00:00","24,700000762939453","24,729999542236328","24,475000381469727","24,475000381469727","22,94624900817871","21600"
"2013-03-22T13:30:00.0000000+00:00","24,55500030517578","24,65999984741211","24,530000686645508","24,56999969482422","23,035314559936523","17200"
"2013-03-25T13:30:00.0000000+00:00","24,649999618530273","24,655000686645508","24,325000762939453","24,53499984741211","23,00249671936035","24200"
"2013-03-26T13:30:00.0000000+00:00","24,700000762939453","24,790000915527344","24,6200008392334","24,78499984741211","23,23688507080078","19600"
"2013-03-27T13:30:00.0000000+00:00","24,625","24,854999542236328","24,420000076293945","24,834999084472656","23,283769607543945","500200"
"2013-03-28T13:30:00.0000000+00:00","24,825000762939453","25","24,770000457763672","24,969999313354492","23,41033172607422","40600"
"2013-04-01T13:30:00.0000000+00:00","24,959999084472656","25,030000686645508","24,280000686645508","24,334999084472656","22,81499481201172","29600"
"2013-04-02T13:30:00.0000000+00:00","24,364999771118164","24,405000686645508","23,895000457763672","23,94499969482422","22,44934844970703","153400"
"2013-04-03T13:30:00.0000000+00:00","23,985000610351562","23,985000610351562","23,40999984741211","23,485000610351562","22,01808738708496","149800"
"2013-04-04T13:30:00.0000000+00:00","23,469999313354492","23,799999237060547","23,440000534057617","23,790000915527344","22,304035186767578","32600"
"2013-04-05T13:30:00.0000000+00:00","23,405000686645508","23,665000915527344","23,219999313354492","23,665000915527344","22,18684196472168","323400"
"2013-04-08T13:30:00.0000000+00:00","23,665000915527344","23,940000534057617","23,424999237060547","23,940000534057617","22,444665908813477","23600"
"2013-04-09T13:30:00.0000000+00:00","23,875","24,549999237060547","23,809999465942383","24,415000915527344","22,890003204345703","191000"
"2013-04-10T13:30:00.0000000+00:00","24,549999237060547","24,915000915527344","24,549999237060547","24,915000915527344","23,358762741088867","224800"
"2013-04-11T13:30:00.0000000+00:00","24,68000030517578","24,975000381469727","24,68000030517578","24,764999389648438","23,2181339263916","155800"
"2013-04-12T13:30:00.0000000+00:00","24,65999984741211","24,71500015258789","24,34000015258789","24,6299991607666","23,091567993164062","226000"
"2013-04-15T13:30:00.0000000+00:00","24,440000534057617","24,5049991607666","23,975000381469727","24,030000686645508","22,52904510498047","368600"
"2013-04-16T13:30:00.0000000+00:00","24,204999923706055","24,55500030517578","24,09000015258789","24,55500030517578","23,021251678466797","171000"
"2013-04-17T13:30:00.0000000+00:00","24,1299991607666","24,1299991607666","23,405000686645508","23,510000228881836","22,04152488708496","143400"
"2013-04-18T13:30:00.0000000+00:00","23,684999465942383","23,764999389648438","22,94499969482422","23,05500030517578","21,614940643310547","208200"
"2013-04-19T13:30:00.0000000+00:00","22,90999984741211","23,065000534057617","22,549999237060547","22,954999923706055","21,52119255065918","1196400"
"2013-04-22T13:30:00.0000000+00:00","23,05500030517578","23,3799991607666","22,655000686645508","23,280000686645508","21,825897216796875","364400"
"2013-04-23T13:30:00.0000000+00:00","23,485000610351562","23,854999542236328","23,459999084472656","23,80500030517578","22,31809425354004","992600"
"2013-04-24T13:30:00.0000000+00:00","23,920000076293945","24,09000015258789","23,735000610351562","24,040000915527344","22,53841781616211","524800"
"2013-04-25T13:30:00.0000000+00:00","24,219999313354492","24,5","24,219999313354492","24,354999542236328","22,833751678466797","87000"
"2013-04-26T13:30:00.0000000+00:00","24,200000762939453","24,28499984741211","24,03499984741211","24,09000015258789","22,585294723510742","62200"
"2013-04-29T13:30:00.0000000+00:00","24,145000457763672","24,485000610351562","24,145000457763672","24,399999618530273","22,875934600830078","74800"
"2013-04-30T13:30:00.0000000+00:00","24,420000076293945","24,7450008392334","24,364999771118164","24,735000610351562","23,190011978149414","161200"
"2013-05-01T13:30:00.0000000+00:00","24,71500015258789","24,795000076293945","24,360000610351562","24,40999984741211","22,885313034057617","361600"
"2013-05-02T13:30:00.0000000+00:00","24,579999923706055","24,825000762939453","24,415000915527344","24,790000915527344","23,2415771484375","269800"
"2013-05-03T13:30:00.0000000+00:00","25,1200008392334","25,469999313354492","25,114999771118164","25,329999923706055","23,747846603393555","412000"
"2013-05-06T13:30:00.0000000+00:00","25,434999465942383","25,81999969482422","25,43000030517578","25,665000915527344","24,061920166015625","842000"
"2013-05-07T13:30:00.0000000+00:00","25,81999969482422","25,81999969482422","25,354999542236328","25,514999389648438","23,921289443969727","199800"
"2013-05-08T13:30:00.0000000+00:00","25,450000762939453","25,885000228881836","25,450000762939453","25,8799991607666","24,263484954833984","247600"
"2013-05-09T13:30:00.0000000+00:00","25,815000534057617","26,125","25,815000534057617","26","24,375993728637695","135000"
"2013-05-10T13:30:00.0000000+00:00","26,15999984741211","26,420000076293945","26,1299991607666","26,399999618530273","24,751007080078125","86400"
"2013-05-13T13:30:00.0000000+00:00","26,334999084472656","26,405000686645508","26,200000762939453","26,229999542236328","24,591629028320312","23800"
"2013-05-14T13:30:00.0000000+00:00","26,334999084472656","26,440000534057617","26,334999084472656","26,420000076293945","24,769756317138672","18600"
"2013-05-15T13:30:00.0000000+00:00","26,454999923706055","26,739999771118164","26,43000030517578","26,655000686645508","24,990083694458008","112200"
"2013-05-16T13:30:00.0000000+00:00","26,524999618530273","26,78499984741211","26,46500015258789","26,479999542236328","24,826011657714844","88400"
"2013-05-17T13:30:00.0000000+00:00","26,649999618530273","26,860000610351562","26,594999313354492","26,829999923706055","25,154150009155273","75400"
"2013-05-20T13:30:00.0000000+00:00","26,895000457763672","27,165000915527344","26,8799991607666","27,024999618530273","25,336971282958984","148800"
"2013-05-21T13:30:00.0000000+00:00","27,139999389648438","27,190000534057617","27","27,06999969482422","25,379159927368164","124600"
"2013-05-22T13:30:00.0000000+00:00","27,19499969482422","27,280000686645508","26,334999084472656","26,475000381469727","24,821327209472656","212000"
"2013-05-23T13:30:00.0000000+00:00","26,065000534057617","26,454999923706055","25,93000030517578","26,40999984741211","24,760385513305664","124200"
"2013-05-24T13:30:00.0000000+00:00","26,395000457763672","26,40999984741211","26,139999389648438","26,334999084472656","24,69007110595703","62200"
"2013-05-28T13:30:00.0000000+00:00","26,739999771118164","26,834999084472656","26,440000534057617","26,524999618530273","24,86819839477539","53000"
"2013-05-29T13:30:00.0000000+00:00","26,385000228881836","26,729999542236328","26,334999084472656","26,604999542236328","24,943201065063477","78200"
"2013-05-30T13:30:00.0000000+00:00","26,725000381469727","27,299999237060547","26,725000381469727","27,264999389648438","25,56198501586914","54400"
"2013-05-31T13:30:00.0000000+00:00","27,309999465942383","27,530000686645508","27,1200008392334","27,1200008392334","25,426042556762695","60200"
"2013-06-03T13:30:00.0000000+00:00","27,145000457763672","27,30500030517578","26,729999542236328","27,104999542236328","25,411975860595703","381400"
"2013-06-04T13:30:00.0000000+00:00","27,4950008392334","27,524999618530273","26,979999542236328","27,1200008392334","25,426042556762695","325000"
"2013-06-05T13:30:00.0000000+00:00","26,895000457763672","27,079999923706055","26,645000457763672","26,719999313354492","25,051023483276367","45800"
"2013-06-06T13:30:00.0000000+00:00","26,719999313354492","26,96500015258789","26,40999984741211","26,75","25,07914924621582","44000"
"2013-06-07T13:30:00.0000000+00:00","26,920000076293945","26,920000076293945","26,690000534057617","26,905000686645508","25,224468231201172","7600"
"2013-06-10T13:30:00.0000000+00:00","26,985000610351562","27,174999237060547","26,934999465942383","27,145000457763672","25,449480056762695","42400"
"2013-06-11T13:30:00.0000000+00:00","26,75","26,8799991607666","26,405000686645508","26,405000686645508","24,755701065063477","76000"
"2013-06-12T13:30:00.0000000+00:00","26,604999542236328","26,610000610351562","25,875","25,920000076293945","24,300992965698242","65600"
"2013-06-13T13:30:00.0000000+00:00","25,905000686645508","26,53499984741211","25,764999389648438","26,5","24,844764709472656","23200"
"2013-06-14T13:30:00.0000000+00:00","26,469999313354492","26,6299991607666","26,334999084472656","26,420000076293945","24,769756317138672","16800"
"2013-06-17T13:30:00.0000000+00:00","26,719999313354492","26,920000076293945","26,610000610351562","26,770000457763672","25,097904205322266","82800"
"2013-06-18T13:30:00.0000000+00:00","26,81999969482422","27,290000915527344","26,81999969482422","27,235000610351562","25,533849716186523","69000"
"2013-06-19T13:30:00.0000000+00:00","27,295000076293945","27,315000534057617","26,90999984741211","26,940000534057617","25,257278442382812","280400"
"2013-06-20T13:30:00.0000000+00:00","26,540000915527344","26,579999923706055","26,075000762939453","26,165000915527344","24,530681610107422","233200"
"2013-06-21T13:30:00.0000000+00:00","26,274999618530273","26,3799991607666","25,924999237060547","26,229999542236328","24,62881088256836","151000"
"2013-06-24T13:30:00.0000000+00:00","26,014999389648438","26,014999389648438","25,53499984741211","25,729999542236328","24,15934181213379","59600"
"2013-06-25T13:30:00.0000000+00:00","25,979999542236328","26,200000762939453","25,799999237060547","26,200000762939453","24,60063934326172","34000"
"2013-06-26T13:30:00.0000000+00:00","26,450000762939453","26,53499984741211","26,209999084472656","26,375","24,76496124267578","335600"
"2013-06-27T13:30:00.0000000+00:00","26,6299991607666","26,684999465942383","26,420000076293945","26,584999084472656","24,96214485168457","372800"
"2013-06-28T13:30:00.0000000+00:00","26,454999923706055","26,78499984741211","26,3799991607666","26,65999984741211","25,032554626464844","16400"
"2013-07-01T13:30:00.0000000+00:00","26,829999923706055","27,065000534057617","26,809999465942383","26,829999923706055","25,19218635559082","448600"
"2013-07-02T13:30:00.0000000+00:00","27,03499984741211","27,135000228881836","26,635000228881836","26,850000381469727","25,210960388183594","897200"
"2013-07-03T13:30:00.0000000+00:00","26,80500030517578","27,1299991607666","26,670000076293945","26,975000381469727","25,328330993652344","28600"
"2013-07-05T13:30:00.0000000+00:00","27,25","27,434999465942383","27,110000610351562","27,424999237060547","25,750858306884766","242200"
"2013-07-08T13:30:00.0000000+00:00","27,559999465942383","27,559999465942383","26,770000457763672","26,81999969482422","25,182796478271484","75600"
"2013-07-09T13:30:00.0000000+00:00","26,989999771118164","27,2450008392334","26,96500015258789","27,09000015258789","25,436315536499023","37200"
"2013-07-10T13:30:00.0000000+00:00","27,299999237060547","27,299999237060547","27,104999542236328","27,280000686645508","25,614713668823242","7000"
"2013-07-11T13:30:00.0000000+00:00","27,684999465942383","27,920000076293945","27,6299991607666","27,905000686645508","26,20155906677246","24800"
"2013-07-12T13:30:00.0000000+00:00","28,05500030517578","28,170000076293945","27,985000610351562","28,084999084472656","26,370569229125977","36600"
"2013-07-15T13:30:00.0000000+00:00","28,219999313354492","28,344999313354492","28,125","28,309999465942383","26,581838607788086","30200"
"2013-07-16T13:30:00.0000000+00:00","28,450000762939453","28,545000076293945","28,219999313354492","28,364999771118164","26,633481979370117","42200"
"2013-07-17T13:30:00.0000000+00:00","28,469999313354492","28,565000534057617","28,350000381469727","28,520000457763672","26,779020309448242","28600"
"2013-07-18T13:30:00.0000000+00:00","28,565000534057617","28,565000534057617","28,309999465942383","28,350000381469727","26,619400024414062","133000"
"2013-07-19T13:30:00.0000000+00:00","28,174999237060547","28,350000381469727","28,135000228881836","28,344999313354492","26,614704132080078","375600"
"2013-07-22T13:30:00.0000000+00:00","28,600000381469727","28,600000381469727","28,260000228881836","28,3700008392334","26,638174057006836","18800"
"2013-07-23T13:30:00.0000000+00:00","28,594999313354492","28,764999389648438","28,31999969482422","28,31999969482422","26,591228485107422","352000"
"2013-07-24T13:30:00.0000000+00:00","28,625","28,625","27,854999542236328","27,899999618530273","26,196870803833008","1019600"
"2013-07-25T13:30:00.0000000+00:00","27,93000030517578","28,264999389648438","27,93000030517578","28,239999771118164","26,516109466552734","15800"
"2013-07-26T13:30:00.0000000+00:00","27,899999618530273","27,94499969482422","27,790000915527344","27,899999618530273","26,196870803833008","17000"
"2013-07-29T13:30:00.0000000+00:00","27,895000457763672","28,024999618530273","27,75","27,850000381469727","26,149917602539062","138000"
"2013-07-30T13:30:00.0000000+00:00","27,8700008392334","28,184999465942383","27,8700008392334","28,165000915527344","26,4456844329834","23000"
"2013-07-31T13:30:00.0000000+00:00","28,3700008392334","28,520000457763672","28,325000762939453","28,405000686645508","26,671037673950195","9800"
"2013-08-01T13:30:00.0000000+00:00","28,530000686645508","28,645000457763672","28,489999771118164","28,639999389648438","26,891691207885742","2200"
"2013-08-02T13:30:00.0000000+00:00","28,4950008392334","28,4950008392334","28,290000915527344","28,334999084472656","26,605308532714844","12600"
"2013-08-05T13:30:00.0000000+00:00","28,315000534057617","28,469999313354492","28,315000534057617","28,46500015258789","26,727375030517578","3200"
"2013-08-06T13:30:00.0000000+00:00","28,350000381469727","28,350000381469727","28,075000762939453","28,145000457763672","26,426916122436523","26200"
"2013-08-07T13:30:00.0000000+00:00","27,9950008392334","27,9950008392334","27,600000381469727","27,75","26,0560245513916","1005400"
"2013-08-08T13:30:00.0000000+00:00","27,934999465942383","27,934999465942383","27,639999389648438","27,770000457763672","26,074806213378906","53600"
"2013-08-09T13:30:00.0000000+00:00","27,65999984741211","27,7549991607666","27,545000076293945","27,604999542236328","25,919876098632812","21800"
"2013-08-12T13:30:00.0000000+00:00","27,290000915527344","27,934999465942383","27,03499984741211","27,899999618530273","26,196870803833008","19000"
"2013-08-13T13:30:00.0000000+00:00","27,959999084472656","28,15999984741211","27,71500015258789","28,135000228881836","26,417522430419922","226000"
"2013-08-14T13:30:00.0000000+00:00","27,8700008392334","28,045000076293945","27,674999237060547","27,780000686645508","26,084186553955078","19800"
"2013-08-15T13:30:00.0000000+00:00","27,53499984741211","27,53499984741211","27,19499969482422","27,219999313354492","25,558378219604492","643800"
"2013-08-16T13:30:00.0000000+00:00","27,19499969482422","27,540000915527344","27,19499969482422","27,399999618530273","25,72739028930664","40600"
"2013-08-19T13:30:00.0000000+00:00","27,34000015258789","27,53499984741211","27,110000610351562","27,110000610351562","25,45509910583496","43600"
"2013-08-20T13:30:00.0000000+00:00","27,204999923706055","27,530000686645508","27,204999923706055","27,434999465942383","25,760250091552734","43000"
"2013-08-21T13:30:00.0000000+00:00","27,329999923706055","27,524999618530273","27,139999389648438","27,299999237060547","25,633487701416016","167400"
"2013-08-22T13:30:00.0000000+00:00","27,440000534057617","27,635000228881836","27,440000534057617","27,520000457763672","25,840055465698242","121200"
"2013-08-23T13:30:00.0000000+00:00","27,594999313354492","27,594999313354492","27,3700008392334","27,549999237060547","25,868228912353516","122600"
"2013-08-26T13:30:00.0000000+00:00","27,559999465942383","27,80500030517578","27,545000076293945","27,635000228881836","25,948040008544922","437600"
"2013-08-27T13:30:00.0000000+00:00","27,299999237060547","27,299999237060547","26,795000076293945","26,815000534057617","25,178098678588867","217200"
"2013-08-28T13:30:00.0000000+00:00","27,0049991607666","27,44499969482422","27,0049991607666","27,30500030517578","25,63819122314453","1168800"
"2013-08-29T13:30:00.0000000+00:00","27,325000762939453","27,739999771118164","27,325000762939453","27,6299991607666","25,943357467651367","10800"
"2013-08-30T13:30:00.0000000+00:00","27,524999618530273","27,524999618530273","27,09000015258789","27,094999313354492","25,44100570678711","58600"
"2013-09-03T13:30:00.0000000+00:00","27,594999313354492","27,7450008392334","27,184999465942383","27,274999618530273","25,610017776489258","36800"
"2013-09-04T13:30:00.0000000+00:00","27,55500030517578","28","27,55500030517578","27,96500015258789","26,257896423339844","18200"
"2013-09-05T13:30:00.0000000+00:00","28","28,21500015258789","28","28,145000457763672","26,426916122436523","31600"
"2013-09-06T13:30:00.0000000+00:00","28,389999389648438","28,389999389648438","27,75","28,075000762939453","26,36118507385254","61200"
"2013-09-09T13:30:00.0000000+00:00","28,2450008392334","28,5","28,2450008392334","28,395000457763672","26,661651611328125","78400"
"2013-09-10T13:30:00.0000000+00:00","28,579999923706055","28,889999389648438","28,579999923706055","28,8799991607666","27,11704444885254","13600"
"2013-09-11T13:30:00.0000000+00:00","28,80500030517578","28,915000915527344","28,56999969482422","28,75","26,994977951049805","1039800"
"2013-09-12T13:30:00.0000000+00:00","28,549999237060547","28,799999237060547","28,524999618530273","28,524999618530273","26,783714294433594","28800"
"2013-09-13T13:30:00.0000000+00:00","28,594999313354492","28,6200008392334","28,334999084472656","28,610000610351562","26,863529205322266","67000"
"2013-09-16T13:30:00.0000000+00:00","28,8700008392334","28,885000228881836","28,684999465942383","28,690000534057617","26,938648223876953","17000"
"2013-09-17T13:30:00.0000000+00:00","28,809999465942383","28,96500015258789","28,729999542236328","28,950000762939453","27,18277359008789","7000"
"2013-09-18T13:30:00.0000000+00:00","29,045000076293945","29,15999984741211","28,829999923706055","29,155000686645508","27,37526512145996","15200"
"2013-09-19T13:30:00.0000000+00:00","29,204999923706055","29,204999923706055","28,94499969482422","29,030000686645508","27,257888793945312","564600"
"2013-09-20T13:30:00.0000000+00:00","29,059999465942383","29,165000915527344","28,81999969482422","28,850000381469727","27,12484359741211","19800"
"2013-09-23T13:30:00.0000000+00:00","28,985000610351562","28,985000610351562","28,65999984741211","28,764999389648438","27,044925689697266","16600"
"2013-09-24T13:30:00.0000000+00:00","28,520000457763672","28,950000762939453","28,520000457763672","28,78499984741211","27,06373405456543","13200"
"2013-09-25T13:30:00.0000000+00:00","28,545000076293945","28,924999237060547","28,540000915527344","28,725000381469727","27,00731658935547","9400"
"2013-09-26T13:30:00.0000000+00:00","28,790000915527344","28,934999465942383","28,600000381469727","28,68000030517578","26,965009689331055","118600"
"2013-09-27T13:30:00.0000000+00:00","28,565000534057617","28,6200008392334","28,489999771118164","28,559999465942383","26,85218620300293","60000"
"2013-09-30T13:30:00.0000000+00:00","28,30500030517578","28,760000228881836","28,190000534057617","28,665000915527344","26,95091438293457","17000"
"2013-10-01T13:30:00.0000000+00:00","28,90999984741211","29,094999313354492","28,770000457763672","28,9950008392334","27,26117515563965","68800"
"2013-10-02T13:30:00.0000000+00:00","28,850000381469727","29,0049991607666","28,725000381469727","28,905000686645508","27,17656135559082","14600"
"2013-10-03T13:30:00.0000000+00:00","28,915000915527344","28,915000915527344","28,375","28,78499984741211","27,06373405456543","1095000"
"2013-10-04T13:30:00.0000000+00:00","29,06999969482422","29,170000076293945","29,05500030517578","29,059999465942383","27,32229232788086","162000"
"2013-10-07T13:30:00.0000000+00:00","28,854999542236328","29,020000457763672","28,825000762939453","28,834999084472656","27,110742568969727","5800"
"2013-10-08T13:30:00.0000000+00:00","28,915000915527344","28,954999923706055","28,06999969482422","28,239999771118164","26,55132293701172","594400"
"2013-10-09T13:30:00.0000000+00:00","28,010000228881836","28,229999542236328","27,780000686645508","28,114999771118164","26,43379020690918","561800"
"2013-10-10T13:30:00.0000000+00:00","28,424999237060547","28,860000610351562","28,424999237060547","28,78499984741211","27,06373405456543","72800"
"2013-10-11T13:30:00.0000000+00:00","28,815000534057617","29,084999084472656","28,729999542236328","28,985000610351562","27,25177574157715","117800"
"2013-10-14T13:30:00.0000000+00:00","28,885000228881836","29,415000915527344","28,84000015258789","29,395000457763672","27,63725471496582","247000"
"2013-10-15T13:30:00.0000000+00:00","29,3700008392334","29,454999923706055","28,989999771118164","29,065000534057617","27,32699966430664","111600"
"2013-10-16T13:30:00.0000000+00:00","29,270000457763672","29,385000228881836","29,184999465942383","29,350000381469727","27,594938278198242","865200"
"2013-10-17T13:30:00.0000000+00:00","29,204999923706055","29,364999771118164","28,975000381469727","29,350000381469727","27,594938278198242","46600"
"2013-10-18T13:30:00.0000000+00:00","29,354999542236328","29,549999237060547","29,165000915527344","29,549999237060547","27,782991409301758","567600"
"2013-10-21T13:30:00.0000000+00:00","29,584999084472656","29,790000915527344","29,364999771118164","29,670000076293945","27,895814895629883","39400"
"2013-10-22T13:30:00.0000000+00:00","29,690000534057617","29,690000534057617","29,264999389648438","29,575000762939453","27,80649185180664","167000"
"2013-10-23T13:30:00.0000000+00:00","28,989999771118164","28,989999771118164","28,239999771118164","28,360000610351562","26,664146423339844","1942600"
"2013-10-24T13:30:00.0000000+00:00","28,200000762939453","28,405000686645508","28,135000228881836","28,209999084472656","26,52311134338379","1095000"
"2013-10-25T13:30:00.0000000+00:00","28,3799991607666","28,56999969482422","28,25","28,290000915527344","26,59833526611328","46000"
"2013-10-28T13:30:00.0000000+00:00","28,344999313354492","28,395000457763672","28,21500015258789","28,3799991607666","26,68294906616211","137200"
"2013-10-29T13:30:00.0000000+00:00","28,475000381469727","28,729999542236328","28,475000381469727","28,700000762939453","26,983816146850586","82200"
"2013-10-30T13:30:00.0000000+00:00","28,760000228881836","28,760000228881836","28,204999923706055","28,31999969482422","26,62653923034668","185400"
"2013-10-31T13:30:00.0000000+00:00","28,3700008392334","29","28,3700008392334","28,875","27,148353576660156","66000"
"2013-11-01T13:30:00.0000000+00:00","28,959999084472656","29,15999984741211","28,75","28,844999313354492","27,120147705078125","100000"
"2013-11-04T14:30:00.0000000+00:00","29,03499984741211","29,165000915527344","28,829999923706055","28,96500015258789","27,23296546936035","1006200"
"2013-11-05T14:30:00.0000000+00:00","28,854999542236328","29,03499984741211","28,65999984741211","28,895000457763672","27,16716194152832","65200"
"2013-11-06T14:30:00.0000000+00:00","29,114999771118164","29,114999771118164","28,739999771118164","28,899999618530273","27,171863555908203","44000"
"2013-11-07T14:30:00.0000000+00:00","28,924999237060547","28,924999237060547","28,219999313354492","28,235000610351562","26,546621322631836","79600"
"2013-11-08T14:30:00.0000000+00:00","28,31999969482422","28,614999771118164","28,15999984741211","28,610000610351562","26,899194717407227","133600"
"2013-11-11T14:30:00.0000000+00:00","28,5","28,6200008392334","28,344999313354492","28,549999237060547","26,842784881591797","77800"
"2013-11-12T14:30:00.0000000+00:00","28,6299991607666","28,795000076293945","28,565000534057617","28,795000076293945","27,07313346862793","44200"
"2013-11-13T14:30:00.0000000+00:00","28,709999084472656","29,170000076293945","28,69499969482422","29,170000076293945","27,425708770751953","168200"
"2013-11-14T14:30:00.0000000+00:00","29,1200008392334","29,170000076293945","28,764999389648438","28,850000381469727","27,12484359741211","44000"
"2013-11-15T14:30:00.0000000+00:00","28,895000457763672","28,96500015258789","28,670000076293945","28,875","27,148353576660156","16600"
"2013-11-18T14:30:00.0000000+00:00","28,969999313354492","29,065000534057617","28,635000228881836","28,649999618530273","26,93680763244629","28200"
"2013-11-19T14:30:00.0000000+00:00","28,71500015258789","28,71500015258789","27,975000381469727","28,010000228881836","26,33507537841797","147200"
"2013-11-20T14:30:00.0000000+00:00","28,174999237060547","28,239999771118164","27,90999984741211","28,014999389648438","26,33978271484375","37600"
"2013-11-21T14:30:00.0000000+00:00","28,204999923706055","28,674999237060547","28,204999923706055","28,635000228881836","26,922700881958008","32200"
"2013-11-22T14:30:00.0000000+00:00","28,665000915527344","28,690000534057617","28,5049991607666","28,665000915527344","26,95091438293457","223600"
"2013-11-25T14:30:00.0000000+00:00","28,729999542236328","28,729999542236328","28,510000228881836","28,674999237060547","26,960309982299805","12400"
"2013-11-26T14:30:00.0000000+00:00","28,709999084472656","28,934999465942383","28,645000457763672","28,889999389648438","27,162445068359375","12400"
"2013-11-27T14:30:00.0000000+00:00","28,815000534057617","29,139999389648438","28,75","29,139999389648438","27,397504806518555","16800"
"2013-11-29T14:30:00.0000000+00:00","29,25","29,3799991607666","29,110000610351562","29,110000610351562","27,369304656982422","8000"
"2013-12-02T14:30:00.0000000+00:00","29,014999389648438","29,149999618530273","28,920000076293945","28,920000076293945","27,19066047668457","10800"
"2013-12-03T14:30:00.0000000+00:00","29","29,239999771118164","28,924999237060547","29,024999618530273","27,289382934570312","37400"
"2013-12-04T14:30:00.0000000+00:00","28,889999389648438","29,219999313354492","28,84000015258789","29,09000015258789","27,350494384765625","15400"
"2013-12-05T14:30:00.0000000+00:00","29,190000534057617","29,3799991607666","29,190000534057617","29,274999618530273","27,524436950683594","17600"
"2013-12-06T14:30:00.0000000+00:00","29,575000762939453","29,584999084472656","29,3799991607666","29,3799991607666","27,623157501220703","31400"
"2013-12-09T14:30:00.0000000+00:00","29,415000915527344","29,520000457763672","29,329999923706055","29,334999084472656","27,580846786499023","31000"
"2013-12-10T14:30:00.0000000+00:00","29,40999984741211","29,7450008392334","29,40999984741211","29,434999465942383","27,67486572265625","18800"
"2013-12-11T14:30:00.0000000+00:00","29,5049991607666","29,510000228881836","28,979999542236328","29,010000228881836","27,275279998779297","31800"
"2013-12-12T14:30:00.0000000+00:00","29,139999389648438","29,139999389648438","28,774999618530273","28,795000076293945","27,07313346862793","16400"
"2013-12-13T14:30:00.0000000+00:00","28,84000015258789","28,844999313354492","28,594999313354492","28,75","27,03082275390625","35600"
"2013-12-16T14:30:00.0000000+00:00","29,170000076293945","29,4950008392334","29,170000076293945","29,405000686645508","27,64666748046875","23200"
"2013-12-17T14:30:00.0000000+00:00","29,475000381469727","29,924999237060547","29,475000381469727","29,829999923706055","28,046245574951172","22800"
"2013-12-18T14:30:00.0000000+00:00","29,854999542236328","29,885000228881836","29,2450008392334","29,8700008392334","28,0838565826416","27600"
"2013-12-19T14:30:00.0000000+00:00","29,764999389648438","29,764999389648438","29,479999542236328","29,59000015258789","27,820600509643555","202200"
"2013-12-20T14:30:00.0000000+00:00","29,639999389648438","29,829999923706055","29,639999389648438","29,700000762939453","27,97223663330078","151000"
"2013-12-23T14:30:00.0000000+00:00","29,934999465942383","30,094999313354492","29,934999465942383","30,094999313354492","28,344253540039062","34400"
"2013-12-24T14:30:00.0000000+00:00","30,204999923706055","30,260000228881836","30,170000076293945","30,190000534057617","28,433727264404297","8200"
"2013-12-26T14:30:00.0000000+00:00","30,274999618530273","30,280000686645508","30,149999618530273","30,18000030517578","28,424306869506836","10600"
"2013-12-27T14:30:00.0000000+00:00","30,2450008392334","30,295000076293945","30,174999237060547","30,174999237060547","28,419597625732422","14800"
"2013-12-30T14:30:00.0000000+00:00","30,190000534057617","30,389999389648438","30,190000534057617","30,3799991607666","28,6126766204834","4800"
"2013-12-31T14:30:00.0000000+00:00","30,43000030517578","30,610000610351562","30,43000030517578","30,55500030517578","28,77748680114746","14200"
"2014-01-02T14:30:00.0000000+00:00","30,389999389648438","30,389999389648438","30,05500030517578","30,190000534057617","28,433727264404297","13800"
"2014-01-03T14:30:00.0000000+00:00","30,264999389648438","30,30500030517578","30,104999542236328","30,25","28,490234375","18600"
"2014-01-06T14:30:00.0000000+00:00","30,329999923706055","30,329999923706055","30,0049991607666","30,06999969482422","28,320707321166992","27800"
"2014-01-07T14:30:00.0000000+00:00","30,18000030517578","30,415000915527344","30,18000030517578","30,274999618530273","28,513774871826172","37400"
"2014-01-08T14:30:00.0000000+00:00","30,3700008392334","30,540000915527344","30,315000534057617","30,44499969482422","28,673891067504883","33200"
"2014-01-09T14:30:00.0000000+00:00","30,4950008392334","30,55500030517578","30,049999237060547","30,184999465942383","28,429018020629883","38600"
"2014-01-10T14:30:00.0000000+00:00","30,225000381469727","30,344999313354492","30,18000030517578","30,31999969482422","28,556163787841797","52200"
"2014-01-13T14:30:00.0000000+00:00","30,31999969482422","30,424999237060547","29,885000228881836","29,954999923706055","28,21239471435547","46200"
"2014-01-14T14:30:00.0000000+00:00","30,145000457763672","30,795000076293945","30,145000457763672","30,774999618530273","28,98468589782715","51400"
"2014-01-15T14:30:00.0000000+00:00","30,889999389648438","31,219999313354492","30,889999389648438","31,110000610351562","29,300207138061523","57000"
"2014-01-16T14:30:00.0000000+00:00","31,075000762939453","31,125","30,954999923706055","31,059999465942383","29,25311279296875","66200"
"2014-01-17T14:30:00.0000000+00:00","31,010000228881836","31,280000686645508","30,969999313354492","31,030000686645508","29,2248592376709","57800"
"2014-01-21T14:30:00.0000000+00:00","31,21500015258789","31,28499984741211","31,09000015258789","31,28499984741211","29,46501922607422","29600"
"2014-01-22T14:30:00.0000000+00:00","31,225000381469727","31,475000381469727","31,170000076293945","31,43000030517578","29,601593017578125","21800"
"2014-01-23T14:30:00.0000000+00:00","31,344999313354492","31,344999313354492","30,885000228881836","30,985000610351562","29,182472229003906","42200"
"2014-01-24T14:30:00.0000000+00:00","30,860000610351562","30,860000610351562","30,19499969482422","30,28499984741211","28,5231990814209","34400"
"2014-01-27T14:30:00.0000000+00:00","30,264999389648438","30,489999771118164","29,829999923706055","30,114999771118164","28,36309242248535","46800"
"2014-01-28T14:30:00.0000000+00:00","30,075000762939453","30,229999542236328","29,815000534057617","30,209999084472656","28,452560424804688","36000"
"2014-01-29T14:30:00.0000000+00:00","30,020000457763672","30,4950008392334","30,020000457763672","30,165000915527344","28,41017723083496","19800"
"2014-01-30T14:30:00.0000000+00:00","30,40999984741211","30,700000762939453","30,2450008392334","30,610000610351562","28,82929039001465","36200"
"2014-01-31T14:30:00.0000000+00:00","30,190000534057617","30,59000015258789","30,100000381469727","30,360000610351562","28,593839645385742","34000"
"2014-02-03T14:30:00.0000000+00:00","30,344999313354492","30,40999984741211","29,344999313354492","29,405000686645508","27,694395065307617","59400"
"2014-02-04T14:30:00.0000000+00:00","29,545000076293945","29,760000228881836","29,545000076293945","29,700000762939453","27,97223663330078","23200"
"2014-02-05T14:30:00.0000000+00:00","29,56999969482422","29,725000381469727","29,19499969482422","29,565000534057617","27,845081329345703","36800"
"2014-02-06T14:30:00.0000000+00:00","29,719999313354492","30,030000686645508","29,719999313354492","29,954999923706055","28,21239471435547","31000"
"2014-02-07T14:30:00.0000000+00:00","30,079999923706055","30,5","30,079999923706055","30,489999771118164","28,716270446777344","44400"
"2014-02-10T14:30:00.0000000+00:00","30,360000610351562","30,65999984741211","30,360000610351562","30,639999389648438","28,8575439453125","15200"
"2014-02-11T14:30:00.0000000+00:00","30,729999542236328","31,06999969482422","30,69499969482422","31,020000457763672","29,215450286865234","49800"
"2014-02-12T14:30:00.0000000+00:00","31,43000030517578","31,56999969482422","31,264999389648438","31,56999969482422","29,733442306518555","36600"
"2014-02-13T14:30:00.0000000+00:00","31,350000381469727","31,985000610351562","31,350000381469727","31,920000076293945","30,063081741333008","71600"
"2014-02-14T14:30:00.0000000+00:00","31,834999084472656","31,985000610351562","31,670000076293945","31,985000610351562","30,124303817749023","37200"
"2014-02-18T14:30:00.0000000+00:00","32,03499984741211","32,29999923706055","31,93000030517578","32,2599983215332","30,38330841064453","68200"
"2014-02-19T14:30:00.0000000+00:00","32,310001373291016","32,43000030517578","32,16999816894531","32,18000030517578","30,30795669555664","23800"
"2014-02-20T14:30:00.0000000+00:00","32,26499938964844","32,560001373291016","32,209999084472656","32,55500030517578","30,661136627197266","29600"
"2014-02-21T14:30:00.0000000+00:00","32,564998626708984","32,564998626708984","32,25","32,27000045776367","30,392717361450195","49200"
"2014-02-24T14:30:00.0000000+00:00","32,69499969482422","33,119998931884766","32,69499969482422","33,03499984741211","31,11321258544922","31400"
"2014-02-25T14:30:00.0000000+00:00","33,01499938964844","33,01499938964844","32,65999984741211","32,915000915527344","31,000200271606445","26200"
"2014-02-26T14:30:00.0000000+00:00","32,935001373291016","33,435001373291016","32,935001373291016","33,334999084472656","31,395769119262695","46400"
"2014-02-27T14:30:00.0000000+00:00","33,33000183105469","33,369998931884766","33,119998931884766","33,310001373291016","31,372220993041992","50800"
"2014-02-28T14:30:00.0000000+00:00","33,459999084472656","33,59000015258789","33,165000915527344","33,334999084472656","31,395769119262695","45600"
"2014-03-03T14:30:00.0000000+00:00","33","33,2599983215332","32,849998474121094","33,150001525878906","31,221542358398438","164000"
"2014-03-04T14:30:00.0000000+00:00","33,61000061035156","34,05500030517578","33,61000061035156","33,974998474121094","31,998537063598633","48800"
"2014-03-05T14:30:00.0000000+00:00","34,01499938964844","34,14500045776367","33,92499923706055","34,06999969482422","32,0880126953125","514000"
"2014-03-06T14:30:00.0000000+00:00","34,2400016784668","34,244998931884766","34,005001068115234","34,154998779296875","32,16806411743164","94800"
"2014-03-07T14:30:00.0000000+00:00","34,29999923706055","34,30500030517578","34,02000045776367","34,064998626708984","32,08328628540039","28400"
"2014-03-10T13:30:00.0000000+00:00","34,099998474121094","34,099998474121094","33,76499938964844","33,849998474121094","31,880815505981445","70000"
"2014-03-11T13:30:00.0000000+00:00","33,939998626708984","34,150001525878906","33,45500183105469","33,51499938964844","31,565303802490234","13800"
"2014-03-12T13:30:00.0000000+00:00","33,42499923706055","33,755001068115234","33,2400016784668","33,73500061035156","31,772502899169922","26200"
"2014-03-13T13:30:00.0000000+00:00","33,90999984741211","33,97999954223633","33,08000183105469","33,314998626708984","31,37692642211914","537600"
"2014-03-14T13:30:00.0000000+00:00","33,224998474121094","33,6150016784668","33,224998474121094","33,4900016784668","31,5417537689209","176000"
"2014-03-17T13:30:00.0000000+00:00","33,720001220703125","33,939998626708984","33,66999816894531","33,790000915527344","31,824298858642578","44400"
"2014-03-18T13:30:00.0000000+00:00","33,9900016784668","34,494998931884766","33,83000183105469","34,46500015258789","32,460025787353516","106000"
"2014-03-19T13:30:00.0000000+00:00","34,459999084472656","34,724998474121094","34,345001220703125","34,46500015258789","32,460025787353516","59000"
"2014-03-20T13:30:00.0000000+00:00","34,459999084472656","35,095001220703125","34,459999084472656","35,025001525878906","32,98746109008789","197000"
"2014-03-21T13:30:00.0000000+00:00","35,189998626708984","35,189998626708984","34,45500183105469","34,47999954223633","32,514068603515625","59800"
"2014-03-24T13:30:00.0000000+00:00","34,625","34,625","34,01499938964844","34,42499923706055","32,462196350097656","111400"
"2014-03-25T13:30:00.0000000+00:00","34,79499816894531","34,8849983215332","34,25","34,45500183105469","32,490501403808594","156400"
"2014-03-26T13:30:00.0000000+00:00","34,790000915527344","34,849998474121094","33,8650016784668","33,869998931884766","31,938852310180664","52000"
"2014-03-27T13:30:00.0000000+00:00","33,79999923706055","34,099998474121094","33,47999954223633","33,63999938964844","31,72196388244629","147200"
"2014-03-28T13:30:00.0000000+00:00","33,65999984741211","34,19499969482422","33,625","33,68000030517578","31,759689331054688","105000"
"2014-03-31T13:30:00.0000000+00:00","33,88999938964844","34,46500015258789","33,88999938964844","34,43000030517578","32,4669189453125","225400"
"2014-04-01T13:30:00.0000000+00:00","34,72999954223633","35,08000183105469","34,599998474121094","35,07500076293945","33,075157165527344","91000"
"2014-04-02T13:30:00.0000000+00:00","35,22999954223633","35,26499938964844","34,974998474121094","35,18000030517578","33,174163818359375","111800"
"2014-04-03T13:30:00.0000000+00:00","35,3849983215332","35,57500076293945","34,939998626708984","35,09000015258789","33,089290618896484","127800"
"2014-04-04T13:30:00.0000000+00:00","35,3849983215332","35,3849983215332","33,7599983215332","33,96500015258789","32,028446197509766","228400"
"2014-04-07T13:30:00.0000000+00:00","33,94499969482422","34,209999084472656","33,39500045776367","33,685001373291016","31,764402389526367","208400"
"2014-04-08T13:30:00.0000000+00:00","33,724998474121094","34,345001220703125","33,724998474121094","34,310001373291016","32,35376739501953","50400"
"2014-04-09T13:30:00.0000000+00:00","34,4900016784668","34,685001373291016","34,25","34,685001373291016","32,70738220214844","50800"
"2014-04-10T13:30:00.0000000+00:00","34,709999084472656","34,709999084472656","33,4900016784668","33,505001068115234","31,594675064086914","176600"
"2014-04-11T13:30:00.0000000+00:00","33,244998931884766","33,60499954223633","32,689998626708984","32,85499954223633","30,98172950744629","242200"
"2014-04-14T13:30:00.0000000+00:00","33,130001068115234","33,32500076293945","32,654998779296875","33,005001068115234","31,123170852661133","289200"
"2014-04-15T13:30:00.0000000+00:00","33,10499954223633","33,400001525878906","32,56999969482422","33,32500076293945","31,4249210357666","106000"
"2014-04-16T13:30:00.0000000+00:00","33,23500061035156","33,30500030517578","32,755001068115234","33,22999954223633","31,335346221923828","179000"
"2014-04-17T13:30:00.0000000+00:00","33,25","33,875","33,1150016784668","33,6349983215332","31,71725082397461","68800"
"2014-04-21T13:30:00.0000000+00:00","33,82500076293945","34,01499938964844","33,52000045776367","34","32,06144714355469","105800"
"2014-04-22T13:30:00.0000000+00:00","33,974998474121094","34,70500183105469","33,959999084472656","34,599998474121094","32,62723922729492","76000"
"2014-04-23T13:30:00.0000000+00:00","34,60499954223633","34,75","34,47999954223633","34,52000045776367","32,55180358886719","39800"
"2014-04-24T13:30:00.0000000+00:00","34,80500030517578","34,92499923706055","34,29499816894531","34,849998474121094","32,86297607421875","98800"
"2014-04-25T13:30:00.0000000+00:00","34,60499954223633","34,79999923706055","33,779998779296875","33,880001068115234","31,948278427124023","83800"
"2014-04-28T13:30:00.0000000+00:00","34,03499984741211","34,03499984741211","32,814998626708984","33,494998931884766","31,585241317749023","141000"
"2014-04-29T13:30:00.0000000+00:00","33,66999816894531","33,72999954223633","33,31999969482422","33,55500030517578","31,641815185546875","62200"
"2014-04-30T13:30:00.0000000+00:00","33,185001373291016","33,55500030517578","33,09000015258789","33,525001525878906","31,613513946533203","70000"
"2014-05-01T13:30:00.0000000+00:00","33,54499816894531","34,084999084472656","33,34000015258789","33,5","31,589954376220703","133600"
"2014-05-02T13:30:00.0000000+00:00","33,57500076293945","33,79499816894531","33,44499969482422","33,53499984741211","31,622949600219727","21400"
"2014-05-05T13:30:00.0000000+00:00","33,3849983215332","33,70500183105469","33,099998474121094","33,57500076293945","31,660673141479492","113800"
"2014-05-06T13:30:00.0000000+00:00","33,52000045776367","33,755001068115234","33,220001220703125","33,220001220703125","31,3259220123291","58200"
"2014-05-07T13:30:00.0000000+00:00","33,30500030517578","33,375","32,84000015258789","33,23500061035156","31,340059280395508","67600"
"2014-05-08T13:30:00.0000000+00:00","33,185001373291016","33,959999084472656","33,03499984741211","33,21500015258789","31,321197509765625","81600"
"2014-05-09T13:30:00.0000000+00:00","33,209999084472656","33,290000915527344","32,834999084472656","33,25","31,35421371459961","121400"
"2014-05-12T13:30:00.0000000+00:00","33,47999954223633","34,18000030517578","33,47999954223633","34,06999969482422","32,12746810913086","250000"
"2014-05-13T13:30:00.0000000+00:00","34,06999969482422","34,244998931884766","33,724998474121094","33,724998474121094","31,802108764648438","250000"
"2014-05-14T13:30:00.0000000+00:00","33,60499954223633","33,70000076293945","33,185001373291016","33,189998626708984","31,297630310058594","1681600"
"2014-05-15T13:30:00.0000000+00:00","33,095001220703125","33,17499923706055","32,44499969482422","32,82500076293945","30,953449249267578","1037000"
"2014-05-16T13:30:00.0000000+00:00","32,77000045776367","33,06999969482422","32,619998931884766","33,060001373291016","31,175045013427734","122400"
"2014-05-19T13:30:00.0000000+00:00","33,06999969482422","33,77000045776367","33,060001373291016","33,67499923706055","31,754974365234375","568800"
"2014-05-20T13:30:00.0000000+00:00","33,56999969482422","33,56999969482422","33","33,20000076293945","31,30704689025879","121400"
"2014-05-21T13:30:00.0000000+00:00","33,349998474121094","33,505001068115234","33,10499954223633","33,36000061035156","31,457923889160156","294000"
"2014-05-22T13:30:00.0000000+00:00","33,4900016784668","33,8650016784668","33,4900016784668","33,689998626708984","31,769121170043945","489800"
"2014-05-23T13:30:00.0000000+00:00","33,79499816894531","34,20000076293945","33,6150016784668","34,185001373291016","32,235897064208984","635600"
"2014-05-27T13:30:00.0000000+00:00","34,35499954223633","34,790000915527344","34,35499954223633","34,70500183105469","32,726234436035156","270400"
"2014-05-28T13:30:00.0000000+00:00","34,724998474121094","34,95000076293945","34,53499984741211","34,880001068115234","32,891265869140625","183600"
"2014-05-29T13:30:00.0000000+00:00","35","35,19499969482422","34,935001373291016","34,974998474121094","32,98085403442383","859200"
"2014-05-30T13:30:00.0000000+00:00","35,08000183105469","35,08000183105469","34,755001068115234","34,95500183105469","32,96199035644531","121000"
"2014-06-02T13:30:00.0000000+00:00","35,14500045776367","35,14500045776367","34,630001068115234","34,915000915527344","32,92427444458008","164400"
"2014-06-03T13:30:00.0000000+00:00","34,915000915527344","35,17499923706055","34,81999969482422","35,095001220703125","33,09400939941406","24400"
"2014-06-04T13:30:00.0000000+00:00","35,220001220703125","35,61000061035156","35,19499969482422","35,595001220703125","33,565494537353516","51400"
"2014-06-05T13:30:00.0000000+00:00","35,630001068115234","35,96500015258789","35,33000183105469","35,8849983215332","33,83897399902344","75200"
"2014-06-06T13:30:00.0000000+00:00","36","36,244998931884766","36","36,029998779296875","33,97568893432617","39800"
"2014-06-09T13:30:00.0000000+00:00","36,314998626708984","36,7400016784668","36,310001373291016","36,4900016784668","34,409488677978516","231600"
"2014-06-10T13:30:00.0000000+00:00","36,4900016784668","36,880001068115234","36,4900016784668","36,84000015258789","34,739524841308594","72400"
"2014-06-11T13:30:00.0000000+00:00","36,904998779296875","37,525001525878906","36,904998779296875","37,400001525878906","35,267581939697266","138800"
"2014-06-12T13:30:00.0000000+00:00","37,39500045776367","37,595001220703125","37,095001220703125","37,244998931884766","35,12141799926758","278200"
"2014-06-13T13:30:00.0000000+00:00","37,5","37,56999969482422","37,125","37,5099983215332","35,371315002441406","168200"
"2014-06-16T13:30:00.0000000+00:00","37,650001525878906","37,845001220703125","37,435001373291016","37,810001373291016","35,65422058105469","208600"
"2014-06-17T13:30:00.0000000+00:00","37,82500076293945","38,48500061035156","37,7400016784668","38,310001373291016","36,125694274902344","408000"
"2014-06-18T13:30:00.0000000+00:00","38,349998474121094","38,349998474121094","37,75","38,064998626708984","35,89468002319336","301000"
"2014-06-19T13:30:00.0000000+00:00","38,130001068115234","38,165000915527344","37,584999084472656","37,880001068115234","35,72020721435547","333200"
"2014-06-20T13:30:00.0000000+00:00","37,880001068115234","37,970001220703125","37,78499984741211","37,970001220703125","35,842472076416016","78400"
"2014-06-23T13:30:00.0000000+00:00","38,025001525878906","38,025001525878906","37,755001068115234","37,810001373291016","35,69144058227539","46200"
"2014-06-24T13:30:00.0000000+00:00","37,779998779296875","38,03499984741211","37,10499954223633","37,18000030517578","35,09673309326172","931000"
"2014-06-25T13:30:00.0000000+00:00","37,125","37,41999816894531","36,79499816894531","37,36000061035156","35,26664352416992","352600"
"2014-06-26T13:30:00.0000000+00:00","37,459999084472656","37,459999084472656","36,85499954223633","37,1349983215332","35,05425262451172","187400"
"2014-06-27T13:30:00.0000000+00:00","36,970001220703125","37,27000045776367","36,970001220703125","37,255001068115234","35,16754150390625","42800"
"2014-06-30T13:30:00.0000000+00:00","37,275001525878906","37,654998779296875","37,21500015258789","37,55500030517578","35,450706481933594","133600"
"2014-07-01T13:30:00.0000000+00:00","37,68000030517578","38,314998626708984","37,68000030517578","38,084999084472656","35,951026916503906","463200"
"2014-07-02T13:30:00.0000000+00:00","38,13999938964844","38,209999084472656","37,86000061035156","37,94499969482422","35,818843841552734","356200"
"2014-07-03T13:30:00.0000000+00:00","38,18000030517578","38,375","38,18000030517578","38,29499816894531","36,149253845214844","604000"
"2014-07-07T13:30:00.0000000+00:00","38,35499954223633","38,35499954223633","37,724998474121094","37,755001068115234","35,63949966430664","192400"
"2014-07-08T13:30:00.0000000+00:00","37,685001373291016","37,755001068115234","36,935001373291016","37,334999084472656","35,2430534362793","132000"
"2014-07-09T13:30:00.0000000+00:00","37,459999084472656","37,53499984741211","37,165000915527344","37,48500061035156","35,3846435546875","280600"
"2014-07-10T13:30:00.0000000+00:00","36,86000061035156","37,505001068115234","36,564998626708984","37,19499969482422","35,11088562011719","135400"
"2014-07-11T13:30:00.0000000+00:00","37,2599983215332","37,349998474121094","37,18000030517578","37,28499984741211","35,19583511352539","112400"
"2014-07-14T13:30:00.0000000+00:00","37,58000183105469","37,61000061035156","37,310001373291016","37,44499969482422","35,346885681152344","152800"
"2014-07-15T13:30:00.0000000+00:00","37,48500061035156","37,560001373291016","36,849998474121094","37,16999816894531","35,087284088134766","126200"
"2014-07-16T13:30:00.0000000+00:00","37,48500061035156","37,57500076293945","37,244998931884766","37,48500061035156","35,3846435546875","175200"
"2014-07-17T13:30:00.0000000+00:00","37,380001068115234","37,3849983215332","36,66999816894531","36,7400016784668","34,6813850402832","86400"
"2014-07-18T13:30:00.0000000+00:00","36,744998931884766","37,48500061035156","36,744998931884766","37,435001373291016","35,33745193481445","295000"
"2014-07-21T13:30:00.0000000+00:00","37,39500045776367","37,775001525878906","37,310001373291016","37,69499969482422","35,58287811279297","80000"
"2014-07-22T13:30:00.0000000+00:00","37,95000076293945","38,064998626708984","37,72999954223633","37,994998931884766","35,866065979003906","26800"
"2014-07-23T13:30:00.0000000+00:00","37,95000076293945","37,95000076293945","36,4900016784668","36,51499938964844","34,468990325927734","139600"
"2014-07-24T13:30:00.0000000+00:00","36,470001220703125","36,70000076293945","36,345001220703125","36,44499969482422","34,40291213989258","70400"
"2014-07-25T13:30:00.0000000+00:00","36,185001373291016","36,19499969482422","35,26499938964844","35,310001373291016","33,331520080566406","1007600"
"2014-07-28T13:30:00.0000000+00:00","35,334999084472656","35,560001373291016","34,90999984741211","35,47999954223633","33,49197769165039","328600"
"2014-07-29T13:30:00.0000000+00:00","35,61000061035156","35,95500183105469","35,61000061035156","35,64500045776367","33,64775085449219","935000"
"2014-07-30T13:30:00.0000000+00:00","35,935001373291016","36,060001373291016","35,67499923706055","35,96500015258789","33,94981384277344","129600"
"2014-07-31T13:30:00.0000000+00:00","35,78499984741211","35,78499984741211","34,79999923706055","34,869998931884766","32,916160583496094","118400"
"2014-08-01T13:30:00.0000000+00:00","34,845001220703125","35,29499816894531","34,709999084472656","35,13999938964844","33,171051025390625","125400"
"2014-08-04T13:30:00.0000000+00:00","35,275001525878906","35,35499954223633","34,7599983215332","35,244998931884766","33,270145416259766","92800"
"2014-08-05T13:30:00.0000000+00:00","35,1150016784668","35,47999954223633","34,959999084472656","35,185001373291016","33,213504791259766","68000"
"2014-08-06T13:30:00.0000000+00:00","35,04999923706055","35,6150016784668","34,915000915527344","35,38999938964844","33,40701675415039","75600"
"2014-08-07T13:30:00.0000000+00:00","35,4900016784668","35,540000915527344","34,810001373291016","34,904998779296875","32,94919204711914","172800"
"2014-08-08T13:30:00.0000000+00:00","35","35,31999969482422","34,97999954223633","35,29999923706055","33,32206344604492","26600"
"2014-08-11T13:30:00.0000000+00:00","35,67499923706055","35,974998474121094","35,44499969482422","35,790000915527344","33,78461837768555","54200"
"2014-08-12T13:30:00.0000000+00:00","35,810001373291016","35,8849983215332","35,404998779296875","35,6150016784668","33,61940383911133","91600"
"2014-08-13T13:30:00.0000000+00:00","35,810001373291016","36,040000915527344","35,65999984741211","35,959999084472656","33,94508743286133","36600"
"2014-08-14T13:30:00.0000000+00:00","36,14500045776367","36,14500045776367","35,93000030517578","35,97999954223633","33,96397399902344","204000"
"2014-08-15T13:30:00.0000000+00:00","36,26499938964844","36,4900016784668","35,77000045776367","36,1349983215332","34,11027145385742","75400"
"2014-08-18T13:30:00.0000000+00:00","36,33000183105469","36,55500030517578","36,150001525878906","36,55500030517578","34,506744384765625","133800"
"2014-08-19T13:30:00.0000000+00:00","36,744998931884766","37,01499938964844","36,744998931884766","36,970001220703125","34,898494720458984","106800"
"2014-08-20T13:30:00.0000000+00:00","37,0099983215332","37,73500061035156","37,0099983215332","37,69499969482422","35,58287811279297","197000"
"2014-08-21T13:30:00.0000000+00:00","37,689998626708984","37,84000015258789","37,51499938964844","37,79999923706055","35,68199157714844","209600"
"2014-08-22T13:30:00.0000000+00:00","37,70000076293945","38,04999923706055","37,54499816894531","37,88999938964844","35,76695251464844","555000"
"2014-08-25T13:30:00.0000000+00:00","38,08000183105469","38,08000183105469","37,59000015258789","37,70500183105469","35,592308044433594","97400"
"2014-08-26T13:30:00.0000000+00:00","37,67499923706055","37,814998626708984","37,6150016784668","37,779998779296875","35,66311264038086","85000"
"2014-08-27T13:30:00.0000000+00:00","37,81999969482422","37,8650016784668","37,525001525878906","37,68000030517578","35,56870651245117","32200"
"2014-08-28T13:30:00.0000000+00:00","37,5099983215332","37,994998931884766","37,45000076293945","37,935001373291016","35,809425354003906","33400"
"2014-08-29T13:30:00.0000000+00:00","38,33000183105469","38,560001373291016","38,220001220703125","38,560001373291016","36,39939880371094","34000"
"2014-09-02T13:30:00.0000000+00:00","38,83000183105469","38,83000183105469","38,40999984741211","38,61000061035156","36,44660186767578","119400"
"2014-09-03T13:30:00.0000000+00:00","39,025001525878906","39,025001525878906","38,380001068115234","38,44499969482422","36,290855407714844","63200"
"2014-09-04T13:30:00.0000000+00:00","38,5099983215332","38,93000030517578","38,45500183105469","38,529998779296875","36,37108612060547","80800"
"2014-09-05T13:30:00.0000000+00:00","38,60499954223633","38,82500076293945","38,525001525878906","38,790000915527344","36,61650848388672","172800"
"2014-09-08T13:30:00.0000000+00:00","38,79999923706055","39,11000061035156","38,58000183105469","38,779998779296875","36,607078552246094","51200"
"2014-09-09T13:30:00.0000000+00:00","38,88999938964844","38,88999938964844","38,30500030517578","38,345001220703125","36,19645690917969","57200"
"2014-09-10T13:30:00.0000000+00:00","38,34000015258789","38,34000015258789","37,88999938964844","38,255001068115234","36,11149978637695","320800"
"2014-09-11T13:30:00.0000000+00:00","38,334999084472656","38,400001525878906","38","38,400001525878906","36,24837112426758","57200"
"2014-09-12T13:30:00.0000000+00:00","38,3650016784668","38,3650016784668","37,8849983215332","37,9900016784668","35,861331939697266","44000"
"2014-09-15T13:30:00.0000000+00:00","37,974998474121094","37,974998474121094","37,2599983215332","37,28499984741211","35,19583511352539","88800"
"2014-09-16T13:30:00.0000000+00:00","37,15999984741211","37,81999969482422","37,119998931884766","37,78499984741211","35,667823791503906","44800"
"2014-09-17T13:30:00.0000000+00:00","37,82500076293945","38,31999969482422","37,82500076293945","38,084999084472656","35,951026916503906","60000"
"2014-09-18T13:30:00.0000000+00:00","38,380001068115234","38,755001068115234","38,21500015258789","38,755001068115234","36,58348846435547","60200"
"2014-09-19T13:30:00.0000000+00:00","38,92499923706055","38,92499923706055","37,95500183105469","38,029998779296875","35,939903259277344","37800"
"2014-09-22T13:30:00.0000000+00:00","37,915000915527344","37,970001220703125","37,3849983215332","37,400001525878906","35,34453201293945","331400"
"2014-09-23T13:30:00.0000000+00:00","37,2599983215332","37,73500061035156","37,154998779296875","37,29999923706055","35,25002670288086","189800"
"2014-09-24T13:30:00.0000000+00:00","37,369998931884766","37,67499923706055","37,2599983215332","37,61000061035156","35,54298782348633","212600"
"2014-09-25T13:30:00.0000000+00:00","37,5","37,505001068115234","36,82500076293945","36,915000915527344","34,88618850708008","327200"
"2014-09-26T13:30:00.0000000+00:00","37,11000061035156","37,32500076293945","37,025001525878906","37,29999923706055","35,25002670288086","80400"
"2014-09-29T13:30:00.0000000+00:00","36,869998931884766","37,39500045776367","36,75","37,2599983215332","35,21222686767578","89000"
"2014-09-30T13:30:00.0000000+00:00","37,290000915527344","37,290000915527344","36,70500183105469","36,70500183105469","34,6877326965332","143800"
"2014-10-01T13:30:00.0000000+00:00","36,70500183105469","36,70500183105469","35,720001220703125","35,79499816894531","33,827735900878906","333200"
"2014-10-02T13:30:00.0000000+00:00","35,779998779296875","35,98500061035156","34,935001373291016","35,849998474121094","33,87971115112305","521000"
"2014-10-03T13:30:00.0000000+00:00","36,165000915527344","36,26499938964844","35,939998626708984","35,95500183105469","33,97894287109375","277600"
"2014-10-06T13:30:00.0000000+00:00","36,02000045776367","36,02000045776367","35,26499938964844","35,38999938964844","33,44498825073242","174800"
"2014-10-07T13:30:00.0000000+00:00","35,14500045776367","35,29499816894531","34,470001220703125","34,470001220703125","32,57556915283203","474000"
"2014-10-08T13:30:00.0000000+00:00","34,4900016784668","35,35499954223633","34,13999938964844","35,32500076293945","33,38357925415039","204400"
"2014-10-09T13:30:00.0000000+00:00","35,19499969482422","35,19499969482422","34","34","32,13139724731445","224600"
"2014-10-10T13:30:00.0000000+00:00","33,31999969482422","33,31999969482422","31,19499969482422","31,325000762939453","29,60340690612793","326600"
"2014-10-13T13:30:00.0000000+00:00","31,420000076293945","31,809999465942383","30,69499969482422","30,75","29,060009002685547","509000"
"2014-10-14T13:30:00.0000000+00:00","30,940000534057617","31,889999389648438","30,8799991607666","31,100000381469727","29,39076805114746","278800"
"2014-10-15T13:30:00.0000000+00:00","30,55500030517578","31,920000076293945","30,55500030517578","31,65999984741211","29,919994354248047","445600"
"2014-10-16T13:30:00.0000000+00:00","31,375","32,43000030517578","31,1299991607666","32,279998779296875","30,505922317504883","958200"
"2014-10-17T13:30:00.0000000+00:00","33,07500076293945","33,22999954223633","32,380001068115234","32,41999816894531","30,63822364807129","235000"
"2014-10-20T13:30:00.0000000+00:00","32,45500183105469","32,98500061035156","32,45500183105469","32,98500061035156","31,172163009643555","130400"
"2014-10-21T13:30:00.0000000+00:00","33,38999938964844","33,939998626708984","33,334999084472656","33,915000915527344","32,05106735229492","188800"
"2014-10-22T13:30:00.0000000+00:00","33,9900016784668","34,119998931884766","33,22999954223633","33,22999954223633","31,403711318969727","335400"
"2014-10-23T13:30:00.0000000+00:00","33,53499984741211","34,244998931884766","33,53499984741211","33,95500183105469","32,0888671875","111600"
"2014-10-24T13:30:00.0000000+00:00","33,814998626708984","34,17499923706055","33,720001220703125","34,07500076293945","32,20225524902344","245400"
"2014-10-27T13:30:00.0000000+00:00","33,974998474121094","34,119998931884766","33,56999969482422","34,03499984741211","32,164466857910156","63200"
"2014-10-28T13:30:00.0000000+00:00","34,369998931884766","35,02000045776367","34,33000183105469","35,02000045776367","33,095333099365234","105000"
"2014-10-29T13:30:00.0000000+00:00","35","35,165000915527344","34,55500030517578","34,974998474121094","33,05281066894531","197000"
"2014-10-30T13:30:00.0000000+00:00","34,95000076293945","34,95000076293945","33,849998474121094","34,42499923706055","32,53302001953125","147200"
"2014-10-31T13:30:00.0000000+00:00","35,400001525878906","36,29499816894531","35,400001525878906","36,05500030517578","34,07344436645508","569200"
"2014-11-03T14:30:00.0000000+00:00","36,154998779296875","36,51499938964844","36,04999923706055","36,16999816894531","34,182125091552734","163600"
"2014-11-04T14:30:00.0000000+00:00","36,11000061035156","36,35499954223633","35,80500030517578","36,064998626708984","34,08290100097656","80200"
"2014-11-05T14:30:00.0000000+00:00","36,084999084472656","36,54499816894531","35,9900016784668","36,529998779296875","34,5223388671875","308800"
"2014-11-06T14:30:00.0000000+00:00","36,474998474121094","36,71500015258789","36,189998626708984","36,404998779296875","34,404212951660156","175600"
"2014-11-07T14:30:00.0000000+00:00","36,38999938964844","36,38999938964844","35,6349983215332","36,04499816894531","34,06399154663086","74600"
"2014-11-10T14:30:00.0000000+00:00","36,1349983215332","36,415000915527344","36,02000045776367","36,310001373291016","34,314430236816406","97400"
"2014-11-11T14:30:00.0000000+00:00","36,32500076293945","36,34000015258789","36,119998931884766","36,209999084472656","34,219932556152344","39400"
"2014-11-12T14:30:00.0000000+00:00","36,18000030517578","36,275001525878906","36,01499938964844","36,255001068115234","34,262454986572266","19200"
"2014-11-13T14:30:00.0000000+00:00","36,290000915527344","36,404998779296875","35,85499954223633","35,88999938964844","33,91750717163086","228600"
"2014-11-14T14:30:00.0000000+00:00","35,8849983215332","36,21500015258789","35,525001525878906","36,16999816894531","34,182125091552734","261200"
"2014-11-17T14:30:00.0000000+00:00","36,08000183105469","36,125","35,56999969482422","35,81999969482422","33,851375579833984","28800"
"2014-11-18T14:30:00.0000000+00:00","35,8650016784668","36,75","35,8650016784668","36,55500030517578","34,54596710205078","123000"
"2014-11-19T14:30:00.0000000+00:00","36,5","36,5","36,01499938964844","36,185001373291016","34,196311950683594","49200"
"2014-11-20T14:30:00.0000000+00:00","36","36,54999923706055","35,81999969482422","36,53499984741211","34,52705383300781","55000"
"2014-11-21T14:30:00.0000000+00:00","36,994998931884766","37,04499816894531","36,70500183105469","36,8650016784668","34,838924407958984","69800"
"2014-11-24T14:30:00.0000000+00:00","37,095001220703125","37,34000015258789","36,98500061035156","37,34000015258789","35,28782272338867","475600"
"2014-11-25T14:30:00.0000000+00:00","37,48500061035156","37,505001068115234","37,21500015258789","37,2599983215332","35,21222686767578","49800"
"2014-11-26T14:30:00.0000000+00:00","37,275001525878906","38,125","37,275001525878906","38,099998474121094","36,006046295166016","49400"
"2014-11-28T14:30:00.0000000+00:00","38,22999954223633","38,22999954223633","37,744998931884766","37,85499954223633","35,774532318115234","61800"
"2014-12-01T14:30:00.0000000+00:00","37,75","37,915000915527344","37,04999923706055","37,1150016784668","35,0751838684082","810800"
"2014-12-02T14:30:00.0000000+00:00","37,439998626708984","37,93000030517578","37,38999938964844","37,92499923706055","35,840675354003906","206000"
"2014-12-03T14:30:00.0000000+00:00","38,040000915527344","38,92499923706055","38,040000915527344","38,86000061035156","36,72429275512695","72000"
"2014-12-04T14:30:00.0000000+00:00","39,005001068115234","39,119998931884766","38,75","39,04999923706055","36,90385437011719","115400"
"2014-12-05T14:30:00.0000000+00:00","39,23500061035156","39,68000030517578","39,16999816894531","39,65999984741211","37,480323791503906","89400"
"2014-12-08T14:30:00.0000000+00:00","39,630001068115234","39,70500183105469","38,654998779296875","38,95000076293945","36,80934143066406","93000"
"2014-12-09T14:30:00.0000000+00:00","38,415000915527344","39,3650016784668","38,2599983215332","39,3650016784668","37,2015380859375","121800"
"2014-12-10T14:30:00.0000000+00:00","39,334999084472656","39,474998474121094","38,5099983215332","38,56999969482422","36,45022201538086","375200"
"2014-12-11T14:30:00.0000000+00:00","38,78499984741211","39,29999923706055","38,78499984741211","38,915000915527344","36,77627182006836","174600"
"2014-12-12T14:30:00.0000000+00:00","38,529998779296875","39,005001068115234","38,474998474121094","38,474998474121094","36,36045837402344","151800"
"2014-12-15T14:30:00.0000000+00:00","38,790000915527344","39,314998626708984","38,2400016784668","38,439998626708984","36,32737350463867","268000"
"2014-12-16T14:30:00.0000000+00:00","38,17499923706055","39,040000915527344","38,130001068115234","38,2599983215332","36,15726852416992","223400"
"2014-12-17T14:30:00.0000000+00:00","38,345001220703125","39,01499938964844","37,91999816894531","38,96500015258789","36,823516845703125","506000"
"2014-12-18T14:30:00.0000000+00:00","39,5","39,630001068115234","39,255001068115234","39,630001068115234","37,451969146728516","166000"
"2014-12-19T14:30:00.0000000+00:00","39,75","39,75","39,09000015258789","39,540000915527344","37,42121887207031","256200"
"2014-12-22T14:30:00.0000000+00:00","39,70000076293945","40,29499816894531","39,53499984741211","40,29499816894531","38,13576126098633","79800"
"2014-12-23T14:30:00.0000000+00:00","40,564998626708984","40,709999084472656","39,97999954223633","40,06999969482422","37,922821044921875","122400"
"2014-12-24T14:30:00.0000000+00:00","40,14500045776367","40,435001373291016","40,04999923706055","40,30500030517578","38,14522933959961","44200"
"2014-12-26T14:30:00.0000000+00:00","40,650001525878906","40,650001525878906","40,23500061035156","40,380001068115234","38,21620178222656","54600"
"2014-12-29T14:30:00.0000000+00:00","40,36000061035156","40,36000061035156","40,084999084472656","40,19499969482422","38,04111099243164","67800"
"2014-12-30T14:30:00.0000000+00:00","40,19499969482422","40,19499969482422","40","40,064998626708984","37,91806411743164","255400"
"2014-12-31T14:30:00.0000000+00:00","40,05500030517578","40,43000030517578","39,85499954223633","39,8650016784668","37,72880554199219","48000"
"2015-01-02T14:30:00.0000000+00:00","39,9900016784668","40,27000045776367","39,43000030517578","39,900001525878906","37,76190948486328","226400"
"2015-01-05T14:30:00.0000000+00:00","39,6349983215332","39,75","38,98500061035156","39,040000915527344","36,94800567626953","103800"
"2015-01-06T14:30:00.0000000+00:00","39","39,064998626708984","37,80500030517578","38,084999084472656","36,04417419433594","674200"
"2015-01-07T14:30:00.0000000+00:00","38,36000061035156","38,7599983215332","38,19499969482422","38,599998474121094","36,531585693359375","2078800"
"2015-01-08T14:30:00.0000000+00:00","38,94499969482422","39,875","38,94499969482422","39,79499816894531","37,662559509277344","130200"
"2015-01-09T14:30:00.0000000+00:00","40,13999938964844","40,13999938964844","39,474998474121094","39,915000915527344","37,776123046875","73400"
"2015-01-12T14:30:00.0000000+00:00","40,064998626708984","40,064998626708984","39,20000076293945","39,51499938964844","37,39754867553711","124800"
"2015-01-13T14:30:00.0000000+00:00","39,814998626708984","40,45000076293945","39,01499938964844","39,290000915527344","37,18461608886719","83200"
"2015-01-14T14:30:00.0000000+00:00","38,900001525878906","39,525001525878906","38,55500030517578","38,95500183105469","36,8675651550293","221400"
"2015-01-15T14:30:00.0000000+00:00","39,369998931884766","39,369998931884766","38,05500030517578","38,060001373291016","36,0205192565918","508800"
"2015-01-16T14:30:00.0000000+00:00","37,959999084472656","38,70500183105469","37,93000030517578","38,66999816894531","36,59783935546875","865000"
"2015-01-20T14:30:00.0000000+00:00","39,06999969482422","39,06999969482422","38,51499938964844","38,904998779296875","36,82023620605469","70000"
"2015-01-21T14:30:00.0000000+00:00","38,849998474121094","39,599998474121094","38,755001068115234","39,43000030517578","37,31710433959961","50400"
"2015-01-22T14:30:00.0000000+00:00","39,834999084472656","39,849998474121094","38,73500061035156","39,82500076293945","37,69094467163086","155000"
"2015-01-23T14:30:00.0000000+00:00","39,790000915527344","40,209999084472656","39,72999954223633","39,994998931884766","37,85182571411133","54800"
"2015-01-26T14:30:00.0000000+00:00","39,95000076293945","40,44499969482422","39,72999954223633","40,35499954223633","38,19253921508789","127400"
"2015-01-27T14:30:00.0000000+00:00","39,994998931884766","40,375","39,7400016784668","40,084999084472656","37,936988830566406","62800"
"2015-01-28T14:30:00.0000000+00:00","40,560001373291016","40,93000030517578","39,935001373291016","39,96500015258789","37,82343673706055","143400"
"2015-01-29T14:30:00.0000000+00:00","39,96500015258789","40,435001373291016","39,45500183105469","40,40999984741211","38,24459457397461","173400"
"2015-01-30T14:30:00.0000000+00:00","40,32500076293945","40,625","39,689998626708984","39,69499969482422","37,567909240722656","59800"
"2015-02-02T14:30:00.0000000+00:00","39,875","39,8849983215332","38,959999084472656","39,76499938964844","37,6341552734375","82600"
"2015-02-03T14:30:00.0000000+00:00","39,90999984741211","40,70500183105469","39,90999984741211","40,689998626708984","38,509578704833984","51600"
"2015-02-04T14:30:00.0000000+00:00","40,435001373291016","41,08000183105469","40,435001373291016","40,83000183105469","38,642086029052734","63200"
"2015-02-05T14:30:00.0000000+00:00","40,974998474121094","41,150001525878906","40,810001373291016","41,099998474121094","38,897621154785156","233400"
"2015-02-06T14:30:00.0000000+00:00","41,029998779296875","41,560001373291016","40,8650016784668","40,9900016784668","38,793521881103516","81800"
"2015-02-09T14:30:00.0000000+00:00","40,834999084472656","40,8849983215332","40,45000076293945","40,6349983215332","38,457523345947266","40200"
"2015-02-10T14:30:00.0000000+00:00","40,9900016784668","41,56999969482422","40,71500015258789","41,560001373291016","39,33295822143555","53200"
"2015-02-11T14:30:00.0000000+00:00","41,64500045776367","41,900001525878906","41,439998626708984","41,76499938964844","39,52698516845703","101600"
"2015-02-12T14:30:00.0000000+00:00","42,150001525878906","42,38999938964844","42,005001068115234","42,3849983215332","40,11375045776367","103200"
"2015-02-13T14:30:00.0000000+00:00","42,63999938964844","42,82500076293945","42,18000030517578","42,650001525878906","40,36456298828125","197000"
"2015-02-17T14:30:00.0000000+00:00","42,625","42,86000061035156","42,494998931884766","42,7400016784668","40,44972610473633","233800"
"2015-02-18T14:30:00.0000000+00:00","42,79999923706055","42,86000061035156","42,46500015258789","42,595001220703125","40,312503814697266","105800"
"2015-02-19T14:30:00.0000000+00:00","42,54999923706055","42,665000915527344","42,369998931884766","42,58000183105469","40,29829788208008","89200"
"2015-02-20T14:30:00.0000000+00:00","42,619998931884766","42,849998474121094","42,349998474121094","42,78499984741211","40,492332458496094","74800"
"2015-02-23T14:30:00.0000000+00:00","42,73500061035156","42,76499938964844","42,415000915527344","42,630001068115234","40,34564208984375","76400"
"2015-02-24T14:30:00.0000000+00:00","42,95000076293945","43,689998626708984","42,84000015258789","43,65999984741211","41,320430755615234","386600"
"2015-02-25T14:30:00.0000000+00:00","43,60499954223633","43,720001220703125","43,400001525878906","43,494998931884766","41,164283752441406","103200"
"2015-02-26T14:30:00.0000000+00:00","43,630001068115234","44,03499984741211","43,595001220703125","43,98500061035156","41,628021240234375","76600"
"2015-02-27T14:30:00.0000000+00:00","44,04999923706055","44,10499954223633","43,75","43,98500061035156","41,628021240234375","74600"
"2015-03-02T14:30:00.0000000+00:00","44,20000076293945","45,150001525878906","44,20000076293945","45,11000061035156","42,692745208740234","293600"
"2015-03-03T14:30:00.0000000+00:00","45,01499938964844","45,01499938964844","44,380001068115234","44,439998626708984","42,058650970458984","274200"
"2015-03-04T14:30:00.0000000+00:00","44,369998931884766","44,59000015258789","44,0099983215332","44,53499984741211","42,14855194091797","338000"
"2015-03-05T14:30:00.0000000+00:00","44,68000030517578","44,744998931884766","44,30500030517578","44,560001373291016","42,17219924926758","196600"
"2015-03-06T14:30:00.0000000+00:00","44,459999084472656","44,60499954223633","44,099998474121094","44,290000915527344","41,91668701171875","140800"
"2015-03-09T13:30:00.0000000+00:00","44,5","44,54499816894531","44,19499969482422","44,474998474121094","42,091758728027344","76400"
"2015-03-10T13:30:00.0000000+00:00","44,14500045776367","44,255001068115234","43,82500076293945","43,82500076293945","41,476593017578125","90000"
"2015-03-11T13:30:00.0000000+00:00","43,974998474121094","44,275001525878906","43,775001525878906","43,89500045776367","41,542850494384766","179000"
"2015-03-12T13:30:00.0000000+00:00","43,650001525878906","44,150001525878906","43,57500076293945","44,119998931884766","41,755794525146484","109600"
"2015-03-13T13:30:00.0000000+00:00","44,11000061035156","44,22999954223633","43,63999938964844","44,08000183105469","41,71794891357422","86800"
"2015-03-16T13:30:00.0000000+00:00","44,369998931884766","44,71500015258789","44,369998931884766","44,69499969482422","42,299983978271484","217200"
"2015-03-17T13:30:00.0000000+00:00","44,54499816894531","44,68000030517578","44,14500045776367","44,48500061035156","42,101234436035156","78600"
"2015-03-18T13:30:00.0000000+00:00","44,41999816894531","44,939998626708984","43,90999984741211","44,70500183105469","42,30945587158203","2315800"
"2015-03-19T13:30:00.0000000+00:00","44,619998931884766","45,130001068115234","44,6150016784668","45,04999923706055","42,63595199584961","296800"
"2015-03-20T13:30:00.0000000+00:00","45,60499954223633","45,64500045776367","45,10499954223633","45,560001373291016","43,16365432739258","293600"
"2015-03-23T13:30:00.0000000+00:00","45,58000183105469","45,58000183105469","45,345001220703125","45,345001220703125","42,95995330810547","170000"
"2015-03-24T13:30:00.0000000+00:00","45,57500076293945","45,57500076293945","44,98500061035156","45,0099983215332","42,642581939697266","112000"
"2015-03-25T13:30:00.0000000+00:00","45,03499984741211","45,03499984741211","42,89500045776367","42,93000030517578","40,67198944091797","143400"
"2015-03-26T13:30:00.0000000+00:00","42,3849983215332","42,880001068115234","41,82500076293945","42,61000061035156","40,36881637573242","200200"
"2015-03-27T13:30:00.0000000+00:00","42,654998779296875","44","42,470001220703125","43,959999084472656","41,64781188964844","111200"
"2015-03-30T13:30:00.0000000+00:00","44,19499969482422","44,38999938964844","43,8650016784668","44,3650016784668","42,03151321411133","226200"
"2015-03-31T13:30:00.0000000+00:00","44,15999984741211","44,15999984741211","43,064998626708984","43,84000015258789","41,534122467041016","172000"
"2015-04-01T13:30:00.0000000+00:00","43,70000076293945","43,70000076293945","43,005001068115234","43,45000076293945","41,16463851928711","431000"
"2015-04-02T13:30:00.0000000+00:00","43,47999954223633","43,7400016784668","43,32500076293945","43,369998931884766","41,08883285522461","126200"
"2015-04-06T13:30:00.0000000+00:00","43","43,55500030517578","42,7599983215332","43,45500183105469","41,16937255859375","94600"
"2015-04-07T13:30:00.0000000+00:00","43,5099983215332","43,849998474121094","43,400001525878906","43,404998779296875","41,12199783325195","83600"
"2015-04-08T13:30:00.0000000+00:00","43,36000061035156","43,790000915527344","43,36000061035156","43,71500015258789","41,41570281982422","110200"
"2015-04-09T13:30:00.0000000+00:00","43,52000045776367","44,189998626708984","43,5099983215332","44,16999816894531","41,84676742553711","32000"
"2015-04-10T13:30:00.0000000+00:00","44,275001525878906","44,35499954223633","44,125","44,35499954223633","42,02204513549805","151400"
"2015-04-13T13:30:00.0000000+00:00","44,334999084472656","44,560001373291016","44,22999954223633","44,275001525878906","41,946250915527344","47400"
"2015-04-14T13:30:00.0000000+00:00","44,25","44,25","43,53499984741211","43,67499923706055","41,37779998779297","120600"
"2015-04-15T13:30:00.0000000+00:00","43,91999816894531","44,625","43,91999816894531","44,57500076293945","42,230464935302734","73800"
"2015-04-16T13:30:00.0000000+00:00","44,375","44,79999923706055","44,375","44,76499938964844","42,41048049926758","77600"
"2015-04-17T13:30:00.0000000+00:00","44,32500076293945","44,375","43,625","43,904998779296875","41,595703125","58800"
"2015-04-20T13:30:00.0000000+00:00","44,10499954223633","44,380001068115234","44,025001525878906","44,27000045776367","41,94149398803711","108000"
"2015-04-21T13:30:00.0000000+00:00","44,53499984741211","44,564998626708984","44,334999084472656","44,48500061035156","42,14519500732422","54200"
"2015-04-22T13:30:00.0000000+00:00","44,650001525878906","44,650001525878906","44,07500076293945","44,54999923706055","42,206783294677734","40400"
"2015-04-23T13:30:00.0000000+00:00","44,185001373291016","44,185001373291016","43,689998626708984","44,025001525878906","41,70938491821289","79400"
"2015-04-24T13:30:00.0000000+00:00","43,60499954223633","43,96500015258789","42,435001373291016","42,56999969482422","40,3309211730957","299600"
"2015-04-27T13:30:00.0000000+00:00","42,61000061035156","43,290000915527344","42,53499984741211","42,6349983215332","40,39249801635742","138600"
"2015-04-28T13:30:00.0000000+00:00","42,61000061035156","42,834999084472656","42,04999923706055","42,834999084472656","40,581974029541016","98600"
"2015-04-29T13:30:00.0000000+00:00","42,724998474121094","42,994998931884766","42,40999984741211","42,779998779296875","40,529876708984375","119600"
"2015-04-30T13:30:00.0000000+00:00","42,720001220703125","42,869998931884766","42,154998779296875","42,334999084472656","40,10829162597656","220400"
"2015-05-01T13:30:00.0000000+00:00","42,54999923706055","43,29999923706055","42,54999923706055","43,29499816894531","41,017784118652344","159400"
"2015-05-04T13:30:00.0000000+00:00","43,42499923706055","43,529998779296875","43,17499923706055","43,34000015258789","41,0604133605957","82200"
"2015-05-05T13:30:00.0000000+00:00","43,224998474121094","43,224998474121094","42,380001068115234","42,470001220703125","40,23619079589844","82600"
"2015-05-06T13:30:00.0000000+00:00","42,564998626708984","42,7599983215332","42,17499923706055","42,560001373291016","40,32144546508789","63400"
"2015-05-07T13:30:00.0000000+00:00","42,79499816894531","43,189998626708984","42,724998474121094","43,1349983215332","40,866207122802734","37000"
"2015-05-08T13:30:00.0000000+00:00","43,40999984741211","43,66999816894531","43,3650016784668","43,470001220703125","41,18358612060547","239200"
"2015-05-11T13:30:00.0000000+00:00","43,44499969482422","43,75","43,34000015258789","43,560001373291016","41,268856048583984","43800"
"2015-05-12T13:30:00.0000000+00:00","43,255001068115234","43,52000045776367","43,005001068115234","43,404998779296875","41,12199783325195","27800"
"2015-05-13T13:30:00.0000000+00:00","43,55500030517578","43,91999816894531","43,435001373291016","43,505001068115234","41,21675491333008","26200"
"2015-05-14T13:30:00.0000000+00:00","43,77000045776367","44,25","43,744998931884766","44,1349983215332","41,81361389160156","211000"
"2015-05-15T13:30:00.0000000+00:00","44,15999984741211","44,19499969482422","43,89500045776367","44,130001068115234","41,80887222290039","114200"
"2015-05-18T13:30:00.0000000+00:00","44,2599983215332","44,93000030517578","44,16999816894531","44,91999816894531","42,55731201171875","56200"
"2015-05-19T13:30:00.0000000+00:00","44,9900016784668","45,095001220703125","44,46500015258789","44,58000183105469","42,235198974609375","63800"
"2015-05-20T13:30:00.0000000+00:00","44,654998779296875","44,935001373291016","44,474998474121094","44,595001220703125","42,24940872192383","496800"
"2015-05-21T13:30:00.0000000+00:00","44,904998779296875","44,904998779296875","44,474998474121094","44,755001068115234","42,400997161865234","88400"
"2015-05-22T13:30:00.0000000+00:00","44,88999938964844","45,119998931884766","44,86000061035156","45,029998779296875","42,661537170410156","34800"
"2015-05-26T13:30:00.0000000+00:00","45,060001373291016","45,060001373291016","44,20500183105469","44,400001525878906","42,064674377441406","220600"
"2015-05-27T13:30:00.0000000+00:00","44,54499816894531","46,095001220703125","44,470001220703125","46,060001373291016","43,63734436035156","193800"
"2015-05-28T13:30:00.0000000+00:00","46,05500030517578","46,220001220703125","45,724998474121094","45,9900016784668","43,571041107177734","315400"
"2015-05-29T13:30:00.0000000+00:00","46,04999923706055","46,28499984741211","45,790000915527344","46,03499984741211","43,61368179321289","113400"
"2015-06-01T13:30:00.0000000+00:00","46,290000915527344","46,435001373291016","45,814998626708984","46,16999816894531","43,74156188964844","128600"
"2015-06-02T13:30:00.0000000+00:00","46,185001373291016","46,185001373291016","45,720001220703125","45,8650016784668","43,45262145996094","60400"
"2015-06-03T13:30:00.0000000+00:00","46,095001220703125","46,26499938964844","45,8650016784668","45,90999984741211","43,495262145996094","85200"
"2015-06-04T13:30:00.0000000+00:00","46","46","45,630001068115234","45,689998626708984","43,28682327270508","110800"
"2015-06-05T13:30:00.0000000+00:00","45,685001373291016","45,95000076293945","45,224998474121094","45,900001525878906","43,48577117919922","84400"
"2015-06-08T13:30:00.0000000+00:00","45,93000030517578","45,93000030517578","44,80500030517578","45,025001525878906","42,656795501708984","71800"
"2015-06-09T13:30:00.0000000+00:00","45,07500076293945","45,125","44,57500076293945","45,029998779296875","42,661537170410156","53600"
"2015-06-10T13:30:00.0000000+00:00","45,334999084472656","45,83000183105469","45,28499984741211","45,76499938964844","43,35786819458008","381000"
"2015-06-11T13:30:00.0000000+00:00","45,97999954223633","45,97999954223633","45,57500076293945","45,779998779296875","43,3720817565918","52000"
"2015-06-12T13:30:00.0000000+00:00","45,779998779296875","45,779998779296875","45,31999969482422","45,4900016784668","43,09734344482422","51800"
"2015-06-15T13:30:00.0000000+00:00","45,150001525878906","45,689998626708984","44,82500076293945","45,57500076293945","43,17787551879883","56600"
"2015-06-16T13:30:00.0000000+00:00","45,45000076293945","45,80500030517578","45,39500045776367","45,70500183105469","43,301025390625","110000"
"2015-06-17T13:30:00.0000000+00:00","46,084999084472656","46,084999084472656","45,625","45,81999969482422","43,40997314453125","169000"
"2015-06-18T13:30:00.0000000+00:00","45,935001373291016","46,48500061035156","45,935001373291016","46,36000061035156","43,92158508300781","51800"
"2015-06-19T13:30:00.0000000+00:00","46,439998626708984","46,439998626708984","45,875","46,13999938964844","43,77264404296875","52800"
"2015-06-22T13:30:00.0000000+00:00","46,439998626708984","46,439998626708984","45,95500183105469","46,275001525878906","43,900718688964844","59800"
"2015-06-23T13:30:00.0000000+00:00","46,279998779296875","46,380001068115234","45,970001220703125","46,13999938964844","43,77264404296875","47800"
"2015-06-24T13:30:00.0000000+00:00","46,1150016784668","46,119998931884766","45,584999084472656","45,66999816894531","43,32674789428711","62200"
"2015-06-25T13:30:00.0000000+00:00","45,77000045776367","45,77000045776367","45,39500045776367","45,45500183105469","43,122779846191406","52000"
"2015-06-26T13:30:00.0000000+00:00","45,400001525878906","45,400001525878906","44,01499938964844","44,20500183105469","41,93692398071289","66400"
"2015-06-29T13:30:00.0000000+00:00","43,92499923706055","43,94499969482422","42,915000915527344","42,96500015258789","40,76055145263672","110800"
"2015-06-30T13:30:00.0000000+00:00","43,38999938964844","43,38999938964844","42,93000030517578","43,04499816894531","40,83644485473633","65400"
"2015-07-01T13:30:00.0000000+00:00","43,45500183105469","43,68000030517578","42,720001220703125","42,790000915527344","40,59451675415039","183800"
"2015-07-02T13:30:00.0000000+00:00","42,915000915527344","43,099998474121094","42,744998931884766","42,974998474121094","40,7700080871582","92400"
"2015-07-06T13:30:00.0000000+00:00","42,54999923706055","42,814998626708984","41,88999938964844","42,13999938964844","39,97787094116211","315000"
"2015-07-07T13:30:00.0000000+00:00","41,845001220703125","42","40,540000915527344","41,86000061035156","39,712223052978516","290200"
"2015-07-08T13:30:00.0000000+00:00","41,45500183105469","41,45500183105469","40,630001068115234","40,84000015258789","38,744564056396484","164000"
"2015-07-09T13:30:00.0000000+00:00","41,244998931884766","41,505001068115234","40,150001525878906","40,154998779296875","38,09471130371094","288200"
"2015-07-10T13:30:00.0000000+00:00","40,654998779296875","40,95500183105469","40,54499816894531","40,810001373291016","38,71611785888672","332400"
"2015-07-13T13:30:00.0000000+00:00","41,07500076293945","41,279998779296875","40,84000015258789","41,099998474121094","38,99123001098633","277000"
"2015-07-14T13:30:00.0000000+00:00","41,38999938964844","41,709999084472656","41,33000183105469","41,665000915527344","39,527252197265625","187200"
"2015-07-15T13:30:00.0000000+00:00","41,775001525878906","41,775001525878906","41,05500030517578","41,185001373291016","39,07186508178711","125200"
"2015-07-16T13:30:00.0000000+00:00","41,42499923706055","41,42499923706055","40,845001220703125","41,119998931884766","39,01020431518555","89000"
"2015-07-17T13:30:00.0000000+00:00","41,1349983215332","41,13999938964844","40,665000915527344","40,959999084472656","38,85841369628906","104400"
"2015-07-20T13:30:00.0000000+00:00","41,005001068115234","41,02000045776367","40,45000076293945","40,46500015258789","38,38881301879883","224600"
"2015-07-21T13:30:00.0000000+00:00","40,400001525878906","40,84000015258789","40,34000015258789","40,51499938964844","38,436241149902344","225400"
"2015-07-22T13:30:00.0000000+00:00","40,11000061035156","40,11000061035156","39","39,474998474121094","37,44960021972656","268400"
"2015-07-23T13:30:00.0000000+00:00","39,790000915527344","40,810001373291016","39,779998779296875","40,255001068115234","38,189579010009766","117000"
"2015-07-24T13:30:00.0000000+00:00","40,290000915527344","40,349998474121094","39,349998474121094","39,439998626708984","37,41639709472656","131400"
"2015-07-27T13:30:00.0000000+00:00","39,099998474121094","39,34000015258789","38,625","39,005001068115234","37,003726959228516","178400"
"2015-07-28T13:30:00.0000000+00:00","39,22999954223633","40,04999923706055","38,790000915527344","39,790000915527344","37,74843978881836","150400"
"2015-07-29T13:30:00.0000000+00:00","39,63999938964844","40,10499954223633","39,48500061035156","40,03499984741211","37,980865478515625","251600"
"2015-07-30T13:30:00.0000000+00:00","39,869998931884766","40,189998626708984","39,69499969482422","40,10499954223633","38,04727554321289","43600"
"2015-07-31T13:30:00.0000000+00:00","40,17499923706055","40,17499923706055","39,665000915527344","39,720001220703125","37,68202209472656","61400"
"2015-08-03T13:30:00.0000000+00:00","39,869998931884766","39,869998931884766","39,27000045776367","39,55500030517578","37,525508880615234","49800"
"2015-08-04T13:30:00.0000000+00:00","39,55500030517578","39,55500030517578","38,94499969482422","39,19499969482422","37,18397521972656","277400"
"2015-08-05T13:30:00.0000000+00:00","39,48500061035156","40,224998474121094","39,48500061035156","39,85499954223633","37,81010437011719","109000"
"2015-08-06T13:30:00.0000000+00:00","39,94499969482422","39,94499969482422","38,939998626708984","39,345001220703125","37,326271057128906","69600"
"2015-08-07T13:30:00.0000000+00:00","39,334999084472656","39,650001525878906","39,13999938964844","39,650001525878906","37,61561965942383","76600"
"2015-08-10T13:30:00.0000000+00:00","39,90999984741211","40,595001220703125","39,75","40,44499969482422","38,36983871459961","61000"
"2015-08-11T13:30:00.0000000+00:00","40,04499816894531","40,150001525878906","39,25","39,380001068115234","37,3594856262207","46000"
"2015-08-12T13:30:00.0000000+00:00","39,06999969482422","39,900001525878906","38,625","39,685001373291016","37,64883041381836","106200"
"2015-08-13T13:30:00.0000000+00:00","39,70000076293945","39,85499954223633","39,29999923706055","39,31999969482422","37,302555084228516","38600"
"2015-08-14T13:30:00.0000000+00:00","39,255001068115234","39,32500076293945","38,93000030517578","39,26499938964844","37,25038146972656","63200"
"2015-08-17T13:30:00.0000000+00:00","39,11000061035156","39,7599983215332","38,9900016784668","39,7400016784668","37,70101547241211","73200"
"2015-08-18T13:30:00.0000000+00:00","39,67499923706055","39,67499923706055","38,72999954223633","38,790000915527344","36,799747467041016","483400"
"2015-08-19T13:30:00.0000000+00:00","38,810001373291016","38,915000915527344","38,21500015258789","38,45000076293945","36,47718048095703","324400"
"2015-08-20T13:30:00.0000000+00:00","37,790000915527344","38,05500030517578","36,974998474121094","36,97999954223633","35,08261489868164","304000"
"2015-08-21T13:30:00.0000000+00:00","36,654998779296875","37,17499923706055","36,39500045776367","36,415000915527344","34,54661178588867","632000"
"2015-08-24T13:30:00.0000000+00:00","33,290000915527344","37,1349983215332","33,279998779296875","35,67499923706055","33,84457015991211","611400"
"2015-08-25T13:30:00.0000000+00:00","36,02000045776367","36,72999954223633","35,494998931884766","35,494998931884766","33,673824310302734","262200"
"2015-08-26T13:30:00.0000000+00:00","36,209999084472656","37","35,70000076293945","36,93000030517578","35,035186767578125","450600"
"2015-08-27T13:30:00.0000000+00:00","37,45000076293945","38,29999923706055","37,369998931884766","38,29999923706055","36,334877014160156","398400"
"2015-08-28T13:30:00.0000000+00:00","38,28499984741211","38,724998474121094","38,17499923706055","38,619998931884766","36,63847351074219","335000"
"2015-08-31T13:30:00.0000000+00:00","38,470001220703125","38,82500076293945","38,11000061035156","38,36000061035156","36,39179992675781","422000"
"2015-09-01T13:30:00.0000000+00:00","37,904998779296875","38,025001525878906","36,96500015258789","37,099998474121094","35,19646072387695","134200"
"2015-09-02T13:30:00.0000000+00:00","37,404998779296875","37,88999938964844","37,224998474121094","37,88999938964844","35,94591522216797","104000"
"2015-09-03T13:30:00.0000000+00:00","37,98500061035156","38,7599983215332","37,98500061035156","38,40999984741211","36,43924331665039","56200"
"2015-09-04T13:30:00.0000000+00:00","37,724998474121094","38,16999816894531","37,65999984741211","37,84000015258789","35,89849090576172","128800"
"2015-09-08T13:30:00.0000000+00:00","38,60499954223633","39,57500076293945","38,60499954223633","39,560001373291016","37,530242919921875","398000"
"2015-09-09T13:30:00.0000000+00:00","39,78499984741211","40,18000030517578","38,880001068115234","38,935001373291016","36,93729782104492","371800"
"2015-09-10T13:30:00.0000000+00:00","38,8650016784668","39,30500030517578","38,47999954223633","38,845001220703125","36,851924896240234","85600"
"2015-09-11T13:30:00.0000000+00:00","38,45000076293945","38,97999954223633","38,290000915527344","38,97999954223633","36,98000717163086","18800"
"2015-09-14T13:30:00.0000000+00:00","38,88999938964844","38,97999954223633","38,689998626708984","38,810001373291016","36,818721771240234","119100"
"2015-09-15T13:30:00.0000000+00:00","38,959999084472656","39,31999969482422","38,959999084472656","39,150001525878906","37,14128875732422","162900"
"2015-09-16T13:30:00.0000000+00:00","39,16999816894531","39,209999084472656","38,869998931884766","39,18000030517578","37,169742584228516","220900"
"2015-09-17T13:30:00.0000000+00:00","39,09000015258789","39,439998626708984","38,83000183105469","38,86000061035156","36,86615753173828","41500"
"2015-09-18T13:30:00.0000000+00:00","38,349998474121094","38,68000030517578","38,0099983215332","38,16999816894531","36,274105072021484","19100"
"2015-09-21T13:30:00.0000000+00:00","38,5","38,7400016784668","38,099998474121094","38,15999984741211","36,26460647583008","29000"
"2015-09-22T13:30:00.0000000+00:00","37,7599983215332","37,7599983215332","37,11000061035156","37,2400016784668","35,390289306640625","122600"
"2015-09-23T13:30:00.0000000+00:00","37,400001525878906","37,4900016784668","36,90999984741211","37,02000045776367","35,18122863769531","174400"
"2015-09-24T13:30:00.0000000+00:00","36,7599983215332","37,099998474121094","36,16999816894531","36,95000076293945","35,11469268798828","174000"
"2015-09-25T13:30:00.0000000+00:00","37,40999984741211","37,779998779296875","36,79999923706055","37,119998931884766","35,276248931884766","92900"
"2015-09-28T13:30:00.0000000+00:00","37,029998779296875","37,08000183105469","36,06999969482422","36,08000183105469","34,28791427612305","185800"
"2015-09-29T13:30:00.0000000+00:00","36,150001525878906","36,63999938964844","35,93000030517578","36,34000015258789","34,534996032714844","125800"
"2015-09-30T13:30:00.0000000+00:00","36,720001220703125","37,779998779296875","36,720001220703125","37,709999084472656","35,83694839477539","99000"
"2015-10-01T13:30:00.0000000+00:00","37,720001220703125","37,720001220703125","36,5099983215332","37,25","35,39980697631836","79500"
"2015-10-02T13:30:00.0000000+00:00","36,849998474121094","38,16999816894531","36,75","38,16999816894531","36,274105072021484","96700"
"2015-10-05T13:30:00.0000000+00:00","38,439998626708984","39,040000915527344","38,369998931884766","38,869998931884766","36,939334869384766","66400"
"2015-10-06T13:30:00.0000000+00:00","39,290000915527344","39,70000076293945","39,04999923706055","39,599998474121094","37,63307571411133","135800"
"2015-10-07T13:30:00.0000000+00:00","39,810001373291016","40,36000061035156","39,56999969482422","40,349998474121094","38,34581756591797","102900"
"2015-10-08T13:30:00.0000000+00:00","40","40,61000061035156","39,95000076293945","40,58000183105469","38,56439971923828","83000"
"2015-10-09T13:30:00.0000000+00:00","40,650001525878906","40,650001525878906","40,2400016784668","40,349998474121094","38,34581756591797","73800"
"2015-10-12T13:30:00.0000000+00:00","40,45000076293945","40,45000076293945","40,189998626708984","40,27000045776367","38,269805908203125","104800"
"2015-10-13T13:30:00.0000000+00:00","40,040000915527344","40,4900016784668","40,040000915527344","40,08000183105469","38,089237213134766","324200"
"2015-10-14T13:30:00.0000000+00:00","40,130001068115234","41,810001373291016","40,130001068115234","41,5","39,43869400024414","341800"
"2015-10-15T13:30:00.0000000+00:00","41,68000030517578","42,20000076293945","41,599998474121094","42,0099983215332","39,92335891723633","148300"
"2015-10-16T13:30:00.0000000+00:00","42,09000015258789","42,09000015258789","41,70000076293945","41,900001525878906","39,8188362121582","68700"
"2015-10-19T13:30:00.0000000+00:00","42,0099983215332","42,40999984741211","41,790000915527344","42,15999984741211","40,0659065246582","124900"
"2015-10-20T13:30:00.0000000+00:00","42,09000015258789","42,09000015258789","41,599998474121094","41,779998779296875","39,704795837402344","133000"
"2015-10-21T13:30:00.0000000+00:00","42,0099983215332","42,18000030517578","41,4900016784668","41,540000915527344","39,4766960144043","194500"
"2015-10-22T13:30:00.0000000+00:00","41,869998931884766","42,68000030517578","41,869998931884766","42,619998931884766","40,50307083129883","311000"
"2015-10-23T13:30:00.0000000+00:00","43","43,31999969482422","42,4900016784668","43,220001220703125","41,073265075683594","135300"
"2015-10-26T13:30:00.0000000+00:00","43,20000076293945","43,20000076293945","42,06999969482422","42,150001525878906","40,05641555786133","145900"
"2015-10-27T13:30:00.0000000+00:00","41,849998474121094","42,29999923706055","41,81999969482422","41,970001220703125","39,88535690307617","353200"
"2015-10-28T13:30:00.0000000+00:00","42,29999923706055","42,95000076293945","42,20000076293945","42,95000076293945","40,816680908203125","54100"
"2015-10-29T13:30:00.0000000+00:00","42,599998474121094","42,599998474121094","41,7599983215332","41,95000076293945","39,8663444519043","52900"
"2015-10-30T13:30:00.0000000+00:00","42,43000030517578","42,599998474121094","42,310001373291016","42,4900016784668","40,3795280456543","40000"
"2015-11-02T14:30:00.0000000+00:00","42,61000061035156","43,0099983215332","42,54999923706055","42,970001220703125","40,83567810058594","84800"
"2015-11-03T14:30:00.0000000+00:00","42,790000915527344","43,380001068115234","42,790000915527344","43,18000030517578","41,035255432128906","193300"
"2015-11-04T14:30:00.0000000+00:00","43,47999954223633","43,56999969482422","43,13999938964844","43,54999923706055","41,38685989379883","139800"
"2015-11-05T14:30:00.0000000+00:00","43,779998779296875","43,779998779296875","43,16999816894531","43,279998779296875","41,13027572631836","342000"
"2015-11-06T14:30:00.0000000+00:00","43,529998779296875","44,47999954223633","43,470001220703125","44,45000076293945","42,2421760559082","158500"
"2015-11-09T14:30:00.0000000+00:00","44,279998779296875","44,279998779296875","43,790000915527344","43,939998626708984","41,75750732421875","79500"
"2015-11-10T14:30:00.0000000+00:00","43,459999084472656","43,459999084472656","42,93000030517578","43,060001373291016","40,921207427978516","561800"
"2015-11-11T14:30:00.0000000+00:00","43,09000015258789","43,470001220703125","43,040000915527344","43,09000015258789","40,94974136352539","799800"
"2015-11-12T14:30:00.0000000+00:00","42,900001525878906","43,06999969482422","42,400001525878906","42,43000030517578","40,322505950927734","171900"
"2015-11-13T14:30:00.0000000+00:00","42,65999984741211","42,65999984741211","41,81999969482422","42","39,91387176513672","42500"
"2015-11-16T14:30:00.0000000+00:00","41,939998626708984","42,33000183105469","41,849998474121094","42,31999969482422","40,21796798706055","74900"
"2015-11-17T14:30:00.0000000+00:00","42,459999084472656","43","42,34000015258789","42,540000915527344","40,42705535888672","68900"
"2015-11-18T14:30:00.0000000+00:00","42,849998474121094","43,66999816894531","42,709999084472656","43,61000061035156","41,44388961791992","52700"
"2015-11-19T14:30:00.0000000+00:00","43,720001220703125","43,86000061035156","43,369998931884766","43,56999969482422","41,4058837890625","70600"
"2015-11-20T14:30:00.0000000+00:00","43,77000045776367","44,02000045776367","43,72999954223633","43,88999938964844","41,70998764038086","414800"
"2015-11-23T14:30:00.0000000+00:00","43,81999969482422","43,81999969482422","43,349998474121094","43,41999816894531","41,263336181640625","77500"
"2015-11-24T14:30:00.0000000+00:00","43,220001220703125","44,11000061035156","43,220001220703125","43,959999084472656","41,77650833129883","31800"
"2015-11-25T14:30:00.0000000+00:00","43,93000030517578","44,439998626708984","43,93000030517578","44,310001373291016","42,10912322998047","53900"
"2015-11-27T14:30:00.0000000+00:00","44,380001068115234","44,58000183105469","44,36000061035156","44,54999923706055","42,33720779418945","13400"
"2015-11-30T14:30:00.0000000+00:00","44,63999938964844","45,189998626708984","44,63999938964844","45,18000030517578","42,9359130859375","95100"
"2015-12-01T14:30:00.0000000+00:00","45,29999923706055","45,56999969482422","45,20000076293945","45,529998779296875","43,268531799316406","196200"
"2015-12-02T14:30:00.0000000+00:00","45,619998931884766","45,619998931884766","45,08000183105469","45,15999984741211","42,91689682006836","197800"
"2015-12-03T14:30:00.0000000+00:00","45,66999816894531","45,709999084472656","44,66999816894531","44,84000015258789","42,61280059814453","126800"
"2015-12-04T14:30:00.0000000+00:00","44,810001373291016","45,4900016784668","44,65999984741211","45,45000076293945","43,1925163269043","138800"
"2015-12-07T14:30:00.0000000+00:00","45,36000061035156","45,36000061035156","44,77000045776367","44,88999938964844","42,660308837890625","97800"
"2015-12-08T14:30:00.0000000+00:00","44,880001068115234","44,880001068115234","44,08000183105469","44,4900016784668","42,28019332885742","70300"
"2015-12-09T14:30:00.0000000+00:00","44,47999954223633","44,560001373291016","43,66999816894531","43,81999969482422","41,643463134765625","149000"
"2015-12-10T14:30:00.0000000+00:00","43,709999084472656","44,27000045776367","43,540000915527344","44,04999923706055","41,86204528808594","185600"
"2015-12-11T14:30:00.0000000+00:00","43,56999969482422","43,779998779296875","43,099998474121094","43,18000030517578","41,035255432128906","350500"
"2015-12-14T14:30:00.0000000+00:00","43,130001068115234","43,31999969482422","42,439998626708984","42,91999816894531","40,78817367553711","137600"
"2015-12-15T14:30:00.0000000+00:00","43,09000015258789","43,5","43,0099983215332","43,27000045776367","41,120784759521484","60200"
"2015-12-16T14:30:00.0000000+00:00","43,619998931884766","43,91999816894531","43,099998474121094","43,83000183105469","41,652976989746094","368100"
"2015-12-17T14:30:00.0000000+00:00","44,060001373291016","44,22999954223633","43,5099983215332","43,5099983215332","41,3488655090332","243300"
"2015-12-18T14:30:00.0000000+00:00","43,2400016784668","43,400001525878906","42,970001220703125","42,970001220703125","40,90617752075195","123900"
"2015-12-21T14:30:00.0000000+00:00","43,279998779296875","43,7400016784668","43,279998779296875","43,7400016784668","41,63920974731445","157400"
"2015-12-22T14:30:00.0000000+00:00","43,83000183105469","43,95000076293945","43,310001373291016","43,91999816894531","41,81056213378906","74700"
"2015-12-23T14:30:00.0000000+00:00","44","44,2599983215332","43,900001525878906","44,189998626708984","42,06760787963867","31800"
"2015-12-24T14:30:00.0000000+00:00","44,130001068115234","44,68000030517578","44,130001068115234","44,5099983215332","42,372230529785156","15600"
"2015-12-28T14:30:00.0000000+00:00","44,33000183105469","44,349998474121094","43,849998474121094","44,349998474121094","42,21992492675781","208400"
"2015-12-29T14:30:00.0000000+00:00","44,61000061035156","45,06999969482422","44,47999954223633","44,90999984741211","42,75304412841797","66400"
"2015-12-30T14:30:00.0000000+00:00","44,81999969482422","44,9900016784668","44,41999816894531","44,45000076293945","42,31511688232422","72100"
"2015-12-31T14:30:00.0000000+00:00","44,2599983215332","44,43000030517578","43,68000030517578","43,68000030517578","41,582088470458984","61300"
"2016-01-04T14:30:00.0000000+00:00","42,810001373291016","43,11000061035156","42,560001373291016","43,11000061035156","41,03947830200195","253200"
"2016-01-05T14:30:00.0000000+00:00","43,279998779296875","43,380001068115234","42,61000061035156","42,689998626708984","40,639644622802734","245300"
"2016-01-06T14:30:00.0000000+00:00","42,0099983215332","42,310001373291016","41,33000183105469","41,58000183105469","39,58295440673828","299000"
"2016-01-07T14:30:00.0000000+00:00","40,720001220703125","41,06999969482422","40,060001373291016","40,220001220703125","38,28826904296875","194300"
"2016-01-08T14:30:00.0000000+00:00","40,58000183105469","40,880001068115234","39,52000045776367","39,560001373291016","37,65998840332031","235300"
"2016-01-11T14:30:00.0000000+00:00","39,79999923706055","40,029998779296875","39,2400016784668","39,79999923706055","37,888458251953125","181300"
"2016-01-12T14:30:00.0000000+00:00","40,04999923706055","40,470001220703125","39,5","40,11000061035156","38,183563232421875","258500"
"2016-01-13T14:30:00.0000000+00:00","40,15999984741211","40,540000915527344","38,81999969482422","38,939998626708984","37,06975555419922","84600"
"2016-01-14T14:30:00.0000000+00:00","39,099998474121094","39,630001068115234","38,310001373291016","39,36000061035156","37,4695930480957","196900"
"2016-01-15T14:30:00.0000000+00:00","37,970001220703125","38,33000183105469","37,31999969482422","38,06999969482422","36,241539001464844","185800"
"2016-01-19T14:30:00.0000000+00:00","38,529998779296875","38,779998779296875","37,439998626708984","37,75","35,93690872192383","296400"
"2016-01-20T14:30:00.0000000+00:00","37,2599983215332","38,900001525878906","36,86000061035156","38,5","36,6508903503418","222200"
"2016-01-21T14:30:00.0000000+00:00","38,939998626708984","39,81999969482422","38,5099983215332","39,36000061035156","37,4695930480957","415400"
"2016-01-22T14:30:00.0000000+00:00","39,970001220703125","40,290000915527344","39,81999969482422","40,20000076293945","38,269256591796875","202400"
"2016-01-25T14:30:00.0000000+00:00","40,11000061035156","40,13999938964844","39,540000915527344","39,58000183105469","37,67902374267578","38600"
"2016-01-26T14:30:00.0000000+00:00","39,849998474121094","40,2400016784668","39,70000076293945","40,06999969482422","38,1454963684082","60200"
"2016-01-27T14:30:00.0000000+00:00","39,86000061035156","40,11000061035156","39,279998779296875","39,43000030517578","37,53622055053711","29100"
"2016-01-28T14:30:00.0000000+00:00","39,81999969482422","40,220001220703125","39,47999954223633","39,689998626708984","37,78374099731445","52700"
"2016-01-29T14:30:00.0000000+00:00","40,0099983215332","41,41999816894531","40,0099983215332","41,41999816894531","39,43063735961914","367800"
"2016-02-01T14:30:00.0000000+00:00","41,040000915527344","41,650001525878906","40,849998474121094","41,459999084472656","39,46872329711914","95900"
"2016-02-02T14:30:00.0000000+00:00","40,709999084472656","40,709999084472656","39,40999984741211","39,54999923706055","37,650455474853516","256900"
"2016-02-03T14:30:00.0000000+00:00","39,900001525878906","39,9900016784668","38,650001525878906","39,470001220703125","37,57428741455078","371700"
"2016-02-04T14:30:00.0000000+00:00","39,470001220703125","40,380001068115234","39,43000030517578","40,13999938964844","38,212127685546875","117300"
"2016-02-05T14:30:00.0000000+00:00","39,9900016784668","39,9900016784668","38,72999954223633","38,849998474121094","36,984073638916016","160700"
"2016-02-08T14:30:00.0000000+00:00","38,29999923706055","38,31999969482422","37,25","37,869998931884766","36,051151275634766","193000"
"2016-02-09T14:30:00.0000000+00:00","37,470001220703125","38,45000076293945","37,349998474121094","37,650001525878906","35,84171676635742","244900"
"2016-02-10T14:30:00.0000000+00:00","37,790000915527344","38,400001525878906","37,400001525878906","37,43000030517578","35,63228225708008","137300"
"2016-02-11T14:30:00.0000000+00:00","36,7599983215332","37,27000045776367","36,529998779296875","37","35,22294998168945","143000"
"2016-02-12T14:30:00.0000000+00:00","37,459999084472656","37,7599983215332","36,86000061035156","37,720001220703125","35,90834045410156","122300"
"2016-02-16T14:30:00.0000000+00:00","38,2400016784668","39,33000183105469","37,91999816894531","39,2400016784668","37,35533905029297","47500"
"2016-02-17T14:30:00.0000000+00:00","39,720001220703125","40,27000045776367","39,720001220703125","40,0099983215332","38,08835220336914","84300"
"2016-02-18T14:30:00.0000000+00:00","40,34000015258789","40,400001525878906","39,689998626708984","39,689998626708984","37,78374099731445","47300"
"2016-02-19T14:30:00.0000000+00:00","39,59000015258789","39,84000015258789","39,33000183105469","39,810001373291016","37,897972106933594","100200"
"2016-02-22T14:30:00.0000000+00:00","40,31999969482422","40,630001068115234","40,31999969482422","40,540000915527344","38,59291458129883","489900"
"2016-02-23T14:30:00.0000000+00:00","40,27000045776367","40,43000030517578","39,88999938964844","39,939998626708984","38,0217170715332","32000"
"2016-02-24T14:30:00.0000000+00:00","39,5","40,869998931884766","39,349998474121094","40,77000045776367","38,81187438964844","191600"
"2016-02-25T14:30:00.0000000+00:00","40,81999969482422","41,06999969482422","40,290000915527344","41,06999969482422","39,097450256347656","82200"
"2016-02-26T14:30:00.0000000+00:00","41,290000915527344","41,43000030517578","41,09000015258789","41,29999923706055","39,31641387939453","134800"
"2016-02-29T14:30:00.0000000+00:00","41,34000015258789","42,099998474121094","41,34000015258789","41,59000015258789","39,592491149902344","65800"
"2016-03-01T14:30:00.0000000+00:00","41,869998931884766","42,439998626708984","41,54999923706055","42,439998626708984","40,40166091918945","273900"
"2016-03-02T14:30:00.0000000+00:00","42,5","42,810001373291016","42,470001220703125","42,779998779296875","40,72532272338867","35000"
"2016-03-03T14:30:00.0000000+00:00","42,93000030517578","43,15999984741211","42,689998626708984","43,13999938964844","41,068050384521484","60800"
"2016-03-04T14:30:00.0000000+00:00","43,209999084472656","43,900001525878906","42,79999923706055","43,349998474121094","41,2679557800293","315800"
"2016-03-07T14:30:00.0000000+00:00","43,06999969482422","43,470001220703125","42,869998931884766","43,29999923706055","41,22035217285156","265300"
"2016-03-08T14:30:00.0000000+00:00","43,0099983215332","43,0099983215332","41,939998626708984","41,97999954223633","39,96375274658203","67800"
"2016-03-09T14:30:00.0000000+00:00","42,220001220703125","42,5","42,04999923706055","42,43000030517578","40,39213562011719","35800"
"2016-03-10T14:30:00.0000000+00:00","42,65999984741211","42,88999938964844","41,970001220703125","42,38999938964844","40,35404586791992","17800"
"2016-03-11T14:30:00.0000000+00:00","42,849998474121094","43,529998779296875","42,810001373291016","43,529998779296875","41,439292907714844","38800"
"2016-03-14T13:30:00.0000000+00:00","43,29999923706055","43,58000183105469","43,16999816894531","43,290000915527344","41,21083450317383","36300"
"2016-03-15T13:30:00.0000000+00:00","43,150001525878906","43,150001525878906","42,709999084472656","43,040000915527344","40,972843170166016","40800"
"2016-03-16T13:30:00.0000000+00:00","42,900001525878906","43,720001220703125","42,86000061035156","43,70000076293945","41,60115051269531","121900"
"2016-03-17T13:30:00.0000000+00:00","43,650001525878906","44,099998474121094","43,439998626708984","44,0099983215332","41,89624786376953","195500"
"2016-03-18T13:30:00.0000000+00:00","44,13999938964844","44,599998474121094","44,08000183105469","44,54999923706055","42,46048355102539","39200"
"2016-03-21T13:30:00.0000000+00:00","44,63999938964844","44,63999938964844","44,060001373291016","44,439998626708984","42,35564422607422","23800"
"2016-03-22T13:30:00.0000000+00:00","44,22999954223633","44,58000183105469","44,119998931884766","44,470001220703125","42,38424301147461","17500"
"2016-03-23T13:30:00.0000000+00:00","44,459999084472656","44,459999084472656","43,709999084472656","43,720001220703125","41,669410705566406","12800"
"2016-03-24T13:30:00.0000000+00:00","43,4900016784668","43,75","42,9900016784668","43,75","41,698001861572266","43800"
"2016-03-28T13:30:00.0000000+00:00","43,86000061035156","43,88999938964844","43,459999084472656","43,689998626708984","41,64081573486328","21400"
"2016-03-29T13:30:00.0000000+00:00","43,5","44,529998779296875","43,290000915527344","44,4900016784668","42,403297424316406","36000"
"2016-03-30T13:30:00.0000000+00:00","44,709999084472656","45,11000061035156","44,61000061035156","44,7599983215332","42,66062927246094","136900"
"2016-03-31T13:30:00.0000000+00:00","44,599998474121094","44,75","44,5","44,540000915527344","42,450958251953125","11800"
"2016-04-01T13:30:00.0000000+00:00","44,130001068115234","44,88999938964844","43,970001220703125","44,880001068115234","42,77501678466797","26300"
"2016-04-04T13:30:00.0000000+00:00","44,84000015258789","44,84000015258789","44,25","44,279998779296875","42,20314025878906","46100"
"2016-04-05T13:30:00.0000000+00:00","44,119998931884766","44,41999816894531","43,970001220703125","43,970001220703125","41,90768051147461","54800"
"2016-04-06T13:30:00.0000000+00:00","43,79999923706055","44,2599983215332","43,29999923706055","44,2400016784668","42,1650276184082","200000"
"2016-04-07T13:30:00.0000000+00:00","43,959999084472656","43,959999084472656","43,34000015258789","43,459999084472656","41,421607971191406","50000"
"2016-04-08T13:30:00.0000000+00:00","43,869998931884766","44,060001373291016","43,349998474121094","43,47999954223633","41,44066619873047","163700"
"2016-04-11T13:30:00.0000000+00:00","43,720001220703125","43,970001220703125","43,33000183105469","43,33000183105469","41,297706604003906","26000"
"2016-04-12T13:30:00.0000000+00:00","43,40999984741211","43,540000915527344","42,65999984741211","43,290000915527344","41,25958251953125","102700"
"2016-04-13T13:30:00.0000000+00:00","43,529998779296875","44,630001068115234","43,529998779296875","44,619998931884766","42,527191162109375","29100"
"2016-04-14T13:30:00.0000000+00:00","44,33000183105469","44,380001068115234","43,880001068115234","44,130001068115234","42,0601692199707","168600"
"2016-04-15T13:30:00.0000000+00:00","44,16999816894531","44,16999816894531","43,689998626708984","43,689998626708984","41,64081573486328","36900"
"2016-04-18T13:30:00.0000000+00:00","43,52000045776367","43,810001373291016","43,5","43,720001220703125","41,669410705566406","33400"
"2016-04-19T13:30:00.0000000+00:00","43,790000915527344","43,79999923706055","42,79999923706055","42,86000061035156","40,849735260009766","119000"
"2016-04-20T13:30:00.0000000+00:00","42,86000061035156","43,65999984741211","42,849998474121094","43,470001220703125","41,4311408996582","94400"
"2016-04-21T13:30:00.0000000+00:00","43,470001220703125","43,470001220703125","43,04999923706055","43,13999938964844","41,11663055419922","40100"
"2016-04-22T13:30:00.0000000+00:00","43,380001068115234","44,209999084472656","43,380001068115234","44,08000183105469","42,012535095214844","19400"
"2016-04-25T13:30:00.0000000+00:00","43,93000030517578","44,09000015258789","43,369998931884766","43,38999938964844","41,35488510131836","67500"
"2016-04-26T13:30:00.0000000+00:00","43,599998474121094","44,369998931884766","43,599998474121094","44,279998779296875","42,20314025878906","17900"
"2016-04-27T13:30:00.0000000+00:00","43,83000183105469","44,97999954223633","43,83000183105469","44,90999984741211","42,80361557006836","150900"
"2016-04-28T13:30:00.0000000+00:00","44,529998779296875","44,880001068115234","43,47999954223633","43,54999923706055","41,50736999511719","23900"
"2016-04-29T13:30:00.0000000+00:00","43,34000015258789","43,34000015258789","42,06999969482422","42,36000061035156","40,373199462890625","44900"
"2016-05-02T13:30:00.0000000+00:00","42,45000076293945","42,779998779296875","42,29999923706055","42,779998779296875","40,77349853515625","157600"
"2016-05-03T13:30:00.0000000+00:00","42,54999923706055","42,68000030517578","42,130001068115234","42,2400016784668","40,258827209472656","38900"
"2016-05-04T13:30:00.0000000+00:00","42","42,369998931884766","41,45000076293945","41,59000015258789","39,63932418823242","34700"
"2016-05-05T13:30:00.0000000+00:00","41,83000183105469","41,9900016784668","41,470001220703125","41,470001220703125","39,52494430541992","24000"
"2016-05-06T13:30:00.0000000+00:00","41,2599983215332","41,58000183105469","40,91999816894531","41,58000183105469","39,6297721862793","177500"
"2016-05-09T13:30:00.0000000+00:00","41,58000183105469","41,779998779296875","41,22999954223633","41,40999984741211","39,4677619934082","104200"
"2016-05-10T13:30:00.0000000+00:00","41,61000061035156","42,06999969482422","41,61000061035156","42,060001373291016","40,0872688293457","18400"
"2016-05-11T13:30:00.0000000+00:00","42,130001068115234","42,33000183105469","41,97999954223633","41,97999954223633","40,01103210449219","41900"
"2016-05-12T13:30:00.0000000+00:00","42,11000061035156","42,16999816894531","40,599998474121094","40,91999816894531","39,00074005126953","257300"
"2016-05-13T13:30:00.0000000+00:00","41,04999923706055","41,599998474121094","41,04999923706055","41,220001220703125","39,286685943603516","24200"
"2016-05-16T13:30:00.0000000+00:00","41,29999923706055","42,310001373291016","41,29999923706055","41,97999954223633","40,01103210449219","40300"
"2016-05-17T13:30:00.0000000+00:00","41,810001373291016","42,189998626708984","41,43000030517578","41,5099983215332","39,56305694580078","19300"
"2016-05-18T13:30:00.0000000+00:00","41,290000915527344","42,619998931884766","41,290000915527344","42,189998626708984","40,211177825927734","284400"
"2016-05-19T13:30:00.0000000+00:00","41,93000030517578","42,29999923706055","41,34000015258789","41,630001068115234","39,67743682861328","21200"
"2016-05-20T13:30:00.0000000+00:00","42","42,77000045776367","42","42,75","40,74489974975586","26000"
"2016-05-23T13:30:00.0000000+00:00","42,810001373291016","43,45000076293945","42,810001373291016","43,20000076293945","41,17380142211914","107600"
"2016-05-24T13:30:00.0000000+00:00","43,34000015258789","44,400001525878906","43,34000015258789","44,33000183105469","42,250797271728516","32000"
"2016-05-25T13:30:00.0000000+00:00","44,439998626708984","44,61000061035156","44,279998779296875","44,400001525878906","42,31752014160156","69700"
"2016-05-26T13:30:00.0000000+00:00","44,400001525878906","44,77000045776367","44,38999938964844","44,70000076293945","42,60344696044922","16700"
"2016-05-27T13:30:00.0000000+00:00","44,650001525878906","45,06999969482422","44,41999816894531","45,06999969482422","42,95608139038086","15100"
"2016-05-31T13:30:00.0000000+00:00","45,279998779296875","45,4900016784668","45,16999816894531","45,43000030517578","43,2992057800293","154500"
"2016-06-01T13:30:00.0000000+00:00","45,290000915527344","45,72999954223633","45","45,720001220703125","43,57559585571289","36100"
"2016-06-02T13:30:00.0000000+00:00","45,5099983215332","45,650001525878906","45,27000045776367","45,650001525878906","43,50888442993164","53800"
"2016-06-03T13:30:00.0000000+00:00","45,77000045776367","45,77000045776367","45,13999938964844","45,439998626708984","43,3087272644043","45400"
"2016-06-06T13:30:00.0000000+00:00","45,56999969482422","45,90999984741211","45,470001220703125","45,70000076293945","43,55654525756836","38200"
"2016-06-07T13:30:00.0000000+00:00","45,90999984741211","46,22999954223633","45,790000915527344","46,130001068115234","43,96637725830078","44800"
"2016-06-08T13:30:00.0000000+00:00","46,130001068115234","46,18000030517578","45,790000915527344","46,08000183105469","43,91872024536133","117500"
"2016-06-09T13:30:00.0000000+00:00","45,7400016784668","46,15999984741211","45,5099983215332","46,130001068115234","43,96637725830078","29500"
"2016-06-10T13:30:00.0000000+00:00","45,4900016784668","45,52000045776367","45","45,13999938964844","43,02281188964844","19700"
"2016-06-13T13:30:00.0000000+00:00","45,13999938964844","45,439998626708984","44,970001220703125","44,970001220703125","42,86079406738281","31200"
"2016-06-14T13:30:00.0000000+00:00","44,900001525878906","45,25","44,70000076293945","45,18000030517578","43,060935974121094","18900"
"2016-06-15T13:30:00.0000000+00:00","45,43000030517578","45,43000030517578","45,08000183105469","45,130001068115234","43,013282775878906","74000"
"2016-06-16T13:30:00.0000000+00:00","44,5099983215332","45,099998474121094","44,2400016784668","45,099998474121094","42,98467254638672","90400"
"2016-06-17T13:30:00.0000000+00:00","45","45","44,38999938964844","44,7599983215332","42,75733184814453","90000"
"2016-06-20T13:30:00.0000000+00:00","45,34000015258789","45,790000915527344","45,09000015258789","45,09000015258789","43,072566986083984","23000"
"2016-06-21T13:30:00.0000000+00:00","45,349998474121094","45,38999938964844","45,099998474121094","45,25","43,225406646728516","14900"
"2016-06-22T13:30:00.0000000+00:00","45,31999969482422","45,61000061035156","44,900001525878906","44,900001525878906","42,891056060791016","6700"
"2016-06-23T13:30:00.0000000+00:00","45,45000076293945","46,130001068115234","45,45000076293945","46,130001068115234","44,06604766845703","192900"
"2016-06-24T13:30:00.0000000+00:00","44,13999938964844","44,709999084472656","43,220001220703125","43,459999084472656","41,515499114990234","25400"
"2016-06-27T13:30:00.0000000+00:00","42,869998931884766","42,869998931884766","41,0099983215332","41,2599983215332","39,41393280029297","71000"
"2016-06-28T13:30:00.0000000+00:00","41,93000030517578","42,75","41,93000030517578","42,66999816894531","40,76084518432617","78900"
"2016-06-29T13:30:00.0000000+00:00","43,22999954223633","43,4900016784668","42,970001220703125","43,38999938964844","41,448631286621094","67500"
"2016-06-30T13:30:00.0000000+00:00","43,470001220703125","44,400001525878906","43,470001220703125","44,380001068115234","42,39433288574219","116900"
"2016-07-01T13:30:00.0000000+00:00","44,11000061035156","44,220001220703125","43,90999984741211","44,0099983215332","42,0408935546875","263400"
"2016-07-05T13:30:00.0000000+00:00","43,630001068115234","43,630001068115234","42,619998931884766","42,869998931884766","40,95189666748047","109400"
"2016-07-06T13:30:00.0000000+00:00","42,689998626708984","43,209999084472656","42,11000061035156","43,130001068115234","41,20026779174805","116900"
"2016-07-07T13:30:00.0000000+00:00","43,209999084472656","43,93000030517578","43,209999084472656","43,529998779296875","41,58235549926758","205700"
"2016-07-08T13:30:00.0000000+00:00","43,91999816894531","44,91999816894531","43,779998779296875","44,900001525878906","42,891056060791016","65200"
"2016-07-11T13:30:00.0000000+00:00","45,209999084472656","45,54999923706055","45,15999984741211","45,31999969482422","43,29227066040039","259700"
"2016-07-12T13:30:00.0000000+00:00","45,65999984741211","46,150001525878906","45,65999984741211","45,97999954223633","43,92275619506836","42800"
"2016-07-13T13:30:00.0000000+00:00","46,16999816894531","46,22999954223633","45,83000183105469","45,869998931884766","43,81767654418945","55800"
"2016-07-14T13:30:00.0000000+00:00","46,41999816894531","46,70000076293945","46,22999954223633","46,529998779296875","44,44813537597656","27600"
"2016-07-15T13:30:00.0000000+00:00","46,63999938964844","46,63999938964844","46,36000061035156","46,52000045776367","44,43859100341797","30800"
"2016-07-18T13:30:00.0000000+00:00","46,939998626708984","47,13999938964844","46,68000030517578","47,060001373291016","44,95443344116211","435000"
"2016-07-19T13:30:00.0000000+00:00","46,90999984741211","47,029998779296875","46,779998779296875","46,939998626708984","44,83980941772461","69600"
"2016-07-20T13:30:00.0000000+00:00","47,25","47,90999984741211","47,20000076293945","47,709999084472656","45,575340270996094","79900"
"2016-07-21T13:30:00.0000000+00:00","47,77000045776367","47,880001068115234","47,0099983215332","47,220001220703125","45,10727310180664","158000"
"2016-07-22T13:30:00.0000000+00:00","47,2599983215332","47,630001068115234","46,83000183105469","47,56999969482422","45,441619873046875","318200"
"2016-07-25T13:30:00.0000000+00:00","47,65999984741211","48,33000183105469","47,65999984741211","48,209999084472656","46,052955627441406","61600"
"2016-07-26T13:30:00.0000000+00:00","48,52000045776367","50","48,52000045776367","49,86000061035156","47,629146575927734","491900"
"2016-07-27T13:30:00.0000000+00:00","50,400001525878906","50,45000076293945","49,720001220703125","49,97999954223633","47,7437744140625","62900"
"2016-07-28T13:30:00.0000000+00:00","50,040000915527344","50,400001525878906","49,90999984741211","50,11000061035156","47,86796569824219","29700"
"2016-07-29T13:30:00.0000000+00:00","50,099998474121094","50,130001068115234","49,599998474121094","49,90999984741211","47,676902770996094","450700"
"2016-08-01T13:30:00.0000000+00:00","50,060001373291016","50,25","49,810001373291016","50,09000015258789","47,84885025024414","157900"
"2016-08-02T13:30:00.0000000+00:00","49,779998779296875","50,0099983215332","48,619998931884766","48,779998779296875","46,59746551513672","84400"
"2016-08-03T13:30:00.0000000+00:00","48,5","48,83000183105469","48,4900016784668","48,79999923706055","46,616573333740234","193300"
"2016-08-04T13:30:00.0000000+00:00","48,95000076293945","49,06999969482422","48,77000045776367","48,959999084472656","46,76942443847656","79400"
"2016-08-05T13:30:00.0000000+00:00","49,310001373291016","49,83000183105469","49,310001373291016","49,7599983215332","47,53362274169922","199300"
"2016-08-08T13:30:00.0000000+00:00","49,97999954223633","50,25","49,7599983215332","49,790000915527344","47,56228256225586","224300"
"2016-08-09T13:30:00.0000000+00:00","49,849998474121094","50,20000076293945","49,849998474121094","50,0099983215332","47,772438049316406","55000"
"2016-08-10T13:30:00.0000000+00:00","49,619998931884766","49,619998931884766","48,97999954223633","49,13999938964844","46,941375732421875","36600"
"2016-08-11T13:30:00.0000000+00:00","49,310001373291016","49,459999084472656","49,06999969482422","49,38999938964844","47,18019485473633","62300"
"2016-08-12T13:30:00.0000000+00:00","49,90999984741211","49,90999984741211","49,470001220703125","49,7599983215332","47,53362274169922","129000"
"2016-08-15T13:30:00.0000000+00:00","50,16999816894531","50,5","49,9900016784668","50,40999984741211","48,154544830322266","33700"
"2016-08-16T13:30:00.0000000+00:00","50,08000183105469","50,150001525878906","49,91999816894531","49,939998626708984","47,70556640625","59100"
"2016-08-17T13:30:00.0000000+00:00","49,720001220703125","49,72999954223633","49,20000076293945","49,56999969482422","47,352115631103516","88000"
"2016-08-18T13:30:00.0000000+00:00","49,650001525878906","50,11000061035156","49,650001525878906","50,11000061035156","47,86796569824219","22400"
"2016-08-19T13:30:00.0000000+00:00","50,15999984741211","51,029998779296875","50,099998474121094","50,790000915527344","48,517539978027344","97500"
"2016-08-22T13:30:00.0000000+00:00","50,970001220703125","51,189998626708984","50,7599983215332","51,130001068115234","48,84232711791992","94300"
"2016-08-23T13:30:00.0000000+00:00","51,40999984741211","51,59000015258789","51,25","51,25","48,95694351196289","55300"
"2016-08-24T13:30:00.0000000+00:00","51,29999923706055","51,400001525878906","50,720001220703125","50,86000061035156","48,58439636230469","88900"
"2016-08-25T13:30:00.0000000+00:00","50,880001068115234","51,2599983215332","50,79999923706055","51,08000183105469","48,7945556640625","36000"
"2016-08-26T13:30:00.0000000+00:00","51,16999816894531","51,720001220703125","50,97999954223633","51,34000015258789","49,04293441772461","210300"
"2016-08-29T13:30:00.0000000+00:00","51,459999084472656","51,70000076293945","51,400001525878906","51,439998626708984","49,138450622558594","28100"
"2016-08-30T13:30:00.0000000+00:00","51,38999938964844","51,90999984741211","51,369998931884766","51,59000015258789","49,28175354003906","148600"
"2016-08-31T13:30:00.0000000+00:00","51,59000015258789","51,61000061035156","51,06999969482422","51,439998626708984","49,138450622558594","198000"
"2016-09-01T13:30:00.0000000+00:00","51,47999954223633","52,119998931884766","51,22999954223633","52,099998474121094","49,7689208984375","52600"
"2016-09-02T13:30:00.0000000+00:00","52,380001068115234","52,459999084472656","51,90999984741211","52,2599983215332","49,92176055908203","40300"
"2016-09-06T13:30:00.0000000+00:00","52,33000183105469","52,33000183105469","51,630001068115234","51,93000030517578","49,606536865234375","117700"
"2016-09-07T13:30:00.0000000+00:00","51,849998474121094","51,849998474121094","51,209999084472656","51,369998931884766","49,07157897949219","284800"
"2016-09-08T13:30:00.0000000+00:00","51,15999984741211","51,20000076293945","50,790000915527344","51,099998474121094","48,81367111206055","34300"
"2016-09-09T13:30:00.0000000+00:00","50,75","50,75","49,08000183105469","49,18000030517578","46,979576110839844","94400"
"2016-09-12T13:30:00.0000000+00:00","48,810001373291016","50,029998779296875","48,56999969482422","50,0099983215332","47,772438049316406","63500"
"2016-09-13T13:30:00.0000000+00:00","49,84000015258789","50,349998474121094","49,25","49,560001373291016","47,342567443847656","106400"
"2016-09-14T13:30:00.0000000+00:00","49,630001068115234","49,97999954223633","49,2599983215332","49,93000030517578","47,69601821899414","47700"
"2016-09-15T13:30:00.0000000+00:00","50,040000915527344","51,209999084472656","49,900001525878906","51,11000061035156","48,8232307434082","77400"
"2016-09-16T13:30:00.0000000+00:00","51,5","51,5099983215332","50,560001373291016","51,060001373291016","48,85671615600586","184800"
"2016-09-19T13:30:00.0000000+00:00","51,369998931884766","51,93000030517578","51,11000061035156","51,36000061035156","49,143768310546875","312300"
"2016-09-20T13:30:00.0000000+00:00","51,65999984741211","51,65999984741211","50,97999954223633","50,9900016784668","48,789730072021484","44000"
"2016-09-21T13:30:00.0000000+00:00","51,25","51,650001525878906","50,959999084472656","51,630001068115234","49,40211868286133","45200"
"2016-09-22T13:30:00.0000000+00:00","51,97999954223633","52,15999984741211","51,91999816894531","52,099998474121094","49,85182571411133","60100"
"2016-09-23T13:30:00.0000000+00:00","52","52,08000183105469","51,52000045776367","51,529998779296875","49,30643844604492","39800"
"2016-09-26T13:30:00.0000000+00:00","51,20000076293945","51,38999938964844","50,84000015258789","50,970001220703125","48,770591735839844","61000"
"2016-09-27T13:30:00.0000000+00:00","50,900001525878906","52,11000061035156","50,900001525878906","52,11000061035156","49,86140441894531","24100"
"2016-09-28T13:30:00.0000000+00:00","52,2599983215332","52,529998779296875","51,869998931884766","52,279998779296875","50,02406692504883","75600"
"2016-09-29T13:30:00.0000000+00:00","52,25","52,650001525878906","51,58000183105469","52,36000061035156","50,100624084472656","139000"
"2016-09-30T13:30:00.0000000+00:00","52,58000183105469","53,40999984741211","52,58000183105469","53,150001525878906","50,85652160644531","214900"
"2016-10-03T13:30:00.0000000+00:00","53,68000030517578","53,68000030517578","52,63999938964844","52,79999923706055","50,52162551879883","110000"
"2016-10-04T13:30:00.0000000+00:00","52,93000030517578","53,119998931884766","52,5","52,630001068115234","50,35895919799805","90400"
"2016-10-05T13:30:00.0000000+00:00","52,849998474121094","53,52000045776367","52,779998779296875","53,2400016784668","50,94264221191406","87400"
"2016-10-06T13:30:00.0000000+00:00","53,189998626708984","53,59000015258789","52,86000061035156","53,54999923706055","51,23927307128906","140100"
"2016-10-07T13:30:00.0000000+00:00","53,529998779296875","53,529998779296875","52,709999084472656","53,15999984741211","50,866092681884766","242000"
"2016-10-10T13:30:00.0000000+00:00","53,470001220703125","53,779998779296875","52,9900016784668","53,029998779296875","50,741703033447266","115600"
"2016-10-11T13:30:00.0000000+00:00","52,91999816894531","52,91999816894531","51,25","51,619998931884766","49,392539978027344","100200"
"2016-10-12T13:30:00.0000000+00:00","51,65999984741211","51,65999984741211","50,880001068115234","51,25","49,03850555419922","192400"
"2016-10-13T13:30:00.0000000+00:00","50,7599983215332","50,93000030517578","49,83000183105469","50,65999984741211","48,47397994995117","81800"
"2016-10-14T13:30:00.0000000+00:00","51,13999938964844","51,650001525878906","50,959999084472656","51","48,79928970336914","42200"
"2016-10-17T13:30:00.0000000+00:00","50,9900016784668","51,150001525878906","50,689998626708984","50,689998626708984","48,5026741027832","43600"
"2016-10-18T13:30:00.0000000+00:00","51,29999923706055","51,52000045776367","51,09000015258789","51,2599983215332","49,048072814941406","219100"
"2016-10-19T13:30:00.0000000+00:00","50,880001068115234","51,2599983215332","50,380001068115234","51,16999816894531","48,96195983886719","81700"
"2016-10-20T13:30:00.0000000+00:00","51,16999816894531","51,650001525878906","50,88999938964844","51,560001373291016","49,33513259887695","29000"
"2016-10-21T13:30:00.0000000+00:00","51,189998626708984","51,459999084472656","50,880001068115234","51,380001068115234","49,162906646728516","80500"
"2016-10-24T13:30:00.0000000+00:00","51,7400016784668","52,279998779296875","51,7400016784668","52,22999954223633","49,976219177246094","98300"
"2016-10-25T13:30:00.0000000+00:00","52,27000045776367","52,43000030517578","52,13999938964844","52,279998779296875","50,02406692504883","54400"
"2016-10-26T13:30:00.0000000+00:00","51,869998931884766","52,459999084472656","51,869998931884766","52,06999969482422","49,82313537597656","95800"
"2016-10-27T13:30:00.0000000+00:00","52,4900016784668","52,59000015258789","51,38999938964844","51,45000076293945","49,22987747192383","49300"
"2016-10-28T13:30:00.0000000+00:00","51,66999816894531","51,70000076293945","50,779998779296875","50,83000183105469","48,636634826660156","69700"
"2016-10-31T13:30:00.0000000+00:00","51,11000061035156","51,130001068115234","50,79999923706055","50,95000076293945","48,75145721435547","76200"
"2016-11-01T13:30:00.0000000+00:00","51,13999938964844","51,560001373291016","50,220001220703125","50,88999938964844","48,69404220581055","386200"
"2016-11-02T13:30:00.0000000+00:00","50,9900016784668","51,06999969482422","50,43000030517578","50,52000045776367","48,34000778198242","462200"
"2016-11-03T13:30:00.0000000+00:00","50,70000076293945","50,959999084472656","50,29999923706055","50,5","48,32087326049805","193100"
"2016-11-04T13:30:00.0000000+00:00","50,13999938964844","50,52000045776367","49,689998626708984","50,02000045776367","47,861568450927734","43500"
"2016-11-07T14:30:00.0000000+00:00","50,97999954223633","51,34000015258789","50,66999816894531","51,27000045776367","49,05765151977539","37000"
"2016-11-08T14:30:00.0000000+00:00","51,150001525878906","51,75","50,90999984741211","51,43000030517578","49,210750579833984","53700"
"2016-11-09T14:30:00.0000000+00:00","50,209999084472656","51,709999084472656","50,09000015258789","51,56999969482422","49,344703674316406","100800"
"2016-11-10T14:30:00.0000000+00:00","52","52,34000015258789","50,16999816894531","50,439998626708984","48,263465881347656","169800"
"2016-11-11T14:30:00.0000000+00:00","50,75","52,18000030517578","50,75","52,11000061035156","49,86140441894531","171100"
"2016-11-14T14:30:00.0000000+00:00","52,43000030517578","52,54999923706055","52,130001068115234","52,369998931884766","50,11018753051758","312600"
"2016-11-15T14:30:00.0000000+00:00","52,58000183105469","53,290000915527344","52,58000183105469","53,119998931884766","50,82781219482422","61500"
"2016-11-16T14:30:00.0000000+00:00","53","53,86000061035156","53","53,79999923706055","51,478485107421875","74000"
"2016-11-17T14:30:00.0000000+00:00","53,779998779296875","54,650001525878906","53,599998474121094","54,4900016784668","52,13871383666992","137000"
"2016-11-18T14:30:00.0000000+00:00","54,709999084472656","54,81999969482422","54,38999938964844","54,75","52,387481689453125","70600"
"2016-11-21T14:30:00.0000000+00:00","55,08000183105469","55,33000183105469","54,540000915527344","54,849998474121094","52,48316955566406","87000"
"2016-11-22T14:30:00.0000000+00:00","55,18000030517578","55,470001220703125","55,099998474121094","55,43000030517578","53,03813934326172","149600"
"2016-11-23T14:30:00.0000000+00:00","55,439998626708984","55,72999954223633","55,189998626708984","55,72999954223633","53,325191497802734","48000"
"2016-11-25T14:30:00.0000000+00:00","55,84000015258789","55,91999816894531","55,54999923706055","55,880001068115234","53,46873092651367","91100"
"2016-11-28T14:30:00.0000000+00:00","55,79999923706055","55,869998931884766","55,54999923706055","55,65999984741211","53,258216857910156","118200"
"2016-11-29T14:30:00.0000000+00:00","55,7400016784668","55,83000183105469","55,220001220703125","55,459999084472656","53,06683349609375","121000"
"2016-11-30T14:30:00.0000000+00:00","55,650001525878906","55,689998626708984","54,93000030517578","54,939998626708984","52,56928634643555","104800"
"2016-12-01T14:30:00.0000000+00:00","55,099998474121094","55,099998474121094","51,95000076293945","52,290000915527344","50,03364181518555","310100"
"2016-12-02T14:30:00.0000000+00:00","52,189998626708984","52,900001525878906","52,060001373291016","52,79999923706055","50,52162551879883","118900"
"2016-12-05T14:30:00.0000000+00:00","53,20000076293945","53,880001068115234","53,0099983215332","53,86000061035156","51,535888671875","182200"
"2016-12-06T14:30:00.0000000+00:00","53,9900016784668","54,86000061035156","53,95000076293945","54,709999084472656","52,349205017089844","93700"
"2016-12-07T14:30:00.0000000+00:00","54,70000076293945","56,290000915527344","54,58000183105469","56,119998931884766","53,698368072509766","121600"
"2016-12-08T14:30:00.0000000+00:00","56,279998779296875","57,2599983215332","56,2599983215332","56,970001220703125","54,511688232421875","309100"
"2016-12-09T14:30:00.0000000+00:00","57,41999816894531","57,529998779296875","56,369998931884766","56,59000015258789","54,14809036254883","128000"
"2016-12-12T14:30:00.0000000+00:00","56,38999938964844","56,58000183105469","55,619998931884766","56,040000915527344","53,621826171875","55500"
"2016-12-13T14:30:00.0000000+00:00","56,349998474121094","56,939998626708984","56,209999084472656","56,599998474121094","54,15766143798828","353900"
"2016-12-14T14:30:00.0000000+00:00","56,459999084472656","56,7599983215332","56,13999938964844","56,25","53,822757720947266","84600"
"2016-12-15T14:30:00.0000000+00:00","56,540000915527344","57,59000015258789","56,38999938964844","57,33000183105469","54,856143951416016","52000"
"2016-12-16T14:30:00.0000000+00:00","57,56999969482422","57,68000030517578","56,70000076293945","56,88999938964844","54,54740524291992","74000"
"2016-12-19T14:30:00.0000000+00:00","57,060001373291016","57,54999923706055","56,95000076293945","57,38999938964844","55,026824951171875","64300"
"2016-12-20T14:30:00.0000000+00:00","57,439998626708984","57,81999969482422","57,25","57,5099983215332","55,141883850097656","44200"
"2016-12-21T14:30:00.0000000+00:00","57,630001068115234","57,709999084472656","57,43000030517578","57,43000030517578","55,0651741027832","50100"
"2016-12-22T14:30:00.0000000+00:00","58,02000045776367","58,02000045776367","57,150001525878906","57,310001373291016","54,95011901855469","205200"
"2016-12-23T14:30:00.0000000+00:00","57,16999816894531","57,470001220703125","57,150001525878906","57,470001220703125","55,10353469848633","71400"
"2016-12-27T14:30:00.0000000+00:00","57,58000183105469","58,31999969482422","57,529998779296875","58,27000045776367","55,870582580566406","94500"
"2016-12-28T14:30:00.0000000+00:00","58,5","58,5099983215332","57,08000183105469","57,130001068115234","54,777530670166016","92000"
"2016-12-29T14:30:00.0000000+00:00","56,959999084472656","57,27000045776367","56,560001373291016","57,0099983215332","54,662479400634766","44400"
"2016-12-30T14:30:00.0000000+00:00","57,209999084472656","57,209999084472656","55,939998626708984","56,11000061035156","53,79951858520508","197000"
"2017-01-03T14:30:00.0000000+00:00","56,56999969482422","57,20000076293945","56","56,47999954223633","54,154296875","286700"
"2017-01-04T14:30:00.0000000+00:00","56,66999816894531","56,880001068115234","56,470001220703125","56,84000015258789","54,49946594238281","94000"
"2017-01-05T14:30:00.0000000+00:00","56,720001220703125","56,869998931884766","56","56,119998931884766","53,80910873413086","34300"
"2017-01-06T14:30:00.0000000+00:00","56,20000076293945","56,560001373291016","55,880001068115234","56,349998474121094","54,0296630859375","39300"
"2017-01-09T14:30:00.0000000+00:00","56,400001525878906","57,2599983215332","56,400001525878906","56,970001220703125","54,62413024902344","49400"
"2017-01-10T14:30:00.0000000+00:00","56,97999954223633","57,29999923706055","56,959999084472656","57,20000076293945","54,84465026855469","36300"
"2017-01-11T14:30:00.0000000+00:00","57,22999954223633","57,75","57,119998931884766","57,65999984741211","55,28572082519531","31700"
"2017-01-12T14:30:00.0000000+00:00","57,380001068115234","57,380001068115234","56,279998779296875","57,209999084472656","54,85424041748047","67500"
"2017-01-13T14:30:00.0000000+00:00","57,43000030517578","58,04999923706055","57,15999984741211","57,84000015258789","55,45830154418945","133500"
"2017-01-17T14:30:00.0000000+00:00","57,5099983215332","57,5099983215332","56,689998626708984","56,83000183105469","54,48988723754883","29900"
"2017-01-18T14:30:00.0000000+00:00","56,959999084472656","57,369998931884766","56,779998779296875","57,220001220703125","54,86384201049805","65700"
"2017-01-19T14:30:00.0000000+00:00","57,119998931884766","57,540000915527344","56,810001373291016","56,849998474121094","54,509063720703125","134900"
"2017-01-20T14:30:00.0000000+00:00","57,369998931884766","57,939998626708984","57,369998931884766","57,630001068115234","55,256935119628906","74300"
"2017-01-23T14:30:00.0000000+00:00","57,380001068115234","57,599998474121094","57","57,400001525878906","55,03641128540039","54900"
"2017-01-24T14:30:00.0000000+00:00","57,630001068115234","58,66999816894531","57,5","58,619998931884766","56,206180572509766","117200"
"2017-01-25T14:30:00.0000000+00:00","59,22999954223633","59,630001068115234","59,08000183105469","59,36000061035156","56,915706634521484","171500"
"2017-01-26T14:30:00.0000000+00:00","59,380001068115234","59,41999816894531","58,72999954223633","58,88999938964844","56,465057373046875","72200"
"2017-01-27T14:30:00.0000000+00:00","59,13999938964844","59,380001068115234","58,939998626708984","59,20000076293945","56,76230239868164","74100"
"2017-01-30T14:30:00.0000000+00:00","58,9900016784668","58,9900016784668","58,02000045776367","58,849998474121094","56,42670440673828","100900"
"2017-01-31T14:30:00.0000000+00:00","58,560001373291016","58,709999084472656","57,599998474121094","58,2400016784668","55,84182357788086","117000"
"2017-02-01T14:30:00.0000000+00:00","58,91999816894531","59,31999969482422","58,40999984741211","59,11000061035156","56,67599105834961","307500"
"2017-02-02T14:30:00.0000000+00:00","58,66999816894531","59,099998474121094","58,290000915527344","58,790000915527344","56,369178771972656","50000"
"2017-02-03T14:30:00.0000000+00:00","59,22999954223633","59,54999923706055","59,099998474121094","59,52000045776367","57,069122314453125","40700"
"2017-02-06T14:30:00.0000000+00:00","59,470001220703125","59,59000015258789","59,20000076293945","59,540000915527344","57,08830261230469","68900"
"2017-02-07T14:30:00.0000000+00:00","59,7599983215332","59,880001068115234","59,220001220703125","59,689998626708984","57,23211669921875","79200"
"2017-02-08T14:30:00.0000000+00:00","59,91999816894531","60,029998779296875","59,45000076293945","59,720001220703125","57,260887145996094","41300"
"2017-02-09T14:30:00.0000000+00:00","59,720001220703125","59,720001220703125","59,209999084472656","59,209999084472656","56,77186584472656","65800"
"2017-02-10T14:30:00.0000000+00:00","59,529998779296875","59,529998779296875","58,68000030517578","59,33000183105469","56,8869514465332","113200"
"2017-02-13T14:30:00.0000000+00:00","59,7599983215332","59,9900016784668","59,41999816894531","59,540000915527344","57,08830261230469","62600"
"2017-02-14T14:30:00.0000000+00:00","59,52000045776367","59,68000030517578","59,11000061035156","59,66999816894531","57,212928771972656","83800"
"2017-02-15T14:30:00.0000000+00:00","59,72999954223633","60,38999938964844","59,61000061035156","60,290000915527344","57,80740737915039","60600"
"2017-02-16T14:30:00.0000000+00:00","60,29999923706055","60,47999954223633","59,79999923706055","60,18000030517578","57,701942443847656","39400"
"2017-02-17T14:30:00.0000000+00:00","59,9900016784668","60,79999923706055","59,79999923706055","60,79999923706055","58,296417236328125","24800"
"2017-02-21T14:30:00.0000000+00:00","61,189998626708984","61,790000915527344","61,189998626708984","61,75","59,20729446411133","124200"
"2017-02-22T14:30:00.0000000+00:00","61,810001373291016","61,810001373291016","61,290000915527344","61,459999084472656","58,929229736328125","84800"
"2017-02-23T14:30:00.0000000+00:00","61,529998779296875","61,529998779296875","60,47999954223633","61,06999969482422","58,5552864074707","117500"
"2017-02-24T14:30:00.0000000+00:00","59,959999084472656","60,599998474121094","59,70000076293945","60,529998779296875","58,037540435791016","1245500"
"2017-02-27T14:30:00.0000000+00:00","60,66999816894531","61,02000045776367","60,5099983215332","61,02000045776367","58,507347106933594","66000"
"2017-02-28T14:30:00.0000000+00:00","60,97999954223633","60,97999954223633","59,650001525878906","59,720001220703125","57,260887145996094","111600"
"2017-03-01T14:30:00.0000000+00:00","60,470001220703125","60,56999969482422","60,0099983215332","60,5","58,00876235961914","111400"
"2017-03-02T14:30:00.0000000+00:00","60,5099983215332","60,70000076293945","59,880001068115234","59,93000030517578","57,46223831176758","42600"
"2017-03-03T14:30:00.0000000+00:00","59,9900016784668","59,9900016784668","59,45000076293945","59,66999816894531","57,212928771972656","71500"
"2017-03-06T14:30:00.0000000+00:00","59,439998626708984","59,560001373291016","58,709999084472656","59,43000030517578","56,98281478881836","53900"
"2017-03-07T14:30:00.0000000+00:00","59,400001525878906","59,869998931884766","59,369998931884766","59,41999816894531","56,97323989868164","82000"
"2017-03-08T14:30:00.0000000+00:00","59,66999816894531","60,029998779296875","59,400001525878906","59,47999954223633","57,03076171875","67000"
"2017-03-09T14:30:00.0000000+00:00","59,58000183105469","59,630001068115234","59,09000015258789","59,5099983215332","57,05953598022461","39300"
"2017-03-10T14:30:00.0000000+00:00","59,810001373291016","60,02000045776367","59,5","59,86000061035156","57,39511489868164","63600"
"2017-03-13T13:30:00.0000000+00:00","60,060001373291016","60,31999969482422","59,869998931884766","60,189998626708984","57,711544036865234","37500"
"2017-03-14T13:30:00.0000000+00:00","59,90999984741211","59,90999984741211","59,40999984741211","59,790000915527344","57,328006744384766","30400"
"2017-03-15T13:30:00.0000000+00:00","59,72999954223633","60,65999984741211","59,619998931884766","60,58000183105469","58,08547592163086","30000"
"2017-03-16T13:30:00.0000000+00:00","60,709999084472656","60,880001068115234","60,40999984741211","60,47999954223633","57,989593505859375","105500"
"2017-03-17T13:30:00.0000000+00:00","60,52000045776367","60,59000015258789","60,31999969482422","60,47999954223633","58,07697296142578","16700"
"2017-03-20T13:30:00.0000000+00:00","60,540000915527344","60,90999984741211","60,47999954223633","60,7400016784668","58,326629638671875","40700"
"2017-03-21T13:30:00.0000000+00:00","60,90999984741211","60,959999084472656","58,77000045776367","58,83000183105469","56,492523193359375","68800"
"2017-03-22T13:30:00.0000000+00:00","58,77000045776367","59,439998626708984","58,4900016784668","59,38999938964844","57,0302734375","43800"
"2017-03-23T13:30:00.0000000+00:00","59,38999938964844","59,790000915527344","59,189998626708984","59,380001068115234","57,02067565917969","52800"
"2017-03-24T13:30:00.0000000+00:00","60,310001373291016","60,5","59,68000030517578","59,86000061035156","57,48160171508789","53400"
"2017-03-27T13:30:00.0000000+00:00","59,02000045776367","60,09000015258789","58,849998474121094","59,959999084472656","57,577632904052734","30700"
"2017-03-28T13:30:00.0000000+00:00","59,9900016784668","60,27000045776367","59,779998779296875","60,150001525878906","57,76008605957031","44300"
"2017-03-29T13:30:00.0000000+00:00","60,16999816894531","60,31999969482422","59,91999816894531","60,040000915527344","57,65446090698242","66400"
"2017-03-30T13:30:00.0000000+00:00","60,04999923706055","60,43000030517578","60,04999923706055","60,369998931884766","57,971343994140625","29700"
"2017-03-31T13:30:00.0000000+00:00","60,33000183105469","60,65999984741211","60,13999938964844","60,33000183105469","57,93293762207031","54400"
"2017-04-03T13:30:00.0000000+00:00","60,47999954223633","60,47999954223633","59,47999954223633","59,75","57,37596130371094","53700"
"2017-04-04T13:30:00.0000000+00:00","59,439998626708984","59,939998626708984","59,310001373291016","59,52000045776367","57,15510940551758","32200"
"2017-04-05T13:30:00.0000000+00:00","59,75","59,97999954223633","58,869998931884766","58,900001525878906","56,559757232666016","63600"
"2017-04-06T13:30:00.0000000+00:00","58,790000915527344","59,33000183105469","58,29999923706055","59,209999084472656","56,85741424560547","57400"
"2017-04-07T13:30:00.0000000+00:00","59,060001373291016","59,97999954223633","59,060001373291016","59,66999816894531","57,29914855957031","75000"
"2017-04-10T13:30:00.0000000+00:00","59,65999984741211","59,9900016784668","59,40999984741211","59,66999816894531","57,29914855957031","26400"
"2017-04-11T13:30:00.0000000+00:00","59,27000045776367","59,27000045776367","58,15999984741211","59,119998931884766","56,77100372314453","327800"
"2017-04-12T13:30:00.0000000+00:00","59,029998779296875","59,029998779296875","58,06999969482422","58,15999984741211","55,849151611328125","54600"
"2017-04-13T13:30:00.0000000+00:00","57,959999084472656","58,599998474121094","57,65999984741211","57,68000030517578","55,388221740722656","54800"
"2017-04-17T13:30:00.0000000+00:00","57,84000015258789","58,41999816894531","57,810001373291016","58,380001068115234","56,06040954589844","107300"
"2017-04-18T13:30:00.0000000+00:00","58,119998931884766","58,77000045776367","58","58,75","56,41571044921875","111400"
"2017-04-19T13:30:00.0000000+00:00","59,06999969482422","59,40999984741211","58,7400016784668","58,77000045776367","56,43492126464844","21700"
"2017-04-20T13:30:00.0000000+00:00","59,150001525878906","59,720001220703125","58,849998474121094","59,65999984741211","57,289554595947266","54800"
"2017-04-21T13:30:00.0000000+00:00","59,40999984741211","59,5099983215332","58,86000061035156","59,31999969482422","56,96305847167969","204700"
"2017-04-24T13:30:00.0000000+00:00","60,18000030517578","60,400001525878906","59,91999816894531","60,27000045776367","57,87532424926758","98100"
"2017-04-25T13:30:00.0000000+00:00","60,52000045776367","61,0099983215332","60,52000045776367","60,849998474121094","58,43226623535156","136700"
"2017-04-26T13:30:00.0000000+00:00","60,58000183105469","60,58000183105469","59,5","59,970001220703125","57,58722686767578","145500"
"2017-04-27T13:30:00.0000000+00:00","60,36000061035156","60,68000030517578","60,2400016784668","60,650001525878906","58,24021530151367","82100"
"2017-04-28T13:30:00.0000000+00:00","60,61000061035156","60,7599983215332","59,33000183105469","59,369998931884766","57,01105880737305","194600"
"2017-05-01T13:30:00.0000000+00:00","59,4900016784668","59,7599983215332","58,9900016784668","59,75","57,37596130371094","193800"
"2017-05-02T13:30:00.0000000+00:00","59,43000030517578","59,43000030517578","58,619998931884766","58,79999923706055","56,46371841430664","149600"
"2017-05-03T13:30:00.0000000+00:00","58,47999954223633","58,900001525878906","58,400001525878906","58,75","56,41571044921875","221500"
"2017-05-04T13:30:00.0000000+00:00","58,849998474121094","58,90999984741211","58,36000061035156","58,63999938964844","56,31008529663086","47000"
"2017-05-05T13:30:00.0000000+00:00","58,81999969482422","59,15999984741211","58,400001525878906","59,15999984741211","56,809425354003906","24700"
"2017-05-08T13:30:00.0000000+00:00","59,16999816894531","59,31999969482422","58,90999984741211","59,0099983215332","56,66537857055664","152600"
"2017-05-09T13:30:00.0000000+00:00","59,209999084472656","60,29999923706055","59,209999084472656","60,189998626708984","57,79850769042969","164600"
"2017-05-10T13:30:00.0000000+00:00","60,68000030517578","61,33000183105469","60,54999923706055","61,18000030517578","58,74916458129883","84000"
"2017-05-11T13:30:00.0000000+00:00","60,91999816894531","61,7599983215332","60,54999923706055","61,40999984741211","58,97002029418945","100800"
"2017-05-12T13:30:00.0000000+00:00","61,459999084472656","61,47999954223633","60,959999084472656","61,33000183105469","58,8931999206543","65900"
"2017-05-15T13:30:00.0000000+00:00","61,7599983215332","62,720001220703125","61,4900016784668","62,599998474121094","60,112735748291016","49900"
"2017-05-16T13:30:00.0000000+00:00","62,84000015258789","63,68000030517578","62,54999923706055","63,66999816894531","61,14022445678711","108000"
"2017-05-17T13:30:00.0000000+00:00","62,65999984741211","63,130001068115234","60,439998626708984","60,4900016784668","58,08657455444336","250400"
"2017-05-18T13:30:00.0000000+00:00","60,470001220703125","61,619998931884766","60,209999084472656","61,45000076293945","59,0084342956543","255300"
"2017-05-19T13:30:00.0000000+00:00","61,959999084472656","62,630001068115234","61,93000030517578","62,31999969482422","59,843849182128906","92400"
"2017-05-22T13:30:00.0000000+00:00","62,7599983215332","63,459999084472656","62,75","63,439998626708984","60,91936492919922","58700"
"2017-05-23T13:30:00.0000000+00:00","63,45000076293945","63,45000076293945","62,75","63,15999984741211","60,650489807128906","27000"
"2017-05-24T13:30:00.0000000+00:00","63,540000915527344","64,0199966430664","63,38999938964844","63,91999816894531","61,380279541015625","153600"
"2017-05-25T13:30:00.0000000+00:00","64,27999877929688","64,66999816894531","63,9900016784668","64,16999816894531","61,62035369873047","59100"
"2017-05-26T13:30:00.0000000+00:00","64,11000061035156","64,2699966430664","63,56999969482422","64,25","61,69719314575195","56800"
"2017-05-30T13:30:00.0000000+00:00","64,38999938964844","64,97000122070312","64,38999938964844","64,72000122070312","62,14848709106445","63300"
"2017-05-31T13:30:00.0000000+00:00","65,19999694824219","65,33999633789062","64,08999633789062","64,55000305175781","61,985267639160156","58600"
"2017-06-01T13:30:00.0000000+00:00","64,75","64,7699966430664","64,30000305175781","64,73999786376953","62,16770935058594","173600"
"2017-06-02T13:30:00.0000000+00:00","65,0199966430664","65,13999938964844","64,44000244140625","65","62,41737747192383","171400"
"2017-06-05T13:30:00.0000000+00:00","64,94000244140625","65,44000244140625","64,70999908447266","64,9000015258789","62,321346282958984","67400"
"2017-06-06T13:30:00.0000000+00:00","64,61000061035156","65,81999969482422","64,58000183105469","65,37000274658203","62,77267074584961","52400"
"2017-06-07T13:30:00.0000000+00:00","65,61000061035156","65,94999694824219","65,19999694824219","65,54000091552734","62,935916900634766","69100"
"2017-06-08T13:30:00.0000000+00:00","65,95999908447266","67,01000213623047","65,51000213623047","67","64,3379135131836","113200"
"2017-06-09T13:30:00.0000000+00:00","67,47000122070312","67,55000305175781","62,91999816894531","64,11000061035156","61,562744140625","166200"
"2017-06-12T13:30:00.0000000+00:00","63,349998474121094","64,02999877929688","61,97999954223633","63,65999984741211","61,13062286376953","262900"
"2017-06-13T13:30:00.0000000+00:00","64,16999816894531","64,75","63,31999969482422","63,91999816894531","61,380279541015625","115400"
"2017-06-14T13:30:00.0000000+00:00","64,16000366210938","64,16000366210938","62,369998931884766","63,0099983215332","60,50645065307617","466600"
"2017-06-15T13:30:00.0000000+00:00","62,0099983215332","62,619998931884766","61,91999816894531","62,47999954223633","59,997493743896484","144100"
"2017-06-16T13:30:00.0000000+00:00","62,29999923706055","62,79999923706055","61,83000183105469","62,11000061035156","59,73591995239258","24900"
"2017-06-19T13:30:00.0000000+00:00","62,77000045776367","63,439998626708984","62,220001220703125","63,41999816894531","60,99582290649414","30800"
"2017-06-20T13:30:00.0000000+00:00","63,560001373291016","63,75","62,540000915527344","62,560001373291016","60,168697357177734","64400"
"2017-06-21T13:30:00.0000000+00:00","63,0099983215332","63,540000915527344","62,869998931884766","63,459999084472656","61,0343017578125","210700"
"2017-06-22T13:30:00.0000000+00:00","63,65999984741211","64,1500015258789","63,150001525878906","63,810001373291016","61,37091064453125","50600"
"2017-06-23T13:30:00.0000000+00:00","63,79999923706055","64,75","63,470001220703125","64,43000030517578","61,967227935791016","54300"
"2017-06-26T13:30:00.0000000+00:00","65,06999969482422","65,26000213623047","63,689998626708984","64,01000213623047","61,56327438354492","51600"
"2017-06-27T13:30:00.0000000+00:00","63,75","63,75","62,310001373291016","62,36000061035156","59,976341247558594","139900"
"2017-06-28T13:30:00.0000000+00:00","62,93000030517578","63,650001525878906","62,36000061035156","63,59000015258789","61,1593132019043","50800"
"2017-06-29T13:30:00.0000000+00:00","63,27000045776367","63,27000045776367","61,119998931884766","62,189998626708984","59,81283950805664","57700"
"2017-06-30T13:30:00.0000000+00:00","62,380001068115234","62,61000061035156","61,38999938964844","61,65999984741211","59,303104400634766","90700"
"2017-07-03T13:30:00.0000000+00:00","62,11000061035156","62,27000045776367","60,849998474121094","60,880001068115234","58,552921295166016","37300"
"2017-07-05T13:30:00.0000000+00:00","61,18000030517578","61,810001373291016","60,939998626708984","61,650001525878906","59,293495178222656","140700"
"2017-07-06T13:30:00.0000000+00:00","60,97999954223633","61,970001220703125","60,93000030517578","61,310001373291016","58,96648025512695","82300"
"2017-07-07T13:30:00.0000000+00:00","61,650001525878906","62,75","61,59000015258789","62,61000061035156","60,216800689697266","65500"
"2017-07-10T13:30:00.0000000+00:00","62,869998931884766","63,209999084472656","62,5","63,060001373291016","60,64958572387695","37800"
"2017-07-11T13:30:00.0000000+00:00","63,060001373291016","63,65999984741211","62,95000076293945","63,630001068115234","61,19780731201172","23400"
"2017-07-12T13:30:00.0000000+00:00","64,29000091552734","65,22000122070312","64,29000091552734","65,06999969482422","62,58275604248047","137700"
"2017-07-13T13:30:00.0000000+00:00","65,22000122070312","65,5999984741211","64,55000305175781","64,7699966430664","62,294219970703125","54700"
"2017-07-14T13:30:00.0000000+00:00","65,0199966430664","65,51000213623047","64,38999938964844","65,47000122070312","62,967464447021484","120500"
"2017-07-17T13:30:00.0000000+00:00","65,58999633789062","65,58999633789062","64,87000274658203","65,02999877929688","62,54428482055664","56600"
"2017-07-18T13:30:00.0000000+00:00","64,6500015258789","65,19999694824219","64,45999908447266","65,16999816894531","62,67892837524414","52100"
"2017-07-19T13:30:00.0000000+00:00","65,55999755859375","66,08000183105469","65,47000122070312","66,08000183105469","63,55415344238281","43700"
"2017-07-20T13:30:00.0000000+00:00","66,18000030517578","66,6500015258789","65,77999877929688","66,58000183105469","64,03504943847656","28600"
"2017-07-21T13:30:00.0000000+00:00","66,0199966430664","66,0199966430664","65,55999755859375","65,91999816894531","63,400245666503906","20700"
"2017-07-24T13:30:00.0000000+00:00","65,98999786376953","66,02999877929688","65,61000061035156","65,80000305175781","63,28484344482422","16300"
"2017-07-25T13:30:00.0000000+00:00","65,87000274658203","66,08000183105469","65,2699966430664","65,91000366210938","63,39065170288086","46700"
"2017-07-26T13:30:00.0000000+00:00","66,54000091552734","66,80999755859375","66,47000122070312","66,70999908447266","64,1600570678711","62000"
"2017-07-27T13:30:00.0000000+00:00","67","67,06999969482422","64,94999694824219","65,66999816894531","63,15982437133789","134300"
"2017-07-28T13:30:00.0000000+00:00","65,66999816894531","65,8499984741211","65,22000122070312","65,52999877929688","63,025184631347656","42700"
"2017-07-31T13:30:00.0000000+00:00","65,7300033569336","65,80999755859375","64,91999816894531","65,0199966430664","62,53465270996094","237800"
"2017-08-01T13:30:00.0000000+00:00","65,26000213623047","65,66000366210938","64,81999969482422","65,63999938964844","63,1309814453125","33800"
"2017-08-02T13:30:00.0000000+00:00","65,44000244140625","65,44000244140625","63,16999816894531","63,349998474121094","60,92850875854492","72300"
"2017-08-03T13:30:00.0000000+00:00","63,5","63,540000915527344","62,5","62,63999938964844","60,245635986328125","356000"
"2017-08-04T13:30:00.0000000+00:00","62,7400016784668","63,029998779296875","62,310001373291016","62,459999084472656","60,0725212097168","68300"
"2017-08-07T13:30:00.0000000+00:00","62,70000076293945","63,599998474121094","62,70000076293945","63,560001373291016","61,13047409057617","145100"
"2017-08-08T13:30:00.0000000+00:00","63,65999984741211","64,12999725341797","63,09000015258789","63,209999084472656","60,79384994506836","26400"
"2017-08-09T13:30:00.0000000+00:00","62,689998626708984","62,91999816894531","62,119998931884766","62,790000915527344","60,38990783691406","133600"
"2017-08-10T13:30:00.0000000+00:00","62,36000061035156","62,36000061035156","60,93000030517578","60,93000030517578","58,60100173950195","65800"
"2017-08-11T13:30:00.0000000+00:00","60,869998931884766","61,599998474121094","60,310001373291016","61,36000061035156","59,01456832885742","34800"
"2017-08-14T13:30:00.0000000+00:00","62,130001068115234","62,83000183105469","62,130001068115234","62,790000915527344","60,38990783691406","237200"
"2017-08-15T13:30:00.0000000+00:00","62,9900016784668","63,099998474121094","62,41999816894531","63,02000045776367","60,61112594604492","20400"
"2017-08-16T13:30:00.0000000+00:00","63,22999954223633","63,34000015258789","62,75","63","60,59187698364258","34700"
"2017-08-17T13:30:00.0000000+00:00","62,77000045776367","62,93000030517578","61,15999984741211","61,16999816894531","58,83183288574219","44800"
"2017-08-18T13:30:00.0000000+00:00","61,41999816894531","61,540000915527344","60,86000061035156","61,189998626708984","58,85106658935547","59500"
"2017-08-21T13:30:00.0000000+00:00","61,22999954223633","61,22999954223633","60,16999816894531","60,439998626708984","58,129737854003906","34100"
"2017-08-22T13:30:00.0000000+00:00","60,880001068115234","61,43000030517578","60,880001068115234","61,31999969482422","58,976104736328125","29400"
"2017-08-23T13:30:00.0000000+00:00","60,630001068115234","61,880001068115234","60,630001068115234","61,75","59,38966369628906","77400"
"2017-08-24T13:30:00.0000000+00:00","62,119998931884766","62,369998931884766","61,95000076293945","62,20000076293945","59,82246017456055","26200"
"2017-08-25T13:30:00.0000000+00:00","62,5","62,630001068115234","62","62,099998474121094","59,72627639770508","50400"
"2017-08-28T13:30:00.0000000+00:00","62,31999969482422","62,33000183105469","61,91999816894531","62,25","59,87055587768555","14300"
"2017-08-29T13:30:00.0000000+00:00","61,5099983215332","62,47999954223633","61,5","62,349998474121094","59,96672439575195","17900"
"2017-08-30T13:30:00.0000000+00:00","62,869998931884766","63,61000061035156","62,86000061035156","63,560001373291016","61,13047409057617","20000"
"2017-08-31T13:30:00.0000000+00:00","63,68000030517578","64,01000213623047","63,54999923706055","63,900001525878906","61,45748519897461","84000"
"2017-09-01T13:30:00.0000000+00:00","64,04000091552734","64,4800033569336","63,97999954223633","64,33999633789062","61,88066482543945","45500"
"2017-09-05T13:30:00.0000000+00:00","64","64,26000213623047","63,09000015258789","63,66999816894531","61,23625564575195","79500"
"2017-09-06T13:30:00.0000000+00:00","63,959999084472656","63,959999084472656","63,400001525878906","63,4900016784668","61,06315231323242","46600"
"2017-09-07T13:30:00.0000000+00:00","63,65999984741211","63,65999984741211","63,099998474121094","63,189998626708984","60,774620056152344","18900"
"2017-09-08T13:30:00.0000000+00:00","63,099998474121094","63,099998474121094","62,189998626708984","62,31999969482422","59,937870025634766","46600"
"2017-09-11T13:30:00.0000000+00:00","62,880001068115234","63,650001525878906","62,880001068115234","63,54999923706055","61,12084197998047","16600"
"2017-09-12T13:30:00.0000000+00:00","63,83000183105469","64,0999984741211","63,59000015258789","63,91999816894531","61,476707458496094","13100"
"2017-09-13T13:30:00.0000000+00:00","63,709999084472656","64,1500015258789","63,54999923706055","64,04000091552734","61,592140197753906","28700"
"2017-09-14T13:30:00.0000000+00:00","63,7400016784668","64,5999984741211","63,7400016784668","64,37999725341797","61,919132232666016","45000"
"2017-09-15T13:30:00.0000000+00:00","64,37999725341797","65,55000305175781","64,37999725341797","65,30999755859375","62,905418395996094","16800"
"2017-09-18T13:30:00.0000000+00:00","65,69999694824219","66,16999816894531","65,33000183105469","65,62000274658203","63,20402908325195","35800"
"2017-09-19T13:30:00.0000000+00:00","65,8499984741211","65,87000274658203","65,45999908447266","65,55999755859375","63,14623260498047","26300"
"2017-09-20T13:30:00.0000000+00:00","65,55999755859375","65,55999755859375","63,86000061035156","64,6500015258789","62,269737243652344","62000"
"2017-09-21T13:30:00.0000000+00:00","64,51000213623047","64,51000213623047","63,72999954223633","64,1500015258789","61,788150787353516","65600"
"2017-09-22T13:30:00.0000000+00:00","63,959999084472656","64,69999694824219","63,959999084472656","64,52999877929688","62,154151916503906","29500"
"2017-09-25T13:30:00.0000000+00:00","64,29000091552734","64,29000091552734","62,939998626708984","63,150001525878906","60,82496643066406","278300"
"2017-09-26T13:30:00.0000000+00:00","63,63999938964844","63,7599983215332","63,130001068115234","63,25","60,92127227783203","57200"
"2017-09-27T13:30:00.0000000+00:00","63,880001068115234","65,26000213623047","63,880001068115234","64,93000030517578","62,5394287109375","30400"
"2017-09-28T13:30:00.0000000+00:00","64,8499984741211","65,29000091552734","64,79000091552734","65,29000091552734","62,88616943359375","24800"
"2017-09-29T13:30:00.0000000+00:00","65,37999725341797","65,68000030517578","65,08000183105469","65,56999969482422","63,155845642089844","75800"
"2017-10-02T13:30:00.0000000+00:00","65,86000061035156","66,3499984741211","65,63999938964844","66,3499984741211","63,90713119506836","50900"
"2017-10-03T13:30:00.0000000+00:00","66,41999816894531","66,66000366210938","66,25","66,54000091552734","64,09016418457031","22100"
"2017-10-04T13:30:00.0000000+00:00","66,44999694824219","66,62000274658203","66,0999984741211","66,62000274658203","64,16722106933594","51100"
"2017-10-05T13:30:00.0000000+00:00","66,83999633789062","66,83999633789062","66,27999877929688","66,5","64,05162048339844","46200"
"2017-10-06T13:30:00.0000000+00:00","66,2699966430664","66,79000091552734","66,23999786376953","66,77999877929688","64,3213119506836","36200"
"2017-10-09T13:30:00.0000000+00:00","66,94999694824219","67,04000091552734","66,7300033569336","66,93000030517578","64,46577453613281","40400"
"2017-10-10T13:30:00.0000000+00:00","67,4800033569336","67,4800033569336","66,7699966430664","67,33999633789062","64,86068725585938","39600"
"2017-10-11T13:30:00.0000000+00:00","67,19999694824219","67,63999938964844","67,13999938964844","67,63999938964844","65,14965057373047","34300"
"2017-10-12T13:30:00.0000000+00:00","67,55999755859375","67,91999816894531","67,44999694824219","67,47000122070312","64,98588562011719","44300"
"2017-10-13T13:30:00.0000000+00:00","67,80999755859375","68,0199966430664","67,62000274658203","67,62999725341797","65,13999938964844","41500"
"2017-10-16T13:30:00.0000000+00:00","67,8499984741211","67,8499984741211","67,04000091552734","67,16000366210938","64,68730926513672","18700"
"2017-10-17T13:30:00.0000000+00:00","67,0999984741211","67,29000091552734","66,9000015258789","67,2699966430664","64,79328155517578","37100"
"2017-10-18T13:30:00.0000000+00:00","67,41999816894531","68,19999694824219","66,9000015258789","67,95999908447266","65,4578628540039","25700"
"2017-10-19T13:30:00.0000000+00:00","67,2300033569336","67,51000213623047","66,48999786376953","67,4800033569336","64,99553680419922","82000"
"2017-10-20T13:30:00.0000000+00:00","68,08000183105469","68,08000183105469","67,58000183105469","67,61000061035156","65,12076568603516","94600"
"2017-10-23T13:30:00.0000000+00:00","67,98999786376953","68,41999816894531","67,77999877929688","68,01000213623047","65,50603485107422","28800"
"2017-10-24T13:30:00.0000000+00:00","68,27999877929688","68,69999694824219","68,22000122070312","68,56999969482422","66,04539489746094","22100"
"2017-10-25T13:30:00.0000000+00:00","68,06999969482422","68,31999969482422","66,94999694824219","67,69000244140625","65,19780731201172","45600"
"2017-10-26T13:30:00.0000000+00:00","67,80000305175781","67,97000122070312","67,5999984741211","67,94999694824219","65,44823455810547","21400"
"2017-10-27T13:30:00.0000000+00:00","68,61000061035156","69,88999938964844","68,61000061035156","69,83000183105469","67,25901794433594","104200"
"2017-10-30T13:30:00.0000000+00:00","68,61000061035156","70,62000274658203","68,61000061035156","70,22000122070312","67,6346664428711","77000"
"2017-10-31T13:30:00.0000000+00:00","70,5199966430664","71,2699966430664","70,23999786376953","70,86000061035156","68,25109100341797","103200"
"2017-11-01T13:30:00.0000000+00:00","71,41999816894531","71,41999816894531","69,69000244140625","70,33000183105469","67,74059295654297","101300"
"2017-11-02T13:30:00.0000000+00:00","70,31999969482422","70,7699966430664","69,86000061035156","70,2300033569336","67,6442642211914","40300"
"2017-11-03T13:30:00.0000000+00:00","70,52999877929688","71,16999816894531","69,8499984741211","71,16999816894531","68,54969024658203","105100"
"2017-11-06T14:30:00.0000000+00:00","72,25","73,29000091552734","71,83999633789062","73,27999877929688","70,58199310302734","97400"
"2017-11-07T14:30:00.0000000+00:00","73,1500015258789","73,30000305175781","72,2699966430664","72,63999938964844","69,9655532836914","184800"
"2017-11-08T14:30:00.0000000+00:00","72,73999786376953","73,6500015258789","72,61000061035156","73,5999984741211","70,89021301269531","115500"
"2017-11-09T14:30:00.0000000+00:00","72,80000305175781","73,44999694824219","71,44000244140625","72,26000213623047","69,59956359863281","191200"
"2017-11-10T14:30:00.0000000+00:00","72,45999908447266","72,70999908447266","72,22000122070312","72,61000061035156","69,93666076660156","65800"
"2017-11-13T14:30:00.0000000+00:00","72,2699966430664","72,56999969482422","72,11000061035156","72,48999786376953","69,8210678100586","161200"
"2017-11-14T14:30:00.0000000+00:00","72,30999755859375","72,58000183105469","71,62000274658203","72,19000244140625","69,5321273803711","81200"
"2017-11-15T14:30:00.0000000+00:00","71,4000015258789","71,5199966430664","70,69000244140625","71,12000274658203","68,50149536132812","278800"
"2017-11-16T14:30:00.0000000+00:00","71,55999755859375","72,52999877929688","71,55999755859375","72,12000274658203","69,46471405029297","207400"
"2017-11-17T14:30:00.0000000+00:00","72,30999755859375","72,5999984741211","72,0199966430664","72,27999877929688","69,61881256103516","264500"
"2017-11-20T14:30:00.0000000+00:00","72,6500015258789","73,4000015258789","72,56999969482422","73,36000061035156","70,65904235839844","203300"
"2017-11-21T14:30:00.0000000+00:00","73,87000274658203","74,62999725341797","73,73999786376953","74,62999725341797","71,88228607177734","60700"
"2017-11-22T14:30:00.0000000+00:00","74,91000366210938","74,91000366210938","74,08000183105469","74,08000183105469","71,3525390625","205200"
"2017-11-24T14:30:00.0000000+00:00","74,31999969482422","74,58000183105469","74,2300033569336","74,55999755859375","71,81486511230469","33500"
"2017-11-27T14:30:00.0000000+00:00","74,26000213623047","74,26000213623047","73,5199966430664","73,6500015258789","70,93834686279297","61400"
"2017-11-28T14:30:00.0000000+00:00","74","74","73,2300033569336","73,7300033569336","71,01544189453125","41100"
"2017-11-29T14:30:00.0000000+00:00","73,69000244140625","73,69999694824219","70,30999755859375","70,80999755859375","68,20292663574219","371100"
"2017-11-30T14:30:00.0000000+00:00","71,27999877929688","71,68000030517578","70,7300033569336","71,18000030517578","68,55933380126953","207200"
"2017-12-01T14:30:00.0000000+00:00","70,68000030517578","70,91000366210938","68,51000213623047","70,41999816894531","67,82732391357422","214700"
"2017-12-04T14:30:00.0000000+00:00","71,13999938964844","71,13999938964844","68,36000061035156","68,61000061035156","66,08393859863281","278400"
"2017-12-05T14:30:00.0000000+00:00","68,38999938964844","69,58999633789062","67,8499984741211","68,51000213623047","65,98760986328125","123700"
"2017-12-06T14:30:00.0000000+00:00","67,9800033569336","68,7300033569336","67,83000183105469","68,44999694824219","65,9298324584961","115200"
"2017-12-07T14:30:00.0000000+00:00","68,94000244140625","69,55999755859375","68,62999725341797","69,36000061035156","66,80632019042969","88800"
"2017-12-08T14:30:00.0000000+00:00","70,12999725341797","70,33999633789062","69,30000305175781","69,33999633789062","66,78704833984375","74900"
"2017-12-11T14:30:00.0000000+00:00","69,58999633789062","70,11000061035156","69,2699966430664","69,66000366210938","67,09526824951172","283800"
"2017-12-12T14:30:00.0000000+00:00","69,66000366210938","69,80999755859375","69,27999877929688","69,33000183105469","66,77742767333984","48400"
"2017-12-13T14:30:00.0000000+00:00","69,6500015258789","70,08999633789062","69,33999633789062","69,4000015258789","66,84486389160156","169400"
"2017-12-14T14:30:00.0000000+00:00","69,5","69,87000274658203","69,20999908447266","69,36000061035156","66,80632019042969","51100"
"2017-12-15T14:30:00.0000000+00:00","69,37000274658203","70,5199966430664","69,2699966430664","70,26000213623047","67,79830169677734","166200"
"2017-12-18T14:30:00.0000000+00:00","70,83999633789062","71,94000244140625","70,83999633789062","71,88999938964844","69,3711929321289","243500"
"2017-12-19T14:30:00.0000000+00:00","71,69999694824219","72,02999877929688","70,97000122070312","71,26000213623047","68,76325225830078","55300"
"2017-12-20T14:30:00.0000000+00:00","71,94000244140625","71,97000122070312","71,16000366210938","71,52999877929688","69,02378845214844","44400"
"2017-12-21T14:30:00.0000000+00:00","71,7300033569336","71,7300033569336","71,16999816894531","71,26000213623047","68,76325225830078","55400"
"2017-12-22T14:30:00.0000000+00:00","71,0999984741211","71,0999984741211","70,7300033569336","70,81999969482422","68,33868408203125","30900"
"2017-12-26T14:30:00.0000000+00:00","70,11000061035156","70,26000213623047","69,51000213623047","70,20999908447266","67,75004577636719","26600"
"2017-12-27T14:30:00.0000000+00:00","70,25","70,79000091552734","70,19000244140625","70,44999694824219","67,98167419433594","51900"
"2017-12-28T14:30:00.0000000+00:00","70,80000305175781","70,80000305175781","70,3499984741211","70,5","68,02986907958984","56100"
"2017-12-29T14:30:00.0000000+00:00","70,63999938964844","70,63999938964844","69,79000091552734","69,80999755859375","67,36406707763672","36600"
"2018-01-02T14:30:00.0000000+00:00","70,30000305175781","72,05000305175781","70,05999755859375","72,05000305175781","69,52556610107422","98100"
"2018-01-03T14:30:00.0000000+00:00","72,3499984741211","73,23999786376953","72,3499984741211","73,13999938964844","70,57740783691406","58000"
"2018-01-04T14:30:00.0000000+00:00","73,69000244140625","73,91000366210938","73,05999755859375","73,66000366210938","71,07918548583984","73500"
"2018-01-05T14:30:00.0000000+00:00","74,05000305175781","74,30000305175781","73,72000122070312","73,9000015258789","71,31076049804688","51600"
"2018-01-08T14:30:00.0000000+00:00","73,9000015258789","74,62000274658203","73,37999725341797","74,55000305175781","71,93797302246094","66700"
"2018-01-09T14:30:00.0000000+00:00","74,66000366210938","74,66000366210938","73,62999725341797","73,6500015258789","71,06951904296875","348100"
"2018-01-10T14:30:00.0000000+00:00","73,05999755859375","73,25","72,4000015258789","72,83000183105469","70,27823638916016","121700"
"2018-01-11T14:30:00.0000000+00:00","73,16999816894531","74,3499984741211","72,97000122070312","74,30000305175781","71,6967544555664","259900"
"2018-01-12T14:30:00.0000000+00:00","74,43000030517578","75,16000366210938","74,23999786376953","75,04000091552734","72,41082763671875","63900"
"2018-01-16T14:30:00.0000000+00:00","75,55000305175781","75,63999938964844","73,87000274658203","74,19999694824219","71,60026550292969","114000"
"2018-01-17T14:30:00.0000000+00:00","74,55999755859375","75,44999694824219","74,4800033569336","75,33000183105469","72,69065856933594","211700"
"2018-01-18T14:30:00.0000000+00:00","75,12000274658203","75,73999786376953","74,88999938964844","75,08000183105469","72,44940948486328","53100"
"2018-01-19T14:30:00.0000000+00:00","75,36000061035156","75,41999816894531","74,61000061035156","74,77999877929688","72,15991973876953","57000"
"2018-01-22T14:30:00.0000000+00:00","74,83000183105469","75,12000274658203","74,63999938964844","75,12000274658203","72,488037109375","56800"
"2018-01-23T14:30:00.0000000+00:00","75,43000030517578","75,56999969482422","74,5999984741211","75,16000366210938","72,526611328125","85300"
"2018-01-24T14:30:00.0000000+00:00","74,8499984741211","74,98999786376953","73,08000183105469","73,66000366210938","71,07918548583984","137800"
"2018-01-25T14:30:00.0000000+00:00","74,33999633789062","74,3499984741211","72,5999984741211","72,63999938964844","70,09490203857422","83100"
"2018-01-26T14:30:00.0000000+00:00","73,70999908447266","74,63999938964844","73,13999938964844","74,63999938964844","72,02487182617188","116900"
"2018-01-29T14:30:00.0000000+00:00","74,38999938964844","75,2300033569336","73,76000213623047","74,7300033569336","72,11170196533203","173700"
"2018-01-30T14:30:00.0000000+00:00","73,44000244140625","74,19000244140625","73,05000305175781","73,2699966430664","70,70281982421875","112100"
"2018-01-31T14:30:00.0000000+00:00","74,0999984741211","74,27999877929688","73,11000061035156","73,4000015258789","70,82828521728516","152800"
"2018-02-01T14:30:00.0000000+00:00","72,94000244140625","74,29000091552734","72,94000244140625","73,44999694824219","70,87653350830078","217500"
"2018-02-02T14:30:00.0000000+00:00","72,04000091552734","72,33000183105469","70,55999755859375","70,55999755859375","68,0877914428711","161300"
"2018-02-05T14:30:00.0000000+00:00","69,7699966430664","70,80999755859375","67,27999877929688","67,30000305175781","64,94200134277344","362400"
"2018-02-06T14:30:00.0000000+00:00","66,08000183105469","69,5","65,94000244140625","69,33999633789062","66,91053771972656","287300"
"2018-02-07T14:30:00.0000000+00:00","68,51000213623047","68,70999908447266","67,18000030517578","67,18000030517578","64,82621765136719","170700"
"2018-02-08T14:30:00.0000000+00:00","67,48999786376953","67,62999725341797","64,83000183105469","64,83000183105469","62,55854415893555","472100"
"2018-02-09T14:30:00.0000000+00:00","65,95999908447266","66,7699966430664","63,88999938964844","66,31999969482422","63,996334075927734","632300"
"2018-02-12T14:30:00.0000000+00:00","66,91000366210938","67,79000091552734","66,4000015258789","67,36000061035156","64,99990844726562","190900"
"2018-02-13T14:30:00.0000000+00:00","66,98999786376953","67,56999969482422","66,83000183105469","67,55999755859375","65,1928939819336","80400"
"2018-02-14T14:30:00.0000000+00:00","66,94000244140625","68,63999938964844","66,94000244140625","68,44999694824219","66,05171966552734","79300"
"2018-02-15T14:30:00.0000000+00:00","68,80999755859375","69,29000091552734","67,75","69,25","66,82368469238281","222000"
"2018-02-16T14:30:00.0000000+00:00","68,87999725341797","69,36000061035156","68,68000030517578","68,7300033569336","66,3219223022461","90800"
"2018-02-20T14:30:00.0000000+00:00","68,44999694824219","70,76000213623047","68,44999694824219","70,12999725341797","67,67288208007812","99100"
"2018-02-21T14:30:00.0000000+00:00","70,44999694824219","70,86000061035156","69,61000061035156","69,6500015258789","67,20967864990234","238900"
"2018-02-22T14:30:00.0000000+00:00","69,94000244140625","70,33999633789062","69,41000366210938","69,5999984741211","67,16141510009766","390200"
"2018-02-23T14:30:00.0000000+00:00","70,08999633789062","70,56999969482422","69,58999633789062","70,55999755859375","68,0877914428711","142200"
"2018-02-26T14:30:00.0000000+00:00","71","72,30000305175781","70,95999908447266","72,26000213623047","69,72821807861328","190000"
"2018-02-27T14:30:00.0000000+00:00","72,19999694824219","73,3499984741211","72,02999877929688","72,02999877929688","69,50626373291016","79300"
"2018-02-28T14:30:00.0000000+00:00","72,33999633789062","72,4000015258789","71,23999786376953","71,23999786376953","68,74398040771484","122500"
"2018-03-01T14:30:00.0000000+00:00","71,2300033569336","71,38999938964844","69,4000015258789","70,23999786376953","67,77899932861328","246800"
"2018-03-02T14:30:00.0000000+00:00","69,62999725341797","71,76000213623047","69,56999969482422","71,63999938964844","69,12995147705078","207500"
"2018-03-05T14:30:00.0000000+00:00","71,30999755859375","72,73999786376953","71,27999877929688","72,48999786376953","69,9501724243164","120300"
"2018-03-06T14:30:00.0000000+00:00","73,0199966430664","73,69000244140625","72,73999786376953","73,5999984741211","71,0212631225586","163500"
"2018-03-07T14:30:00.0000000+00:00","72,93000030517578","74,0999984741211","72,93000030517578","73,94000244140625","71,34938049316406","157400"
"2018-03-08T14:30:00.0000000+00:00","74,20999908447266","74,4000015258789","73,8499984741211","74,33000183105469","71,7256851196289","52700"
"2018-03-09T14:30:00.0000000+00:00","74,81999969482422","75,43000030517578","74,5","75,16999816894531","72,5362777709961","66100"
"2018-03-12T13:30:00.0000000+00:00","75,72000122070312","76,37000274658203","75,56999969482422","76","73,3371810913086","86800"
"2018-03-13T13:30:00.0000000+00:00","76,41000366210938","76,56999969482422","74,38999938964844","74,68000030517578","72,06340789794922","588600"
"2018-03-14T13:30:00.0000000+00:00","74,9000015258789","74,9000015258789","73,9800033569336","74,44999694824219","71,84149169921875","294700"
"2018-03-15T13:30:00.0000000+00:00","74,76000213623047","75,0199966430664","74,16999816894531","74,45999908447266","71,85115051269531","123300"
"2018-03-16T13:30:00.0000000+00:00","74,45999908447266","75,05999755859375","74,36000061035156","74,91999816894531","72,4000473022461","55100"
"2018-03-19T13:30:00.0000000+00:00","74,41999816894531","74,44999694824219","72,43000030517578","73,5199966430664","71,04712677001953","74300"
"2018-03-20T13:30:00.0000000+00:00","73,54000091552734","74,5","73,54000091552734","74,37999725341797","71,87818908691406","86300"
"2018-03-21T13:30:00.0000000+00:00","74,3499984741211","75,2699966430664","74,22000122070312","74,45999908447266","71,95552062988281","135000"
"2018-03-22T13:30:00.0000000+00:00","73,45999908447266","74,12000274658203","72,41000366210938","72,41000366210938","69,97444152832031","84300"
"2018-03-23T13:30:00.0000000+00:00","72,51000213623047","72,66999816894531","70,2699966430664","70,2699966430664","67,90643310546875","261300"
"2018-03-26T13:30:00.0000000+00:00","71,54000091552734","72,55000305175781","70,66000366210938","72,54000091552734","70,10008239746094","159100"
"2018-03-27T13:30:00.0000000+00:00","73,08000183105469","73,08000183105469","69,80000305175781","70,25","67,88709259033203","167900"
"2018-03-28T13:30:00.0000000+00:00","70,06999969482422","70,52999877929688","68,41000366210938","68,6500015258789","66,34095001220703","173700"
"2018-03-29T13:30:00.0000000+00:00","69,1500015258789","70,63999938964844","68,55000305175781","70,05999755859375","67,70349884033203","116100"
"2018-04-02T13:30:00.0000000+00:00","69,4800033569336","69,86000061035156","67,16000366210938","67,66999816894531","65,39388275146484","145800"
"2018-04-03T13:30:00.0000000+00:00","68,4000015258789","68,68000030517578","67,38999938964844","68,45999908447266","66,15733337402344","303800"
"2018-04-04T13:30:00.0000000+00:00","66,87000274658203","69,8499984741211","66,77999877929688","69,69000244140625","67,3459243774414","128100"
"2018-04-05T13:30:00.0000000+00:00","70,08000183105469","70,2699966430664","69,2699966430664","69,69999694824219","67,35560607910156","174300"
"2018-04-06T13:30:00.0000000+00:00","68,8499984741211","69,66999816894531","67,58000183105469","67,83999633789062","65,55818176269531","121100"
"2018-04-09T13:30:00.0000000+00:00","68,54000091552734","69,55999755859375","67,83000183105469","67,83000183105469","65,54851531982422","91200"
"2018-04-10T13:30:00.0000000+00:00","69,13999938964844","70,5999984741211","68,91000366210938","70,18000030517578","67,81949615478516","176100"
"2018-04-11T13:30:00.0000000+00:00","69,79000091552734","70,98999786376953","69,7300033569336","70,5999984741211","68,22534942626953","94900"
"2018-04-12T13:30:00.0000000+00:00","71,12999725341797","71,97000122070312","71","71,72000122070312","69,3076400756836","68500"
"2018-04-13T13:30:00.0000000+00:00","72,29000091552734","72,29000091552734","70,80000305175781","71,19000244140625","68,79551696777344","161400"
"2018-04-16T13:30:00.0000000+00:00","71,25","71,43000030517578","70,11000061035156","70,76000213623047","68,37996673583984","125400"
"2018-04-17T13:30:00.0000000+00:00","71,25","72,5","71,25","72,36000061035156","69,9261474609375","69800"
"2018-04-18T13:30:00.0000000+00:00","72,38999938964844","73,06999969482422","71,75","72,51000213623047","70,07109832763672","310100"
"2018-04-19T13:30:00.0000000+00:00","71,48999786376953","71,54000091552734","69,97000122070312","70,23999786376953","67,87744140625","278900"
"2018-04-20T13:30:00.0000000+00:00","70,16000366210938","70,55999755859375","69,2300033569336","69,4000015258789","67,06570434570312","145200"
"2018-04-23T13:30:00.0000000+00:00","69,48999786376953","69,5199966430664","68,12999725341797","68,27999877929688","65,9833755493164","254500"
"2018-04-24T13:30:00.0000000+00:00","68,76000213623047","69,5","67,38999938964844","68,05999755859375","65,7707748413086","133900"
"2018-04-25T13:30:00.0000000+00:00","68,38999938964844","68,6500015258789","66,69000244140625","67,62999725341797","65,35523223876953","140400"
"2018-04-26T13:30:00.0000000+00:00","68,72000122070312","69,06999969482422","68,31999969482422","68,97000122070312","66,6501693725586","125500"
"2018-04-27T13:30:00.0000000+00:00","69,38999938964844","69,83999633789062","68,27999877929688","68,30000305175781","66,00270080566406","70200"
"2018-04-30T13:30:00.0000000+00:00","68,19999694824219","68,51000213623047","66,94999694824219","67,06999969482422","64,81407928466797","60900"
"2018-05-01T13:30:00.0000000+00:00","67,05999755859375","68,3499984741211","67,01000213623047","68,30999755859375","66,01235961914062","209400"
"2018-05-02T13:30:00.0000000+00:00","68,4800033569336","69,29000091552734","68,44999694824219","68,69999694824219","66,38923645019531","127400"
"2018-05-03T13:30:00.0000000+00:00","68,08000183105469","69,36000061035156","67,43000030517578","69,08999633789062","66,7661361694336","151500"
"2018-05-04T13:30:00.0000000+00:00","68,76000213623047","70,4800033569336","68,54000091552734","70,41000366210938","68,04173278808594","49300"
"2018-05-07T13:30:00.0000000+00:00","70,79000091552734","71,68000030517578","70,63999938964844","71,11000061035156","68,71819305419922","67700"
"2018-05-08T13:30:00.0000000+00:00","71,05999755859375","71,38999938964844","70,83999633789062","71,38999938964844","68,98876190185547","166100"
"2018-05-09T13:30:00.0000000+00:00","71,5199966430664","72,12000274658203","71","72,12000274658203","69,69422149658203","117400"
"2018-05-10T13:30:00.0000000+00:00","72,19999694824219","73,05999755859375","72,19999694824219","73,02999877929688","70,57361602783203","53900"
"2018-05-11T13:30:00.0000000+00:00","72,86000061035156","72,86000061035156","71,95999908447266","72,13999938964844","69,71354675292969","90800"
"2018-05-14T13:30:00.0000000+00:00","72,73999786376953","73,8499984741211","72,73999786376953","73,0999984741211","70,64125061035156","197500"
"2018-05-15T13:30:00.0000000+00:00","72,97000122070312","72,9800033569336","72,45999908447266","72,97000122070312","70,515625","82400"
"2018-05-16T13:30:00.0000000+00:00","73,08000183105469","73,80000305175781","73,05999755859375","73,66000366210938","71,18241882324219","116200"
"2018-05-17T13:30:00.0000000+00:00","73,5","74,18000030517578","73,12000274658203","73,62999725341797","71,15341186523438","45200"
"2018-05-18T13:30:00.0000000+00:00","73,5199966430664","73,62000274658203","72,91000366210938","73,2300033569336","70,76689147949219","58900"
"2018-05-21T13:30:00.0000000+00:00","74,08000183105469","74,58000183105469","73,30999755859375","73,80000305175781","71,31770324707031","71900"
"2018-05-22T13:30:00.0000000+00:00","74,29000091552734","74,69999694824219","73,93000030517578","73,97000122070312","71,48197937011719","78300"
"2018-05-23T13:30:00.0000000+00:00","73,41000366210938","73,94999694824219","73,29000091552734","73,94999694824219","71,46266174316406","80000"
"2018-05-24T13:30:00.0000000+00:00","73,86000061035156","74,37000274658203","73,44000244140625","74,19000244140625","71,69459533691406","114800"
"2018-05-25T13:30:00.0000000+00:00","74,26000213623047","75,2300033569336","74,26000213623047","75,22000122070312","72,68994903564453","64300"
"2018-05-29T13:30:00.0000000+00:00","74,97000122070312","75,55000305175781","74,30999755859375","74,93000030517578","72,4096908569336","78100"
"2018-05-30T13:30:00.0000000+00:00","75,27999877929688","75,91000366210938","74,91000366210938","75,3499984741211","72,81556701660156","83700"
"2018-05-31T13:30:00.0000000+00:00","75,22000122070312","75,7300033569336","74,69000244140625","74,80000305175781","72,2840576171875","59500"
"2018-06-01T13:30:00.0000000+00:00","75,25","76,18000030517578","75,18000030517578","76,16000366210938","73,59832763671875","100100"
"2018-06-04T13:30:00.0000000+00:00","76,51000213623047","76,51000213623047","75,80000305175781","76,41999816894531","73,84960174560547","69300"
"2018-06-05T13:30:00.0000000+00:00","76,56999969482422","76,80000305175781","76,20999908447266","76,6500015258789","74,07186889648438","37800"
"2018-06-06T13:30:00.0000000+00:00","76,63999938964844","76,9800033569336","76,12999725341797","76,9800033569336","74,39075469970703","72100"
"2018-06-07T13:30:00.0000000+00:00","77,04000091552734","77,55000305175781","76,04000091552734","76,55000305175781","73,97521209716797","66900"
"2018-06-08T13:30:00.0000000+00:00","75,97000122070312","76,37999725341797","75,47000122070312","76,30999755859375","73,74329376220703","93000"
"2018-06-11T13:30:00.0000000+00:00","76,29000091552734","76,79000091552734","76,16000366210938","76,5999984741211","74,02351379394531","42000"
"2018-06-12T13:30:00.0000000+00:00","76,83000183105469","77,41000366210938","76,51000213623047","77,12999725341797","74,53569030761719","86000"
"2018-06-13T13:30:00.0000000+00:00","77,18000030517578","77,79000091552734","76,94000244140625","77,04000091552734","74,44873046875","111500"
"2018-06-14T13:30:00.0000000+00:00","77,4800033569336","78,0199966430664","77,19000244140625","77,81999969482422","75,20249938964844","191900"
"2018-06-15T13:30:00.0000000+00:00","76,95999908447266","77,47000122070312","76,76000213623047","77,44999694824219","75,02812957763672","50300"
"2018-06-18T13:30:00.0000000+00:00","76,87999725341797","77,22000122070312","76,05999755859375","77,19000244140625","74,77626037597656","71000"
"2018-06-19T13:30:00.0000000+00:00","76,12999725341797","76,33000183105469","74,8499984741211","76,20999908447266","73,82688903808594","101900"
"2018-06-20T13:30:00.0000000+00:00","76,94999694824219","77,2699966430664","76,43000030517578","76,87000274658203","74,46625518798828","58600"
"2018-06-21T13:30:00.0000000+00:00","77,37000274658203","77,37000274658203","75,6500015258789","75,77999877929688","73,41036224365234","173500"
"2018-06-22T13:30:00.0000000+00:00","76,31999969482422","76,31999969482422","75,23999786376953","75,33999633789062","72,98411560058594","282000"
"2018-06-25T13:30:00.0000000+00:00","74,83000183105469","74,83000183105469","72,29000091552734","73,18000030517578","70,89166259765625","169300"
"2018-06-26T13:30:00.0000000+00:00","73,47000122070312","73,7300033569336","72,73999786376953","73,54000091552734","71,24039459228516","90800"
"2018-06-27T13:30:00.0000000+00:00","73,83000183105469","74,12999725341797","71,66999816894531","71,66999816894531","69,42889404296875","146100"
"2018-06-28T13:30:00.0000000+00:00","71,80999755859375","72,5999984741211","71,55999755859375","72,51000213623047","70,24260711669922","88900"
"2018-06-29T13:30:00.0000000+00:00","72,94999694824219","73,27999877929688","72,25","72,25","69,99071502685547","94800"
"2018-07-02T13:30:00.0000000+00:00","71,73999786376953","72,97000122070312","71,37000274658203","72,97000122070312","70,6882095336914","63100"
"2018-07-03T13:30:00.0000000+00:00","73,23999786376953","73,41000366210938","71,91000366210938","71,9800033569336","69,72917938232422","139500"
"2018-07-05T13:30:00.0000000+00:00","72,52999877929688","74,19000244140625","72,52999877929688","74,18000030517578","71,86039733886719","86400"
"2018-07-06T13:30:00.0000000+00:00","74,3499984741211","74,9800033569336","73,88999938964844","74,88999938964844","72,54817199707031","115000"
"2018-07-09T13:30:00.0000000+00:00","75,43000030517578","75,43000030517578","74,56999969482422","75,41999816894531","73,06161499023438","58700"
"2018-07-10T13:30:00.0000000+00:00","75,5999984741211","76,43000030517578","75,5999984741211","76,41000366210938","74,0206298828125","157300"
"2018-07-11T13:30:00.0000000+00:00","75,5","75,69000244140625","74,54000091552734","74,5999984741211","72,2672348022461","90000"
"2018-07-12T13:30:00.0000000+00:00","74,63999938964844","75,69000244140625","74,37000274658203","75,68000030517578","73,31346130371094","50600"
"2018-07-13T13:30:00.0000000+00:00","75,69999694824219","75,8499984741211","75,12000274658203","75,18000030517578","72,82908630371094","30300"
"2018-07-16T13:30:00.0000000+00:00","75,18000030517578","75,5199966430664","74,80000305175781","74,87999725341797","72,53848266601562","58500"
"2018-07-17T13:30:00.0000000+00:00","74,41000366210938","75,75","74,41000366210938","75,75","73,38127136230469","28600"
"2018-07-18T13:30:00.0000000+00:00","75,9000015258789","76,19000244140625","75,51000213623047","76,06999969482422","73,6912612915039","69400"
"2018-07-19T13:30:00.0000000+00:00","75,87000274658203","76,22000122070312","75,47000122070312","76,13999938964844","73,75907135009766","58200"
"2018-07-20T13:30:00.0000000+00:00","76,05000305175781","76,08999633789062","75,33000183105469","75,5199966430664","73,15843963623047","46000"
"2018-07-23T13:30:00.0000000+00:00","75,22000122070312","75,75","74,08000183105469","75,63999938964844","73,27470397949219","159100"
"2018-07-24T13:30:00.0000000+00:00","76,30999755859375","76,48999786376953","74,66000366210938","74,69999694824219","72,36409759521484","146600"
"2018-07-25T13:30:00.0000000+00:00","74,41999816894531","74,95999908447266","73,55999755859375","74,81999969482422","72,48037719726562","146000"
"2018-07-26T13:30:00.0000000+00:00","75,27999877929688","76,19000244140625","75,01000213623047","76,05000305175781","73,67190551757812","165400"
"2018-07-27T13:30:00.0000000+00:00","76,05000305175781","76,41000366210938","74,48999786376953","75,0199966430664","72,67411804199219","107800"
"2018-07-30T13:30:00.0000000+00:00","75,26000213623047","75,38999938964844","73,68000030517578","74,16000366210938","71,84098815917969","81700"
"2018-07-31T13:30:00.0000000+00:00","74,55999755859375","75,20999908447266","73,97000122070312","74,47000122070312","72,14130401611328","105900"
"2018-08-01T13:30:00.0000000+00:00","74,5199966430664","74,9800033569336","73,98999786376953","74,36000061035156","72,03474426269531","84800"
"2018-08-02T13:30:00.0000000+00:00","73,54000091552734","75,29000091552734","73,33000183105469","75,22000122070312","72,86785888671875","87100"
"2018-08-03T13:30:00.0000000+00:00","75,54000091552734","75,55999755859375","74,69999694824219","75,08000183105469","72,73220825195312","77100"
"2018-08-06T13:30:00.0000000+00:00","75,0199966430664","76,05999755859375","74,62999725341797","76,04000091552734","73,6622085571289","109000"
"2018-08-07T13:30:00.0000000+00:00","76,31999969482422","77,13999938964844","76,30000305175781","77","74,59219360351562","118200"
"2018-08-08T13:30:00.0000000+00:00","76,9000015258789","77,4000015258789","76,5999984741211","77,29000091552734","74,8731460571289","67000"
"2018-08-09T13:30:00.0000000+00:00","76,94999694824219","77,27999877929688","76,70999908447266","76,77999877929688","74,37906646728516","64400"
"2018-08-10T13:30:00.0000000+00:00","75,88999938964844","75,88999938964844","74,98999786376953","75,2300033569336","72,87757873535156","93700"
"2018-08-13T13:30:00.0000000+00:00","75,30999755859375","75,93000030517578","75,27999877929688","75,44000244140625","73,08098602294922","94700"
"2018-08-14T13:30:00.0000000+00:00","75,69999694824219","75,94000244140625","74,87000274658203","75,05000305175781","72,70316314697266","80800"
"2018-08-15T13:30:00.0000000+00:00","74,41000366210938","74,75","72,94000244140625","73,66999816894531","71,3663101196289","136900"
"2018-08-16T13:30:00.0000000+00:00","74,22000122070312","74,4000015258789","73,62000274658203","73,80000305175781","71,49225616455078","79300"
"2018-08-17T13:30:00.0000000+00:00","73,20999908447266","73,83000183105469","72,55000305175781","73,7699966430664","71,46319580078125","138900"
"2018-08-20T13:30:00.0000000+00:00","73,91000366210938","74,30999755859375","73,04000091552734","73,91999816894531","71,6084976196289","48500"
"2018-08-21T13:30:00.0000000+00:00","74,06999969482422","75,75","74,06999969482422","75,58999633789062","73,22627258300781","121000"
"2018-08-22T13:30:00.0000000+00:00","75,26000213623047","75,81999969482422","74,91999816894531","75,80000305175781","73,42972564697266","48500"
"2018-08-23T13:30:00.0000000+00:00","75,66000366210938","76,33999633789062","75,63999938964844","75,7699966430664","73,4006118774414","94400"
"2018-08-24T13:30:00.0000000+00:00","76,1500015258789","76,81999969482422","76","76,79000091552734","74,38874816894531","62200"
"2018-08-27T13:30:00.0000000+00:00","77,05000305175781","78,43000030517578","77,05000305175781","77,81999969482422","75,38655853271484","167700"
"2018-08-28T13:30:00.0000000+00:00","78,16000366210938","78,43000030517578","77,23999786376953","78,04000091552734","75,59967803955078","140700"
"2018-08-29T13:30:00.0000000+00:00","77,9800033569336","78,33000183105469","77,75","78,19000244140625","75,7449951171875","79300"
"2018-08-30T13:30:00.0000000+00:00","78,13999938964844","78,44999694824219","77,5999984741211","77,7699966430664","75,3381118774414","111000"
"2018-08-31T13:30:00.0000000+00:00","77,91000366210938","78,94999694824219","77,91000366210938","78,87000274658203","76,40373992919922","98400"
"2018-09-04T13:30:00.0000000+00:00","78,56999969482422","79,3499984741211","78,16999816894531","79,33000183105469","76,84932708740234","110100"
"2018-09-05T13:30:00.0000000+00:00","79,4000015258789","79,4000015258789","77,8499984741211","78,80999755859375","76,3456039428711","150200"
"2018-09-06T13:30:00.0000000+00:00","78,63999938964844","78,70999908447266","77,06999969482422","77,12000274658203","74,70845794677734","113200"
"2018-09-07T13:30:00.0000000+00:00","76,86000061035156","77,75","76,16000366210938","76,33999633789062","73,95282745361328","169900"
"2018-09-10T13:30:00.0000000+00:00","76,8499984741211","76,94999694824219","76,25","76,8499984741211","74,44689178466797","102500"
"2018-09-11T13:30:00.0000000+00:00","76,88999938964844","77,16000366210938","76,18000030517578","76,79000091552734","74,38874816894531","177400"
"2018-09-12T13:30:00.0000000+00:00","76,0999984741211","76,0999984741211","74,06999969482422","76,01000213623047","73,63316345214844","202900"
"2018-09-13T13:30:00.0000000+00:00","76,81999969482422","77,22000122070312","75,73999786376953","75,97000122070312","73,59439849853516","163600"
"2018-09-14T13:30:00.0000000+00:00","76,26000213623047","76,98999786376953","76,02999877929688","76,87999725341797","74,47594451904297","86700"
"2018-09-17T13:30:00.0000000+00:00","76,51000213623047","76,62999725341797","75,69999694824219","75,7699966430664","73,4006118774414","80000"
"2018-09-18T13:30:00.0000000+00:00","76,1500015258789","76,98999786376953","76,13999938964844","76,70999908447266","74,3112564086914","128700"
"2018-09-19T13:30:00.0000000+00:00","76,68000030517578","77,22000122070312","76,63999938964844","77,0999984741211","74,68904876708984","89300"
"2018-09-20T13:30:00.0000000+00:00","77,69000244140625","78,48999786376953","77,66000366210938","78,33999633789062","75,89028930664062","73600"
"2018-09-21T13:30:00.0000000+00:00","78,5","78,55999755859375","77,61000061035156","77,69000244140625","75,26062774658203","65100"
"2018-09-24T13:30:00.0000000+00:00","76,97000122070312","77,5999984741211","76,4800033569336","77,55999755859375","75,37529754638672","92900"
"2018-09-25T13:30:00.0000000+00:00","77,33999633789062","77,33999633789062","76,08999633789062","76,16000366210938","74,01473236083984","101700"
"2018-09-26T13:30:00.0000000+00:00","76,06999969482422","76,22000122070312","75,02999877929688","75,05000305175781","72,93598175048828","121700"
"2018-09-27T13:30:00.0000000+00:00","75,43000030517578","75,68000030517578","75","75,38999938964844","73,26641845703125","65700"
"2018-09-28T13:30:00.0000000+00:00","75,25","76,04000091552734","74,91000366210938","75,91000366210938","73,77179718017578","111900"
"2018-10-01T13:30:00.0000000+00:00","76,18000030517578","76,58999633789062","75,44999694824219","75,61000061035156","73,480224609375","116400"
"2018-10-02T13:30:00.0000000+00:00","75,44999694824219","76,55000305175781","75,44999694824219","75,58999633789062","73,46078491210938","97100"
"2018-10-03T13:30:00.0000000+00:00","75,9000015258789","76,08000183105469","74,93000030517578","75,63999938964844","73,50938415527344","91300"
"2018-10-04T13:30:00.0000000+00:00","75,37999725341797","75,37999725341797","73,73999786376953","74,27999877929688","72,18767547607422","149500"
"2018-10-05T13:30:00.0000000+00:00","74,18000030517578","74,29000091552734","71,30999755859375","71,88999938964844","69,86499786376953","163000"
"2018-10-08T13:30:00.0000000+00:00","71,48999786376953","71,91000366210938","70,33000183105469","71,05999755859375","69,0583724975586","174300"
"2018-10-09T13:30:00.0000000+00:00","70,87999725341797","71,2699966430664","70,58000183105469","70,97000122070312","68,970947265625","142800"
"2018-10-10T13:30:00.0000000+00:00","70,08999633789062","70,08999633789062","67,98999786376953","68,06999969482422","66,15258026123047","305900"
"2018-10-11T13:30:00.0000000+00:00","67,87999725341797","69,27999877929688","67,44000244140625","67,66999816894531","65,76387023925781","274600"
"2018-10-12T13:30:00.0000000+00:00","69,5199966430664","69,55999755859375","67,88999938964844","68,8499984741211","66,91062927246094","183200"
"2018-10-15T13:30:00.0000000+00:00","68,58999633789062","69,4800033569336","68,1500015258789","68,7699966430664","66,83287811279297","151100"
"2018-10-16T13:30:00.0000000+00:00","69,58000183105469","71,4000015258789","69,55000305175781","71,29000091552734","69,28190612792969","97800"
"2018-10-17T13:30:00.0000000+00:00","71,6500015258789","71,6500015258789","70,29000091552734","71,02999877929688","69,02922058105469","131500"
"2018-10-18T13:30:00.0000000+00:00","70,68000030517578","70,68000030517578","69,04000091552734","69,19999694824219","67,25077056884766","147100"
"2018-10-19T13:30:00.0000000+00:00","69,58000183105469","69,9800033569336","67,88999938964844","68,08000183105469","66,1623306274414","162500"
"2018-10-22T13:30:00.0000000+00:00","68,51000213623047","68,73999786376953","67,87999725341797","68,38999938964844","66,46357727050781","152100"
"2018-10-23T13:30:00.0000000+00:00","66,7699966430664","68,43000030517578","66","68,01000213623047","66,09430694580078","151800"
"2018-10-24T13:30:00.0000000+00:00","67,1500015258789","67,1500015258789","63,34000015258789","63,369998931884766","61,58498764038086","395600"
"2018-10-25T13:30:00.0000000+00:00","63,84000015258789","65,41000366210938","63,7599983215332","64,95999908447266","63,130226135253906","174400"
"2018-10-26T13:30:00.0000000+00:00","63,31999969482422","64,83999633789062","62,47999954223633","63,66999816894531","61,87654113769531","178300"
"2018-10-29T13:30:00.0000000+00:00","64,81999969482422","65,23999786376953","62,279998779296875","63,25","61,4683837890625","198400"
"2018-10-30T13:30:00.0000000+00:00","63,16999816894531","65,79000091552734","63,16999816894531","65,79000091552734","63,93682861328125","228500"
"2018-10-31T13:30:00.0000000+00:00","66,58999633789062","67,69000244140625","66,26000213623047","67,30000305175781","65,40430450439453","199200"
"2018-11-01T13:30:00.0000000+00:00","67,6500015258789","70,69000244140625","67,6500015258789","70,52999877929688","68,54331970214844","176300"
"2018-11-02T13:30:00.0000000+00:00","70","70","68,61000061035156","69,51000213623047","67,55203247070312","150700"
"2018-11-05T14:30:00.0000000+00:00","69,41999816894531","69,41999816894531","67,79000091552734","68,7699966430664","66,83287811279297","104100"
"2018-11-06T14:30:00.0000000+00:00","68,52999877929688","69,55000305175781","68,52999877929688","69,13999938964844","67,19245147705078","87400"
"2018-11-07T14:30:00.0000000+00:00","69,93000030517578","70,30999755859375","69,33999633789062","69,87000274658203","67,90190124511719","124200"
"2018-11-08T14:30:00.0000000+00:00","69,23999786376953","70,3499984741211","69,23999786376953","69,95999908447266","67,98938751220703","89300"
"2018-11-09T14:30:00.0000000+00:00","69,25","69,3499984741211","68,27999877929688","68,87999725341797","66,9397964477539","184700"
"2018-11-12T14:30:00.0000000+00:00","67,80999755859375","67,80999755859375","65,30999755859375","65,44000244140625","63,596675872802734","171200"
"2018-11-13T14:30:00.0000000+00:00","65,83000183105469","67,80000305175781","65,83000183105469","66,44999694824219","64,57823181152344","176400"
"2018-11-14T14:30:00.0000000+00:00","67,1500015258789","67,76000213623047","66,51000213623047","67,19999694824219","65,30712890625","152300"
"2018-11-15T14:30:00.0000000+00:00","66,98999786376953","69,63999938964844","66,9800033569336","69,47000122070312","67,5131607055664","189600"
"2018-11-16T14:30:00.0000000+00:00","67,56999969482422","69,47000122070312","67,56999969482422","69,27999877929688","67,3285140991211","183100"
"2018-11-19T14:30:00.0000000+00:00","69,05000305175781","69,05000305175781","66,66999816894531","66,7699966430664","64,88923645019531","69000"
"2018-11-20T14:30:00.0000000+00:00","64,9800033569336","67,37999725341797","64,9800033569336","66,5199966430664","64,64627075195312","136600"
"2018-11-21T14:30:00.0000000+00:00","67,25","67,81999969482422","67,05999755859375","67,31999969482422","65,42373657226562","49200"
"2018-11-23T14:30:00.0000000+00:00","66,72000122070312","68,04000091552734","66,72000122070312","67,41000366210938","65,51119232177734","14700"
"2018-11-26T14:30:00.0000000+00:00","68,23999786376953","68,97000122070312","67,93000030517578","68,9000015258789","66,9592514038086","68100"
"2018-11-27T14:30:00.0000000+00:00","68,45999908447266","69,4800033569336","68,18000030517578","68,68000030517578","66,74545288085938","64700"
"2018-11-28T14:30:00.0000000+00:00","69,22000122070312","70,54000091552734","68,23999786376953","70,54000091552734","68,55301666259766","55200"
"2018-11-29T14:30:00.0000000+00:00","70,12999725341797","70,63999938964844","69,88999938964844","69,95999908447266","67,98938751220703","46100"
"2018-11-30T14:30:00.0000000+00:00","69,69999694824219","70,79000091552734","69,16000366210938","70,79000091552734","68,79598236083984","185800"
"2018-12-03T14:30:00.0000000+00:00","72,43000030517578","72,79000091552734","71,87999725341797","72,58999633789062","70,54530334472656","236300"
"2018-12-04T14:30:00.0000000+00:00","72,12000274658203","72,23999786376953","69,4000015258789","69,4800033569336","67,52288055419922","117000"
"2018-12-06T14:30:00.0000000+00:00","67,63999938964844","68,93000030517578","67,4800033569336","68,93000030517578","66,98835754394531","142400"
"2018-12-07T14:30:00.0000000+00:00","68,88999938964844","69,16000366210938","66,30999755859375","66,66000366210938","64,78233337402344","148600"
"2018-12-10T14:30:00.0000000+00:00","66,55999755859375","67,25","65,9800033569336","67,04000091552734","65,15161895751953","81300"
"2018-12-11T14:30:00.0000000+00:00","68,0999984741211","68,9800033569336","66,94000244140625","67,27999877929688","65,38487243652344","82400"
"2018-12-12T14:30:00.0000000+00:00","68,33999633789062","69,18000030517578","67,9000015258789","68,27999877929688","66,35669708251953","81000"
"2018-12-13T14:30:00.0000000+00:00","68,5999984741211","68,69999694824219","67,63999938964844","67,75","65,84161376953125","59100"
"2018-12-14T14:30:00.0000000+00:00","66,97000122070312","68,19999694824219","66,73999786376953","66,7699966430664","64,88923645019531","70100"
"2018-12-17T14:30:00.0000000+00:00","66,56999969482422","67,66999816894531","65,37999725341797","65,7300033569336","63,8785400390625","113700"
"2018-12-18T14:30:00.0000000+00:00","66,41999816894531","67,81999969482422","66,27999877929688","66,7699966430664","64,88923645019531","83100"
"2018-12-19T14:30:00.0000000+00:00","66,43000030517578","66,87000274658203","63,68000030517578","64","62,19725036621094","275300"
"2018-12-20T14:30:00.0000000+00:00","63,91999816894531","64,94000244140625","62,40999984741211","63,22999954223633","61,44894790649414","224500"
"2018-12-21T14:30:00.0000000+00:00","63,41999816894531","64,02999877929688","61,70000076293945","61,91999816894531","60,17584228515625","198100"
"2018-12-24T14:30:00.0000000+00:00","61,220001220703125","61,720001220703125","60,130001068115234","60,130001068115234","58,63227462768555","90500"
"2018-12-26T14:30:00.0000000+00:00","60,83000183105469","63,7400016784668","60,13999938964844","63,7400016784668","62,15234375","92500"
"2018-12-27T14:30:00.0000000+00:00","62,81999969482422","64,12999725341797","61,939998626708984","64,12999725341797","62,53264617919922","146400"
"2018-12-28T14:30:00.0000000+00:00","64,5","65,4800033569336","63,7599983215332","64,23999786376953","62,63990020751953","51400"
"2018-12-31T14:30:00.0000000+00:00","64,8499984741211","65,16000366210938","64","64,69999694824219","63,088443756103516","87300"
