session_open_utc,break_start,break_end,session_close_utc,session_date,session_duration_minutes,early_close,0052_open,0052_close,0052_adj_close,TAIEX_open,TAIEX_close,TAIEX_adj_close,0050_open,0050_close,0050_adj_close,gap_0052,intraday_0052,gap_TAIEX,intraday_TAIEX,missing_target_components
2007-01-02 01:00:00+00:00,,,2007-01-02 05:30:00+00:00,2007-01-02,270.0,False,,,,,,,,,,,,,,True
2007-01-03 01:00:00+00:00,,,2007-01-03 05:30:00+00:00,2007-01-03,270.0,False,,,,,,,,,,,,,,True
2007-01-04 01:00:00+00:00,,,2007-01-04 05:30:00+00:00,2007-01-04,270.0,False,,,,,,,,,,,,,,True
2007-01-05 01:00:00+00:00,,,2007-01-05 05:30:00+00:00,2007-01-05,270.0,False,,,,,,,,,,,,,,True
2007-01-08 01:00:00+00:00,,,2007-01-08 05:30:00+00:00,2007-01-08,270.0,False,,,,,,,,,,,,,,True
2007-01-09 01:00:00+00:00,,,2007-01-09 05:30:00+00:00,2007-01-09,270.0,False,,,,,,,,,,,,,,True
2007-01-10 01:00:00+00:00,,,2007-01-10 05:30:00+00:00,2007-01-10,270.0,False,,,,,,,,,,,,,,True
2007-01-11 01:00:00+00:00,,,2007-01-11 05:30:00+00:00,2007-01-11,270.0,False,,,,,,,,,,,,,,True
2007-01-12 01:00:00+00:00,,,2007-01-12 05:30:00+00:00,2007-01-12,270.0,False,,,,,,,,,,,,,,True
2007-01-15 01:00:00+00:00,,,2007-01-15 05:30:00+00:00,2007-01-15,270.0,False,,,,,,,,,,,,,,True
2007-01-16 01:00:00+00:00,,,2007-01-16 05:30:00+00:00,2007-01-16,270.0,False,,,,,,,,,,,,,,True
2007-01-17 01:00:00+00:00,,,2007-01-17 05:30:00+00:00,2007-01-17,270.0,False,,,,,,,,,,,,,,True
2007-01-18 01:00:00+00:00,,,2007-01-18 05:30:00+00:00,2007-01-18,270.0,False,,,,,,,,,,,,,,True
2007-01-19 01:00:00+00:00,,,2007-01-19 05:30:00+00:00,2007-01-19,270.0,False,,,,,,,,,,,,,,True
2007-01-22 01:00:00+00:00,,,2007-01-22 05:30:00+00:00,2007-01-22,270.0,False,,,,,,,,,,,,,,True
2007-01-23 01:00:00+00:00,,,2007-01-23 05:30:00+00:00,2007-01-23,270.0,False,,,,,,,,,,,,,,True
2007-01-24 01:00:00+00:00,,,2007-01-24 05:30:00+00:00,2007-01-24,270.0,False,,,,,,,,,,,,,,True
2007-01-25 01:00:00+00:00,,,2007-01-25 05:30:00+00:00,2007-01-25,270.0,False,,,,,,,,,,,,,,True
2007-01-26 01:00:00+00:00,,,2007-01-26 05:30:00+00:00,2007-01-26,270.0,False,,,,,,,,,,,,,,True
2007-01-29 01:00:00+00:00,,,2007-01-29 05:30:00+00:00,2007-01-29,270.0,False,,,,,,,,,,,,,,True
2007-01-30 01:00:00+00:00,,,2007-01-30 05:30:00+00:00,2007-01-30,270.0,False,,,,,,,,,,,,,,True
2007-01-31 01:00:00+00:00,,,2007-01-31 05:30:00+00:00,2007-01-31,270.0,False,,,,,,,,,,,,,,True
2007-02-01 01:00:00+00:00,,,2007-02-01 05:30:00+00:00,2007-02-01,270.0,False,,,,,,,,,,,,,,True
2007-02-02 01:00:00+00:00,,,2007-02-02 05:30:00+00:00,2007-02-02,270.0,False,,,,,,,,,,,,,,True
2007-02-05 01:00:00+00:00,,,2007-02-05 05:30:00+00:00,2007-02-05,270.0,False,,,,,,,,,,,,,,True
2007-02-06 01:00:00+00:00,,,2007-02-06 05:30:00+00:00,2007-02-06,270.0,False,,,,,,,,,,,,,,True
2007-02-07 01:00:00+00:00,,,2007-02-07 05:30:00+00:00,2007-02-07,270.0,False,,,,,,,,,,,,,,True
2007-02-08 01:00:00+00:00,,,2007-02-08 05:30:00+00:00,2007-02-08,270.0,False,,,,,,,,,,,,,,True
2007-02-09 01:00:00+00:00,,,2007-02-09 05:30:00+00:00,2007-02-09,270.0,False,,,,,,,,,,,,,,True
2007-02-12 01:00:00+00:00,,,2007-02-12 05:30:00+00:00,2007-02-12,270.0,False,,,,,,,,,,,,,,True
2007-02-13 01:00:00+00:00,,,2007-02-13 05:30:00+00:00,2007-02-13,270.0,False,,,,,,,,,,,,,,True
2007-02-14 01:00:00+00:00,,,2007-02-14 05:30:00+00:00,2007-02-14,270.0,False,,,,,,,,,,,,,,True
2007-02-26 01:00:00+00:00,,,2007-02-26 05:30:00+00:00,2007-02-26,270.0,False,,,,,,,,,,,,,,True
2007-02-27 01:00:00+00:00,,,2007-02-27 05:30:00+00:00,2007-02-27,270.0,False,,,,,,,,,,,,,,True
2007-03-01 01:00:00+00:00,,,2007-03-01 05:30:00+00:00,2007-03-01,270.0,False,,,,,,,,,,,,,,True
2007-03-02 01:00:00+00:00,,,2007-03-02 05:30:00+00:00,2007-03-02,270.0,False,,,,,,,,,,,,,,True
2007-03-05 01:00:00+00:00,,,2007-03-05 05:30:00+00:00,2007-03-05,270.0,False,,,,,,,,,,,,,,True
2007-03-06 01:00:00+00:00,,,2007-03-06 05:30:00+00:00,2007-03-06,270.0,False,,,,,,,,,,,,,,True
2007-03-07 01:00:00+00:00,,,2007-03-07 05:30:00+00:00,2007-03-07,270.0,False,,,,,,,,,,,,,,True
2007-03-08 01:00:00+00:00,,,2007-03-08 05:30:00+00:00,2007-03-08,270.0,False,,,,,,,,,,,,,,True
2007-03-09 01:00:00+00:00,,,2007-03-09 05:30:00+00:00,2007-03-09,270.0,False,,,,,,,,,,,,,,True
2007-03-12 01:00:00+00:00,,,2007-03-12 05:30:00+00:00,2007-03-12,270.0,False,,,,,,,,,,,,,,True
2007-03-13 01:00:00+00:00,,,2007-03-13 05:30:00+00:00,2007-03-13,270.0,False,,,,,7684.0,,,,,,,,,True
2007-03-14 01:00:00+00:00,,,2007-03-14 05:30:00+00:00,2007-03-14,270.0,False,,,,,,,,,,,,,,True
2007-03-15 01:00:00+00:00,,,2007-03-15 05:30:00+00:00,2007-03-15,270.0,False,,,,,,,,,,,,,,True
2007-03-16 01:00:00+00:00,,,2007-03-16 05:30:00+00:00,2007-03-16,270.0,False,,,,,,,,,,,,,,True
2007-03-19 01:00:00+00:00,,,2007-03-19 05:30:00+00:00,2007-03-19,270.0,False,,,,,,,,,,,,,,True
2007-03-20 01:00:00+00:00,,,2007-03-20 05:30:00+00:00,2007-03-20,270.0,False,,,,,,,,,,,,,,True
2007-03-21 01:00:00+00:00,,,2007-03-21 05:30:00+00:00,2007-03-21,270.0,False,,,,,,,,,,,,,,True
2007-03-22 01:00:00+00:00,,,2007-03-22 05:30:00+00:00,2007-03-22,270.0,False,,,,,,,,,,,,,,True
2007-03-23 01:00:00+00:00,,,2007-03-23 05:30:00+00:00,2007-03-23,270.0,False,,,,,,,,,,,,,,True
2007-03-26 01:00:00+00:00,,,2007-03-26 05:30:00+00:00,2007-03-26,270.0,False,,,,,,,,,,,,,,True
2007-03-27 01:00:00+00:00,,,2007-03-27 05:30:00+00:00,2007-03-27,270.0,False,,,,,,,,,,,,,,True
2007-03-28 01:00:00+00:00,,,2007-03-28 05:30:00+00:00,2007-03-28,270.0,False,,,,,,,,,,,,,,True
2007-03-29 01:00:00+00:00,,,2007-03-29 05:30:00+00:00,2007-03-29,270.0,False,,,,,,,,,,,,,,True
2007-03-30 01:00:00+00:00,,,2007-03-30 05:30:00+00:00,2007-03-30,270.0,False,,,,,,,,,,,,,,True
2007-04-02 01:00:00+00:00,,,2007-04-02 05:30:00+00:00,2007-04-02,270.0,False,,,,,,,,,,,,,,True
2007-04-03 01:00:00+00:00,,,2007-04-03 05:30:00+00:00,2007-04-03,270.0,False,,,,,,,,,,,,,,True
2007-04-04 01:00:00+00:00,,,2007-04-04 05:30:00+00:00,2007-04-04,270.0,False,,,,,,,,,,,,,,True
2007-04-09 01:00:00+00:00,,,2007-04-09 05:30:00+00:00,2007-04-09,270.0,False,,,,,,,,,,,,,,True
2007-04-10 01:00:00+00:00,,,2007-04-10 05:30:00+00:00,2007-04-10,270.0,False,,,,,,,,,,,,,,True
2007-04-11 01:00:00+00:00,,,2007-04-11 05:30:00+00:00,2007-04-11,270.0,False,,,,,,,,,,,,,,True
2007-04-12 01:00:00+00:00,,,2007-04-12 05:30:00+00:00,2007-04-12,270.0,False,,,,,,,,,,,,,,True
2007-04-13 01:00:00+00:00,,,2007-04-13 05:30:00+00:00,2007-04-13,270.0,False,,,,,,,,,,,,,,True
2007-04-16 01:00:00+00:00,,,2007-04-16 05:30:00+00:00,2007-04-16,270.0,False,,,,,,,,,,,,,,True
2007-04-17 01:00:00+00:00,,,2007-04-17 05:30:00+00:00,2007-04-17,270.0,False,,,,,,,,,,,,,,True
2007-04-18 01:00:00+00:00,,,2007-04-18 05:30:00+00:00,2007-04-18,270.0,False,,,,,,,,,,,,,,True
2007-04-19 01:00:00+00:00,,,2007-04-19 05:30:00+00:00,2007-04-19,270.0,False,,,,,,,,,,,,,,True
2007-04-20 01:00:00+00:00,,,2007-04-20 05:30:00+00:00,2007-04-20,270.0,False,,,,,,,,,,,,,,True
2007-04-23 01:00:00+00:00,,,2007-04-23 05:30:00+00:00,2007-04-23,270.0,False,,,,,,,,,,,,,,True
2007-04-24 01:00:00+00:00,,,2007-04-24 05:30:00+00:00,2007-04-24,270.0,False,,,,,,,,,,,,,,True
2007-04-25 01:00:00+00:00,,,2007-04-25 05:30:00+00:00,2007-04-25,270.0,False,,,,,,,,,,,,,,True
2007-04-26 01:00:00+00:00,,,2007-04-26 05:30:00+00:00,2007-04-26,270.0,False,,,,,,,,,,,,,,True
2007-04-27 01:00:00+00:00,,,2007-04-27 05:30:00+00:00,2007-04-27,270.0,False,,,,,,,,,,,,,,True
2007-04-30 01:00:00+00:00,,,2007-04-30 05:30:00+00:00,2007-04-30,270.0,False,,,,,,,,,,,,,,True
2007-05-02 01:00:00+00:00,,,2007-05-02 05:30:00+00:00,2007-05-02,270.0,False,,,,,,,,,,,,,,True
2007-05-03 01:00:00+00:00,,,2007-05-03 05:30:00+00:00,2007-05-03,270.0,False,,,,,,,,,,,,,,True
2007-05-04 01:00:00+00:00,,,2007-05-04 05:30:00+00:00,2007-05-04,270.0,False,,,,,,,,,,,,,,True
2007-05-07 01:00:00+00:00,,,2007-05-07 05:30:00+00:00,2007-05-07,270.0,False,,,,,,,,,,,,,,True
2007-05-08 01:00:00+00:00,,,2007-05-08 05:30:00+00:00,2007-05-08,270.0,False,,,,,,,,,,,,,,True
2007-05-09 01:00:00+00:00,,,2007-05-09 05:30:00+00:00,2007-05-09,270.0,False,,,,,,,,,,,,,,True
2007-05-10 01:00:00+00:00,,,2007-05-10 05:30:00+00:00,2007-05-10,270.0,False,,,,,,,,,,,,,,True
2007-05-11 01:00:00+00:00,,,2007-05-11 05:30:00+00:00,2007-05-11,270.0,False,,,,,,,,,,,,,,True
2007-05-14 01:00:00+00:00,,,2007-05-14 05:30:00+00:00,2007-05-14,270.0,False,,,,,,,,,,,,,,True
2007-05-15 01:00:00+00:00,,,2007-05-15 05:30:00+00:00,2007-05-15,270.0,False,,,,,,,,,,,,,,True
2007-05-16 01:00:00+00:00,,,2007-05-16 05:30:00+00:00,2007-05-16,270.0,False,,,,,,,,,,,,,,True
2007-05-17 01:00:00+00:00,,,2007-05-17 05:30:00+00:00,2007-05-17,270.0,False,,,,,,,,,,,,,,True
2007-05-18 01:00:00+00:00,,,2007-05-18 05:30:00+00:00,2007-05-18,270.0,False,,,,,,,,,,,,,,True
2007-05-21 01:00:00+00:00,,,2007-05-21 05:30:00+00:00,2007-05-21,270.0,False,,,,,,,,,,,,,,True
2007-05-22 01:00:00+00:00,,,2007-05-22 05:30:00+00:00,2007-05-22,270.0,False,,,,,,,,,,,,,,True
2007-05-23 01:00:00+00:00,,,2007-05-23 05:30:00+00:00,2007-05-23,270.0,False,,,,,,,,,,,,,,True
2007-05-24 01:00:00+00:00,,,2007-05-24 05:30:00+00:00,2007-05-24,270.0,False,,,,,,,,,,,,,,True
2007-05-25 01:00:00+00:00,,,2007-05-25 05:30:00+00:00,2007-05-25,270.0,False,,,,,,,,,,,,,,True
2007-05-28 01:00:00+00:00,,,2007-05-28 05:30:00+00:00,2007-05-28,270.0,False,,,,,,,,,,,,,,True
2007-05-29 01:00:00+00:00,,,2007-05-29 05:30:00+00:00,2007-05-29,270.0,False,,,,,,,,,,,,,,True
2007-05-30 01:00:00+00:00,,,2007-05-30 05:30:00+00:00,2007-05-30,270.0,False,,,,,,,,,,,,,,True
2007-05-31 01:00:00+00:00,,,2007-05-31 05:30:00+00:00,2007-05-31,270.0,False,,,,,,,,,,,,,,True
2007-06-01 01:00:00+00:00,,,2007-06-01 05:30:00+00:00,2007-06-01,270.0,False,,,,,,,,,,,,,,True
2007-06-04 01:00:00+00:00,,,2007-06-04 05:30:00+00:00,2007-06-04,270.0,False,,,,,,,,,,,,,,True
2007-06-05 01:00:00+00:00,,,2007-06-05 05:30:00+00:00,2007-06-05,270.0,False,,,,,,,,,,,,,,True
2007-06-06 01:00:00+00:00,,,2007-06-06 05:30:00+00:00,2007-06-06,270.0,False,,,,,,,,,,,,,,True
2007-06-07 01:00:00+00:00,,,2007-06-07 05:30:00+00:00,2007-06-07,270.0,False,,,,,,,,,,,,,,True
2007-06-08 01:00:00+00:00,,,2007-06-08 05:30:00+00:00,2007-06-08,270.0,False,,,,,,,,,,,,,,True
2007-06-11 01:00:00+00:00,,,2007-06-11 05:30:00+00:00,2007-06-11,270.0,False,,,,,,,,,,,,,,True
2007-06-12 01:00:00+00:00,,,2007-06-12 05:30:00+00:00,2007-06-12,270.0,False,,,,,,,,,,,,,,True
2007-06-13 01:00:00+00:00,,,2007-06-13 05:30:00+00:00,2007-06-13,270.0,False,,,,,,,,,,,,,,True
2007-06-14 01:00:00+00:00,,,2007-06-14 05:30:00+00:00,2007-06-14,270.0,False,,,,,,,,,,,,,,True
2007-06-15 01:00:00+00:00,,,2007-06-15 05:30:00+00:00,2007-06-15,270.0,False,,,,,,,,,,,,,,True
2007-06-20 01:00:00+00:00,,,2007-06-20 05:30:00+00:00,2007-06-20,270.0,False,,,,,,,,,,,,,,True
2007-06-21 01:00:00+00:00,,,2007-06-21 05:30:00+00:00,2007-06-21,270.0,False,,,,,,,,,,,,,,True
2007-06-22 01:00:00+00:00,,,2007-06-22 05:30:00+00:00,2007-06-22,270.0,False,,,,,,,,,,,,,,True
2007-06-25 01:00:00+00:00,,,2007-06-25 05:30:00+00:00,2007-06-25,270.0,False,,,,,,,,,,,,,,True
2007-06-26 01:00:00+00:00,,,2007-06-26 05:30:00+00:00,2007-06-26,270.0,False,,,,,,,,,,,,,,True
2007-06-27 01:00:00+00:00,,,2007-06-27 05:30:00+00:00,2007-06-27,270.0,False,,,,,,,,,,,,,,True
2007-06-28 01:00:00+00:00,,,2007-06-28 05:30:00+00:00,2007-06-28,270.0,False,,,,,,,,,,,,,,True
2007-06-29 01:00:00+00:00,,,2007-06-29 05:30:00+00:00,2007-06-29,270.0,False,,,,,,,,,,,,,,True
2007-07-02 01:00:00+00:00,,,2007-07-02 05:30:00+00:00,2007-07-02,270.0,False,,,,,,,,,,,,,,True
2007-07-03 01:00:00+00:00,,,2007-07-03 05:30:00+00:00,2007-07-03,270.0,False,,,,,,,,,,,,,,True
2007-07-04 01:00:00+00:00,,,2007-07-04 05:30:00+00:00,2007-07-04,270.0,False,,,,,,,,,,,,,,True
2007-07-05 01:00:00+00:00,,,2007-07-05 05:30:00+00:00,2007-07-05,270.0,False,,,,,,,,,,,,,,True
2007-07-06 01:00:00+00:00,,,2007-07-06 05:30:00+00:00,2007-07-06,270.0,False,,,,,,,,,,,,,,True
2007-07-09 01:00:00+00:00,,,2007-07-09 05:30:00+00:00,2007-07-09,270.0,False,,,,,,,,,,,,,,True
2007-07-10 01:00:00+00:00,,,2007-07-10 05:30:00+00:00,2007-07-10,270.0,False,,,,,,,,,,,,,,True
2007-07-11 01:00:00+00:00,,,2007-07-11 05:30:00+00:00,2007-07-11,270.0,False,,,,,,,,,,,,,,True
2007-07-12 01:00:00+00:00,,,2007-07-12 05:30:00+00:00,2007-07-12,270.0,False,,,,,,,,,,,,,,True
2007-07-13 01:00:00+00:00,,,2007-07-13 05:30:00+00:00,2007-07-13,270.0,False,,,,,,,,,,,,,,True
2007-07-16 01:00:00+00:00,,,2007-07-16 05:30:00+00:00,2007-07-16,270.0,False,,,,,,,,,,,,,,True
2007-07-17 01:00:00+00:00,,,2007-07-17 05:30:00+00:00,2007-07-17,270.0,False,,,,,,,,,,,,,,True
2007-07-18 01:00:00+00:00,,,2007-07-18 05:30:00+00:00,2007-07-18,270.0,False,,,,,,,,,,,,,,True
2007-07-19 01:00:00+00:00,,,2007-07-19 05:30:00+00:00,2007-07-19,270.0,False,,,,,,,,,,,,,,True
2007-07-20 01:00:00+00:00,,,2007-07-20 05:30:00+00:00,2007-07-20,270.0,False,,,,,,,,,,,,,,True
2007-07-23 01:00:00+00:00,,,2007-07-23 05:30:00+00:00,2007-07-23,270.0,False,,,,,,,,,,,,,,True
2007-07-24 01:00:00+00:00,,,2007-07-24 05:30:00+00:00,2007-07-24,270.0,False,,,,,,,,,,,,,,True
2007-07-25 01:00:00+00:00,,,2007-07-25 05:30:00+00:00,2007-07-25,270.0,False,,,,,,,,,,,,,,True
2007-07-26 01:00:00+00:00,,,2007-07-26 05:30:00+00:00,2007-07-26,270.0,False,,,,,,,,,,,,,,True
2007-07-27 01:00:00+00:00,,,2007-07-27 05:30:00+00:00,2007-07-27,270.0,False,,,,,,,,,,,,,,True
2007-07-30 01:00:00+00:00,,,2007-07-30 05:30:00+00:00,2007-07-30,270.0,False,,,,,,,,,,,,,,True
2007-07-31 01:00:00+00:00,,,2007-07-31 05:30:00+00:00,2007-07-31,270.0,False,,,,,,,,,,,,,,True
2007-08-01 01:00:00+00:00,,,2007-08-01 05:30:00+00:00,2007-08-01,270.0,False,,,,,,,,,,,,,,True
2007-08-02 01:00:00+00:00,,,2007-08-02 05:30:00+00:00,2007-08-02,270.0,False,,,,,,,,,,,,,,True
2007-08-03 01:00:00+00:00,,,2007-08-03 05:30:00+00:00,2007-08-03,270.0,False,,,,,,,,,,,,,,True
2007-08-06 01:00:00+00:00,,,2007-08-06 05:30:00+00:00,2007-08-06,270.0,False,,,,,,,,,,,,,,True
2007-08-07 01:00:00+00:00,,,2007-08-07 05:30:00+00:00,2007-08-07,270.0,False,,,,,,,,,,,,,,True
2007-08-08 01:00:00+00:00,,,2007-08-08 05:30:00+00:00,2007-08-08,270.0,False,,,,,,,,,,,,,,True
2007-08-09 01:00:00+00:00,,,2007-08-09 05:30:00+00:00,2007-08-09,270.0,False,,,,,,,,,,,,,,True
2007-08-10 01:00:00+00:00,,,2007-08-10 05:30:00+00:00,2007-08-10,270.0,False,,,,,,,,,,,,,,True
2007-08-13 01:00:00+00:00,,,2007-08-13 05:30:00+00:00,2007-08-13,270.0,False,,,,,,,,,,,,,,True
2007-08-14 01:00:00+00:00,,,2007-08-14 05:30:00+00:00,2007-08-14,270.0,False,,,,,,,,,,,,,,True
2007-08-15 01:00:00+00:00,,,2007-08-15 05:30:00+00:00,2007-08-15,270.0,False,,,,,,8593.0,,,,,,,,True
2007-08-16 01:00:00+00:00,,,2007-08-16 05:30:00+00:00,2007-08-16,270.0,False,,,,,,,,,,,,,,True
2007-08-17 01:00:00+00:00,,,2007-08-17 05:30:00+00:00,2007-08-17,270.0,False,,,,,,,,,,,,,,True
2007-08-20 01:00:00+00:00,,,2007-08-20 05:30:00+00:00,2007-08-20,270.0,False,,,,,,,,,,,,,,True
2007-08-21 01:00:00+00:00,,,2007-08-21 05:30:00+00:00,2007-08-21,270.0,False,,,,,,,,,,,,,,True
2007-08-22 01:00:00+00:00,,,2007-08-22 05:30:00+00:00,2007-08-22,270.0,False,,,,,,,,,,,,,,True
2007-08-23 01:00:00+00:00,,,2007-08-23 05:30:00+00:00,2007-08-23,270.0,False,,,,,,,,,,,,,,True
2007-08-24 01:00:00+00:00,,,2007-08-24 05:30:00+00:00,2007-08-24,270.0,False,,,,,,,,,,,,,,True
2007-08-27 01:00:00+00:00,,,2007-08-27 05:30:00+00:00,2007-08-27,270.0,False,,,,,,,,,,,,,,True
2007-08-28 01:00:00+00:00,,,2007-08-28 05:30:00+00:00,2007-08-28,270.0,False,,,,,,,,,,,,,,True
2007-08-29 01:00:00+00:00,,,2007-08-29 05:30:00+00:00,2007-08-29,270.0,False,,,,,,,,,,,,,,True
2007-08-30 01:00:00+00:00,,,2007-08-30 05:30:00+00:00,2007-08-30,270.0,False,,,,,,,,,,,,,,True
2007-08-31 01:00:00+00:00,,,2007-08-31 05:30:00+00:00,2007-08-31,270.0,False,,,,,,,,,,,,,,True
2007-09-03 01:00:00+00:00,,,2007-09-03 05:30:00+00:00,2007-09-03,270.0,False,,,,,,,,,,,,,,True
2007-09-04 01:00:00+00:00,,,2007-09-04 05:30:00+00:00,2007-09-04,270.0,False,,,,,,,,,,,,,,True
2007-09-05 01:00:00+00:00,,,2007-09-05 05:30:00+00:00,2007-09-05,270.0,False,,,,,,,,,,,,,,True
2007-09-06 01:00:00+00:00,,,2007-09-06 05:30:00+00:00,2007-09-06,270.0,False,,,,,,,,,,,,,,True
2007-09-07 01:00:00+00:00,,,2007-09-07 05:30:00+00:00,2007-09-07,270.0,False,,,,,,,,,,,,,,True
2007-09-10 01:00:00+00:00,,,2007-09-10 05:30:00+00:00,2007-09-10,270.0,False,,,,8868.0,,,,,,,,,,True
2007-09-11 01:00:00+00:00,,,2007-09-11 05:30:00+00:00,2007-09-11,270.0,False,,,,,,,,,,,,,,True
2007-09-12 01:00:00+00:00,,,2007-09-12 05:30:00+00:00,2007-09-12,270.0,False,,,,,,,,,,,,,,True
2007-09-13 01:00:00+00:00,,,2007-09-13 05:30:00+00:00,2007-09-13,270.0,False,,,,,,,,,,,,,,True
2007-09-14 01:00:00+00:00,,,2007-09-14 05:30:00+00:00,2007-09-14,270.0,False,,,,,,,,,,,,,,True
2007-09-17 01:00:00+00:00,,,2007-09-17 05:30:00+00:00,2007-09-17,270.0,False,,,,,,,,,,,,,,True
2007-09-19 01:00:00+00:00,,,2007-09-19 05:30:00+00:00,2007-09-19,270.0,False,,,,,,,,,,,,,,True
2007-09-20 01:00:00+00:00,,,2007-09-20 05:30:00+00:00,2007-09-20,270.0,False,,,,,,,,,,,,,,True
2007-09-21 01:00:00+00:00,,,2007-09-21 05:30:00+00:00,2007-09-21,270.0,False,,,,,,,,,,,,,,True
2007-09-26 01:00:00+00:00,,,2007-09-26 05:30:00+00:00,2007-09-26,270.0,False,,,,,,,,,,,,,,True
2007-09-27 01:00:00+00:00,,,2007-09-27 05:30:00+00:00,2007-09-27,270.0,False,,,,,,,,,,,,,,True
2007-09-28 01:00:00+00:00,,,2007-09-28 05:30:00+00:00,2007-09-28,270.0,False,,,,,,,,,,,,,,True
2007-10-01 01:00:00+00:00,,,2007-10-01 05:30:00+00:00,2007-10-01,270.0,False,,,,,,,,,,,,,,True
2007-10-02 01:00:00+00:00,,,2007-10-02 05:30:00+00:00,2007-10-02,270.0,False,,,,,,,,,,,,,,True
2007-10-03 01:00:00+00:00,,,2007-10-03 05:30:00+00:00,2007-10-03,270.0,False,,,,,,,,,,,,,,True
2007-10-04 01:00:00+00:00,,,2007-10-04 05:30:00+00:00,2007-10-04,270.0,False,,,,,,,,,,,,,,True
2007-10-05 01:00:00+00:00,,,2007-10-05 05:30:00+00:00,2007-10-05,270.0,False,,,,,,,,,,,,,,True
2007-10-08 01:00:00+00:00,,,2007-10-08 05:30:00+00:00,2007-10-08,270.0,False,,,,,,,,,,,,,,True
2007-10-09 01:00:00+00:00,,,2007-10-09 05:30:00+00:00,2007-10-09,270.0,False,,,,,,,,,,,,,,True
2007-10-11 01:00:00+00:00,,,2007-10-11 05:30:00+00:00,2007-10-11,270.0,False,,,,,,,,,,,,,,True
2007-10-12 01:00:00+00:00,,,2007-10-12 05:30:00+00:00,2007-10-12,270.0,False,,,,,,,,,,,,,,True
2007-10-15 01:00:00+00:00,,,2007-10-15 05:30:00+00:00,2007-10-15,270.0,False,,,,,,,,,,,,,,True
2007-10-16 01:00:00+00:00,,,2007-10-16 05:30:00+00:00,2007-10-16,270.0,False,,,,,,,,,,,,,,True
2007-10-17 01:00:00+00:00,,,2007-10-17 05:30:00+00:00,2007-10-17,270.0,False,,,,,,,,,,,,,,True
2007-10-18 01:00:00+00:00,,,2007-10-18 05:30:00+00:00,2007-10-18,270.0,False,,,,,,,,,,,,,,True
2007-10-19 01:00:00+00:00,,,2007-10-19 05:30:00+00:00,2007-10-19,270.0,False,,,,,,,,,,,,,,True
2007-10-22 01:00:00+00:00,,,2007-10-22 05:30:00+00:00,2007-10-22,270.0,False,,,,,,,,,,,,,,True
2007-10-23 01:00:00+00:00,,,2007-10-23 05:30:00+00:00,2007-10-23,270.0,False,,,,,,,,,,,,,,True
2007-10-24 01:00:00+00:00,,,2007-10-24 05:30:00+00:00,2007-10-24,270.0,False,,,,,,,,,,,,,,True
2007-10-25 01:00:00+00:00,,,2007-10-25 05:30:00+00:00,2007-10-25,270.0,False,,,,,,,,,,,,,,True
2007-10-26 01:00:00+00:00,,,2007-10-26 05:30:00+00:00,2007-10-26,270.0,False,,,,,,,,,,,,,,True
2007-10-29 01:00:00+00:00,,,2007-10-29 05:30:00+00:00,2007-10-29,270.0,False,,,,,,,,,,,,,,True
2007-10-30 01:00:00+00:00,,,2007-10-30 05:30:00+00:00,2007-10-30,270.0,False,,,,,,,,,,,,,,True
2007-10-31 01:00:00+00:00,,,2007-10-31 05:30:00+00:00,2007-10-31,270.0,False,,,,,,,,,,,,,,True
2007-11-01 01:00:00+00:00,,,2007-11-01 05:30:00+00:00,2007-11-01,270.0,False,,,,,,,,,,,,,,True
2007-11-02 01:00:00+00:00,,,2007-11-02 05:30:00+00:00,2007-11-02,270.0,False,,,,,,,,,,,,,,True
2007-11-05 01:00:00+00:00,,,2007-11-05 05:30:00+00:00,2007-11-05,270.0,False,,,,,,,,,,,,,,True
2007-11-06 01:00:00+00:00,,,2007-11-06 05:30:00+00:00,2007-11-06,270.0,False,,,,,,,,,,,,,,True
2007-11-07 01:00:00+00:00,,,2007-11-07 05:30:00+00:00,2007-11-07,270.0,False,,,,,,,,,,,,,,True
2007-11-08 01:00:00+00:00,,,2007-11-08 05:30:00+00:00,2007-11-08,270.0,False,,,,,,,,,,,,,,True
2007-11-09 01:00:00+00:00,,,2007-11-09 05:30:00+00:00,2007-11-09,270.0,False,,,,,,,,,,,,,,True
2007-11-12 01:00:00+00:00,,,2007-11-12 05:30:00+00:00,2007-11-12,270.0,False,,,,,,,,,,,,,,True
2007-11-13 01:00:00+00:00,,,2007-11-13 05:30:00+00:00,2007-11-13,270.0,False,,,,,,,,,,,,,,True
2007-11-14 01:00:00+00:00,,,2007-11-14 05:30:00+00:00,2007-11-14,270.0,False,,,,,,,,,,,,,,True
2007-11-15 01:00:00+00:00,,,2007-11-15 05:30:00+00:00,2007-11-15,270.0,False,,,,,,,,,,,,,,True
2007-11-16 01:00:00+00:00,,,2007-11-16 05:30:00+00:00,2007-11-16,270.0,False,,,,,,,,,,,,,,True
2007-11-19 01:00:00+00:00,,,2007-11-19 05:30:00+00:00,2007-11-19,270.0,False,,,,,,,,,,,,,,True
2007-11-20 01:00:00+00:00,,,2007-11-20 05:30:00+00:00,2007-11-20,270.0,False,,,,,,,,,,,,,,True
2007-11-21 01:00:00+00:00,,,2007-11-21 05:30:00+00:00,2007-11-21,270.0,False,,,,,,,,,,,,,,True
2007-11-22 01:00:00+00:00,,,2007-11-22 05:30:00+00:00,2007-11-22,270.0,False,,,,,,,,,,,,,,True
2007-11-23 01:00:00+00:00,,,2007-11-23 05:30:00+00:00,2007-11-23,270.0,False,,,,,,,,,,,,,,True
2007-11-26 01:00:00+00:00,,,2007-11-26 05:30:00+00:00,2007-11-26,270.0,False,,,,,,,,,,,,,,True
2007-11-27 01:00:00+00:00,,,2007-11-27 05:30:00+00:00,2007-11-27,270.0,False,,,,,,,,,,,,,,True
2007-11-28 01:00:00+00:00,,,2007-11-28 05:30:00+00:00,2007-11-28,270.0,False,,,,,,,,,,,,,,True
2007-11-29 01:00:00+00:00,,,2007-11-29 05:30:00+00:00,2007-11-29,270.0,False,,,,,,,,,,,,,,True
2007-11-30 01:00:00+00:00,,,2007-11-30 05:30:00+00:00,2007-11-30,270.0,False,,,,,,,,,,,,,,True
2007-12-03 01:00:00+00:00,,,2007-12-03 05:30:00+00:00,2007-12-03,270.0,False,,,,,,,,,,,,,,True
2007-12-04 01:00:00+00:00,,,2007-12-04 05:30:00+00:00,2007-12-04,270.0,False,,,,,,,,,,,,,,True
2007-12-05 01:00:00+00:00,,,2007-12-05 05:30:00+00:00,2007-12-05,270.0,False,,,,,,,,,,,,,,True
2007-12-06 01:00:00+00:00,,,2007-12-06 05:30:00+00:00,2007-12-06,270.0,False,,,,,,,,,,,,,,True
2007-12-07 01:00:00+00:00,,,2007-12-07 05:30:00+00:00,2007-12-07,270.0,False,,,,,,,,,,,,,,True
2007-12-10 01:00:00+00:00,,,2007-12-10 05:30:00+00:00,2007-12-10,270.0,False,,,,,,,,,,,,,,True
2007-12-11 01:00:00+00:00,,,2007-12-11 05:30:00+00:00,2007-12-11,270.0,False,,,,,,,,,,,,,,True
2007-12-12 01:00:00+00:00,,,2007-12-12 05:30:00+00:00,2007-12-12,270.0,False,,,,,,,,,,,,,,True
2007-12-13 01:00:00+00:00,,,2007-12-13 05:30:00+00:00,2007-12-13,270.0,False,,,,,,,,,,,,,,True
2007-12-14 01:00:00+00:00,,,2007-12-14 05:30:00+00:00,2007-12-14,270.0,False,,,,,,,,,,,,,,True
2007-12-17 01:00:00+00:00,,,2007-12-17 05:30:00+00:00,2007-12-17,270.0,False,,,,,,,,,,,,,,True
2007-12-18 01:00:00+00:00,,,2007-12-18 05:30:00+00:00,2007-12-18,270.0,False,,,,,,,,,,,,,,True
2007-12-19 01:00:00+00:00,,,2007-12-19 05:30:00+00:00,2007-12-19,270.0,False,,,,,,,,,,,,,,True
2007-12-20 01:00:00+00:00,,,2007-12-20 05:30:00+00:00,2007-12-20,270.0,False,,,,,,,,,,,,,,True
2007-12-21 01:00:00+00:00,,,2007-12-21 05:30:00+00:00,2007-12-21,270.0,False,,,,,,,,,,,,,,True
2007-12-24 01:00:00+00:00,,,2007-12-24 05:30:00+00:00,2007-12-24,270.0,False,,,,,,,,,,,,,,True
2007-12-25 01:00:00+00:00,,,2007-12-25 05:30:00+00:00,2007-12-25,270.0,False,,,,,,,,,,,,,,True
2007-12-26 01:00:00+00:00,,,2007-12-26 05:30:00+00:00,2007-12-26,270.0,False,,,,,,,,,,,,,,True
2007-12-27 01:00:00+00:00,,,2007-12-27 05:30:00+00:00,2007-12-27,270.0,False,,,,,,,,,,,,,,True
2007-12-28 01:00:00+00:00,,,2007-12-28 05:30:00+00:00,2007-12-28,270.0,False,,,,,,,,,,,,,,True
2007-12-31 01:00:00+00:00,,,2007-12-31 05:30:00+00:00,2007-12-31,270.0,False,,,,,,,,,,,,,,True
2008-01-02 01:00:00+00:00,,,2008-01-02 05:30:00+00:00,2008-01-02,270.0,False,,,,,,,,,,,,,,True
2008-01-03 01:00:00+00:00,,,2008-01-03 05:30:00+00:00,2008-01-03,270.0,False,,,,,,,,,,,,,,True
2008-01-04 01:00:00+00:00,,,2008-01-04 05:30:00+00:00,2008-01-04,270.0,False,,,,,,,,,,,,,,True
2008-01-07 01:00:00+00:00,,,2008-01-07 05:30:00+00:00,2008-01-07,270.0,False,,,,,,,,,,,,,,True
2008-01-08 01:00:00+00:00,,,2008-01-08 05:30:00+00:00,2008-01-08,270.0,False,,,,,,,,,,,,,,True
2008-01-09 01:00:00+00:00,,,2008-01-09 05:30:00+00:00,2008-01-09,270.0,False,,,,,,,,,,,,,,True
2008-01-10 01:00:00+00:00,,,2008-01-10 05:30:00+00:00,2008-01-10,270.0,False,,,,,,,,,,,,,,True
2008-01-11 01:00:00+00:00,,,2008-01-11 05:30:00+00:00,2008-01-11,270.0,False,,,,,,,,,,,,,,True
2008-01-14 01:00:00+00:00,,,2008-01-14 05:30:00+00:00,2008-01-14,270.0,False,,,,8254.0,,,,,,,,,,True
2008-01-15 01:00:00+00:00,,,2008-01-15 05:30:00+00:00,2008-01-15,270.0,False,,,,,,,,,,,,,,True
2008-01-16 01:00:00+00:00,,,2008-01-16 05:30:00+00:00,2008-01-16,270.0,False,,,,,,,,,,,,,,True
2008-01-17 01:00:00+00:00,,,2008-01-17 05:30:00+00:00,2008-01-17,270.0,False,,,,,,,,,,,,,,True
2008-01-18 01:00:00+00:00,,,2008-01-18 05:30:00+00:00,2008-01-18,270.0,False,,,,,,,,,,,,,,True
2008-01-21 01:00:00+00:00,,,2008-01-21 05:30:00+00:00,2008-01-21,270.0,False,,,,,,,,,,,,,,True
2008-01-22 01:00:00+00:00,,,2008-01-22 05:30:00+00:00,2008-01-22,270.0,False,,,,,,,,,,,,,,True
2008-01-23 01:00:00+00:00,,,2008-01-23 05:30:00+00:00,2008-01-23,270.0,False,,,,,,,,,,,,,,True
2008-01-24 01:00:00+00:00,,,2008-01-24 05:30:00+00:00,2008-01-24,270.0,False,,,,,,,,,,,,,,True
2008-01-25 01:00:00+00:00,,,2008-01-25 05:30:00+00:00,2008-01-25,270.0,False,,,,,,,,,,,,,,True
2008-01-28 01:00:00+00:00,,,2008-01-28 05:30:00+00:00,2008-01-28,270.0,False,,,,,,,,,,,,,,True
2008-01-29 01:00:00+00:00,,,2008-01-29 05:30:00+00:00,2008-01-29,270.0,False,,,,,,,,,,,,,,True
2008-01-30 01:00:00+00:00,,,2008-01-30 05:30:00+00:00,2008-01-30,270.0,False,,,,,,,,,,,,,,True
2008-01-31 01:00:00+00:00,,,2008-01-31 05:30:00+00:00,2008-01-31,270.0,False,,,,,,,,,,,,,,True
2008-02-01 01:00:00+00:00,,,2008-02-01 05:30:00+00:00,2008-02-01,270.0,False,,,,,,,,,,,,,,True
2008-02-12 01:00:00+00:00,,,2008-02-12 05:30:00+00:00,2008-02-12,270.0,False,,,,,,,,,,,,,,True
2008-02-13 01:00:00+00:00,,,2008-02-13 05:30:00+00:00,2008-02-13,270.0,False,,,,,,,,,,,,,,True
2008-02-14 01:00:00+00:00,,,2008-02-14 05:30:00+00:00,2008-02-14,270.0,False,,,,,,,,,,,,,,True
2008-02-15 01:00:00+00:00,,,2008-02-15 05:30:00+00:00,2008-02-15,270.0,False,,,,,,,,,,,,,,True
2008-02-18 01:00:00+00:00,,,2008-02-18 05:30:00+00:00,2008-02-18,270.0,False,,,,,,,,,,,,,,True
2008-02-19 01:00:00+00:00,,,2008-02-19 05:30:00+00:00,2008-02-19,270.0,False,,,,,,,,,,,,,,True
2008-02-20 01:00:00+00:00,,,2008-02-20 05:30:00+00:00,2008-02-20,270.0,False,,,,,,,,,,,,,,True
2008-02-21 01:00:00+00:00,,,2008-02-21 05:30:00+00:00,2008-02-21,270.0,False,,,,,,,,,,,,,,True
2008-02-22 01:00:00+00:00,,,2008-02-22 05:30:00+00:00,2008-02-22,270.0,False,,,,,,,,,,,,,,True
2008-02-25 01:00:00+00:00,,,2008-02-25 05:30:00+00:00,2008-02-25,270.0,False,,,,,,,,,,,,,,True
2008-02-26 01:00:00+00:00,,,2008-02-26 05:30:00+00:00,2008-02-26,270.0,False,,,,,,,,,,,,,,True
2008-02-27 01:00:00+00:00,,,2008-02-27 05:30:00+00:00,2008-02-27,270.0,False,,,,,,,,,,,,,,True
2008-02-29 01:00:00+00:00,,,2008-02-29 05:30:00+00:00,2008-02-29,270.0,False,,,,,,,,,,,,,,True
2008-03-03 01:00:00+00:00,,,2008-03-03 05:30:00+00:00,2008-03-03,270.0,False,37.0,37.0,,,,,,,,,0.0,,,True
2008-03-04 01:00:00+00:00,,,2008-03-04 05:30:00+00:00,2008-03-04,270.0,False,,,,,,,,,,,,,,True
2008-03-05 01:00:00+00:00,,,2008-03-05 05:30:00+00:00,2008-03-05,270.0,False,,,,,,,,,,,,,,True
2008-03-06 01:00:00+00:00,,,2008-03-06 05:30:00+00:00,2008-03-06,270.0,False,,,,,,,,,,,,,,True
2008-03-07 01:00:00+00:00,,,2008-03-07 05:30:00+00:00,2008-03-07,270.0,False,,,,,,,,,,,,,,True
2008-03-10 01:00:00+00:00,,,2008-03-10 05:30:00+00:00,2008-03-10,270.0,False,,,,,,,,,,,,,,True
2008-03-11 01:00:00+00:00,,,2008-03-11 05:30:00+00:00,2008-03-11,270.0,False,,,,,,,,,,,,,,True
2008-03-12 01:00:00+00:00,,,2008-03-12 05:30:00+00:00,2008-03-12,270.0,False,,,,,,,,,,,,,,True
2008-03-13 01:00:00+00:00,,,2008-03-13 05:30:00+00:00,2008-03-13,270.0,False,,,,,,,,,,,,,,True
2008-03-14 01:00:00+00:00,,,2008-03-14 05:30:00+00:00,2008-03-14,270.0,False,,,,,,,,,,,,,,True
2008-03-17 01:00:00+00:00,,,2008-03-17 05:30:00+00:00,2008-03-17,270.0,False,,,,,,,,,,,,,,True
2008-03-18 01:00:00+00:00,,,2008-03-18 05:30:00+00:00,2008-03-18,270.0,False,,,,,,,,,,,,,,True
2008-03-19 01:00:00+00:00,,,2008-03-19 05:30:00+00:00,2008-03-19,270.0,False,,,,,,,,,,,,,,True
2008-03-20 01:00:00+00:00,,,2008-03-20 05:30:00+00:00,2008-03-20,270.0,False,,,,,,,,,,,,,,True
2008-03-21 01:00:00+00:00,,,2008-03-21 05:30:00+00:00,2008-03-21,270.0,False,,,,,,,,,,,,,,True
2008-03-24 01:00:00+00:00,,,2008-03-24 05:30:00+00:00,2008-03-24,270.0,False,,,,,,,,,,,,,,True
2008-03-25 01:00:00+00:00,,,2008-03-25 05:30:00+00:00,2008-03-25,270.0,False,,,,,,,,,,,,,,True
2008-03-26 01:00:00+00:00,,,2008-03-26 05:30:00+00:00,2008-03-26,270.0,False,,,,,,,,,,,,,,True
2008-03-27 01:00:00+00:00,,,2008-03-27 05:30:00+00:00,2008-03-27,270.0,False,,,,,,,,,,,,,,True
2008-03-28 01:00:00+00:00,,,2008-03-28 05:30:00+00:00,2008-03-28,270.0,False,,,,,,,,,,,,,,True
2008-03-31 01:00:00+00:00,,,2008-03-31 05:30:00+00:00,2008-03-31,270.0,False,,,,,,,,,,,,,,True
2008-04-01 01:00:00+00:00,,,2008-04-01 05:30:00+00:00,2008-04-01,270.0,False,,,,,,,,,,,,,,True
2008-04-02 01:00:00+00:00,,,2008-04-02 05:30:00+00:00,2008-04-02,270.0,False,,,,,,,,,,,,,,True
2008-04-03 01:00:00+00:00,,,2008-04-03 05:30:00+00:00,2008-04-03,270.0,False,,,,,,,,,,,,,,True
2008-04-07 01:00:00+00:00,,,2008-04-07 05:30:00+00:00,2008-04-07,270.0,False,,,,,,,,,,,,,,True
2008-04-08 01:00:00+00:00,,,2008-04-08 05:30:00+00:00,2008-04-08,270.0,False,39.0,39.0,,,,,,,,,0.0,,,True
2008-04-09 01:00:00+00:00,,,2008-04-09 05:30:00+00:00,2008-04-09,270.0,False,,,,,,,,,,,,,,True
2008-04-10 01:00:00+00:00,,,2008-04-10 05:30:00+00:00,2008-04-10,270.0,False,,,,,,,,,,,,,,True
2008-04-11 01:00:00+00:00,,,2008-04-11 05:30:00+00:00,2008-04-11,270.0,False,,,,,,,,,,,,,,True
2008-04-14 01:00:00+00:00,,,2008-04-14 05:30:00+00:00,2008-04-14,270.0,False,,,,,,,,,,,,,,True
2008-04-15 01:00:00+00:00,,,2008-04-15 05:30:00+00:00,2008-04-15,270.0,False,,,,,,,,,,,,,,True
2008-04-16 01:00:00+00:00,,,2008-04-16 05:30:00+00:00,2008-04-16,270.0,False,,,,,,,,,,,,,,True
2008-04-17 01:00:00+00:00,,,2008-04-17 05:30:00+00:00,2008-04-17,270.0,False,,,,,,,,,,,,,,True
2008-04-18 01:00:00+00:00,,,2008-04-18 05:30:00+00:00,2008-04-18,270.0,False,,,,,,,,,,,,,,True
2008-04-21 01:00:00+00:00,,,2008-04-21 05:30:00+00:00,2008-04-21,270.0,False,,,,,,,,,,,,,,True
2008-04-22 01:00:00+00:00,,,2008-04-22 05:30:00+00:00,2008-04-22,270.0,False,,,,,,,,,,,,,,True
2008-04-23 01:00:00+00:00,,,2008-04-23 05:30:00+00:00,2008-04-23,270.0,False,,,,,,,,,,,,,,True
2008-04-24 01:00:00+00:00,,,2008-04-24 05:30:00+00:00,2008-04-24,270.0,False,,,,,,,,,,,,,,True
2008-04-25 01:00:00+00:00,,,2008-04-25 05:30:00+00:00,2008-04-25,270.0,False,,,,,,,,,,,,,,True
2008-04-28 01:00:00+00:00,,,2008-04-28 05:30:00+00:00,2008-04-28,270.0,False,,,,,,,,,,,,,,True
2008-04-29 01:00:00+00:00,,,2008-04-29 05:30:00+00:00,2008-04-29,270.0,False,,,,,,,,,,,,,,True
2008-04-30 01:00:00+00:00,,,2008-04-30 05:30:00+00:00,2008-04-30,270.0,False,,,,,,,,,,,,,,True
2008-05-02 01:00:00+00:00,,,2008-05-02 05:30:00+00:00,2008-05-02,270.0,False,,,,,,,,,,,,,,True
2008-05-05 01:00:00+00:00,,,2008-05-05 05:30:00+00:00,2008-05-05,270.0,False,,,,,,,,,,,,,,True
2008-05-06 01:00:00+00:00,,,2008-05-06 05:30:00+00:00,2008-05-06,270.0,False,,,,,,,,,,,,,,True
2008-05-07 01:00:00+00:00,,,2008-05-07 05:30:00+00:00,2008-05-07,270.0,False,,,,,,,,,,,,,,True
2008-05-08 01:00:00+00:00,,,2008-05-08 05:30:00+00:00,2008-05-08,270.0,False,,,,,,,,,,,,,,True
2008-05-09 01:00:00+00:00,,,2008-05-09 05:30:00+00:00,2008-05-09,270.0,False,,,,,,,,,,,,,,True
2008-05-12 01:00:00+00:00,,,2008-05-12 05:30:00+00:00,2008-05-12,270.0,False,,,,,,,,,,,,,,True
2008-05-13 01:00:00+00:00,,,2008-05-13 05:30:00+00:00,2008-05-13,270.0,False,,,,,,,,,,,,,,True
2008-05-14 01:00:00+00:00,,,2008-05-14 05:30:00+00:00,2008-05-14,270.0,False,,,,,,,,,,,,,,True
2008-05-15 01:00:00+00:00,,,2008-05-15 05:30:00+00:00,2008-05-15,270.0,False,,,,,,,,,,,,,,True
2008-05-16 01:00:00+00:00,,,2008-05-16 05:30:00+00:00,2008-05-16,270.0,False,,,,,,,,,,,,,,True
2008-05-19 01:00:00+00:00,,,2008-05-19 05:30:00+00:00,2008-05-19,270.0,False,,,,,,,,,,,,,,True
2008-05-20 01:00:00+00:00,,,2008-05-20 05:30:00+00:00,2008-05-20,270.0,False,,,,,,,,,,,,,,True
2008-05-21 01:00:00+00:00,,,2008-05-21 05:30:00+00:00,2008-05-21,270.0,False,,,,,,,,,,,,,,True
2008-05-22 01:00:00+00:00,,,2008-05-22 05:30:00+00:00,2008-05-22,270.0,False,,,,,,,,,,,,,,True
2008-05-23 01:00:00+00:00,,,2008-05-23 05:30:00+00:00,2008-05-23,270.0,False,,,,,,,,,,,,,,True
2008-05-26 01:00:00+00:00,,,2008-05-26 05:30:00+00:00,2008-05-26,270.0,False,,,,,,,,,,,,,,True
2008-05-27 01:00:00+00:00,,,2008-05-27 05:30:00+00:00,2008-05-27,270.0,False,,,,,,,,,,,,,,True
2008-05-28 01:00:00+00:00,,,2008-05-28 05:30:00+00:00,2008-05-28,270.0,False,,,,,,,,,,,,,,True
2008-05-29 01:00:00+00:00,,,2008-05-29 05:30:00+00:00,2008-05-29,270.0,False,,,,,,,,,,,,,,True
2008-05-30 01:00:00+00:00,,,2008-05-30 05:30:00+00:00,2008-05-30,270.0,False,,,,,,,,,,,,,,True
2008-06-02 01:00:00+00:00,,,2008-06-02 05:30:00+00:00,2008-06-02,270.0,False,,,,,,,,,,,,,,True
2008-06-03 01:00:00+00:00,,,2008-06-03 05:30:00+00:00,2008-06-03,270.0,False,,,,,,,,,,,,,,True
2008-06-04 01:00:00+00:00,,,2008-06-04 05:30:00+00:00,2008-06-04,270.0,False,,,,,,,,,,,,,,True
2008-06-05 01:00:00+00:00,,,2008-06-05 05:30:00+00:00,2008-06-05,270.0,False,,,,,,,,,,,,,,True
2008-06-06 01:00:00+00:00,,,2008-06-06 05:30:00+00:00,2008-06-06,270.0,False,,,,,,,,,,,,,,True
2008-06-09 01:00:00+00:00,,,2008-06-09 05:30:00+00:00,2008-06-09,270.0,False,,,,,,,,,,,,,,True
2008-06-10 01:00:00+00:00,,,2008-06-10 05:30:00+00:00,2008-06-10,270.0,False,,,,,8370.0,,,,,,,,,True
2008-06-11 01:00:00+00:00,,,2008-06-11 05:30:00+00:00,2008-06-11,270.0,False,,,,,,,,,,,,,,True
2008-06-12 01:00:00+00:00,,,2008-06-12 05:30:00+00:00,2008-06-12,270.0,False,,,,,,,,,,,,,,True
2008-06-13 01:00:00+00:00,,,2008-06-13 05:30:00+00:00,2008-06-13,270.0,False,,,,,,,,,,,,,,True
2008-06-16 01:00:00+00:00,,,2008-06-16 05:30:00+00:00,2008-06-16,270.0,False,,,,,,,,,,,,,,True
2008-06-17 01:00:00+00:00,,,2008-06-17 05:30:00+00:00,2008-06-17,270.0,False,,,,,,,,,,,,,,True
2008-06-18 01:00:00+00:00,,,2008-06-18 05:30:00+00:00,2008-06-18,270.0,False,,,,,,,,,,,,,,True
2008-06-19 01:00:00+00:00,,,2008-06-19 05:30:00+00:00,2008-06-19,270.0,False,,,,,,,,,,,,,,True
2008-06-20 01:00:00+00:00,,,2008-06-20 05:30:00+00:00,2008-06-20,270.0,False,,,,,,,,,,,,,,True
2008-06-23 01:00:00+00:00,,,2008-06-23 05:30:00+00:00,2008-06-23,270.0,False,,,,,,,,,,,,,,True
2008-06-24 01:00:00+00:00,,,2008-06-24 05:30:00+00:00,2008-06-24,270.0,False,,,,,,,,,,,,,,True
2008-06-25 01:00:00+00:00,,,2008-06-25 05:30:00+00:00,2008-06-25,270.0,False,,,,,,,,,,,,,,True
2008-06-26 01:00:00+00:00,,,2008-06-26 05:30:00+00:00,2008-06-26,270.0,False,,,,,,,,,,,,,,True
2008-06-27 01:00:00+00:00,,,2008-06-27 05:30:00+00:00,2008-06-27,270.0,False,,,,,,,,,,,,,,True
2008-06-30 01:00:00+00:00,,,2008-06-30 05:30:00+00:00,2008-06-30,270.0,False,,,,,,,,,,,,,,True
2008-07-01 01:00:00+00:00,,,2008-07-01 05:30:00+00:00,2008-07-01,270.0,False,,,,,,,,,,,,,,True
2008-07-02 01:00:00+00:00,,,2008-07-02 05:30:00+00:00,2008-07-02,270.0,False,,,,,,,,,,,,,,True
2008-07-03 01:00:00+00:00,,,2008-07-03 05:30:00+00:00,2008-07-03,270.0,False,,,,,,,,,,,,,,True
2008-07-04 01:00:00+00:00,,,2008-07-04 05:30:00+00:00,2008-07-04,270.0,False,,,,,,,,,,,,,,True
2008-07-07 01:00:00+00:00,,,2008-07-07 05:30:00+00:00,2008-07-07,270.0,False,,,,,,,,,,,,,,True
2008-07-08 01:00:00+00:00,,,2008-07-08 05:30:00+00:00,2008-07-08,270.0,False,,,,,,,,,,,,,,True
2008-07-09 01:00:00+00:00,,,2008-07-09 05:30:00+00:00,2008-07-09,270.0,False,,,,,,,,,,,,,,True
2008-07-10 01:00:00+00:00,,,2008-07-10 05:30:00+00:00,2008-07-10,270.0,False,32.0,32.0,,,,,,,,,0.0,,,True
2008-07-11 01:00:00+00:00,,,2008-07-11 05:30:00+00:00,2008-07-11,270.0,False,,,,,,,,,,,,,,True
2008-07-14 01:00:00+00:00,,,2008-07-14 05:30:00+00:00,2008-07-14,270.0,False,,,,,,,,,,,,,,True
2008-07-15 01:00:00+00:00,,,2008-07-15 05:30:00+00:00,2008-07-15,270.0,False,,,,,,,,,,,,,,True
2008-07-16 01:00:00+00:00,,,2008-07-16 05:30:00+00:00,2008-07-16,270.0,False,,,,,,,,,,,,,,True
2008-07-17 01:00:00+00:00,,,2008-07-17 05:30:00+00:00,2008-07-17,270.0,False,,,,,,,,,,,,,,True
2008-07-18 01:00:00+00:00,,,2008-07-18 05:30:00+00:00,2008-07-18,270.0,False,,,,,,,,,,,,,,True
2008-07-21 01:00:00+00:00,,,2008-07-21 05:30:00+00:00,2008-07-21,270.0,False,,,,,,,,,,,,,,True
2008-07-22 01:00:00+00:00,,,2008-07-22 05:30:00+00:00,2008-07-22,270.0,False,,,,,,,,,,,,,,True
2008-07-23 01:00:00+00:00,,,2008-07-23 05:30:00+00:00,2008-07-23,270.0,False,,,,,,,,,,,,,,True
2008-07-24 01:00:00+00:00,,,2008-07-24 05:30:00+00:00,2008-07-24,270.0,False,,,,,,,,,,,,,,True
2008-07-25 01:00:00+00:00,,,2008-07-25 05:30:00+00:00,2008-07-25,270.0,False,,,,,,,,,,,,,,True
2008-07-29 01:00:00+00:00,,,2008-07-29 05:30:00+00:00,2008-07-29,270.0,False,,,,,,,,,,,,,,True
2008-07-30 01:00:00+00:00,,,2008-07-30 05:30:00+00:00,2008-07-30,270.0,False,,,,,,,,,,,,,,True
2008-07-31 01:00:00+00:00,,,2008-07-31 05:30:00+00:00,2008-07-31,270.0,False,,,,,,,,,,,,,,True
2008-08-01 01:00:00+00:00,,,2008-08-01 05:30:00+00:00,2008-08-01,270.0,False,,,,,,,,,,,,,,True
2008-08-04 01:00:00+00:00,,,2008-08-04 05:30:00+00:00,2008-08-04,270.0,False,,,,,,,,,,,,,,True
2008-08-05 01:00:00+00:00,,,2008-08-05 05:30:00+00:00,2008-08-05,270.0,False,,,,,,,,,,,,,,True
2008-08-06 01:00:00+00:00,,,2008-08-06 05:30:00+00:00,2008-08-06,270.0,False,,,,,,,,,,,,,,True
2008-08-07 01:00:00+00:00,,,2008-08-07 05:30:00+00:00,2008-08-07,270.0,False,,,,,,,,,,,,,,True
2008-08-08 01:00:00+00:00,,,2008-08-08 05:30:00+00:00,2008-08-08,270.0,False,,,,,,,,,,,,,,True
2008-08-11 01:00:00+00:00,,,2008-08-11 05:30:00+00:00,2008-08-11,270.0,False,,,,,,,,,,,,,,True
2008-08-12 01:00:00+00:00,,,2008-08-12 05:30:00+00:00,2008-08-12,270.0,False,,,,,,,,,,,,,,True
2008-08-13 01:00:00+00:00,,,2008-08-13 05:30:00+00:00,2008-08-13,270.0,False,,,,,,,,,,,,,,True
2008-08-14 01:00:00+00:00,,,2008-08-14 05:30:00+00:00,2008-08-14,270.0,False,,,,,,,,,,,,,,True
2008-08-15 01:00:00+00:00,,,2008-08-15 05:30:00+00:00,2008-08-15,270.0,False,,,,,,,,,,,,,,True
2008-08-18 01:00:00+00:00,,,2008-08-18 05:30:00+00:00,2008-08-18,270.0,False,,,,,,,,,,,,,,True
2008-08-19 01:00:00+00:00,,,2008-08-19 05:30:00+00:00,2008-08-19,270.0,False,,,,,,,,,,,,,,True
2008-08-20 01:00:00+00:00,,,2008-08-20 05:30:00+00:00,2008-08-20,270.0,False,,,,,,,,,,,,,,True
2008-08-21 01:00:00+00:00,,,2008-08-21 05:30:00+00:00,2008-08-21,270.0,False,,,,,,,,,,,,,,True
2008-08-22 01:00:00+00:00,,,2008-08-22 05:30:00+00:00,2008-08-22,270.0,False,,,,,,,,,,,,,,True
2008-08-25 01:00:00+00:00,,,2008-08-25 05:30:00+00:00,2008-08-25,270.0,False,,,,,,,,,,,,,,True
2008-08-26 01:00:00+00:00,,,2008-08-26 05:30:00+00:00,2008-08-26,270.0,False,,,,,,,,,,,,,,True
2008-08-27 01:00:00+00:00,,,2008-08-27 05:30:00+00:00,2008-08-27,270.0,False,,,,,,,,,,,,,,True
2008-08-28 01:00:00+00:00,,,2008-08-28 05:30:00+00:00,2008-08-28,270.0,False,,,,,,,,,,,,,,True
2008-08-29 01:00:00+00:00,,,2008-08-29 05:30:00+00:00,2008-08-29,270.0,False,,,,,,,,,,,,,,True
2008-09-01 01:00:00+00:00,,,2008-09-01 05:30:00+00:00,2008-09-01,270.0,False,,,,,,,,,,,,,,True
2008-09-02 01:00:00+00:00,,,2008-09-02 05:30:00+00:00,2008-09-02,270.0,False,,,,,,,,,,,,,,True
2008-09-03 01:00:00+00:00,,,2008-09-03 05:30:00+00:00,2008-09-03,270.0,False,32.0,32.0,,,,,,,,,0.0,,,True
2008-09-04 01:00:00+00:00,,,2008-09-04 05:30:00+00:00,2008-09-04,270.0,False,,,,,,,,,,,,,,True
2008-09-05 01:00:00+00:00,,,2008-09-05 05:30:00+00:00,2008-09-05,270.0,False,,,,,,,,,,,,,,True
2008-09-08 01:00:00+00:00,,,2008-09-08 05:30:00+00:00,2008-09-08,270.0,False,,,,,,,,,,,,,,True
2008-09-09 01:00:00+00:00,,,2008-09-09 05:30:00+00:00,2008-09-09,270.0,False,,,,,,,,,,,,,,True
2008-09-10 01:00:00+00:00,,,2008-09-10 05:30:00+00:00,2008-09-10,270.0,False,,,,,,,,,,,,,,True
2008-09-11 01:00:00+00:00,,,2008-09-11 05:30:00+00:00,2008-09-11,270.0,False,,,,,,,,,,,,,,True
2008-09-12 01:00:00+00:00,,,2008-09-12 05:30:00+00:00,2008-09-12,270.0,False,,,,,,,,,,,,,,True
2008-09-15 01:00:00+00:00,,,2008-09-15 05:30:00+00:00,2008-09-15,270.0,False,,,,,,,,,,,,,,True
2008-09-16 01:00:00+00:00,,,2008-09-16 05:30:00+00:00,2008-09-16,270.0,False,,,,,,,,,,,,,,True
2008-09-17 01:00:00+00:00,,,2008-09-17 05:30:00+00:00,2008-09-17,270.0,False,,,,,,,,,,,,,,True
2008-09-18 01:00:00+00:00,,,2008-09-18 05:30:00+00:00,2008-09-18,270.0,False,,,,,,,,,,,,,,True
2008-09-19 01:00:00+00:00,,,2008-09-19 05:30:00+00:00,2008-09-19,270.0,False,,,,,,,,,,,,,,True
2008-09-22 01:00:00+00:00,,,2008-09-22 05:30:00+00:00,2008-09-22,270.0,False,,,,,,,,,,,,,,True
2008-09-23 01:00:00+00:00,,,2008-09-23 05:30:00+00:00,2008-09-23,270.0,False,,,,,,,,,,,,,,True
2008-09-24 01:00:00+00:00,,,2008-09-24 05:30:00+00:00,2008-09-24,270.0,False,,,,,,,,,,,,,,True
2008-09-25 01:00:00+00:00,,,2008-09-25 05:30:00+00:00,2008-09-25,270.0,False,,,,,,,,,,,,,,True
2008-09-26 01:00:00+00:00,,,2008-09-26 05:30:00+00:00,2008-09-26,270.0,False,,,,,,,,,,,,,,True
2008-09-30 01:00:00+00:00,,,2008-09-30 05:30:00+00:00,2008-09-30,270.0,False,,,,,,,,,,,,,,True
2008-10-01 01:00:00+00:00,,,2008-10-01 05:30:00+00:00,2008-10-01,270.0,False,,,,5854.0,,,,,,,,,,True
2008-10-02 01:00:00+00:00,,,2008-10-02 05:30:00+00:00,2008-10-02,270.0,False,,,,,,,,,,,,,,True
2008-10-03 01:00:00+00:00,,,2008-10-03 05:30:00+00:00,2008-10-03,270.0,False,,,,,,,,,,,,,,True
2008-10-06 01:00:00+00:00,,,2008-10-06 05:30:00+00:00,2008-10-06,270.0,False,,,,,,,,,,,,,,True
2008-10-07 01:00:00+00:00,,,2008-10-07 05:30:00+00:00,2008-10-07,270.0,False,,,,,,,,,,,,,,True
2008-10-08 01:00:00+00:00,,,2008-10-08 05:30:00+00:00,2008-10-08,270.0,False,,,,,,,,,,,,,,True
2008-10-09 01:00:00+00:00,,,2008-10-09 05:30:00+00:00,2008-10-09,270.0,False,,,,,,,,,,,,,,True
2008-10-13 01:00:00+00:00,,,2008-10-13 05:30:00+00:00,2008-10-13,270.0,False,,,,,,,,,,,,,,True
2008-10-14 01:00:00+00:00,,,2008-10-14 05:30:00+00:00,2008-10-14,270.0,False,,,,,,,,,,,,,,True
2008-10-15 01:00:00+00:00,,,2008-10-15 05:30:00+00:00,2008-10-15,270.0,False,,,,,,,,,,,,,,True
2008-10-16 01:00:00+00:00,,,2008-10-16 05:30:00+00:00,2008-10-16,270.0,False,,,,,,,,,,,,,,True
2008-10-17 01:00:00+00:00,,,2008-10-17 05:30:00+00:00,2008-10-17,270.0,False,,,,,,,,,,,,,,True
2008-10-20 01:00:00+00:00,,,2008-10-20 05:30:00+00:00,2008-10-20,270.0,False,,,,,,,,,,,,,,True
2008-10-21 01:00:00+00:00,,,2008-10-21 05:30:00+00:00,2008-10-21,270.0,False,,,,,,,,,,,,,,True
2008-10-22 01:00:00+00:00,,,2008-10-22 05:30:00+00:00,2008-10-22,270.0,False,,,,,,,,,,,,,,True
2008-10-23 01:00:00+00:00,,,2008-10-23 05:30:00+00:00,2008-10-23,270.0,False,,,,,,,,,,,,,,True
2008-10-24 01:00:00+00:00,,,2008-10-24 05:30:00+00:00,2008-10-24,270.0,False,,,,,,,,,,,,,,True
2008-10-27 01:00:00+00:00,,,2008-10-27 05:30:00+00:00,2008-10-27,270.0,False,,,,,,,,,,,,,,True
2008-10-28 01:00:00+00:00,,,2008-10-28 05:30:00+00:00,2008-10-28,270.0,False,,,,,,,,,,,,,,True
2008-10-29 01:00:00+00:00,,,2008-10-29 05:30:00+00:00,2008-10-29,270.0,False,,,,,,,,,,,,,,True
2008-10-30 01:00:00+00:00,,,2008-10-30 05:30:00+00:00,2008-10-30,270.0,False,,,,,,,,,,,,,,True
2008-10-31 01:00:00+00:00,,,2008-10-31 05:30:00+00:00,2008-10-31,270.0,False,,,,,,,,,,,,,,True
2008-11-03 01:00:00+00:00,,,2008-11-03 05:30:00+00:00,2008-11-03,270.0,False,,,,,,,,,,,,,,True
2008-11-04 01:00:00+00:00,,,2008-11-04 05:30:00+00:00,2008-11-04,270.0,False,,,,,,,,,,,,,,True
2008-11-05 01:00:00+00:00,,,2008-11-05 05:30:00+00:00,2008-11-05,270.0,False,,,,,,,,,,,,,,True
2008-11-06 01:00:00+00:00,,,2008-11-06 05:30:00+00:00,2008-11-06,270.0,False,,,,,,,,,,,,,,True
2008-11-07 01:00:00+00:00,,,2008-11-07 05:30:00+00:00,2008-11-07,270.0,False,,,,,,,,,,,,,,True
2008-11-10 01:00:00+00:00,,,2008-11-10 05:30:00+00:00,2008-11-10,270.0,False,,,,,,,,,,,,,,True
2008-11-11 01:00:00+00:00,,,2008-11-11 05:30:00+00:00,2008-11-11,270.0,False,,,,,,,,,,,,,,True
2008-11-12 01:00:00+00:00,,,2008-11-12 05:30:00+00:00,2008-11-12,270.0,False,,,,,,,,,,,,,,True
2008-11-13 01:00:00+00:00,,,2008-11-13 05:30:00+00:00,2008-11-13,270.0,False,,,,,,,,,,,,,,True
2008-11-14 01:00:00+00:00,,,2008-11-14 05:30:00+00:00,2008-11-14,270.0,False,,,,,,,,,,,,,,True
2008-11-17 01:00:00+00:00,,,2008-11-17 05:30:00+00:00,2008-11-17,270.0,False,,,,,,,,,,,,,,True
2008-11-18 01:00:00+00:00,,,2008-11-18 05:30:00+00:00,2008-11-18,270.0,False,,,,,,,,,,,,,,True
2008-11-19 01:00:00+00:00,,,2008-11-19 05:30:00+00:00,2008-11-19,270.0,False,,,,4266.0,,,,,,,,,,True
2008-11-20 01:00:00+00:00,,,2008-11-20 05:30:00+00:00,2008-11-20,270.0,False,,,,,,,,,,,,,,True
2008-11-21 01:00:00+00:00,,,2008-11-21 05:30:00+00:00,2008-11-21,270.0,False,,,,,,,,,,,,,,True
2008-11-24 01:00:00+00:00,,,2008-11-24 05:30:00+00:00,2008-11-24,270.0,False,,,,,,,,,,,,,,True
2008-11-25 01:00:00+00:00,,,2008-11-25 05:30:00+00:00,2008-11-25,270.0,False,,,,,,,,,,,,,,True
2008-11-26 01:00:00+00:00,,,2008-11-26 05:30:00+00:00,2008-11-26,270.0,False,,,,,,,,,,,,,,True
2008-11-27 01:00:00+00:00,,,2008-11-27 05:30:00+00:00,2008-11-27,270.0,False,,,,,,,,,,,,,,True
2008-11-28 01:00:00+00:00,,,2008-11-28 05:30:00+00:00,2008-11-28,270.0,False,,,,,,,,,,,,,,True
2008-12-01 01:00:00+00:00,,,2008-12-01 05:30:00+00:00,2008-12-01,270.0,False,,,,,,,,,,,,,,True
2008-12-02 01:00:00+00:00,,,2008-12-02 05:30:00+00:00,2008-12-02,270.0,False,,,,,,,,,,,,,,True
2008-12-03 01:00:00+00:00,,,2008-12-03 05:30:00+00:00,2008-12-03,270.0,False,,,,,,,,,,,,,,True
2008-12-04 01:00:00+00:00,,,2008-12-04 05:30:00+00:00,2008-12-04,270.0,False,,,,,,,,,,,,,,True
2008-12-05 01:00:00+00:00,,,2008-12-05 05:30:00+00:00,2008-12-05,270.0,False,,,,,,,,,,,,,,True
2008-12-08 01:00:00+00:00,,,2008-12-08 05:30:00+00:00,2008-12-08,270.0,False,,,,,,,,,,,,,,True
2008-12-09 01:00:00+00:00,,,2008-12-09 05:30:00+00:00,2008-12-09,270.0,False,,,,,,,,,,,,,,True
2008-12-10 01:00:00+00:00,,,2008-12-10 05:30:00+00:00,2008-12-10,270.0,False,,,,,,,,,,,,,,True
2008-12-11 01:00:00+00:00,,,2008-12-11 05:30:00+00:00,2008-12-11,270.0,False,,,,,,,,,,,,,,True
2008-12-12 01:00:00+00:00,,,2008-12-12 05:30:00+00:00,2008-12-12,270.0,False,,,,,,,,,,,,,,True
2008-12-15 01:00:00+00:00,,,2008-12-15 05:30:00+00:00,2008-12-15,270.0,False,,,,,,,,,,,,,,True
2008-12-16 01:00:00+00:00,,,2008-12-16 05:30:00+00:00,2008-12-16,270.0,False,,,,,,,,,,,,,,True
2008-12-17 01:00:00+00:00,,,2008-12-17 05:30:00+00:00,2008-12-17,270.0,False,,,,,,,,,,,,,,True
2008-12-18 01:00:00+00:00,,,2008-12-18 05:30:00+00:00,2008-12-18,270.0,False,,,,,,,,,,,,,,True
2008-12-19 01:00:00+00:00,,,2008-12-19 05:30:00+00:00,2008-12-19,270.0,False,,,,,,,,,,,,,,True
2008-12-22 01:00:00+00:00,,,2008-12-22 05:30:00+00:00,2008-12-22,270.0,False,,,,,,,,,,,,,,True
2008-12-23 01:00:00+00:00,,,2008-12-23 05:30:00+00:00,2008-12-23,270.0,False,,,,,,,,,,,,,,True
2008-12-24 01:00:00+00:00,,,2008-12-24 05:30:00+00:00,2008-12-24,270.0,False,,,,,,,,,,,,,,True
2008-12-25 01:00:00+00:00,,,2008-12-25 05:30:00+00:00,2008-12-25,270.0,False,,,,,,,,,,,,,,True
2008-12-26 01:00:00+00:00,,,2008-12-26 05:30:00+00:00,2008-12-26,270.0,False,,,,,,,,,,,,,,True
2008-12-29 01:00:00+00:00,,,2008-12-29 05:30:00+00:00,2008-12-29,270.0,False,,,,,,,,,,,,,,True
2008-12-30 01:00:00+00:00,,,2008-12-30 05:30:00+00:00,2008-12-30,270.0,False,,,,,,,,,,,,,,True
2008-12-31 01:00:00+00:00,,,2008-12-31 05:30:00+00:00,2008-12-31,270.0,False,,,,,,,,,,,,,,True
2009-01-05 01:00:00+00:00,,,2009-01-05 05:30:00+00:00,2009-01-05,270.0,False,0.0,,,,,,,,,,,,,True
2009-01-06 01:00:00+00:00,,,2009-01-06 05:30:00+00:00,2009-01-06,270.0,False,0.0,,,,,,,,,,,,,True
2009-01-07 01:00:00+00:00,,,2009-01-07 05:30:00+00:00,2009-01-07,270.0,False,0.0,,,,,,,,,,,,,True
2009-01-08 01:00:00+00:00,,,2009-01-08 05:30:00+00:00,2009-01-08,270.0,False,0.0,,,,,,,,,,,,,True
2009-01-09 01:00:00+00:00,,,2009-01-09 05:30:00+00:00,2009-01-09,270.0,False,0.0,,,,,,,,,,,,,True
2009-01-12 01:00:00+00:00,,,2009-01-12 05:30:00+00:00,2009-01-12,270.0,False,0.0,,,,,,,,,,,,,True
2009-01-13 01:00:00+00:00,,,2009-01-13 05:30:00+00:00,2009-01-13,270.0,False,0.0,,,,,,,,,,,,,True
2009-01-14 01:00:00+00:00,,,2009-01-14 05:30:00+00:00,2009-01-14,270.0,False,0.0,,,,,,,,,,,,,True
2009-01-15 01:00:00+00:00,,,2009-01-15 05:30:00+00:00,2009-01-15,270.0,False,0.0,,,,,,,31.0,,,,,,True
2009-01-16 01:00:00+00:00,,,2009-01-16 05:30:00+00:00,2009-01-16,270.0,False,0.0,,,,,,,30.0,,,,,,True
2009-01-19 01:00:00+00:00,,,2009-01-19 05:30:00+00:00,2009-01-19,270.0,False,0.0,,,,,,,,,,,,,True
2009-01-20 01:00:00+00:00,,,2009-01-20 05:30:00+00:00,2009-01-20,270.0,False,0.0,,,,,,,,,,,,,True
2009-01-21 01:00:00+00:00,,,2009-01-21 05:30:00+00:00,2009-01-21,270.0,False,0.0,,,,,,,,,,,,,True
2009-02-02 01:00:00+00:00,,,2009-02-02 05:30:00+00:00,2009-02-02,270.0,False,0.0,,,,,,,,,,,,,True
2009-02-03 01:00:00+00:00,,,2009-02-03 05:30:00+00:00,2009-02-03,270.0,False,0.0,,,,,,,,,,,,,True
2009-02-04 01:00:00+00:00,,,2009-02-04 05:30:00+00:00,2009-02-04,270.0,False,0.0,,,,,,,,,,,,,True
2009-02-05 01:00:00+00:00,,,2009-02-05 05:30:00+00:00,2009-02-05,270.0,False,0.0,,,,,,,,,,,,,True
2009-02-06 01:00:00+00:00,,,2009-02-06 05:30:00+00:00,2009-02-06,270.0,False,0.0,,,,,,,,,,,,,True
2009-02-09 01:00:00+00:00,,,2009-02-09 05:30:00+00:00,2009-02-09,270.0,False,0.0,,,,,,,,,,,,,True
2009-02-10 01:00:00+00:00,,,2009-02-10 05:30:00+00:00,2009-02-10,270.0,False,0.0,,,,,,,,,,,,,True
2009-02-11 01:00:00+00:00,,,2009-02-11 05:30:00+00:00,2009-02-11,270.0,False,0.0,,,,,,,,,,,,,True
2009-02-12 01:00:00+00:00,,,2009-02-12 05:30:00+00:00,2009-02-12,270.0,False,0.0,,,,,,,,,,,,,True
2009-02-13 01:00:00+00:00,,,2009-02-13 05:30:00+00:00,2009-02-13,270.0,False,0.0,,,,,,,,,,,,,True
2009-02-16 01:00:00+00:00,,,2009-02-16 05:30:00+00:00,2009-02-16,270.0,False,0.0,,,,,,,,,,,,,True
2009-02-17 01:00:00+00:00,,,2009-02-17 05:30:00+00:00,2009-02-17,270.0,False,0.0,,,,,,,,,,,,,True
2009-02-18 01:00:00+00:00,,,2009-02-18 05:30:00+00:00,2009-02-18,270.0,False,0.0,,,,,,31.0,,,,,,,True
2009-02-19 01:00:00+00:00,,,2009-02-19 05:30:00+00:00,2009-02-19,270.0,False,0.0,22.0,,,,,,,,,,,,True
2009-02-20 01:00:00+00:00,,,2009-02-20 05:30:00+00:00,2009-02-20,270.0,False,,,,,,,,,,,,,,True
2009-02-23 01:00:00+00:00,,,2009-02-23 05:30:00+00:00,2009-02-23,270.0,False,,,,,,,,,,,,,,True
2009-02-24 01:00:00+00:00,,,2009-02-24 05:30:00+00:00,2009-02-24,270.0,False,,,,,,,,,,,,,,True
2009-02-25 01:00:00+00:00,,,2009-02-25 05:30:00+00:00,2009-02-25,270.0,False,,,,,,,,,,,,,,True
2009-02-26 01:00:00+00:00,,,2009-02-26 05:30:00+00:00,2009-02-26,270.0,False,,,,,,,,,,,,,,True
2009-02-27 01:00:00+00:00,,,2009-02-27 05:30:00+00:00,2009-02-27,270.0,False,,,,,,,,,,,,,,True
2009-03-02 01:00:00+00:00,,,2009-03-02 05:30:00+00:00,2009-03-02,270.0,False,,,,,,,,,,,,,,True
2009-03-03 01:00:00+00:00,,,2009-03-03 05:30:00+00:00,2009-03-03,270.0,False,,,,,,,,,,,,,,True
2009-03-04 01:00:00+00:00,,,2009-03-04 05:30:00+00:00,2009-03-04,270.0,False,0.0,,,,,,,,,,,,,True
2009-03-05 01:00:00+00:00,,,2009-03-05 05:30:00+00:00,2009-03-05,270.0,False,0.0,23.0,,,,,,,,,,,,True
2009-03-06 01:00:00+00:00,,,2009-03-06 05:30:00+00:00,2009-03-06,270.0,False,0.0,,,,,,,,,,,,,True
2009-03-09 01:00:00+00:00,,,2009-03-09 05:30:00+00:00,2009-03-09,270.0,False,0.0,,,,,,,,,,,,,True
2009-03-10 01:00:00+00:00,,,2009-03-10 05:30:00+00:00,2009-03-10,270.0,False,0.0,,,,,,,,,,,,,True
2009-03-11 01:00:00+00:00,,,2009-03-11 05:30:00+00:00,2009-03-11,270.0,False,0.0,24.0,,,,,,,,,,,,True
2009-03-12 01:00:00+00:00,,,2009-03-12 05:30:00+00:00,2009-03-12,270.0,False,0.0,,,,,,,,,,,,,True
2009-03-13 01:00:00+00:00,,,2009-03-13 05:30:00+00:00,2009-03-13,270.0,False,0.0,,,,,,,35.0,,,,,,True
2009-03-16 01:00:00+00:00,,,2009-03-16 05:30:00+00:00,2009-03-16,270.0,False,0.0,,,,,,,,,,,,,True
2009-03-17 01:00:00+00:00,,,2009-03-17 05:30:00+00:00,2009-03-17,270.0,False,0.0,,,,,,,,,,,,,True
2009-03-18 01:00:00+00:00,,,2009-03-18 05:30:00+00:00,2009-03-18,270.0,False,0.0,,,,,,36.0,,,,,,,True
2009-03-19 01:00:00+00:00,,,2009-03-19 05:30:00+00:00,2009-03-19,270.0,False,0.0,,,,,,35.0,,,,,,,True
2009-03-20 01:00:00+00:00,,,2009-03-20 05:30:00+00:00,2009-03-20,270.0,False,0.0,,,,,,,,,,,,,True
2009-03-23 01:00:00+00:00,,,2009-03-23 05:30:00+00:00,2009-03-23,270.0,False,0.0,,,,,,,,,,,,,True
2009-03-24 01:00:00+00:00,,,2009-03-24 05:30:00+00:00,2009-03-24,270.0,False,0.0,,,,,,,,,,,,,True
2009-03-25 01:00:00+00:00,,,2009-03-25 05:30:00+00:00,2009-03-25,270.0,False,0.0,27.0,,,,,35.0,,,,,,,True
2009-03-26 01:00:00+00:00,,,2009-03-26 05:30:00+00:00,2009-03-26,270.0,False,0.0,,,,,,,,,,,,,True
2009-03-27 01:00:00+00:00,,,2009-03-27 05:30:00+00:00,2009-03-27,270.0,False,0.0,,,,,,,,,,,,,True
2009-03-30 01:00:00+00:00,,,2009-03-30 05:30:00+00:00,2009-03-30,270.0,False,0.0,,,,,,,,,,,,,True
2009-03-31 01:00:00+00:00,,,2009-03-31 05:30:00+00:00,2009-03-31,270.0,False,0.0,,,,,,,,,,,,,True
2009-04-01 01:00:00+00:00,,,2009-04-01 05:30:00+00:00,2009-04-01,270.0,False,,,,,,,,,,,,,,True
2009-04-02 01:00:00+00:00,,,2009-04-02 05:30:00+00:00,2009-04-02,270.0,False,0.0,,,,,,35.0,,,,,,,True
2009-04-03 01:00:00+00:00,,,2009-04-03 05:30:00+00:00,2009-04-03,270.0,False,0.0,,,,,,,,,,,,,True
2009-04-06 01:00:00+00:00,,,2009-04-06 05:30:00+00:00,2009-04-06,270.0,False,0.0,26.0,,,,,36.0,,,,,,,True
2009-04-07 01:00:00+00:00,,,2009-04-07 05:30:00+00:00,2009-04-07,270.0,False,0.0,,,,,,,,,,,,,True
2009-04-08 01:00:00+00:00,,,2009-04-08 05:30:00+00:00,2009-04-08,270.0,False,0.0,,,,,,40.0,,,,,,,True
2009-04-09 01:00:00+00:00,,,2009-04-09 05:30:00+00:00,2009-04-09,270.0,False,0.0,,,,,,,,,,,,,True
2009-04-10 01:00:00+00:00,,,2009-04-10 05:30:00+00:00,2009-04-10,270.0,False,0.0,,,,,,,,,,,,,True
2009-04-13 01:00:00+00:00,,,2009-04-13 05:30:00+00:00,2009-04-13,270.0,False,0.0,,,,,,,,,,,,,True
2009-04-14 01:00:00+00:00,,,2009-04-14 05:30:00+00:00,2009-04-14,270.0,False,0.0,,,,,,,,,,,,,True
2009-04-15 01:00:00+00:00,,,2009-04-15 05:30:00+00:00,2009-04-15,270.0,False,0.0,,,,,,,,,,,,,True
2009-04-16 01:00:00+00:00,,,2009-04-16 05:30:00+00:00,2009-04-16,270.0,False,0.0,,,,,,,,,,,,,True
2009-04-17 01:00:00+00:00,,,2009-04-17 05:30:00+00:00,2009-04-17,270.0,False,0.0,,,,,,,,,,,,,True
2009-04-20 01:00:00+00:00,,,2009-04-20 05:30:00+00:00,2009-04-20,270.0,False,0.0,,,,,,,,,,,,,True
2009-04-21 01:00:00+00:00,,,2009-04-21 05:30:00+00:00,2009-04-21,270.0,False,0.0,,,,,,,,,,,,,True
2009-04-22 01:00:00+00:00,,,2009-04-22 05:30:00+00:00,2009-04-22,270.0,False,0.0,,,,,,,,,,,,,True
2009-04-23 01:00:00+00:00,,,2009-04-23 05:30:00+00:00,2009-04-23,270.0,False,0.0,,,,,,,,,,,,,True
2009-04-24 01:00:00+00:00,,,2009-04-24 05:30:00+00:00,2009-04-24,270.0,False,0.0,,,,,,,,,,,,,True
2009-04-27 01:00:00+00:00,,,2009-04-27 05:30:00+00:00,2009-04-27,270.0,False,0.0,,,,,,38.0,,,,,,,True
2009-04-28 01:00:00+00:00,,,2009-04-28 05:30:00+00:00,2009-04-28,270.0,False,0.0,,,,,,,,,,,,,True
2009-04-29 01:00:00+00:00,,,2009-04-29 05:30:00+00:00,2009-04-29,270.0,False,0.0,,,,,,40.0,,,,,,,True
2009-04-30 01:00:00+00:00,,,2009-04-30 05:30:00+00:00,2009-04-30,270.0,False,0.0,,,,,,40.0,,,,,,,True
2009-05-04 01:00:00+00:00,,,2009-05-04 05:30:00+00:00,2009-05-04,270.0,False,0.0,,,,,,40.0,,,,,,,True
2009-05-05 01:00:00+00:00,,,2009-05-05 05:30:00+00:00,2009-05-05,270.0,False,0.0,,,,,,,,,,,,,True
2009-05-06 01:00:00+00:00,,,2009-05-06 05:30:00+00:00,2009-05-06,270.0,False,0.0,,,,,,,,,,,,,True
2009-05-07 01:00:00+00:00,,,2009-05-07 05:30:00+00:00,2009-05-07,270.0,False,0.0,,,,,,45.0,,,,,,,True
2009-05-08 01:00:00+00:00,,,2009-05-08 05:30:00+00:00,2009-05-08,270.0,False,0.0,,,,,,,,,,,,,True
2009-05-11 01:00:00+00:00,,,2009-05-11 05:30:00+00:00,2009-05-11,270.0,False,0.0,29.0,,,,,,,,,,,,True
2009-05-12 01:00:00+00:00,,,2009-05-12 05:30:00+00:00,2009-05-12,270.0,False,0.0,,,,,,,,,,,,,True
2009-05-13 01:00:00+00:00,,,2009-05-13 05:30:00+00:00,2009-05-13,270.0,False,0.0,,,,,,,,,,,,,True
2009-05-14 01:00:00+00:00,,,2009-05-14 05:30:00+00:00,2009-05-14,270.0,False,0.0,27.0,,,,,,,,,,,,True
2009-05-15 01:00:00+00:00,,,2009-05-15 05:30:00+00:00,2009-05-15,270.0,False,0.0,,,,,,,,,,,,,True
2009-05-18 01:00:00+00:00,,,2009-05-18 05:30:00+00:00,2009-05-18,270.0,False,0.0,,,,,,,,,,,,,True
2009-05-19 01:00:00+00:00,,,2009-05-19 05:30:00+00:00,2009-05-19,270.0,False,0.0,,,,,,48.0,,,,,,,True
2009-05-20 01:00:00+00:00,,,2009-05-20 05:30:00+00:00,2009-05-20,270.0,False,0.0,,,,,,43.0,,,,,,,True
2009-05-21 01:00:00+00:00,,,2009-05-21 05:30:00+00:00,2009-05-21,270.0,False,0.0,,,,,,,,,,,,,True
2009-05-22 01:00:00+00:00,,,2009-05-22 05:30:00+00:00,2009-05-22,270.0,False,0.0,29.0,,,,,,,,,,,,True
2009-05-25 01:00:00+00:00,,,2009-05-25 05:30:00+00:00,2009-05-25,270.0,False,0.0,,,,,,,,,,,,,True
2009-05-26 01:00:00+00:00,,,2009-05-26 05:30:00+00:00,2009-05-26,270.0,False,0.0,,,,,,,,,,,,,True
2009-05-27 01:00:00+00:00,,,2009-05-27 05:30:00+00:00,2009-05-27,270.0,False,0.0,,,,,,,48.0,,,,,,True
2009-06-01 01:00:00+00:00,,,2009-06-01 05:30:00+00:00,2009-06-01,270.0,False,0.0,,,,,,,,,,,,,True
2009-06-02 01:00:00+00:00,,,2009-06-02 05:30:00+00:00,2009-06-02,270.0,False,0.0,,,,,,,,,,,,,True
2009-06-03 01:00:00+00:00,,,2009-06-03 05:30:00+00:00,2009-06-03,270.0,False,0.0,,,6915.0,,,,,,,,,,True
2009-06-04 01:00:00+00:00,,,2009-06-04 05:30:00+00:00,2009-06-04,270.0,False,0.0,,,,,,,,,,,,,True
2009-06-05 01:00:00+00:00,,,2009-06-05 05:30:00+00:00,2009-06-05,270.0,False,0.0,,,,,,,,,,,,,True
2009-06-08 01:00:00+00:00,,,2009-06-08 05:30:00+00:00,2009-06-08,270.0,False,0.0,,,,,,,,,,,,,True
2009-06-09 01:00:00+00:00,,,2009-06-09 05:30:00+00:00,2009-06-09,270.0,False,0.0,,,,,,,,,,,,,True
2009-06-10 01:00:00+00:00,,,2009-06-10 05:30:00+00:00,2009-06-10,270.0,False,0.0,,,,,,,,,,,,,True
2009-06-11 01:00:00+00:00,,,2009-06-11 05:30:00+00:00,2009-06-11,270.0,False,0.0,,,,,,,,,,,,,True
2009-06-12 01:00:00+00:00,,,2009-06-12 05:30:00+00:00,2009-06-12,270.0,False,0.0,,,,,,,,,,,,,True
2009-06-15 01:00:00+00:00,,,2009-06-15 05:30:00+00:00,2009-06-15,270.0,False,0.0,,,,,,,,,,,,,True
2009-06-16 01:00:00+00:00,,,2009-06-16 05:30:00+00:00,2009-06-16,270.0,False,0.0,,,,,,,,,,,,,True
2009-06-17 01:00:00+00:00,,,2009-06-17 05:30:00+00:00,2009-06-17,270.0,False,0.0,,,,,,,,,,,,,True
2009-06-18 01:00:00+00:00,,,2009-06-18 05:30:00+00:00,2009-06-18,270.0,False,0.0,,,,,,,,,,,,,True
2009-06-19 01:00:00+00:00,,,2009-06-19 05:30:00+00:00,2009-06-19,270.0,False,0.0,,,,,,,,,,,,,True
2009-06-22 01:00:00+00:00,,,2009-06-22 05:30:00+00:00,2009-06-22,270.0,False,0.0,,,,,,,,,,,,,True
2009-06-23 01:00:00+00:00,,,2009-06-23 05:30:00+00:00,2009-06-23,270.0,False,0.0,,,,,,,,,,,,,True
2009-06-24 01:00:00+00:00,,,2009-06-24 05:30:00+00:00,2009-06-24,270.0,False,0.0,27.0,,,,,,,,,,,,True
2009-06-25 01:00:00+00:00,,,2009-06-25 05:30:00+00:00,2009-06-25,270.0,False,0.0,,,,,,,,,,,,,True
2009-06-26 01:00:00+00:00,,,2009-06-26 05:30:00+00:00,2009-06-26,270.0,False,0.0,,,,,,,,,,,,,True
2009-06-29 01:00:00+00:00,,,2009-06-29 05:30:00+00:00,2009-06-29,270.0,False,0.0,,,,,,,,,,,,,True
2009-06-30 01:00:00+00:00,,,2009-06-30 05:30:00+00:00,2009-06-30,270.0,False,0.0,,,,,,,,,,,,,True
2009-07-01 01:00:00+00:00,,,2009-07-01 05:30:00+00:00,2009-07-01,270.0,False,0.0,,,,,,,,,,,,,True
2009-07-02 01:00:00+00:00,,,2009-07-02 05:30:00+00:00,2009-07-02,270.0,False,0.0,,,,,,,,,,,,,True
2009-07-03 01:00:00+00:00,,,2009-07-03 05:30:00+00:00,2009-07-03,270.0,False,0.0,,,,,,,,,,,,,True
2009-07-06 01:00:00+00:00,,,2009-07-06 05:30:00+00:00,2009-07-06,270.0,False,0.0,,,,,,,,,,,,,True
2009-07-07 01:00:00+00:00,,,2009-07-07 05:30:00+00:00,2009-07-07,270.0,False,0.0,,,,,,,,,,,,,True
2009-07-08 01:00:00+00:00,,,2009-07-08 05:30:00+00:00,2009-07-08,270.0,False,0.0,,,,,,,,,,,,,True
2009-07-09 01:00:00+00:00,,,2009-07-09 05:30:00+00:00,2009-07-09,270.0,False,0.0,,,,,,,,,,,,,True
2009-07-10 01:00:00+00:00,,,2009-07-10 05:30:00+00:00,2009-07-10,270.0,False,0.0,,,,,,,,,,,,,True
2009-07-13 01:00:00+00:00,,,2009-07-13 05:30:00+00:00,2009-07-13,270.0,False,0.0,,,,,,,,,,,,,True
2009-07-14 01:00:00+00:00,,,2009-07-14 05:30:00+00:00,2009-07-14,270.0,False,0.0,29.0,,,,,,,,,,,,True
2009-07-15 01:00:00+00:00,,,2009-07-15 05:30:00+00:00,2009-07-15,270.0,False,0.0,,,,,,,,,,,,,True
2009-07-16 01:00:00+00:00,,,2009-07-16 05:30:00+00:00,2009-07-16,270.0,False,0.0,,,,,,,,,,,,,True
2009-07-17 01:00:00+00:00,,,2009-07-17 05:30:00+00:00,2009-07-17,270.0,False,0.0,,,,,,,,,,,,,True
2009-07-20 01:00:00+00:00,,,2009-07-20 05:30:00+00:00,2009-07-20,270.0,False,0.0,,,,,,,,,,,,,True
2009-07-21 01:00:00+00:00,,,2009-07-21 05:30:00+00:00,2009-07-21,270.0,False,0.0,,,,,,,,,,,,,True
2009-07-22 01:00:00+00:00,,,2009-07-22 05:30:00+00:00,2009-07-22,270.0,False,0.0,,,,,,,,,,,,,True
2009-07-23 01:00:00+00:00,,,2009-07-23 05:30:00+00:00,2009-07-23,270.0,False,0.0,,,,,,,,,,,,,True
2009-07-24 01:00:00+00:00,,,2009-07-24 05:30:00+00:00,2009-07-24,270.0,False,0.0,,,,,,,,,,,,,True
2009-07-27 01:00:00+00:00,,,2009-07-27 05:30:00+00:00,2009-07-27,270.0,False,0.0,,,,,,,,,,,,,True
2009-07-28 01:00:00+00:00,,,2009-07-28 05:30:00+00:00,2009-07-28,270.0,False,0.0,,,,,,,,,,,,,True
2009-07-29 01:00:00+00:00,,,2009-07-29 05:30:00+00:00,2009-07-29,270.0,False,0.0,,,,,,,,,,,,,True
2009-07-30 01:00:00+00:00,,,2009-07-30 05:30:00+00:00,2009-07-30,270.0,False,0.0,,,,,,,,,,,,,True
2009-07-31 01:00:00+00:00,,,2009-07-31 05:30:00+00:00,2009-07-31,270.0,False,0.0,,,,,,,,,,,,,True
2009-08-03 01:00:00+00:00,,,2009-08-03 05:30:00+00:00,2009-08-03,270.0,False,0.0,31.0,,,,,,,,,,,,True
2009-08-04 01:00:00+00:00,,,2009-08-04 05:30:00+00:00,2009-08-04,270.0,False,0.0,,,,,,,,,,,,,True
2009-08-05 01:00:00+00:00,,,2009-08-05 05:30:00+00:00,2009-08-05,270.0,False,0.0,,,,,,,,,,,,,True
2009-08-06 01:00:00+00:00,,,2009-08-06 05:30:00+00:00,2009-08-06,270.0,False,0.0,,,,,,,,,,,,,True
2009-08-10 01:00:00+00:00,,,2009-08-10 05:30:00+00:00,2009-08-10,270.0,False,0.0,,,,,,48.0,,,,,,,True
2009-08-11 01:00:00+00:00,,,2009-08-11 05:30:00+00:00,2009-08-11,270.0,False,0.0,,,,,,,,,,,,,True
2009-08-12 01:00:00+00:00,,,2009-08-12 05:30:00+00:00,2009-08-12,270.0,False,0.0,31.0,,,,,,,,,,,,True
2009-08-13 01:00:00+00:00,,,2009-08-13 05:30:00+00:00,2009-08-13,270.0,False,0.0,,,,,,0.0,,,,,,,True
2009-08-14 01:00:00+00:00,,,2009-08-14 05:30:00+00:00,2009-08-14,270.0,False,0.0,,,,,,,,,,,,,True
2009-08-17 01:00:00+00:00,,,2009-08-17 05:30:00+00:00,2009-08-17,270.0,False,0.0,,,,,,,,,,,,,True
2009-08-18 01:00:00+00:00,,,2009-08-18 05:30:00+00:00,2009-08-18,270.0,False,0.0,30.0,,,,,,,,,,,,True
2009-08-19 01:00:00+00:00,,,2009-08-19 05:30:00+00:00,2009-08-19,270.0,False,0.0,,,,,,,,,,,,,True
2009-08-20 01:00:00+00:00,,,2009-08-20 05:30:00+00:00,2009-08-20,270.0,False,0.0,,,,,,,,,,,,,True
2009-08-21 01:00:00+00:00,,,2009-08-21 05:30:00+00:00,2009-08-21,270.0,False,0.0,,,,,,,,,,,,,True
2009-08-24 01:00:00+00:00,,,2009-08-24 05:30:00+00:00,2009-08-24,270.0,False,0.0,,,,,,48.0,,,,,,,True
2009-08-25 01:00:00+00:00,,,2009-08-25 05:30:00+00:00,2009-08-25,270.0,False,0.0,,,,,,,,,,,,,True
2009-08-26 01:00:00+00:00,,,2009-08-26 05:30:00+00:00,2009-08-26,270.0,False,0.0,,,,,,,48.0,,,,,,True
2009-08-27 01:00:00+00:00,,,2009-08-27 05:30:00+00:00,2009-08-27,270.0,False,0.0,30.0,,,,,,,,,,,,True
2009-08-28 01:00:00+00:00,,,2009-08-28 05:30:00+00:00,2009-08-28,270.0,False,0.0,,,,,,,,,,,,,True
2009-08-31 01:00:00+00:00,,,2009-08-31 05:30:00+00:00,2009-08-31,270.0,False,0.0,,,,,,,,,,,,,True
2009-09-01 01:00:00+00:00,,,2009-09-01 05:30:00+00:00,2009-09-01,270.0,False,0.0,,,,,,,,,,,,,True
2009-09-02 01:00:00+00:00,,,2009-09-02 05:30:00+00:00,2009-09-02,270.0,False,0.0,,,,,,,,,,,,,True
2009-09-03 01:00:00+00:00,,,2009-09-03 05:30:00+00:00,2009-09-03,270.0,False,0.0,,,,,,,,,,,,,True
2009-09-04 01:00:00+00:00,,,2009-09-04 05:30:00+00:00,2009-09-04,270.0,False,0.0,,,,,,,,,,,,,True
2009-09-07 01:00:00+00:00,,,2009-09-07 05:30:00+00:00,2009-09-07,270.0,False,0.0,,,,,,,,,,,,,True
2009-09-08 01:00:00+00:00,,,2009-09-08 05:30:00+00:00,2009-09-08,270.0,False,0.0,,,,,,,,,,,,,True
2009-09-09 01:00:00+00:00,,,2009-09-09 05:30:00+00:00,2009-09-09,270.0,False,0.0,,,,,,,,,,,,,True
2009-09-10 01:00:00+00:00,,,2009-09-10 05:30:00+00:00,2009-09-10,270.0,False,0.0,,,,,,,,,,,,,True
2009-09-11 01:00:00+00:00,,,2009-09-11 05:30:00+00:00,2009-09-11,270.0,False,0.0,,,,,,,,,,,,,True
2009-09-14 01:00:00+00:00,,,2009-09-14 05:30:00+00:00,2009-09-14,270.0,False,0.0,,,,,,,,,,,,,True
2009-09-15 01:00:00+00:00,,,2009-09-15 05:30:00+00:00,2009-09-15,270.0,False,0.0,,,,,,,,,,,,,True
2009-09-16 01:00:00+00:00,,,2009-09-16 05:30:00+00:00,2009-09-16,270.0,False,0.0,,,,,,,,,,,,,True
2009-09-17 01:00:00+00:00,,,2009-09-17 05:30:00+00:00,2009-09-17,270.0,False,0.0,,,,,,,,,,,,,True
2009-09-18 01:00:00+00:00,,,2009-09-18 05:30:00+00:00,2009-09-18,270.0,False,0.0,,,,,,,,,,,,,True
2009-09-21 01:00:00+00:00,,,2009-09-21 05:30:00+00:00,2009-09-21,270.0,False,0.0,,,7523.0,,,,,,,,,,True
2009-09-22 01:00:00+00:00,,,2009-09-22 05:30:00+00:00,2009-09-22,270.0,False,0.0,,,,,,,,,,,,,True
2009-09-23 01:00:00+00:00,,,2009-09-23 05:30:00+00:00,2009-09-23,270.0,False,0.0,,,,,,,,,,,,,True
2009-09-24 01:00:00+00:00,,,2009-09-24 05:30:00+00:00,2009-09-24,270.0,False,0.0,,,,,,,52.0,,,,,,True
2009-09-25 01:00:00+00:00,,,2009-09-25 05:30:00+00:00,2009-09-25,270.0,False,0.0,,,,,,,,,,,,,True
2009-09-28 01:00:00+00:00,,,2009-09-28 05:30:00+00:00,2009-09-28,270.0,False,0.0,,,,,,,,,,,,,True
2009-09-29 01:00:00+00:00,,,2009-09-29 05:30:00+00:00,2009-09-29,270.0,False,0.0,,,,,,,,,,,,,True
2009-09-30 01:00:00+00:00,,,2009-09-30 05:30:00+00:00,2009-09-30,270.0,False,0.0,,,,,,,,,,,,,True
2009-10-01 01:00:00+00:00,,,2009-10-01 05:30:00+00:00,2009-10-01,270.0,False,0.0,,,,,,,,,,,,,True
2009-10-02 01:00:00+00:00,,,2009-10-02 05:30:00+00:00,2009-10-02,270.0,False,0.0,,,,,,,,,,,,,True
2009-10-05 01:00:00+00:00,,,2009-10-05 05:30:00+00:00,2009-10-05,270.0,False,0.0,,,,,,,,,,,,,True
2009-10-06 01:00:00+00:00,,,2009-10-06 05:30:00+00:00,2009-10-06,270.0,False,0.0,,,,,,,,,,,,,True
2009-10-07 01:00:00+00:00,,,2009-10-07 05:30:00+00:00,2009-10-07,270.0,False,0.0,,,,,,,,,,,,,True
2009-10-08 01:00:00+00:00,,,2009-10-08 05:30:00+00:00,2009-10-08,270.0,False,0.0,,,,,,,,,,,,,True
2009-10-09 01:00:00+00:00,,,2009-10-09 05:30:00+00:00,2009-10-09,270.0,False,0.0,,,,,,,,,,,,,True
2009-10-12 01:00:00+00:00,,,2009-10-12 05:30:00+00:00,2009-10-12,270.0,False,0.0,,,,,,,,,,,,,True
2009-10-13 01:00:00+00:00,,,2009-10-13 05:30:00+00:00,2009-10-13,270.0,False,0.0,,,,,,,,,,,,,True
2009-10-14 01:00:00+00:00,,,2009-10-14 05:30:00+00:00,2009-10-14,270.0,False,0.0,,,,,,,,,,,,,True
2009-10-15 01:00:00+00:00,,,2009-10-15 05:30:00+00:00,2009-10-15,270.0,False,0.0,,,,,,,,,,,,,True
2009-10-16 01:00:00+00:00,,,2009-10-16 05:30:00+00:00,2009-10-16,270.0,False,0.0,,,,,,,,,,,,,True
2009-10-19 01:00:00+00:00,,,2009-10-19 05:30:00+00:00,2009-10-19,270.0,False,0.0,,,,,,,,,,,,,True
2009-10-20 01:00:00+00:00,,,2009-10-20 05:30:00+00:00,2009-10-20,270.0,False,0.0,,,,,,,,,,,,,True
2009-10-21 01:00:00+00:00,,,2009-10-21 05:30:00+00:00,2009-10-21,270.0,False,0.0,,,,,,,,,,,,,True
2009-10-22 01:00:00+00:00,,,2009-10-22 05:30:00+00:00,2009-10-22,270.0,False,0.0,,,,,,,,,,,,,True
2009-10-23 01:00:00+00:00,,,2009-10-23 05:30:00+00:00,2009-10-23,270.0,False,0.0,,,,,,,,,,,,,True
2009-10-26 01:00:00+00:00,,,2009-10-26 05:30:00+00:00,2009-10-26,270.0,False,0.0,,,,,,,,,,,,,True
2009-10-27 01:00:00+00:00,,,2009-10-27 05:30:00+00:00,2009-10-27,270.0,False,0.0,,,,,,,,,,,,,True
2009-10-28 01:00:00+00:00,,,2009-10-28 05:30:00+00:00,2009-10-28,270.0,False,0.0,,,,,,,,,,,,,True
2009-10-29 01:00:00+00:00,,,2009-10-29 05:30:00+00:00,2009-10-29,270.0,False,0.0,,,,,,,,,,,,,True
2009-10-30 01:00:00+00:00,,,2009-10-30 05:30:00+00:00,2009-10-30,270.0,False,0.0,,,,,,,,,,,,,True
2009-11-02 01:00:00+00:00,,,2009-11-02 05:30:00+00:00,2009-11-02,270.0,False,0.0,,,,,,,,,,,,,True
2009-11-03 01:00:00+00:00,,,2009-11-03 05:30:00+00:00,2009-11-03,270.0,False,0.0,,,,,,,51.0,,,,,,True
2009-11-04 01:00:00+00:00,,,2009-11-04 05:30:00+00:00,2009-11-04,270.0,False,0.0,,,,,,,,,,,,,True
2009-11-05 01:00:00+00:00,,,2009-11-05 05:30:00+00:00,2009-11-05,270.0,False,0.0,,,,,,,,,,,,,True
2009-11-06 01:00:00+00:00,,,2009-11-06 05:30:00+00:00,2009-11-06,270.0,False,0.0,,,,,,,,,,,,,True
2009-11-09 01:00:00+00:00,,,2009-11-09 05:30:00+00:00,2009-11-09,270.0,False,0.0,,,,,,,,,,,,,True
2009-11-10 01:00:00+00:00,,,2009-11-10 05:30:00+00:00,2009-11-10,270.0,False,0.0,,,,,,53.0,,,,,,,True
2009-11-11 01:00:00+00:00,,,2009-11-11 05:30:00+00:00,2009-11-11,270.0,False,0.0,,,,,,,,,,,,,True
2009-11-12 01:00:00+00:00,,,2009-11-12 05:30:00+00:00,2009-11-12,270.0,False,0.0,,,,,,,,,,,,,True
2009-11-13 01:00:00+00:00,,,2009-11-13 05:30:00+00:00,2009-11-13,270.0,False,0.0,,,,,,,,,,,,,True
2009-11-16 01:00:00+00:00,,,2009-11-16 05:30:00+00:00,2009-11-16,270.0,False,0.0,34.0,,,,,,,,,,,,True
2009-11-17 01:00:00+00:00,,,2009-11-17 05:30:00+00:00,2009-11-17,270.0,False,0.0,,,,,,,,,,,,,True
2009-11-18 01:00:00+00:00,,,2009-11-18 05:30:00+00:00,2009-11-18,270.0,False,0.0,,,,,,,,,,,,,True
2009-11-19 01:00:00+00:00,,,2009-11-19 05:30:00+00:00,2009-11-19,270.0,False,0.0,,,,,,,,,,,,,True
2009-11-20 01:00:00+00:00,,,2009-11-20 05:30:00+00:00,2009-11-20,270.0,False,0.0,,,,,,,,,,,,,True
2009-11-23 01:00:00+00:00,,,2009-11-23 05:30:00+00:00,2009-11-23,270.0,False,0.0,,,,,,,,,,,,,True
2009-11-24 01:00:00+00:00,,,2009-11-24 05:30:00+00:00,2009-11-24,270.0,False,0.0,,,,,,,,,,,,,True
2009-11-25 01:00:00+00:00,,,2009-11-25 05:30:00+00:00,2009-11-25,270.0,False,0.0,,,,,,,54.0,,,,,,True
2009-11-26 01:00:00+00:00,,,2009-11-26 05:30:00+00:00,2009-11-26,270.0,False,0.0,,,,,,,,,,,,,True
2009-11-27 01:00:00+00:00,,,2009-11-27 05:30:00+00:00,2009-11-27,270.0,False,0.0,,,,,,,,,,,,,True
2009-11-30 01:00:00+00:00,,,2009-11-30 05:30:00+00:00,2009-11-30,270.0,False,0.0,,,,,,,,,,,,,True
2009-12-01 01:00:00+00:00,,,2009-12-01 05:30:00+00:00,2009-12-01,270.0,False,0.0,,,,,,,,,,,,,True
2009-12-02 01:00:00+00:00,,,2009-12-02 05:30:00+00:00,2009-12-02,270.0,False,0.0,,,,,,,,,,,,,True
2009-12-03 01:00:00+00:00,,,2009-12-03 05:30:00+00:00,2009-12-03,270.0,False,0.0,,,,,,,,,,,,,True
2009-12-04 01:00:00+00:00,,,2009-12-04 05:30:00+00:00,2009-12-04,270.0,False,0.0,,,,,,,,,,,,,True
2009-12-07 01:00:00+00:00,,,2009-12-07 05:30:00+00:00,2009-12-07,270.0,False,0.0,,,,,,,,,,,,,True
2009-12-08 01:00:00+00:00,,,2009-12-08 05:30:00+00:00,2009-12-08,270.0,False,0.0,,,,,,,,,,,,,True
2009-12-09 01:00:00+00:00,,,2009-12-09 05:30:00+00:00,2009-12-09,270.0,False,0.0,,,,,,,,,,,,,True
2009-12-10 01:00:00+00:00,,,2009-12-10 05:30:00+00:00,2009-12-10,270.0,False,0.0,,,,,,,53.0,,,,,,True
2009-12-11 01:00:00+00:00,,,2009-12-11 05:30:00+00:00,2009-12-11,270.0,False,0.0,,,,,,53.0,,,,,,,True
2009-12-14 01:00:00+00:00,,,2009-12-14 05:30:00+00:00,2009-12-14,270.0,False,0.0,,,,,,,,,,,,,True
2009-12-15 01:00:00+00:00,,,2009-12-15 05:30:00+00:00,2009-12-15,270.0,False,0.0,,,,,,,,,,,,,True
2009-12-16 01:00:00+00:00,,,2009-12-16 05:30:00+00:00,2009-12-16,270.0,False,0.0,,,,,,,,,,,,,True
2009-12-17 01:00:00+00:00,,,2009-12-17 05:30:00+00:00,2009-12-17,270.0,False,0.0,,,,,,,,,,,,,True
2009-12-18 01:00:00+00:00,,,2009-12-18 05:30:00+00:00,2009-12-18,270.0,False,0.0,,,,,,53.0,,,,,,,True
2009-12-21 01:00:00+00:00,,,2009-12-21 05:30:00+00:00,2009-12-21,270.0,False,0.0,,,,,,,,,,,,,True
2009-12-22 01:00:00+00:00,,,2009-12-22 05:30:00+00:00,2009-12-22,270.0,False,0.0,,,,7856.0,,54.0,,,,,,,True
2009-12-23 01:00:00+00:00,,,2009-12-23 05:30:00+00:00,2009-12-23,270.0,False,0.0,,,,,,,,,,,,,True
2009-12-24 01:00:00+00:00,,,2009-12-24 05:30:00+00:00,2009-12-24,270.0,False,0.0,35.0,,,,,,,,,,,,True
2009-12-25 01:00:00+00:00,,,2009-12-25 05:30:00+00:00,2009-12-25,270.0,False,0.0,,,,,,,,,,,,,True
2009-12-28 01:00:00+00:00,,,2009-12-28 05:30:00+00:00,2009-12-28,270.0,False,0.0,,,,,,,,,,,,,True
2009-12-29 01:00:00+00:00,,,2009-12-29 05:30:00+00:00,2009-12-29,270.0,False,0.0,,,,,,,,,,,,,True
2009-12-30 01:00:00+00:00,,,2009-12-30 05:30:00+00:00,2009-12-30,270.0,False,0.0,,,,,,,,,,,,,True
2009-12-31 01:00:00+00:00,,,2009-12-31 05:30:00+00:00,2009-12-31,270.0,False,0.0,,,,,,,,,,,,,True
2010-01-04 01:00:00+00:00,,,2010-01-04 05:30:00+00:00,2010-01-04,270.0,False,0.0,,,,,,,,,,,,,True
2010-01-05 01:00:00+00:00,,,2010-01-05 05:30:00+00:00,2010-01-05,270.0,False,0.0,,,,,,,,,,,,,True
2010-01-06 01:00:00+00:00,,,2010-01-06 05:30:00+00:00,2010-01-06,270.0,False,0.0,,,,,,,,,,,,,True
2010-01-07 01:00:00+00:00,,,2010-01-07 05:30:00+00:00,2010-01-07,270.0,False,0.0,37.0,,,,,,,,,,,,True
2010-01-08 01:00:00+00:00,,,2010-01-08 05:30:00+00:00,2010-01-08,270.0,False,0.0,,,,,,,,,,,,,True
2010-01-11 01:00:00+00:00,,,2010-01-11 05:30:00+00:00,2010-01-11,270.0,False,0.0,,,,,,,,,,,,,True
2010-01-12 01:00:00+00:00,,,2010-01-12 05:30:00+00:00,2010-01-12,270.0,False,0.0,37.0,,,,,,,,,,,,True
2010-01-13 01:00:00+00:00,,,2010-01-13 05:30:00+00:00,2010-01-13,270.0,False,0.0,37.0,,,,,,,,,,,,True
2010-01-14 01:00:00+00:00,,,2010-01-14 05:30:00+00:00,2010-01-14,270.0,False,0.0,37.0,,,,,,,,,,,,True
2010-01-15 01:00:00+00:00,,,2010-01-15 05:30:00+00:00,2010-01-15,270.0,False,0.0,,,,,,,,,,,,,True
2010-01-18 01:00:00+00:00,,,2010-01-18 05:30:00+00:00,2010-01-18,270.0,False,0.0,,,,,,,,,,,,,True
2010-01-19 01:00:00+00:00,,,2010-01-19 05:30:00+00:00,2010-01-19,270.0,False,0.0,,,,8249.0,,,,,,,,,True
2010-01-20 01:00:00+00:00,,,2010-01-20 05:30:00+00:00,2010-01-20,270.0,False,0.0,,,,,,,,,,,,,True
2010-01-21 01:00:00+00:00,,,2010-01-21 05:30:00+00:00,2010-01-21,270.0,False,0.0,,,,,,,,,,,,,True
2010-01-22 01:00:00+00:00,,,2010-01-22 05:30:00+00:00,2010-01-22,270.0,False,0.0,,,,,,,,,,,,,True
2010-01-25 01:00:00+00:00,,,2010-01-25 05:30:00+00:00,2010-01-25,270.0,False,0.0,35.0,,,,,0.0,,,,,,,True
2010-01-26 01:00:00+00:00,,,2010-01-26 05:30:00+00:00,2010-01-26,270.0,False,,,,,,,,,,,,,,True
2010-01-27 01:00:00+00:00,,,2010-01-27 05:30:00+00:00,2010-01-27,270.0,False,,,,,,,,,,,,,,True
2010-01-28 01:00:00+00:00,,,2010-01-28 05:30:00+00:00,2010-01-28,270.0,False,,,,,,,,,,,,,,True
2010-01-29 01:00:00+00:00,,,2010-01-29 05:30:00+00:00,2010-01-29,270.0,False,,34.0,,,,,,53.0,,,,,,True
2010-02-01 01:00:00+00:00,,,2010-02-01 05:30:00+00:00,2010-02-01,270.0,False,34.0,,,,,,,,,0.0,,,,True
2010-02-02 01:00:00+00:00,,,2010-02-02 05:30:00+00:00,2010-02-02,270.0,False,,,,,,,,,,,,,,True
2010-02-03 01:00:00+00:00,,,2010-02-03 05:30:00+00:00,2010-02-03,270.0,False,,,,,,,,,,,,,,True
2010-02-04 01:00:00+00:00,,,2010-02-04 05:30:00+00:00,2010-02-04,270.0,False,,,,,,,,,,,,,,True
2010-02-05 01:00:00+00:00,,,2010-02-05 05:30:00+00:00,2010-02-05,270.0,False,,,,,,,,,,,,,,True
2010-02-08 01:00:00+00:00,,,2010-02-08 05:30:00+00:00,2010-02-08,270.0,False,,,,,,,,,,,,,,True
2010-02-09 01:00:00+00:00,,,2010-02-09 05:30:00+00:00,2010-02-09,270.0,False,,,,,,,,,,,,,,True
2010-02-10 01:00:00+00:00,,,2010-02-10 05:30:00+00:00,2010-02-10,270.0,False,,,,,,,,,,,,,,True
2010-02-22 01:00:00+00:00,,,2010-02-22 05:30:00+00:00,2010-02-22,270.0,False,34.0,,,,,,,,,,,,,True
2010-02-23 01:00:00+00:00,,,2010-02-23 05:30:00+00:00,2010-02-23,270.0,False,,,,,,,,,,,,,,True
2010-02-24 01:00:00+00:00,,,2010-02-24 05:30:00+00:00,2010-02-24,270.0,False,,,,,,,,,,,,,,True
2010-02-25 01:00:00+00:00,,,2010-02-25 05:30:00+00:00,2010-02-25,270.0,False,,,,,,,,,,,,,,True
2010-02-26 01:00:00+00:00,,,2010-02-26 05:30:00+00:00,2010-02-26,270.0,False,,,,,,,,,,,,,,True
2010-03-01 01:00:00+00:00,,,2010-03-01 05:30:00+00:00,2010-03-01,270.0,False,,,,,,,,,,,,,,True
2010-03-02 01:00:00+00:00,,,2010-03-02 05:30:00+00:00,2010-03-02,270.0,False,,,,,,,,,,,,,,True
2010-03-03 01:00:00+00:00,,,2010-03-03 05:30:00+00:00,2010-03-03,270.0,False,,,,,,,,,,,,,,True
2010-03-04 01:00:00+00:00,,,2010-03-04 05:30:00+00:00,2010-03-04,270.0,False,,,,7664.0,,,,,,,,,,True
2010-03-05 01:00:00+00:00,,,2010-03-05 05:30:00+00:00,2010-03-05,270.0,False,,,,,,,,,,,,,,True
2010-03-08 01:00:00+00:00,,,2010-03-08 05:30:00+00:00,2010-03-08,270.0,False,,,,,,,,,,,,,,True
2010-03-09 01:00:00+00:00,,,2010-03-09 05:30:00+00:00,2010-03-09,270.0,False,,,,,,,,,,,,,,True
2010-03-10 01:00:00+00:00,,,2010-03-10 05:30:00+00:00,2010-03-10,270.0,False,,,,,,,,,,,,,,True
2010-03-11 01:00:00+00:00,,,2010-03-11 05:30:00+00:00,2010-03-11,270.0,False,,,,,,,54.0,,,,,,,True
2010-03-12 01:00:00+00:00,,,2010-03-12 05:30:00+00:00,2010-03-12,270.0,False,,,,,,,,,,,,,,True
2010-03-15 01:00:00+00:00,,,2010-03-15 05:30:00+00:00,2010-03-15,270.0,False,,,,,,,,,,,,,,True
2010-03-16 01:00:00+00:00,,,2010-03-16 05:30:00+00:00,2010-03-16,270.0,False,,,,,,,,,,,,,,True
2010-03-17 01:00:00+00:00,,,2010-03-17 05:30:00+00:00,2010-03-17,270.0,False,,,,,,,,,,,,,,True
2010-03-18 01:00:00+00:00,,,2010-03-18 05:30:00+00:00,2010-03-18,270.0,False,,,,,,,,,,,,,,True
2010-03-19 01:00:00+00:00,,,2010-03-19 05:30:00+00:00,2010-03-19,270.0,False,,,,,,,,,,,,,,True
2010-03-22 01:00:00+00:00,,,2010-03-22 05:30:00+00:00,2010-03-22,270.0,False,,,,,,,54.0,,,,,,,True
2010-03-23 01:00:00+00:00,,,2010-03-23 05:30:00+00:00,2010-03-23,270.0,False,,,,,,,,,,,,,,True
2010-03-24 01:00:00+00:00,,,2010-03-24 05:30:00+00:00,2010-03-24,270.0,False,,,,,,,,,,,,,,True
2010-03-25 01:00:00+00:00,,,2010-03-25 05:30:00+00:00,2010-03-25,270.0,False,,,,,,,,,,,,,,True
2010-03-26 01:00:00+00:00,,,2010-03-26 05:30:00+00:00,2010-03-26,270.0,False,,,,,,,,54.0,,,,,,True
2010-03-29 01:00:00+00:00,,,2010-03-29 05:30:00+00:00,2010-03-29,270.0,False,,,,,,,,,,,,,,True
2010-03-30 01:00:00+00:00,,,2010-03-30 05:30:00+00:00,2010-03-30,270.0,False,,,,,,,,,,,,,,True
2010-03-31 01:00:00+00:00,,,2010-03-31 05:30:00+00:00,2010-03-31,270.0,False,,,,,,,,,,,,,,True
2010-04-01 01:00:00+00:00,,,2010-04-01 05:30:00+00:00,2010-04-01,270.0,False,,,,,,,,,,,,,,True
2010-04-02 01:00:00+00:00,,,2010-04-02 05:30:00+00:00,2010-04-02,270.0,False,,,,,,,,,,,,,,True
2010-04-06 01:00:00+00:00,,,2010-04-06 05:30:00+00:00,2010-04-06,270.0,False,,,,,,,,,,,,,,True
2010-04-07 01:00:00+00:00,,,2010-04-07 05:30:00+00:00,2010-04-07,270.0,False,,,,,,,,,,,,,,True
2010-04-08 01:00:00+00:00,,,2010-04-08 05:30:00+00:00,2010-04-08,270.0,False,,,,8106.0,,,,,,,,,,True
2010-04-09 01:00:00+00:00,,,2010-04-09 05:30:00+00:00,2010-04-09,270.0,False,,,,,,,55.0,,,,,,,True
2010-04-12 01:00:00+00:00,,,2010-04-12 05:30:00+00:00,2010-04-12,270.0,False,,,,,,,,,,,,,,True
2010-04-13 01:00:00+00:00,,,2010-04-13 05:30:00+00:00,2010-04-13,270.0,False,,,,,,,,,,,,,,True
2010-04-14 01:00:00+00:00,,,2010-04-14 05:30:00+00:00,2010-04-14,270.0,False,35.0,,,,,,55.0,,,,,,,True
2010-04-15 01:00:00+00:00,,,2010-04-15 05:30:00+00:00,2010-04-15,270.0,False,,,,,,,,,,,,,,True
2010-04-16 01:00:00+00:00,,,2010-04-16 05:30:00+00:00,2010-04-16,270.0,False,,,,,,,,,,,,,,True
2010-04-19 01:00:00+00:00,,,2010-04-19 05:30:00+00:00,2010-04-19,270.0,False,35.0,35.0,,,,,,,,,0.0,,,True
2010-04-20 01:00:00+00:00,,,2010-04-20 05:30:00+00:00,2010-04-20,270.0,False,,,,,,,,,,,,,,True
2010-04-21 01:00:00+00:00,,,2010-04-21 05:30:00+00:00,2010-04-21,270.0,False,,,,,,,,,,,,,,True
2010-04-22 01:00:00+00:00,,,2010-04-22 05:30:00+00:00,2010-04-22,270.0,False,,,,,,,,,,,,,,True
2010-04-23 01:00:00+00:00,,,2010-04-23 05:30:00+00:00,2010-04-23,270.0,False,,,,,,,,,,,,,,True
2010-04-26 01:00:00+00:00,,,2010-04-26 05:30:00+00:00,2010-04-26,270.0,False,,,,,,,,,,,,,,True
2010-04-27 01:00:00+00:00,,,2010-04-27 05:30:00+00:00,2010-04-27,270.0,False,,,,,,,,,,,,,,True
2010-04-28 01:00:00+00:00,,,2010-04-28 05:30:00+00:00,2010-04-28,270.0,False,,,,,,,,,,,,,,True
2010-04-29 01:00:00+00:00,,,2010-04-29 05:30:00+00:00,2010-04-29,270.0,False,,35.0,,,,,,55.0,,,,,,True
2010-04-30 01:00:00+00:00,,,2010-04-30 05:30:00+00:00,2010-04-30,270.0,False,,,,,,,,,,,,,,True
2010-05-03 01:00:00+00:00,,,2010-05-03 05:30:00+00:00,2010-05-03,270.0,False,,,,,,,,,,,,,,True
2010-05-04 01:00:00+00:00,,,2010-05-04 05:30:00+00:00,2010-05-04,270.0,False,34.0,,,,,,,,,,,,,True
2010-05-05 01:00:00+00:00,,,2010-05-05 05:30:00+00:00,2010-05-05,270.0,False,,,,,,,,53.0,,,,,,True
2010-05-06 01:00:00+00:00,,,2010-05-06 05:30:00+00:00,2010-05-06,270.0,False,,,,,,,,,,,,,,True
2010-05-07 01:00:00+00:00,,,2010-05-07 05:30:00+00:00,2010-05-07,270.0,False,,,,,,,,,,,,,,True
2010-05-10 01:00:00+00:00,,,2010-05-10 05:30:00+00:00,2010-05-10,270.0,False,,,,,,,,,,,,,,True
2010-05-11 01:00:00+00:00,,,2010-05-11 05:30:00+00:00,2010-05-11,270.0,False,,,,,,,,,,,,,,True
2010-05-12 01:00:00+00:00,,,2010-05-12 05:30:00+00:00,2010-05-12,270.0,False,,,,,,,,,,,,,,True
2010-05-13 01:00:00+00:00,,,2010-05-13 05:30:00+00:00,2010-05-13,270.0,False,32.0,,,,,,,,,,,,,True
2010-05-14 01:00:00+00:00,,,2010-05-14 05:30:00+00:00,2010-05-14,270.0,False,,,,,,,,,,,,,,True
2010-05-17 01:00:00+00:00,,,2010-05-17 05:30:00+00:00,2010-05-17,270.0,False,,,,,,,,,,,,,,True
2010-05-18 01:00:00+00:00,,,2010-05-18 05:30:00+00:00,2010-05-18,270.0,False,,,,,,,,52.0,,,,,,True
2010-05-19 01:00:00+00:00,,,2010-05-19 05:30:00+00:00,2010-05-19,270.0,False,,,,,,,,,,,,,,True
2010-05-20 01:00:00+00:00,,,2010-05-20 05:30:00+00:00,2010-05-20,270.0,False,,,,,,,,,,,,,,True
2010-05-21 01:00:00+00:00,,,2010-05-21 05:30:00+00:00,2010-05-21,270.0,False,,,,,,,50.0,,,,,,,True
2010-05-24 01:00:00+00:00,,,2010-05-24 05:30:00+00:00,2010-05-24,270.0,False,,,,,,,,,,,,,,True
2010-05-25 01:00:00+00:00,,,2010-05-25 05:30:00+00:00,2010-05-25,270.0,False,,,,,,,50.0,,,,,,,True
2010-05-26 01:00:00+00:00,,,2010-05-26 05:30:00+00:00,2010-05-26,270.0,False,,,,,,,,,,,,,,True
2010-05-27 01:00:00+00:00,,,2010-05-27 05:30:00+00:00,2010-05-27,270.0,False,,30.0,,,,,,,,,,,,True
2010-05-28 01:00:00+00:00,,,2010-05-28 05:30:00+00:00,2010-05-28,270.0,False,,,,,,,,,,,,,,True
2010-05-31 01:00:00+00:00,,,2010-05-31 05:30:00+00:00,2010-05-31,270.0,False,,,,,,,50.0,,,,,,,True
2010-06-01 01:00:00+00:00,,,2010-06-01 05:30:00+00:00,2010-06-01,270.0,False,,,,,,,50.0,,,,,,,True
2010-06-02 01:00:00+00:00,,,2010-06-02 05:30:00+00:00,2010-06-02,270.0,False,30.0,31.0,,,,,,,,,0.03278982282299097,,,True
2010-06-03 01:00:00+00:00,,,2010-06-03 05:30:00+00:00,2010-06-03,270.0,False,,,,,,,,,,,,,,True
2010-06-04 01:00:00+00:00,,,2010-06-04 05:30:00+00:00,2010-06-04,270.0,False,,,,,,,,,,,,,,True
2010-06-07 01:00:00+00:00,,,2010-06-07 05:30:00+00:00,2010-06-07,270.0,False,30.0,,,,,,,,,,,,,True
2010-06-08 01:00:00+00:00,,,2010-06-08 05:30:00+00:00,2010-06-08,270.0,False,,,,,,,,,,,,,,True
2010-06-09 01:00:00+00:00,,,2010-06-09 05:30:00+00:00,2010-06-09,270.0,False,30.0,,,,,,,,,,,,,True
2010-06-10 01:00:00+00:00,,,2010-06-10 05:30:00+00:00,2010-06-10,270.0,False,,,,,,,,,,,,,,True
2010-06-11 01:00:00+00:00,,,2010-06-11 05:30:00+00:00,2010-06-11,270.0,False,,,,,,,,,,,,,,True
2010-06-14 01:00:00+00:00,,,2010-06-14 05:30:00+00:00,2010-06-14,270.0,False,,,,,,,,,,,,,,True
2010-06-15 01:00:00+00:00,,,2010-06-15 05:30:00+00:00,2010-06-15,270.0,False,,,,,,,,,,,,,,True
2010-06-17 01:00:00+00:00,,,2010-06-17 05:30:00+00:00,2010-06-17,270.0,False,,,,,,,,,,,,,,True
2010-06-18 01:00:00+00:00,,,2010-06-18 05:30:00+00:00,2010-06-18,270.0,False,,,,,,,,,,,,,,True
2010-06-21 01:00:00+00:00,,,2010-06-21 05:30:00+00:00,2010-06-21,270.0,False,,,,,,,,52.0,,,,,,True
2010-06-22 01:00:00+00:00,,,2010-06-22 05:30:00+00:00,2010-06-22,270.0,False,,,,,,,,,,,,,,True
2010-06-23 01:00:00+00:00,,,2010-06-23 05:30:00+00:00,2010-06-23,270.0,False,,,,,,,,,,,,,,True
2010-06-24 01:00:00+00:00,,,2010-06-24 05:30:00+00:00,2010-06-24,270.0,False,,,,,,,,,,,,,,True
2010-06-25 01:00:00+00:00,,,2010-06-25 05:30:00+00:00,2010-06-25,270.0,False,,,,,,,,,,,,,,True
2010-06-28 01:00:00+00:00,,,2010-06-28 05:30:00+00:00,2010-06-28,270.0,False,31.0,,,,,,,,,,,,,True
2010-06-29 01:00:00+00:00,,,2010-06-29 05:30:00+00:00,2010-06-29,270.0,False,,,,,,,51.0,,,,,,,True
2010-06-30 01:00:00+00:00,,,2010-06-30 05:30:00+00:00,2010-06-30,270.0,False,,30.0,,,,,,,,,,,,True
2010-07-01 01:00:00+00:00,,,2010-07-01 05:30:00+00:00,2010-07-01,270.0,False,,,,,,,,,,,,,,True
2010-07-02 01:00:00+00:00,,,2010-07-02 05:30:00+00:00,2010-07-02,270.0,False,,,,,,,,,,,,,,True
2010-07-05 01:00:00+00:00,,,2010-07-05 05:30:00+00:00,2010-07-05,270.0,False,,,,,,,,,,,,,,True
2010-07-06 01:00:00+00:00,,,2010-07-06 05:30:00+00:00,2010-07-06,270.0,False,30.0,30.0,,,,,50.0,,,,0.0,,,True
2010-07-07 01:00:00+00:00,,,2010-07-07 05:30:00+00:00,2010-07-07,270.0,False,,,,,,,,,,,,,,True
2010-07-08 01:00:00+00:00,,,2010-07-08 05:30:00+00:00,2010-07-08,270.0,False,,,,,,,,,,,,,,True
2010-07-09 01:00:00+00:00,,,2010-07-09 05:30:00+00:00,2010-07-09,270.0,False,,,,,,,,,,,,,,True
2010-07-12 01:00:00+00:00,,,2010-07-12 05:30:00+00:00,2010-07-12,270.0,False,,,,,,,,,,,,,,True
2010-07-13 01:00:00+00:00,,,2010-07-13 05:30:00+00:00,2010-07-13,270.0,False,,,,,,,,,,,,,,True
2010-07-14 01:00:00+00:00,,,2010-07-14 05:30:00+00:00,2010-07-14,270.0,False,,,,,,,,,,,,,,True
2010-07-15 01:00:00+00:00,,,2010-07-15 05:30:00+00:00,2010-07-15,270.0,False,,,,,,,,,,,,,,True
2010-07-16 01:00:00+00:00,,,2010-07-16 05:30:00+00:00,2010-07-16,270.0,False,,,,,,,,,,,,,,True
2010-07-19 01:00:00+00:00,,,2010-07-19 05:30:00+00:00,2010-07-19,270.0,False,32.0,32.0,,,,,,,,,0.0,,,True
2010-07-20 01:00:00+00:00,,,2010-07-20 05:30:00+00:00,2010-07-20,270.0,False,,,,,,,,,,,,,,True
2010-07-21 01:00:00+00:00,,,2010-07-21 05:30:00+00:00,2010-07-21,270.0,False,,,,,,,,,,,,,,True
2010-07-22 01:00:00+00:00,,,2010-07-22 05:30:00+00:00,2010-07-22,270.0,False,,,,,,,,,,,,,,True
2010-07-23 01:00:00+00:00,,,2010-07-23 05:30:00+00:00,2010-07-23,270.0,False,,,,,,,,,,,,,,True
2010-07-26 01:00:00+00:00,,,2010-07-26 05:30:00+00:00,2010-07-26,270.0,False,,,,,,,,,,,,,,True
2010-07-27 01:00:00+00:00,,,2010-07-27 05:30:00+00:00,2010-07-27,270.0,False,33.0,,,,,,,,,,,,,True
2010-07-28 01:00:00+00:00,,,2010-07-28 05:30:00+00:00,2010-07-28,270.0,False,,,,,,,,,,,,,,True
2010-07-29 01:00:00+00:00,,,2010-07-29 05:30:00+00:00,2010-07-29,270.0,False,,,,,,,,,,,,,,True
2010-07-30 01:00:00+00:00,,,2010-07-30 05:30:00+00:00,2010-07-30,270.0,False,,,,,,,,,,,,,,True
2010-08-02 01:00:00+00:00,,,2010-08-02 05:30:00+00:00,2010-08-02,270.0,False,,,,,,,,,,,,,,True
2010-08-03 01:00:00+00:00,,,2010-08-03 05:30:00+00:00,2010-08-03,270.0,False,,,,,,,,,,,,,,True
2010-08-04 01:00:00+00:00,,,2010-08-04 05:30:00+00:00,2010-08-04,270.0,False,33.0,,,,,,55.0,,,,,,,True
2010-08-05 01:00:00+00:00,,,2010-08-05 05:30:00+00:00,2010-08-05,270.0,False,,,,,,,,,,,,,,True
2010-08-06 01:00:00+00:00,,,2010-08-06 05:30:00+00:00,2010-08-06,270.0,False,,,,,,,,,,,,,,True
2010-08-09 01:00:00+00:00,,,2010-08-09 05:30:00+00:00,2010-08-09,270.0,False,,,,,,,,,,,,,,True
2010-08-10 01:00:00+00:00,,,2010-08-10 05:30:00+00:00,2010-08-10,270.0,False,,,,,,,,,,,,,,True
2010-08-11 01:00:00+00:00,,,2010-08-11 05:30:00+00:00,2010-08-11,270.0,False,,,,,,,55.0,,,,,,,True
2010-08-12 01:00:00+00:00,,,2010-08-12 05:30:00+00:00,2010-08-12,270.0,False,,,,,,,,,,,,,,True
2010-08-13 01:00:00+00:00,,,2010-08-13 05:30:00+00:00,2010-08-13,270.0,False,,,,,,,,,,,,,,True
2010-08-16 01:00:00+00:00,,,2010-08-16 05:30:00+00:00,2010-08-16,270.0,False,,,,,,,,55.0,,,,,,True
2010-08-17 01:00:00+00:00,,,2010-08-17 05:30:00+00:00,2010-08-17,270.0,False,,,,,,,,,,,,,,True
2010-08-18 01:00:00+00:00,,,2010-08-18 05:30:00+00:00,2010-08-18,270.0,False,,,,,,,55.0,,,,,,,True
2010-08-19 01:00:00+00:00,,,2010-08-19 05:30:00+00:00,2010-08-19,270.0,False,,,,,,,,,,,,,,True
2010-08-20 01:00:00+00:00,,,2010-08-20 05:30:00+00:00,2010-08-20,270.0,False,,,,,,,,,,,,,,True
2010-08-23 01:00:00+00:00,,,2010-08-23 05:30:00+00:00,2010-08-23,270.0,False,,,,,,,,,,,,,,True
2010-08-24 01:00:00+00:00,,,2010-08-24 05:30:00+00:00,2010-08-24,270.0,False,,,,,,,55.0,,,,,,,True
2010-08-25 01:00:00+00:00,,,2010-08-25 05:30:00+00:00,2010-08-25,270.0,False,32.0,32.0,,,,,,,,,0.0,,,True
2010-08-26 01:00:00+00:00,,,2010-08-26 05:30:00+00:00,2010-08-26,270.0,False,,,,,,,,,,,,,,True
2010-08-27 01:00:00+00:00,,,2010-08-27 05:30:00+00:00,2010-08-27,270.0,False,,,,,,,,,,,,,,True
2010-08-30 01:00:00+00:00,,,2010-08-30 05:30:00+00:00,2010-08-30,270.0,False,,,,,,,,,,,,,,True
2010-08-31 01:00:00+00:00,,,2010-08-31 05:30:00+00:00,2010-08-31,270.0,False,,,,,,,,,,,,,,True
2010-09-01 01:00:00+00:00,,,2010-09-01 05:30:00+00:00,2010-09-01,270.0,False,,,,,,,,,,,,,,True
2010-09-02 01:00:00+00:00,,,2010-09-02 05:30:00+00:00,2010-09-02,270.0,False,,,,,,,,54.0,,,,,,True
2010-09-03 01:00:00+00:00,,,2010-09-03 05:30:00+00:00,2010-09-03,270.0,False,,,,,,,,,,,,,,True
2010-09-06 01:00:00+00:00,,,2010-09-06 05:30:00+00:00,2010-09-06,270.0,False,,,,,,,,,,,,,,True
2010-09-07 01:00:00+00:00,,,2010-09-07 05:30:00+00:00,2010-09-07,270.0,False,32.0,,,,,,,,,,,,,True
2010-09-08 01:00:00+00:00,,,2010-09-08 05:30:00+00:00,2010-09-08,270.0,False,,,,,,,,,,,,,,True
2010-09-09 01:00:00+00:00,,,2010-09-09 05:30:00+00:00,2010-09-09,270.0,False,,,,,,,,,,,,,,True
2010-09-10 01:00:00+00:00,,,2010-09-10 05:30:00+00:00,2010-09-10,270.0,False,32.0,,,,,,,,,,,,,True
2010-09-13 01:00:00+00:00,,,2010-09-13 05:30:00+00:00,2010-09-13,270.0,False,,,,,,,,,,,,,,True
2010-09-14 01:00:00+00:00,,,2010-09-14 05:30:00+00:00,2010-09-14,270.0,False,,,,,,,,57.0,,,,,,True
2010-09-15 01:00:00+00:00,,,2010-09-15 05:30:00+00:00,2010-09-15,270.0,False,,,,,,,57.0,,,,,,,True
2010-09-16 01:00:00+00:00,,,2010-09-16 05:30:00+00:00,2010-09-16,270.0,False,,,,,,,,,,,,,,True
2010-09-17 01:00:00+00:00,,,2010-09-17 05:30:00+00:00,2010-09-17,270.0,False,,,,,,,,,,,,,,True
2010-09-20 01:00:00+00:00,,,2010-09-20 05:30:00+00:00,2010-09-20,270.0,False,,,,,,,,,,,,,,True
2010-09-21 01:00:00+00:00,,,2010-09-21 05:30:00+00:00,2010-09-21,270.0,False,,,,,,,,,,,,,,True
2010-09-23 01:00:00+00:00,,,2010-09-23 05:30:00+00:00,2010-09-23,270.0,False,,,,,,,,,,,,,,True
2010-09-24 01:00:00+00:00,,,2010-09-24 05:30:00+00:00,2010-09-24,270.0,False,,,,,,,,57.0,,,,,,True
2010-09-27 01:00:00+00:00,,,2010-09-27 05:30:00+00:00,2010-09-27,270.0,False,,,,,,,,,,,,,,True
2010-09-28 01:00:00+00:00,,,2010-09-28 05:30:00+00:00,2010-09-28,270.0,False,,,,,,,,,,,,,,True
2010-09-29 01:00:00+00:00,,,2010-09-29 05:30:00+00:00,2010-09-29,270.0,False,,,,,,,,,,,,,,True
2010-09-30 01:00:00+00:00,,,2010-09-30 05:30:00+00:00,2010-09-30,270.0,False,,,,,,,,,,,,,,True
2010-10-01 01:00:00+00:00,,,2010-10-01 05:30:00+00:00,2010-10-01,270.0,False,34.0,,,,,,,,,,,,,True
2010-10-04 01:00:00+00:00,,,2010-10-04 05:30:00+00:00,2010-10-04,270.0,False,,,,,,,,,,,,,,True
2010-10-05 01:00:00+00:00,,,2010-10-05 05:30:00+00:00,2010-10-05,270.0,False,,,,,,,,,,,,,,True
2010-10-06 01:00:00+00:00,,,2010-10-06 05:30:00+00:00,2010-10-06,270.0,False,,,,,,,,,,,,,,True
2010-10-07 01:00:00+00:00,,,2010-10-07 05:30:00+00:00,2010-10-07,270.0,False,,,,,,,,,,,,,,True
2010-10-08 01:00:00+00:00,,,2010-10-08 05:30:00+00:00,2010-10-08,270.0,False,,,,,,,,,,,,,,True
2010-10-11 01:00:00+00:00,,,2010-10-11 05:30:00+00:00,2010-10-11,270.0,False,,,,,,,,,,,,,,True
2010-10-12 01:00:00+00:00,,,2010-10-12 05:30:00+00:00,2010-10-12,270.0,False,,,,,,,57.0,,,,,,,True
2010-10-13 01:00:00+00:00,,,2010-10-13 05:30:00+00:00,2010-10-13,270.0,False,,,,,,,,,,,,,,True
2010-10-14 01:00:00+00:00,,,2010-10-14 05:30:00+00:00,2010-10-14,270.0,False,,,,,,,,,,,,,,True
2010-10-15 01:00:00+00:00,,,2010-10-15 05:30:00+00:00,2010-10-15,270.0,False,,,,,,,,,,,,,,True
2010-10-18 01:00:00+00:00,,,2010-10-18 05:30:00+00:00,2010-10-18,270.0,False,,,,,,,,,,,,,,True
2010-10-19 01:00:00+00:00,,,2010-10-19 05:30:00+00:00,2010-10-19,270.0,False,32.0,,,,,,,,,,,,,True
2010-10-20 01:00:00+00:00,,,2010-10-20 05:30:00+00:00,2010-10-20,270.0,False,,,,,,,,,,,,,,True
2010-10-21 01:00:00+00:00,,,2010-10-21 05:30:00+00:00,2010-10-21,270.0,False,,,,,,,,,,,,,,True
2010-10-22 01:00:00+00:00,,,2010-10-22 05:30:00+00:00,2010-10-22,270.0,False,,33.0,,,,,,,,,,,,True
2010-10-25 01:00:00+00:00,,,2010-10-25 05:30:00+00:00,2010-10-25,270.0,False,33.0,,,,,,,,,0.0,,,,True
2010-10-26 01:00:00+00:00,,,2010-10-26 05:30:00+00:00,2010-10-26,270.0,False,,,,,,,,,,,,,,True
2010-10-27 01:00:00+00:00,,,2010-10-27 05:30:00+00:00,2010-10-27,270.0,False,,,,,,8291.0,,,,,,,,True
2010-10-28 01:00:00+00:00,,,2010-10-28 05:30:00+00:00,2010-10-28,270.0,False,,,,8315.0,,,,,,,,,,True
2010-10-29 01:00:00+00:00,,,2010-10-29 05:30:00+00:00,2010-10-29,270.0,False,,,,,,,,56.0,,,,,,True
2010-11-01 01:00:00+00:00,,,2010-11-01 05:30:00+00:00,2010-11-01,270.0,False,,,,,,,,,,,,,,True
2010-11-02 01:00:00+00:00,,,2010-11-02 05:30:00+00:00,2010-11-02,270.0,False,,,,,,,,,,,,,,True
2010-11-03 01:00:00+00:00,,,2010-11-03 05:30:00+00:00,2010-11-03,270.0,False,,,,,,,,,,,,,,True
2010-11-04 01:00:00+00:00,,,2010-11-04 05:30:00+00:00,2010-11-04,270.0,False,,,,,,,,,,,,,,True
2010-11-05 01:00:00+00:00,,,2010-11-05 05:30:00+00:00,2010-11-05,270.0,False,,,,,,,,,,,,,,True
2010-11-08 01:00:00+00:00,,,2010-11-08 05:30:00+00:00,2010-11-08,270.0,False,,,,,,,,,,,,,,True
2010-11-09 01:00:00+00:00,,,2010-11-09 05:30:00+00:00,2010-11-09,270.0,False,,34.0,,,,,,,,,,,,True
2010-11-10 01:00:00+00:00,,,2010-11-10 05:30:00+00:00,2010-11-10,270.0,False,,,,,,,,,,,,,,True
2010-11-11 01:00:00+00:00,,,2010-11-11 05:30:00+00:00,2010-11-11,270.0,False,,,,,,,,,,,,,,True
2010-11-12 01:00:00+00:00,,,2010-11-12 05:30:00+00:00,2010-11-12,270.0,False,,34.0,,,,,,,,,,,,True
2010-11-15 01:00:00+00:00,,,2010-11-15 05:30:00+00:00,2010-11-15,270.0,False,,,,,,,,,,,,,,True
2010-11-16 01:00:00+00:00,,,2010-11-16 05:30:00+00:00,2010-11-16,270.0,False,,,,,,,,,,,,,,True
2010-11-17 01:00:00+00:00,,,2010-11-17 05:30:00+00:00,2010-11-17,270.0,False,,,,,,,,,,,,,,True
2010-11-18 01:00:00+00:00,,,2010-11-18 05:30:00+00:00,2010-11-18,270.0,False,34.0,,,,,,,,,,,,,True
2010-11-19 01:00:00+00:00,,,2010-11-19 05:30:00+00:00,2010-11-19,270.0,False,,,,,,,,,,,,,,True
2010-11-22 01:00:00+00:00,,,2010-11-22 05:30:00+00:00,2010-11-22,270.0,False,,,,,,,,,,,,,,True
2010-11-23 01:00:00+00:00,,,2010-11-23 05:30:00+00:00,2010-11-23,270.0,False,,,,,,,,,,,,,,True
2010-11-24 01:00:00+00:00,,,2010-11-24 05:30:00+00:00,2010-11-24,270.0,False,,,,,,,,,,,,,,True
2010-11-25 01:00:00+00:00,,,2010-11-25 05:30:00+00:00,2010-11-25,270.0,False,,35.0,,,,,,,,,,,,True
2010-11-26 01:00:00+00:00,,,2010-11-26 05:30:00+00:00,2010-11-26,270.0,False,,,,,,,,,,,,,,True
2010-11-29 01:00:00+00:00,,,2010-11-29 05:30:00+00:00,2010-11-29,270.0,False,,,,,,,,,,,,,,True
2010-11-30 01:00:00+00:00,,,2010-11-30 05:30:00+00:00,2010-11-30,270.0,False,,,,,,,,,,,,,,True
2010-12-01 01:00:00+00:00,,,2010-12-01 05:30:00+00:00,2010-12-01,270.0,False,,,,,,,,58.0,,,,,,True
2010-12-02 01:00:00+00:00,,,2010-12-02 05:30:00+00:00,2010-12-02,270.0,False,35.0,,,,,,,,,,,,,True
2010-12-03 01:00:00+00:00,,,2010-12-03 05:30:00+00:00,2010-12-03,270.0,False,,,,,,,,59.0,,,,,,True
2010-12-06 01:00:00+00:00,,,2010-12-06 05:30:00+00:00,2010-12-06,270.0,False,,,,,,,59.0,,,,,,,True
2010-12-07 01:00:00+00:00,,,2010-12-07 05:30:00+00:00,2010-12-07,270.0,False,,,,8716.0,,,,,,,,,,True
2010-12-08 01:00:00+00:00,,,2010-12-08 05:30:00+00:00,2010-12-08,270.0,False,,,,,,,,,,,,,,True
2010-12-09 01:00:00+00:00,,,2010-12-09 05:30:00+00:00,2010-12-09,270.0,False,,37.0,,,,,,,,,,,,True
2010-12-10 01:00:00+00:00,,,2010-12-10 05:30:00+00:00,2010-12-10,270.0,False,,,,,,,,,,,,,,True
2010-12-13 01:00:00+00:00,,,2010-12-13 05:30:00+00:00,2010-12-13,270.0,False,,,,,,,,,,,,,,True
2010-12-14 01:00:00+00:00,,,2010-12-14 05:30:00+00:00,2010-12-14,270.0,False,,,,,,,,,,,,,,True
2010-12-15 01:00:00+00:00,,,2010-12-15 05:30:00+00:00,2010-12-15,270.0,False,,,,,,,,,,,,,,True
2010-12-16 01:00:00+00:00,,,2010-12-16 05:30:00+00:00,2010-12-16,270.0,False,,,,,,,,,,,,,,True
2010-12-17 01:00:00+00:00,,,2010-12-17 05:30:00+00:00,2010-12-17,270.0,False,,,,,,,,,,,,,,True
2010-12-20 01:00:00+00:00,,,2010-12-20 05:30:00+00:00,2010-12-20,270.0,False,,,,,,,,,,,,,,True
2010-12-21 01:00:00+00:00,,,2010-12-21 05:30:00+00:00,2010-12-21,270.0,False,,,,,,,,,,,,,,True
2010-12-22 01:00:00+00:00,,,2010-12-22 05:30:00+00:00,2010-12-22,270.0,False,,37.0,,,,,,,,,,,,True
2010-12-23 01:00:00+00:00,,,2010-12-23 05:30:00+00:00,2010-12-23,270.0,False,,,,,,,,,,,,,,True
2010-12-24 01:00:00+00:00,,,2010-12-24 05:30:00+00:00,2010-12-24,270.0,False,,,,,,,,,,,,,,True
2010-12-27 01:00:00+00:00,,,2010-12-27 05:30:00+00:00,2010-12-27,270.0,False,,,,,,,,,,,,,,True
2010-12-28 01:00:00+00:00,,,2010-12-28 05:30:00+00:00,2010-12-28,270.0,False,,,,,,,,,,,,,,True
2010-12-29 01:00:00+00:00,,,2010-12-29 05:30:00+00:00,2010-12-29,270.0,False,,,,,,,,,,,,,,True
2010-12-30 01:00:00+00:00,,,2010-12-30 05:30:00+00:00,2010-12-30,270.0,False,,,,,,,,,,,,,,True
2010-12-31 01:00:00+00:00,,,2010-12-31 05:30:00+00:00,2010-12-31,270.0,False,37.0,,,,,,,,,,,,,True
2011-01-03 01:00:00+00:00,,,2011-01-03 05:30:00+00:00,2011-01-03,270.0,False,,,,,,,,,,,,,,True
2011-01-04 01:00:00+00:00,,,2011-01-04 05:30:00+00:00,2011-01-04,270.0,False,37.0,,,,,,,,,,,,,True
2011-01-05 01:00:00+00:00,,,2011-01-05 05:30:00+00:00,2011-01-05,270.0,False,,,,,,,,,,,,,,True
2011-01-06 01:00:00+00:00,,,2011-01-06 05:30:00+00:00,2011-01-06,270.0,False,,,,,,,,,,,,,,True
2011-01-07 01:00:00+00:00,,,2011-01-07 05:30:00+00:00,2011-01-07,270.0,False,38.0,,,,,,,,,,,,,True
2011-01-10 01:00:00+00:00,,,2011-01-10 05:30:00+00:00,2011-01-10,270.0,False,,,,,,,,,,,,,,True
2011-01-11 01:00:00+00:00,,,2011-01-11 05:30:00+00:00,2011-01-11,270.0,False,37.0,,,,,,,,,,,,,True
2011-01-12 01:00:00+00:00,,,2011-01-12 05:30:00+00:00,2011-01-12,270.0,False,,,,,8965.0,,61.0,,,,,,,True
2011-01-13 01:00:00+00:00,,,2011-01-13 05:30:00+00:00,2011-01-13,270.0,False,,,,,,,,,,,,,,True
2011-01-14 01:00:00+00:00,,,2011-01-14 05:30:00+00:00,2011-01-14,270.0,False,,,,,,,,61.0,,,,,,True
2011-01-17 01:00:00+00:00,,,2011-01-17 05:30:00+00:00,2011-01-17,270.0,False,,,,,,,,,,,,,,True
2011-01-18 01:00:00+00:00,,,2011-01-18 05:30:00+00:00,2011-01-18,270.0,False,,,,,8988.0,,,,,,,,,True
2011-01-19 01:00:00+00:00,,,2011-01-19 05:30:00+00:00,2011-01-19,270.0,False,,38.0,,,,,,,,,,,,True
2011-01-20 01:00:00+00:00,,,2011-01-20 05:30:00+00:00,2011-01-20,270.0,False,,,,,,,62.0,,,,,,,True
2011-01-21 01:00:00+00:00,,,2011-01-21 05:30:00+00:00,2011-01-21,270.0,False,,,,,,,,61.0,,,,,,True
2011-01-24 01:00:00+00:00,,,2011-01-24 05:30:00+00:00,2011-01-24,270.0,False,,,,,,,61.0,,,,,,,True
2011-01-25 01:00:00+00:00,,,2011-01-25 05:30:00+00:00,2011-01-25,270.0,False,,,,,,,,,,,,,,True
2011-01-26 01:00:00+00:00,,,2011-01-26 05:30:00+00:00,2011-01-26,270.0,False,,,,,,,,62.0,,,,,,True
2011-01-27 01:00:00+00:00,,,2011-01-27 05:30:00+00:00,2011-01-27,270.0,False,38.0,,,,,,,,,,,,,True
2011-01-28 01:00:00+00:00,,,2011-01-28 05:30:00+00:00,2011-01-28,270.0,False,,,,,,,,63.0,,,,,,True
2011-02-08 01:00:00+00:00,,,2011-02-08 05:30:00+00:00,2011-02-08,270.0,False,,,,,,,,,,,,,,True
2011-02-09 01:00:00+00:00,,,2011-02-09 05:30:00+00:00,2011-02-09,270.0,False,,,,,,,,62.0,,,,,,True
2011-02-10 01:00:00+00:00,,,2011-02-10 05:30:00+00:00,2011-02-10,270.0,False,,,,,,,,,,,,,,True
2011-02-11 01:00:00+00:00,,,2011-02-11 05:30:00+00:00,2011-02-11,270.0,False,,,,,,,,,,,,,,True
2011-02-14 01:00:00+00:00,,,2011-02-14 05:30:00+00:00,2011-02-14,270.0,False,36.0,,,,,,,,,,,,,True
2011-02-15 01:00:00+00:00,,,2011-02-15 05:30:00+00:00,2011-02-15,270.0,False,,,,,,,,,,,,,,True
2011-02-16 01:00:00+00:00,,,2011-02-16 05:30:00+00:00,2011-02-16,270.0,False,,,,,,,,,,,,,,True
2011-02-17 01:00:00+00:00,,,2011-02-17 05:30:00+00:00,2011-02-17,270.0,False,,,,,,,,,,,,,,True
2011-02-18 01:00:00+00:00,,,2011-02-18 05:30:00+00:00,2011-02-18,270.0,False,,,,,,,60.0,,,,,,,True
2011-02-21 01:00:00+00:00,,,2011-02-21 05:30:00+00:00,2011-02-21,270.0,False,,,,,,,,,,,,,,True
2011-02-22 01:00:00+00:00,,,2011-02-22 05:30:00+00:00,2011-02-22,270.0,False,,,,,,,,,,,,,,True
2011-02-23 01:00:00+00:00,,,2011-02-23 05:30:00+00:00,2011-02-23,270.0,False,,,,,,,,59.0,,,,,,True
2011-02-24 01:00:00+00:00,,,2011-02-24 05:30:00+00:00,2011-02-24,270.0,False,,,,,,,59.0,59.0,,,,,,True
2011-02-25 01:00:00+00:00,,,2011-02-25 05:30:00+00:00,2011-02-25,270.0,False,,,,,,,,,,,,,,True
2011-03-01 01:00:00+00:00,,,2011-03-01 05:30:00+00:00,2011-03-01,270.0,False,,,,,,,,,,,,,,True
2011-03-02 01:00:00+00:00,,,2011-03-02 05:30:00+00:00,2011-03-02,270.0,False,,,,,,,,,,,,,,True
2011-03-03 01:00:00+00:00,,,2011-03-03 05:30:00+00:00,2011-03-03,270.0,False,,,,,,,,,,,,,,True
2011-03-04 01:00:00+00:00,,,2011-03-04 05:30:00+00:00,2011-03-04,270.0,False,,,,,,,,,,,,,,True
2011-03-07 01:00:00+00:00,,,2011-03-07 05:30:00+00:00,2011-03-07,270.0,False,,,,,,,,,,,,,,True
2011-03-08 01:00:00+00:00,,,2011-03-08 05:30:00+00:00,2011-03-08,270.0,False,,,,,,,,,,,,,,True
2011-03-09 01:00:00+00:00,,,2011-03-09 05:30:00+00:00,2011-03-09,270.0,False,,,,,,,,,,,,,,True
2011-03-10 01:00:00+00:00,,,2011-03-10 05:30:00+00:00,2011-03-10,270.0,False,,,,,,,,,,,,,,True
2011-03-11 01:00:00+00:00,,,2011-03-11 05:30:00+00:00,2011-03-11,270.0,False,,,,,,,,,,,,,,True
2011-03-14 01:00:00+00:00,,,2011-03-14 05:30:00+00:00,2011-03-14,270.0,False,,,,,,,,,,,,,,True
2011-03-15 01:00:00+00:00,,,2011-03-15 05:30:00+00:00,2011-03-15,270.0,False,35.0,,,,,,,,,,,,,True
2011-03-16 01:00:00+00:00,,,2011-03-16 05:30:00+00:00,2011-03-16,270.0,False,,,,,,,58.0,,,,,,,True
2011-03-17 01:00:00+00:00,,,2011-03-17 05:30:00+00:00,2011-03-17,270.0,False,,,,,,,,,,,,,,True
2011-03-18 01:00:00+00:00,,,2011-03-18 05:30:00+00:00,2011-03-18,270.0,False,,,,,,,,,,,,,,True
2011-03-21 01:00:00+00:00,,,2011-03-21 05:30:00+00:00,2011-03-21,270.0,False,,,,,,,,,,,,,,True
2011-03-22 01:00:00+00:00,,,2011-03-22 05:30:00+00:00,2011-03-22,270.0,False,,,,,,8508.0,,,,,,,,True
2011-03-23 01:00:00+00:00,,,2011-03-23 05:30:00+00:00,2011-03-23,270.0,False,,,,,,,,,,,,,,True
2011-03-24 01:00:00+00:00,,,2011-03-24 05:30:00+00:00,2011-03-24,270.0,False,,,,,,,,,,,,,,True
2011-03-25 01:00:00+00:00,,,2011-03-25 05:30:00+00:00,2011-03-25,270.0,False,,,,,,,,,,,,,,True
2011-03-28 01:00:00+00:00,,,2011-03-28 05:30:00+00:00,2011-03-28,270.0,False,,,,,,,,,,,,,,True
2011-03-29 01:00:00+00:00,,,2011-03-29 05:30:00+00:00,2011-03-29,270.0,False,,,,,,,,,,,,,,True
2011-03-30 01:00:00+00:00,,,2011-03-30 05:30:00+00:00,2011-03-30,270.0,False,,,,,,,,,,,,,,True
2011-03-31 01:00:00+00:00,,,2011-03-31 05:30:00+00:00,2011-03-31,270.0,False,,,,,,,,,,,,,,True
2011-04-01 01:00:00+00:00,,,2011-04-01 05:30:00+00:00,2011-04-01,270.0,False,35.0,,,,,,,,,,,,,True
2011-04-06 01:00:00+00:00,,,2011-04-06 05:30:00+00:00,2011-04-06,270.0,False,,,,,,,60.0,,,,,,,True
2011-04-07 01:00:00+00:00,,,2011-04-07 05:30:00+00:00,2011-04-07,270.0,False,,,,,,,,,,,,,,True
2011-04-08 01:00:00+00:00,,,2011-04-08 05:30:00+00:00,2011-04-08,270.0,False,,,,,,,,,,,,,,True
2011-04-11 01:00:00+00:00,,,2011-04-11 05:30:00+00:00,2011-04-11,270.0,False,,,,,,,,,,,,,,True
2011-04-12 01:00:00+00:00,,,2011-04-12 05:30:00+00:00,2011-04-12,270.0,False,,,,,,,,,,,,,,True
2011-04-13 01:00:00+00:00,,,2011-04-13 05:30:00+00:00,2011-04-13,270.0,False,,,,,,,,,,,,,,True
2011-04-14 01:00:00+00:00,,,2011-04-14 05:30:00+00:00,2011-04-14,270.0,False,,,,,,,,,,,,,,True
2011-04-15 01:00:00+00:00,,,2011-04-15 05:30:00+00:00,2011-04-15,270.0,False,,,,,,,,,,,,,,True
2011-04-18 01:00:00+00:00,,,2011-04-18 05:30:00+00:00,2011-04-18,270.0,False,,,,,,,,,,,,,,True
2011-04-19 01:00:00+00:00,,,2011-04-19 05:30:00+00:00,2011-04-19,270.0,False,,,,,,,,,,,,,,True
2011-04-20 01:00:00+00:00,,,2011-04-20 05:30:00+00:00,2011-04-20,270.0,False,,,,,,,,,,,,,,True
2011-04-21 01:00:00+00:00,,,2011-04-21 05:30:00+00:00,2011-04-21,270.0,False,,,,,,,,,,,,,,True
2011-04-22 01:00:00+00:00,,,2011-04-22 05:30:00+00:00,2011-04-22,270.0,False,,,,,,,,,,,,,,True
2011-04-25 01:00:00+00:00,,,2011-04-25 05:30:00+00:00,2011-04-25,270.0,False,,,,,,,,,,,,,,True
2011-04-26 01:00:00+00:00,,,2011-04-26 05:30:00+00:00,2011-04-26,270.0,False,,,,,,,,,,,,,,True
2011-04-27 01:00:00+00:00,,,2011-04-27 05:30:00+00:00,2011-04-27,270.0,False,,,,,,,,,,,,,,True
2011-04-28 01:00:00+00:00,,,2011-04-28 05:30:00+00:00,2011-04-28,270.0,False,,,,,,,,,,,,,,True
2011-04-29 01:00:00+00:00,,,2011-04-29 05:30:00+00:00,2011-04-29,270.0,False,,,,,,,62.0,62.0,,,,,,True
2011-05-02 01:00:00+00:00,,,2011-05-02 05:30:00+00:00,2011-05-02,270.0,False,,,,,,,,,,,,,,True
2011-05-03 01:00:00+00:00,,,2011-05-03 05:30:00+00:00,2011-05-03,270.0,False,,,,,,,,,,,,,,True
2011-05-04 01:00:00+00:00,,,2011-05-04 05:30:00+00:00,2011-05-04,270.0,False,,,,,,,,,,,,,,True
2011-05-05 01:00:00+00:00,,,2011-05-05 05:30:00+00:00,2011-05-05,270.0,False,,,,,,,,,,,,,,True
2011-05-06 01:00:00+00:00,,,2011-05-06 05:30:00+00:00,2011-05-06,270.0,False,,,,,,,,,,,,,,True
2011-05-09 01:00:00+00:00,,,2011-05-09 05:30:00+00:00,2011-05-09,270.0,False,,,,,,,,,,,,,,True
2011-05-10 01:00:00+00:00,,,2011-05-10 05:30:00+00:00,2011-05-10,270.0,False,,,,,,,,,,,,,,True
2011-05-11 01:00:00+00:00,,,2011-05-11 05:30:00+00:00,2011-05-11,270.0,False,,,,,,,,,,,,,,True
2011-05-12 01:00:00+00:00,,,2011-05-12 05:30:00+00:00,2011-05-12,270.0,False,,,,,,,,,,,,,,True
2011-05-13 01:00:00+00:00,,,2011-05-13 05:30:00+00:00,2011-05-13,270.0,False,,,,,,,,,,,,,,True
2011-05-16 01:00:00+00:00,,,2011-05-16 05:30:00+00:00,2011-05-16,270.0,False,36.0,,,,,,,,,,,,,True
2011-05-17 01:00:00+00:00,,,2011-05-17 05:30:00+00:00,2011-05-17,270.0,False,36.0,,,,,,,,,,,,,True
2011-05-18 01:00:00+00:00,,,2011-05-18 05:30:00+00:00,2011-05-18,270.0,False,,,,,,,,,,,,,,True
2011-05-19 01:00:00+00:00,,,2011-05-19 05:30:00+00:00,2011-05-19,270.0,False,,,,,,,,,,,,,,True
2011-05-20 01:00:00+00:00,,,2011-05-20 05:30:00+00:00,2011-05-20,270.0,False,,,,,,,,,,,,,,True
2011-05-23 01:00:00+00:00,,,2011-05-23 05:30:00+00:00,2011-05-23,270.0,False,,,,,,,,,,,,,,True
2011-05-24 01:00:00+00:00,,,2011-05-24 05:30:00+00:00,2011-05-24,270.0,False,,,,,,,,,,,,,,True
2011-05-25 01:00:00+00:00,,,2011-05-25 05:30:00+00:00,2011-05-25,270.0,False,,,,,,,,,,,,,,True
2011-05-26 01:00:00+00:00,,,2011-05-26 05:30:00+00:00,2011-05-26,270.0,False,,,,,,,,,,,,,,True
2011-05-27 01:00:00+00:00,,,2011-05-27 05:30:00+00:00,2011-05-27,270.0,False,,,,,8810.0,,,,,,,,,True
2011-05-30 01:00:00+00:00,,,2011-05-30 05:30:00+00:00,2011-05-30,270.0,False,,,,,,,,,,,,,,True
2011-05-31 01:00:00+00:00,,,2011-05-31 05:30:00+00:00,2011-05-31,270.0,False,,,,,,,,62.0,,,,,,True
2011-06-01 01:00:00+00:00,,,2011-06-01 05:30:00+00:00,2011-06-01,270.0,False,,,,,,,62.0,,,,,,,True
2011-06-02 01:00:00+00:00,,,2011-06-02 05:30:00+00:00,2011-06-02,270.0,False,,,,,,,62.0,,,,,,,True
2011-06-03 01:00:00+00:00,,,2011-06-03 05:30:00+00:00,2011-06-03,270.0,False,,,,,,,62.0,,,,,,,True
2011-06-07 01:00:00+00:00,,,2011-06-07 05:30:00+00:00,2011-06-07,270.0,False,37.0,,,,,,,,,,,,,True
2011-06-08 01:00:00+00:00,,,2011-06-08 05:30:00+00:00,2011-06-08,270.0,False,,,,,,,,62.0,,,,,,True
2011-06-09 01:00:00+00:00,,,2011-06-09 05:30:00+00:00,2011-06-09,270.0,False,,,,,,,,62.0,,,,,,True
2011-06-10 01:00:00+00:00,,,2011-06-10 05:30:00+00:00,2011-06-10,270.0,False,,36.0,,,,,,,,,,,,True
2011-06-13 01:00:00+00:00,,,2011-06-13 05:30:00+00:00,2011-06-13,270.0,False,,,,,,,,,,,,,,True
2011-06-14 01:00:00+00:00,,,2011-06-14 05:30:00+00:00,2011-06-14,270.0,False,,,,,,,60.0,,,,,,,True
2011-06-15 01:00:00+00:00,,,2011-06-15 05:30:00+00:00,2011-06-15,270.0,False,,,,,,,,,,,,,,True
2011-06-16 01:00:00+00:00,,,2011-06-16 05:30:00+00:00,2011-06-16,270.0,False,,,,,,,,,,,,,,True
2011-06-17 01:00:00+00:00,,,2011-06-17 05:30:00+00:00,2011-06-17,270.0,False,35.0,,,,,,,,,,,,,True
2011-06-20 01:00:00+00:00,,,2011-06-20 05:30:00+00:00,2011-06-20,270.0,False,,,,,,,,,,,,,,True
2011-06-21 01:00:00+00:00,,,2011-06-21 05:30:00+00:00,2011-06-21,270.0,False,,,,,,,59.0,,,,,,,True
2011-06-22 01:00:00+00:00,,,2011-06-22 05:30:00+00:00,2011-06-22,270.0,False,,,,,,8621.0,,,,,,,,True
2011-06-23 01:00:00+00:00,,,2011-06-23 05:30:00+00:00,2011-06-23,270.0,False,,,,,,,,,,,,,,True
2011-06-24 01:00:00+00:00,,,2011-06-24 05:30:00+00:00,2011-06-24,270.0,False,34.0,34.0,,,,,,,,,0.0,,,True
2011-06-27 01:00:00+00:00,,,2011-06-27 05:30:00+00:00,2011-06-27,270.0,False,,,,,,,,,,,,,,True
2011-06-28 01:00:00+00:00,,,2011-06-28 05:30:00+00:00,2011-06-28,270.0,False,,,,,,,,,,,,,,True
2011-06-29 01:00:00+00:00,,,2011-06-29 05:30:00+00:00,2011-06-29,270.0,False,,,,,,,58.0,,,,,,,True
2011-06-30 01:00:00+00:00,,,2011-06-30 05:30:00+00:00,2011-06-30,270.0,False,,,,,,,,,,,,,,True
2011-07-01 01:00:00+00:00,,,2011-07-01 05:30:00+00:00,2011-07-01,270.0,False,,,,,,,,,,,,,,True
2011-07-04 01:00:00+00:00,,,2011-07-04 05:30:00+00:00,2011-07-04,270.0,False,,,,,,,,,,,,,,True
2011-07-05 01:00:00+00:00,,,2011-07-05 05:30:00+00:00,2011-07-05,270.0,False,,,,,,,60.0,,,,,,,True
2011-07-06 01:00:00+00:00,,,2011-07-06 05:30:00+00:00,2011-07-06,270.0,False,,,,,,,60.0,,,,,,,True
2011-07-07 01:00:00+00:00,,,2011-07-07 05:30:00+00:00,2011-07-07,270.0,False,,,,8795.0,,,,,,,,,,True
2011-07-08 01:00:00+00:00,,,2011-07-08 05:30:00+00:00,2011-07-08,270.0,False,,,,,,,,,,,,,,True
2011-07-11 01:00:00+00:00,,,2011-07-11 05:30:00+00:00,2011-07-11,270.0,False,,,,,,,,,,,,,,True
2011-07-12 01:00:00+00:00,,,2011-07-12 05:30:00+00:00,2011-07-12,270.0,False,,,,,,,,,,,,,,True
2011-07-13 01:00:00+00:00,,,2011-07-13 05:30:00+00:00,2011-07-13,270.0,False,,,,,,,,,,,,,,True
2011-07-14 01:00:00+00:00,,,2011-07-14 05:30:00+00:00,2011-07-14,270.0,False,,,,,,,59.0,,,,,,,True
2011-07-15 01:00:00+00:00,,,2011-07-15 05:30:00+00:00,2011-07-15,270.0,False,,,,,,,59.0,,,,,,,True
2011-07-18 01:00:00+00:00,,,2011-07-18 05:30:00+00:00,2011-07-18,270.0,False,,,,,,,,59.0,,,,,,True
2011-07-19 01:00:00+00:00,,,2011-07-19 05:30:00+00:00,2011-07-19,270.0,False,,,,,,,,,,,,,,True
2011-07-20 01:00:00+00:00,,,2011-07-20 05:30:00+00:00,2011-07-20,270.0,False,,,,,,,,,,,,,,True
2011-07-21 01:00:00+00:00,,,2011-07-21 05:30:00+00:00,2011-07-21,270.0,False,,,,,,,,,,,,,,True
2011-07-22 01:00:00+00:00,,,2011-07-22 05:30:00+00:00,2011-07-22,270.0,False,,,,,,,,61.0,,,,,,True
2011-07-25 01:00:00+00:00,,,2011-07-25 05:30:00+00:00,2011-07-25,270.0,False,,,,,,,,,,,,,,True
2011-07-26 01:00:00+00:00,,,2011-07-26 05:30:00+00:00,2011-07-26,270.0,False,,,,,,,,,,,,,,True
2011-07-27 01:00:00+00:00,,,2011-07-27 05:30:00+00:00,2011-07-27,270.0,False,,,,,,,,,,,,,,True
2011-07-28 01:00:00+00:00,,,2011-07-28 05:30:00+00:00,2011-07-28,270.0,False,,,,,,,,,,,,,,True
2011-07-29 01:00:00+00:00,,,2011-07-29 05:30:00+00:00,2011-07-29,270.0,False,,33.0,,,,,,,,,,,,True
2011-08-01 01:00:00+00:00,,,2011-08-01 05:30:00+00:00,2011-08-01,270.0,False,,,,,,,,,,,,,,True
2011-08-02 01:00:00+00:00,,,2011-08-02 05:30:00+00:00,2011-08-02,270.0,False,,,,,,,,,,,,,,True
2011-08-03 01:00:00+00:00,,,2011-08-03 05:30:00+00:00,2011-08-03,270.0,False,33.0,,,,,,,,,,,,,True
2011-08-04 01:00:00+00:00,,,2011-08-04 05:30:00+00:00,2011-08-04,270.0,False,,,,,,,,,,,,,,True
2011-08-05 01:00:00+00:00,,,2011-08-05 05:30:00+00:00,2011-08-05,270.0,False,,30.0,,,,,,,,,,,,True
2011-08-08 01:00:00+00:00,,,2011-08-08 05:30:00+00:00,2011-08-08,270.0,False,,29.0,,,,,,,,,,,,True
2011-08-09 01:00:00+00:00,,,2011-08-09 05:30:00+00:00,2011-08-09,270.0,False,,,,,,,51.0,53.0,,,,,,True
2011-08-10 01:00:00+00:00,,,2011-08-10 05:30:00+00:00,2011-08-10,270.0,False,29.0,30.0,,,,,,,,,0.033901551675681416,,,True
2011-08-11 01:00:00+00:00,,,2011-08-11 05:30:00+00:00,2011-08-11,270.0,False,29.0,,,,,,,,,-0.03390155167568134,,,,True
2011-08-12 01:00:00+00:00,,,2011-08-12 05:30:00+00:00,2011-08-12,270.0,False,,,,,,,,,,,,,,True
2011-08-15 01:00:00+00:00,,,2011-08-15 05:30:00+00:00,2011-08-15,270.0,False,,,,,,,,,,,,,,True
2011-08-16 01:00:00+00:00,,,2011-08-16 05:30:00+00:00,2011-08-16,270.0,False,,,,,,,,,,,,,,True
2011-08-17 01:00:00+00:00,,,2011-08-17 05:30:00+00:00,2011-08-17,270.0,False,,,,,,,,,,,,,,True
2011-08-18 01:00:00+00:00,,,2011-08-18 05:30:00+00:00,2011-08-18,270.0,False,,,,,,,,,,,,,,True
2011-08-19 01:00:00+00:00,,,2011-08-19 05:30:00+00:00,2011-08-19,270.0,False,,,,,,,,,,,,,,True
2011-08-22 01:00:00+00:00,,,2011-08-22 05:30:00+00:00,2011-08-22,270.0,False,,,,,,,,,,,,,,True
2011-08-23 01:00:00+00:00,,,2011-08-23 05:30:00+00:00,2011-08-23,270.0,False,,,,,,,,,,,,,,True
2011-08-24 01:00:00+00:00,,,2011-08-24 05:30:00+00:00,2011-08-24,270.0,False,30.0,,,,,,,,,,,,,True
2011-08-25 01:00:00+00:00,,,2011-08-25 05:30:00+00:00,2011-08-25,270.0,False,,,,,,,,,,,,,,True
2011-08-26 01:00:00+00:00,,,2011-08-26 05:30:00+00:00,2011-08-26,270.0,False,,,,,,,,,,,,,,True
2011-08-29 01:00:00+00:00,,,2011-08-29 05:30:00+00:00,2011-08-29,270.0,False,,,,,,,,,,,,,,True
2011-08-30 01:00:00+00:00,,,2011-08-30 05:30:00+00:00,2011-08-30,270.0,False,,,,,,,54.0,,,,,,,True
2011-08-31 01:00:00+00:00,,,2011-08-31 05:30:00+00:00,2011-08-31,270.0,False,,,,,,,,,,,,,,True
2011-09-01 01:00:00+00:00,,,2011-09-01 05:30:00+00:00,2011-09-01,270.0,False,,,,,,,,,,,,,,True
2011-09-02 01:00:00+00:00,,,2011-09-02 05:30:00+00:00,2011-09-02,270.0,False,,,,,,,,,,,,,,True
2011-09-05 01:00:00+00:00,,,2011-09-05 05:30:00+00:00,2011-09-05,270.0,False,,,,,,,,,,,,,,True
2011-09-06 01:00:00+00:00,,,2011-09-06 05:30:00+00:00,2011-09-06,270.0,False,,,,,,,,,,,,,,True
2011-09-07 01:00:00+00:00,,,2011-09-07 05:30:00+00:00,2011-09-07,270.0,False,,,,,,,,,,,,,,True
2011-09-08 01:00:00+00:00,,,2011-09-08 05:30:00+00:00,2011-09-08,270.0,False,,,,,,,54.0,,,,,,,True
2011-09-09 01:00:00+00:00,,,2011-09-09 05:30:00+00:00,2011-09-09,270.0,False,,,,,,,,,,,,,,True
2011-09-13 01:00:00+00:00,,,2011-09-13 05:30:00+00:00,2011-09-13,270.0,False,,,,7530.0,,,,,,,,,,True
2011-09-14 01:00:00+00:00,,,2011-09-14 05:30:00+00:00,2011-09-14,270.0,False,,,,,,,,,,,,,,True
2011-09-15 01:00:00+00:00,,,2011-09-15 05:30:00+00:00,2011-09-15,270.0,False,,,,,,,,,,,,,,True
2011-09-16 01:00:00+00:00,,,2011-09-16 05:30:00+00:00,2011-09-16,270.0,False,,,,,,,,,,,,,,True
2011-09-19 01:00:00+00:00,,,2011-09-19 05:30:00+00:00,2011-09-19,270.0,False,,,,,,,,,,,,,,True
2011-09-20 01:00:00+00:00,,,2011-09-20 05:30:00+00:00,2011-09-20,270.0,False,,,,,,,,,,,,,,True
2011-09-21 01:00:00+00:00,,,2011-09-21 05:30:00+00:00,2011-09-21,270.0,False,,,,,,,,,,,,,,True
2011-09-22 01:00:00+00:00,,,2011-09-22 05:30:00+00:00,2011-09-22,270.0,False,,,,,,,,,,,,,,True
2011-09-23 01:00:00+00:00,,,2011-09-23 05:30:00+00:00,2011-09-23,270.0,False,,,,,,,,,,,,,,True
2011-09-26 01:00:00+00:00,,,2011-09-26 05:30:00+00:00,2011-09-26,270.0,False,,,,,,,,,,,,,,True
2011-09-27 01:00:00+00:00,,,2011-09-27 05:30:00+00:00,2011-09-27,270.0,False,,30.0,,,,,,,,,,,,True
2011-09-28 01:00:00+00:00,,,2011-09-28 05:30:00+00:00,2011-09-28,270.0,False,,,,,,,,,,,,,,True
2011-09-29 01:00:00+00:00,,,2011-09-29 05:30:00+00:00,2011-09-29,270.0,False,,,,,,,,,,,,,,True
2011-09-30 01:00:00+00:00,,,2011-09-30 05:30:00+00:00,2011-09-30,270.0,False,,,,,,,,,,,,,,True
2011-10-03 01:00:00+00:00,,,2011-10-03 05:30:00+00:00,2011-10-03,270.0,False,30.0,,,,,,,,,,,,,True
2011-10-04 01:00:00+00:00,,,2011-10-04 05:30:00+00:00,2011-10-04,270.0,False,,,,,,,,,,,,,,True
2011-10-05 01:00:00+00:00,,,2011-10-05 05:30:00+00:00,2011-10-05,270.0,False,,,,,,,,,,,,,,True
2011-10-06 01:00:00+00:00,,,2011-10-06 05:30:00+00:00,2011-10-06,270.0,False,,,,,7132.0,,,,,,,,,True
2011-10-07 01:00:00+00:00,,,2011-10-07 05:30:00+00:00,2011-10-07,270.0,False,,,,,,,,,,,,,,True
2011-10-11 01:00:00+00:00,,,2011-10-11 05:30:00+00:00,2011-10-11,270.0,False,,,,,,,,53.0,,,,,,True
2011-10-12 01:00:00+00:00,,,2011-10-12 05:30:00+00:00,2011-10-12,270.0,False,,31.0,,,,,,,,,,,,True
2011-10-13 01:00:00+00:00,,,2011-10-13 05:30:00+00:00,2011-10-13,270.0,False,,,,,,,,,,,,,,True
2011-10-14 01:00:00+00:00,,,2011-10-14 05:30:00+00:00,2011-10-14,270.0,False,31.0,31.0,,,,,,,,,0.0,,,True
2011-10-17 01:00:00+00:00,,,2011-10-17 05:30:00+00:00,2011-10-17,270.0,False,,,,,,,,,,,,,,True
2011-10-18 01:00:00+00:00,,,2011-10-18 05:30:00+00:00,2011-10-18,270.0,False,,,,,,,,,,,,,,True
2011-10-19 01:00:00+00:00,,,2011-10-19 05:30:00+00:00,2011-10-19,270.0,False,,,,,,,,,,,,,,True
2011-10-20 01:00:00+00:00,,,2011-10-20 05:30:00+00:00,2011-10-20,270.0,False,,,,,,,,,,,,,,True
2011-10-21 01:00:00+00:00,,,2011-10-21 05:30:00+00:00,2011-10-21,270.0,False,30.0,,,,,,,,,,,,,True
2011-10-24 01:00:00+00:00,,,2011-10-24 05:30:00+00:00,2011-10-24,270.0,False,,,,,,,,,,,,,,True
2011-10-25 01:00:00+00:00,,,2011-10-25 05:30:00+00:00,2011-10-25,270.0,False,,,,,,,,,,,,,,True
2011-10-26 01:00:00+00:00,,,2011-10-26 05:30:00+00:00,2011-10-26,270.0,False,,,,,,,,,,,,,,True
2011-10-27 01:00:00+00:00,,,2011-10-27 05:30:00+00:00,2011-10-27,270.0,False,,,,,,,,,,,,,,True
2011-10-28 01:00:00+00:00,,,2011-10-28 05:30:00+00:00,2011-10-28,270.0,False,,,,,,,,,,,,,,True
2011-10-31 01:00:00+00:00,,,2011-10-31 05:30:00+00:00,2011-10-31,270.0,False,,,,,,,,,,,,,,True
2011-11-01 01:00:00+00:00,,,2011-11-01 05:30:00+00:00,2011-11-01,270.0,False,31.0,,,,,,,,,,,,,True
2011-11-02 01:00:00+00:00,,,2011-11-02 05:30:00+00:00,2011-11-02,270.0,False,31.0,,,,,,,,,,,,,True
2011-11-03 01:00:00+00:00,,,2011-11-03 05:30:00+00:00,2011-11-03,270.0,False,,,,,,,52.0,,,,,,,True
2011-11-04 01:00:00+00:00,,,2011-11-04 05:30:00+00:00,2011-11-04,270.0,False,,,,,,,,,,,,,,True
2011-11-07 01:00:00+00:00,,,2011-11-07 05:30:00+00:00,2011-11-07,270.0,False,,,,,,,,,,,,,,True
2011-11-08 01:00:00+00:00,,,2011-11-08 05:30:00+00:00,2011-11-08,270.0,False,,,,,,,,,,,,,,True
2011-11-09 01:00:00+00:00,,,2011-11-09 05:30:00+00:00,2011-11-09,270.0,False,,,,,,,,,,,,,,True
2011-11-10 01:00:00+00:00,,,2011-11-10 05:30:00+00:00,2011-11-10,270.0,False,,,,,,,,,,,,,,True
2011-11-11 01:00:00+00:00,,,2011-11-11 05:30:00+00:00,2011-11-11,270.0,False,,,,,,,,,,,,,,True
2011-11-14 01:00:00+00:00,,,2011-11-14 05:30:00+00:00,2011-11-14,270.0,False,,,,,,,,,,,,,,True
2011-11-15 01:00:00+00:00,,,2011-11-15 05:30:00+00:00,2011-11-15,270.0,False,,,,,,,,,,,,,,True
2011-11-16 01:00:00+00:00,,,2011-11-16 05:30:00+00:00,2011-11-16,270.0,False,,,,,,,,,,,,,,True
2011-11-17 01:00:00+00:00,,,2011-11-17 05:30:00+00:00,2011-11-17,270.0,False,,,,,,,,,,,,,,True
2011-11-18 01:00:00+00:00,,,2011-11-18 05:30:00+00:00,2011-11-18,270.0,False,,31.0,,,,,,,,,,,,True
2011-11-21 01:00:00+00:00,,,2011-11-21 05:30:00+00:00,2011-11-21,270.0,False,,,,,,,,,,,,,,True
2011-11-22 01:00:00+00:00,,,2011-11-22 05:30:00+00:00,2011-11-22,270.0,False,,30.0,,,,,,,,,,,,True
2011-11-23 01:00:00+00:00,,,2011-11-23 05:30:00+00:00,2011-11-23,270.0,False,,,,,,,,,,,,,,True
2011-11-24 01:00:00+00:00,,,2011-11-24 05:30:00+00:00,2011-11-24,270.0,False,29.0,,,,,,,,,,,,,True
2011-11-25 01:00:00+00:00,,,2011-11-25 05:30:00+00:00,2011-11-25,270.0,False,,,,,,,,,,,,,,True
2011-11-28 01:00:00+00:00,,,2011-11-28 05:30:00+00:00,2011-11-28,270.0,False,,,,,,,,,,,,,,True
2011-11-29 01:00:00+00:00,,,2011-11-29 05:30:00+00:00,2011-11-29,270.0,False,,,,,,,,,,,,,,True
2011-11-30 01:00:00+00:00,,,2011-11-30 05:30:00+00:00,2011-11-30,270.0,False,,,,,,,,,,,,,,True
2011-12-01 01:00:00+00:00,,,2011-12-01 05:30:00+00:00,2011-12-01,270.0,False,,,,,,,,,,,,,,True
2011-12-02 01:00:00+00:00,,,2011-12-02 05:30:00+00:00,2011-12-02,270.0,False,,,,7164.0,,,,,,,,,,True
2011-12-05 01:00:00+00:00,,,2011-12-05 05:30:00+00:00,2011-12-05,270.0,False,,,,,,,,,,,,,,True
2011-12-06 01:00:00+00:00,,,2011-12-06 05:30:00+00:00,2011-12-06,270.0,False,,,,,,,,,,,,,,True
2011-12-07 01:00:00+00:00,,,2011-12-07 05:30:00+00:00,2011-12-07,270.0,False,,,,,7033.0,,49.0,,,,,,,True
2011-12-08 01:00:00+00:00,,,2011-12-08 05:30:00+00:00,2011-12-08,270.0,False,,,,,,,,,,,,,,True
2011-12-09 01:00:00+00:00,,,2011-12-09 05:30:00+00:00,2011-12-09,270.0,False,,,,,,,48.0,,,,,,,True
2011-12-12 01:00:00+00:00,,,2011-12-12 05:30:00+00:00,2011-12-12,270.0,False,,,,,,,,,,,,,,True
2011-12-13 01:00:00+00:00,,,2011-12-13 05:30:00+00:00,2011-12-13,270.0,False,,,,,,,,,,,,,,True
2011-12-14 01:00:00+00:00,,,2011-12-14 05:30:00+00:00,2011-12-14,270.0,False,,,,,,,,,,,,,,True
2011-12-15 01:00:00+00:00,,,2011-12-15 05:30:00+00:00,2011-12-15,270.0,False,,,,,,,,,,,,,,True
2011-12-16 01:00:00+00:00,,,2011-12-16 05:30:00+00:00,2011-12-16,270.0,False,,,,,,,,,,,,,,True
2011-12-19 01:00:00+00:00,,,2011-12-19 05:30:00+00:00,2011-12-19,270.0,False,,,,,,,,,,,,,,True
2011-12-20 01:00:00+00:00,,,2011-12-20 05:30:00+00:00,2011-12-20,270.0,False,,,,,,,,47.0,,,,,,True
2011-12-21 01:00:00+00:00,,,2011-12-21 05:30:00+00:00,2011-12-21,270.0,False,,,,,,,,,,,,,,True
2011-12-22 01:00:00+00:00,,,2011-12-22 05:30:00+00:00,2011-12-22,270.0,False,,,,,,,,,,,,,,True
2011-12-23 01:00:00+00:00,,,2011-12-23 05:30:00+00:00,2011-12-23,270.0,False,,,,,,,,50.0,,,,,,True
2011-12-26 01:00:00+00:00,,,2011-12-26 05:30:00+00:00,2011-12-26,270.0,False,,,,,,,50.0,,,,,,,True
2011-12-27 01:00:00+00:00,,,2011-12-27 05:30:00+00:00,2011-12-27,270.0,False,,,,,,,,,,,,,,True
2011-12-28 01:00:00+00:00,,,2011-12-28 05:30:00+00:00,2011-12-28,270.0,False,,,,,,,,,,,,,,True
2011-12-29 01:00:00+00:00,,,2011-12-29 05:30:00+00:00,2011-12-29,270.0,False,,,,,,,,,,,,,,True
2011-12-30 01:00:00+00:00,,,2011-12-30 05:30:00+00:00,2011-12-30,270.0,False,,,,,,,50.0,,,,,,,True
2012-01-02 01:00:00+00:00,,,2012-01-02 05:30:00+00:00,2012-01-02,270.0,False,,,,,,,,,,,,,,True
2012-01-03 01:00:00+00:00,,,2012-01-03 05:30:00+00:00,2012-01-03,270.0,False,,,,,,,,,,,,,,True
2012-01-04 01:00:00+00:00,,,2012-01-04 05:30:00+00:00,2012-01-04,270.0,False,,,,,,,,50.0,,,,,,True
2012-01-05 01:00:00+00:00,,,2012-01-05 05:30:00+00:00,2012-01-05,270.0,False,,,,,,,,,,,,,,True
2012-01-06 01:00:00+00:00,,,2012-01-06 05:30:00+00:00,2012-01-06,270.0,False,,30.0,,,,,,50.0,,,,,,True
2012-01-09 01:00:00+00:00,,,2012-01-09 05:30:00+00:00,2012-01-09,270.0,False,30.0,,,,,,,,,0.0,,,,True
2012-01-10 01:00:00+00:00,,,2012-01-10 05:30:00+00:00,2012-01-10,270.0,False,,,,,,,,,,,,,,True
2012-01-11 01:00:00+00:00,,,2012-01-11 05:30:00+00:00,2012-01-11,270.0,False,,,,,,,,,,,,,,True
2012-01-12 01:00:00+00:00,,,2012-01-12 05:30:00+00:00,2012-01-12,270.0,False,,,,,,,,,,,,,,True
2012-01-13 01:00:00+00:00,,,2012-01-13 05:30:00+00:00,2012-01-13,270.0,False,,,,,,,,,,,,,,True
2012-01-16 01:00:00+00:00,,,2012-01-16 05:30:00+00:00,2012-01-16,270.0,False,,,,,,,,,,,,,,True
2012-01-17 01:00:00+00:00,,,2012-01-17 05:30:00+00:00,2012-01-17,270.0,False,,,,,,,,,,,,,,True
2012-01-18 01:00:00+00:00,,,2012-01-18 05:30:00+00:00,2012-01-18,270.0,False,,,,,,,,,,,,,,True
2012-01-30 01:00:00+00:00,,,2012-01-30 05:30:00+00:00,2012-01-30,270.0,False,31.0,,,,,,,,,,,,,True
2012-01-31 01:00:00+00:00,,,2012-01-31 05:30:00+00:00,2012-01-31,270.0,False,32.0,,,,,,52.0,,,,,,,True
2012-02-01 01:00:00+00:00,,,2012-02-01 05:30:00+00:00,2012-02-01,270.0,False,,,,,,,,,,,,,,True
2012-02-02 01:00:00+00:00,,,2012-02-02 05:30:00+00:00,2012-02-02,270.0,False,,,,,,,,,,,,,,True
2012-02-03 01:00:00+00:00,,,2012-02-03 05:30:00+00:00,2012-02-03,270.0,False,,,,,,,,,,,,,,True
2012-02-06 01:00:00+00:00,,,2012-02-06 05:30:00+00:00,2012-02-06,270.0,False,,,,,,,,,,,,,,True
2012-02-07 01:00:00+00:00,,,2012-02-07 05:30:00+00:00,2012-02-07,270.0,False,,,,,,,,,,,,,,True
2012-02-08 01:00:00+00:00,,,2012-02-08 05:30:00+00:00,2012-02-08,270.0,False,,,,,,,,,,,,,,True
2012-02-09 01:00:00+00:00,,,2012-02-09 05:30:00+00:00,2012-02-09,270.0,False,,33.0,,,,,,,,,,,,True
2012-02-10 01:00:00+00:00,,,2012-02-10 05:30:00+00:00,2012-02-10,270.0,False,,,,,,,,,,,,,,True
2012-02-13 01:00:00+00:00,,,2012-02-13 05:30:00+00:00,2012-02-13,270.0,False,,,,,,,54.0,,,,,,,True
2012-02-14 01:00:00+00:00,,,2012-02-14 05:30:00+00:00,2012-02-14,270.0,False,,,,,,,,54.0,,,,,,True
2012-02-15 01:00:00+00:00,,,2012-02-15 05:30:00+00:00,2012-02-15,270.0,False,,,,,,,,,,,,,,True
2012-02-16 01:00:00+00:00,,,2012-02-16 05:30:00+00:00,2012-02-16,270.0,False,,,,,,,,,,,,,,True
2012-02-17 01:00:00+00:00,,,2012-02-17 05:30:00+00:00,2012-02-17,270.0,False,,,,,,,,,,,,,,True
2012-02-20 01:00:00+00:00,,,2012-02-20 05:30:00+00:00,2012-02-20,270.0,False,,,,,,,,,,,,,,True
2012-02-21 01:00:00+00:00,,,2012-02-21 05:30:00+00:00,2012-02-21,270.0,False,,,,,,,,,,,,,,True
2012-02-22 01:00:00+00:00,,,2012-02-22 05:30:00+00:00,2012-02-22,270.0,False,,,,,,,,,,,,,,True
2012-02-23 01:00:00+00:00,,,2012-02-23 05:30:00+00:00,2012-02-23,270.0,False,,,,,,,,,,,,,,True
2012-02-24 01:00:00+00:00,,,2012-02-24 05:30:00+00:00,2012-02-24,270.0,False,,,,,,,,,,,,,,True
2012-02-29 01:00:00+00:00,,,2012-02-29 05:30:00+00:00,2012-02-29,270.0,False,,,,,,,,56.0,,,,,,True
2012-03-01 01:00:00+00:00,,,2012-03-01 05:30:00+00:00,2012-03-01,270.0,False,,,,,,,,,,,,,,True
2012-03-02 01:00:00+00:00,,,2012-03-02 05:30:00+00:00,2012-03-02,270.0,False,,,,,,,56.0,,,,,,,True
2012-03-05 01:00:00+00:00,,,2012-03-05 05:30:00+00:00,2012-03-05,270.0,False,,,,,,,,,,,,,,True
2012-03-06 01:00:00+00:00,,,2012-03-06 05:30:00+00:00,2012-03-06,270.0,False,,,,,,,,,,,,,,True
2012-03-07 01:00:00+00:00,,,2012-03-07 05:30:00+00:00,2012-03-07,270.0,False,,,,,,,54.0,,,,,,,True
2012-03-08 01:00:00+00:00,,,2012-03-08 05:30:00+00:00,2012-03-08,270.0,False,,,,,,,,,,,,,,True
2012-03-09 01:00:00+00:00,,,2012-03-09 05:30:00+00:00,2012-03-09,270.0,False,,,,,,,,,,,,,,True
2012-03-12 01:00:00+00:00,,,2012-03-12 05:30:00+00:00,2012-03-12,270.0,False,,,,,,,55.0,,,,,,,True
2012-03-13 01:00:00+00:00,,,2012-03-13 05:30:00+00:00,2012-03-13,270.0,False,,,,,,,,,,,,,,True
2012-03-14 01:00:00+00:00,,,2012-03-14 05:30:00+00:00,2012-03-14,270.0,False,,,,,,,,,,,,,,True
2012-03-15 01:00:00+00:00,,,2012-03-15 05:30:00+00:00,2012-03-15,270.0,False,34.0,,,,,,,,,,,,,True
2012-03-16 01:00:00+00:00,,,2012-03-16 05:30:00+00:00,2012-03-16,270.0,False,,,,,,,,,,,,,,True
2012-03-19 01:00:00+00:00,,,2012-03-19 05:30:00+00:00,2012-03-19,270.0,False,,,,,,,,,,,,,,True
2012-03-20 01:00:00+00:00,,,2012-03-20 05:30:00+00:00,2012-03-20,270.0,False,,,,,,,,,,,,,,True
2012-03-21 01:00:00+00:00,,,2012-03-21 05:30:00+00:00,2012-03-21,270.0,False,,,,,,,,,,,,,,True
2012-03-22 01:00:00+00:00,,,2012-03-22 05:30:00+00:00,2012-03-22,270.0,False,,,,,,,,,,,,,,True
2012-03-23 01:00:00+00:00,,,2012-03-23 05:30:00+00:00,2012-03-23,270.0,False,,,,,,,,,,,,,,True
2012-03-26 01:00:00+00:00,,,2012-03-26 05:30:00+00:00,2012-03-26,270.0,False,,,,,,,55.0,,,,,,,True
2012-03-27 01:00:00+00:00,,,2012-03-27 05:30:00+00:00,2012-03-27,270.0,False,,,,,,,,,,,,,,True
2012-03-28 01:00:00+00:00,,,2012-03-28 05:30:00+00:00,2012-03-28,270.0,False,,,,,,,,,,,,,,True
2012-03-29 01:00:00+00:00,,,2012-03-29 05:30:00+00:00,2012-03-29,270.0,False,,,,,,,,,,,,,,True
2012-03-30 01:00:00+00:00,,,2012-03-30 05:30:00+00:00,2012-03-30,270.0,False,,,,,7933.0,,,,,,,,,True
2012-04-02 01:00:00+00:00,,,2012-04-02 05:30:00+00:00,2012-04-02,270.0,False,,,,,,,,,,,,,,True
2012-04-03 01:00:00+00:00,,,2012-04-03 05:30:00+00:00,2012-04-03,270.0,False,,,,,,,,,,,,,,True
2012-04-05 01:00:00+00:00,,,2012-04-05 05:30:00+00:00,2012-04-05,270.0,False,,,,,,,,,,,,,,True
2012-04-06 01:00:00+00:00,,,2012-04-06 05:30:00+00:00,2012-04-06,270.0,False,,,,,,,,,,,,,,True
2012-04-09 01:00:00+00:00,,,2012-04-09 05:30:00+00:00,2012-04-09,270.0,False,,,,,,,53.0,,,,,,,True
2012-04-10 01:00:00+00:00,,,2012-04-10 05:30:00+00:00,2012-04-10,270.0,False,,,,,,,,,,,,,,True
2012-04-11 01:00:00+00:00,,,2012-04-11 05:30:00+00:00,2012-04-11,270.0,False,,,,,,,,,,,,,,True
2012-04-12 01:00:00+00:00,,,2012-04-12 05:30:00+00:00,2012-04-12,270.0,False,,,,,,,,,,,,,,True
2012-04-13 01:00:00+00:00,,,2012-04-13 05:30:00+00:00,2012-04-13,270.0,False,,,,,,,,,,,,,,True
2012-04-16 01:00:00+00:00,,,2012-04-16 05:30:00+00:00,2012-04-16,270.0,False,,,,,,,,,,,,,,True
2012-04-17 01:00:00+00:00,,,2012-04-17 05:30:00+00:00,2012-04-17,270.0,False,,,,,,,,,,,,,,True
2012-04-18 01:00:00+00:00,,,2012-04-18 05:30:00+00:00,2012-04-18,270.0,False,33.0,,,,7605.0,,,53.0,,,,,,True
2012-04-19 01:00:00+00:00,,,2012-04-19 05:30:00+00:00,2012-04-19,270.0,False,,,,,,,,,,,,,,True
2012-04-20 01:00:00+00:00,,,2012-04-20 05:30:00+00:00,2012-04-20,270.0,False,33.0,,,,,,,,,,,,,True
2012-04-23 01:00:00+00:00,,,2012-04-23 05:30:00+00:00,2012-04-23,270.0,False,,,,,,,,,,,,,,True
2012-04-24 01:00:00+00:00,,,2012-04-24 05:30:00+00:00,2012-04-24,270.0,False,,,,,,,,,,,,,,True
2012-04-25 01:00:00+00:00,,,2012-04-25 05:30:00+00:00,2012-04-25,270.0,False,,,,,,,,,,,,,,True
2012-04-26 01:00:00+00:00,,,2012-04-26 05:30:00+00:00,2012-04-26,270.0,False,,,,,,,,,,,,,,True
2012-04-27 01:00:00+00:00,,,2012-04-27 05:30:00+00:00,2012-04-27,270.0,False,33.0,,,,,,,,,,,,,True
2012-04-30 01:00:00+00:00,,,2012-04-30 05:30:00+00:00,2012-04-30,270.0,False,33.0,,,,,,,,,,,,,True
2012-05-02 01:00:00+00:00,,,2012-05-02 05:30:00+00:00,2012-05-02,270.0,False,33.0,,,,,,,,,,,,,True
2012-05-03 01:00:00+00:00,,,2012-05-03 05:30:00+00:00,2012-05-03,270.0,False,,,,,,,,,,,,,,True
2012-05-04 01:00:00+00:00,,,2012-05-04 05:30:00+00:00,2012-05-04,270.0,False,,,,,,,,,,,,,,True
2012-05-07 01:00:00+00:00,,,2012-05-07 05:30:00+00:00,2012-05-07,270.0,False,33.0,,,,,,,,,,,,,True
2012-05-08 01:00:00+00:00,,,2012-05-08 05:30:00+00:00,2012-05-08,270.0,False,31.0,,,,,,,,,,,,,True
2012-05-09 01:00:00+00:00,,,2012-05-09 05:30:00+00:00,2012-05-09,270.0,False,,,,,,,,,,,,,,True
2012-05-10 01:00:00+00:00,,,2012-05-10 05:30:00+00:00,2012-05-10,270.0,False,,,,,,,,,,,,,,True
2012-05-11 01:00:00+00:00,,,2012-05-11 05:30:00+00:00,2012-05-11,270.0,False,,,,,,,,,,,,,,True
2012-05-14 01:00:00+00:00,,,2012-05-14 05:30:00+00:00,2012-05-14,270.0,False,,,,,,,,,,,,,,True
2012-05-15 01:00:00+00:00,,,2012-05-15 05:30:00+00:00,2012-05-15,270.0,False,,31.0,,,,,,,,,,,,True
2012-05-16 01:00:00+00:00,,,2012-05-16 05:30:00+00:00,2012-05-16,270.0,False,,,,,,,51.0,,,,,,,True
2012-05-17 01:00:00+00:00,,,2012-05-17 05:30:00+00:00,2012-05-17,270.0,False,,,,,,,,,,,,,,True
2012-05-18 01:00:00+00:00,,,2012-05-18 05:30:00+00:00,2012-05-18,270.0,False,,,,,,,,,,,,,,True
2012-05-21 01:00:00+00:00,,,2012-05-21 05:30:00+00:00,2012-05-21,270.0,False,,,,,,,,,,,,,,True
2012-05-22 01:00:00+00:00,,,2012-05-22 05:30:00+00:00,2012-05-22,270.0,False,,,,,,,,,,,,,,True
2012-05-23 01:00:00+00:00,,,2012-05-23 05:30:00+00:00,2012-05-23,270.0,False,,,,,,,,,,,,,,True
2012-05-24 01:00:00+00:00,,,2012-05-24 05:30:00+00:00,2012-05-24,270.0,False,,,,,,,,,,,,,,True
2012-05-25 01:00:00+00:00,,,2012-05-25 05:30:00+00:00,2012-05-25,270.0,False,,,,,,,,,,,,,,True
2012-05-28 01:00:00+00:00,,,2012-05-28 05:30:00+00:00,2012-05-28,270.0,False,,,,,7136.0,,,,,,,,,True
2012-05-29 01:00:00+00:00,,,2012-05-29 05:30:00+00:00,2012-05-29,270.0,False,29.0,,,,,,,,,,,,,True
2012-05-30 01:00:00+00:00,,,2012-05-30 05:30:00+00:00,2012-05-30,270.0,False,29.0,,,,,,,,,,,,,True
2012-05-31 01:00:00+00:00,,,2012-05-31 05:30:00+00:00,2012-05-31,270.0,False,,,,,,,,,,,,,,True
2012-06-01 01:00:00+00:00,,,2012-06-01 05:30:00+00:00,2012-06-01,270.0,False,,,,,,,,,,,,,,True
2012-06-04 01:00:00+00:00,,,2012-06-04 05:30:00+00:00,2012-06-04,270.0,False,28.0,,,,,,,,,,,,,True
2012-06-05 01:00:00+00:00,,,2012-06-05 05:30:00+00:00,2012-06-05,270.0,False,,,,,,,,,,,,,,True
2012-06-06 01:00:00+00:00,,,2012-06-06 05:30:00+00:00,2012-06-06,270.0,False,,,,,,,,,,,,,,True
2012-06-07 01:00:00+00:00,,,2012-06-07 05:30:00+00:00,2012-06-07,270.0,False,,,,,,,,,,,,,,True
2012-06-08 01:00:00+00:00,,,2012-06-08 05:30:00+00:00,2012-06-08,270.0,False,,,,,,,,48.0,,,,,,True
2012-06-11 01:00:00+00:00,,,2012-06-11 05:30:00+00:00,2012-06-11,270.0,False,,,,,,,,,,,,,,True
2012-06-12 01:00:00+00:00,,,2012-06-12 05:30:00+00:00,2012-06-12,270.0,False,,,,,,,,,,,,,,True
2012-06-13 01:00:00+00:00,,,2012-06-13 05:30:00+00:00,2012-06-13,270.0,False,29.0,,,,,,,,,,,,,True
2012-06-14 01:00:00+00:00,,,2012-06-14 05:30:00+00:00,2012-06-14,270.0,False,,,,,,,,,,,,,,True
2012-06-15 01:00:00+00:00,,,2012-06-15 05:30:00+00:00,2012-06-15,270.0,False,,29.0,,7094.0,,,,,,,,,,True
2012-06-18 01:00:00+00:00,,,2012-06-18 05:30:00+00:00,2012-06-18,270.0,False,,,,,,,,,,,,,,True
2012-06-19 01:00:00+00:00,,,2012-06-19 05:30:00+00:00,2012-06-19,270.0,False,,,,,,,50.0,,,,,,,True
2012-06-20 01:00:00+00:00,,,2012-06-20 05:30:00+00:00,2012-06-20,270.0,False,,,,,,,,,,,,,,True
2012-06-21 01:00:00+00:00,,,2012-06-21 05:30:00+00:00,2012-06-21,270.0,False,,,,,,,,,,,,,,True
2012-06-22 01:00:00+00:00,,,2012-06-22 05:30:00+00:00,2012-06-22,270.0,False,,,,,,,,,,,,,,True
2012-06-25 01:00:00+00:00,,,2012-06-25 05:30:00+00:00,2012-06-25,270.0,False,,,,,,,,,,,,,,True
2012-06-26 01:00:00+00:00,,,2012-06-26 05:30:00+00:00,2012-06-26,270.0,False,,28.0,,,,,49.0,,,,,,,True
2012-06-27 01:00:00+00:00,,,2012-06-27 05:30:00+00:00,2012-06-27,270.0,False,,29.0,,,,,,,,,,,,True
2012-06-28 01:00:00+00:00,,,2012-06-28 05:30:00+00:00,2012-06-28,270.0,False,,,,,,,,,,,,,,True
2012-06-29 01:00:00+00:00,,,2012-06-29 05:30:00+00:00,2012-06-29,270.0,False,,,,,,,,,,,,,,True
2012-07-02 01:00:00+00:00,,,2012-07-02 05:30:00+00:00,2012-07-02,270.0,False,,,,,,,,,,,,,,True
2012-07-03 01:00:00+00:00,,,2012-07-03 05:30:00+00:00,2012-07-03,270.0,False,29.0,,,,,,,,,,,,,True
2012-07-04 01:00:00+00:00,,,2012-07-04 05:30:00+00:00,2012-07-04,270.0,False,,,,,,,,,,,,,,True
2012-07-05 01:00:00+00:00,,,2012-07-05 05:30:00+00:00,2012-07-05,270.0,False,,,,,,,,,,,,,,True
2012-07-06 01:00:00+00:00,,,2012-07-06 05:30:00+00:00,2012-07-06,270.0,False,29.0,29.0,,,,,,51.0,,,0.0,,,True
2012-07-09 01:00:00+00:00,,,2012-07-09 05:30:00+00:00,2012-07-09,270.0,False,,,,,,,,,,,,,,True
2012-07-10 01:00:00+00:00,,,2012-07-10 05:30:00+00:00,2012-07-10,270.0,False,,,,,,,,,,,,,,True
2012-07-11 01:00:00+00:00,,,2012-07-11 05:30:00+00:00,2012-07-11,270.0,False,29.0,29.0,,,,,,,,,0.0,,,True
2012-07-12 01:00:00+00:00,,,2012-07-12 05:30:00+00:00,2012-07-12,270.0,False,,29.0,,,,,,,,,,,,True
2012-07-13 01:00:00+00:00,,,2012-07-13 05:30:00+00:00,2012-07-13,270.0,False,,,,,,,,,,,,,,True
2012-07-16 01:00:00+00:00,,,2012-07-16 05:30:00+00:00,2012-07-16,270.0,False,,,,,,,,,,,,,,True
2012-07-17 01:00:00+00:00,,,2012-07-17 05:30:00+00:00,2012-07-17,270.0,False,29.0,30.0,,,7127.0,,,,,,0.033901551675681416,,,True
2012-07-18 01:00:00+00:00,,,2012-07-18 05:30:00+00:00,2012-07-18,270.0,False,,,,,,,,,,,,,,True
2012-07-19 01:00:00+00:00,,,2012-07-19 05:30:00+00:00,2012-07-19,270.0,False,,,,,,,,,,,,,,True
2012-07-20 01:00:00+00:00,,,2012-07-20 05:30:00+00:00,2012-07-20,270.0,False,28.0,28.0,,,,,,,,,0.0,,,True
2012-07-23 01:00:00+00:00,,,2012-07-23 05:30:00+00:00,2012-07-23,270.0,False,28.0,,,,,,,,,0.0,,,,True
2012-07-24 01:00:00+00:00,,,2012-07-24 05:30:00+00:00,2012-07-24,270.0,False,,,,,,,,,,,,,,True
2012-07-25 01:00:00+00:00,,,2012-07-25 05:30:00+00:00,2012-07-25,270.0,False,,,,,,,,,,,,,,True
2012-07-26 01:00:00+00:00,,,2012-07-26 05:30:00+00:00,2012-07-26,270.0,False,,27.0,,,,,,,,,,,,True
2012-07-27 01:00:00+00:00,,,2012-07-27 05:30:00+00:00,2012-07-27,270.0,False,,,,,,,,,,,,,,True
2012-07-30 01:00:00+00:00,,,2012-07-30 05:30:00+00:00,2012-07-30,270.0,False,,,,,,,50.0,,,,,,,True
2012-07-31 01:00:00+00:00,,,2012-07-31 05:30:00+00:00,2012-07-31,270.0,False,,,,,,,,,,,,,,True
2012-08-01 01:00:00+00:00,,,2012-08-01 05:30:00+00:00,2012-08-01,270.0,False,,,,,,,,,,,,,,True
2012-08-03 01:00:00+00:00,,,2012-08-03 05:30:00+00:00,2012-08-03,270.0,False,,,,,,,,,,,,,,True
2012-08-06 01:00:00+00:00,,,2012-08-06 05:30:00+00:00,2012-08-06,270.0,False,,,,,,,,,,,,,,True
2012-08-07 01:00:00+00:00,,,2012-08-07 05:30:00+00:00,2012-08-07,270.0,False,,,,,,,,,,,,,,True
2012-08-08 01:00:00+00:00,,,2012-08-08 05:30:00+00:00,2012-08-08,270.0,False,,,,,,,,,,,,,,True
2012-08-09 01:00:00+00:00,,,2012-08-09 05:30:00+00:00,2012-08-09,270.0,False,,,,,,,,,,,,,,True
2012-08-10 01:00:00+00:00,,,2012-08-10 05:30:00+00:00,2012-08-10,270.0,False,29.0,29.0,,,,,,,,,0.0,,,True
2012-08-13 01:00:00+00:00,,,2012-08-13 05:30:00+00:00,2012-08-13,270.0,False,,,,,,,53.0,53.0,,,,,,True
2012-08-14 01:00:00+00:00,,,2012-08-14 05:30:00+00:00,2012-08-14,270.0,False,,,,,,,,,,,,,,True
2012-08-15 01:00:00+00:00,,,2012-08-15 05:30:00+00:00,2012-08-15,270.0,False,,,,,,,,,,,,,,True
2012-08-16 01:00:00+00:00,,,2012-08-16 05:30:00+00:00,2012-08-16,270.0,False,,,,,,,,,,,,,,True
2012-08-17 01:00:00+00:00,,,2012-08-17 05:30:00+00:00,2012-08-17,270.0,False,,,,,,,,,,,,,,True
2012-08-20 01:00:00+00:00,,,2012-08-20 05:30:00+00:00,2012-08-20,270.0,False,29.0,29.0,,,,,,,,,0.0,,,True
2012-08-21 01:00:00+00:00,,,2012-08-21 05:30:00+00:00,2012-08-21,270.0,False,,,,,,,,,,,,,,True
2012-08-22 01:00:00+00:00,,,2012-08-22 05:30:00+00:00,2012-08-22,270.0,False,,,,,,,,,,,,,,True
2012-08-23 01:00:00+00:00,,,2012-08-23 05:30:00+00:00,2012-08-23,270.0,False,,,,,,,,,,,,,,True
2012-08-24 01:00:00+00:00,,,2012-08-24 05:30:00+00:00,2012-08-24,270.0,False,,,,,,,53.0,,,,,,,True
2012-08-27 01:00:00+00:00,,,2012-08-27 05:30:00+00:00,2012-08-27,270.0,False,,,,,,,,,,,,,,True
2012-08-28 01:00:00+00:00,,,2012-08-28 05:30:00+00:00,2012-08-28,270.0,False,,,,,,,,,,,,,,True
2012-08-29 01:00:00+00:00,,,2012-08-29 05:30:00+00:00,2012-08-29,270.0,False,,,,,,,,,,,,,,True
2012-08-30 01:00:00+00:00,,,2012-08-30 05:30:00+00:00,2012-08-30,270.0,False,,,,,,,,,,,,,,True
2012-08-31 01:00:00+00:00,,,2012-08-31 05:30:00+00:00,2012-08-31,270.0,False,,,,,,,,,,,,,,True
2012-09-03 01:00:00+00:00,,,2012-09-03 05:30:00+00:00,2012-09-03,270.0,False,,,,,,,,,,,,,,True
2012-09-04 01:00:00+00:00,,,2012-09-04 05:30:00+00:00,2012-09-04,270.0,False,,,,,,,,,,,,,,True
2012-09-05 01:00:00+00:00,,,2012-09-05 05:30:00+00:00,2012-09-05,270.0,False,,,,,,,,,,,,,,True
2012-09-06 01:00:00+00:00,,,2012-09-06 05:30:00+00:00,2012-09-06,270.0,False,,,,,,,,,,,,,,True
2012-09-07 01:00:00+00:00,,,2012-09-07 05:30:00+00:00,2012-09-07,270.0,False,,,,,,,,,,,,,,True
2012-09-10 01:00:00+00:00,,,2012-09-10 05:30:00+00:00,2012-09-10,270.0,False,,,,,,,,,,,,,,True
2012-09-11 01:00:00+00:00,,,2012-09-11 05:30:00+00:00,2012-09-11,270.0,False,,,,,,,,,,,,,,True
2012-09-12 01:00:00+00:00,,,2012-09-12 05:30:00+00:00,2012-09-12,270.0,False,,,,,,,,,,,,,,True
2012-09-13 01:00:00+00:00,,,2012-09-13 05:30:00+00:00,2012-09-13,270.0,False,,,,,,,,,,,,,,True
2012-09-14 01:00:00+00:00,,,2012-09-14 05:30:00+00:00,2012-09-14,270.0,False,,31.0,,,,,,,,,,,,True
2012-09-17 01:00:00+00:00,,,2012-09-17 05:30:00+00:00,2012-09-17,270.0,False,,,,,,,,,,,,,,True
2012-09-18 01:00:00+00:00,,,2012-09-18 05:30:00+00:00,2012-09-18,270.0,False,,,,,,,,,,,,,,True
2012-09-19 01:00:00+00:00,,,2012-09-19 05:30:00+00:00,2012-09-19,270.0,False,,,,,,,,,,,,,,True
2012-09-20 01:00:00+00:00,,,2012-09-20 05:30:00+00:00,2012-09-20,270.0,False,,,,,,,,,,,,,,True
2012-09-21 01:00:00+00:00,,,2012-09-21 05:30:00+00:00,2012-09-21,270.0,False,,,,,,,,,,,,,,True
2012-09-24 01:00:00+00:00,,,2012-09-24 05:30:00+00:00,2012-09-24,270.0,False,,31.0,,,,,,,,,,,,True
2012-09-25 01:00:00+00:00,,,2012-09-25 05:30:00+00:00,2012-09-25,270.0,False,31.0,31.0,,,,,,,,0.0,0.0,,,True
2012-09-26 01:00:00+00:00,,,2012-09-26 05:30:00+00:00,2012-09-26,270.0,False,,,,,,,,,,,,,,True
2012-09-27 01:00:00+00:00,,,2012-09-27 05:30:00+00:00,2012-09-27,270.0,False,,,,,,,,,,,,,,True
2012-09-28 01:00:00+00:00,,,2012-09-28 05:30:00+00:00,2012-09-28,270.0,False,,,,,,,,,,,,,,True
2012-10-01 01:00:00+00:00,,,2012-10-01 05:30:00+00:00,2012-10-01,270.0,False,,,,,,,55.0,55.0,,,,,,True
2012-10-02 01:00:00+00:00,,,2012-10-02 05:30:00+00:00,2012-10-02,270.0,False,,,,,,,,,,,,,,True
2012-10-03 01:00:00+00:00,,,2012-10-03 05:30:00+00:00,2012-10-03,270.0,False,,,,,,,,55.0,,,,,,True
2012-10-04 01:00:00+00:00,,,2012-10-04 05:30:00+00:00,2012-10-04,270.0,False,,,,,,,55.0,,,,,,,True
2012-10-05 01:00:00+00:00,,,2012-10-05 05:30:00+00:00,2012-10-05,270.0,False,,,,,,,55.0,,,,,,,True
2012-10-08 01:00:00+00:00,,,2012-10-08 05:30:00+00:00,2012-10-08,270.0,False,,,,,,,55.0,,,,,,,True
2012-10-09 01:00:00+00:00,,,2012-10-09 05:30:00+00:00,2012-10-09,270.0,False,,,,,,,,,,,,,,True
2012-10-11 01:00:00+00:00,,,2012-10-11 05:30:00+00:00,2012-10-11,270.0,False,,30.0,,,,,,,,,,,,True
2012-10-12 01:00:00+00:00,,,2012-10-12 05:30:00+00:00,2012-10-12,270.0,False,,,,,,,,,,,,,,True
2012-10-15 01:00:00+00:00,,,2012-10-15 05:30:00+00:00,2012-10-15,270.0,False,30.0,,,,,,,,,,,,,True
2012-10-16 01:00:00+00:00,,,2012-10-16 05:30:00+00:00,2012-10-16,270.0,False,30.0,,,,,,,,,,,,,True
2012-10-17 01:00:00+00:00,,,2012-10-17 05:30:00+00:00,2012-10-17,270.0,False,,31.0,,,,,,,,,,,,True
2012-10-18 01:00:00+00:00,,,2012-10-18 05:30:00+00:00,2012-10-18,270.0,False,,,,,,,,,,,,,,True
2012-10-19 01:00:00+00:00,,,2012-10-19 05:30:00+00:00,2012-10-19,270.0,False,30.0,,,,,,,,,,,,,True
2012-10-22 01:00:00+00:00,,,2012-10-22 05:30:00+00:00,2012-10-22,270.0,False,,,,,,,,,,,,,,True
2012-10-23 01:00:00+00:00,,,2012-10-23 05:30:00+00:00,2012-10-23,270.0,False,,,,,,,,,,,,,,True
2012-10-24 01:00:00+00:00,,,2012-10-24 05:30:00+00:00,2012-10-24,270.0,False,,,,,,,,51.0,,,,,,True
2012-10-25 01:00:00+00:00,,,2012-10-25 05:30:00+00:00,2012-10-25,270.0,False,,,,,,,,,,,,,,True
2012-10-26 01:00:00+00:00,,,2012-10-26 05:30:00+00:00,2012-10-26,270.0,False,,,,,,,,,,,,,,True
2012-10-29 01:00:00+00:00,,,2012-10-29 05:30:00+00:00,2012-10-29,270.0,False,,,,,,,,50.0,,,,,,True
2012-10-30 01:00:00+00:00,,,2012-10-30 05:30:00+00:00,2012-10-30,270.0,False,,,,,,,,,,,,,,True
2012-10-31 01:00:00+00:00,,,2012-10-31 05:30:00+00:00,2012-10-31,270.0,False,30.0,30.0,,,,,,,,,0.0,,,True
2012-11-01 01:00:00+00:00,,,2012-11-01 05:30:00+00:00,2012-11-01,270.0,False,,,,,,,,,,,,,,True
2012-11-02 01:00:00+00:00,,,2012-11-02 05:30:00+00:00,2012-11-02,270.0,False,,,,,,,,,,,,,,True
2012-11-05 01:00:00+00:00,,,2012-11-05 05:30:00+00:00,2012-11-05,270.0,False,,,,,,,,,,,,,,True
2012-11-06 01:00:00+00:00,,,2012-11-06 05:30:00+00:00,2012-11-06,270.0,False,,,,,,,,,,,,,,True
2012-11-07 01:00:00+00:00,,,2012-11-07 05:30:00+00:00,2012-11-07,270.0,False,,,,,,,,,,,,,,True
2012-11-08 01:00:00+00:00,,,2012-11-08 05:30:00+00:00,2012-11-08,270.0,False,,,,7229.0,,,,,,,,,,True
2012-11-09 01:00:00+00:00,,,2012-11-09 05:30:00+00:00,2012-11-09,270.0,False,,,,,,,,,,,,,,True
2012-11-12 01:00:00+00:00,,,2012-11-12 05:30:00+00:00,2012-11-12,270.0,False,30.0,,,,,,,,,,,,,True
2012-11-13 01:00:00+00:00,,,2012-11-13 05:30:00+00:00,2012-11-13,270.0,False,,,,,,,51.0,,,,,,,True
2012-11-14 01:00:00+00:00,,,2012-11-14 05:30:00+00:00,2012-11-14,270.0,False,,,,,,,,,,,,,,True
2012-11-15 01:00:00+00:00,,,2012-11-15 05:30:00+00:00,2012-11-15,270.0,False,,,,,,,50.0,50.0,,,,,,True
2012-11-16 01:00:00+00:00,,,2012-11-16 05:30:00+00:00,2012-11-16,270.0,False,,,,,,,,,,,,,,True
2012-11-19 01:00:00+00:00,,,2012-11-19 05:30:00+00:00,2012-11-19,270.0,False,,,,,,,,,,,,,,True
2012-11-20 01:00:00+00:00,,,2012-11-20 05:30:00+00:00,2012-11-20,270.0,False,,,,,,,,,,,,,,True
2012-11-21 01:00:00+00:00,,,2012-11-21 05:30:00+00:00,2012-11-21,270.0,False,,,,,,,,,,,,,,True
2012-11-22 01:00:00+00:00,,,2012-11-22 05:30:00+00:00,2012-11-22,270.0,False,,,,,,,,,,,,,,True
2012-11-23 01:00:00+00:00,,,2012-11-23 05:30:00+00:00,2012-11-23,270.0,False,,,,,,,,,,,,,,True
2012-11-26 01:00:00+00:00,,,2012-11-26 05:30:00+00:00,2012-11-26,270.0,False,,,,,,,,,,,,,,True
2012-11-27 01:00:00+00:00,,,2012-11-27 05:30:00+00:00,2012-11-27,270.0,False,,,,,,,,,,,,,,True
2012-11-28 01:00:00+00:00,,,2012-11-28 05:30:00+00:00,2012-11-28,270.0,False,,,,,,,,,,,,,,True
2012-11-29 01:00:00+00:00,,,2012-11-29 05:30:00+00:00,2012-11-29,270.0,False,,,,,,,,,,,,,,True
2012-11-30 01:00:00+00:00,,,2012-11-30 05:30:00+00:00,2012-11-30,270.0,False,,,,,,,,,,,,,,True
2012-12-03 01:00:00+00:00,,,2012-12-03 05:30:00+00:00,2012-12-03,270.0,False,,,,,,,,,,,,,,True
2012-12-04 01:00:00+00:00,,,2012-12-04 05:30:00+00:00,2012-12-04,270.0,False,,,,,,,,,,,,,,True
2012-12-05 01:00:00+00:00,,,2012-12-05 05:30:00+00:00,2012-12-05,270.0,False,,,,,,,,,,,,,,True
2012-12-06 01:00:00+00:00,,,2012-12-06 05:30:00+00:00,2012-12-06,270.0,False,,,,,,,,,,,,,,True
2012-12-07 01:00:00+00:00,,,2012-12-07 05:30:00+00:00,2012-12-07,270.0,False,,,,,,,,,,,,,,True
2012-12-10 01:00:00+00:00,,,2012-12-10 05:30:00+00:00,2012-12-10,270.0,False,,,,,,,,,,,,,,True
2012-12-11 01:00:00+00:00,,,2012-12-11 05:30:00+00:00,2012-12-11,270.0,False,,,,7621.0,,,,,,,,,,True
2012-12-12 01:00:00+00:00,,,2012-12-12 05:30:00+00:00,2012-12-12,270.0,False,,,,,,,,,,,,,,True
2012-12-13 01:00:00+00:00,,,2012-12-13 05:30:00+00:00,2012-12-13,270.0,False,,,,,,,,,,,,,,True
2012-12-14 01:00:00+00:00,,,2012-12-14 05:30:00+00:00,2012-12-14,270.0,False,,,,,,,,,,,,,,True
2012-12-17 01:00:00+00:00,,,2012-12-17 05:30:00+00:00,2012-12-17,270.0,False,,,,,,,,,,,,,,True
2012-12-18 01:00:00+00:00,,,2012-12-18 05:30:00+00:00,2012-12-18,270.0,False,,,,,,,,,,,,,,True
2012-12-19 01:00:00+00:00,,,2012-12-19 05:30:00+00:00,2012-12-19,270.0,False,,,,,,,,,,,,,,True
2012-12-20 01:00:00+00:00,,,2012-12-20 05:30:00+00:00,2012-12-20,270.0,False,,,,,,,,,,,,,,True
2012-12-21 01:00:00+00:00,,,2012-12-21 05:30:00+00:00,2012-12-21,270.0,False,,31.0,,,,,,,,,,,,True
2012-12-24 01:00:00+00:00,,,2012-12-24 05:30:00+00:00,2012-12-24,270.0,False,,,,,,,,,,,,,,True
2012-12-25 01:00:00+00:00,,,2012-12-25 05:30:00+00:00,2012-12-25,270.0,False,,,,,,,,,,,,,,True
2012-12-26 01:00:00+00:00,,,2012-12-26 05:30:00+00:00,2012-12-26,270.0,False,,,,,,,,,,,,,,True
2012-12-27 01:00:00+00:00,,,2012-12-27 05:30:00+00:00,2012-12-27,270.0,False,,,,,,,,,,,,,,True
2012-12-28 01:00:00+00:00,,,2012-12-28 05:30:00+00:00,2012-12-28,270.0,False,,,,,,,,,,,,,,True
2013-01-02 01:00:00+00:00,,,2013-01-02 05:30:00+00:00,2013-01-02,270.0,False,,,,,,,54.0,,,,,,,True
2013-01-03 01:00:00+00:00,,,2013-01-03 05:30:00+00:00,2013-01-03,270.0,False,,,,,,,,,,,,,,True
2013-01-04 01:00:00+00:00,,,2013-01-04 05:30:00+00:00,2013-01-04,270.0,False,,,,,,,,,,,,,,True
2013-01-07 01:00:00+00:00,,,2013-01-07 05:30:00+00:00,2013-01-07,270.0,False,,,,,,,,,,,,,,True
2013-01-08 01:00:00+00:00,,,2013-01-08 05:30:00+00:00,2013-01-08,270.0,False,32.0,,,,,,54.0,,,,,,,True
2013-01-09 01:00:00+00:00,,,2013-01-09 05:30:00+00:00,2013-01-09,270.0,False,,,,,,,,,,,,,,True
2013-01-10 01:00:00+00:00,,,2013-01-10 05:30:00+00:00,2013-01-10,270.0,False,,,,,,,,,,,,,,True
2013-01-11 01:00:00+00:00,,,2013-01-11 05:30:00+00:00,2013-01-11,270.0,False,,,,,,,,,,,,,,True
2013-01-14 01:00:00+00:00,,,2013-01-14 05:30:00+00:00,2013-01-14,270.0,False,,33.0,,,,,54.0,,,,,,,True
2013-01-15 01:00:00+00:00,,,2013-01-15 05:30:00+00:00,2013-01-15,270.0,False,,,,,,,,54.0,,,,,,True
2013-01-16 01:00:00+00:00,,,2013-01-16 05:30:00+00:00,2013-01-16,270.0,False,,,,,,,,,,,,,,True
2013-01-17 01:00:00+00:00,,,2013-01-17 05:30:00+00:00,2013-01-17,270.0,False,,,,,,,,,,,,,,True
2013-01-18 01:00:00+00:00,,,2013-01-18 05:30:00+00:00,2013-01-18,270.0,False,,,,,,,,,,,,,,True
2013-01-21 01:00:00+00:00,,,2013-01-21 05:30:00+00:00,2013-01-21,270.0,False,,,,,,,,,,,,,,True
2013-01-22 01:00:00+00:00,,,2013-01-22 05:30:00+00:00,2013-01-22,270.0,False,,,,,,,,,,,,,,True
2013-01-23 01:00:00+00:00,,,2013-01-23 05:30:00+00:00,2013-01-23,270.0,False,,,,,,,,54.0,,,,,,True
2013-01-24 01:00:00+00:00,,,2013-01-24 05:30:00+00:00,2013-01-24,270.0,False,,,,,,,,,,,,,,True
2013-01-25 01:00:00+00:00,,,2013-01-25 05:30:00+00:00,2013-01-25,270.0,False,,,,,,,,,,,,,,True
2013-01-28 01:00:00+00:00,,,2013-01-28 05:30:00+00:00,2013-01-28,270.0,False,,,,,,,,,,,,,,True
2013-01-29 01:00:00+00:00,,,2013-01-29 05:30:00+00:00,2013-01-29,270.0,False,,,,,7802.0,,,,,,,,,True
2013-01-30 01:00:00+00:00,,,2013-01-30 05:30:00+00:00,2013-01-30,270.0,False,,33.0,,,,,,,,,,,,True
2013-01-31 01:00:00+00:00,,,2013-01-31 05:30:00+00:00,2013-01-31,270.0,False,,,,,,,,,,,,,,True
2013-02-01 01:00:00+00:00,,,2013-02-01 05:30:00+00:00,2013-02-01,270.0,False,,,,,,,,,,,,,,True
2013-02-04 01:00:00+00:00,,,2013-02-04 05:30:00+00:00,2013-02-04,270.0,False,,,,,,,,,,,,,,True
2013-02-05 01:00:00+00:00,,,2013-02-05 05:30:00+00:00,2013-02-05,270.0,False,,,,,,,,55.0,,,,,,True
2013-02-06 01:00:00+00:00,,,2013-02-06 05:30:00+00:00,2013-02-06,270.0,False,,,,,,,,,,,,,,True
2013-02-18 01:00:00+00:00,,,2013-02-18 05:30:00+00:00,2013-02-18,270.0,False,,,,,,,,,,,,,,True
2013-02-19 01:00:00+00:00,,,2013-02-19 05:30:00+00:00,2013-02-19,270.0,False,,,,,,,,,,,,,,True
2013-02-20 01:00:00+00:00,,,2013-02-20 05:30:00+00:00,2013-02-20,270.0,False,,,,,,,,,,,,,,True
2013-02-21 01:00:00+00:00,,,2013-02-21 05:30:00+00:00,2013-02-21,270.0,False,,,,,,,,,,,,,,True
2013-02-22 01:00:00+00:00,,,2013-02-22 05:30:00+00:00,2013-02-22,270.0,False,,,,,,,,,,,,,,True
2013-02-25 01:00:00+00:00,,,2013-02-25 05:30:00+00:00,2013-02-25,270.0,False,,,,,,,,,,,,,,True
2013-02-26 01:00:00+00:00,,,2013-02-26 05:30:00+00:00,2013-02-26,270.0,False,,,,,,,,,,,,,,True
2013-02-27 01:00:00+00:00,,,2013-02-27 05:30:00+00:00,2013-02-27,270.0,False,,,,,,,,,,,,,,True
2013-03-01 01:00:00+00:00,,,2013-03-01 05:30:00+00:00,2013-03-01,270.0,False,,,,,,,,,,,,,,True
2013-03-04 01:00:00+00:00,,,2013-03-04 05:30:00+00:00,2013-03-04,270.0,False,,,,,,,,,,,,,,True
2013-03-05 01:00:00+00:00,,,2013-03-05 05:30:00+00:00,2013-03-05,270.0,False,,,,,,,,,,,,,,True
2013-03-06 01:00:00+00:00,,,2013-03-06 05:30:00+00:00,2013-03-06,270.0,False,,,,,,,,,,,,,,True
2013-03-07 01:00:00+00:00,,,2013-03-07 05:30:00+00:00,2013-03-07,270.0,False,,,,,,,,,,,,,,True
2013-03-08 01:00:00+00:00,,,2013-03-08 05:30:00+00:00,2013-03-08,270.0,False,,,,7981.0,,,,,,,,,,True
2013-03-11 01:00:00+00:00,,,2013-03-11 05:30:00+00:00,2013-03-11,270.0,False,,,,,,,,,,,,,,True
2013-03-12 01:00:00+00:00,,,2013-03-12 05:30:00+00:00,2013-03-12,270.0,False,,,,8039.0,,,,,,,,,,True
2013-03-13 01:00:00+00:00,,,2013-03-13 05:30:00+00:00,2013-03-13,270.0,False,,,,,,,,,,,,,,True
2013-03-14 01:00:00+00:00,,,2013-03-14 05:30:00+00:00,2013-03-14,270.0,False,,,,,,,,,,,,,,True
2013-03-15 01:00:00+00:00,,,2013-03-15 05:30:00+00:00,2013-03-15,270.0,False,,,,,,,,,,,,,,True
2013-03-18 01:00:00+00:00,,,2013-03-18 05:30:00+00:00,2013-03-18,270.0,False,,,,,,,55.0,,,,,,,True
2013-03-19 01:00:00+00:00,,,2013-03-19 05:30:00+00:00,2013-03-19,270.0,False,,,,,,,,,,,,,,True
2013-03-20 01:00:00+00:00,,,2013-03-20 05:30:00+00:00,2013-03-20,270.0,False,,,,,,,,,,,,,,True
2013-03-21 01:00:00+00:00,,,2013-03-21 05:30:00+00:00,2013-03-21,270.0,False,,,,,,,,,,,,,,True
2013-03-22 01:00:00+00:00,,,2013-03-22 05:30:00+00:00,2013-03-22,270.0,False,,,,,,,,,,,,,,True
2013-03-25 01:00:00+00:00,,,2013-03-25 05:30:00+00:00,2013-03-25,270.0,False,,,,,,,,,,,,,,True
2013-03-26 01:00:00+00:00,,,2013-03-26 05:30:00+00:00,2013-03-26,270.0,False,,,,,,,,,,,,,,True
2013-03-27 01:00:00+00:00,,,2013-03-27 05:30:00+00:00,2013-03-27,270.0,False,,,,,,,,,,,,,,True
2013-03-28 01:00:00+00:00,,,2013-03-28 05:30:00+00:00,2013-03-28,270.0,False,,,,,,,,,,,,,,True
2013-03-29 01:00:00+00:00,,,2013-03-29 05:30:00+00:00,2013-03-29,270.0,False,,,,,,,,,,,,,,True
2013-04-01 01:00:00+00:00,,,2013-04-01 05:30:00+00:00,2013-04-01,270.0,False,,,,,,,,55.0,,,,,,True
2013-04-02 01:00:00+00:00,,,2013-04-02 05:30:00+00:00,2013-04-02,270.0,False,33.0,33.0,,,,,55.0,,,,0.0,,,True
2013-04-03 01:00:00+00:00,,,2013-04-03 05:30:00+00:00,2013-04-03,270.0,False,33.0,,,,,,,55.0,,0.0,,,,True
2013-04-08 01:00:00+00:00,,,2013-04-08 05:30:00+00:00,2013-04-08,270.0,False,,,,,,,,,,,,,,True
2013-04-09 01:00:00+00:00,,,2013-04-09 05:30:00+00:00,2013-04-09,270.0,False,,,,,,,54.0,,,,,,,True
2013-04-10 01:00:00+00:00,,,2013-04-10 05:30:00+00:00,2013-04-10,270.0,False,,,,,,,,,,,,,,True
2013-04-11 01:00:00+00:00,,,2013-04-11 05:30:00+00:00,2013-04-11,270.0,False,,,,,,,,,,,,,,True
2013-04-12 01:00:00+00:00,,,2013-04-12 05:30:00+00:00,2013-04-12,270.0,False,,,,,,,,,,,,,,True
2013-04-15 01:00:00+00:00,,,2013-04-15 05:30:00+00:00,2013-04-15,270.0,False,,,,,,,,,,,,,,True
2013-04-16 01:00:00+00:00,,,2013-04-16 05:30:00+00:00,2013-04-16,270.0,False,,,,,,,,54.0,,,,,,True
2013-04-17 01:00:00+00:00,,,2013-04-17 05:30:00+00:00,2013-04-17,270.0,False,,,,,,,54.0,,,,,,,True
2013-04-18 01:00:00+00:00,,,2013-04-18 05:30:00+00:00,2013-04-18,270.0,False,,,,,,,,,,,,,,True
2013-04-19 01:00:00+00:00,,,2013-04-19 05:30:00+00:00,2013-04-19,270.0,False,33.0,,,,,,,,,,,,,True
2013-04-22 01:00:00+00:00,,,2013-04-22 05:30:00+00:00,2013-04-22,270.0,False,,,,,,,,,,,,,,True
2013-04-23 01:00:00+00:00,,,2013-04-23 05:30:00+00:00,2013-04-23,270.0,False,,,,,,,,,,,,,,True
2013-04-24 01:00:00+00:00,,,2013-04-24 05:30:00+00:00,2013-04-24,270.0,False,,,,,,,,,,,,,,True
2013-04-25 01:00:00+00:00,,,2013-04-25 05:30:00+00:00,2013-04-25,270.0,False,,,,,,,,,,,,,,True
2013-04-26 01:00:00+00:00,,,2013-04-26 05:30:00+00:00,2013-04-26,270.0,False,,,,,,,,,,,,,,True
2013-04-29 01:00:00+00:00,,,2013-04-29 05:30:00+00:00,2013-04-29,270.0,False,,,,,,,,,,,,,,True
2013-04-30 01:00:00+00:00,,,2013-04-30 05:30:00+00:00,2013-04-30,270.0,False,,,,,,,,,,,,,,True
2013-05-02 01:00:00+00:00,,,2013-05-02 05:30:00+00:00,2013-05-02,270.0,False,35.0,35.0,,,,,,,,,0.0,,,True
2013-05-03 01:00:00+00:00,,,2013-05-03 05:30:00+00:00,2013-05-03,270.0,False,,,,,,,,,,,,,,True
2013-05-06 01:00:00+00:00,,,2013-05-06 05:30:00+00:00,2013-05-06,270.0,False,,,,,,,57.0,,,,,,,True
2013-05-07 01:00:00+00:00,,,2013-05-07 05:30:00+00:00,2013-05-07,270.0,False,,,,,,,,,,,,,,True
2013-05-08 01:00:00+00:00,,,2013-05-08 05:30:00+00:00,2013-05-08,270.0,False,,,,,,,,,,,,,,True
2013-05-09 01:00:00+00:00,,,2013-05-09 05:30:00+00:00,2013-05-09,270.0,False,,,,,,,,,,,,,,True
2013-05-10 01:00:00+00:00,,,2013-05-10 05:30:00+00:00,2013-05-10,270.0,False,,,,,,,,,,,,,,True
2013-05-13 01:00:00+00:00,,,2013-05-13 05:30:00+00:00,2013-05-13,270.0,False,,,,,,,,,,,,,,True
2013-05-14 01:00:00+00:00,,,2013-05-14 05:30:00+00:00,2013-05-14,270.0,False,,,,,,,58.0,,,,,,,True
2013-05-15 01:00:00+00:00,,,2013-05-15 05:30:00+00:00,2013-05-15,270.0,False,,,,,,,,,,,,,,True
2013-05-16 01:00:00+00:00,,,2013-05-16 05:30:00+00:00,2013-05-16,270.0,False,,,,,,,,,,,,,,True
2013-05-17 01:00:00+00:00,,,2013-05-17 05:30:00+00:00,2013-05-17,270.0,False,,,,,,,,,,,,,,True
2013-05-20 01:00:00+00:00,,,2013-05-20 05:30:00+00:00,2013-05-20,270.0,False,,,,,,,,,,,,,,True
2013-05-21 01:00:00+00:00,,,2013-05-21 05:30:00+00:00,2013-05-21,270.0,False,,,,,,,,,,,,,,True
2013-05-22 01:00:00+00:00,,,2013-05-22 05:30:00+00:00,2013-05-22,270.0,False,,,,,,,,,,,,,,True
2013-05-23 01:00:00+00:00,,,2013-05-23 05:30:00+00:00,2013-05-23,270.0,False,,,,,,,,57.0,,,,,,True
2013-05-24 01:00:00+00:00,,,2013-05-24 05:30:00+00:00,2013-05-24,270.0,False,,,,,,,57.0,,,,,,,True
2013-05-27 01:00:00+00:00,,,2013-05-27 05:30:00+00:00,2013-05-27,270.0,False,,,,,,,,,,,,,,True
2013-05-28 01:00:00+00:00,,,2013-05-28 05:30:00+00:00,2013-05-28,270.0,False,,,,,,,,,,,,,,True
2013-05-29 01:00:00+00:00,,,2013-05-29 05:30:00+00:00,2013-05-29,270.0,False,,,,,,,,,,,,,,True
2013-05-30 01:00:00+00:00,,,2013-05-30 05:30:00+00:00,2013-05-30,270.0,False,,,,,,,,,,,,,,True
2013-05-31 01:00:00+00:00,,,2013-05-31 05:30:00+00:00,2013-05-31,270.0,False,,,,,,,,,,,,,,True
2013-06-03 01:00:00+00:00,,,2013-06-03 05:30:00+00:00,2013-06-03,270.0,False,,,,,,,,,,,,,,True
2013-06-04 01:00:00+00:00,,,2013-06-04 05:30:00+00:00,2013-06-04,270.0,False,,,,,,,,,,,,,,True
2013-06-05 01:00:00+00:00,,,2013-06-05 05:30:00+00:00,2013-06-05,270.0,False,,,,,,,,,,,,,,True
2013-06-06 01:00:00+00:00,,,2013-06-06 05:30:00+00:00,2013-06-06,270.0,False,,,,,,,,,,,,,,True
2013-06-07 01:00:00+00:00,,,2013-06-07 05:30:00+00:00,2013-06-07,270.0,False,,,,,,,,,,,,,,True
2013-06-10 01:00:00+00:00,,,2013-06-10 05:30:00+00:00,2013-06-10,270.0,False,,,,,,,,,,,,,,True
2013-06-11 01:00:00+00:00,,,2013-06-11 05:30:00+00:00,2013-06-11,270.0,False,,,,,,,,,,,,,,True
2013-06-13 01:00:00+00:00,,,2013-06-13 05:30:00+00:00,2013-06-13,270.0,False,,,,,,,,55.0,,,,,,True
2013-06-14 01:00:00+00:00,,,2013-06-14 05:30:00+00:00,2013-06-14,270.0,False,,,,,,,,,,,,,,True
2013-06-17 01:00:00+00:00,,,2013-06-17 05:30:00+00:00,2013-06-17,270.0,False,,,,,,,,,,,,,,True
2013-06-18 01:00:00+00:00,,,2013-06-18 05:30:00+00:00,2013-06-18,270.0,False,,,,,,,,,,,,,,True
2013-06-19 01:00:00+00:00,,,2013-06-19 05:30:00+00:00,2013-06-19,270.0,False,,,,,,,,,,,,,,True
2013-06-20 01:00:00+00:00,,,2013-06-20 05:30:00+00:00,2013-06-20,270.0,False,,,,,,,55.0,,,,,,,True
2013-06-21 01:00:00+00:00,,,2013-06-21 05:30:00+00:00,2013-06-21,270.0,False,,,,,,,,,,,,,,True
2013-06-24 01:00:00+00:00,,,2013-06-24 05:30:00+00:00,2013-06-24,270.0,False,,,,,,,,,,,,,,True
2013-06-25 01:00:00+00:00,,,2013-06-25 05:30:00+00:00,2013-06-25,270.0,False,,,,,,,,53.0,,,,,,True
2013-06-26 01:00:00+00:00,,,2013-06-26 05:30:00+00:00,2013-06-26,270.0,False,,,,,,,,,,,,,,True
2013-06-27 01:00:00+00:00,,,2013-06-27 05:30:00+00:00,2013-06-27,270.0,False,,,,,,,,,,,,,,True
2013-06-28 01:00:00+00:00,,,2013-06-28 05:30:00+00:00,2013-06-28,270.0,False,,,,,,,,,,,,,,True
2013-07-01 01:00:00+00:00,,,2013-07-01 05:30:00+00:00,2013-07-01,270.0,False,,,,,8036.0,,,,,,,,,True
2013-07-02 01:00:00+00:00,,,2013-07-02 05:30:00+00:00,2013-07-02,270.0,False,,,,,,,,,,,,,,True
2013-07-03 01:00:00+00:00,,,2013-07-03 05:30:00+00:00,2013-07-03,270.0,False,,,,,,,,,,,,,,True
2013-07-04 01:00:00+00:00,,,2013-07-04 05:30:00+00:00,2013-07-04,270.0,False,,,,,,,,,,,,,,True
2013-07-05 01:00:00+00:00,,,2013-07-05 05:30:00+00:00,2013-07-05,270.0,False,,,,,,,,,,,,,,True
2013-07-08 01:00:00+00:00,,,2013-07-08 05:30:00+00:00,2013-07-08,270.0,False,,,,,,,,55.0,,,,,,True
2013-07-09 01:00:00+00:00,,,2013-07-09 05:30:00+00:00,2013-07-09,270.0,False,,,,,,,55.0,,,,,,,True
2013-07-10 01:00:00+00:00,,,2013-07-10 05:30:00+00:00,2013-07-10,270.0,False,,,,,,,,,,,,,,True
2013-07-11 01:00:00+00:00,,,2013-07-11 05:30:00+00:00,2013-07-11,270.0,False,,,,,,,,,,,,,,True
2013-07-12 01:00:00+00:00,,,2013-07-12 05:30:00+00:00,2013-07-12,270.0,False,,,,,,,,,,,,,,True
2013-07-15 01:00:00+00:00,,,2013-07-15 05:30:00+00:00,2013-07-15,270.0,False,,,,,,,,,,,,,,True
2013-07-16 01:00:00+00:00,,,2013-07-16 05:30:00+00:00,2013-07-16,270.0,False,,,,,,,,,,,,,,True
2013-07-17 01:00:00+00:00,,,2013-07-17 05:30:00+00:00,2013-07-17,270.0,False,35.0,,,,,,,,,,,,,True
2013-07-18 01:00:00+00:00,,,2013-07-18 05:30:00+00:00,2013-07-18,270.0,False,,,,,,,,,,,,,,True
2013-07-19 01:00:00+00:00,,,2013-07-19 05:30:00+00:00,2013-07-19,270.0,False,,,,,,,,,,,,,,True
2013-07-22 01:00:00+00:00,,,2013-07-22 05:30:00+00:00,2013-07-22,270.0,False,,,,,,,,,,,,,,True
2013-07-23 01:00:00+00:00,,,2013-07-23 05:30:00+00:00,2013-07-23,270.0,False,,,,,,,,,,,,,,True
2013-07-24 01:00:00+00:00,,,2013-07-24 05:30:00+00:00,2013-07-24,270.0,False,,,,,,,,,,,,,,True
2013-07-25 01:00:00+00:00,,,2013-07-25 05:30:00+00:00,2013-07-25,270.0,False,,,,,,,,57.0,,,,,,True
2013-07-26 01:00:00+00:00,,,2013-07-26 05:30:00+00:00,2013-07-26,270.0,False,,,,,,,57.0,,,,,,,True
2013-07-29 01:00:00+00:00,,,2013-07-29 05:30:00+00:00,2013-07-29,270.0,False,,,,,,,,,,,,,,True
2013-07-30 01:00:00+00:00,,,2013-07-30 05:30:00+00:00,2013-07-30,270.0,False,,,,,,,,,,,,,,True
2013-07-31 01:00:00+00:00,,,2013-07-31 05:30:00+00:00,2013-07-31,270.0,False,,,,,,,,,,,,,,True
2013-08-01 01:00:00+00:00,,,2013-08-01 05:30:00+00:00,2013-08-01,270.0,False,,,,,,,,,,,,,,True
2013-08-02 01:00:00+00:00,,,2013-08-02 05:30:00+00:00,2013-08-02,270.0,False,,,,,,,,,,,,,,True
2013-08-05 01:00:00+00:00,,,2013-08-05 05:30:00+00:00,2013-08-05,270.0,False,,,,,,,,,,,,,,True
2013-08-06 01:00:00+00:00,,,2013-08-06 05:30:00+00:00,2013-08-06,270.0,False,,,,,,,,,,,,,,True
2013-08-07 01:00:00+00:00,,,2013-08-07 05:30:00+00:00,2013-08-07,270.0,False,,,,,,,,,,,,,,True
2013-08-08 01:00:00+00:00,,,2013-08-08 05:30:00+00:00,2013-08-08,270.0,False,,,,,,,55.0,,,,,,,True
2013-08-09 01:00:00+00:00,,,2013-08-09 05:30:00+00:00,2013-08-09,270.0,False,,,,7955.0,,,,,,,,,,True
2013-08-12 01:00:00+00:00,,,2013-08-12 05:30:00+00:00,2013-08-12,270.0,False,,32.0,,,,,55.0,55.0,,,,,,True
2013-08-13 01:00:00+00:00,,,2013-08-13 05:30:00+00:00,2013-08-13,270.0,False,,,,,,,,,,,,,,True
2013-08-14 01:00:00+00:00,,,2013-08-14 05:30:00+00:00,2013-08-14,270.0,False,,,,,,,,,,,,,,True
2013-08-15 01:00:00+00:00,,,2013-08-15 05:30:00+00:00,2013-08-15,270.0,False,,,,,,,,55.0,,,,,,True
2013-08-16 01:00:00+00:00,,,2013-08-16 05:30:00+00:00,2013-08-16,270.0,False,,,,,7925.0,,,,,,,,,True
2013-08-19 01:00:00+00:00,,,2013-08-19 05:30:00+00:00,2013-08-19,270.0,False,,,,,,,,,,,,,,True
2013-08-20 01:00:00+00:00,,,2013-08-20 05:30:00+00:00,2013-08-20,270.0,False,,,,,,,,,,,,,,True
2013-08-22 01:00:00+00:00,,,2013-08-22 05:30:00+00:00,2013-08-22,270.0,False,,,,,,,,,,,,,,True
2013-08-23 01:00:00+00:00,,,2013-08-23 05:30:00+00:00,2013-08-23,270.0,False,,,,,,,,,,,,,,True
2013-08-26 01:00:00+00:00,,,2013-08-26 05:30:00+00:00,2013-08-26,270.0,False,,,,,,,55.0,,,,,,,True
2013-08-27 01:00:00+00:00,,,2013-08-27 05:30:00+00:00,2013-08-27,270.0,False,,,,,,,55.0,,,,,,,True
2013-08-28 01:00:00+00:00,,,2013-08-28 05:30:00+00:00,2013-08-28,270.0,False,,,,,,,,,,,,,,True
2013-08-29 01:00:00+00:00,,,2013-08-29 05:30:00+00:00,2013-08-29,270.0,False,,,,,,,,,,,,,,True
2013-08-30 01:00:00+00:00,,,2013-08-30 05:30:00+00:00,2013-08-30,270.0,False,,,,,,,,,,,,,,True
2013-09-02 01:00:00+00:00,,,2013-09-02 05:30:00+00:00,2013-09-02,270.0,False,,,,,,,,,,,,,,True
2013-09-03 01:00:00+00:00,,,2013-09-03 05:30:00+00:00,2013-09-03,270.0,False,,,,,,,,,,,,,,True
2013-09-04 01:00:00+00:00,,,2013-09-04 05:30:00+00:00,2013-09-04,270.0,False,,,,,,,,,,,,,,True
2013-09-05 01:00:00+00:00,,,2013-09-05 05:30:00+00:00,2013-09-05,270.0,False,,,,,,,,,,,,,,True
2013-09-06 01:00:00+00:00,,,2013-09-06 05:30:00+00:00,2013-09-06,270.0,False,,,,,,,,57.0,,,,,,True
2013-09-09 01:00:00+00:00,,,2013-09-09 05:30:00+00:00,2013-09-09,270.0,False,,,,,,,57.0,,,,,,,True
2013-09-10 01:00:00+00:00,,,2013-09-10 05:30:00+00:00,2013-09-10,270.0,False,,,,,,,,,,,,,,True
2013-09-11 01:00:00+00:00,,,2013-09-11 05:30:00+00:00,2013-09-11,270.0,False,,,,,,,,,,,,,,True
2013-09-12 01:00:00+00:00,,,2013-09-12 05:30:00+00:00,2013-09-12,270.0,False,,,,,,,,,,,,,,True
2013-09-13 01:00:00+00:00,,,2013-09-13 05:30:00+00:00,2013-09-13,270.0,False,,,,,,,,,,,,,,True
2013-09-16 01:00:00+00:00,,,2013-09-16 05:30:00+00:00,2013-09-16,270.0,False,,,,,,,,,,,,,,True
2013-09-17 01:00:00+00:00,,,2013-09-17 05:30:00+00:00,2013-09-17,270.0,False,,,,,,,,,,,,,,True
2013-09-18 01:00:00+00:00,,,2013-09-18 05:30:00+00:00,2013-09-18,270.0,False,,,,,,,,,,,,,,True
2013-09-23 01:00:00+00:00,,,2013-09-23 05:30:00+00:00,2013-09-23,270.0,False,,,,,,,,58.0,,,,,,True
2013-09-24 01:00:00+00:00,,,2013-09-24 05:30:00+00:00,2013-09-24,270.0,False,,,,,,,58.0,,,,,,,True
2013-09-25 01:00:00+00:00,,,2013-09-25 05:30:00+00:00,2013-09-25,270.0,False,,,,,,,58.0,,,,,,,True
2013-09-26 01:00:00+00:00,,,2013-09-26 05:30:00+00:00,2013-09-26,270.0,False,,,,,,,,,,,,,,True
2013-09-27 01:00:00+00:00,,,2013-09-27 05:30:00+00:00,2013-09-27,270.0,False,,,,,,,,,,,,,,True
2013-09-30 01:00:00+00:00,,,2013-09-30 05:30:00+00:00,2013-09-30,270.0,False,,,,,,,57.0,,,,,,,True
2013-10-01 01:00:00+00:00,,,2013-10-01 05:30:00+00:00,2013-10-01,270.0,False,,,,,,,57.0,,,,,,,True
2013-10-02 01:00:00+00:00,,,2013-10-02 05:30:00+00:00,2013-10-02,270.0,False,,,,,,,,,,,,,,True
2013-10-03 01:00:00+00:00,,,2013-10-03 05:30:00+00:00,2013-10-03,270.0,False,,,,,,,,,,,,,,True
2013-10-04 01:00:00+00:00,,,2013-10-04 05:30:00+00:00,2013-10-04,270.0,False,,,,,,,,,,,,,,True
2013-10-07 01:00:00+00:00,,,2013-10-07 05:30:00+00:00,2013-10-07,270.0,False,,,,,,,,,,,,,,True
2013-10-08 01:00:00+00:00,,,2013-10-08 05:30:00+00:00,2013-10-08,270.0,False,,,,,,,,,,,,,,True
2013-10-09 01:00:00+00:00,,,2013-10-09 05:30:00+00:00,2013-10-09,270.0,False,,,,,,,,,,,,,,True
2013-10-11 01:00:00+00:00,,,2013-10-11 05:30:00+00:00,2013-10-11,270.0,False,,,,,,,,,,,,,,True
2013-10-14 01:00:00+00:00,,,2013-10-14 05:30:00+00:00,2013-10-14,270.0,False,,,,,,,,58.0,,,,,,True
2013-10-15 01:00:00+00:00,,,2013-10-15 05:30:00+00:00,2013-10-15,270.0,False,,,,,,,,,,,,,,True
2013-10-16 01:00:00+00:00,,,2013-10-16 05:30:00+00:00,2013-10-16,270.0,False,,,,,,,,,,,,,,True
2013-10-17 01:00:00+00:00,,,2013-10-17 05:30:00+00:00,2013-10-17,270.0,False,,,,,,,,,,,,,,True
2013-10-18 01:00:00+00:00,,,2013-10-18 05:30:00+00:00,2013-10-18,270.0,False,,,,,,,,,,,,,,True
2013-10-21 01:00:00+00:00,,,2013-10-21 05:30:00+00:00,2013-10-21,270.0,False,,35.0,,,,,,59.0,,,,,,True
2013-10-22 01:00:00+00:00,,,2013-10-22 05:30:00+00:00,2013-10-22,270.0,False,,,,,,,,59.0,,,,,,True
2013-10-23 01:00:00+00:00,,,2013-10-23 05:30:00+00:00,2013-10-23,270.0,False,,,,,,,,,,,,,,True
2013-10-24 01:00:00+00:00,,,2013-10-24 05:30:00+00:00,2013-10-24,270.0,False,,,,,,,,,,,,,,True
2013-10-25 01:00:00+00:00,,,2013-10-25 05:30:00+00:00,2013-10-25,270.0,False,36.0,36.0,,,,,,,,,0.0,,,True
2013-10-28 01:00:00+00:00,,,2013-10-28 05:30:00+00:00,2013-10-28,270.0,False,,,,,,,,,,,,,,True
2013-10-29 01:00:00+00:00,,,2013-10-29 05:30:00+00:00,2013-10-29,270.0,False,,,,,,,,,,,,,,True
2013-10-30 01:00:00+00:00,,,2013-10-30 05:30:00+00:00,2013-10-30,270.0,False,,,,,,,,,,,,,,True
2013-10-31 01:00:00+00:00,,,2013-10-31 05:30:00+00:00,2013-10-31,270.0,False,,,,,,,,,,,,,,True
2013-11-01 01:00:00+00:00,,,2013-11-01 05:30:00+00:00,2013-11-01,270.0,False,,,,,,,58.0,,,,,,,True
2013-11-04 01:00:00+00:00,,,2013-11-04 05:30:00+00:00,2013-11-04,270.0,False,,,,,,,,,,,,,,True
2013-11-05 01:00:00+00:00,,,2013-11-05 05:30:00+00:00,2013-11-05,270.0,False,,,,,,,,,,,,,,True
2013-11-06 01:00:00+00:00,,,2013-11-06 05:30:00+00:00,2013-11-06,270.0,False,,,,,,,,,,,,,,True
2013-11-07 01:00:00+00:00,,,2013-11-07 05:30:00+00:00,2013-11-07,270.0,False,,,,,,,,,,,,,,True
2013-11-08 01:00:00+00:00,,,2013-11-08 05:30:00+00:00,2013-11-08,270.0,False,,,,,,,,,,,,,,True
2013-11-11 01:00:00+00:00,,,2013-11-11 05:30:00+00:00,2013-11-11,270.0,False,,,,,,,,,,,,,,True
2013-11-12 01:00:00+00:00,,,2013-11-12 05:30:00+00:00,2013-11-12,270.0,False,,,,,,,,,,,,,,True
2013-11-13 01:00:00+00:00,,,2013-11-13 05:30:00+00:00,2013-11-13,270.0,False,,,,,,,,,,,,,,True
2013-11-14 01:00:00+00:00,,,2013-11-14 05:30:00+00:00,2013-11-14,270.0,False,,,,,,,56.0,,,,,,,True
2013-11-15 01:00:00+00:00,,,2013-11-15 05:30:00+00:00,2013-11-15,270.0,False,,,,,,,,,,,,,,True
2013-11-18 01:00:00+00:00,,,2013-11-18 05:30:00+00:00,2013-11-18,270.0,False,,,,,,,,,,,,,,True
2013-11-19 01:00:00+00:00,,,2013-11-19 05:30:00+00:00,2013-11-19,270.0,False,,,,8215.0,,,,,,,,,,True
2013-11-20 01:00:00+00:00,,,2013-11-20 05:30:00+00:00,2013-11-20,270.0,False,,,,,,,,,,,,,,True
2013-11-21 01:00:00+00:00,,,2013-11-21 05:30:00+00:00,2013-11-21,270.0,False,,33.0,,,,,,,,,,,,True
2013-11-22 01:00:00+00:00,,,2013-11-22 05:30:00+00:00,2013-11-22,270.0,False,,,,,,,,,,,,,,True
2013-11-25 01:00:00+00:00,,,2013-11-25 05:30:00+00:00,2013-11-25,270.0,False,,,,,,,,,,,,,,True
2013-11-26 01:00:00+00:00,,,2013-11-26 05:30:00+00:00,2013-11-26,270.0,False,,,,,,,56.0,,,,,,,True
2013-11-27 01:00:00+00:00,,,2013-11-27 05:30:00+00:00,2013-11-27,270.0,False,,,,,,,,57.0,,,,,,True
2013-11-28 01:00:00+00:00,,,2013-11-28 05:30:00+00:00,2013-11-28,270.0,False,,,,,,,,,,,,,,True
2013-11-29 01:00:00+00:00,,,2013-11-29 05:30:00+00:00,2013-11-29,270.0,False,,,,,,,,,,,,,,True
2013-12-02 01:00:00+00:00,,,2013-12-02 05:30:00+00:00,2013-12-02,270.0,False,,,,,,,,,,,,,,True
2013-12-03 01:00:00+00:00,,,2013-12-03 05:30:00+00:00,2013-12-03,270.0,False,,,,,,,,,,,,,,True
2013-12-04 01:00:00+00:00,,,2013-12-04 05:30:00+00:00,2013-12-04,270.0,False,,,,,8418.0,,,,,,,,,True
2013-12-05 01:00:00+00:00,,,2013-12-05 05:30:00+00:00,2013-12-05,270.0,False,,,,,,,,,,,,,,True
2013-12-06 01:00:00+00:00,,,2013-12-06 05:30:00+00:00,2013-12-06,270.0,False,,,,,,,,,,,,,,True
2013-12-09 01:00:00+00:00,,,2013-12-09 05:30:00+00:00,2013-12-09,270.0,False,,,,,,,,,,,,,,True
2013-12-10 01:00:00+00:00,,,2013-12-10 05:30:00+00:00,2013-12-10,270.0,False,,,,,,,,,,,,,,True
2013-12-11 01:00:00+00:00,,,2013-12-11 05:30:00+00:00,2013-12-11,270.0,False,,,,,,,,,,,,,,True
2013-12-12 01:00:00+00:00,,,2013-12-12 05:30:00+00:00,2013-12-12,270.0,False,,,,,,,,,,,,,,True
2013-12-13 01:00:00+00:00,,,2013-12-13 05:30:00+00:00,2013-12-13,270.0,False,,,,,,,,,,,,,,True
2013-12-16 01:00:00+00:00,,,2013-12-16 05:30:00+00:00,2013-12-16,270.0,False,,,,,,,,,,,,,,True
2013-12-17 01:00:00+00:00,,,2013-12-17 05:30:00+00:00,2013-12-17,270.0,False,,,,,,,,,,,,,,True
2013-12-18 01:00:00+00:00,,,2013-12-18 05:30:00+00:00,2013-12-18,270.0,False,,,,,,8349.0,,57.0,,,,,,True
2013-12-19 01:00:00+00:00,,,2013-12-19 05:30:00+00:00,2013-12-19,270.0,False,,,,,,,,,,,,,,True
2013-12-20 01:00:00+00:00,,,2013-12-20 05:30:00+00:00,2013-12-20,270.0,False,,,,,,,,,,,,,,True
2013-12-23 01:00:00+00:00,,,2013-12-23 05:30:00+00:00,2013-12-23,270.0,False,,,,,,,,,,,,,,True
2013-12-24 01:00:00+00:00,,,2013-12-24 05:30:00+00:00,2013-12-24,270.0,False,34.0,,,,,,,,,,,,,True
2013-12-25 01:00:00+00:00,,,2013-12-25 05:30:00+00:00,2013-12-25,270.0,False,,,,,,,,,,,,,,True
2013-12-26 01:00:00+00:00,,,2013-12-26 05:30:00+00:00,2013-12-26,270.0,False,,,,,,,,,,,,,,True
2013-12-27 01:00:00+00:00,,,2013-12-27 05:30:00+00:00,2013-12-27,270.0,False,,,,,,8535.0,,,,,,,,True
2013-12-30 01:00:00+00:00,,,2013-12-30 05:30:00+00:00,2013-12-30,270.0,False,,,,,,,,,,,,,,True
2013-12-31 01:00:00+00:00,,,2013-12-31 05:30:00+00:00,2013-12-31,270.0,False,,,,,,,,,,,,,,True
2014-01-02 01:00:00+00:00,,,2014-01-02 05:30:00+00:00,2014-01-02,270.0,False,,,,,,,,,,,,,,True
2014-01-03 01:00:00+00:00,,,2014-01-03 05:30:00+00:00,2014-01-03,270.0,False,,,,,,,,,,,,,,True
2014-01-06 01:00:00+00:00,,,2014-01-06 05:30:00+00:00,2014-01-06,270.0,False,,,,8553.0,,,,,,,,,,True
2014-01-07 01:00:00+00:00,,,2014-01-07 05:30:00+00:00,2014-01-07,270.0,False,,,,,,,,,,,,,,True
2014-01-08 01:00:00+00:00,,,2014-01-08 05:30:00+00:00,2014-01-08,270.0,False,,,,,,,,,,,,,,True
2014-01-09 01:00:00+00:00,,,2014-01-09 05:30:00+00:00,2014-01-09,270.0,False,,,,,,,,,,,,,,True
2014-01-10 01:00:00+00:00,,,2014-01-10 05:30:00+00:00,2014-01-10,270.0,False,,,,,,,,,,,,,,True
2014-01-13 01:00:00+00:00,,,2014-01-13 05:30:00+00:00,2014-01-13,270.0,False,,,,,,,,,,,,,,True
2014-01-14 01:00:00+00:00,,,2014-01-14 05:30:00+00:00,2014-01-14,270.0,False,,,,,,,,,,,,,,True
2014-01-15 01:00:00+00:00,,,2014-01-15 05:30:00+00:00,2014-01-15,270.0,False,,,,,,,,,,,,,,True
2014-01-16 01:00:00+00:00,,,2014-01-16 05:30:00+00:00,2014-01-16,270.0,False,,,,,,,,,,,,,,True
2014-01-17 01:00:00+00:00,,,2014-01-17 05:30:00+00:00,2014-01-17,270.0,False,,,,,8596.0,,,,,,,,,True
2014-01-20 01:00:00+00:00,,,2014-01-20 05:30:00+00:00,2014-01-20,270.0,False,,,,,,,,,,,,,,True
2014-01-21 01:00:00+00:00,,,2014-01-21 05:30:00+00:00,2014-01-21,270.0,False,,,,,,,,,,,,,,True
2014-01-22 01:00:00+00:00,,,2014-01-22 05:30:00+00:00,2014-01-22,270.0,False,,,,,,,,,,,,,,True
2014-01-23 01:00:00+00:00,,,2014-01-23 05:30:00+00:00,2014-01-23,270.0,False,,,,,,,,,,,,,,True
2014-01-24 01:00:00+00:00,,,2014-01-24 05:30:00+00:00,2014-01-24,270.0,False,,,,,,,,,,,,,,True
2014-01-27 01:00:00+00:00,,,2014-01-27 05:30:00+00:00,2014-01-27,270.0,False,,,,,,,,,,,,,,True
2014-02-05 01:00:00+00:00,,,2014-02-05 05:30:00+00:00,2014-02-05,270.0,False,,,,,,,,,,,,,,True
2014-02-06 01:00:00+00:00,,,2014-02-06 05:30:00+00:00,2014-02-06,270.0,False,,,,,,,,14.0,,,,,,True
2014-02-07 01:00:00+00:00,,,2014-02-07 05:30:00+00:00,2014-02-07,270.0,False,,,,,,,,,,,,,,True
2014-02-10 01:00:00+00:00,,,2014-02-10 05:30:00+00:00,2014-02-10,270.0,False,,,,,,,,,,,,,,True
2014-02-11 01:00:00+00:00,,,2014-02-11 05:30:00+00:00,2014-02-11,270.0,False,,,,,,,,,,,,,,True
2014-02-12 01:00:00+00:00,,,2014-02-12 05:30:00+00:00,2014-02-12,270.0,False,,,,,,,,,,,,,,True
2014-02-13 01:00:00+00:00,,,2014-02-13 05:30:00+00:00,2014-02-13,270.0,False,,,,,,,,,,,,,,True
2014-02-14 01:00:00+00:00,,,2014-02-14 05:30:00+00:00,2014-02-14,270.0,False,,,,,,,,,,,,,,True
2014-02-17 01:00:00+00:00,,,2014-02-17 05:30:00+00:00,2014-02-17,270.0,False,,,,,,,,,,,,,,True
2014-02-18 01:00:00+00:00,,,2014-02-18 05:30:00+00:00,2014-02-18,270.0,False,,,,,,,,,,,,,,True
2014-02-19 01:00:00+00:00,,,2014-02-19 05:30:00+00:00,2014-02-19,270.0,False,,,,,,,,,,,,,,True
2014-02-20 01:00:00+00:00,,,2014-02-20 05:30:00+00:00,2014-02-20,270.0,False,,,,,,,,,,,,,,True
2014-02-21 01:00:00+00:00,,,2014-02-21 05:30:00+00:00,2014-02-21,270.0,False,,,,,,,,,,,,,,True
2014-02-24 01:00:00+00:00,,,2014-02-24 05:30:00+00:00,2014-02-24,270.0,False,,,,,,,,,,,,,,True
2014-02-25 01:00:00+00:00,,,2014-02-25 05:30:00+00:00,2014-02-25,270.0,False,,,,,,,,,,,,,,True
2014-02-26 01:00:00+00:00,,,2014-02-26 05:30:00+00:00,2014-02-26,270.0,False,,,,,,,,,,,,,,True
2014-02-27 01:00:00+00:00,,,2014-02-27 05:30:00+00:00,2014-02-27,270.0,False,,,,,,,,,,,,,,True
2014-03-03 01:00:00+00:00,,,2014-03-03 05:30:00+00:00,2014-03-03,270.0,False,,,,,,,,,,,,,,True
2014-03-04 01:00:00+00:00,,,2014-03-04 05:30:00+00:00,2014-03-04,270.0,False,,,,,,,,,,,,,,True
2014-03-05 01:00:00+00:00,,,2014-03-05 05:30:00+00:00,2014-03-05,270.0,False,,,,,,,,,,,,,,True
2014-03-06 01:00:00+00:00,,,2014-03-06 05:30:00+00:00,2014-03-06,270.0,False,,,,,,,,,,,,,,True
2014-03-07 01:00:00+00:00,,,2014-03-07 05:30:00+00:00,2014-03-07,270.0,False,,37.0,,,,,,,,,,,,True
2014-03-10 01:00:00+00:00,,,2014-03-10 05:30:00+00:00,2014-03-10,270.0,False,,,,,,,,,,,,,,True
2014-03-11 01:00:00+00:00,,,2014-03-11 05:30:00+00:00,2014-03-11,270.0,False,,,,,,,,,,,,,,True
2014-03-12 01:00:00+00:00,,,2014-03-12 05:30:00+00:00,2014-03-12,270.0,False,,,,,,,,,,,,,,True
2014-03-13 01:00:00+00:00,,,2014-03-13 05:30:00+00:00,2014-03-13,270.0,False,,,,,,,,,,,,,,True
2014-03-14 01:00:00+00:00,,,2014-03-14 05:30:00+00:00,2014-03-14,270.0,False,,,,,,,,,,,,,,True
2014-03-17 01:00:00+00:00,,,2014-03-17 05:30:00+00:00,2014-03-17,270.0,False,,,,,,,,,,,,,,True
2014-03-18 01:00:00+00:00,,,2014-03-18 05:30:00+00:00,2014-03-18,270.0,False,,,,,,,,,,,,,,True
2014-03-19 01:00:00+00:00,,,2014-03-19 05:30:00+00:00,2014-03-19,270.0,False,,,,,,,,,,,,,,True
2014-03-20 01:00:00+00:00,,,2014-03-20 05:30:00+00:00,2014-03-20,270.0,False,,,,,,,,,,,,,,True
2014-03-21 01:00:00+00:00,,,2014-03-21 05:30:00+00:00,2014-03-21,270.0,False,,,,,,,,,,,,,,True
2014-03-24 01:00:00+00:00,,,2014-03-24 05:30:00+00:00,2014-03-24,270.0,False,,,,,,,,,,,,,,True
2014-03-25 01:00:00+00:00,,,2014-03-25 05:30:00+00:00,2014-03-25,270.0,False,37.0,37.0,,,,,,,,,0.0,,,True
2014-03-26 01:00:00+00:00,,,2014-03-26 05:30:00+00:00,2014-03-26,270.0,False,,,,,,,,,,,,,,True
2014-03-27 01:00:00+00:00,,,2014-03-27 05:30:00+00:00,2014-03-27,270.0,False,,,,,,,,,,,,,,True
2014-03-28 01:00:00+00:00,,,2014-03-28 05:30:00+00:00,2014-03-28,270.0,False,,,,,,,,,,,,,,True
2014-03-31 01:00:00+00:00,,,2014-03-31 05:30:00+00:00,2014-03-31,270.0,False,,,,,,,,,,,,,,True
2014-04-01 01:00:00+00:00,,,2014-04-01 05:30:00+00:00,2014-04-01,270.0,False,,,,,,,,,,,,,,True
2014-04-02 01:00:00+00:00,,,2014-04-02 05:30:00+00:00,2014-04-02,270.0,False,,,,,,,,,,,,,,True
2014-04-03 01:00:00+00:00,,,2014-04-03 05:30:00+00:00,2014-04-03,270.0,False,,,,,,,,,,,,,,True
2014-04-07 01:00:00+00:00,,,2014-04-07 05:30:00+00:00,2014-04-07,270.0,False,,,,,,,,,,,,,,True
2014-04-08 01:00:00+00:00,,,2014-04-08 05:30:00+00:00,2014-04-08,270.0,False,,,,,,,,,,,,,,True
2014-04-09 01:00:00+00:00,,,2014-04-09 05:30:00+00:00,2014-04-09,270.0,False,,,,,,,,,,,,,,True
2014-04-10 01:00:00+00:00,,,2014-04-10 05:30:00+00:00,2014-04-10,270.0,False,,,,,,,,,,,,,,True
2014-04-11 01:00:00+00:00,,,2014-04-11 05:30:00+00:00,2014-04-11,270.0,False,,,,,,,,,,,,,,True
2014-04-14 01:00:00+00:00,,,2014-04-14 05:30:00+00:00,2014-04-14,270.0,False,,,,,,,,,,,,,,True
2014-04-15 01:00:00+00:00,,,2014-04-15 05:30:00+00:00,2014-04-15,270.0,False,,,,,,,,,,,,,,True
2014-04-16 01:00:00+00:00,,,2014-04-16 05:30:00+00:00,2014-04-16,270.0,False,,,,,,,,,,,,,,True
2014-04-17 01:00:00+00:00,,,2014-04-17 05:30:00+00:00,2014-04-17,270.0,False,,,,,,,,,,,,,,True
2014-04-18 01:00:00+00:00,,,2014-04-18 05:30:00+00:00,2014-04-18,270.0,False,,39.0,,,,,,,,,,,,True
2014-04-21 01:00:00+00:00,,,2014-04-21 05:30:00+00:00,2014-04-21,270.0,False,39.0,,,,,,,,,0.0,,,,True
2014-04-22 01:00:00+00:00,,,2014-04-22 05:30:00+00:00,2014-04-22,270.0,False,,,,,,,,,,,,,,True
2014-04-23 01:00:00+00:00,,,2014-04-23 05:30:00+00:00,2014-04-23,270.0,False,,,,,,,,,,,,,,True
2014-04-24 01:00:00+00:00,,,2014-04-24 05:30:00+00:00,2014-04-24,270.0,False,,,,,,,,,,,,,,True
2014-04-25 01:00:00+00:00,,,2014-04-25 05:30:00+00:00,2014-04-25,270.0,False,,,,,,,,,,,,,,True
2014-04-28 01:00:00+00:00,,,2014-04-28 05:30:00+00:00,2014-04-28,270.0,False,,,,,,,,,,,,,,True
2014-04-29 01:00:00+00:00,,,2014-04-29 05:30:00+00:00,2014-04-29,270.0,False,,,,,,,,,,,,,,True
2014-04-30 01:00:00+00:00,,,2014-04-30 05:30:00+00:00,2014-04-30,270.0,False,,,,,,,,,,,,,,True
2014-05-02 01:00:00+00:00,,,2014-05-02 05:30:00+00:00,2014-05-02,270.0,False,,,,,,,,,,,,,,True
2014-05-05 01:00:00+00:00,,,2014-05-05 05:30:00+00:00,2014-05-05,270.0,False,,,,,,,,,,,,,,True
2014-05-06 01:00:00+00:00,,,2014-05-06 05:30:00+00:00,2014-05-06,270.0,False,,,,,,,,,,,,,,True
2014-05-07 01:00:00+00:00,,,2014-05-07 05:30:00+00:00,2014-05-07,270.0,False,,,,,,,,,,,,,,True
2014-05-08 01:00:00+00:00,,,2014-05-08 05:30:00+00:00,2014-05-08,270.0,False,,,,,,,,,,,,,,True
2014-05-09 01:00:00+00:00,,,2014-05-09 05:30:00+00:00,2014-05-09,270.0,False,,,,,,,,,,,,,,True
2014-05-12 01:00:00+00:00,,,2014-05-12 05:30:00+00:00,2014-05-12,270.0,False,,,,,,,,,,,,,,True
2014-05-13 01:00:00+00:00,,,2014-05-13 05:30:00+00:00,2014-05-13,270.0,False,,,,,,,,,,,,,,True
2014-05-14 01:00:00+00:00,,,2014-05-14 05:30:00+00:00,2014-05-14,270.0,False,,,,,,,,,,,,,,True
2014-05-15 01:00:00+00:00,,,2014-05-15 05:30:00+00:00,2014-05-15,270.0,False,,,,,,,,,,,,,,True
2014-05-16 01:00:00+00:00,,,2014-05-16 05:30:00+00:00,2014-05-16,270.0,False,,,,,,,,,,,,,,True
2014-05-19 01:00:00+00:00,,,2014-05-19 05:30:00+00:00,2014-05-19,270.0,False,,,,,,,,,,,,,,True
2014-05-20 01:00:00+00:00,,,2014-05-20 05:30:00+00:00,2014-05-20,270.0,False,,,,,,,,,,,,,,True
2014-05-21 01:00:00+00:00,,,2014-05-21 05:30:00+00:00,2014-05-21,270.0,False,,,,,,,,,,,,,,True
2014-05-22 01:00:00+00:00,,,2014-05-22 05:30:00+00:00,2014-05-22,270.0,False,,,,,,,,,,,,,,True
2014-05-23 01:00:00+00:00,,,2014-05-23 05:30:00+00:00,2014-05-23,270.0,False,,,,,,,,,,,,,,True
2014-05-26 01:00:00+00:00,,,2014-05-26 05:30:00+00:00,2014-05-26,270.0,False,,,,,,,,,,,,,,True
2014-05-27 01:00:00+00:00,,,2014-05-27 05:30:00+00:00,2014-05-27,270.0,False,,,,,,,,,,,,,,True
2014-05-28 01:00:00+00:00,,,2014-05-28 05:30:00+00:00,2014-05-28,270.0,False,,40.0,,,,,,,,,,,,True
2014-05-29 01:00:00+00:00,,,2014-05-29 05:30:00+00:00,2014-05-29,270.0,False,,,,,9109.0,,,,,,,,,True
2014-05-30 01:00:00+00:00,,,2014-05-30 05:30:00+00:00,2014-05-30,270.0,False,,,,,,,,,,,,,,True
2014-06-03 01:00:00+00:00,,,2014-06-03 05:30:00+00:00,2014-06-03,270.0,False,,,,,,,,,,,,,,True
2014-06-04 01:00:00+00:00,,,2014-06-04 05:30:00+00:00,2014-06-04,270.0,False,,,,,,,,,,,,,,True
2014-06-05 01:00:00+00:00,,,2014-06-05 05:30:00+00:00,2014-06-05,270.0,False,,,,,,,,,,,,,,True
2014-06-06 01:00:00+00:00,,,2014-06-06 05:30:00+00:00,2014-06-06,270.0,False,,,,,,,,,,,,,,True
2014-06-09 01:00:00+00:00,,,2014-06-09 05:30:00+00:00,2014-06-09,270.0,False,,,,,,,,,,,,,,True
2014-06-10 01:00:00+00:00,,,2014-06-10 05:30:00+00:00,2014-06-10,270.0,False,,,,,,,,,,,,,,True
2014-06-11 01:00:00+00:00,,,2014-06-11 05:30:00+00:00,2014-06-11,270.0,False,,,,,,,,,,,,,,True
2014-06-12 01:00:00+00:00,,,2014-06-12 05:30:00+00:00,2014-06-12,270.0,False,,,,,,,16.0,16.0,,,,,,True
2014-06-13 01:00:00+00:00,,,2014-06-13 05:30:00+00:00,2014-06-13,270.0,False,,,,,,,,,,,,,,True
2014-06-16 01:00:00+00:00,,,2014-06-16 05:30:00+00:00,2014-06-16,270.0,False,,,,,,,,,,,,,,True
2014-06-17 01:00:00+00:00,,,2014-06-17 05:30:00+00:00,2014-06-17,270.0,False,,,,,,,,,,,,,,True
2014-06-18 01:00:00+00:00,,,2014-06-18 05:30:00+00:00,2014-06-18,270.0,False,,,,,,,,,,,,,,True
2014-06-19 01:00:00+00:00,,,2014-06-19 05:30:00+00:00,2014-06-19,270.0,False,,,,,,,,,,,,,,True
2014-06-20 01:00:00+00:00,,,2014-06-20 05:30:00+00:00,2014-06-20,270.0,False,,,,,,,,,,,,,,True
2014-06-23 01:00:00+00:00,,,2014-06-23 05:30:00+00:00,2014-06-23,270.0,False,,,,,,,,,,,,,,True
2014-06-24 01:00:00+00:00,,,2014-06-24 05:30:00+00:00,2014-06-24,270.0,False,,,,,,,,,,,,,,True
2014-06-25 01:00:00+00:00,,,2014-06-25 05:30:00+00:00,2014-06-25,270.0,False,,,,,,,,,,,,,,True
2014-06-26 01:00:00+00:00,,,2014-06-26 05:30:00+00:00,2014-06-26,270.0,False,39.0,39.0,,,,,,,,,0.0,,,True
2014-06-27 01:00:00+00:00,,,2014-06-27 05:30:00+00:00,2014-06-27,270.0,False,,,,,,,,,,,,,,True
2014-06-30 01:00:00+00:00,,,2014-06-30 05:30:00+00:00,2014-06-30,270.0,False,,40.0,,,,,,,,,,,,True
2014-07-01 01:00:00+00:00,,,2014-07-01 05:30:00+00:00,2014-07-01,270.0,False,,,,,,,,,,,,,,True
2014-07-02 01:00:00+00:00,,,2014-07-02 05:30:00+00:00,2014-07-02,270.0,False,40.0,,,9482.0,,,,,,,,,,True
2014-07-03 01:00:00+00:00,,,2014-07-03 05:30:00+00:00,2014-07-03,270.0,False,,,,,,,,,,,,,,True
2014-07-04 01:00:00+00:00,,,2014-07-04 05:30:00+00:00,2014-07-04,270.0,False,,,,,,,,,,,,,,True
2014-07-07 01:00:00+00:00,,,2014-07-07 05:30:00+00:00,2014-07-07,270.0,False,,,,,,,,,,,,,,True
2014-07-08 01:00:00+00:00,,,2014-07-08 05:30:00+00:00,2014-07-08,270.0,False,,,,,,,,,,,,,,True
2014-07-09 01:00:00+00:00,,,2014-07-09 05:30:00+00:00,2014-07-09,270.0,False,,,,9510.0,,,,,,,,,,True
2014-07-10 01:00:00+00:00,,,2014-07-10 05:30:00+00:00,2014-07-10,270.0,False,,,,,,,,,,,,,,True
2014-07-11 01:00:00+00:00,,,2014-07-11 05:30:00+00:00,2014-07-11,270.0,False,,,,,,,,,,,,,,True
2014-07-14 01:00:00+00:00,,,2014-07-14 05:30:00+00:00,2014-07-14,270.0,False,,,,,,,,,,,,,,True
2014-07-15 01:00:00+00:00,,,2014-07-15 05:30:00+00:00,2014-07-15,270.0,False,,,,,,,,,,,,,,True
2014-07-16 01:00:00+00:00,,,2014-07-16 05:30:00+00:00,2014-07-16,270.0,False,,,,,,,,,,,,,,True
2014-07-17 01:00:00+00:00,,,2014-07-17 05:30:00+00:00,2014-07-17,270.0,False,,,,,,,,,,,,,,True
2014-07-18 01:00:00+00:00,,,2014-07-18 05:30:00+00:00,2014-07-18,270.0,False,,,,,,,,,,,,,,True
2014-07-21 01:00:00+00:00,,,2014-07-21 05:30:00+00:00,2014-07-21,270.0,False,,,,,,,,,,,,,,True
2014-07-22 01:00:00+00:00,,,2014-07-22 05:30:00+00:00,2014-07-22,270.0,False,,,,,,,,,,,,,,True
2014-07-24 01:00:00+00:00,,,2014-07-24 05:30:00+00:00,2014-07-24,270.0,False,,,,,,,,,,,,,,True
2014-07-25 01:00:00+00:00,,,2014-07-25 05:30:00+00:00,2014-07-25,270.0,False,,,,,,,,,,,,,,True
2014-07-28 01:00:00+00:00,,,2014-07-28 05:30:00+00:00,2014-07-28,270.0,False,,,,,,,,,,,,,,True
2014-07-29 01:00:00+00:00,,,2014-07-29 05:30:00+00:00,2014-07-29,270.0,False,,,,,,,,,,,,,,True
2014-07-30 01:00:00+00:00,,,2014-07-30 05:30:00+00:00,2014-07-30,270.0,False,,,,,,,,,,,,,,True
2014-07-31 01:00:00+00:00,,,2014-07-31 05:30:00+00:00,2014-07-31,270.0,False,,,,,,,,,,,,,,True
2014-08-01 01:00:00+00:00,,,2014-08-01 05:30:00+00:00,2014-08-01,270.0,False,,,,,,,,,,,,,,True
2014-08-04 01:00:00+00:00,,,2014-08-04 05:30:00+00:00,2014-08-04,270.0,False,,,,,,,,,,,,,,True
2014-08-05 01:00:00+00:00,,,2014-08-05 05:30:00+00:00,2014-08-05,270.0,False,,,,,,,,,,,,,,True
2014-08-06 01:00:00+00:00,,,2014-08-06 05:30:00+00:00,2014-08-06,270.0,False,,41.0,,,,,,,,,,,,True
2014-08-07 01:00:00+00:00,,,2014-08-07 05:30:00+00:00,2014-08-07,270.0,False,,,,,,,,,,,,,,True
2014-08-08 01:00:00+00:00,,,2014-08-08 05:30:00+00:00,2014-08-08,270.0,False,,,,,,,,,,,,,,True
2014-08-11 01:00:00+00:00,,,2014-08-11 05:30:00+00:00,2014-08-11,270.0,False,,,,,,,,,,,,,,True
2014-08-12 01:00:00+00:00,,,2014-08-12 05:30:00+00:00,2014-08-12,270.0,False,,,,,,,,,,,,,,True
2014-08-13 01:00:00+00:00,,,2014-08-13 05:30:00+00:00,2014-08-13,270.0,False,,,,,,,,,,,,,,True
2014-08-14 01:00:00+00:00,,,2014-08-14 05:30:00+00:00,2014-08-14,270.0,False,,,,,,,,,,,,,,True
2014-08-15 01:00:00+00:00,,,2014-08-15 05:30:00+00:00,2014-08-15,270.0,False,,,,,,,,,,,,,,True
2014-08-18 01:00:00+00:00,,,2014-08-18 05:30:00+00:00,2014-08-18,270.0,False,,,,,,,,,,,,,,True
2014-08-19 01:00:00+00:00,,,2014-08-19 05:30:00+00:00,2014-08-19,270.0,False,,,,,,,,,,,,,,True
2014-08-20 01:00:00+00:00,,,2014-08-20 05:30:00+00:00,2014-08-20,270.0,False,,,,,,,,17.0,,,,,,True
2014-08-21 01:00:00+00:00,,,2014-08-21 05:30:00+00:00,2014-08-21,270.0,False,,,,,,,17.0,,,,,,,True
2014-08-22 01:00:00+00:00,,,2014-08-22 05:30:00+00:00,2014-08-22,270.0,False,,,,,,,,,,,,,,True
2014-08-25 01:00:00+00:00,,,2014-08-25 05:30:00+00:00,2014-08-25,270.0,False,,,,,,,,,,,,,,True
2014-08-26 01:00:00+00:00,,,2014-08-26 05:30:00+00:00,2014-08-26,270.0,False,41.0,,,,,,,,,,,,,True
2014-08-27 01:00:00+00:00,,,2014-08-27 05:30:00+00:00,2014-08-27,270.0,False,,,,,,,,,,,,,,True
2014-08-28 01:00:00+00:00,,,2014-08-28 05:30:00+00:00,2014-08-28,270.0,False,,,,,,,,,,,,,,True
2014-08-29 01:00:00+00:00,,,2014-08-29 05:30:00+00:00,2014-08-29,270.0,False,,,,,,,,,,,,,,True
2014-09-01 01:00:00+00:00,,,2014-09-01 05:30:00+00:00,2014-09-01,270.0,False,,,,,,,,,,,,,,True
2014-09-02 01:00:00+00:00,,,2014-09-02 05:30:00+00:00,2014-09-02,270.0,False,,,,,,,,,,,,,,True
2014-09-03 01:00:00+00:00,,,2014-09-03 05:30:00+00:00,2014-09-03,270.0,False,,,,,,,,,,,,,,True
2014-09-04 01:00:00+00:00,,,2014-09-04 05:30:00+00:00,2014-09-04,270.0,False,,,,,,,,,,,,,,True
2014-09-05 01:00:00+00:00,,,2014-09-05 05:30:00+00:00,2014-09-05,270.0,False,,,,,,,,,,,,,,True
2014-09-09 01:00:00+00:00,,,2014-09-09 05:30:00+00:00,2014-09-09,270.0,False,,,,,,,,,,,,,,True
2014-09-10 01:00:00+00:00,,,2014-09-10 05:30:00+00:00,2014-09-10,270.0,False,,,,,,,,,,,,,,True
2014-09-11 01:00:00+00:00,,,2014-09-11 05:30:00+00:00,2014-09-11,270.0,False,,,,,,,,,,,,,,True
2014-09-12 01:00:00+00:00,,,2014-09-12 05:30:00+00:00,2014-09-12,270.0,False,,,,,,,,,,,,,,True
2014-09-15 01:00:00+00:00,,,2014-09-15 05:30:00+00:00,2014-09-15,270.0,False,,,,,,,,,,,,,,True
2014-09-16 01:00:00+00:00,,,2014-09-16 05:30:00+00:00,2014-09-16,270.0,False,,,,,,,,,,,,,,True
2014-09-17 01:00:00+00:00,,,2014-09-17 05:30:00+00:00,2014-09-17,270.0,False,,,,,,,,,,,,,,True
2014-09-18 01:00:00+00:00,,,2014-09-18 05:30:00+00:00,2014-09-18,270.0,False,,,,,,,,,,,,,,True
2014-09-19 01:00:00+00:00,,,2014-09-19 05:30:00+00:00,2014-09-19,270.0,False,,,,,,,,17.0,,,,,,True
2014-09-22 01:00:00+00:00,,,2014-09-22 05:30:00+00:00,2014-09-22,270.0,False,,,,,,,,,,,,,,True
2014-09-23 01:00:00+00:00,,,2014-09-23 05:30:00+00:00,2014-09-23,270.0,False,,,,,,,,,,,,,,True
2014-09-24 01:00:00+00:00,,,2014-09-24 05:30:00+00:00,2014-09-24,270.0,False,,,,,,,,,,,,,,True
2014-09-25 01:00:00+00:00,,,2014-09-25 05:30:00+00:00,2014-09-25,270.0,False,,,,,,,,,,,,,,True
2014-09-26 01:00:00+00:00,,,2014-09-26 05:30:00+00:00,2014-09-26,270.0,False,,,,,,,,,,,,,,True
2014-09-29 01:00:00+00:00,,,2014-09-29 05:30:00+00:00,2014-09-29,270.0,False,,,,,,,,,,,,,,True
2014-09-30 01:00:00+00:00,,,2014-09-30 05:30:00+00:00,2014-09-30,270.0,False,,,,,,,,,,,,,,True
2014-10-01 01:00:00+00:00,,,2014-10-01 05:30:00+00:00,2014-10-01,270.0,False,,,,,,,,,,,,,,True
2014-10-02 01:00:00+00:00,,,2014-10-02 05:30:00+00:00,2014-10-02,270.0,False,,,,,,,,,,,,,,True
2014-10-03 01:00:00+00:00,,,2014-10-03 05:30:00+00:00,2014-10-03,270.0,False,,,,,,,,,,,,,,True
2014-10-06 01:00:00+00:00,,,2014-10-06 05:30:00+00:00,2014-10-06,270.0,False,,,,,,,,,,,,,,True
2014-10-07 01:00:00+00:00,,,2014-10-07 05:30:00+00:00,2014-10-07,270.0,False,,,,,,,,,,,,,,True
2014-10-08 01:00:00+00:00,,,2014-10-08 05:30:00+00:00,2014-10-08,270.0,False,,,,,,,,,,,,,,True
2014-10-09 01:00:00+00:00,,,2014-10-09 05:30:00+00:00,2014-10-09,270.0,False,,,,,,,,,,,,,,True
2014-10-13 01:00:00+00:00,,,2014-10-13 05:30:00+00:00,2014-10-13,270.0,False,,,,,,,,16.0,,,,,,True
2014-10-14 01:00:00+00:00,,,2014-10-14 05:30:00+00:00,2014-10-14,270.0,False,,,,,,,16.0,,,,,,,True
2014-10-15 01:00:00+00:00,,,2014-10-15 05:30:00+00:00,2014-10-15,270.0,False,,,,,,,,,,,,,,True
2014-10-16 01:00:00+00:00,,,2014-10-16 05:30:00+00:00,2014-10-16,270.0,False,,,,,,,,16.0,,,,,,True
2014-10-17 01:00:00+00:00,,,2014-10-17 05:30:00+00:00,2014-10-17,270.0,False,37.0,,,,,,,,,,,,,True
2014-10-20 01:00:00+00:00,,,2014-10-20 05:30:00+00:00,2014-10-20,270.0,False,,,,,,,,,,,,,,True
2014-10-21 01:00:00+00:00,,,2014-10-21 05:30:00+00:00,2014-10-21,270.0,False,,,,,,,,,,,,,,True
2014-10-22 01:00:00+00:00,,,2014-10-22 05:30:00+00:00,2014-10-22,270.0,False,,,,,,,,,,,,,,True
2014-10-23 01:00:00+00:00,,,2014-10-23 05:30:00+00:00,2014-10-23,270.0,False,,,,,,,,,,,,,,True
2014-10-24 01:00:00+00:00,,,2014-10-24 05:30:00+00:00,2014-10-24,270.0,False,,,,,,,,,,,,,,True
2014-10-27 01:00:00+00:00,,,2014-10-27 05:30:00+00:00,2014-10-27,270.0,False,,,,,,,,,,,,,,True
2014-10-28 01:00:00+00:00,,,2014-10-28 05:30:00+00:00,2014-10-28,270.0,False,,,,,,,16.0,,,,,,,True
2014-10-29 01:00:00+00:00,,,2014-10-29 05:30:00+00:00,2014-10-29,270.0,False,,,,,,,,,,,,,,True
2014-10-30 01:00:00+00:00,,,2014-10-30 05:30:00+00:00,2014-10-30,270.0,False,,,,,,,,,,,,,,True
2014-10-31 01:00:00+00:00,,,2014-10-31 05:30:00+00:00,2014-10-31,270.0,False,,,,,,,,,,,,,,True
2014-11-03 01:00:00+00:00,,,2014-11-03 05:30:00+00:00,2014-11-03,270.0,False,,,,,,,,,,,,,,True
2014-11-04 01:00:00+00:00,,,2014-11-04 05:30:00+00:00,2014-11-04,270.0,False,,,,,,,,,,,,,,True
2014-11-05 01:00:00+00:00,,,2014-11-05 05:30:00+00:00,2014-11-05,270.0,False,,,,,,,,,,,,,,True
2014-11-06 01:00:00+00:00,,,2014-11-06 05:30:00+00:00,2014-11-06,270.0,False,,,,,,,,,,,,,,True
2014-11-07 01:00:00+00:00,,,2014-11-07 05:30:00+00:00,2014-11-07,270.0,False,,,,,,,,,,,,,,True
2014-11-10 01:00:00+00:00,,,2014-11-10 05:30:00+00:00,2014-11-10,270.0,False,,,,,,,,,,,,,,True
2014-11-11 01:00:00+00:00,,,2014-11-11 05:30:00+00:00,2014-11-11,270.0,False,,,,,,,,,,,,,,True
2014-11-12 01:00:00+00:00,,,2014-11-12 05:30:00+00:00,2014-11-12,270.0,False,,,,,,,,,,,,,,True
2014-11-13 01:00:00+00:00,,,2014-11-13 05:30:00+00:00,2014-11-13,270.0,False,,,,,,,,,,,,,,True
2014-11-14 01:00:00+00:00,,,2014-11-14 05:30:00+00:00,2014-11-14,270.0,False,,,,,,,,,,,,,,True
2014-11-17 01:00:00+00:00,,,2014-11-17 05:30:00+00:00,2014-11-17,270.0,False,40.0,,,,,,,,,,,,,True
2014-11-18 01:00:00+00:00,,,2014-11-18 05:30:00+00:00,2014-11-18,270.0,False,,,,,,,,,,,,,,True
2014-11-19 01:00:00+00:00,,,2014-11-19 05:30:00+00:00,2014-11-19,270.0,False,40.0,40.0,,,,,,,,,0.0,,,True
2014-11-20 01:00:00+00:00,,,2014-11-20 05:30:00+00:00,2014-11-20,270.0,False,,,,,,,,,,,,,,True
2014-11-21 01:00:00+00:00,,,2014-11-21 05:30:00+00:00,2014-11-21,270.0,False,,,,,,,,,,,,,,True
2014-11-24 01:00:00+00:00,,,2014-11-24 05:30:00+00:00,2014-11-24,270.0,False,,,,,,,,,,,,,,True
2014-11-25 01:00:00+00:00,,,2014-11-25 05:30:00+00:00,2014-11-25,270.0,False,,,,,,,,,,,,,,True
2014-11-26 01:00:00+00:00,,,2014-11-26 05:30:00+00:00,2014-11-26,270.0,False,,,,,,,,,,,,,,True
2014-11-27 01:00:00+00:00,,,2014-11-27 05:30:00+00:00,2014-11-27,270.0,False,,,,,,,,,,,,,,True
2014-11-28 01:00:00+00:00,,,2014-11-28 05:30:00+00:00,2014-11-28,270.0,False,,,,,,,,,,,,,,True
2014-12-01 01:00:00+00:00,,,2014-12-01 05:30:00+00:00,2014-12-01,270.0,False,,,,,,,,,,,,,,True
2014-12-02 01:00:00+00:00,,,2014-12-02 05:30:00+00:00,2014-12-02,270.0,False,,,,,,,,,,,,,,True
2014-12-03 01:00:00+00:00,,,2014-12-03 05:30:00+00:00,2014-12-03,270.0,False,,,,,,,,,,,,,,True
2014-12-04 01:00:00+00:00,,,2014-12-04 05:30:00+00:00,2014-12-04,270.0,False,,,,,,,,,,,,,,True
2014-12-05 01:00:00+00:00,,,2014-12-05 05:30:00+00:00,2014-12-05,270.0,False,,,,,,,,,,,,,,True
2014-12-08 01:00:00+00:00,,,2014-12-08 05:30:00+00:00,2014-12-08,270.0,False,,,,,,,,,,,,,,True
2014-12-09 01:00:00+00:00,,,2014-12-09 05:30:00+00:00,2014-12-09,270.0,False,,,,,,,,,,,,,,True
2014-12-10 01:00:00+00:00,,,2014-12-10 05:30:00+00:00,2014-12-10,270.0,False,,,,,,,,,,,,,,True
2014-12-11 01:00:00+00:00,,,2014-12-11 05:30:00+00:00,2014-12-11,270.0,False,,,,,,,,,,,,,,True
2014-12-12 01:00:00+00:00,,,2014-12-12 05:30:00+00:00,2014-12-12,270.0,False,,,,,,,,,,,,,,True
2014-12-15 01:00:00+00:00,,,2014-12-15 05:30:00+00:00,2014-12-15,270.0,False,,,,,,,,,,,,,,True
2014-12-16 01:00:00+00:00,,,2014-12-16 05:30:00+00:00,2014-12-16,270.0,False,,,,,,,,,,,,,,True
2014-12-17 01:00:00+00:00,,,2014-12-17 05:30:00+00:00,2014-12-17,270.0,False,,,,,,,,,,,,,,True
2014-12-18 01:00:00+00:00,,,2014-12-18 05:30:00+00:00,2014-12-18,270.0,False,,,,,,,,,,,,,,True
2014-12-19 01:00:00+00:00,,,2014-12-19 05:30:00+00:00,2014-12-19,270.0,False,,,,,,,,,,,,,,True
2014-12-22 01:00:00+00:00,,,2014-12-22 05:30:00+00:00,2014-12-22,270.0,False,,,,,9095.0,,,,,,,,,True
2014-12-23 01:00:00+00:00,,,2014-12-23 05:30:00+00:00,2014-12-23,270.0,False,,,,,,,,,,,,,,True
2014-12-24 01:00:00+00:00,,,2014-12-24 05:30:00+00:00,2014-12-24,270.0,False,,,,,,,,,,,,,,True
2014-12-25 01:00:00+00:00,,,2014-12-25 05:30:00+00:00,2014-12-25,270.0,False,,,,,,,,,,,,,,True
2014-12-26 01:00:00+00:00,,,2014-12-26 05:30:00+00:00,2014-12-26,270.0,False,,,,,,,,,,,,,,True
2014-12-29 01:00:00+00:00,,,2014-12-29 05:30:00+00:00,2014-12-29,270.0,False,,,,,,,,,,,,,,True
2014-12-30 01:00:00+00:00,,,2014-12-30 05:30:00+00:00,2014-12-30,270.0,False,,,,,,,,,,,,,,True
2014-12-31 01:00:00+00:00,,,2014-12-31 05:30:00+00:00,2014-12-31,270.0,False,,,,,,,,,,,,,,True
2015-01-05 01:00:00+00:00,,,2015-01-05 05:30:00+00:00,2015-01-05,270.0,False,,42.0,,,,,,,,,,,,True
2015-01-06 01:00:00+00:00,,,2015-01-06 05:30:00+00:00,2015-01-06,270.0,False,,,,,,,,,,,,,,True
2015-01-07 01:00:00+00:00,,,2015-01-07 05:30:00+00:00,2015-01-07,270.0,False,,,,,,,,,,,,,,True
2015-01-08 01:00:00+00:00,,,2015-01-08 05:30:00+00:00,2015-01-08,270.0,False,,,,,,,,,,,,,,True
2015-01-09 01:00:00+00:00,,,2015-01-09 05:30:00+00:00,2015-01-09,270.0,False,42.0,,,,,,,,,,,,,True
2015-01-12 01:00:00+00:00,,,2015-01-12 05:30:00+00:00,2015-01-12,270.0,False,,,,,,,,,,,,,,True
2015-01-13 01:00:00+00:00,,,2015-01-13 05:30:00+00:00,2015-01-13,270.0,False,,,,,,,,,,,,,,True
2015-01-14 01:00:00+00:00,,,2015-01-14 05:30:00+00:00,2015-01-14,270.0,False,,,,,,,,,,,,,,True
2015-01-15 01:00:00+00:00,,,2015-01-15 05:30:00+00:00,2015-01-15,270.0,False,,,,,,,,,,,,,,True
2015-01-16 01:00:00+00:00,,,2015-01-16 05:30:00+00:00,2015-01-16,270.0,False,,,,,,,,,,,,,,True
2015-01-19 01:00:00+00:00,,,2015-01-19 05:30:00+00:00,2015-01-19,270.0,False,,,,,,,,,,,,,,True
2015-01-20 01:00:00+00:00,,,2015-01-20 05:30:00+00:00,2015-01-20,270.0,False,,42.0,,,,,,,,,,,,True
2015-01-21 01:00:00+00:00,,,2015-01-21 05:30:00+00:00,2015-01-21,270.0,False,,,,,,,,,,,,,,True
2015-01-22 01:00:00+00:00,,,2015-01-22 05:30:00+00:00,2015-01-22,270.0,False,,,,,,,,,,,,,,True
2015-01-23 01:00:00+00:00,,,2015-01-23 05:30:00+00:00,2015-01-23,270.0,False,,,,9422.0,,,,,,,,,,True
2015-01-26 01:00:00+00:00,,,2015-01-26 05:30:00+00:00,2015-01-26,270.0,False,,,,,,,,,,,,,,True
2015-01-27 01:00:00+00:00,,,2015-01-27 05:30:00+00:00,2015-01-27,270.0,False,,,,,,,,,,,,,,True
2015-01-28 01:00:00+00:00,,,2015-01-28 05:30:00+00:00,2015-01-28,270.0,False,,,,,,,,,,,,,,True
2015-01-29 01:00:00+00:00,,,2015-01-29 05:30:00+00:00,2015-01-29,270.0,False,,,,,,,,,,,,,,True
2015-01-30 01:00:00+00:00,,,2015-01-30 05:30:00+00:00,2015-01-30,270.0,False,,,,,,,,17.0,,,,,,True
2015-02-02 01:00:00+00:00,,,2015-02-02 05:30:00+00:00,2015-02-02,270.0,False,,,,,,,,,,,,,,True
2015-02-03 01:00:00+00:00,,,2015-02-03 05:30:00+00:00,2015-02-03,270.0,False,,43.0,,,,,,,,,,,,True
2015-02-04 01:00:00+00:00,,,2015-02-04 05:30:00+00:00,2015-02-04,270.0,False,,,,,,,,,,,,,,True
2015-02-05 01:00:00+00:00,,,2015-02-05 05:30:00+00:00,2015-02-05,270.0,False,,,,,,,,,,,,,,True
2015-02-06 01:00:00+00:00,,,2015-02-06 05:30:00+00:00,2015-02-06,270.0,False,,,,,,,,,,,,,,True
2015-02-09 01:00:00+00:00,,,2015-02-09 05:30:00+00:00,2015-02-09,270.0,False,,,,,,,,,,,,,,True
2015-02-10 01:00:00+00:00,,,2015-02-10 05:30:00+00:00,2015-02-10,270.0,False,,,,,,,,,,,,,,True
2015-02-11 01:00:00+00:00,,,2015-02-11 05:30:00+00:00,2015-02-11,270.0,False,,,,,,,,,,,,,,True
2015-02-12 01:00:00+00:00,,,2015-02-12 05:30:00+00:00,2015-02-12,270.0,False,,,,,,,,,,,,,,True
2015-02-13 01:00:00+00:00,,,2015-02-13 05:30:00+00:00,2015-02-13,270.0,False,,,,,,,,,,,,,,True
2015-02-24 01:00:00+00:00,,,2015-02-24 05:30:00+00:00,2015-02-24,270.0,False,,,,,,,,,,,,,,True
2015-02-25 01:00:00+00:00,,,2015-02-25 05:30:00+00:00,2015-02-25,270.0,False,,,,,,,,,,,,,,True
2015-02-26 01:00:00+00:00,,,2015-02-26 05:30:00+00:00,2015-02-26,270.0,False,,,,,,,,,,,,,,True
2015-03-02 01:00:00+00:00,,,2015-03-02 05:30:00+00:00,2015-03-02,270.0,False,,,,,,,,,,,,,,True
2015-03-03 01:00:00+00:00,,,2015-03-03 05:30:00+00:00,2015-03-03,270.0,False,,,,,,,,,,,,,,True
2015-03-04 01:00:00+00:00,,,2015-03-04 05:30:00+00:00,2015-03-04,270.0,False,,,,,,,,,,,,,,True
2015-03-05 01:00:00+00:00,,,2015-03-05 05:30:00+00:00,2015-03-05,270.0,False,,,,,,,,,,,,,,True
2015-03-06 01:00:00+00:00,,,2015-03-06 05:30:00+00:00,2015-03-06,270.0,False,,,,,,,,,,,,,,True
2015-03-09 01:00:00+00:00,,,2015-03-09 05:30:00+00:00,2015-03-09,270.0,False,,,,,,,,,,,,,,True
2015-03-10 01:00:00+00:00,,,2015-03-10 05:30:00+00:00,2015-03-10,270.0,False,,,,,,,,,,,,,,True
2015-03-11 01:00:00+00:00,,,2015-03-11 05:30:00+00:00,2015-03-11,270.0,False,,,,,,,,,,,,,,True
2015-03-12 01:00:00+00:00,,,2015-03-12 05:30:00+00:00,2015-03-12,270.0,False,,,,,9596.0,,,,,,,,,True
2015-03-13 01:00:00+00:00,,,2015-03-13 05:30:00+00:00,2015-03-13,270.0,False,,,,,,,,,,,,,,True
2015-03-16 01:00:00+00:00,,,2015-03-16 05:30:00+00:00,2015-03-16,270.0,False,,,,,,,,,,,,,,True
2015-03-17 01:00:00+00:00,,,2015-03-17 05:30:00+00:00,2015-03-17,270.0,False,,,,,,,,,,,,,,True
2015-03-18 01:00:00+00:00,,,2015-03-18 05:30:00+00:00,2015-03-18,270.0,False,,,,,,,,,,,,,,True
2015-03-19 01:00:00+00:00,,,2015-03-19 05:30:00+00:00,2015-03-19,270.0,False,,,,,,,,,,,,,,True
2015-03-20 01:00:00+00:00,,,2015-03-20 05:30:00+00:00,2015-03-20,270.0,False,,,,,,,,,,,,,,True
2015-03-23 01:00:00+00:00,,,2015-03-23 05:30:00+00:00,2015-03-23,270.0,False,,,,,,,,,,,,,,True
2015-03-24 01:00:00+00:00,,,2015-03-24 05:30:00+00:00,2015-03-24,270.0,False,,,,,,,,,,,,,,True
2015-03-25 01:00:00+00:00,,,2015-03-25 05:30:00+00:00,2015-03-25,270.0,False,,,,,,,,,,,,,,True
2015-03-26 01:00:00+00:00,,,2015-03-26 05:30:00+00:00,2015-03-26,270.0,False,,,,,,,,,,,,,,True
2015-03-27 01:00:00+00:00,,,2015-03-27 05:30:00+00:00,2015-03-27,270.0,False,,,,,,,,,,,,,,True
2015-03-30 01:00:00+00:00,,,2015-03-30 05:30:00+00:00,2015-03-30,270.0,False,,,,,,,,,,,,,,True
2015-03-31 01:00:00+00:00,,,2015-03-31 05:30:00+00:00,2015-03-31,270.0,False,,,,,,,,,,,,,,True
2015-04-01 01:00:00+00:00,,,2015-04-01 05:30:00+00:00,2015-04-01,270.0,False,,,,,,,,,,,,,,True
2015-04-02 01:00:00+00:00,,,2015-04-02 05:30:00+00:00,2015-04-02,270.0,False,,,,,,,,,,,,,,True
2015-04-07 01:00:00+00:00,,,2015-04-07 05:30:00+00:00,2015-04-07,270.0,False,,,,,,,,,,,,,,True
2015-04-08 01:00:00+00:00,,,2015-04-08 05:30:00+00:00,2015-04-08,270.0,False,,,,,,,,,,,,,,True
2015-04-09 01:00:00+00:00,,,2015-04-09 05:30:00+00:00,2015-04-09,270.0,False,,,,,,,,,,,,,,True
2015-04-10 01:00:00+00:00,,,2015-04-10 05:30:00+00:00,2015-04-10,270.0,False,,,,,,,,,,,,,,True
2015-04-13 01:00:00+00:00,,,2015-04-13 05:30:00+00:00,2015-04-13,270.0,False,,,,,,,,,,,,,,True
2015-04-14 01:00:00+00:00,,,2015-04-14 05:30:00+00:00,2015-04-14,270.0,False,,,,,,,,,,,,,,True
2015-04-15 01:00:00+00:00,,,2015-04-15 05:30:00+00:00,2015-04-15,270.0,False,,,,,,,,,,,,,,True
2015-04-16 01:00:00+00:00,,,2015-04-16 05:30:00+00:00,2015-04-16,270.0,False,,,,,,,,,,,,,,True
2015-04-17 01:00:00+00:00,,,2015-04-17 05:30:00+00:00,2015-04-17,270.0,False,,,,,,,,,,,,,,True
2015-04-20 01:00:00+00:00,,,2015-04-20 05:30:00+00:00,2015-04-20,270.0,False,,,,,,,,,,,,,,True
2015-04-21 01:00:00+00:00,,,2015-04-21 05:30:00+00:00,2015-04-21,270.0,False,,,,,,,,,,,,,,True
2015-04-22 01:00:00+00:00,,,2015-04-22 05:30:00+00:00,2015-04-22,270.0,False,,,,,9613.0,,,,,,,,,True
2015-04-23 01:00:00+00:00,,,2015-04-23 05:30:00+00:00,2015-04-23,270.0,False,,,,,,,,,,,,,,True
2015-04-24 01:00:00+00:00,,,2015-04-24 05:30:00+00:00,2015-04-24,270.0,False,,,,,,,,,,,,,,True
2015-04-27 01:00:00+00:00,,,2015-04-27 05:30:00+00:00,2015-04-27,270.0,False,,,,,,,,,,,,,,True
2015-04-28 01:00:00+00:00,,,2015-04-28 05:30:00+00:00,2015-04-28,270.0,False,,,,,,,,,,,,,,True
2015-04-29 01:00:00+00:00,,,2015-04-29 05:30:00+00:00,2015-04-29,270.0,False,,,,,,,,,,,,,,True
2015-04-30 01:00:00+00:00,,,2015-04-30 05:30:00+00:00,2015-04-30,270.0,False,,,,,,,,,,,,,,True
2015-05-04 01:00:00+00:00,,,2015-05-04 05:30:00+00:00,2015-05-04,270.0,False,,,,,,,,,,,,,,True
2015-05-05 01:00:00+00:00,,,2015-05-05 05:30:00+00:00,2015-05-05,270.0,False,,,,,,,,,,,,,,True
2015-05-06 01:00:00+00:00,,,2015-05-06 05:30:00+00:00,2015-05-06,270.0,False,,,,,,,,,,,,,,True
2015-05-07 01:00:00+00:00,,,2015-05-07 05:30:00+00:00,2015-05-07,270.0,False,,,,,,,,,,,,,,True
2015-05-08 01:00:00+00:00,,,2015-05-08 05:30:00+00:00,2015-05-08,270.0,False,,,,,9692.0,,,,,,,,,True
2015-05-11 01:00:00+00:00,,,2015-05-11 05:30:00+00:00,2015-05-11,270.0,False,,,,,,,,,,,,,,True
2015-05-12 01:00:00+00:00,,,2015-05-12 05:30:00+00:00,2015-05-12,270.0,False,,,,,,,,,,,,,,True
2015-05-13 01:00:00+00:00,,,2015-05-13 05:30:00+00:00,2015-05-13,270.0,False,,,,,,,,,,,,,,True
2015-05-14 01:00:00+00:00,,,2015-05-14 05:30:00+00:00,2015-05-14,270.0,False,,,,,,,,,,,,,,True
2015-05-15 01:00:00+00:00,,,2015-05-15 05:30:00+00:00,2015-05-15,270.0,False,,,,,,,,,,,,,,True
2015-05-18 01:00:00+00:00,,,2015-05-18 05:30:00+00:00,2015-05-18,270.0,False,,,,,,,,,,,,,,True
2015-05-19 01:00:00+00:00,,,2015-05-19 05:30:00+00:00,2015-05-19,270.0,False,,,,,,,,,,,,,,True
2015-05-20 01:00:00+00:00,,,2015-05-20 05:30:00+00:00,2015-05-20,270.0,False,,,,,,,,,,,,,,True
2015-05-21 01:00:00+00:00,,,2015-05-21 05:30:00+00:00,2015-05-21,270.0,False,,,,,,,,,,,,,,True
2015-05-22 01:00:00+00:00,,,2015-05-22 05:30:00+00:00,2015-05-22,270.0,False,,42.0,,,,,,,,,,,,True
2015-05-25 01:00:00+00:00,,,2015-05-25 05:30:00+00:00,2015-05-25,270.0,False,,,,,,,,,,,,,,True
2015-05-26 01:00:00+00:00,,,2015-05-26 05:30:00+00:00,2015-05-26,270.0,False,,,,,,,,,,,,,,True
2015-05-27 01:00:00+00:00,,,2015-05-27 05:30:00+00:00,2015-05-27,270.0,False,,,,,,,,,,,,,,True
2015-05-28 01:00:00+00:00,,,2015-05-28 05:30:00+00:00,2015-05-28,270.0,False,,,,,,,,,,,,,,True
2015-05-29 01:00:00+00:00,,,2015-05-29 05:30:00+00:00,2015-05-29,270.0,False,,,,,,,,,,,,,,True
2015-06-01 01:00:00+00:00,,,2015-06-01 05:30:00+00:00,2015-06-01,270.0,False,,,,,,,,,,,,,,True
2015-06-02 01:00:00+00:00,,,2015-06-02 05:30:00+00:00,2015-06-02,270.0,False,,,,,,,,,,,,,,True
2015-06-03 01:00:00+00:00,,,2015-06-03 05:30:00+00:00,2015-06-03,270.0,False,,,,,,,,,,,,,,True
2015-06-04 01:00:00+00:00,,,2015-06-04 05:30:00+00:00,2015-06-04,270.0,False,,,,,,,,,,,,,,True
2015-06-05 01:00:00+00:00,,,2015-06-05 05:30:00+00:00,2015-06-05,270.0,False,,,,,,,,,,,,,,True
2015-06-08 01:00:00+00:00,,,2015-06-08 05:30:00+00:00,2015-06-08,270.0,False,,,,,,,,,,,,,,True
2015-06-09 01:00:00+00:00,,,2015-06-09 05:30:00+00:00,2015-06-09,270.0,False,,40.0,,,,,,,,,,,,True
2015-06-10 01:00:00+00:00,,,2015-06-10 05:30:00+00:00,2015-06-10,270.0,False,,,,,,,,,,,,,,True
2015-06-11 01:00:00+00:00,,,2015-06-11 05:30:00+00:00,2015-06-11,270.0,False,,,,,,,,,,,,,,True
2015-06-12 01:00:00+00:00,,,2015-06-12 05:30:00+00:00,2015-06-12,270.0,False,,,,,,,,,,,,,,True
2015-06-15 01:00:00+00:00,,,2015-06-15 05:30:00+00:00,2015-06-15,270.0,False,,,,,,,,,,,,,,True
2015-06-16 01:00:00+00:00,,,2015-06-16 05:30:00+00:00,2015-06-16,270.0,False,,,,,,,,,,,,,,True
2015-06-17 01:00:00+00:00,,,2015-06-17 05:30:00+00:00,2015-06-17,270.0,False,,,,,,,,,,,,,,True
2015-06-18 01:00:00+00:00,,,2015-06-18 05:30:00+00:00,2015-06-18,270.0,False,,,,,,,,,,,,,,True
2015-06-22 01:00:00+00:00,,,2015-06-22 05:30:00+00:00,2015-06-22,270.0,False,,,,,,,,,,,,,,True
2015-06-23 01:00:00+00:00,,,2015-06-23 05:30:00+00:00,2015-06-23,270.0,False,,41.0,,,,,,,,,,,,True
2015-06-24 01:00:00+00:00,,,2015-06-24 05:30:00+00:00,2015-06-24,270.0,False,,,,,,,,,,,,,,True
2015-06-25 01:00:00+00:00,,,2015-06-25 05:30:00+00:00,2015-06-25,270.0,False,,,,,,,,,,,,,,True
2015-06-26 01:00:00+00:00,,,2015-06-26 05:30:00+00:00,2015-06-26,270.0,False,,,,,,,,,,,,,,True
2015-06-29 01:00:00+00:00,,,2015-06-29 05:30:00+00:00,2015-06-29,270.0,False,,,,,,,,,,,,,,True
2015-06-30 01:00:00+00:00,,,2015-06-30 05:30:00+00:00,2015-06-30,270.0,False,,,,,,,,,,,,,,True
2015-07-01 01:00:00+00:00,,,2015-07-01 05:30:00+00:00,2015-07-01,270.0,False,,,,,,,,,,,,,,True
2015-07-02 01:00:00+00:00,,,2015-07-02 05:30:00+00:00,2015-07-02,270.0,False,,,,,,,,,,,,,,True
2015-07-03 01:00:00+00:00,,,2015-07-03 05:30:00+00:00,2015-07-03,270.0,False,,,,,,,,,,,,,,True
2015-07-06 01:00:00+00:00,,,2015-07-06 05:30:00+00:00,2015-07-06,270.0,False,,,,,,,,,,,,,,True
2015-07-07 01:00:00+00:00,,,2015-07-07 05:30:00+00:00,2015-07-07,270.0,False,,,,,,,,,,,,,,True
2015-07-08 01:00:00+00:00,,,2015-07-08 05:30:00+00:00,2015-07-08,270.0,False,,,,,,,,,,,,,,True
2015-07-09 01:00:00+00:00,,,2015-07-09 05:30:00+00:00,2015-07-09,270.0,False,,,,,,,,,,,,,,True
2015-07-13 01:00:00+00:00,,,2015-07-13 05:30:00+00:00,2015-07-13,270.0,False,,,,,,,17.0,,,,,,,True
2015-07-14 01:00:00+00:00,,,2015-07-14 05:30:00+00:00,2015-07-14,270.0,False,,,,,,,,,,,,,,True
2015-07-15 01:00:00+00:00,,,2015-07-15 05:30:00+00:00,2015-07-15,270.0,False,,39.0,,,,,,,,,,,,True
2015-07-16 01:00:00+00:00,,,2015-07-16 05:30:00+00:00,2015-07-16,270.0,False,,,,,,,,,,,,,,True
2015-07-17 01:00:00+00:00,,,2015-07-17 05:30:00+00:00,2015-07-17,270.0,False,,,,,,,,,,,,,,True
2015-07-20 01:00:00+00:00,,,2015-07-20 05:30:00+00:00,2015-07-20,270.0,False,,,,9085.0,8975.0,,,17.0,,,,,-0.01218176747379194,True
2015-07-21 01:00:00+00:00,,,2015-07-21 05:30:00+00:00,2015-07-21,270.0,False,,,,,,,,,,,,,,True
2015-07-22 01:00:00+00:00,,,2015-07-22 05:30:00+00:00,2015-07-22,270.0,False,,,,,,,,,,,,,,True
2015-07-23 01:00:00+00:00,,,2015-07-23 05:30:00+00:00,2015-07-23,270.0,False,,,,,,,,,,,,,,True
2015-07-24 01:00:00+00:00,,,2015-07-24 05:30:00+00:00,2015-07-24,270.0,False,,,,,,,,,,,,,,True
2015-07-27 01:00:00+00:00,,,2015-07-27 05:30:00+00:00,2015-07-27,270.0,False,,,,,,,,,,,,,,True
2015-07-28 01:00:00+00:00,,,2015-07-28 05:30:00+00:00,2015-07-28,270.0,False,,,,,,,,,,,,,,True
2015-07-29 01:00:00+00:00,,,2015-07-29 05:30:00+00:00,2015-07-29,270.0,False,,,,,,,,,,,,,,True
2015-07-30 01:00:00+00:00,,,2015-07-30 05:30:00+00:00,2015-07-30,270.0,False,,,,,,,,,,,,,,True
2015-07-31 01:00:00+00:00,,,2015-07-31 05:30:00+00:00,2015-07-31,270.0,False,,,,,,,,,,,,,,True
2015-08-03 01:00:00+00:00,,,2015-08-03 05:30:00+00:00,2015-08-03,270.0,False,,,,,,,,,,,,,,True
2015-08-04 01:00:00+00:00,,,2015-08-04 05:30:00+00:00,2015-08-04,270.0,False,,,,,,,,,,,,,,True
2015-08-05 01:00:00+00:00,,,2015-08-05 05:30:00+00:00,2015-08-05,270.0,False,,,,,,,,,,,,,,True
2015-08-06 01:00:00+00:00,,,2015-08-06 05:30:00+00:00,2015-08-06,270.0,False,,,,,,,,,,,,,,True
2015-08-07 01:00:00+00:00,,,2015-08-07 05:30:00+00:00,2015-08-07,270.0,False,,,,,,,,,,,,,,True
2015-08-10 01:00:00+00:00,,,2015-08-10 05:30:00+00:00,2015-08-10,270.0,False,,,,,,,,,,,,,,True
2015-08-11 01:00:00+00:00,,,2015-08-11 05:30:00+00:00,2015-08-11,270.0,False,,,,,,,,,,,,,,True
2015-08-12 01:00:00+00:00,,,2015-08-12 05:30:00+00:00,2015-08-12,270.0,False,,,,,,,,,,,,,,True
2015-08-13 01:00:00+00:00,,,2015-08-13 05:30:00+00:00,2015-08-13,270.0,False,,,,,,,,,,,,,,True
2015-08-14 01:00:00+00:00,,,2015-08-14 05:30:00+00:00,2015-08-14,270.0,False,,35.0,,,,,,,,,,,,True
2015-08-17 01:00:00+00:00,,,2015-08-17 05:30:00+00:00,2015-08-17,270.0,False,,,,,,,,,,,,,,True
2015-08-18 01:00:00+00:00,,,2015-08-18 05:30:00+00:00,2015-08-18,270.0,False,,,,,,,,,,,,,,True
2015-08-19 01:00:00+00:00,,,2015-08-19 05:30:00+00:00,2015-08-19,270.0,False,,,,,,,,,,,,,,True
2015-08-20 01:00:00+00:00,,,2015-08-20 05:30:00+00:00,2015-08-20,270.0,False,,,,,,,,,,,,,,True
2015-08-21 01:00:00+00:00,,,2015-08-21 05:30:00+00:00,2015-08-21,270.0,False,,,,,,,,,,,,,,True
2015-08-24 01:00:00+00:00,,,2015-08-24 05:30:00+00:00,2015-08-24,270.0,False,33.0,,,,,,,,,,,,,True
2015-08-25 01:00:00+00:00,,,2015-08-25 05:30:00+00:00,2015-08-25,270.0,False,,,,,,,,15.0,,,,,,True
2015-08-26 01:00:00+00:00,,,2015-08-26 05:30:00+00:00,2015-08-26,270.0,False,33.0,,,,,,,,,,,,,True
2015-08-27 01:00:00+00:00,,,2015-08-27 05:30:00+00:00,2015-08-27,270.0,False,,,,,,,,,,,,,,True
2015-08-28 01:00:00+00:00,,,2015-08-28 05:30:00+00:00,2015-08-28,270.0,False,,,,,,,,,,,,,,True
2015-08-31 01:00:00+00:00,,,2015-08-31 05:30:00+00:00,2015-08-31,270.0,False,,,,,,,,,,,,,,True
2015-09-01 01:00:00+00:00,,,2015-09-01 05:30:00+00:00,2015-09-01,270.0,False,,,,,,,,,,,,,,True
2015-09-02 01:00:00+00:00,,,2015-09-02 05:30:00+00:00,2015-09-02,270.0,False,,,,,,,,,,,,,,True
2015-09-03 01:00:00+00:00,,,2015-09-03 05:30:00+00:00,2015-09-03,270.0,False,,,,,,,,,,,,,,True
2015-09-04 01:00:00+00:00,,,2015-09-04 05:30:00+00:00,2015-09-04,270.0,False,,,,,,,,,,,,,,True
2015-09-07 01:00:00+00:00,,,2015-09-07 05:30:00+00:00,2015-09-07,270.0,False,,,,,,,,,,,,,,True
2015-09-08 01:00:00+00:00,,,2015-09-08 05:30:00+00:00,2015-09-08,270.0,False,,,,,,,,,,,,,,True
2015-09-09 01:00:00+00:00,,,2015-09-09 05:30:00+00:00,2015-09-09,270.0,False,,,,,,,,,,,,,,True
2015-09-10 01:00:00+00:00,,,2015-09-10 05:30:00+00:00,2015-09-10,270.0,False,,,,,,,,,,,,,,True
2015-09-11 01:00:00+00:00,,,2015-09-11 05:30:00+00:00,2015-09-11,270.0,False,,,,,,,,,,,,,,True
2015-09-14 01:00:00+00:00,,,2015-09-14 05:30:00+00:00,2015-09-14,270.0,False,,,,,,,,,,,,,,True
2015-09-15 01:00:00+00:00,,,2015-09-15 05:30:00+00:00,2015-09-15,270.0,False,,,,,,,,,,,,,,True
2015-09-16 01:00:00+00:00,,,2015-09-16 05:30:00+00:00,2015-09-16,270.0,False,,,,,,,,,,,,,,True
2015-09-17 01:00:00+00:00,,,2015-09-17 05:30:00+00:00,2015-09-17,270.0,False,,,,,,,,,,,,,,True
2015-09-18 01:00:00+00:00,,,2015-09-18 05:30:00+00:00,2015-09-18,270.0,False,,,,,,,,,,,,,,True
2015-09-21 01:00:00+00:00,,,2015-09-21 05:30:00+00:00,2015-09-21,270.0,False,,,,,,8307.0,,,,,,,,True
2015-09-22 01:00:00+00:00,,,2015-09-22 05:30:00+00:00,2015-09-22,270.0,False,,,,,,,,,,,,,,True
2015-09-23 01:00:00+00:00,,,2015-09-23 05:30:00+00:00,2015-09-23,270.0,False,,,,,,,,,,,,,,True
2015-09-24 01:00:00+00:00,,,2015-09-24 05:30:00+00:00,2015-09-24,270.0,False,,,,,,,,,,,,,,True
2015-09-25 01:00:00+00:00,,,2015-09-25 05:30:00+00:00,2015-09-25,270.0,False,,,,,,,,,,,,,,True
2015-09-30 01:00:00+00:00,,,2015-09-30 05:30:00+00:00,2015-09-30,270.0,False,35.0,,,,,,,,,,,,,True
2015-10-01 01:00:00+00:00,,,2015-10-01 05:30:00+00:00,2015-10-01,270.0,False,,,,,,,,,,,,,,True
2015-10-02 01:00:00+00:00,,,2015-10-02 05:30:00+00:00,2015-10-02,270.0,False,,,,,,,,,,,,,,True
2015-10-05 01:00:00+00:00,,,2015-10-05 05:30:00+00:00,2015-10-05,270.0,False,,,,,,,,,,,,,,True
2015-10-06 01:00:00+00:00,,,2015-10-06 05:30:00+00:00,2015-10-06,270.0,False,,,,,,,,,,,,,,True
2015-10-07 01:00:00+00:00,,,2015-10-07 05:30:00+00:00,2015-10-07,270.0,False,,,,,,,,,,,,,,True
2015-10-08 01:00:00+00:00,,,2015-10-08 05:30:00+00:00,2015-10-08,270.0,False,,,,,,,,,,,,,,True
2015-10-12 01:00:00+00:00,,,2015-10-12 05:30:00+00:00,2015-10-12,270.0,False,,,,,,,,,,,,,,True
2015-10-13 01:00:00+00:00,,,2015-10-13 05:30:00+00:00,2015-10-13,270.0,False,,,,,,,,,,,,,,True
2015-10-14 01:00:00+00:00,,,2015-10-14 05:30:00+00:00,2015-10-14,270.0,False,,,,,,,,,,,,,,True
2015-10-15 01:00:00+00:00,,,2015-10-15 05:30:00+00:00,2015-10-15,270.0,False,,,,,,,,,,,,,,True
2015-10-16 01:00:00+00:00,,,2015-10-16 05:30:00+00:00,2015-10-16,270.0,False,,,,,,,,,,,,,,True
2015-10-19 01:00:00+00:00,,,2015-10-19 05:30:00+00:00,2015-10-19,270.0,False,,,,,,,,,,,,,,True
2015-10-20 01:00:00+00:00,,,2015-10-20 05:30:00+00:00,2015-10-20,270.0,False,,,,,,,,,,,,,,True
2015-10-21 01:00:00+00:00,,,2015-10-21 05:30:00+00:00,2015-10-21,270.0,False,,,,,,,,,,,,,,True
2015-10-22 01:00:00+00:00,,,2015-10-22 05:30:00+00:00,2015-10-22,270.0,False,,,,,,,,,,,,,,True
2015-10-23 01:00:00+00:00,,,2015-10-23 05:30:00+00:00,2015-10-23,270.0,False,,,,,,,,,,,,,,True
2015-10-26 01:00:00+00:00,,,2015-10-26 05:30:00+00:00,2015-10-26,270.0,False,,,,,,,,,,,,,,True
2015-10-27 01:00:00+00:00,,,2015-10-27 05:30:00+00:00,2015-10-27,270.0,False,,,,8724.0,,,,,,,,,,True
2015-10-28 01:00:00+00:00,,,2015-10-28 05:30:00+00:00,2015-10-28,270.0,False,,,,,,,,,,,,,,True
2015-10-29 01:00:00+00:00,,,2015-10-29 05:30:00+00:00,2015-10-29,270.0,False,,,,,,,,,,,,,,True
2015-10-30 01:00:00+00:00,,,2015-10-30 05:30:00+00:00,2015-10-30,270.0,False,,,,,,,,,,,,,,True
2015-11-02 01:00:00+00:00,,,2015-11-02 05:30:00+00:00,2015-11-02,270.0,False,,,,,,,,,,,,,,True
2015-11-03 01:00:00+00:00,,,2015-11-03 05:30:00+00:00,2015-11-03,270.0,False,,,,,,,,,,,,,,True
2015-11-04 01:00:00+00:00,,,2015-11-04 05:30:00+00:00,2015-11-04,270.0,False,,,,,,,,,,,,,,True
2015-11-05 01:00:00+00:00,,,2015-11-05 05:30:00+00:00,2015-11-05,270.0,False,,,,,,,,,,,,,,True
2015-11-06 01:00:00+00:00,,,2015-11-06 05:30:00+00:00,2015-11-06,270.0,False,,,,,,,,,,,,,,True
2015-11-09 01:00:00+00:00,,,2015-11-09 05:30:00+00:00,2015-11-09,270.0,False,,,,,,,16.0,,,,,,,True
2015-11-10 01:00:00+00:00,,,2015-11-10 05:30:00+00:00,2015-11-10,270.0,False,,,,,,,,,,,,,,True
2015-11-11 01:00:00+00:00,,,2015-11-11 05:30:00+00:00,2015-11-11,270.0,False,,,,,,,,,,,,,,True
2015-11-12 01:00:00+00:00,,,2015-11-12 05:30:00+00:00,2015-11-12,270.0,False,,,,,,,,,,,,,,True
2015-11-13 01:00:00+00:00,,,2015-11-13 05:30:00+00:00,2015-11-13,270.0,False,,,,,,,,,,,,,,True
2015-11-16 01:00:00+00:00,,,2015-11-16 05:30:00+00:00,2015-11-16,270.0,False,,,,,,,,,,,,,,True
2015-11-17 01:00:00+00:00,,,2015-11-17 05:30:00+00:00,2015-11-17,270.0,False,,,,,,,,,,,,,,True
2015-11-18 01:00:00+00:00,,,2015-11-18 05:30:00+00:00,2015-11-18,270.0,False,,,,,,,,,,,,,,True
2015-11-19 01:00:00+00:00,,,2015-11-19 05:30:00+00:00,2015-11-19,270.0,False,,,,,,,,,,,,,,True
2015-11-20 01:00:00+00:00,,,2015-11-20 05:30:00+00:00,2015-11-20,270.0,False,,,,,,,,,,,,,,True
2015-11-23 01:00:00+00:00,,,2015-11-23 05:30:00+00:00,2015-11-23,270.0,False,,,,,,,,,,,,,,True
2015-11-24 01:00:00+00:00,,,2015-11-24 05:30:00+00:00,2015-11-24,270.0,False,,,,,,,,,,,,,,True
2015-11-25 01:00:00+00:00,,,2015-11-25 05:30:00+00:00,2015-11-25,270.0,False,,,,,,,,,,,,,,True
2015-11-26 01:00:00+00:00,,,2015-11-26 05:30:00+00:00,2015-11-26,270.0,False,,,,,,,,,,,,,,True
2015-11-27 01:00:00+00:00,,,2015-11-27 05:30:00+00:00,2015-11-27,270.0,False,,,,,,,,,,,,,,True
2015-11-30 01:00:00+00:00,,,2015-11-30 05:30:00+00:00,2015-11-30,270.0,False,,,,,,,,,,,,,,True
2015-12-01 01:00:00+00:00,,,2015-12-01 05:30:00+00:00,2015-12-01,270.0,False,,,,,,,,,,,,,,True
2015-12-02 01:00:00+00:00,,,2015-12-02 05:30:00+00:00,2015-12-02,270.0,False,,,,,,,,,,,,,,True
2015-12-03 01:00:00+00:00,,,2015-12-03 05:30:00+00:00,2015-12-03,270.0,False,,,,,,,,,,,,,,True
2015-12-04 01:00:00+00:00,,,2015-12-04 05:30:00+00:00,2015-12-04,270.0,False,,,,,,,,,,,,,,True
2015-12-07 01:00:00+00:00,,,2015-12-07 05:30:00+00:00,2015-12-07,270.0,False,,,,,,,,,,,,,,True
2015-12-08 01:00:00+00:00,,,2015-12-08 05:30:00+00:00,2015-12-08,270.0,False,,,,,,,,,,,,,,True
2015-12-09 01:00:00+00:00,,,2015-12-09 05:30:00+00:00,2015-12-09,270.0,False,,,,,,,,,,,,,,True
2015-12-10 01:00:00+00:00,,,2015-12-10 05:30:00+00:00,2015-12-10,270.0,False,,,,,,,,,,,,,,True
2015-12-11 01:00:00+00:00,,,2015-12-11 05:30:00+00:00,2015-12-11,270.0,False,,,,,,,,,,,,,,True
2015-12-14 01:00:00+00:00,,,2015-12-14 05:30:00+00:00,2015-12-14,270.0,False,,,,,,,,,,,,,,True
2015-12-15 01:00:00+00:00,,,2015-12-15 05:30:00+00:00,2015-12-15,270.0,False,,,,,,,,,,,,,,True
2015-12-16 01:00:00+00:00,,,2015-12-16 05:30:00+00:00,2015-12-16,270.0,False,,,,,,,15.0,,,,,,,True
2015-12-17 01:00:00+00:00,,,2015-12-17 05:30:00+00:00,2015-12-17,270.0,False,,,,,,,,,,,,,,True
2015-12-18 01:00:00+00:00,,,2015-12-18 05:30:00+00:00,2015-12-18,270.0,False,,,,,,,,,,,,,,True
2015-12-21 01:00:00+00:00,,,2015-12-21 05:30:00+00:00,2015-12-21,270.0,False,,,,,,,,,,,,,,True
2015-12-22 01:00:00+00:00,,,2015-12-22 05:30:00+00:00,2015-12-22,270.0,False,,,,,,,,,,,,,,True
2015-12-23 01:00:00+00:00,,,2015-12-23 05:30:00+00:00,2015-12-23,270.0,False,,,,,,,,,,,,,,True
2015-12-24 01:00:00+00:00,,,2015-12-24 05:30:00+00:00,2015-12-24,270.0,False,,,,,,,,,,,,,,True
2015-12-25 01:00:00+00:00,,,2015-12-25 05:30:00+00:00,2015-12-25,270.0,False,,,,,,,,,,,,,,True
2015-12-28 01:00:00+00:00,,,2015-12-28 05:30:00+00:00,2015-12-28,270.0,False,,,,,,,,,,,,,,True
2015-12-29 01:00:00+00:00,,,2015-12-29 05:30:00+00:00,2015-12-29,270.0,False,,,,,,,,,,,,,,True
2015-12-30 01:00:00+00:00,,,2015-12-30 05:30:00+00:00,2015-12-30,270.0,False,38.0,38.0,,,,,,,,,0.0,,,True
2015-12-31 01:00:00+00:00,,,2015-12-31 05:30:00+00:00,2015-12-31,270.0,False,,,,,,,,,,,,,,True
2016-01-04 01:00:00+00:00,,,2016-01-04 05:30:00+00:00,2016-01-04,270.0,False,,,,,,,,,,,,,,True
2016-01-05 01:00:00+00:00,,,2016-01-05 05:30:00+00:00,2016-01-05,270.0,False,37.0,,,8105.0,,,,,,,,,,True
2016-01-06 01:00:00+00:00,,,2016-01-06 05:30:00+00:00,2016-01-06,270.0,False,,,,,,,,,,,,,,True
2016-01-07 01:00:00+00:00,,,2016-01-07 05:30:00+00:00,2016-01-07,270.0,False,,,,,,,,,,,,,,True
2016-01-08 01:00:00+00:00,,,2016-01-08 05:30:00+00:00,2016-01-08,270.0,False,,,,,,,,,,,,,,True
2016-01-11 01:00:00+00:00,,,2016-01-11 05:30:00+00:00,2016-01-11,270.0,False,,,,,,,,,,,,,,True
2016-01-12 01:00:00+00:00,,,2016-01-12 05:30:00+00:00,2016-01-12,270.0,False,,,,,,,,,,,,,,True
2016-01-13 01:00:00+00:00,,,2016-01-13 05:30:00+00:00,2016-01-13,270.0,False,,,,,,,,,,,,,,True
2016-01-14 01:00:00+00:00,,,2016-01-14 05:30:00+00:00,2016-01-14,270.0,False,,,,,,,,,,,,,,True
2016-01-15 01:00:00+00:00,,,2016-01-15 05:30:00+00:00,2016-01-15,270.0,False,,,,7809.0,,,,,,,,,,True
2016-01-18 01:00:00+00:00,,,2016-01-18 05:30:00+00:00,2016-01-18,270.0,False,,,,,,,,,,,,,,True
2016-01-19 01:00:00+00:00,,,2016-01-19 05:30:00+00:00,2016-01-19,270.0,False,,,,,,,,,,,,,,True
2016-01-20 01:00:00+00:00,,,2016-01-20 05:30:00+00:00,2016-01-20,270.0,False,,,,,,,,,,,,,,True
2016-01-21 01:00:00+00:00,,,2016-01-21 05:30:00+00:00,2016-01-21,270.0,False,,,,,,,,,,,,,,True
2016-01-22 01:00:00+00:00,,,2016-01-22 05:30:00+00:00,2016-01-22,270.0,False,36.0,36.0,,,,,,,,,0.0,,,True
2016-01-25 01:00:00+00:00,,,2016-01-25 05:30:00+00:00,2016-01-25,270.0,False,,,,,,,,,,,,,,True
2016-01-26 01:00:00+00:00,,,2016-01-26 05:30:00+00:00,2016-01-26,270.0,False,,,,,,,,,,,,,,True
2016-01-27 01:00:00+00:00,,,2016-01-27 05:30:00+00:00,2016-01-27,270.0,False,,,,,,,,,,,,,,True
2016-01-28 01:00:00+00:00,,,2016-01-28 05:30:00+00:00,2016-01-28,270.0,False,,,,,,,,,,,,,,True
2016-01-29 01:00:00+00:00,,,2016-01-29 05:30:00+00:00,2016-01-29,270.0,False,,,,,,,,,,,,,,True
2016-02-01 01:00:00+00:00,,,2016-02-01 05:30:00+00:00,2016-02-01,270.0,False,,,,,,,,,,,,,,True
2016-02-02 01:00:00+00:00,,,2016-02-02 05:30:00+00:00,2016-02-02,270.0,False,,,,,,,,,,,,,,True
2016-02-03 01:00:00+00:00,,,2016-02-03 05:30:00+00:00,2016-02-03,270.0,False,,,,,8063.0,,,,,,,,,True
2016-02-15 01:00:00+00:00,,,2016-02-15 05:30:00+00:00,2016-02-15,270.0,False,,,,,,,,,,,,,,True
2016-02-16 01:00:00+00:00,,,2016-02-16 05:30:00+00:00,2016-02-16,270.0,False,,,,,,,,,,,,,,True
2016-02-17 01:00:00+00:00,,,2016-02-17 05:30:00+00:00,2016-02-17,270.0,False,,,,,,,,,,,,,,True
2016-02-18 01:00:00+00:00,,,2016-02-18 05:30:00+00:00,2016-02-18,270.0,False,,39.0,,,,,,,,,,,,True
2016-02-19 01:00:00+00:00,,,2016-02-19 05:30:00+00:00,2016-02-19,270.0,False,39.0,39.0,,,,,,,,0.0,0.0,,,True
2016-02-22 01:00:00+00:00,,,2016-02-22 05:30:00+00:00,2016-02-22,270.0,False,,,,,,,,,,,,,,True
2016-02-23 01:00:00+00:00,,,2016-02-23 05:30:00+00:00,2016-02-23,270.0,False,,,,,,,,,,,,,,True
2016-02-24 01:00:00+00:00,,,2016-02-24 05:30:00+00:00,2016-02-24,270.0,False,,,,,,,,,,,,,,True
2016-02-25 01:00:00+00:00,,,2016-02-25 05:30:00+00:00,2016-02-25,270.0,False,,,,,,,,,,,,,,True
2016-02-26 01:00:00+00:00,,,2016-02-26 05:30:00+00:00,2016-02-26,270.0,False,,,,,,,,,,,,,,True
2016-03-01 01:00:00+00:00,,,2016-03-01 05:30:00+00:00,2016-03-01,270.0,False,,,,,,,,,,,,,,True
2016-03-02 01:00:00+00:00,,,2016-03-02 05:30:00+00:00,2016-03-02,270.0,False,,,,,,,,,,,,,,True
2016-03-03 01:00:00+00:00,,,2016-03-03 05:30:00+00:00,2016-03-03,270.0,False,,,,,,,,,,,,,,True
2016-03-04 01:00:00+00:00,,,2016-03-04 05:30:00+00:00,2016-03-04,270.0,False,,,,,,,,,,,,,,True
2016-03-07 01:00:00+00:00,,,2016-03-07 05:30:00+00:00,2016-03-07,270.0,False,,,,,,,,,,,,,,True
2016-03-08 01:00:00+00:00,,,2016-03-08 05:30:00+00:00,2016-03-08,270.0,False,,,,,,,,,,,,,,True
2016-03-09 01:00:00+00:00,,,2016-03-09 05:30:00+00:00,2016-03-09,270.0,False,,,,,,,,,,,,,,True
2016-03-10 01:00:00+00:00,,,2016-03-10 05:30:00+00:00,2016-03-10,270.0,False,,,,,,,,,,,,,,True
2016-03-11 01:00:00+00:00,,,2016-03-11 05:30:00+00:00,2016-03-11,270.0,False,,,,,,,,,,,,,,True
2016-03-14 01:00:00+00:00,,,2016-03-14 05:30:00+00:00,2016-03-14,270.0,False,,,,,,,16.0,16.0,,,,,,True
2016-03-15 01:00:00+00:00,,,2016-03-15 05:30:00+00:00,2016-03-15,270.0,False,,,,,,,16.0,,,,,,,True
2016-03-16 01:00:00+00:00,,,2016-03-16 05:30:00+00:00,2016-03-16,270.0,False,,,,,,,,,,,,,,True
2016-03-17 01:00:00+00:00,,,2016-03-17 05:30:00+00:00,2016-03-17,270.0,False,,,,,,,,,,,,,,True
2016-03-18 01:00:00+00:00,,,2016-03-18 05:30:00+00:00,2016-03-18,270.0,False,,,,,,,,,,,,,,True
2016-03-21 01:00:00+00:00,,,2016-03-21 05:30:00+00:00,2016-03-21,270.0,False,,,,,,,,,,,,,,True
2016-03-22 01:00:00+00:00,,,2016-03-22 05:30:00+00:00,2016-03-22,270.0,False,,,,,,,,,,,,,,True
2016-03-23 01:00:00+00:00,,,2016-03-23 05:30:00+00:00,2016-03-23,270.0,False,,,,,,,,,,,,,,True
2016-03-24 01:00:00+00:00,,,2016-03-24 05:30:00+00:00,2016-03-24,270.0,False,,,,,,,,,,,,,,True
2016-03-25 01:00:00+00:00,,,2016-03-25 05:30:00+00:00,2016-03-25,270.0,False,,,,,,,,,,,,,,True
2016-03-28 01:00:00+00:00,,,2016-03-28 05:30:00+00:00,2016-03-28,270.0,False,,,,,,,,,,,,,,True
2016-03-29 01:00:00+00:00,,,2016-03-29 05:30:00+00:00,2016-03-29,270.0,False,,,,,,,16.0,,,,,,,True
2016-03-30 01:00:00+00:00,,,2016-03-30 05:30:00+00:00,2016-03-30,270.0,False,,,,,,,,,,,,,,True
2016-03-31 01:00:00+00:00,,,2016-03-31 05:30:00+00:00,2016-03-31,270.0,False,,,,,,,,,,,,,,True
2016-04-01 01:00:00+00:00,,,2016-04-01 05:30:00+00:00,2016-04-01,270.0,False,,,,,,,,,,,,,,True
2016-04-06 01:00:00+00:00,,,2016-04-06 05:30:00+00:00,2016-04-06,270.0,False,,,,,,,,,,,,,,True
2016-04-07 01:00:00+00:00,,,2016-04-07 05:30:00+00:00,2016-04-07,270.0,False,,,,,,,,,,,,,,True
2016-04-08 01:00:00+00:00,,,2016-04-08 05:30:00+00:00,2016-04-08,270.0,False,,,,,,,,,,,,,,True
2016-04-11 01:00:00+00:00,,,2016-04-11 05:30:00+00:00,2016-04-11,270.0,False,,,,,,,,,,,,,,True
2016-04-12 01:00:00+00:00,,,2016-04-12 05:30:00+00:00,2016-04-12,270.0,False,,,,,,,,,,,,,,True
2016-04-13 01:00:00+00:00,,,2016-04-13 05:30:00+00:00,2016-04-13,270.0,False,,41.0,,,,,,,,,,,,True
2016-04-14 01:00:00+00:00,,,2016-04-14 05:30:00+00:00,2016-04-14,270.0,False,,,,,,,,,,,,,,True
2016-04-15 01:00:00+00:00,,,2016-04-15 05:30:00+00:00,2016-04-15,270.0,False,,,,,,,,,,,,,,True
2016-04-18 01:00:00+00:00,,,2016-04-18 05:30:00+00:00,2016-04-18,270.0,False,,,,,,,,,,,,,,True
2016-04-19 01:00:00+00:00,,,2016-04-19 05:30:00+00:00,2016-04-19,270.0,False,,,,,,,,,,,,,,True
2016-04-20 01:00:00+00:00,,,2016-04-20 05:30:00+00:00,2016-04-20,270.0,False,,,,,,,,,,,,,,True
2016-04-21 01:00:00+00:00,,,2016-04-21 05:30:00+00:00,2016-04-21,270.0,False,,,,,,,,,,,,,,True
2016-04-22 01:00:00+00:00,,,2016-04-22 05:30:00+00:00,2016-04-22,270.0,False,,,,,,,,,,,,,,True
2016-04-25 01:00:00+00:00,,,2016-04-25 05:30:00+00:00,2016-04-25,270.0,False,,,,,,,,,,,,,,True
2016-04-26 01:00:00+00:00,,,2016-04-26 05:30:00+00:00,2016-04-26,270.0,False,,,,,,,,,,,,,,True
2016-04-27 01:00:00+00:00,,,2016-04-27 05:30:00+00:00,2016-04-27,270.0,False,,,,,,,,,,,,,,True
2016-04-28 01:00:00+00:00,,,2016-04-28 05:30:00+00:00,2016-04-28,270.0,False,,,,,,,,,,,,,,True
2016-04-29 01:00:00+00:00,,,2016-04-29 05:30:00+00:00,2016-04-29,270.0,False,,,,,,,,,,,,,,True
2016-05-03 01:00:00+00:00,,,2016-05-03 05:30:00+00:00,2016-05-03,270.0,False,,,,,,,,,,,,,,True
2016-05-04 01:00:00+00:00,,,2016-05-04 05:30:00+00:00,2016-05-04,270.0,False,,35.0,,,,,,,,,,,,True
2016-05-05 01:00:00+00:00,,,2016-05-05 05:30:00+00:00,2016-05-05,270.0,False,,,,,,,,,,,,,,True
2016-05-06 01:00:00+00:00,,,2016-05-06 05:30:00+00:00,2016-05-06,270.0,False,,,,,,,15.0,,,,,,,True
2016-05-09 01:00:00+00:00,,,2016-05-09 05:30:00+00:00,2016-05-09,270.0,False,,,,,,,,,,,,,,True
2016-05-10 01:00:00+00:00,,,2016-05-10 05:30:00+00:00,2016-05-10,270.0,False,,,,,,,,15.0,,,,,,True
2016-05-11 01:00:00+00:00,,,2016-05-11 05:30:00+00:00,2016-05-11,270.0,False,35.0,,,,,,,,,,,,,True
2016-05-12 01:00:00+00:00,,,2016-05-12 05:30:00+00:00,2016-05-12,270.0,False,,,,,,,,,,,,,,True
2016-05-13 01:00:00+00:00,,,2016-05-13 05:30:00+00:00,2016-05-13,270.0,False,,,,,,,,,,,,,,True
2016-05-16 01:00:00+00:00,,,2016-05-16 05:30:00+00:00,2016-05-16,270.0,False,,,,,,,,,,,,,,True
2016-05-17 01:00:00+00:00,,,2016-05-17 05:30:00+00:00,2016-05-17,270.0,False,,,,,,,,,,,,,,True
2016-05-18 01:00:00+00:00,,,2016-05-18 05:30:00+00:00,2016-05-18,270.0,False,,,,,,,,,,,,,,True
2016-05-19 01:00:00+00:00,,,2016-05-19 05:30:00+00:00,2016-05-19,270.0,False,,,,,,,15.0,,,,,,,True
2016-05-20 01:00:00+00:00,,,2016-05-20 05:30:00+00:00,2016-05-20,270.0,False,,,,,,,,15.0,,,,,,True
2016-05-23 01:00:00+00:00,,,2016-05-23 05:30:00+00:00,2016-05-23,270.0,False,,,,,,,,,,,,,,True
2016-05-24 01:00:00+00:00,,,2016-05-24 05:30:00+00:00,2016-05-24,270.0,False,,36.0,,,,,,,,,,,,True
2016-05-25 01:00:00+00:00,,,2016-05-25 05:30:00+00:00,2016-05-25,270.0,False,,,,,,,,,,,,,,True
2016-05-26 01:00:00+00:00,,,2016-05-26 05:30:00+00:00,2016-05-26,270.0,False,,,,,,,,,,,,,,True
2016-05-27 01:00:00+00:00,,,2016-05-27 05:30:00+00:00,2016-05-27,270.0,False,,,,,,,,,,,,,,True
2016-05-30 01:00:00+00:00,,,2016-05-30 05:30:00+00:00,2016-05-30,270.0,False,,,,,,,,,,,,,,True
2016-05-31 01:00:00+00:00,,,2016-05-31 05:30:00+00:00,2016-05-31,270.0,False,,,,,,,,,,,,,,True
2016-06-01 01:00:00+00:00,,,2016-06-01 05:30:00+00:00,2016-06-01,270.0,False,,,,,,,,,,,,,,True
2016-06-02 01:00:00+00:00,,,2016-06-02 05:30:00+00:00,2016-06-02,270.0,False,,,,,,,,,,,,,,True
2016-06-03 01:00:00+00:00,,,2016-06-03 05:30:00+00:00,2016-06-03,270.0,False,,,,,,,,,,,,,,True
2016-06-06 01:00:00+00:00,,,2016-06-06 05:30:00+00:00,2016-06-06,270.0,False,,,,,,,16.0,,,,,,,True
2016-06-07 01:00:00+00:00,,,2016-06-07 05:30:00+00:00,2016-06-07,270.0,False,,,,,,,,,,,,,,True
2016-06-08 01:00:00+00:00,,,2016-06-08 05:30:00+00:00,2016-06-08,270.0,False,,,,,,,,,,,,,,True
2016-06-13 01:00:00+00:00,,,2016-06-13 05:30:00+00:00,2016-06-13,270.0,False,,,,,,,,,,,,,,True
2016-06-14 01:00:00+00:00,,,2016-06-14 05:30:00+00:00,2016-06-14,270.0,False,,,,,,,,,,,,,,True
2016-06-15 01:00:00+00:00,,,2016-06-15 05:30:00+00:00,2016-06-15,270.0,False,,,,,,,,,,,,,,True
2016-06-16 01:00:00+00:00,,,2016-06-16 05:30:00+00:00,2016-06-16,270.0,False,,,,,,,,,,,,,,True
2016-06-17 01:00:00+00:00,,,2016-06-17 05:30:00+00:00,2016-06-17,270.0,False,,,,,,,,,,,,,,True
2016-06-20 01:00:00+00:00,,,2016-06-20 05:30:00+00:00,2016-06-20,270.0,False,,,,,,,,,,,,,,True
2016-06-21 01:00:00+00:00,,,2016-06-21 05:30:00+00:00,2016-06-21,270.0,False,,,,,,,,,,,,,,True
2016-06-22 01:00:00+00:00,,,2016-06-22 05:30:00+00:00,2016-06-22,270.0,False,,,,,,,,,,,,,,True
2016-06-23 01:00:00+00:00,,,2016-06-23 05:30:00+00:00,2016-06-23,270.0,False,,,,,,,,,,,,,,True
2016-06-24 01:00:00+00:00,,,2016-06-24 05:30:00+00:00,2016-06-24,270.0,False,,,,,,,,,,,,,,True
2016-06-27 01:00:00+00:00,,,2016-06-27 05:30:00+00:00,2016-06-27,270.0,False,38.0,38.0,,,,,,,,,0.0,,,True
2016-06-28 01:00:00+00:00,,,2016-06-28 05:30:00+00:00,2016-06-28,270.0,False,,,,,,,,16.0,,,,,,True
2016-06-29 01:00:00+00:00,,,2016-06-29 05:30:00+00:00,2016-06-29,270.0,False,,,,,,,,,,,,,,True
2016-06-30 01:00:00+00:00,,,2016-06-30 05:30:00+00:00,2016-06-30,270.0,False,,,,,,,,,,,,,,True
2016-07-01 01:00:00+00:00,,,2016-07-01 05:30:00+00:00,2016-07-01,270.0,False,,,,,,,,,,,,,,True
2016-07-04 01:00:00+00:00,,,2016-07-04 05:30:00+00:00,2016-07-04,270.0,False,,,,,,,,,,,,,,True
2016-07-05 01:00:00+00:00,,,2016-07-05 05:30:00+00:00,2016-07-05,270.0,False,,,,,,,,,,,,,,True
2016-07-06 01:00:00+00:00,,,2016-07-06 05:30:00+00:00,2016-07-06,270.0,False,,,,,,,,,,,,,,True
2016-07-07 01:00:00+00:00,,,2016-07-07 05:30:00+00:00,2016-07-07,270.0,False,40.0,40.0,,,,,,,,,0.0,,,True
2016-07-11 01:00:00+00:00,,,2016-07-11 05:30:00+00:00,2016-07-11,270.0,False,,,,,,,,,,,,,,True
2016-07-12 01:00:00+00:00,,,2016-07-12 05:30:00+00:00,2016-07-12,270.0,False,,,,,,,,,,,,,,True
2016-07-13 01:00:00+00:00,,,2016-07-13 05:30:00+00:00,2016-07-13,270.0,False,,,,,,,,,,,,,,True
2016-07-14 01:00:00+00:00,,,2016-07-14 05:30:00+00:00,2016-07-14,270.0,False,,,,,,,,,,,,,,True
2016-07-15 01:00:00+00:00,,,2016-07-15 05:30:00+00:00,2016-07-15,270.0,False,,,,,,,,,,,,,,True
2016-07-18 01:00:00+00:00,,,2016-07-18 05:30:00+00:00,2016-07-18,270.0,False,,,,,,,,,,,,,,True
2016-07-19 01:00:00+00:00,,,2016-07-19 05:30:00+00:00,2016-07-19,270.0,False,,,,,,,,,,,,,,True
2016-07-20 01:00:00+00:00,,,2016-07-20 05:30:00+00:00,2016-07-20,270.0,False,,,,,,,,,,,,,,True
2016-07-21 01:00:00+00:00,,,2016-07-21 05:30:00+00:00,2016-07-21,270.0,False,,,,,,,,,,,,,,True
2016-07-22 01:00:00+00:00,,,2016-07-22 05:30:00+00:00,2016-07-22,270.0,False,,,,,,,,,,,,,,True
2016-07-25 01:00:00+00:00,,,2016-07-25 05:30:00+00:00,2016-07-25,270.0,False,,,,,,,,,,,,,,True
2016-07-26 01:00:00+00:00,,,2016-07-26 05:30:00+00:00,2016-07-26,270.0,False,,,,,,,,,,,,,,True
2016-07-27 01:00:00+00:00,,,2016-07-27 05:30:00+00:00,2016-07-27,270.0,False,,,,,,,,,,,,,,True
2016-07-28 01:00:00+00:00,,,2016-07-28 05:30:00+00:00,2016-07-28,270.0,False,,,,,,,,,,,,,,True
2016-07-29 01:00:00+00:00,,,2016-07-29 05:30:00+00:00,2016-07-29,270.0,False,,,,,,,,,,,,,,True
2016-08-01 01:00:00+00:00,,,2016-08-01 05:30:00+00:00,2016-08-01,270.0,False,,,,,,,,,,,,,,True
2016-08-02 01:00:00+00:00,,,2016-08-02 05:30:00+00:00,2016-08-02,270.0,False,,,,,,,,,,,,,,True
2016-08-03 01:00:00+00:00,,,2016-08-03 05:30:00+00:00,2016-08-03,270.0,False,,,,,,,,,,,,,,True
2016-08-04 01:00:00+00:00,,,2016-08-04 05:30:00+00:00,2016-08-04,270.0,False,,,,,,,,,,,,,,True
2016-08-05 01:00:00+00:00,,,2016-08-05 05:30:00+00:00,2016-08-05,270.0,False,,,,,,,,,,,,,,True
2016-08-08 01:00:00+00:00,,,2016-08-08 05:30:00+00:00,2016-08-08,270.0,False,43.0,43.0,,,,,,,,,0.0,,,True
2016-08-09 01:00:00+00:00,,,2016-08-09 05:30:00+00:00,2016-08-09,270.0,False,,,,9154.0,,,,,,,,,,True
2016-08-10 01:00:00+00:00,,,2016-08-10 05:30:00+00:00,2016-08-10,270.0,False,,,,,,,,,,,,,,True
2016-08-11 01:00:00+00:00,,,2016-08-11 05:30:00+00:00,2016-08-11,270.0,False,,,,,,,,,,,,,,True
2016-08-12 01:00:00+00:00,,,2016-08-12 05:30:00+00:00,2016-08-12,270.0,False,,,,,,,,,,,,,,True
2016-08-15 01:00:00+00:00,,,2016-08-15 05:30:00+00:00,2016-08-15,270.0,False,,,,,,,,,,,,,,True
2016-08-16 01:00:00+00:00,,,2016-08-16 05:30:00+00:00,2016-08-16,270.0,False,,,,,,,,,,,,,,True
2016-08-17 01:00:00+00:00,,,2016-08-17 05:30:00+00:00,2016-08-17,270.0,False,,,,,,,,,,,,,,True
2016-08-18 01:00:00+00:00,,,2016-08-18 05:30:00+00:00,2016-08-18,270.0,False,,,,,,,,,,,,,,True
2016-08-19 01:00:00+00:00,,,2016-08-19 05:30:00+00:00,2016-08-19,270.0,False,,,,,,,,,,,,,,True
2016-08-22 01:00:00+00:00,,,2016-08-22 05:30:00+00:00,2016-08-22,270.0,False,,,,,,,,,,,,,,True
2016-08-23 01:00:00+00:00,,,2016-08-23 05:30:00+00:00,2016-08-23,270.0,False,,,,,,,,,,,,,,True
2016-08-24 01:00:00+00:00,,,2016-08-24 05:30:00+00:00,2016-08-24,270.0,False,,,,,,,,,,,,,,True
2016-08-25 01:00:00+00:00,,,2016-08-25 05:30:00+00:00,2016-08-25,270.0,False,,,,,,,,,,,,,,True
2016-08-26 01:00:00+00:00,,,2016-08-26 05:30:00+00:00,2016-08-26,270.0,False,,43.0,,,,,,,,,,,,True
2016-08-29 01:00:00+00:00,,,2016-08-29 05:30:00+00:00,2016-08-29,270.0,False,,,,,,,,,,,,,,True
2016-08-30 01:00:00+00:00,,,2016-08-30 05:30:00+00:00,2016-08-30,270.0,False,,,,,,,,,,,,,,True
2016-08-31 01:00:00+00:00,,,2016-08-31 05:30:00+00:00,2016-08-31,270.0,False,,,,,,,,,,,,,,True
2016-09-01 01:00:00+00:00,,,2016-09-01 05:30:00+00:00,2016-09-01,270.0,False,,,,,,,,,,,,,,True
2016-09-02 01:00:00+00:00,,,2016-09-02 05:30:00+00:00,2016-09-02,270.0,False,,,,,,,,,,,,,,True
2016-09-05 01:00:00+00:00,,,2016-09-05 05:30:00+00:00,2016-09-05,270.0,False,,,,,,,,,,,,,,True
2016-09-06 01:00:00+00:00,,,2016-09-06 05:30:00+00:00,2016-09-06,270.0,False,,,,,,,,,,,,,,True
2016-09-07 01:00:00+00:00,,,2016-09-07 05:30:00+00:00,2016-09-07,270.0,False,,44.0,,,,,,,,,,,,True
2016-09-08 01:00:00+00:00,,,2016-09-08 05:30:00+00:00,2016-09-08,270.0,False,,,,,,,,,,,,,,True
2016-09-09 01:00:00+00:00,,,2016-09-09 05:30:00+00:00,2016-09-09,270.0,False,,,,,,,,,,,,,,True
2016-09-12 01:00:00+00:00,,,2016-09-12 05:30:00+00:00,2016-09-12,270.0,False,,,,,,,,,,,,,,True
2016-09-13 01:00:00+00:00,,,2016-09-13 05:30:00+00:00,2016-09-13,270.0,False,,,,,,,,,,,,,,True
2016-09-14 01:00:00+00:00,,,2016-09-14 05:30:00+00:00,2016-09-14,270.0,False,,,,,,,,,,,,,,True
2016-09-19 01:00:00+00:00,,,2016-09-19 05:30:00+00:00,2016-09-19,270.0,False,,,,,,,,,,,,,,True
2016-09-20 01:00:00+00:00,,,2016-09-20 05:30:00+00:00,2016-09-20,270.0,False,,,,,,,,,,,,,,True
2016-09-21 01:00:00+00:00,,,2016-09-21 05:30:00+00:00,2016-09-21,270.0,False,,,,,,,,,,,,,,True
2016-09-22 01:00:00+00:00,,,2016-09-22 05:30:00+00:00,2016-09-22,270.0,False,,,,,,,,,,,,,,True
2016-09-23 01:00:00+00:00,,,2016-09-23 05:30:00+00:00,2016-09-23,270.0,False,,,,,,,,,,,,,,True
2016-09-26 01:00:00+00:00,,,2016-09-26 05:30:00+00:00,2016-09-26,270.0,False,,,,,,,,,,,,,,True
2016-09-29 01:00:00+00:00,,,2016-09-29 05:30:00+00:00,2016-09-29,270.0,False,,,,,,,,,,,,,,True
2016-09-30 01:00:00+00:00,,,2016-09-30 05:30:00+00:00,2016-09-30,270.0,False,,,,,,,,,,,,,,True
2016-10-03 01:00:00+00:00,,,2016-10-03 05:30:00+00:00,2016-10-03,270.0,False,,,,,,,,,,,,,,True
2016-10-04 01:00:00+00:00,,,2016-10-04 05:30:00+00:00,2016-10-04,270.0,False,,,,,,,,,,,,,,True
2016-10-05 01:00:00+00:00,,,2016-10-05 05:30:00+00:00,2016-10-05,270.0,False,,,,,,,,,,,,,,True
2016-10-06 01:00:00+00:00,,,2016-10-06 05:30:00+00:00,2016-10-06,270.0,False,,,,,,,,,,,,,,True
2016-10-07 01:00:00+00:00,,,2016-10-07 05:30:00+00:00,2016-10-07,270.0,False,,,,,,,,,,,,,,True
2016-10-11 01:00:00+00:00,,,2016-10-11 05:30:00+00:00,2016-10-11,270.0,False,,,,,,,,,,,,,,True
2016-10-12 01:00:00+00:00,,,2016-10-12 05:30:00+00:00,2016-10-12,270.0,False,,,,,,,,,,,,,,True
2016-10-13 01:00:00+00:00,,,2016-10-13 05:30:00+00:00,2016-10-13,270.0,False,,,,,,,,,,,,,,True
2016-10-14 01:00:00+00:00,,,2016-10-14 05:30:00+00:00,2016-10-14,270.0,False,,,,,,,,,,,,,,True
2016-10-17 01:00:00+00:00,,,2016-10-17 05:30:00+00:00,2016-10-17,270.0,False,,,,,,,,,,,,,,True
2016-10-18 01:00:00+00:00,,,2016-10-18 05:30:00+00:00,2016-10-18,270.0,False,,,,,,,,,,,,,,True
2016-10-19 01:00:00+00:00,,,2016-10-19 05:30:00+00:00,2016-10-19,270.0,False,,,,,,,18.0,,,,,,,True
2016-10-20 01:00:00+00:00,,,2016-10-20 05:30:00+00:00,2016-10-20,270.0,False,,,,,,,,,,,,,,True
2016-10-21 01:00:00+00:00,,,2016-10-21 05:30:00+00:00,2016-10-21,270.0,False,,,,,,,,,,,,,,True
2016-10-24 01:00:00+00:00,,,2016-10-24 05:30:00+00:00,2016-10-24,270.0,False,,,,,,,,,,,,,,True
2016-10-25 01:00:00+00:00,,,2016-10-25 05:30:00+00:00,2016-10-25,270.0,False,,,,,,,,,,,,,,True
2016-10-26 01:00:00+00:00,,,2016-10-26 05:30:00+00:00,2016-10-26,270.0,False,,,,,,,,,,,,,,True
2016-10-27 01:00:00+00:00,,,2016-10-27 05:30:00+00:00,2016-10-27,270.0,False,,,,,,,,,,,,,,True
2016-10-28 01:00:00+00:00,,,2016-10-28 05:30:00+00:00,2016-10-28,270.0,False,,,,,,,,,,,,,,True
2016-10-31 01:00:00+00:00,,,2016-10-31 05:30:00+00:00,2016-10-31,270.0,False,,,,,,,,,,,,,,True
2016-11-01 01:00:00+00:00,,,2016-11-01 05:30:00+00:00,2016-11-01,270.0,False,,,,,,,,,,,,,,True
2016-11-02 01:00:00+00:00,,,2016-11-02 05:30:00+00:00,2016-11-02,270.0,False,,,,,,,,,,,,,,True
2016-11-03 01:00:00+00:00,,,2016-11-03 05:30:00+00:00,2016-11-03,270.0,False,,,,,,,,,,,,,,True
2016-11-04 01:00:00+00:00,,,2016-11-04 05:30:00+00:00,2016-11-04,270.0,False,,,,,,,,,,,,,,True
2016-11-07 01:00:00+00:00,,,2016-11-07 05:30:00+00:00,2016-11-07,270.0,False,,,,,,,,18.0,,,,,,True
2016-11-08 01:00:00+00:00,,,2016-11-08 05:30:00+00:00,2016-11-08,270.0,False,,,,,,,,,,,,,,True
2016-11-09 01:00:00+00:00,,,2016-11-09 05:30:00+00:00,2016-11-09,270.0,False,,,,,,,,,,,,,,True
2016-11-10 01:00:00+00:00,,,2016-11-10 05:30:00+00:00,2016-11-10,270.0,False,,,,,,,,18.0,,,,,,True
2016-11-11 01:00:00+00:00,,,2016-11-11 05:30:00+00:00,2016-11-11,270.0,False,,,,,,,,,,,,,,True
2016-11-14 01:00:00+00:00,,,2016-11-14 05:30:00+00:00,2016-11-14,270.0,False,,,,,,,,,,,,,,True
2016-11-15 01:00:00+00:00,,,2016-11-15 05:30:00+00:00,2016-11-15,270.0,False,,,,,,,,,,,,,,True
2016-11-16 01:00:00+00:00,,,2016-11-16 05:30:00+00:00,2016-11-16,270.0,False,,,,,,,,,,,,,,True
2016-11-17 01:00:00+00:00,,,2016-11-17 05:30:00+00:00,2016-11-17,270.0,False,,,,,,,,,,,,,,True
2016-11-18 01:00:00+00:00,,,2016-11-18 05:30:00+00:00,2016-11-18,270.0,False,,,,,,,,,,,,,,True
2016-11-21 01:00:00+00:00,,,2016-11-21 05:30:00+00:00,2016-11-21,270.0,False,,,,,,,,,,,,,,True
2016-11-22 01:00:00+00:00,,,2016-11-22 05:30:00+00:00,2016-11-22,270.0,False,,,,,,,,,,,,,,True
2016-11-23 01:00:00+00:00,,,2016-11-23 05:30:00+00:00,2016-11-23,270.0,False,,,,,,,,,,,,,,True
2016-11-24 01:00:00+00:00,,,2016-11-24 05:30:00+00:00,2016-11-24,270.0,False,,,,,,,,,,,,,,True
2016-11-25 01:00:00+00:00,,,2016-11-25 05:30:00+00:00,2016-11-25,270.0,False,,,,,,,,,,,,,,True
2016-11-28 01:00:00+00:00,,,2016-11-28 05:30:00+00:00,2016-11-28,270.0,False,,,,,,,,,,,,,,True
2016-11-29 01:00:00+00:00,,,2016-11-29 05:30:00+00:00,2016-11-29,270.0,False,,,,,,,,,,,,,,True
2016-11-30 01:00:00+00:00,,,2016-11-30 05:30:00+00:00,2016-11-30,270.0,False,,,,,,,,,,,,,,True
2016-12-01 01:00:00+00:00,,,2016-12-01 05:30:00+00:00,2016-12-01,270.0,False,,,,,,,,18.0,,,,,,True
2016-12-02 01:00:00+00:00,,,2016-12-02 05:30:00+00:00,2016-12-02,270.0,False,,,,,,,,,,,,,,True
2016-12-05 01:00:00+00:00,,,2016-12-05 05:30:00+00:00,2016-12-05,270.0,False,,,,,,,,,,,,,,True
2016-12-06 01:00:00+00:00,,,2016-12-06 05:30:00+00:00,2016-12-06,270.0,False,,,,,,,,18.0,,,,,,True
2016-12-07 01:00:00+00:00,,,2016-12-07 05:30:00+00:00,2016-12-07,270.0,False,,,,9279.0,,,,18.0,,,,,,True
2016-12-08 01:00:00+00:00,,,2016-12-08 05:30:00+00:00,2016-12-08,270.0,False,,,,,,,,,,,,,,True
2016-12-09 01:00:00+00:00,,,2016-12-09 05:30:00+00:00,2016-12-09,270.0,False,,,,,,,,,,,,,,True
2016-12-12 01:00:00+00:00,,,2016-12-12 05:30:00+00:00,2016-12-12,270.0,False,,,,,,,,,,,,,,True
2016-12-13 01:00:00+00:00,,,2016-12-13 05:30:00+00:00,2016-12-13,270.0,False,,,,,,,,,,,,,,True
2016-12-14 01:00:00+00:00,,,2016-12-14 05:30:00+00:00,2016-12-14,270.0,False,,,,,,,,,,,,,,True
2016-12-15 01:00:00+00:00,,,2016-12-15 05:30:00+00:00,2016-12-15,270.0,False,,,,,,,,,,,,,,True
2016-12-16 01:00:00+00:00,,,2016-12-16 05:30:00+00:00,2016-12-16,270.0,False,,,,,,,,,,,,,,True
2016-12-19 01:00:00+00:00,,,2016-12-19 05:30:00+00:00,2016-12-19,270.0,False,,,,,,,,,,,,,,True
2016-12-20 01:00:00+00:00,,,2016-12-20 05:30:00+00:00,2016-12-20,270.0,False,,,,,,,,,,,,,,True
2016-12-21 01:00:00+00:00,,,2016-12-21 05:30:00+00:00,2016-12-21,270.0,False,,,,,,,,,,,,,,True
2016-12-22 01:00:00+00:00,,,2016-12-22 05:30:00+00:00,2016-12-22,270.0,False,,,,,,,,,,,,,,True
2016-12-23 01:00:00+00:00,,,2016-12-23 05:30:00+00:00,2016-12-23,270.0,False,,,,,,,,,,,,,,True
2016-12-26 01:00:00+00:00,,,2016-12-26 05:30:00+00:00,2016-12-26,270.0,False,,,,,,,,,,,,,,True
2016-12-27 01:00:00+00:00,,,2016-12-27 05:30:00+00:00,2016-12-27,270.0,False,,,,,,,,,,,,,,True
2016-12-28 01:00:00+00:00,,,2016-12-28 05:30:00+00:00,2016-12-28,270.0,False,,,,,,,,,,,,,,True
2016-12-29 01:00:00+00:00,,,2016-12-29 05:30:00+00:00,2016-12-29,270.0,False,,,,,,,,,,,,,,True
2016-12-30 01:00:00+00:00,,,2016-12-30 05:30:00+00:00,2016-12-30,270.0,False,,,,,,,,,,,,,,True
2017-01-03 01:00:00+00:00,,,2017-01-03 05:30:00+00:00,2017-01-03,270.0,False,,,,,,,,,,,,,,True
2017-01-04 01:00:00+00:00,,,2017-01-04 05:30:00+00:00,2017-01-04,270.0,False,,,,,,,18.0,,,,,,,True
2017-01-05 01:00:00+00:00,,,2017-01-05 05:30:00+00:00,2017-01-05,270.0,False,,,,,,,,,,,,,,True
2017-01-06 01:00:00+00:00,,,2017-01-06 05:30:00+00:00,2017-01-06,270.0,False,,,,,,,,,,,,,,True
2017-01-09 01:00:00+00:00,,,2017-01-09 05:30:00+00:00,2017-01-09,270.0,False,,,,,,,,,,,,,,True
2017-01-10 01:00:00+00:00,,,2017-01-10 05:30:00+00:00,2017-01-10,270.0,False,,,,,,,,,,,,,,True
2017-01-11 01:00:00+00:00,,,2017-01-11 05:30:00+00:00,2017-01-11,270.0,False,,,,,,,,,,,,,,True
2017-01-12 01:00:00+00:00,,,2017-01-12 05:30:00+00:00,2017-01-12,270.0,False,,,,,,,,,,,,,,True
2017-01-13 01:00:00+00:00,,,2017-01-13 05:30:00+00:00,2017-01-13,270.0,False,,,,,,,,,,,,,,True
2017-01-16 01:00:00+00:00,,,2017-01-16 05:30:00+00:00,2017-01-16,270.0,False,,,,,,,,18.0,,,,,,True
2017-01-17 01:00:00+00:00,,,2017-01-17 05:30:00+00:00,2017-01-17,270.0,False,,,,,,,18.0,,,,,,,True
2017-01-18 01:00:00+00:00,,,2017-01-18 05:30:00+00:00,2017-01-18,270.0,False,,,,,,,,,,,,,,True
2017-01-19 01:00:00+00:00,,,2017-01-19 05:30:00+00:00,2017-01-19,270.0,False,,,,,,,,,,,,,,True
2017-01-20 01:00:00+00:00,,,2017-01-20 05:30:00+00:00,2017-01-20,270.0,False,,,,,,,,,,,,,,True
2017-01-23 01:00:00+00:00,,,2017-01-23 05:30:00+00:00,2017-01-23,270.0,False,,,,,,,,,,,,,,True
2017-01-24 01:00:00+00:00,,,2017-01-24 05:30:00+00:00,2017-01-24,270.0,False,,,,,,,,,,,,,,True
2017-02-02 01:00:00+00:00,,,2017-02-02 05:30:00+00:00,2017-02-02,270.0,False,,,,,,,,,,,,,,True
2017-02-03 01:00:00+00:00,,,2017-02-03 05:30:00+00:00,2017-02-03,270.0,False,,,,,,,,,,,,,,True
2017-02-06 01:00:00+00:00,,,2017-02-06 05:30:00+00:00,2017-02-06,270.0,False,,,,,,,,,,,,,,True
2017-02-07 01:00:00+00:00,,,2017-02-07 05:30:00+00:00,2017-02-07,270.0,False,,,,,,,,,,,,,,True
2017-02-08 01:00:00+00:00,,,2017-02-08 05:30:00+00:00,2017-02-08,270.0,False,,,,,,,,,,,,,,True
2017-02-09 01:00:00+00:00,,,2017-02-09 05:30:00+00:00,2017-02-09,270.0,False,,,,,,,,18.0,,,,,,True
2017-02-10 01:00:00+00:00,,,2017-02-10 05:30:00+00:00,2017-02-10,270.0,False,,,,,,,,,,,,,,True
2017-02-13 01:00:00+00:00,,,2017-02-13 05:30:00+00:00,2017-02-13,270.0,False,,,,,,,,,,,,,,True
2017-02-14 01:00:00+00:00,,,2017-02-14 05:30:00+00:00,2017-02-14,270.0,False,,,,,,,,,,,,,,True
2017-02-15 01:00:00+00:00,,,2017-02-15 05:30:00+00:00,2017-02-15,270.0,False,,,,,,,,,,,,,,True
2017-02-16 01:00:00+00:00,,,2017-02-16 05:30:00+00:00,2017-02-16,270.0,False,,,,,,,,,,,,,,True
2017-02-17 01:00:00+00:00,,,2017-02-17 05:30:00+00:00,2017-02-17,270.0,False,,,,,,,,,,,,,,True
2017-02-20 01:00:00+00:00,,,2017-02-20 05:30:00+00:00,2017-02-20,270.0,False,,,,,,,,,,,,,,True
2017-02-21 01:00:00+00:00,,,2017-02-21 05:30:00+00:00,2017-02-21,270.0,False,,,,,,,,,,,,,,True
2017-02-22 01:00:00+00:00,,,2017-02-22 05:30:00+00:00,2017-02-22,270.0,False,,,,,,,,,,,,,,True
2017-02-23 01:00:00+00:00,,,2017-02-23 05:30:00+00:00,2017-02-23,270.0,False,,,,,,,,,,,,,,True
2017-02-24 01:00:00+00:00,,,2017-02-24 05:30:00+00:00,2017-02-24,270.0,False,,,,,,,,,,,,,,True
2017-03-01 01:00:00+00:00,,,2017-03-01 05:30:00+00:00,2017-03-01,270.0,False,,,,,,,,,,,,,,True
2017-03-02 01:00:00+00:00,,,2017-03-02 05:30:00+00:00,2017-03-02,270.0,False,,,,,,,,,,,,,,True
2017-03-03 01:00:00+00:00,,,2017-03-03 05:30:00+00:00,2017-03-03,270.0,False,,,,,,,,,,,,,,True
2017-03-06 01:00:00+00:00,,,2017-03-06 05:30:00+00:00,2017-03-06,270.0,False,,,,9647.0,,,,,,,,,,True
2017-03-07 01:00:00+00:00,,,2017-03-07 05:30:00+00:00,2017-03-07,270.0,False,,,,,,,,,,,,,,True
2017-03-08 01:00:00+00:00,,,2017-03-08 05:30:00+00:00,2017-03-08,270.0,False,,,,,,,,,,,,,,True
2017-03-09 01:00:00+00:00,,,2017-03-09 05:30:00+00:00,2017-03-09,270.0,False,,,,,,,,,,,,,,True
2017-03-10 01:00:00+00:00,,,2017-03-10 05:30:00+00:00,2017-03-10,270.0,False,,,,,,,,18.0,,,,,,True
2017-03-13 01:00:00+00:00,,,2017-03-13 05:30:00+00:00,2017-03-13,270.0,False,,,,,,,,,,,,,,True
2017-03-14 01:00:00+00:00,,,2017-03-14 05:30:00+00:00,2017-03-14,270.0,False,,,,,,,,,,,,,,True
2017-03-15 01:00:00+00:00,,,2017-03-15 05:30:00+00:00,2017-03-15,270.0,False,,,,,,,,,,,,,,True
2017-03-16 01:00:00+00:00,,,2017-03-16 05:30:00+00:00,2017-03-16,270.0,False,,,,,,,,,,,,,,True
2017-03-17 01:00:00+00:00,,,2017-03-17 05:30:00+00:00,2017-03-17,270.0,False,,,,,,,,,,,,,,True
2017-03-20 01:00:00+00:00,,,2017-03-20 05:30:00+00:00,2017-03-20,270.0,False,,,,,,,,,,,,,,True
2017-03-21 01:00:00+00:00,,,2017-03-21 05:30:00+00:00,2017-03-21,270.0,False,,,,,,,,,,,,,,True
2017-03-22 01:00:00+00:00,,,2017-03-22 05:30:00+00:00,2017-03-22,270.0,False,,,,,,,,,,,,,,True
2017-03-23 01:00:00+00:00,,,2017-03-23 05:30:00+00:00,2017-03-23,270.0,False,,,,,,,,,,,,,,True
2017-03-24 01:00:00+00:00,,,2017-03-24 05:30:00+00:00,2017-03-24,270.0,False,,,,,,,,,,,,,,True
2017-03-27 01:00:00+00:00,,,2017-03-27 05:30:00+00:00,2017-03-27,270.0,False,,,,,,,,,,,,,,True
2017-03-28 01:00:00+00:00,,,2017-03-28 05:30:00+00:00,2017-03-28,270.0,False,,,,,,,,,,,,,,True
2017-03-29 01:00:00+00:00,,,2017-03-29 05:30:00+00:00,2017-03-29,270.0,False,,,,9887.0,,,,,,,,,,True
2017-03-30 01:00:00+00:00,,,2017-03-30 05:30:00+00:00,2017-03-30,270.0,False,,,,,,,,,,,,,,True
2017-03-31 01:00:00+00:00,,,2017-03-31 05:30:00+00:00,2017-03-31,270.0,False,46.0,46.0,,,,,,,,,0.0,,,True
2017-04-05 01:00:00+00:00,,,2017-04-05 05:30:00+00:00,2017-04-05,270.0,False,,,,,,,,,,,,,,True
2017-04-06 01:00:00+00:00,,,2017-04-06 05:30:00+00:00,2017-04-06,270.0,False,,,,,,,,,,,,,,True
2017-04-07 01:00:00+00:00,,,2017-04-07 05:30:00+00:00,2017-04-07,270.0,False,,,,,,,,,,,,,,True
2017-04-10 01:00:00+00:00,,,2017-04-10 05:30:00+00:00,2017-04-10,270.0,False,,,,,,,,,,,,,,True
2017-04-11 01:00:00+00:00,,,2017-04-11 05:30:00+00:00,2017-04-11,270.0,False,,,,,,,,,,,,,,True
2017-04-12 01:00:00+00:00,,,2017-04-12 05:30:00+00:00,2017-04-12,270.0,False,,,,,,,,,,,,,,True
2017-04-13 01:00:00+00:00,,,2017-04-13 05:30:00+00:00,2017-04-13,270.0,False,,,,,,,,,,,,,,True
2017-04-14 01:00:00+00:00,,,2017-04-14 05:30:00+00:00,2017-04-14,270.0,False,,,,,,,,,,,,,,True
2017-04-17 01:00:00+00:00,,,2017-04-17 05:30:00+00:00,2017-04-17,270.0,False,,,,,,,,,,,,,,True
2017-04-18 01:00:00+00:00,,,2017-04-18 05:30:00+00:00,2017-04-18,270.0,False,,,,,,,,,,,,,,True
2017-04-19 01:00:00+00:00,,,2017-04-19 05:30:00+00:00,2017-04-19,270.0,False,,,,,,,,,,,,,,True
2017-04-20 01:00:00+00:00,,,2017-04-20 05:30:00+00:00,2017-04-20,270.0,False,,,,,,,,,,,,,,True
2017-04-21 01:00:00+00:00,,,2017-04-21 05:30:00+00:00,2017-04-21,270.0,False,,,,,,,,,,,,,,True
2017-04-24 01:00:00+00:00,,,2017-04-24 05:30:00+00:00,2017-04-24,270.0,False,,,,,,,,,,,,,,True
2017-04-25 01:00:00+00:00,,,2017-04-25 05:30:00+00:00,2017-04-25,270.0,False,,,,,,,,,,,,,,True
2017-04-26 01:00:00+00:00,,,2017-04-26 05:30:00+00:00,2017-04-26,270.0,False,,,,,,,,,,,,,,True
2017-04-27 01:00:00+00:00,,,2017-04-27 05:30:00+00:00,2017-04-27,270.0,False,,,,,,,,,,,,,,True
2017-04-28 01:00:00+00:00,,,2017-04-28 05:30:00+00:00,2017-04-28,270.0,False,,,,,9872.0,,,,,,,,,True
2017-05-02 01:00:00+00:00,,,2017-05-02 05:30:00+00:00,2017-05-02,270.0,False,46.0,,,,,,,,,,,,,True
2017-05-03 01:00:00+00:00,,,2017-05-03 05:30:00+00:00,2017-05-03,270.0,False,,,,,,,,,,,,,,True
2017-05-04 01:00:00+00:00,,,2017-05-04 05:30:00+00:00,2017-05-04,270.0,False,,,,,,,,,,,,,,True
2017-05-05 01:00:00+00:00,,,2017-05-05 05:30:00+00:00,2017-05-05,270.0,False,,,,,,,,,,,,,,True
2017-05-08 01:00:00+00:00,,,2017-05-08 05:30:00+00:00,2017-05-08,270.0,False,,,,,,,,,,,,,,True
2017-05-09 01:00:00+00:00,,,2017-05-09 05:30:00+00:00,2017-05-09,270.0,False,,,,,,,,,,,,,,True
2017-05-10 01:00:00+00:00,,,2017-05-10 05:30:00+00:00,2017-05-10,270.0,False,,46.0,,,,,,,,,,,,True
2017-05-11 01:00:00+00:00,,,2017-05-11 05:30:00+00:00,2017-05-11,270.0,False,46.0,,,,,,,,,0.0,,,,True
2017-05-12 01:00:00+00:00,,,2017-05-12 05:30:00+00:00,2017-05-12,270.0,False,,,,,,,,,,,,,,True
2017-05-15 01:00:00+00:00,,,2017-05-15 05:30:00+00:00,2017-05-15,270.0,False,,,,,,,,,,,,,,True
2017-05-16 01:00:00+00:00,,,2017-05-16 05:30:00+00:00,2017-05-16,270.0,False,,46.0,,,,,,,,,,,,True
2017-05-17 01:00:00+00:00,,,2017-05-17 05:30:00+00:00,2017-05-17,270.0,False,,,,,,,,,,,,,,True
2017-05-18 01:00:00+00:00,,,2017-05-18 05:30:00+00:00,2017-05-18,270.0,False,,,,,,,,,,,,,,True
2017-05-19 01:00:00+00:00,,,2017-05-19 05:30:00+00:00,2017-05-19,270.0,False,,,,,,,,,,,,,,True
2017-05-22 01:00:00+00:00,,,2017-05-22 05:30:00+00:00,2017-05-22,270.0,False,,,,,,,,,,,,,,True
2017-05-23 01:00:00+00:00,,,2017-05-23 05:30:00+00:00,2017-05-23,270.0,False,,,,,,,,,,,,,,True
2017-05-24 01:00:00+00:00,,,2017-05-24 05:30:00+00:00,2017-05-24,270.0,False,,,,,,,,,,,,,,True
2017-05-25 01:00:00+00:00,,,2017-05-25 05:30:00+00:00,2017-05-25,270.0,False,,,,,,,,,,,,,,True
2017-05-26 01:00:00+00:00,,,2017-05-26 05:30:00+00:00,2017-05-26,270.0,False,,,,,,,,,,,,,,True
2017-05-31 01:00:00+00:00,,,2017-05-31 05:30:00+00:00,2017-05-31,270.0,False,,,,,,,,,,,,,,True
2017-06-01 01:00:00+00:00,,,2017-06-01 05:30:00+00:00,2017-06-01,270.0,False,,,,,,,,,,,,,,True
2017-06-02 01:00:00+00:00,,,2017-06-02 05:30:00+00:00,2017-06-02,270.0,False,,,,,,,,,,,,,,True
2017-06-05 01:00:00+00:00,,,2017-06-05 05:30:00+00:00,2017-06-05,270.0,False,,,,,,,,,,,,,,True
2017-06-06 01:00:00+00:00,,,2017-06-06 05:30:00+00:00,2017-06-06,270.0,False,,,,,,,,,,,,,,True
2017-06-07 01:00:00+00:00,,,2017-06-07 05:30:00+00:00,2017-06-07,270.0,False,,,,,,,,,,,,,,True
2017-06-08 01:00:00+00:00,,,2017-06-08 05:30:00+00:00,2017-06-08,270.0,False,,,,,,,,,,,,,,True
2017-06-09 01:00:00+00:00,,,2017-06-09 05:30:00+00:00,2017-06-09,270.0,False,,,,,,,,,,,,,,True
2017-06-12 01:00:00+00:00,,,2017-06-12 05:30:00+00:00,2017-06-12,270.0,False,,,,,,,,,,,,,,True
2017-06-13 01:00:00+00:00,,,2017-06-13 05:30:00+00:00,2017-06-13,270.0,False,,,,,,,,,,,,,,True
2017-06-14 01:00:00+00:00,,,2017-06-14 05:30:00+00:00,2017-06-14,270.0,False,,,,,,,,,,,,,,True
2017-06-15 01:00:00+00:00,,,2017-06-15 05:30:00+00:00,2017-06-15,270.0,False,,,,,,,,,,,,,,True
2017-06-16 01:00:00+00:00,,,2017-06-16 05:30:00+00:00,2017-06-16,270.0,False,,,,,,,,,,,,,,True
2017-06-19 01:00:00+00:00,,,2017-06-19 05:30:00+00:00,2017-06-19,270.0,False,,,,,,,,,,,,,,True
2017-06-20 01:00:00+00:00,,,2017-06-20 05:30:00+00:00,2017-06-20,270.0,False,,,,,,,,,,,,,,True
2017-06-21 01:00:00+00:00,,,2017-06-21 05:30:00+00:00,2017-06-21,270.0,False,,,,,,,,,,,,,,True
2017-06-22 01:00:00+00:00,,,2017-06-22 05:30:00+00:00,2017-06-22,270.0,False,,,,,,,,,,,,,,True
2017-06-23 01:00:00+00:00,,,2017-06-23 05:30:00+00:00,2017-06-23,270.0,False,,,,,,,,,,,,,,True
2017-06-26 01:00:00+00:00,,,2017-06-26 05:30:00+00:00,2017-06-26,270.0,False,,,,,,,,,,,,,,True
2017-06-27 01:00:00+00:00,,,2017-06-27 05:30:00+00:00,2017-06-27,270.0,False,,,,10513.0,,,,,,,,,,True
2017-06-28 01:00:00+00:00,,,2017-06-28 05:30:00+00:00,2017-06-28,270.0,False,,,,,,,,,,,,,,True
2017-06-29 01:00:00+00:00,,,2017-06-29 05:30:00+00:00,2017-06-29,270.0,False,,,,,,,,,,,,,,True
2017-06-30 01:00:00+00:00,,,2017-06-30 05:30:00+00:00,2017-06-30,270.0,False,,,,,,,,,,,,,,True
2017-07-03 01:00:00+00:00,,,2017-07-03 05:30:00+00:00,2017-07-03,270.0,False,,,,,,,,,,,,,,True
2017-07-04 01:00:00+00:00,,,2017-07-04 05:30:00+00:00,2017-07-04,270.0,False,,,,,,,,20.0,,,,,,True
2017-07-05 01:00:00+00:00,,,2017-07-05 05:30:00+00:00,2017-07-05,270.0,False,,,,,,,,,,,,,,True
2017-07-06 01:00:00+00:00,,,2017-07-06 05:30:00+00:00,2017-07-06,270.0,False,,,,,,,,,,,,,,True
2017-07-07 01:00:00+00:00,,,2017-07-07 05:30:00+00:00,2017-07-07,270.0,False,,,,,,,,,,,,,,True
2017-07-10 01:00:00+00:00,,,2017-07-10 05:30:00+00:00,2017-07-10,270.0,False,,,,,,,20.0,,,,,,,True
2017-07-11 01:00:00+00:00,,,2017-07-11 05:30:00+00:00,2017-07-11,270.0,False,,,,,,,,,,,,,,True
2017-07-12 01:00:00+00:00,,,2017-07-12 05:30:00+00:00,2017-07-12,270.0,False,,,,,,,,,,,,,,True
2017-07-13 01:00:00+00:00,,,2017-07-13 05:30:00+00:00,2017-07-13,270.0,False,,,,,,,,,,,,,,True
2017-07-14 01:00:00+00:00,,,2017-07-14 05:30:00+00:00,2017-07-14,270.0,False,,,,,,,,,,,,,,True
2017-07-17 01:00:00+00:00,,,2017-07-17 05:30:00+00:00,2017-07-17,270.0,False,,50.0,,,,,,,,,,,,True
2017-07-18 01:00:00+00:00,,,2017-07-18 05:30:00+00:00,2017-07-18,270.0,False,,,,,,,,,,,,,,True
2017-07-19 01:00:00+00:00,,,2017-07-19 05:30:00+00:00,2017-07-19,270.0,False,,,,,,,,,,,,,,True
2017-07-20 01:00:00+00:00,,,2017-07-20 05:30:00+00:00,2017-07-20,270.0,False,,,,,,,,,,,,,,True
2017-07-21 01:00:00+00:00,,,2017-07-21 05:30:00+00:00,2017-07-21,270.0,False,,,,,,,,,,,,,,True
2017-07-24 01:00:00+00:00,,,2017-07-24 05:30:00+00:00,2017-07-24,270.0,False,,,,,,,,,,,,,,True
2017-07-25 01:00:00+00:00,,,2017-07-25 05:30:00+00:00,2017-07-25,270.0,False,,,,,,,,,,,,,,True
2017-07-26 01:00:00+00:00,,,2017-07-26 05:30:00+00:00,2017-07-26,270.0,False,,,,,,,,,,,,,,True
2017-07-27 01:00:00+00:00,,,2017-07-27 05:30:00+00:00,2017-07-27,270.0,False,,,,,,,,,,,,,,True
2017-07-28 01:00:00+00:00,,,2017-07-28 05:30:00+00:00,2017-07-28,270.0,False,,,,,,,,,,,,,,True
2017-07-31 01:00:00+00:00,,,2017-07-31 05:30:00+00:00,2017-07-31,270.0,False,,,,,,,,,,,,,,True
2017-08-01 01:00:00+00:00,,,2017-08-01 05:30:00+00:00,2017-08-01,270.0,False,,,,,,,,,,,,,,True
2017-08-02 01:00:00+00:00,,,2017-08-02 05:30:00+00:00,2017-08-02,270.0,False,50.0,,,,,,,,,,,,,True
2017-08-03 01:00:00+00:00,,,2017-08-03 05:30:00+00:00,2017-08-03,270.0,False,,,,,,,,,,,,,,True
2017-08-04 01:00:00+00:00,,,2017-08-04 05:30:00+00:00,2017-08-04,270.0,False,,,,,,,,,,,,,,True
2017-08-07 01:00:00+00:00,,,2017-08-07 05:30:00+00:00,2017-08-07,270.0,False,,,,,,,,,,,,,,True
2017-08-08 01:00:00+00:00,,,2017-08-08 05:30:00+00:00,2017-08-08,270.0,False,,,,,,,,,,,,,,True
2017-08-09 01:00:00+00:00,,,2017-08-09 05:30:00+00:00,2017-08-09,270.0,False,,,,,,,,,,,,,,True
2017-08-10 01:00:00+00:00,,,2017-08-10 05:30:00+00:00,2017-08-10,270.0,False,,,,,,,,,,,,,,True
2017-08-11 01:00:00+00:00,,,2017-08-11 05:30:00+00:00,2017-08-11,270.0,False,,,,,,,,,,,,,,True
2017-08-14 01:00:00+00:00,,,2017-08-14 05:30:00+00:00,2017-08-14,270.0,False,,,,,,,,,,,,,,True
2017-08-15 01:00:00+00:00,,,2017-08-15 05:30:00+00:00,2017-08-15,270.0,False,,,,,,,,,,,,,,True
2017-08-16 01:00:00+00:00,,,2017-08-16 05:30:00+00:00,2017-08-16,270.0,False,,,,,,,,,,,,,,True
2017-08-17 01:00:00+00:00,,,2017-08-17 05:30:00+00:00,2017-08-17,270.0,False,,,,,,,,,,,,,,True
2017-08-18 01:00:00+00:00,,,2017-08-18 05:30:00+00:00,2017-08-18,270.0,False,,,,,,,,,,,,,,True
2017-08-21 01:00:00+00:00,,,2017-08-21 05:30:00+00:00,2017-08-21,270.0,False,,,,,,,,,,,,,,True
2017-08-22 01:00:00+00:00,,,2017-08-22 05:30:00+00:00,2017-08-22,270.0,False,,,,,,,,,,,,,,True
2017-08-23 01:00:00+00:00,,,2017-08-23 05:30:00+00:00,2017-08-23,270.0,False,,,,,,,,,,,,,,True
2017-08-24 01:00:00+00:00,,,2017-08-24 05:30:00+00:00,2017-08-24,270.0,False,,,,,,,,,,,,,,True
2017-08-25 01:00:00+00:00,,,2017-08-25 05:30:00+00:00,2017-08-25,270.0,False,,,,,,,,,,,,,,True
2017-08-28 01:00:00+00:00,,,2017-08-28 05:30:00+00:00,2017-08-28,270.0,False,,,,,,,,,,,,,,True
2017-08-29 01:00:00+00:00,,,2017-08-29 05:30:00+00:00,2017-08-29,270.0,False,,,,,,,,,,,,,,True
2017-08-30 01:00:00+00:00,,,2017-08-30 05:30:00+00:00,2017-08-30,270.0,False,,,,,,,,,,,,,,True
2017-08-31 01:00:00+00:00,,,2017-08-31 05:30:00+00:00,2017-08-31,270.0,False,,,,,,,,,,,,,,True
2017-09-01 01:00:00+00:00,,,2017-09-01 05:30:00+00:00,2017-09-01,270.0,False,,,,,,,,,,,,,,True
2017-09-04 01:00:00+00:00,,,2017-09-04 05:30:00+00:00,2017-09-04,270.0,False,,,,,,,,,,,,,,True
2017-09-05 01:00:00+00:00,,,2017-09-05 05:30:00+00:00,2017-09-05,270.0,False,,,,,,,,,,,,,,True
2017-09-06 01:00:00+00:00,,,2017-09-06 05:30:00+00:00,2017-09-06,270.0,False,,,,,,,,,,,,,,True
2017-09-07 01:00:00+00:00,,,2017-09-07 05:30:00+00:00,2017-09-07,270.0,False,,,,,,,,,,,,,,True
2017-09-08 01:00:00+00:00,,,2017-09-08 05:30:00+00:00,2017-09-08,270.0,False,,,,,,,,,,,,,,True
2017-09-11 01:00:00+00:00,,,2017-09-11 05:30:00+00:00,2017-09-11,270.0,False,,,,,,,,,,,,,,True
2017-09-12 01:00:00+00:00,,,2017-09-12 05:30:00+00:00,2017-09-12,270.0,False,,,,,,,,,,,,,,True
2017-09-13 01:00:00+00:00,,,2017-09-13 05:30:00+00:00,2017-09-13,270.0,False,,,,,,,,,,,,,,True
2017-09-14 01:00:00+00:00,,,2017-09-14 05:30:00+00:00,2017-09-14,270.0,False,,,,,,,,,,,,,,True
2017-09-15 01:00:00+00:00,,,2017-09-15 05:30:00+00:00,2017-09-15,270.0,False,51.0,51.0,,,,,,,,,0.0,,,True
2017-09-18 01:00:00+00:00,,,2017-09-18 05:30:00+00:00,2017-09-18,270.0,False,,,,,,,,,,,,,,True
2017-09-19 01:00:00+00:00,,,2017-09-19 05:30:00+00:00,2017-09-19,270.0,False,,,,,,,,,,,,,,True
2017-09-20 01:00:00+00:00,,,2017-09-20 05:30:00+00:00,2017-09-20,270.0,False,,,,,,,,,,,,,,True
2017-09-21 01:00:00+00:00,,,2017-09-21 05:30:00+00:00,2017-09-21,270.0,False,,,,,,,,,,,,,,True
2017-09-22 01:00:00+00:00,,,2017-09-22 05:30:00+00:00,2017-09-22,270.0,False,,,,,,,,,,,,,,True
2017-09-25 01:00:00+00:00,,,2017-09-25 05:30:00+00:00,2017-09-25,270.0,False,,,,,,,,,,,,,,True
2017-09-26 01:00:00+00:00,,,2017-09-26 05:30:00+00:00,2017-09-26,270.0,False,,,,,,,,,,,,,,True
2017-09-27 01:00:00+00:00,,,2017-09-27 05:30:00+00:00,2017-09-27,270.0,False,,,,,,,,,,,,,,True
2017-09-28 01:00:00+00:00,,,2017-09-28 05:30:00+00:00,2017-09-28,270.0,False,,,,,,,,,,,,,,True
2017-09-29 01:00:00+00:00,,,2017-09-29 05:30:00+00:00,2017-09-29,270.0,False,,,,,,,,,,,,,,True
2017-10-02 01:00:00+00:00,,,2017-10-02 05:30:00+00:00,2017-10-02,270.0,False,,,,,,,,,,,,,,True
2017-10-03 01:00:00+00:00,,,2017-10-03 05:30:00+00:00,2017-10-03,270.0,False,51.0,,,,,,,,,,,,,True
2017-10-05 01:00:00+00:00,,,2017-10-05 05:30:00+00:00,2017-10-05,270.0,False,,,,,,,,,,,,,,True
2017-10-06 01:00:00+00:00,,,2017-10-06 05:30:00+00:00,2017-10-06,270.0,False,52.0,52.0,,,,,,,,,0.0,,,True
2017-10-11 01:00:00+00:00,,,2017-10-11 05:30:00+00:00,2017-10-11,270.0,False,,,,,,,,,,,,,,True
2017-10-12 01:00:00+00:00,,,2017-10-12 05:30:00+00:00,2017-10-12,270.0,False,,,,,,,,,,,,,,True
2017-10-13 01:00:00+00:00,,,2017-10-13 05:30:00+00:00,2017-10-13,270.0,False,,54.0,,,,,,,,,,,,True
2017-10-16 01:00:00+00:00,,,2017-10-16 05:30:00+00:00,2017-10-16,270.0,False,,,,,,,,,,,,,,True
2017-10-17 01:00:00+00:00,,,2017-10-17 05:30:00+00:00,2017-10-17,270.0,False,,,,,,,,,,,,,,True
2017-10-18 01:00:00+00:00,,,2017-10-18 05:30:00+00:00,2017-10-18,270.0,False,,,,,,,,,,,,,,True
2017-10-19 01:00:00+00:00,,,2017-10-19 05:30:00+00:00,2017-10-19,270.0,False,,55.0,,,,,,,,,,,,True
2017-10-20 01:00:00+00:00,,,2017-10-20 05:30:00+00:00,2017-10-20,270.0,False,,,,,,,,,,,,,,True
2017-10-23 01:00:00+00:00,,,2017-10-23 05:30:00+00:00,2017-10-23,270.0,False,,,,,,,,,,,,,,True
2017-10-24 01:00:00+00:00,,,2017-10-24 05:30:00+00:00,2017-10-24,270.0,False,,,,,,,,,,,,,,True
2017-10-25 01:00:00+00:00,,,2017-10-25 05:30:00+00:00,2017-10-25,270.0,False,,,,,,,,,,,,,,True
2017-10-26 01:00:00+00:00,,,2017-10-26 05:30:00+00:00,2017-10-26,270.0,False,,,,,,,,,,,,,,True
2017-10-27 01:00:00+00:00,,,2017-10-27 05:30:00+00:00,2017-10-27,270.0,False,,,,,,,,,,,,,,True
2017-10-30 01:00:00+00:00,,,2017-10-30 05:30:00+00:00,2017-10-30,270.0,False,,,,,,,,,,,,,,True
2017-10-31 01:00:00+00:00,,,2017-10-31 05:30:00+00:00,2017-10-31,270.0,False,,,,,,,,,,,,,,True
2017-11-01 01:00:00+00:00,,,2017-11-01 05:30:00+00:00,2017-11-01,270.0,False,,,,,,,,,,,,,,True
2017-11-02 01:00:00+00:00,,,2017-11-02 05:30:00+00:00,2017-11-02,270.0,False,,,,,,,,,,,,,,True
2017-11-03 01:00:00+00:00,,,2017-11-03 05:30:00+00:00,2017-11-03,270.0,False,,,,,,,,,,,,,,True
2017-11-06 01:00:00+00:00,,,2017-11-06 05:30:00+00:00,2017-11-06,270.0,False,,57.0,,,,,,,,,,,,True
2017-11-07 01:00:00+00:00,,,2017-11-07 05:30:00+00:00,2017-11-07,270.0,False,57.0,57.0,,,,,,,,0.0,0.0,,,True
2017-11-08 01:00:00+00:00,,,2017-11-08 05:30:00+00:00,2017-11-08,270.0,False,57.0,,,,,,,,,0.0,,,,True
2017-11-09 01:00:00+00:00,,,2017-11-09 05:30:00+00:00,2017-11-09,270.0,False,,,,,,,,,,,,,,True
2017-11-10 01:00:00+00:00,,,2017-11-10 05:30:00+00:00,2017-11-10,270.0,False,,,,,,,,,,,,,,True
2017-11-13 01:00:00+00:00,,,2017-11-13 05:30:00+00:00,2017-11-13,270.0,False,,,,,,,,,,,,,,True
2017-11-14 01:00:00+00:00,,,2017-11-14 05:30:00+00:00,2017-11-14,270.0,False,,,,,,,,,,,,,,True
2017-11-15 01:00:00+00:00,,,2017-11-15 05:30:00+00:00,2017-11-15,270.0,False,,,,,,,,,,,,,,True
2017-11-16 01:00:00+00:00,,,2017-11-16 05:30:00+00:00,2017-11-16,270.0,False,,,,,,,,,,,,,,True
2017-11-17 01:00:00+00:00,,,2017-11-17 05:30:00+00:00,2017-11-17,270.0,False,57.0,57.0,,,,,,,,,0.0,,,True
2017-11-20 01:00:00+00:00,,,2017-11-20 05:30:00+00:00,2017-11-20,270.0,False,,,,,,,,21.0,,,,,,True
2017-11-21 01:00:00+00:00,,,2017-11-21 05:30:00+00:00,2017-11-21,270.0,False,,,,,,,,,,,,,,True
2017-11-22 01:00:00+00:00,,,2017-11-22 05:30:00+00:00,2017-11-22,270.0,False,,,,,,,,,,,,,,True
2017-11-23 01:00:00+00:00,,,2017-11-23 05:30:00+00:00,2017-11-23,270.0,False,,,,,,,,,,,,,,True
2017-11-24 01:00:00+00:00,,,2017-11-24 05:30:00+00:00,2017-11-24,270.0,False,,,,,,,,,,,,,,True
2017-11-27 01:00:00+00:00,,,2017-11-27 05:30:00+00:00,2017-11-27,270.0,False,,,,,,,,,,,,,,True
2017-11-28 01:00:00+00:00,,,2017-11-28 05:30:00+00:00,2017-11-28,270.0,False,,58.0,,,,,,,,,,,,True
2017-11-29 01:00:00+00:00,,,2017-11-29 05:30:00+00:00,2017-11-29,270.0,False,,,,,,,,,,,,,,True
2017-11-30 01:00:00+00:00,,,2017-11-30 05:30:00+00:00,2017-11-30,270.0,False,,,,,,,,,,,,,,True
2017-12-01 01:00:00+00:00,,,2017-12-01 05:30:00+00:00,2017-12-01,270.0,False,,57.0,,,,,,,,,,,,True
2017-12-04 01:00:00+00:00,,,2017-12-04 05:30:00+00:00,2017-12-04,270.0,False,,,,,,,,,,,,,,True
2017-12-05 01:00:00+00:00,,,2017-12-05 05:30:00+00:00,2017-12-05,270.0,False,,,,,,,,,,,,,,True
2017-12-06 01:00:00+00:00,,,2017-12-06 05:30:00+00:00,2017-12-06,270.0,False,,,,,,,,,,,,,,True
2017-12-07 01:00:00+00:00,,,2017-12-07 05:30:00+00:00,2017-12-07,270.0,False,,,,,,,,,,,,,,True
2017-12-08 01:00:00+00:00,,,2017-12-08 05:30:00+00:00,2017-12-08,270.0,False,,,,,,,,,,,,,,True
2017-12-11 01:00:00+00:00,,,2017-12-11 05:30:00+00:00,2017-12-11,270.0,False,,,,,,,,,,,,,,True
2017-12-12 01:00:00+00:00,,,2017-12-12 05:30:00+00:00,2017-12-12,270.0,False,,,,,,,,,,,,,,True
2017-12-13 01:00:00+00:00,,,2017-12-13 05:30:00+00:00,2017-12-13,270.0,False,,,,,,,,,,,,,,True
2017-12-14 01:00:00+00:00,,,2017-12-14 05:30:00+00:00,2017-12-14,270.0,False,,,,,,,,,,,,,,True
2017-12-15 01:00:00+00:00,,,2017-12-15 05:30:00+00:00,2017-12-15,270.0,False,,56.0,,,,,,,,,,,,True
2017-12-18 01:00:00+00:00,,,2017-12-18 05:30:00+00:00,2017-12-18,270.0,False,,54.0,,,,,,,,,,,,True
2017-12-19 01:00:00+00:00,,,2017-12-19 05:30:00+00:00,2017-12-19,270.0,False,54.0,52.0,,,,,,,,0.0,-0.037740327982847086,,,True
2017-12-20 01:00:00+00:00,,,2017-12-20 05:30:00+00:00,2017-12-20,270.0,False,52.0,,,,,,,,,0.0,,,,True
2017-12-21 01:00:00+00:00,,,2017-12-21 05:30:00+00:00,2017-12-21,270.0,False,,,,,,,,,,,,,,True
2017-12-22 01:00:00+00:00,,,2017-12-22 05:30:00+00:00,2017-12-22,270.0,False,,,,,,,,,,,,,,True
2017-12-25 01:00:00+00:00,,,2017-12-25 05:30:00+00:00,2017-12-25,270.0,False,,,,,,,,,,,,,,True
2017-12-26 01:00:00+00:00,,,2017-12-26 05:30:00+00:00,2017-12-26,270.0,False,,,,,,,,,,,,,,True
2017-12-27 01:00:00+00:00,,,2017-12-27 05:30:00+00:00,2017-12-27,270.0,False,,52.0,,,,,,,,,,,,True
2017-12-28 01:00:00+00:00,,,2017-12-28 05:30:00+00:00,2017-12-28,270.0,False,,,,,,,,,,,,,,True
2017-12-29 01:00:00+00:00,,,2017-12-29 05:30:00+00:00,2017-12-29,270.0,False,,,,,,,,,,,,,,True
2018-01-02 01:00:00+00:00,,,2018-01-02 05:30:00+00:00,2018-01-02,270.0,False,,,,,,,,,,,,,,True
2018-01-03 01:00:00+00:00,,,2018-01-03 05:30:00+00:00,2018-01-03,270.0,False,,,,,,,,,,,,,,True
2018-01-04 01:00:00+00:00,,,2018-01-04 05:30:00+00:00,2018-01-04,270.0,False,,,,,,,,,,,,,,True
2018-01-05 01:00:00+00:00,,,2018-01-05 05:30:00+00:00,2018-01-05,270.0,False,,,,,,,,,,,,,,True
2018-01-08 01:00:00+00:00,,,2018-01-08 05:30:00+00:00,2018-01-08,270.0,False,,,,,,,,,,,,,,True
2018-01-09 01:00:00+00:00,,,2018-01-09 05:30:00+00:00,2018-01-09,270.0,False,,,,,,,,,,,,,,True
2018-01-10 01:00:00+00:00,,,2018-01-10 05:30:00+00:00,2018-01-10,270.0,False,,,,,,,,,,,,,,True
2018-01-11 01:00:00+00:00,,,2018-01-11 05:30:00+00:00,2018-01-11,270.0,False,,,,,,,,,,,,,,True
2018-01-12 01:00:00+00:00,,,2018-01-12 05:30:00+00:00,2018-01-12,270.0,False,,,,,,,,,,,,,,True
2018-01-15 01:00:00+00:00,,,2018-01-15 05:30:00+00:00,2018-01-15,270.0,False,,,,,,,,,,,,,,True
2018-01-16 01:00:00+00:00,,,2018-01-16 05:30:00+00:00,2018-01-16,270.0,False,,,,,,,,,,,,,,True
2018-01-17 01:00:00+00:00,,,2018-01-17 05:30:00+00:00,2018-01-17,270.0,False,,,,,,,,,,,,,,True
2018-01-18 01:00:00+00:00,,,2018-01-18 05:30:00+00:00,2018-01-18,270.0,False,,,,,,,,,,,,,,True
2018-01-19 01:00:00+00:00,,,2018-01-19 05:30:00+00:00,2018-01-19,270.0,False,,,,,,,,,,,,,,True
2018-01-22 01:00:00+00:00,,,2018-01-22 05:30:00+00:00,2018-01-22,270.0,False,,,,,,,,,,,,,,True
2018-01-23 01:00:00+00:00,,,2018-01-23 05:30:00+00:00,2018-01-23,270.0,False,,,,,,,,,,,,,,True
2018-01-24 01:00:00+00:00,,,2018-01-24 05:30:00+00:00,2018-01-24,270.0,False,,,,,,,22.0,,,,,,,True
2018-01-25 01:00:00+00:00,,,2018-01-25 05:30:00+00:00,2018-01-25,270.0,False,59.0,,,,,,,,,,,,,True
2018-01-26 01:00:00+00:00,,,2018-01-26 05:30:00+00:00,2018-01-26,270.0,False,,58.0,,,,,,,,,,,,True
2018-01-29 01:00:00+00:00,,,2018-01-29 05:30:00+00:00,2018-01-29,270.0,False,,,,,,,,,,,,,,True
2018-01-30 01:00:00+00:00,,,2018-01-30 05:30:00+00:00,2018-01-30,270.0,False,,,,,,,,,,,,,,True
2018-01-31 01:00:00+00:00,,,2018-01-31 05:30:00+00:00,2018-01-31,270.0,False,,,,,,,,,,,,,,True
2018-02-01 01:00:00+00:00,,,2018-02-01 05:30:00+00:00,2018-02-01,270.0,False,,,,,,,,,,,,,,True
2018-02-02 01:00:00+00:00,,,2018-02-02 05:30:00+00:00,2018-02-02,270.0,False,,,,,,,,,,,,,,True
2018-02-05 01:00:00+00:00,,,2018-02-05 05:30:00+00:00,2018-02-05,270.0,False,,,,,,,,,,,,,,True
2018-02-06 01:00:00+00:00,,,2018-02-06 05:30:00+00:00,2018-02-06,270.0,False,,,,,10404.0,10404.0,,,,,,,,True
2018-02-07 01:00:00+00:00,,,2018-02-07 05:30:00+00:00,2018-02-07,270.0,False,,,,,,,,,,,,,,True
2018-02-08 01:00:00+00:00,,,2018-02-08 05:30:00+00:00,2018-02-08,270.0,False,,,,,,,,,,,,,,True
2018-02-09 01:00:00+00:00,,,2018-02-09 05:30:00+00:00,2018-02-09,270.0,False,55.0,55.0,,,,,,,,,0.0,,,True
2018-02-12 01:00:00+00:00,,,2018-02-12 05:30:00+00:00,2018-02-12,270.0,False,,,,,,,,,,,,,,True
2018-02-21 01:00:00+00:00,,,2018-02-21 05:30:00+00:00,2018-02-21,270.0,False,,,,,,,,,,,,,,True
2018-02-22 01:00:00+00:00,,,2018-02-22 05:30:00+00:00,2018-02-22,270.0,False,,,,,,,,,,,,,,True
2018-02-23 01:00:00+00:00,,,2018-02-23 05:30:00+00:00,2018-02-23,270.0,False,,,,,,,,,,,,,,True
2018-02-26 01:00:00+00:00,,,2018-02-26 05:30:00+00:00,2018-02-26,270.0,False,,,,,,,,,,,,,,True
2018-02-27 01:00:00+00:00,,,2018-02-27 05:30:00+00:00,2018-02-27,270.0,False,,,,,,,,,,,,,,True
2018-03-01 01:00:00+00:00,,,2018-03-01 05:30:00+00:00,2018-03-01,270.0,False,,,,,,,,,,,,,,True
2018-03-02 01:00:00+00:00,,,2018-03-02 05:30:00+00:00,2018-03-02,270.0,False,,,,,,,,,,,,,,True
2018-03-05 01:00:00+00:00,,,2018-03-05 05:30:00+00:00,2018-03-05,270.0,False,,,,,,,,,,,,,,True
2018-03-06 01:00:00+00:00,,,2018-03-06 05:30:00+00:00,2018-03-06,270.0,False,,,,,,,,,,,,,,True
2018-03-07 01:00:00+00:00,,,2018-03-07 05:30:00+00:00,2018-03-07,270.0,False,,,,,,,,,,,,,,True
2018-03-08 01:00:00+00:00,,,2018-03-08 05:30:00+00:00,2018-03-08,270.0,False,,,,,,,,,,,,,,True
2018-03-09 01:00:00+00:00,,,2018-03-09 05:30:00+00:00,2018-03-09,270.0,False,,,,,,,,,,,,,,True
2018-03-12 01:00:00+00:00,,,2018-03-12 05:30:00+00:00,2018-03-12,270.0,False,,,,,,,,,,,,,,True
2018-03-13 01:00:00+00:00,,,2018-03-13 05:30:00+00:00,2018-03-13,270.0,False,,,,,,,,,,,,,,True
2018-03-14 01:00:00+00:00,,,2018-03-14 05:30:00+00:00,2018-03-14,270.0,False,,,,,,,,,,,,,,True
2018-03-15 01:00:00+00:00,,,2018-03-15 05:30:00+00:00,2018-03-15,270.0,False,,,,,,,21.0,,,,,,,True
2018-03-16 01:00:00+00:00,,,2018-03-16 05:30:00+00:00,2018-03-16,270.0,False,,,,,,,21.0,,,,,,,True
2018-03-19 01:00:00+00:00,,,2018-03-19 05:30:00+00:00,2018-03-19,270.0,False,,,,,,,,,,,,,,True
2018-03-20 01:00:00+00:00,,,2018-03-20 05:30:00+00:00,2018-03-20,270.0,False,,,,,,,,,,,,,,True
2018-03-21 01:00:00+00:00,,,2018-03-21 05:30:00+00:00,2018-03-21,270.0,False,,,,,,,,,,,,,,True
2018-03-22 01:00:00+00:00,,,2018-03-22 05:30:00+00:00,2018-03-22,270.0,False,,,,,,,21.0,,,,,,,True
2018-03-23 01:00:00+00:00,,,2018-03-23 05:30:00+00:00,2018-03-23,270.0,False,,,,,,,,,,,,,,True
2018-03-26 01:00:00+00:00,,,2018-03-26 05:30:00+00:00,2018-03-26,270.0,False,,,,,,,,,,,,,,True
2018-03-27 01:00:00+00:00,,,2018-03-27 05:30:00+00:00,2018-03-27,270.0,False,,,,,,,,,,,,,,True
2018-03-28 01:00:00+00:00,,,2018-03-28 05:30:00+00:00,2018-03-28,270.0,False,,,,,,,,,,,,,,True
2018-03-29 01:00:00+00:00,,,2018-03-29 05:30:00+00:00,2018-03-29,270.0,False,,,,,,,,,,,,,,True
2018-03-30 01:00:00+00:00,,,2018-03-30 05:30:00+00:00,2018-03-30,270.0,False,,,,,,,,,,,,,,True
2018-04-02 01:00:00+00:00,,,2018-04-02 05:30:00+00:00,2018-04-02,270.0,False,,,,,,,,,,,,,,True
2018-04-03 01:00:00+00:00,,,2018-04-03 05:30:00+00:00,2018-04-03,270.0,False,,,,,,,,,,,,,,True
2018-04-09 01:00:00+00:00,,,2018-04-09 05:30:00+00:00,2018-04-09,270.0,False,,,,,,,,,,,,,,True
2018-04-10 01:00:00+00:00,,,2018-04-10 05:30:00+00:00,2018-04-10,270.0,False,,57.0,,,,,,,,,,,,True
2018-04-11 01:00:00+00:00,,,2018-04-11 05:30:00+00:00,2018-04-11,270.0,False,,,,,,,,,,,,,,True
2018-04-12 01:00:00+00:00,,,2018-04-12 05:30:00+00:00,2018-04-12,270.0,False,57.0,,,,,,,,,,,,,True
2018-04-13 01:00:00+00:00,,,2018-04-13 05:30:00+00:00,2018-04-13,270.0,False,,,,,,,,,,,,,,True
2018-04-16 01:00:00+00:00,,,2018-04-16 05:30:00+00:00,2018-04-16,270.0,False,,,,,,,,,,,,,,True
2018-04-17 01:00:00+00:00,,,2018-04-17 05:30:00+00:00,2018-04-17,270.0,False,,,,,,,,,,,,,,True
2018-04-18 01:00:00+00:00,,,2018-04-18 05:30:00+00:00,2018-04-18,270.0,False,,,,,,,,,,,,,,True
2018-04-19 01:00:00+00:00,,,2018-04-19 05:30:00+00:00,2018-04-19,270.0,False,,,,,,,,,,,,,,True
2018-04-20 01:00:00+00:00,,,2018-04-20 05:30:00+00:00,2018-04-20,270.0,False,,,,,,,,,,,,,,True
2018-04-23 01:00:00+00:00,,,2018-04-23 05:30:00+00:00,2018-04-23,270.0,False,,,,,,,,,,,,,,True
2018-04-24 01:00:00+00:00,,,2018-04-24 05:30:00+00:00,2018-04-24,270.0,False,,,,,,,,,,,,,,True
2018-04-25 01:00:00+00:00,,,2018-04-25 05:30:00+00:00,2018-04-25,270.0,False,54.0,,,,,,,,,,,,,True
2018-04-26 01:00:00+00:00,,,2018-04-26 05:30:00+00:00,2018-04-26,270.0,False,,,,,,,,,,,,,,True
2018-04-27 01:00:00+00:00,,,2018-04-27 05:30:00+00:00,2018-04-27,270.0,False,,,,,,,,,,,,,,True
2018-04-30 01:00:00+00:00,,,2018-04-30 05:30:00+00:00,2018-04-30,270.0,False,,,,,,,,20.0,,,,,,True
2018-05-02 01:00:00+00:00,,,2018-05-02 05:30:00+00:00,2018-05-02,270.0,False,,,,,,,,,,,,,,True
2018-05-03 01:00:00+00:00,,,2018-05-03 05:30:00+00:00,2018-05-03,270.0,False,,,,,,,,,,,,,,True
2018-05-04 01:00:00+00:00,,,2018-05-04 05:30:00+00:00,2018-05-04,270.0,False,,,,,,,,,,,,,,True
2018-05-07 01:00:00+00:00,,,2018-05-07 05:30:00+00:00,2018-05-07,270.0,False,,51.0,,,,,,,,,,,,True
2018-05-08 01:00:00+00:00,,,2018-05-08 05:30:00+00:00,2018-05-08,270.0,False,,,,,,,,20.0,,,,,,True
2018-05-09 01:00:00+00:00,,,2018-05-09 05:30:00+00:00,2018-05-09,270.0,False,,,,,,,20.0,,,,,,,True
2018-05-10 01:00:00+00:00,,,2018-05-10 05:30:00+00:00,2018-05-10,270.0,False,,,,,,,,,,,,,,True
2018-05-11 01:00:00+00:00,,,2018-05-11 05:30:00+00:00,2018-05-11,270.0,False,,53.0,,,,,,,,,,,,True
2018-05-14 01:00:00+00:00,,,2018-05-14 05:30:00+00:00,2018-05-14,270.0,False,53.0,,,,,,,,,0.0,,,,True
2018-05-15 01:00:00+00:00,,,2018-05-15 05:30:00+00:00,2018-05-15,270.0,False,,,,,,,,,,,,,,True
2018-05-16 01:00:00+00:00,,,2018-05-16 05:30:00+00:00,2018-05-16,270.0,False,,,,,,,,,,,,,,True
2018-05-17 01:00:00+00:00,,,2018-05-17 05:30:00+00:00,2018-05-17,270.0,False,,52.0,,,,,,,,,,,,True
2018-05-18 01:00:00+00:00,,,2018-05-18 05:30:00+00:00,2018-05-18,270.0,False,,,,,,,,,,,,,,True
2018-05-21 01:00:00+00:00,,,2018-05-21 05:30:00+00:00,2018-05-21,270.0,False,,,,,,,,,,,,,,True
2018-05-22 01:00:00+00:00,,,2018-05-22 05:30:00+00:00,2018-05-22,270.0,False,,,,,,,,,,,,,,True
2018-05-23 01:00:00+00:00,,,2018-05-23 05:30:00+00:00,2018-05-23,270.0,False,,,,,,,,,,,,,,True
2018-05-24 01:00:00+00:00,,,2018-05-24 05:30:00+00:00,2018-05-24,270.0,False,,,,,,,,,,,,,,True
2018-05-25 01:00:00+00:00,,,2018-05-25 05:30:00+00:00,2018-05-25,270.0,False,,,,,,,,,,,,,,True
2018-05-28 01:00:00+00:00,,,2018-05-28 05:30:00+00:00,2018-05-28,270.0,False,,,,,,,,,,,,,,True
2018-05-29 01:00:00+00:00,,,2018-05-29 05:30:00+00:00,2018-05-29,270.0,False,52.0,,,,,,,,,,,,,True
2018-05-30 01:00:00+00:00,,,2018-05-30 05:30:00+00:00,2018-05-30,270.0,False,,,,,,,,,,,,,,True
2018-05-31 01:00:00+00:00,,,2018-05-31 05:30:00+00:00,2018-05-31,270.0,False,,,,,,,,,,,,,,True
2018-06-01 01:00:00+00:00,,,2018-06-01 05:30:00+00:00,2018-06-01,270.0,False,,,,,,,,,,,,,,True
2018-06-04 01:00:00+00:00,,,2018-06-04 05:30:00+00:00,2018-06-04,270.0,False,52.0,,,,,,,,,,,,,True
2018-06-05 01:00:00+00:00,,,2018-06-05 05:30:00+00:00,2018-06-05,270.0,False,,,,,,,,,,,,,,True
2018-06-06 01:00:00+00:00,,,2018-06-06 05:30:00+00:00,2018-06-06,270.0,False,,,,,,,,,,,,,,True
2018-06-07 01:00:00+00:00,,,2018-06-07 05:30:00+00:00,2018-06-07,270.0,False,,,,,,,,,,,,,,True
2018-06-08 01:00:00+00:00,,,2018-06-08 05:30:00+00:00,2018-06-08,270.0,False,,,,,,,,,,,,,,True
2018-06-11 01:00:00+00:00,,,2018-06-11 05:30:00+00:00,2018-06-11,270.0,False,,,,,,,,,,,,,,True
2018-06-12 01:00:00+00:00,,,2018-06-12 05:30:00+00:00,2018-06-12,270.0,False,,,,,,,,,,,,,,True
2018-06-13 01:00:00+00:00,,,2018-06-13 05:30:00+00:00,2018-06-13,270.0,False,,,,,,,,,,,,,,True
2018-06-14 01:00:00+00:00,,,2018-06-14 05:30:00+00:00,2018-06-14,270.0,False,,,,,,,,,,,,,,True
2018-06-15 01:00:00+00:00,,,2018-06-15 05:30:00+00:00,2018-06-15,270.0,False,,,,,,,,,,,,,,True
2018-06-19 01:00:00+00:00,,,2018-06-19 05:30:00+00:00,2018-06-19,270.0,False,,,,,,,,,,,,,,True
2018-06-20 01:00:00+00:00,,,2018-06-20 05:30:00+00:00,2018-06-20,270.0,False,51.0,,,,,,,,,,,,,True
2018-06-21 01:00:00+00:00,,,2018-06-21 05:30:00+00:00,2018-06-21,270.0,False,,,,,,,,,,,,,,True
2018-06-22 01:00:00+00:00,,,2018-06-22 05:30:00+00:00,2018-06-22,270.0,False,51.0,,,,,,,,,,,,,True
2018-06-25 01:00:00+00:00,,,2018-06-25 05:30:00+00:00,2018-06-25,270.0,False,,,,,,,,,,,,,,True
2018-06-26 01:00:00+00:00,,,2018-06-26 05:30:00+00:00,2018-06-26,270.0,False,,,,,,,,,,,,,,True
2018-06-27 01:00:00+00:00,,,2018-06-27 05:30:00+00:00,2018-06-27,270.0,False,,,,,,,,,,,,,,True
2018-06-28 01:00:00+00:00,,,2018-06-28 05:30:00+00:00,2018-06-28,270.0,False,,,,,,,,,,,,,,True
2018-06-29 01:00:00+00:00,,,2018-06-29 05:30:00+00:00,2018-06-29,270.0,False,,,,,,,,,,,,,,True
2018-07-02 01:00:00+00:00,,,2018-07-02 05:30:00+00:00,2018-07-02,270.0,False,,,,,,,,,,,,,,True
2018-07-03 01:00:00+00:00,,,2018-07-03 05:30:00+00:00,2018-07-03,270.0,False,,,,,,,,,,,,,,True
2018-07-04 01:00:00+00:00,,,2018-07-04 05:30:00+00:00,2018-07-04,270.0,False,,50.0,,,,,,,,,,,,True
2018-07-05 01:00:00+00:00,,,2018-07-05 05:30:00+00:00,2018-07-05,270.0,False,,,,,,,,,,,,,,True
2018-07-06 01:00:00+00:00,,,2018-07-06 05:30:00+00:00,2018-07-06,270.0,False,,,,,,,,,,,,,,True
2018-07-09 01:00:00+00:00,,,2018-07-09 05:30:00+00:00,2018-07-09,270.0,False,,,,,,,,,,,,,,True
2018-07-10 01:00:00+00:00,,,2018-07-10 05:30:00+00:00,2018-07-10,270.0,False,51.0,,,,,,,,,,,,,True
2018-07-11 01:00:00+00:00,,,2018-07-11 05:30:00+00:00,2018-07-11,270.0,False,,,,,,,,,,,,,,True
2018-07-12 01:00:00+00:00,,,2018-07-12 05:30:00+00:00,2018-07-12,270.0,False,,,,,,,,,,,,,,True
2018-07-13 01:00:00+00:00,,,2018-07-13 05:30:00+00:00,2018-07-13,270.0,False,,,,,,,,,,,,,,True
2018-07-16 01:00:00+00:00,,,2018-07-16 05:30:00+00:00,2018-07-16,270.0,False,,,,,,,,,,,,,,True
2018-07-17 01:00:00+00:00,,,2018-07-17 05:30:00+00:00,2018-07-17,270.0,False,,,,,,,,,,,,,,True
2018-07-18 01:00:00+00:00,,,2018-07-18 05:30:00+00:00,2018-07-18,270.0,False,,,,,,,,,,,,,,True
2018-07-19 01:00:00+00:00,,,2018-07-19 05:30:00+00:00,2018-07-19,270.0,False,,52.0,,,,,,,,,,,,True
2018-07-20 01:00:00+00:00,,,2018-07-20 05:30:00+00:00,2018-07-20,270.0,False,,,,,,,21.0,,,,,,,True
2018-07-23 01:00:00+00:00,,,2018-07-23 05:30:00+00:00,2018-07-23,270.0,False,,,,,,,,,,,,,,True
2018-07-24 01:00:00+00:00,,,2018-07-24 05:30:00+00:00,2018-07-24,270.0,False,,,,,,,,,,,,,,True
2018-07-25 01:00:00+00:00,,,2018-07-25 05:30:00+00:00,2018-07-25,270.0,False,,,,,,,,,,,,,,True
2018-07-26 01:00:00+00:00,,,2018-07-26 05:30:00+00:00,2018-07-26,270.0,False,,54.0,,,,,,,,,,,,True
2018-07-27 01:00:00+00:00,,,2018-07-27 05:30:00+00:00,2018-07-27,270.0,False,,,,,,,,,,,,,,True
2018-07-30 01:00:00+00:00,,,2018-07-30 05:30:00+00:00,2018-07-30,270.0,False,,,,,,,,,,,,,,True
2018-07-31 01:00:00+00:00,,,2018-07-31 05:30:00+00:00,2018-07-31,270.0,False,,,,,,,,,,,,,,True
2018-08-01 01:00:00+00:00,,,2018-08-01 05:30:00+00:00,2018-08-01,270.0,False,,,,,,,,,,,,,,True
2018-08-02 01:00:00+00:00,,,2018-08-02 05:30:00+00:00,2018-08-02,270.0,False,,,,,,,,,,,,,,True
2018-08-03 01:00:00+00:00,,,2018-08-03 05:30:00+00:00,2018-08-03,270.0,False,,55.0,,,,,,,,,,,,True
2018-08-06 01:00:00+00:00,,,2018-08-06 05:30:00+00:00,2018-08-06,270.0,False,,,,,,,,,,,,,,True
2018-08-07 01:00:00+00:00,,,2018-08-07 05:30:00+00:00,2018-08-07,270.0,False,55.0,,,,,,,,,,,,,True
2018-08-08 01:00:00+00:00,,,2018-08-08 05:30:00+00:00,2018-08-08,270.0,False,,,,,,,,,,,,,,True
2018-08-09 01:00:00+00:00,,,2018-08-09 05:30:00+00:00,2018-08-09,270.0,False,55.0,,,,,,,,,,,,,True
2018-08-10 01:00:00+00:00,,,2018-08-10 05:30:00+00:00,2018-08-10,270.0,False,,,,,,,,,,,,,,True
2018-08-13 01:00:00+00:00,,,2018-08-13 05:30:00+00:00,2018-08-13,270.0,False,,,,,,,,,,,,,,True
2018-08-14 01:00:00+00:00,,,2018-08-14 05:30:00+00:00,2018-08-14,270.0,False,,,,,,,,,,,,,,True
2018-08-15 01:00:00+00:00,,,2018-08-15 05:30:00+00:00,2018-08-15,270.0,False,,,,,,,,,,,,,,True
2018-08-16 01:00:00+00:00,,,2018-08-16 05:30:00+00:00,2018-08-16,270.0,False,,53.0,,,,,,,,,,,,True
2018-08-17 01:00:00+00:00,,,2018-08-17 05:30:00+00:00,2018-08-17,270.0,False,,,,,,,,,,,,,,True
2018-08-20 01:00:00+00:00,,,2018-08-20 05:30:00+00:00,2018-08-20,270.0,False,,,,,,,,,,,,,,True
2018-08-21 01:00:00+00:00,,,2018-08-21 05:30:00+00:00,2018-08-21,270.0,False,,,,,,,,,,,,,,True
2018-08-22 01:00:00+00:00,,,2018-08-22 05:30:00+00:00,2018-08-22,270.0,False,,,,,,,,,,,,,,True
2018-08-23 01:00:00+00:00,,,2018-08-23 05:30:00+00:00,2018-08-23,270.0,False,,,,,,,,,,,,,,True
2018-08-24 01:00:00+00:00,,,2018-08-24 05:30:00+00:00,2018-08-24,270.0,False,,,,,,,,,,,,,,True
2018-08-27 01:00:00+00:00,,,2018-08-27 05:30:00+00:00,2018-08-27,270.0,False,,,,,,,,,,,,,,True
2018-08-28 01:00:00+00:00,,,2018-08-28 05:30:00+00:00,2018-08-28,270.0,False,,,,,,,,,,,,,,True
2018-08-29 01:00:00+00:00,,,2018-08-29 05:30:00+00:00,2018-08-29,270.0,False,,,,,,,,,,,,,,True
2018-08-30 01:00:00+00:00,,,2018-08-30 05:30:00+00:00,2018-08-30,270.0,False,,,,,,,,,,,,,,True
2018-08-31 01:00:00+00:00,,,2018-08-31 05:30:00+00:00,2018-08-31,270.0,False,,,,,,,,,,,,,,True
2018-09-03 01:00:00+00:00,,,2018-09-03 05:30:00+00:00,2018-09-03,270.0,False,,,,,,,,,,,,,,True
2018-09-04 01:00:00+00:00,,,2018-09-04 05:30:00+00:00,2018-09-04,270.0,False,,,,,,,,,,,,,,True
2018-09-05 01:00:00+00:00,,,2018-09-05 05:30:00+00:00,2018-09-05,270.0,False,,,,,,,,,,,,,,True
2018-09-06 01:00:00+00:00,,,2018-09-06 05:30:00+00:00,2018-09-06,270.0,False,,,,,,,,,,,,,,True
2018-09-07 01:00:00+00:00,,,2018-09-07 05:30:00+00:00,2018-09-07,270.0,False,,56.0,,,,,,,,,,,,True
2018-09-10 01:00:00+00:00,,,2018-09-10 05:30:00+00:00,2018-09-10,270.0,False,,,,,,,,,,,,,,True
2018-09-11 01:00:00+00:00,,,2018-09-11 05:30:00+00:00,2018-09-11,270.0,False,,,,10723.0,,,,,,,,,,True
2018-09-12 01:00:00+00:00,,,2018-09-12 05:30:00+00:00,2018-09-12,270.0,False,,,,,,,,,,,,,,True
2018-09-13 01:00:00+00:00,,,2018-09-13 05:30:00+00:00,2018-09-13,270.0,False,,,,,,,,,,,,,,True
2018-09-14 01:00:00+00:00,,,2018-09-14 05:30:00+00:00,2018-09-14,270.0,False,,,,,,,,,,,,,,True
2018-09-17 01:00:00+00:00,,,2018-09-17 05:30:00+00:00,2018-09-17,270.0,False,,,,,,,,,,,,,,True
2018-09-18 01:00:00+00:00,,,2018-09-18 05:30:00+00:00,2018-09-18,270.0,False,,,,,,,,,,,,,,True
2018-09-19 01:00:00+00:00,,,2018-09-19 05:30:00+00:00,2018-09-19,270.0,False,,,,,,,,,,,,,,True
2018-09-20 01:00:00+00:00,,,2018-09-20 05:30:00+00:00,2018-09-20,270.0,False,,,,,,,,,,,,,,True
2018-09-21 01:00:00+00:00,,,2018-09-21 05:30:00+00:00,2018-09-21,270.0,False,,,,,,,,,,,,,,True
2018-09-25 01:00:00+00:00,,,2018-09-25 05:30:00+00:00,2018-09-25,270.0,False,,,,,,,,,,,,,,True
2018-09-26 01:00:00+00:00,,,2018-09-26 05:30:00+00:00,2018-09-26,270.0,False,,,,,,,,,,,,,,True
2018-09-27 01:00:00+00:00,,,2018-09-27 05:30:00+00:00,2018-09-27,270.0,False,,,,,,,,,,,,,,True
2018-09-28 01:00:00+00:00,,,2018-09-28 05:30:00+00:00,2018-09-28,270.0,False,,,,,,,,,,,,,,True
2018-10-01 01:00:00+00:00,,,2018-10-01 05:30:00+00:00,2018-10-01,270.0,False,,,,,,,,,,,,,,True
2018-10-02 01:00:00+00:00,,,2018-10-02 05:30:00+00:00,2018-10-02,270.0,False,,,,,,,,,,,,,,True
2018-10-03 01:00:00+00:00,,,2018-10-03 05:30:00+00:00,2018-10-03,270.0,False,,,,,,,,,,,,,,True
2018-10-04 01:00:00+00:00,,,2018-10-04 05:30:00+00:00,2018-10-04,270.0,False,,,,,,,,,,,,,,True
2018-10-05 01:00:00+00:00,,,2018-10-05 05:30:00+00:00,2018-10-05,270.0,False,,,,,,,,,,,,,,True
2018-10-08 01:00:00+00:00,,,2018-10-08 05:30:00+00:00,2018-10-08,270.0,False,,,,,,,,,,,,,,True
2018-10-09 01:00:00+00:00,,,2018-10-09 05:30:00+00:00,2018-10-09,270.0,False,,,,,,,,,,,,,,True
2018-10-11 01:00:00+00:00,,,2018-10-11 05:30:00+00:00,2018-10-11,270.0,False,,,,,,,,,,,,,,True
2018-10-12 01:00:00+00:00,,,2018-10-12 05:30:00+00:00,2018-10-12,270.0,False,,,,,,,,,,,,,,True
2018-10-15 01:00:00+00:00,,,2018-10-15 05:30:00+00:00,2018-10-15,270.0,False,,,,,,,,,,,,,,True
2018-10-16 01:00:00+00:00,,,2018-10-16 05:30:00+00:00,2018-10-16,270.0,False,,,,,,,,,,,,,,True
2018-10-17 01:00:00+00:00,,,2018-10-17 05:30:00+00:00,2018-10-17,270.0,False,,51.0,,,,,,,,,,,,True
2018-10-18 01:00:00+00:00,,,2018-10-18 05:30:00+00:00,2018-10-18,270.0,False,,,,,,,,,,,,,,True
2018-10-19 01:00:00+00:00,,,2018-10-19 05:30:00+00:00,2018-10-19,270.0,False,,,,,,,,,,,,,,True
2018-10-22 01:00:00+00:00,,,2018-10-22 05:30:00+00:00,2018-10-22,270.0,False,,,,,,,,,,,,,,True
2018-10-23 01:00:00+00:00,,,2018-10-23 05:30:00+00:00,2018-10-23,270.0,False,,,,,,,,,,,,,,True
2018-10-24 01:00:00+00:00,,,2018-10-24 05:30:00+00:00,2018-10-24,270.0,False,49.0,,,,,,,,,,,,,True
2018-10-25 01:00:00+00:00,,,2018-10-25 05:30:00+00:00,2018-10-25,270.0,False,,,,,,,,,,,,,,True
2018-10-26 01:00:00+00:00,,,2018-10-26 05:30:00+00:00,2018-10-26,270.0,False,,,,,,,,,,,,,,True
2018-10-29 01:00:00+00:00,,,2018-10-29 05:30:00+00:00,2018-10-29,270.0,False,,,,,,,,,,,,,,True
2018-10-30 01:00:00+00:00,,,2018-10-30 05:30:00+00:00,2018-10-30,270.0,False,,,,,,,,,,,,,,True
2018-10-31 01:00:00+00:00,,,2018-10-31 05:30:00+00:00,2018-10-31,270.0,False,,,,,,,,,,,,,,True
2018-11-01 01:00:00+00:00,,,2018-11-01 05:30:00+00:00,2018-11-01,270.0,False,,,,,,,,,,,,,,True
2018-11-02 01:00:00+00:00,,,2018-11-02 05:30:00+00:00,2018-11-02,270.0,False,,,,,,,,,,,,,,True
2018-11-05 01:00:00+00:00,,,2018-11-05 05:30:00+00:00,2018-11-05,270.0,False,,,,,,,,,,,,,,True
2018-11-06 01:00:00+00:00,,,2018-11-06 05:30:00+00:00,2018-11-06,270.0,False,,,,,,,,,,,,,,True
2018-11-07 01:00:00+00:00,,,2018-11-07 05:30:00+00:00,2018-11-07,270.0,False,,,,,,,,,,,,,,True
2018-11-08 01:00:00+00:00,,,2018-11-08 05:30:00+00:00,2018-11-08,270.0,False,,,,,,,,,,,,,,True
2018-11-09 01:00:00+00:00,,,2018-11-09 05:30:00+00:00,2018-11-09,270.0,False,,,,,,,,,,,,,,True
2018-11-12 01:00:00+00:00,,,2018-11-12 05:30:00+00:00,2018-11-12,270.0,False,,,,,,,,,,,,,,True
2018-11-13 01:00:00+00:00,,,2018-11-13 05:30:00+00:00,2018-11-13,270.0,False,,,,,,,,,,,,,,True
2018-11-14 01:00:00+00:00,,,2018-11-14 05:30:00+00:00,2018-11-14,270.0,False,,,,,,,,,,,,,,True
2018-11-15 01:00:00+00:00,,,2018-11-15 05:30:00+00:00,2018-11-15,270.0,False,,,,,,,,,,,,,,True
2018-11-16 01:00:00+00:00,,,2018-11-16 05:30:00+00:00,2018-11-16,270.0,False,,,,,,,,,,,,,,True
2018-11-19 01:00:00+00:00,,,2018-11-19 05:30:00+00:00,2018-11-19,270.0,False,,,,,,,,,,,,,,True
2018-11-20 01:00:00+00:00,,,2018-11-20 05:30:00+00:00,2018-11-20,270.0,False,,,,,,,,19.0,,,,,,True
2018-11-21 01:00:00+00:00,,,2018-11-21 05:30:00+00:00,2018-11-21,270.0,False,,,,,,,,19.0,,,,,,True
2018-11-22 01:00:00+00:00,,,2018-11-22 05:30:00+00:00,2018-11-22,270.0,False,,,,,,,,,,,,,,True
2018-11-23 01:00:00+00:00,,,2018-11-23 05:30:00+00:00,2018-11-23,270.0,False,,,,,,,,,,,,,,True
2018-11-26 01:00:00+00:00,,,2018-11-26 05:30:00+00:00,2018-11-26,270.0,False,,,,,,,,,,,,,,True
2018-11-27 01:00:00+00:00,,,2018-11-27 05:30:00+00:00,2018-11-27,270.0,False,,,,,,,,,,,,,,True
2018-11-28 01:00:00+00:00,,,2018-11-28 05:30:00+00:00,2018-11-28,270.0,False,,,,,,,,,,,,,,True
2018-11-29 01:00:00+00:00,,,2018-11-29 05:30:00+00:00,2018-11-29,270.0,False,,,,,,,,,,,,,,True
2018-11-30 01:00:00+00:00,,,2018-11-30 05:30:00+00:00,2018-11-30,270.0,False,,,,,,,,,,,,,,True
2018-12-03 01:00:00+00:00,,,2018-12-03 05:30:00+00:00,2018-12-03,270.0,False,,,,,,,,,,,,,,True
2018-12-04 01:00:00+00:00,,,2018-12-04 05:30:00+00:00,2018-12-04,270.0,False,,,,,,,,,,,,,,True
2018-12-05 01:00:00+00:00,,,2018-12-05 05:30:00+00:00,2018-12-05,270.0,False,,,,,,,,,,,,,,True
2018-12-06 01:00:00+00:00,,,2018-12-06 05:30:00+00:00,2018-12-06,270.0,False,,,,,,,,,,,,,,True
2018-12-07 01:00:00+00:00,,,2018-12-07 05:30:00+00:00,2018-12-07,270.0,False,,,,,,,,,,,,,,True
2018-12-10 01:00:00+00:00,,,2018-12-10 05:30:00+00:00,2018-12-10,270.0,False,,,,,,,,,,,,,,True
2018-12-11 01:00:00+00:00,,,2018-12-11 05:30:00+00:00,2018-12-11,270.0,False,,,,,,,,,,,,,,True
2018-12-12 01:00:00+00:00,,,2018-12-12 05:30:00+00:00,2018-12-12,270.0,False,,,,,,,,,,,,,,True
2018-12-13 01:00:00+00:00,,,2018-12-13 05:30:00+00:00,2018-12-13,270.0,False,,,,,,,,,,,,,,True
2018-12-14 01:00:00+00:00,,,2018-12-14 05:30:00+00:00,2018-12-14,270.0,False,,,,,,,,,,,,,,True
2018-12-17 01:00:00+00:00,,,2018-12-17 05:30:00+00:00,2018-12-17,270.0,False,,,,,,,,,,,,,,True
2018-12-18 01:00:00+00:00,,,2018-12-18 05:30:00+00:00,2018-12-18,270.0,False,,,,,,,,,,,,,,True
2018-12-19 01:00:00+00:00,,,2018-12-19 05:30:00+00:00,2018-12-19,270.0,False,,,,,,,,,,,,,,True
2018-12-20 01:00:00+00:00,,,2018-12-20 05:30:00+00:00,2018-12-20,270.0,False,,,,,,,,,,,,,,True
2018-12-21 01:00:00+00:00,,,2018-12-21 05:30:00+00:00,2018-12-21,270.0,False,,,,,,,,,,,,,,True
2018-12-24 01:00:00+00:00,,,2018-12-24 05:30:00+00:00,2018-12-24,270.0,False,,,,,,,,,,,,,,True
2018-12-25 01:00:00+00:00,,,2018-12-25 05:30:00+00:00,2018-12-25,270.0,False,,,,,,,,,,,,,,True
2018-12-26 01:00:00+00:00,,,2018-12-26 05:30:00+00:00,2018-12-26,270.0,False,,,,,,,,,,,,,,True
2018-12-27 01:00:00+00:00,,,2018-12-27 05:30:00+00:00,2018-12-27,270.0,False,,,,,,,,,,,,,,True
2018-12-28 01:00:00+00:00,,,2018-12-28 05:30:00+00:00,2018-12-28,270.0,False,,,,,,,,,,,,,,True
