feature_date,literal_target_end,literal_target_complete,literal_ic,literal_spread,literal_simple_spread,literal_turnover,literal_custo,literal_liquido,literal_simple_liquido,literal_w_XLB,literal_w_XLE,literal_w_XLF,literal_w_XLI,literal_w_XLK,literal_w_XLP,literal_w_XLU,literal_w_XLV,literal_w_XLY,literal_x_XLB,literal_x_XLE,literal_x_XLF,literal_x_XLI,literal_x_XLK,literal_x_XLP,literal_x_XLU,literal_x_XLV,literal_x_XLY,literal_y_XLB,literal_y_XLE,literal_y_XLF,literal_y_XLI,literal_y_XLK,literal_y_XLP,literal_y_XLU,literal_y_XLV,literal_y_XLY,spec_target_end,spec_target_complete,spec_ic,spec_spread,spec_simple_spread,spec_turnover,spec_custo,spec_liquido,spec_simple_liquido,spec_w_XLB,spec_w_XLE,spec_w_XLF,spec_w_XLI,spec_w_XLK,spec_w_XLP,spec_w_XLU,spec_w_XLV,spec_w_XLY,spec_x_XLB,spec_x_XLE,spec_x_XLF,spec_x_XLI,spec_x_XLK,spec_x_XLP,spec_x_XLU,spec_x_XLV,spec_x_XLY,spec_y_XLB,spec_y_XLE,spec_y_XLF,spec_y_XLI,spec_y_XLK,spec_y_XLP,spec_y_XLU,spec_y_XLV,spec_y_XLY,common_row_max_abs_difference
2019-03-29,2019-04-30,True,0.06666666666666667,-0.01518022313872944,-0.014790008891592633,2.0,0.002,-0.01718022313872944,-0.016790008891592635,0.0,0.0,0.3333333333333333,0.3333333333333333,-0.3333333333333333,-0.3333333333333333,0.0,0.3333333333333333,-0.3333333333333333,-0.003419308566670029,-0.006750017815728581,0.032871239083747256,0.025784678337119425,-0.022323831802028293,-0.025625415396757906,-0.009313148634613345,0.01612954352082014,-0.014439804157236499,0.03453181846068588,-0.00015133266156449135,0.08603885394629314,0.038948788754902874,0.06170493464360598,0.02811641504372818,0.009240222534580992,-0.027513953934932715,0.053193008495117454,2019-04-30,True,0.06666666666666667,-0.01518022313872944,-0.014790008891592633,2.0,0.002,-0.01718022313872944,-0.016790008891592635,0.0,0.0,0.3333333333333333,0.3333333333333333,-0.3333333333333333,-0.3333333333333333,0.0,0.3333333333333333,-0.3333333333333333,-0.003419308566670029,-0.006750017815728581,0.032871239083747256,0.025784678337119425,-0.022323831802028293,-0.025625415396757906,-0.009313148634613345,0.01612954352082014,-0.014439804157236499,0.03453181846068588,-0.00015133266156449135,0.08603885394629314,0.038948788754902874,0.06170493464360598,0.02811641504372818,0.009240222534580992,-0.027513953934932715,0.053193008495117454,0.0
2019-04-30,2019-05-31,True,0.18333333333333335,0.03205645762027437,0.031125375948703418,2.0,0.002,0.03005645762027437,0.029125375948703416,0.0,0.3333333333333333,-0.3333333333333333,0.0,-0.3333333333333333,0.0,0.3333333333333333,0.3333333333333333,-0.3333333333333333,-0.0035012072092885024,0.030094467278868074,-0.0575907330757052,-0.0017088833151074206,-0.005519436646856035,-0.00295134054542915,0.01050247995446978,0.06501273395089276,-0.00588960173040797,-0.08535128961606815,-0.11768853985137159,-0.07443755697025488,-0.07947651987851011,-0.09063306275810858,-0.03706724548141027,-0.00786583461296068,-0.022432239689465172,-0.0790853672862571,2019-05-31,True,0.18333333333333335,0.03205645762027437,0.031125375948703418,2.0,0.002,0.03005645762027437,0.029125375948703416,0.0,0.3333333333333333,-0.3333333333333333,0.0,-0.3333333333333333,0.0,0.3333333333333333,0.3333333333333333,-0.3333333333333333,-0.0035012072092885024,0.030094467278868074,-0.0575907330757052,-0.0017088833151074206,-0.005519436646856035,-0.00295134054542915,0.01050247995446978,0.06501273395089276,-0.00588960173040797,-0.08535128961606815,-0.11768853985137159,-0.07443755697025488,-0.07947651987851011,-0.09063306275810858,-0.03706724548141027,-0.00786583461296068,-0.022432239689465172,-0.0790853672862571,0.0
2019-05-31,2019-06-28,True,0.3666666666666667,0.01566103595949038,0.016366167577630136,3.3333333333333335,0.0033333333333333335,0.012327702626157046,0.013032834244296802,-0.3333333333333333,0.3333333333333333,0.0,0.3333333333333333,0.3333333333333333,0.0,-0.3333333333333333,-0.3333333333333333,0.0,0.00029602088981019355,0.018545490498382184,0.005056587681328925,0.007919731713108648,0.009289417956495918,0.006587936242489441,0.0015196609336287628,-0.030173473766577703,0.00516127496095515,0.10942594179176222,0.08979643381657634,0.06441705256425692,0.07622413013927709,0.08561156446933277,0.05087851306210537,0.031365934741058074,0.06385714401389475,0.07525528129875314,2019-06-28,True,0.3666666666666667,0.01566103595949038,0.016366167577630136,3.3333333333333335,0.0033333333333333335,0.012327702626157046,0.013032834244296802,-0.3333333333333333,0.3333333333333333,0.0,0.3333333333333333,0.3333333333333333,0.0,-0.3333333333333333,-0.3333333333333333,0.0,0.00029602088981019355,0.018545490498382184,0.005056587681328925,0.007919731713108648,0.009289417956495918,0.006587936242489441,0.0015196609336287628,-0.030173473766577703,0.00516127496095515,0.10942594179176222,0.08979643381657634,0.06441705256425692,0.07622413013927709,0.08561156446933277,0.05087851306210537,0.031365934741058074,0.06385714401389475,0.07525528129875314,0.0
2019-06-28,2019-07-31,True,0.7666666666666667,0.03008887598358176,0.030361199540830622,1.9999999999999998,0.0019999999999999996,0.02808887598358176,0.028361199540830623,-0.3333333333333333,-0.3333333333333333,0.0,0.0,0.3333333333333333,0.3333333333333333,-0.3333333333333333,0.0,0.3333333333333333,-0.05341741529737407,-0.03805333453505274,-0.003814964004393861,-0.009086149255645461,0.004588502424020656,0.0012741437443623423,-0.009849988465141072,-0.005960098656685359,-0.0021021927253356987,-0.002738878017281076,-0.01598005307834934,0.023277482860870707,0.005153133823419547,0.034383816303165525,0.023150301904041822,-0.0013425771705434337,-0.016324041427255687,0.012671001477364089,2019-07-31,True,0.7666666666666667,0.03008887598358176,0.030361199540830622,1.9999999999999998,0.0019999999999999996,0.02808887598358176,0.028361199540830623,-0.3333333333333333,-0.3333333333333333,0.0,0.0,0.3333333333333333,0.3333333333333333,-0.3333333333333333,0.0,0.3333333333333333,-0.05341741529737407,-0.03805333453505274,-0.003814964004393861,-0.009086149255645461,0.004588502424020656,0.0012741437443623423,-0.009849988465141072,-0.005960098656685359,-0.0021021927253356987,-0.002738878017281076,-0.01598005307834934,0.023277482860870707,0.005153133823419547,0.034383816303165525,0.023150301904041822,-0.0013425771705434337,-0.016324041427255687,0.012671001477364089,0.0
2019-07-31,2019-08-30,True,0.35,0.01907257556314845,0.01913319747064809,3.9999999999999996,0.003999999999999999,0.01507257556314845,0.015133197470648091,0.3333333333333333,0.0,-0.3333333333333333,0.0,-0.3333333333333333,-0.3333333333333333,0.3333333333333333,0.3333333333333333,0.0,0.010648262849985513,0.0028544956490424624,-0.008822656557685958,0.00043061013961309593,-0.009775960821952881,-0.004777026117967981,0.012998480473035935,0.027042037935060596,0.00318753308475812,-0.028690150975271334,-0.08692411872076626,-0.04822382348932877,-0.026828085185162165,-0.015471222759040055,0.021473916578579902,0.049629578820581645,-0.005942830825653874,-0.009488099500369577,2019-08-30,True,0.35,0.01907257556314845,0.01913319747064809,3.9999999999999996,0.003999999999999999,0.01507257556314845,0.015133197470648091,0.3333333333333333,0.0,-0.3333333333333333,0.0,-0.3333333333333333,-0.3333333333333333,0.3333333333333333,0.3333333333333333,0.0,0.010648262849985513,0.0028544956490424624,-0.008822656557685958,0.00043061013961309593,-0.009775960821952881,-0.004777026117967981,0.012998480473035935,0.027042037935060596,0.00318753308475812,-0.028690150975271334,-0.08692411872076626,-0.04822382348932877,-0.026828085185162165,-0.015471222759040055,0.021473916578579902,0.049629578820581645,-0.005942830825653874,-0.009488099500369577,0.0
2019-08-30,2019-09-30,True,0.2833333333333333,0.014226339056763225,0.014606313866569237,2.6666666666666665,0.0026666666666666666,0.01155967239009656,0.011939647199902571,0.3333333333333333,0.3333333333333333,0.3333333333333333,0.0,0.0,-0.3333333333333333,-0.3333333333333333,0.0,-0.3333333333333333,0.010351800969512588,0.03460486313051933,0.012680307331406538,-0.0044365081958440584,0.0016661537987792351,-0.019496964029089833,-0.02704183789472567,-0.0010945312591842382,-0.01256001448115774,0.03130271613373539,0.03858849657980764,0.04441999270934796,0.029669491519914482,0.015606262787176136,0.017360985777731295,0.04163699675585558,-0.001056487891168096,0.012634205719014416,2019-09-30,True,0.2833333333333333,0.014226339056763225,0.014606313866569237,2.6666666666666665,0.0026666666666666666,0.01155967239009656,0.011939647199902571,0.3333333333333333,0.3333333333333333,0.3333333333333333,0.0,0.0,-0.3333333333333333,-0.3333333333333333,0.0,-0.3333333333333333,0.010351800969512588,0.03460486313051933,0.012680307331406538,-0.0044365081958440584,0.0016661537987792351,-0.019496964029089833,-0.02704183789472567,-0.0010945312591842382,-0.01256001448115774,0.03130271613373539,0.03858849657980764,0.04441999270934796,0.029669491519914482,0.015606262787176136,0.017360985777731295,0.04163699675585558,-0.001056487891168096,0.012634205719014416,0.0
2019-09-30,2019-10-31,True,0.5,0.028709760957344534,0.029203893144723617,3.9999999999999996,0.003999999999999999,0.024709760957344534,0.025203893144723617,-0.3333333333333333,-0.3333333333333333,-0.3333333333333333,0.0,0.3333333333333333,0.0,0.0,0.3333333333333333,0.3333333333333333,-0.024858219610617367,-0.03809917475434509,-0.03315749349118087,-0.017171433021528675,0.012632037381874354,0.0040809643778613,-0.0217283446749211,0.012203561901906294,0.014376933722029243,-0.00017194314095773586,-0.021168460441449814,0.024692748246968384,0.011272161942982554,0.03825065634830284,-0.0042420384331005034,-0.007597364186573596,0.04998907248406265,0.001241898704228959,2019-10-31,True,0.5,0.028709760957344534,0.029203893144723617,3.9999999999999996,0.003999999999999999,0.024709760957344534,0.025203893144723617,-0.3333333333333333,-0.3333333333333333,-0.3333333333333333,0.0,0.3333333333333333,0.0,0.0,0.3333333333333333,0.3333333333333333,-0.024858219610617367,-0.03809917475434509,-0.03315749349118087,-0.017171433021528675,0.012632037381874354,0.0040809643778613,-0.0217283446749211,0.012203561901906294,0.014376933722029243,-0.00017194314095773586,-0.021168460441449814,0.024692748246968384,0.011272161942982554,0.03825065634830284,-0.0042420384331005034,-0.007597364186573596,0.04998907248406265,0.001241898704228959,0.0
2019-10-31,2019-11-29,True,-0.7666666666666667,-0.0447144029960555,-0.04573789044169843,2.6666666666666665,0.0026666666666666666,-0.04738106966272217,-0.048404557108365096,0.0,0.0,-0.3333333333333333,-0.3333333333333333,0.0,0.3333333333333333,0.3333333333333333,-0.3333333333333333,0.3333333333333333,0.006104581561260203,0.0029303333343015515,-0.017803173237173654,-0.0036724723892710993,0.005925678517484322,0.018567583444967575,0.019635258775938687,-0.03531208253812522,0.030285138116471426,0.031297783874152885,0.01591829464304162,0.0492877385410141,0.0439807279017615,0.052273048437662756,0.013641230805187268,-0.01885342045182505,0.04881515525712596,0.013152602358372826,2019-11-29,True,-0.7666666666666667,-0.0447144029960555,-0.04573789044169843,2.6666666666666665,0.0026666666666666666,-0.04738106966272217,-0.048404557108365096,0.0,0.0,-0.3333333333333333,-0.3333333333333333,0.0,0.3333333333333333,0.3333333333333333,-0.3333333333333333,0.3333333333333333,0.006104581561260203,0.0029303333343015515,-0.017803173237173654,-0.0036724723892710993,0.005925678517484322,0.018567583444967575,0.019635258775938687,-0.03531208253812522,0.030285138116471426,0.031297783874152885,0.01591829464304162,0.0492877385410141,0.0439807279017615,0.052273048437662756,0.013641230805187268,-0.01885342045182505,0.04881515525712596,0.013152602358372826,0.0
2019-11-29,2019-12-31,True,-0.15,-0.006248743918429691,-0.006462433437439907,0.6666666666666666,0.0006666666666666666,-0.006915410585096358,-0.007129100104106574,0.0,0.0,-0.3333333333333333,0.0,-0.3333333333333333,0.3333333333333333,0.3333333333333333,-0.3333333333333333,0.3333333333333333,0.009484465481922024,0.0031093406383273627,-0.013189724784879175,0.0015164368114999717,-0.003242502155211758,0.009796429746822686,0.03353079791650526,-0.02384209369581817,0.02601194053974913,0.02822195286532285,0.05851623009678585,0.025757977530204923,-0.0020131809298015208,0.0422986496496857,0.023840677631885257,0.03237555081929111,0.03416265102051334,0.027256817993938528,2019-12-31,True,-0.15,-0.006248743918429691,-0.006462433437439907,0.6666666666666666,0.0006666666666666666,-0.006915410585096358,-0.007129100104106574,0.0,0.0,-0.3333333333333333,0.0,-0.3333333333333333,0.3333333333333333,0.3333333333333333,-0.3333333333333333,0.3333333333333333,0.009484465481922024,0.0031093406383273627,-0.013189724784879175,0.0015164368114999717,-0.003242502155211758,0.009796429746822686,0.03353079791650526,-0.02384209369581817,0.02601194053974913,0.02822195286532285,0.05851623009678585,0.025757977530204923,-0.0020131809298015208,0.0422986496496857,0.023840677631885257,0.03237555081929111,0.03416265102051334,0.027256817993938528,0.0
2019-12-31,2020-01-31,True,0.21666666666666667,0.015332307559208908,0.012433942214802422,2.6666666666666665,0.0026666666666666666,0.012665640892542242,0.009767275548135756,0.0,-0.3333333333333333,0.3333333333333333,0.3333333333333333,0.0,0.0,-0.3333333333333333,-0.3333333333333333,0.3333333333333333,-0.0035188155302008817,-0.04549672192447991,0.003818062099485371,0.030453923166368507,-0.0005831169567984023,-0.0019179736745139992,-0.014181597414585351,-0.01317676711827482,0.0004685602565615073,-0.06369233253264886,-0.11645153853891865,-0.027002009853722055,-0.004428546828241158,0.03914941975905895,0.0031707226394472356,0.06529266399809636,-0.02706618710625016,-0.0007975822874824955,2020-01-31,True,0.21666666666666667,0.015332307559208908,0.012433942214802422,2.6666666666666665,0.0026666666666666666,0.012665640892542242,0.009767275548135756,0.0,-0.3333333333333333,0.3333333333333333,0.3333333333333333,0.0,0.0,-0.3333333333333333,-0.3333333333333333,0.3333333333333333,-0.0035188155302008817,-0.04549672192447991,0.003818062099485371,0.030453923166368507,-0.0005831169567984023,-0.0019179736745139992,-0.014181597414585351,-0.01317676711827482,0.0004685602565615073,-0.06369233253264886,-0.11645153853891865,-0.027002009853722055,-0.004428546828241158,0.03914941975905895,0.0031707226394472356,0.06529266399809636,-0.02706618710625016,-0.0007975822874824955,0.0
2020-01-31,2020-02-28,True,-0.3,-0.021585926176844697,-0.018877492494860648,3.333333333333333,0.003333333333333333,-0.02491925951017803,-0.022210825828193982,0.3333333333333333,0.3333333333333333,0.0,0.0,-0.3333333333333333,0.0,-0.3333333333333333,0.3333333333333333,-0.3333333333333333,0.056235523217296635,0.09520978192788673,0.02205956606653435,0.00045764294774473325,-0.03243538727220402,0.004270891769161109,-0.04828609889043214,0.024648278262927065,-0.003849652753631475,-0.08904810890992698,-0.16591514981647754,-0.11932803457042233,-0.10425138001685405,-0.07581176975332873,-0.08571726266040125,-0.1037832102931957,-0.06813610570337861,-0.07874660585272461,2020-02-28,True,-0.3,-0.021585926176844697,-0.018877492494860648,3.333333333333333,0.003333333333333333,-0.02491925951017803,-0.022210825828193982,0.3333333333333333,0.3333333333333333,0.0,0.0,-0.3333333333333333,0.0,-0.3333333333333333,0.3333333333333333,-0.3333333333333333,0.056235523217296635,0.09520978192788673,0.02205956606653435,0.00045764294774473325,-0.03243538727220402,0.004270891769161109,-0.04828609889043214,0.024648278262927065,-0.003849652753631475,-0.08904810890992698,-0.16591514981647754,-0.11932803457042233,-0.10425138001685405,-0.07581176975332873,-0.08571726266040125,-0.1037832102931957,-0.06813610570337861,-0.07874660585272461,0.0
2020-02-28,2020-03-31,True,-0.3,-0.09751358977131115,-0.07506670497067765,1.9999999999999998,0.0019999999999999996,-0.09951358977131115,-0.07706670497067765,0.0,0.3333333333333333,0.0,0.0,-0.3333333333333333,0.3333333333333333,0.3333333333333333,-0.3333333333333333,-0.3333333333333333,0.013131687451820407,0.05315789967536119,0.01736818407239411,0.01575549067878705,-0.025877890138669396,0.03862695124190975,0.095328074879267,0.010877759106820687,-0.02156204304923228,-0.15078483836869788,-0.4211515603797826,-0.23617708998094702,-0.20611408713041082,-0.08968368683878794,-0.056909940561935504,-0.10531189239305953,-0.039648944449730966,-0.1614999927323253,2020-03-31,True,-0.3,-0.09751358977131115,-0.07506670497067765,1.9999999999999998,0.0019999999999999996,-0.09951358977131115,-0.07706670497067765,0.0,0.3333333333333333,0.0,0.0,-0.3333333333333333,0.3333333333333333,0.3333333333333333,-0.3333333333333333,-0.3333333333333333,0.013131687451820407,0.05315789967536119,0.01736818407239411,0.01575549067878705,-0.025877890138669396,0.03862695124190975,0.095328074879267,0.010877759106820687,-0.02156204304923228,-0.15078483836869788,-0.4211515603797826,-0.23617708998094702,-0.20611408713041082,-0.08968368683878794,-0.056909940561935504,-0.10531189239305953,-0.039648944449730966,-0.1614999927323253,0.0
2020-03-31,2020-04-30,True,0.0,0.025644575854291002,0.034276149990538504,1.3333333333333333,0.0013333333333333333,0.02431124252095767,0.03294281665720517,0.0,0.3333333333333333,0.3333333333333333,0.0,-0.3333333333333333,-0.3333333333333333,0.3333333333333333,-0.3333333333333333,0.0,0.012092492275409464,0.20903140389718627,0.08323958098862673,0.05160108077273354,-0.06310290696872897,-0.002525530701767493,0.09962975305247877,-0.061093744728515684,0.028416031829176153,0.14138246724088852,0.2682233887292969,0.09040786376571189,0.08445205859114581,0.1287139214790042,0.06726553823788521,0.0328421570230759,0.1185602222383223,0.17296566017674433,2020-04-30,True,0.0,0.025644575854291002,0.034276149990538504,1.3333333333333333,0.0013333333333333333,0.02431124252095767,0.03294281665720517,0.0,0.3333333333333333,0.3333333333333333,0.0,-0.3333333333333333,-0.3333333333333333,0.3333333333333333,-0.3333333333333333,0.0,0.012092492275409464,0.20903140389718627,0.08323958098862673,0.05160108077273354,-0.06310290696872897,-0.002525530701767493,0.09962975305247877,-0.061093744728515684,0.028416031829176153,0.14138246724088852,0.2682233887292969,0.09040786376571189,0.08445205859114581,0.1287139214790042,0.06726553823788521,0.0328421570230759,0.1185602222383223,0.17296566017674433,0.0
2020-04-30,2020-05-29,True,-0.11666666666666665,-0.009509063438697951,-0.010126285782821192,2.6666666666666665,0.0026666666666666666,-0.012175730105364617,-0.012792952449487858,-0.3333333333333333,-0.3333333333333333,0.3333333333333333,0.3333333333333333,0.0,0.0,0.3333333333333333,0.0,-0.3333333333333333,-0.026683858330220224,-0.15964606803123046,0.04315971935639275,0.0309014349456024,0.023787222526819238,0.029173860513340557,0.08434585957925725,-0.006039259425535292,-0.062013382456981216,0.06654840410830916,0.01980283980258013,0.026841230778514143,0.05248421749331161,0.06930662434767482,0.016512669113327452,0.041562253399547416,0.03235938046249437,0.06306364807657773,2020-05-29,True,-0.11666666666666665,-0.009509063438697951,-0.010126285782821192,2.6666666666666665,0.0026666666666666666,-0.012175730105364617,-0.012792952449487858,-0.3333333333333333,-0.3333333333333333,0.3333333333333333,0.3333333333333333,0.0,0.0,0.3333333333333333,0.0,-0.3333333333333333,-0.026683858330220224,-0.15964606803123046,0.04315971935639275,0.0309014349456024,0.023787222526819238,0.029173860513340557,0.08434585957925725,-0.006039259425535292,-0.062013382456981216,0.06654840410830916,0.01980283980258013,0.026841230778514143,0.05248421749331161,0.06930662434767482,0.016512669113327452,0.041562253399547416,0.03235938046249437,0.06306364807657773,0.0
2020-05-29,2020-06-30,True,-0.65,-0.05744437511840275,-0.05805110462610607,2.0,0.002,-0.059444375118402754,-0.06005110462610607,0.0,0.0,0.3333333333333333,-0.3333333333333333,-0.3333333333333333,0.3333333333333333,0.3333333333333333,0.0,-0.3333333333333333,-0.0026822301666611066,0.01317878320365304,0.02577303372111361,-0.008283639900012917,-0.006283873496217495,0.023756935637313393,0.01442784897340714,0.012782840772080384,-0.021280101250973696,0.02157998210010435,-0.011015911187687667,-0.005241587182129442,0.019535906467103004,0.06718210199156405,-0.0022487005125821965,-0.04784917391057794,-0.0247287769404316,0.030275655291251646,2020-06-30,True,-0.65,-0.05744437511840275,-0.05805110462610607,2.0,0.002,-0.059444375118402754,-0.06005110462610607,0.0,0.0,0.3333333333333333,-0.3333333333333333,-0.3333333333333333,0.3333333333333333,0.3333333333333333,0.0,-0.3333333333333333,-0.0026822301666611066,0.01317878320365304,0.02577303372111361,-0.008283639900012917,-0.006283873496217495,0.023756935637313393,0.01442784897340714,0.012782840772080384,-0.021280101250973696,0.02157998210010435,-0.011015911187687667,-0.005241587182129442,0.019535906467103004,0.06718210199156405,-0.0022487005125821965,-0.04784917391057794,-0.0247287769404316,0.030275655291251646,0.0
2020-06-30,2020-07-31,True,0.18333333333333335,0.009318902519324726,0.009885114036970389,1.3333333333333333,0.0013333333333333333,0.007985569185991392,0.008551780703637055,-0.3333333333333333,0.0,0.0,-0.3333333333333333,-0.3333333333333333,0.3333333333333333,0.3333333333333333,0.3333333333333333,0.0,-0.007424368475541236,0.007112789563405372,0.016605042932865806,-0.015758600491590852,-0.03575193894800745,0.01708983241542931,0.06599437529993107,0.029569406019170366,-0.0065430473334992575,0.0687443320229775,-0.04927916392852424,0.037740188836098164,0.04316018859027206,0.05529071218904208,0.06694436944830803,0.07508215488421169,0.053125416027746133,0.07021920468679921,2020-07-31,True,0.18333333333333335,0.009318902519324726,0.009885114036970389,1.3333333333333333,0.0013333333333333333,0.007985569185991392,0.008551780703637055,-0.3333333333333333,0.0,0.0,-0.3333333333333333,-0.3333333333333333,0.3333333333333333,0.3333333333333333,0.3333333333333333,0.0,-0.007424368475541236,0.007112789563405372,0.016605042932865806,-0.015758600491590852,-0.03575193894800745,0.01708983241542931,0.06599437529993107,0.029569406019170366,-0.0065430473334992575,0.0687443320229775,-0.04927916392852424,0.037740188836098164,0.04316018859027206,0.05529071218904208,0.06694436944830803,0.07508215488421169,0.053125416027746133,0.07021920468679921,0.0
2020-07-31,2020-08-31,True,-0.06666666666666667,0.02198690261293332,0.02353344683197392,2.6666666666666665,0.0026666666666666666,0.019320235946266653,0.020866780165307252,-0.3333333333333333,0.3333333333333333,0.0,0.0,0.3333333333333333,-0.3333333333333333,-0.3333333333333333,0.3333333333333333,0.0,-0.01745479432256396,0.0474093896226111,-0.0042901149178807,-0.005984436897707692,0.0194388919608322,-0.030442288510817178,-0.010739231142657017,0.0025986608199199505,-0.009731202008542873,0.04264938741516242,-0.010602848743699832,0.04196989838151689,0.08136065595386821,0.11226400232880554,0.04490918013405047,-0.026317458867861524,0.02554066293504564,0.09125400109206605,2020-08-31,True,-0.06666666666666667,0.02198690261293332,0.02353344683197392,2.6666666666666665,0.0026666666666666666,0.019320235946266653,0.020866780165307252,-0.3333333333333333,0.3333333333333333,0.0,0.0,0.3333333333333333,-0.3333333333333333,-0.3333333333333333,0.3333333333333333,0.0,-0.01745479432256396,0.0474093896226111,-0.0042901149178807,-0.005984436897707692,0.0194388919608322,-0.030442288510817178,-0.010739231142657017,0.0025986608199199505,-0.009731202008542873,0.04264938741516242,-0.010602848743699832,0.04196989838151689,0.08136065595386821,0.11226400232880554,0.04490918013405047,-0.026317458867861524,0.02554066293504564,0.09125400109206605,0.0
2020-08-31,2020-09-30,True,0.016666666666666666,-0.02957018468416673,-0.02608364987041903,2.6666666666666665,0.0026666666666666666,-0.032236851350833394,-0.028750316537085697,0.0,0.3333333333333333,0.0,-0.3333333333333333,-0.3333333333333333,0.0,0.3333333333333333,0.3333333333333333,-0.3333333333333333,0.0235889971402377,0.05547551365368704,0.020399080704849894,-0.018736604773183334,-0.018545754318467358,0.002141982030030815,0.07798397382992457,0.035063093142526244,-0.021538790311042486,0.0149639116536447,-0.1579014984669913,-0.03482164429465283,-0.0068453205285744865,-0.054826847634298986,-0.016889344374988135,0.010755180507996126,-0.02204622441008664,-0.018809820153708176,2020-09-30,True,0.016666666666666666,-0.02957018468416673,-0.02608364987041903,2.6666666666666665,0.0026666666666666666,-0.032236851350833394,-0.028750316537085697,0.0,0.3333333333333333,0.0,-0.3333333333333333,-0.3333333333333333,0.0,0.3333333333333333,0.3333333333333333,-0.3333333333333333,0.0235889971402377,0.05547551365368704,0.020399080704849894,-0.018736604773183334,-0.018545754318467358,0.002141982030030815,0.07798397382992457,0.035063093142526244,-0.021538790311042486,0.0149639116536447,-0.1579014984669913,-0.03482164429465283,-0.0068453205285744865,-0.054826847634298986,-0.016889344374988135,0.010755180507996126,-0.02204622441008664,-0.018809820153708176,0.0
2020-09-30,2020-10-30,True,-0.9666666666666667,-0.05255677872737445,-0.05206720685647868,1.9999999999999998,0.0019999999999999996,-0.05455677872737445,-0.05406720685647868,-0.3333333333333333,0.3333333333333333,0.0,-0.3333333333333333,0.3333333333333333,0.0,-0.3333333333333333,0.3333333333333333,0.0,-0.05755329827990424,0.04438054690345218,-0.0364986724446637,-0.04705644480831017,0.029432410639224506,-0.013080939863741321,-0.06206979452701554,-0.006144295377097091,-0.01321483651680487,-0.007254536829407715,-0.04193591047532308,-0.008762661151865112,-0.014524249567631082,-0.051338598547562876,-0.029125450128112407,0.04928728398178341,-0.036887329574492776,-0.02766139989183428,2020-10-30,True,-0.9666666666666667,-0.05255677872737445,-0.05206720685647868,1.9999999999999998,0.0019999999999999996,-0.05455677872737445,-0.05406720685647868,-0.3333333333333333,0.3333333333333333,0.0,-0.3333333333333333,0.3333333333333333,0.0,-0.3333333333333333,0.3333333333333333,0.0,-0.05755329827990424,0.04438054690345218,-0.0364986724446637,-0.04705644480831017,0.029432410639224506,-0.013080939863741321,-0.06206979452701554,-0.006144295377097091,-0.01321483651680487,-0.007254536829407715,-0.04193591047532308,-0.008762661151865112,-0.014524249567631082,-0.051338598547562876,-0.029125450128112407,0.04928728398178341,-0.036887329574492776,-0.02766139989183428,0.0
2020-10-30,2020-11-30,True,-0.35,-0.04343775571437854,-0.05417751105669071,1.9999999999999998,0.0019999999999999996,-0.04543775571437854,-0.056177511056690714,0.0,-0.3333333333333333,-0.3333333333333333,0.0,0.3333333333333333,0.0,-0.3333333333333333,0.3333333333333333,0.3333333333333333,-0.041790206126550974,-0.09934817059929485,-0.052865656404844835,-0.03319868416931073,0.0428183042852366,0.009635701968895908,-0.07979188199020648,0.010872395832025067,0.01690533811446576,0.11655104195663311,0.24681656164814536,0.15570602777333895,0.14865634162806834,0.1078110299165796,0.07202929689135824,0.007347049071281213,0.07647998947112321,0.09526535196192713,2020-11-30,True,-0.35,-0.04343775571437854,-0.05417751105669071,1.9999999999999998,0.0019999999999999996,-0.04543775571437854,-0.056177511056690714,0.0,-0.3333333333333333,-0.3333333333333333,0.0,0.3333333333333333,0.0,-0.3333333333333333,0.3333333333333333,0.3333333333333333,-0.041790206126550974,-0.09934817059929485,-0.052865656404844835,-0.03319868416931073,0.0428183042852366,0.009635701968895908,-0.07979188199020648,0.010872395832025067,0.01690533811446576,0.11655104195663311,0.24681656164814536,0.15570602777333895,0.14865634162806834,0.1078110299165796,0.07202929689135824,0.007347049071281213,0.07647998947112321,0.09526535196192713,0.0
2020-11-30,2020-12-31,True,-0.3666666666666667,-0.01029576884296238,-0.01067682453692818,1.3333333333333333,0.0013333333333333333,-0.011629102176295715,-0.012010157870261514,0.0,-0.3333333333333333,-0.3333333333333333,-0.3333333333333333,0.3333333333333333,0.0,0.3333333333333333,0.0,0.3333333333333333,-0.017804315091789494,-0.18118869406893914,-0.06767169295822384,-0.05490425876861293,0.03506320279750866,-0.0012165816713403921,0.08286843837702615,0.00347228098894817,0.025255657212889814,0.024513369313904833,0.04382672767165064,0.06115188157686985,0.010017935685870609,0.05393556177296753,0.01637556800119873,0.006185116204419415,0.03727462933430875,0.023988560428117,2020-12-31,True,-0.3666666666666667,-0.01029576884296238,-0.01067682453692818,1.3333333333333333,0.0013333333333333333,-0.011629102176295715,-0.012010157870261514,0.0,-0.3333333333333333,-0.3333333333333333,-0.3333333333333333,0.3333333333333333,0.0,0.3333333333333333,0.0,0.3333333333333333,-0.017804315091789494,-0.18118869406893914,-0.06767169295822384,-0.05490425876861293,0.03506320279750866,-0.0012165816713403921,0.08286843837702615,0.00347228098894817,0.025255657212889814,0.024513369313904833,0.04382672767165064,0.06115188157686985,0.010017935685870609,0.05393556177296753,0.01637556800119873,0.006185116204419415,0.03727462933430875,0.023988560428117,0.0
2020-12-31,2021-01-29,True,-0.3666666666666667,-0.019406882933384415,-0.019600523548227448,1.3333333333333333,0.0013333333333333333,-0.020740216266717747,-0.02093385688156078,0.3333333333333333,-0.3333333333333333,-0.3333333333333333,0.0,0.0,0.0,0.3333333333333333,-0.3333333333333333,0.3333333333333333,0.014112381614057258,-0.05171745381234229,-0.034724832472493375,0.008681545452864276,0.002312101369274425,0.008761148399826184,0.012372057438349527,-0.0091300863668278,0.01632902057591791,-0.024471332741178426,0.036782260873788504,-0.018141753810069067,-0.04362550527705118,-0.008418845553936172,-0.05109827432212276,-0.008810662087775704,0.013919102596030367,0.007620955688550684,2021-01-29,True,-0.3666666666666667,-0.019406882933384415,-0.019600523548227448,1.3333333333333333,0.0013333333333333333,-0.020740216266717747,-0.02093385688156078,0.3333333333333333,-0.3333333333333333,-0.3333333333333333,0.0,0.0,0.0,0.3333333333333333,-0.3333333333333333,0.3333333333333333,0.014112381614057258,-0.05171745381234229,-0.034724832472493375,0.008681545452864276,0.002312101369274425,0.008761148399826184,0.012372057438349527,-0.0091300863668278,0.01632902057591791,-0.024471332741178426,0.036782260873788504,-0.018141753810069067,-0.04362550527705118,-0.008418845553936172,-0.05109827432212276,-0.008810662087775704,0.013919102596030367,0.007620955688550684,0.0
2021-01-29,2021-02-26,True,-0.03333333333333333,-0.016875819912190487,-0.024110660527331917,2.6666666666666665,0.0026666666666666666,-0.019542486578857154,-0.026777327193998585,0.0,-0.3333333333333333,0.0,0.3333333333333333,0.3333333333333333,0.3333333333333333,-0.3333333333333333,-0.3333333333333333,0.0,0.008347981966912783,-0.09254934936031459,-0.018883653139447544,0.020725353655993754,0.015044833416259028,0.03865640497770298,-0.028999631495176537,-0.027188010779058375,-0.007595664480957444,0.040368779578200314,0.20258787472273926,0.10980664679137632,0.06662250976484735,0.013558522749623447,-0.012403034173798113,-0.06291985173557593,-0.0212625649099192,-0.005322596562169821,2021-02-26,True,-0.03333333333333333,-0.016875819912190487,-0.024110660527331917,2.6666666666666665,0.0026666666666666666,-0.019542486578857154,-0.026777327193998585,0.0,-0.3333333333333333,0.0,0.3333333333333333,0.3333333333333333,0.3333333333333333,-0.3333333333333333,-0.3333333333333333,0.0,0.008347981966912783,-0.09254934936031459,-0.018883653139447544,0.020725353655993754,0.015044833416259028,0.03865640497770298,-0.028999631495176537,-0.027188010779058375,-0.007595664480957444,0.040368779578200314,0.20258787472273926,0.10980664679137632,0.06662250976484735,0.013558522749623447,-0.012403034173798113,-0.06291985173557593,-0.0212625649099192,-0.005322596562169821,0.0
2021-02-26,2021-03-31,True,0.19999999999999998,-0.0033538274376471826,-0.0032058443109080834,2.6666666666666665,0.0026666666666666666,-0.006020494104313849,-0.0058725109775747495,0.0,-0.3333333333333333,-0.3333333333333333,-0.3333333333333333,0.3333333333333333,0.0,0.3333333333333333,0.0,0.3333333333333333,-0.017090328091046655,-0.18983282492116926,-0.10278214065367991,-0.05050980155444286,0.034334660240750874,0.034326289528075454,0.05121209717354968,0.02794675490772818,0.050462381218088756,0.07316143851685981,0.029277138553562558,0.05687547345314671,0.08605743421280716,0.01819997310507388,0.08156333619276165,0.10031609736632696,0.039483501370723796,0.04363249343517405,2021-03-31,True,0.19999999999999998,-0.0033538274376471826,-0.0032058443109080834,2.6666666666666665,0.0026666666666666666,-0.006020494104313849,-0.0058725109775747495,0.0,-0.3333333333333333,-0.3333333333333333,-0.3333333333333333,0.3333333333333333,0.0,0.3333333333333333,0.0,0.3333333333333333,-0.017090328091046655,-0.18983282492116926,-0.10278214065367991,-0.05050980155444286,0.034334660240750874,0.034326289528075454,0.05121209717354968,0.02794675490772818,0.050462381218088756,0.07316143851685981,0.029277138553562558,0.05687547345314671,0.08605743421280716,0.01819997310507388,0.08156333619276165,0.10031609736632696,0.039483501370723796,0.04363249343517405,0.0
2021-03-31,2021-04-30,True,0.26666666666666666,0.008561321249112522,0.009124168271616977,2.0,0.002,0.0065613212491125224,0.007124168271616977,0.0,0.3333333333333333,0.0,-0.3333333333333333,0.3333333333333333,-0.3333333333333333,-0.3333333333333333,0.0,0.3333333333333333,-0.005567603652417813,0.023698160997423598,0.0010856869453636318,-0.03322212390154724,0.032354123549625385,-0.059444173172645075,-0.0777830788903838,-0.010820454782124267,0.003274098396205429,0.052409376318238055,0.006703655774513248,0.06288527661675843,0.034737547166335,0.05057799767989924,0.018421247762412687,0.04099701411998381,0.038564799809719524,0.06255811934165659,2021-04-30,True,0.26666666666666666,0.008561321249112522,0.009124168271616977,2.0,0.002,0.0065613212491125224,0.007124168271616977,0.0,0.3333333333333333,0.0,-0.3333333333333333,0.3333333333333333,-0.3333333333333333,-0.3333333333333333,0.0,0.3333333333333333,-0.005567603652417813,0.023698160997423598,0.0010856869453636318,-0.03322212390154724,0.032354123549625385,-0.059444173172645075,-0.0777830788903838,-0.010820454782124267,0.003274098396205429,0.052409376318238055,0.006703655774513248,0.06288527661675843,0.034737547166335,0.05057799767989924,0.018421247762412687,0.04099701411998381,0.038564799809719524,0.06255811934165659,0.0
2021-04-30,2021-05-28,True,0.6,0.03889624285501273,0.03924707268265005,2.0,0.002,0.03689624285501273,0.03724707268265005,0.0,0.3333333333333333,0.0,0.3333333333333333,0.3333333333333333,0.0,-0.3333333333333333,-0.3333333333333333,-0.3333333333333333,0.0099713587695426,0.05355546539624125,-0.0018821829233056538,0.025092015946409217,0.010643479776452197,0.008314753317964375,-0.013643970803401313,-0.005648854426900877,-0.0032219413474144677,0.04956970169117512,0.055526505281670455,0.046607876298930685,0.030816437635383415,-0.009349455308995896,0.01752289304667595,-0.023659071139777447,0.018536442604071515,-0.034572612421274296,2021-05-28,True,0.6,0.03889624285501273,0.03924707268265005,2.0,0.002,0.03689624285501273,0.03724707268265005,0.0,0.3333333333333333,0.0,0.3333333333333333,0.3333333333333333,0.0,-0.3333333333333333,-0.3333333333333333,-0.3333333333333333,0.0099713587695426,0.05355546539624125,-0.0018821829233056538,0.025092015946409217,0.010643479776452197,0.008314753317964375,-0.013643970803401313,-0.005648854426900877,-0.0032219413474144677,0.04956970169117512,0.055526505281670455,0.046607876298930685,0.030816437635383415,-0.009349455308995896,0.01752289304667595,-0.023659071139777447,0.018536442604071515,-0.034572612421274296,0.0
2021-05-28,2021-06-30,True,0.33333333333333337,0.040572108175662314,0.04067883640645151,3.333333333333333,0.003333333333333333,0.03723877484232898,0.03734550307311817,-0.3333333333333333,-0.3333333333333333,-0.3333333333333333,0.0,0.3333333333333333,0.0,0.3333333333333333,0.0,0.3333333333333333,-0.026807309252534935,-0.04245819665736162,-0.02688218859986147,-0.014064176616148363,0.017688286775693472,-0.017690967210544292,0.013336184399017997,-0.019298806647287566,0.03141096056137421,-0.05406777607651219,0.04146748947202571,-0.03086571229496507,-0.02305861741315632,0.06659593911859113,-0.005459113799436547,-0.02233038914843027,0.02272926885216865,0.03398477565737453,2021-06-30,True,0.33333333333333337,0.040572108175662314,0.04067883640645151,3.333333333333333,0.003333333333333333,0.03723877484232898,0.03734550307311817,-0.3333333333333333,-0.3333333333333333,-0.3333333333333333,0.0,0.3333333333333333,0.0,0.3333333333333333,0.0,0.3333333333333333,-0.026807309252534935,-0.04245819665736162,-0.02688218859986147,-0.014064176616148363,0.017688286775693472,-0.017690967210544292,0.013336184399017997,-0.019298806647287566,0.03141096056137421,-0.05406777607651219,0.04146748947202571,-0.03086571229496507,-0.02305861741315632,0.06659593911859113,-0.005459113799436547,-0.02233038914843027,0.02272926885216865,0.03398477565737453,0.0
2021-06-30,2021-07-30,True,-0.48333333333333334,-0.023804420178537112,-0.024370255501329284,3.9999999999999996,0.003999999999999999,-0.027804420178537112,-0.028370255501329284,0.3333333333333333,0.0,0.3333333333333333,0.3333333333333333,-0.3333333333333333,0.0,0.0,-0.3333333333333333,-0.3333333333333333,0.09935251898953265,0.02207786754554287,0.07083318941297943,0.056826472467126986,-0.04814737609219321,0.016299355698432605,0.025014050614727466,-0.023130871527795818,-0.014345617576495934,0.020562343230399786,-0.08682568378311191,-0.004644020014236465,0.009331322204846778,0.03813653871206517,0.021770749099543987,0.04242126569358211,0.04805236243001795,0.010474004814538314,2021-07-30,True,-0.48333333333333334,-0.023804420178537112,-0.024370255501329284,3.9999999999999996,0.003999999999999999,-0.027804420178537112,-0.028370255501329284,0.3333333333333333,0.0,0.3333333333333333,0.3333333333333333,-0.3333333333333333,0.0,0.0,-0.3333333333333333,-0.3333333333333333,0.09935251898953265,0.02207786754554287,0.07083318941297943,0.056826472467126986,-0.04814737609219321,0.016299355698432605,0.025014050614727466,-0.023130871527795818,-0.014345617576495934,0.020562343230399786,-0.08682568378311191,-0.004644020014236465,0.009331322204846778,0.03813653871206517,0.021770749099543987,0.04242126569358211,0.04805236243001795,0.010474004814538314,0.0
2021-07-30,2021-08-31,True,-0.41666666666666663,-0.018356725841754302,-0.018382132255965612,1.3333333333333333,0.0013333333333333333,-0.019690059175087635,-0.019715465589298944,0.0,0.3333333333333333,0.3333333333333333,0.3333333333333333,-0.3333333333333333,0.0,-0.3333333333333333,-0.3333333333333333,0.0,0.0050606592730340575,0.11528650689975482,0.03993912639850487,0.02125345967650785,-0.012512062805766794,-0.009003137430401832,-0.03272813128966652,-0.030580842668879095,0.012547246236566317,0.018747439728396237,-0.020248191361947276,0.050197342401443974,0.011064547142567306,0.03497431274254366,0.010433550256830237,0.038217544616366006,0.022892018348417247,0.017688971240122177,2021-08-31,True,-0.41666666666666663,-0.018356725841754302,-0.018382132255965612,1.3333333333333333,0.0013333333333333333,-0.019690059175087635,-0.019715465589298944,0.0,0.3333333333333333,0.3333333333333333,0.3333333333333333,-0.3333333333333333,0.0,-0.3333333333333333,-0.3333333333333333,0.0,0.0050606592730340575,0.11528650689975482,0.03993912639850487,0.02125345967650785,-0.012512062805766794,-0.009003137430401832,-0.03272813128966652,-0.030580842668879095,0.012547246236566317,0.018747439728396237,-0.020248191361947276,0.050197342401443974,0.011064547142567306,0.03497431274254366,0.010433550256830237,0.038217544616366006,0.022892018348417247,0.017688971240122177,0.0
2021-08-31,2021-09-30,True,0.3,0.04760744873029639,0.0482884959105035,1.3333333333333333,0.0013333333333333333,0.04627411539696306,0.04695516257717017,0.0,0.3333333333333333,-0.3333333333333333,0.3333333333333333,-0.3333333333333333,0.0,-0.3333333333333333,0.0,0.3333333333333333,0.0032693492021965654,0.04775433336520758,-0.005767601965978502,0.015822375299061626,-0.0037154205433328064,0.001393867245578715,-0.013122589377909324,0.004170859114964638,0.012282809545156393,-0.07460098385976102,0.08554877712278346,-0.018596638489833596,-0.06272466293360901,-0.0601739754745471,-0.04227278767717408,-0.06286784696894564,-0.05676544116052725,-0.021640228931611626,2021-09-30,True,0.3,0.04760744873029639,0.0482884959105035,1.3333333333333333,0.0013333333333333333,0.04627411539696306,0.04695516257717017,0.0,0.3333333333333333,-0.3333333333333333,0.3333333333333333,-0.3333333333333333,0.0,-0.3333333333333333,0.0,0.3333333333333333,0.0032693492021965654,0.04775433336520758,-0.005767601965978502,0.015822375299061626,-0.0037154205433328064,0.001393867245578715,-0.013122589377909324,0.004170859114964638,0.012282809545156393,-0.07460098385976102,0.08554877712278346,-0.018596638489833596,-0.06272466293360901,-0.0601739754745471,-0.04227278767717408,-0.06286784696894564,-0.05676544116052725,-0.021640228931611626,0.0
2021-09-30,2021-10-29,True,-0.6666666666666667,-0.03771605133402284,-0.040776371198354554,3.333333333333333,0.003333333333333333,-0.04104938466735617,-0.04410970453168789,0.3333333333333333,-0.3333333333333333,-0.3333333333333333,0.0,0.0,0.0,0.3333333333333333,0.3333333333333333,-0.3333333333333333,0.027146624364112512,-0.13674125602437576,-0.015109567616361046,0.019162059201626086,-0.005749866576715275,0.012601440228845457,0.03565740040541543,0.027010289862923732,-0.03754472640633102,0.07322285773729971,0.0982902394258189,0.07021781718053968,0.06575779547569938,0.07859914397299987,0.0344097904647803,0.04634192201742091,0.049949235612587135,0.11415411276301768,2021-10-29,True,-0.6666666666666667,-0.03771605133402284,-0.040776371198354554,3.333333333333333,0.003333333333333333,-0.04104938466735617,-0.04410970453168789,0.3333333333333333,-0.3333333333333333,-0.3333333333333333,0.0,0.0,0.0,0.3333333333333333,0.3333333333333333,-0.3333333333333333,0.027146624364112512,-0.13674125602437576,-0.015109567616361046,0.019162059201626086,-0.005749866576715275,0.012601440228845457,0.03565740040541543,0.027010289862923732,-0.03754472640633102,0.07322285773729971,0.0982902394258189,0.07021781718053968,0.06575779547569938,0.07859914397299987,0.0344097904647803,0.04634192201742091,0.049949235612587135,0.11415411276301768,0.0
2021-10-29,2021-11-30,True,-0.5166666666666667,-0.02006353279718147,-0.0188422647091966,3.333333333333333,0.003333333333333333,-0.023396866130514803,-0.022175598042529936,-0.3333333333333333,0.3333333333333333,0.3333333333333333,0.0,0.3333333333333333,0.0,-0.3333333333333333,0.0,-0.3333333333333333,-0.007143227865624848,0.013589115550125184,0.015638498704832332,-0.001259368690722151,0.001272016320634655,-0.0008465482154583429,-0.015507192986252782,-0.0016476453954349934,-0.046811457194792204,-0.005536628793285411,-0.051412258590216545,-0.05882540093584451,-0.03625060787179468,0.043549666815722525,-0.013565033660411781,-0.017184482128001437,-0.031040422700228047,0.01622371660249273,2021-11-30,True,-0.5166666666666667,-0.02006353279718147,-0.0188422647091966,3.333333333333333,0.003333333333333333,-0.023396866130514803,-0.022175598042529936,-0.3333333333333333,0.3333333333333333,0.3333333333333333,0.0,0.3333333333333333,0.0,-0.3333333333333333,0.0,-0.3333333333333333,-0.007143227865624848,0.013589115550125184,0.015638498704832332,-0.001259368690722151,0.001272016320634655,-0.0008465482154583429,-0.015507192986252782,-0.0016476453954349934,-0.046811457194792204,-0.005536628793285411,-0.051412258590216545,-0.05882540093584451,-0.03625060787179468,0.043549666815722525,-0.013565033660411781,-0.017184482128001437,-0.031040422700228047,0.01622371660249273,0.0
2021-11-30,2021-12-31,True,0.06666666666666667,0.01409962102934689,0.01462419493323519,1.3333333333333333,0.0013333333333333333,0.012766287696013555,0.013290861599901857,-0.3333333333333333,0.3333333333333333,0.3333333333333333,0.0,-0.3333333333333333,0.0,0.0,0.3333333333333333,-0.3333333333333333,-0.004564357665126351,0.06529009307015285,0.062398428986576056,0.026257938577856813,-0.05770491237335597,0.00686214699554827,0.0061824668779741545,0.028368463961977605,-0.02735240590222612,0.07309401183642471,0.029397424820364285,0.0330895247014773,0.05256979957486072,0.03195726443983699,0.09943510616649849,0.09248124076992127,0.0863597100049275,0.0014965201624667092,2021-12-31,True,0.06666666666666667,0.01409962102934689,0.01462419493323519,1.3333333333333333,0.0013333333333333333,0.012766287696013555,0.013290861599901857,-0.3333333333333333,0.3333333333333333,0.3333333333333333,0.0,-0.3333333333333333,0.0,0.0,0.3333333333333333,-0.3333333333333333,-0.004564357665126351,0.06529009307015285,0.062398428986576056,0.026257938577856813,-0.05770491237335597,0.00686214699554827,0.0061824668779741545,0.028368463961977605,-0.02735240590222612,0.07309401183642471,0.029397424820364285,0.0330895247014773,0.05256979957486072,0.03195726443983699,0.09943510616649849,0.09248124076992127,0.0863597100049275,0.0014965201624667092,0.0
2021-12-31,2022-01-31,True,-0.15,0.0399960639210237,0.046623857989011384,3.333333333333333,0.003333333333333333,0.036662730587690366,0.04329052465567805,0.0,0.3333333333333333,0.0,0.0,0.3333333333333333,-0.3333333333333333,-0.3333333333333333,-0.3333333333333333,0.3333333333333333,-0.029628649818592284,0.030873323210174254,0.018432346061402774,-0.017833420406755143,0.025671700219613278,-0.0751406983275591,-0.06017185444436519,-0.04825546850880905,0.04171866382960896,-0.07040491586053876,0.17205892879787021,0.00025596851420966495,-0.04910211789382217,-0.07089655235822676,-0.014894549183232492,-0.03309233827944103,-0.07102804934139106,-0.10018912148063694,2022-01-31,True,-0.15,0.0399960639210237,0.046623857989011384,3.333333333333333,0.003333333333333333,0.036662730587690366,0.04329052465567805,0.0,0.3333333333333333,0.0,0.0,0.3333333333333333,-0.3333333333333333,-0.3333333333333333,-0.3333333333333333,0.3333333333333333,-0.029628649818592284,0.030873323210174254,0.018432346061402774,-0.017833420406755143,0.025671700219613278,-0.0751406983275591,-0.06017185444436519,-0.04825546850880905,0.04171866382960896,-0.07040491586053876,0.17205892879787021,0.00025596851420966495,-0.04910211789382217,-0.07089655235822676,-0.014894549183232492,-0.03309233827944103,-0.07102804934139106,-0.10018912148063694,0.0
2022-01-31,2022-02-28,True,-0.3,-0.03472798420400221,-0.03526318274732618,2.6666666666666665,0.0026666666666666666,-0.03739465087066887,-0.03792984941399284,0.3333333333333333,-0.3333333333333333,-0.3333333333333333,0.0,0.0,-0.3333333333333333,0.0,0.3333333333333333,0.3333333333333333,0.011730871385917649,-0.21523919352758356,-0.046834549353146245,-0.008819096891784952,-0.0018898095084423439,-0.014299296951097953,0.005135547481904949,0.04220806255419553,0.02960208076599011,-0.012750753108806632,0.06830487733344473,-0.013921204373659036,-0.008473313768301094,-0.05000407603975634,-0.014184357046668905,-0.019245399695207152,-0.009724565792418528,-0.041509317797664674,2022-02-28,True,-0.3,-0.03472798420400221,-0.03526318274732618,2.6666666666666665,0.0026666666666666666,-0.03739465087066887,-0.03792984941399284,0.3333333333333333,-0.3333333333333333,-0.3333333333333333,0.0,0.0,-0.3333333333333333,0.0,0.3333333333333333,0.3333333333333333,0.011730871385917649,-0.21523919352758356,-0.046834549353146245,-0.008819096891784952,-0.0018898095084423439,-0.014299296951097953,0.005135547481904949,0.04220806255419553,0.02960208076599011,-0.012750753108806632,0.06830487733344473,-0.013921204373659036,-0.008473313768301094,-0.05000407603975634,-0.014184357046668905,-0.019245399695207152,-0.009724565792418528,-0.041509317797664674,0.0
2022-02-28,2022-03-31,True,-0.5666666666666667,-0.03754832812384403,-0.03911092376439,2.6666666666666665,0.0026666666666666666,-0.040214994790510696,-0.041777590431056666,0.3333333333333333,-0.3333333333333333,0.3333333333333333,0.0,0.0,0.3333333333333333,0.0,-0.3333333333333333,-0.3333333333333333,0.004921089688413285,-0.02607893874539126,0.014529649783173155,0.0025901443900603026,-0.00455232837528552,0.0141508953420947,-0.002054968244620964,-0.005553773759908948,-0.010483568317631961,0.05938941105576346,0.08927934012174535,-0.0013011396497593988,0.033786616315815095,0.03290252005603198,0.017656678034709525,0.09844357599874919,0.05579572196388491,0.043314871726615425,2022-03-31,True,-0.5666666666666667,-0.03754832812384403,-0.03911092376439,2.6666666666666665,0.0026666666666666666,-0.040214994790510696,-0.041777590431056666,0.3333333333333333,-0.3333333333333333,0.3333333333333333,0.0,0.0,0.3333333333333333,0.0,-0.3333333333333333,-0.3333333333333333,0.004921089688413285,-0.02607893874539126,0.014529649783173155,0.0025901443900603026,-0.00455232837528552,0.0141508953420947,-0.002054968244620964,-0.005553773759908948,-0.010483568317631961,0.05938941105576346,0.08927934012174535,-0.0013011396497593988,0.033786616315815095,0.03290252005603198,0.017656678034709525,0.09844357599874919,0.05579572196388491,0.043314871726615425,0.0
2022-03-31,2022-04-29,True,-0.38333333333333336,-0.022848975065469287,-0.019753890181127987,1.9999999999999998,0.0019999999999999996,-0.024848975065469285,-0.021753890181127986,-0.3333333333333333,0.0,0.3333333333333333,0.0,0.3333333333333333,0.3333333333333333,-0.3333333333333333,-0.3333333333333333,0.0,-0.03025698943024885,-0.011809980377303894,0.024728535808536685,-0.0017392688896317324,0.012547432311509673,0.009738454510768522,-0.07530709508947656,-0.017596131417682404,-0.0023771699000879913,-0.03603554710007878,-0.017020213642350672,-0.10472259695414957,-0.07918551494980527,-0.11672944354143996,0.022797882420053806,-0.043926511470448674,-0.050145174308600424,-0.12734203773754801,2022-04-29,True,-0.38333333333333336,-0.022848975065469287,-0.019753890181127987,1.9999999999999998,0.0019999999999999996,-0.024848975065469285,-0.021753890181127986,-0.3333333333333333,0.0,0.3333333333333333,0.0,0.3333333333333333,0.3333333333333333,-0.3333333333333333,-0.3333333333333333,0.0,-0.03025698943024885,-0.011809980377303894,0.024728535808536685,-0.0017392688896317324,0.012547432311509673,0.009738454510768522,-0.07530709508947656,-0.017596131417682404,-0.0023771699000879913,-0.03603554710007878,-0.017020213642350672,-0.10472259695414957,-0.07918551494980527,-0.11672944354143996,0.022797882420053806,-0.043926511470448674,-0.050145174308600424,-0.12734203773754801,0.0
2022-04-29,2022-05-31,True,0.6333333333333333,0.08507088137294758,0.08905777555508276,2.6666666666666665,0.0026666666666666666,0.08240421470628091,0.0863911088884161,-0.3333333333333333,0.3333333333333333,0.3333333333333333,0.0,-0.3333333333333333,-0.3333333333333333,0.3333333333333333,0.0,0.0,-0.04260697920770705,0.011748370560698267,0.02434061585327018,-0.0012910661754077877,-0.015388836456137953,-0.05600239580893858,0.01921851399840735,0.0030840883887855806,0.00614605900534474,0.01169193104167679,0.148718315775914,0.027437963573224068,-0.004635423420750974,-0.006882378401094899,-0.04168640624248258,0.04217951116780398,0.014779932896259552,-0.0525609908819441,2022-05-31,True,0.6333333333333333,0.08507088137294758,0.08905777555508276,2.6666666666666665,0.0026666666666666666,0.08240421470628091,0.0863911088884161,-0.3333333333333333,0.3333333333333333,0.3333333333333333,0.0,-0.3333333333333333,-0.3333333333333333,0.3333333333333333,0.0,0.0,-0.04260697920770705,0.011748370560698267,0.02434061585327018,-0.0012910661754077877,-0.015388836456137953,-0.05600239580893858,0.01921851399840735,0.0030840883887855806,0.00614605900534474,0.01169193104167679,0.148718315775914,0.027437963573224068,-0.004635423420750974,-0.006882378401094899,-0.04168640624248258,0.04217951116780398,0.014779932896259552,-0.0525609908819441,0.0
2022-05-31,2022-06-30,True,0.5166666666666667,0.03894592531532343,0.03464420004011007,4.0,0.004,0.03494592531532344,0.030644200040110068,0.0,-0.3333333333333333,-0.3333333333333333,0.0,0.3333333333333333,0.3333333333333333,-0.3333333333333333,0.0,0.3333333333333333,-0.01081818483953756,-0.10365597185979245,-0.030606905575828545,-0.00027542544580237346,0.012578863264466802,0.05290027599547424,-0.03290911631267541,-0.007198675492301115,0.04908176116399379,-0.1491533420828351,-0.18721503880910162,-0.11497154032347118,-0.076524551658314,-0.09712498540904371,-0.023752785385093338,-0.05019337493806473,-0.026426445777627077,-0.1146644073305302,2022-06-30,True,0.5166666666666667,0.03894592531532343,0.03464420004011007,4.0,0.004,0.03494592531532344,0.030644200040110068,0.0,-0.3333333333333333,-0.3333333333333333,0.0,0.3333333333333333,0.3333333333333333,-0.3333333333333333,0.0,0.3333333333333333,-0.01081818483953756,-0.10365597185979245,-0.030606905575828545,-0.00027542544580237346,0.012578863264466802,0.05290027599547424,-0.03290911631267541,-0.007198675492301115,0.04908176116399379,-0.1491533420828351,-0.18721503880910162,-0.11497154032347118,-0.076524551658314,-0.09712498540904371,-0.023752785385093338,-0.05019337493806473,-0.026426445777627077,-0.1146644073305302,0.0
2022-06-30,2022-07-29,True,0.16666666666666669,0.010577193521790994,0.01035914803979402,4.0,0.004,0.006577193521790994,0.006359148039794021,0.3333333333333333,0.3333333333333333,0.3333333333333333,0.0,-0.3333333333333333,-0.3333333333333333,0.0,-0.3333333333333333,0.0,0.07610890848610741,0.1747092609126145,0.030169354286420737,0.00025682631452953256,-0.013756157847049418,-0.012839433335987567,0.029988107488127115,-0.021588360721464403,-0.005101349282758877,0.059729098350672125,0.09224158321508807,0.06939537307393037,0.09078250905857232,0.12620825502654628,0.03150222075123221,0.05303817985838931,0.03192399829653911,0.16922818005861803,2022-07-29,True,0.16666666666666669,0.010577193521790994,0.01035914803979402,4.0,0.004,0.006577193521790994,0.006359148039794021,0.3333333333333333,0.3333333333333333,0.3333333333333333,0.0,-0.3333333333333333,-0.3333333333333333,0.0,-0.3333333333333333,0.0,0.07610890848610741,0.1747092609126145,0.030169354286420737,0.00025682631452953256,-0.013756157847049418,-0.012839433335987567,0.029988107488127115,-0.021588360721464403,-0.005101349282758877,0.059729098350672125,0.09224158321508807,0.06939537307393037,0.09078250905857232,0.12620825502654628,0.03150222075123221,0.05303817985838931,0.03192399829653911,0.16922818005861803,0.0
2022-07-29,2022-08-31,True,0.016666666666666666,0.0002633260949196775,0.0006743366299061283,2.6666666666666665,0.0026666666666666666,-0.002403340571746989,-0.0019923300367605382,0.3333333333333333,0.3333333333333333,0.0,-0.3333333333333333,0.0,0.0,-0.3333333333333333,0.3333333333333333,-0.3333333333333333,0.02094150182834309,0.01803480008869605,0.011147249449459374,-0.03294286846277379,-0.007987204997860953,0.016230849248724224,-0.020152642752582293,0.028922740793618996,-0.05390121686741506,-0.03543422052056601,0.02617827476536535,-0.019773015484964337,-0.028744483262190673,-0.06414116445520043,-0.018699630430495103,0.005260113692752877,-0.05943550839873064,-0.04599706286925252,2022-08-31,True,0.016666666666666666,0.0002633260949196775,0.0006743366299061283,2.6666666666666665,0.0026666666666666666,-0.002403340571746989,-0.0019923300367605382,0.3333333333333333,0.3333333333333333,0.0,-0.3333333333333333,0.0,0.0,-0.3333333333333333,0.3333333333333333,-0.3333333333333333,0.02094150182834309,0.01803480008869605,0.011147249449459374,-0.03294286846277379,-0.007987204997860953,0.016230849248724224,-0.020152642752582293,0.028922740793618996,-0.05390121686741506,-0.03543422052056601,0.02617827476536535,-0.019773015484964337,-0.028744483262190673,-0.06414116445520043,-0.018699630430495103,0.005260113692752877,-0.05943550839873064,-0.04599706286925252,0.0
2022-08-31,2022-09-30,True,0.13333333333333333,0.01325407228684499,0.012929788486477443,3.3333333333333335,0.0033333333333333335,0.009920738953511655,0.009596455153144109,-0.3333333333333333,-0.3333333333333333,-0.3333333333333333,0.0,0.3333333333333333,0.3333333333333333,0.0,0.3333333333333333,0.0,-0.011673694466200916,-0.021513500379651454,-0.03194038414819562,-0.008104553682671973,0.013983949734245191,0.015821647861860202,-0.006088249894735337,0.030025672128587873,-0.00010519675798653389,-0.09764504303414503,-0.10046948303494564,-0.0796488391279574,-0.11016024410077918,-0.1274596753074772,-0.08482667992559945,-0.1196959799691603,-0.025714793103436454,-0.08562696666762049,2022-09-30,True,0.13333333333333333,0.01325407228684499,0.012929788486477443,3.3333333333333335,0.0033333333333333335,0.009920738953511655,0.009596455153144109,-0.3333333333333333,-0.3333333333333333,-0.3333333333333333,0.0,0.3333333333333333,0.3333333333333333,0.0,0.3333333333333333,0.0,-0.011673694466200916,-0.021513500379651454,-0.03194038414819562,-0.008104553682671973,0.013983949734245191,0.015821647861860202,-0.006088249894735337,0.030025672128587873,-0.00010519675798653389,-0.09764504303414503,-0.10046948303494564,-0.0796488391279574,-0.11016024410077918,-0.1274596753074772,-0.08482667992559945,-0.1196959799691603,-0.025714793103436454,-0.08562696666762049,0.0
2022-09-30,2022-10-31,True,0.2333333333333333,0.03761947286775857,0.04422179050178826,2.6666666666666665,0.0026666666666666666,0.0349528062010919,0.041555123835121596,0.0,0.3333333333333333,-0.3333333333333333,0.0,0.0,0.3333333333333333,0.3333333333333333,-0.3333333333333333,-0.3333333333333333,0.013562438248375315,0.08968565994880058,-0.009177852634548475,0.02935189094808249,0.000769259574956856,0.0433195226182557,0.09244051661412293,-0.033612630955117156,-0.04357419106304809,0.08549075966495745,0.22286589345613955,0.11264609037943901,0.13010031776654016,0.07374117217054679,0.0862367795346986,0.019200874817847446,0.09176858331010412,0.011030455515866774,2022-10-31,True,0.2333333333333333,0.03761947286775857,0.04422179050178826,2.6666666666666665,0.0026666666666666666,0.0349528062010919,0.041555123835121596,0.0,0.3333333333333333,-0.3333333333333333,0.0,0.0,0.3333333333333333,0.3333333333333333,-0.3333333333333333,-0.3333333333333333,0.013562438248375315,0.08968565994880058,-0.009177852634548475,0.02935189094808249,0.000769259574956856,0.0433195226182557,0.09244051661412293,-0.033612630955117156,-0.04357419106304809,0.08549075966495745,0.22286589345613955,0.11264609037943901,0.13010031776654016,0.07374117217054679,0.0862367795346986,0.019200874817847446,0.09176858331010412,0.011030455515866774,0.0
2022-10-31,2022-11-30,True,0.06666666666666667,-0.0036070484058324586,-0.0039013763337454772,2.6666666666666665,0.0026666666666666666,-0.006273715072499126,-0.006568043000412143,0.0,-0.3333333333333333,-0.3333333333333333,-0.3333333333333333,0.3333333333333333,0.0,0.3333333333333333,0.0,0.3333333333333333,-0.015202530381574075,-0.12847433108992803,-0.04517630980965876,-0.0642163135526422,0.02554636991559333,-0.0385907226542864,0.026829266979638715,-0.03274439709900021,0.08917041120686942,0.1106786167902171,0.012696740962523503,0.06632109803091692,0.07521256446480286,0.06134643990771204,0.059378668425444335,0.0673142471812516,0.046149994347147574,0.014748571151782248,2022-11-30,True,0.06666666666666667,-0.0036070484058324586,-0.0039013763337454772,2.6666666666666665,0.0026666666666666666,-0.006273715072499126,-0.006568043000412143,0.0,-0.3333333333333333,-0.3333333333333333,-0.3333333333333333,0.3333333333333333,0.0,0.3333333333333333,0.0,0.3333333333333333,-0.015202530381574075,-0.12847433108992803,-0.04517630980965876,-0.0642163135526422,0.02554636991559333,-0.0385907226542864,0.026829266979638715,-0.03274439709900021,0.08917041120686942,0.1106786167902171,0.012696740962523503,0.06632109803091692,0.07521256446480286,0.06134643990771204,0.059378668425444335,0.0673142471812516,0.046149994347147574,0.014748571151782248,0.0
2022-11-30,2022-12-30,True,-0.38333333333333336,-0.048511757807016935,-0.045503842247172084,2.0,0.002,-0.05051175780701694,-0.047503842247172086,-0.3333333333333333,0.3333333333333333,0.0,-0.3333333333333333,0.3333333333333333,0.0,-0.3333333333333333,0.0,0.3333333333333333,-0.057433872684232695,0.07462911643427693,-0.013964713222169372,-0.023771096154487765,0.0053295156599152335,-0.020051305559371096,-0.028329441557628388,-0.0011730882622000625,0.041625652802606376,-0.056769066900706606,-0.030964019020550196,-0.05361657739459414,-0.03035421330637563,-0.08566970055220997,-0.027654553656923965,-0.004956516399964019,-0.018955369912685947,-0.12098135045533691,2022-12-30,True,-0.38333333333333336,-0.048511757807016935,-0.045503842247172084,2.0,0.002,-0.05051175780701694,-0.047503842247172086,-0.3333333333333333,0.3333333333333333,0.0,-0.3333333333333333,0.3333333333333333,0.0,-0.3333333333333333,0.0,0.3333333333333333,-0.057433872684232695,0.07462911643427693,-0.013964713222169372,-0.023771096154487765,0.0053295156599152335,-0.020051305559371096,-0.028329441557628388,-0.0011730882622000625,0.041625652802606376,-0.056769066900706606,-0.030964019020550196,-0.05361657739459414,-0.03035421330637563,-0.08566970055220997,-0.027654553656923965,-0.004956516399964019,-0.018955369912685947,-0.12098135045533691,0.0
2022-12-30,2023-01-31,True,0.48333333333333334,0.08561688124563346,0.0901339525817974,1.3333333333333333,0.0013333333333333333,0.08428354791230012,0.08880061924846407,0.3333333333333333,0.3333333333333333,0.0,-0.3333333333333333,0.0,0.0,-0.3333333333333333,-0.3333333333333333,0.3333333333333333,0.009682062719085546,0.04209721052601405,0.0038833371787172387,-0.009733937257649804,0.0027640723091078585,0.0072814738680781685,-0.014978786479696258,-0.008442040028232334,0.028687405797754556,0.08592735152195755,0.027735683380776734,0.06672919319877624,0.03639290302252351,0.08853688555541436,-0.010924794904177594,-0.0202025207813727,-0.018499305938555182,0.14087868513676177,2023-01-31,True,0.48333333333333334,0.08561688124563346,0.0901339525817974,1.3333333333333333,0.0013333333333333333,0.08428354791230012,0.08880061924846407,0.3333333333333333,0.3333333333333333,0.0,-0.3333333333333333,0.0,0.0,-0.3333333333333333,-0.3333333333333333,0.3333333333333333,0.009682062719085546,0.04209721052601405,0.0038833371787172387,-0.009733937257649804,0.0027640723091078585,0.0072814738680781685,-0.014978786479696258,-0.008442040028232334,0.028687405797754556,0.08592735152195755,0.027735683380776734,0.06672919319877624,0.03639290302252351,0.08853688555541436,-0.010924794904177594,-0.0202025207813727,-0.018499305938555182,0.14087868513676177,0.0
2023-01-31,2023-02-28,True,-0.6,-0.026920860974538215,-0.026119396649677794,3.9999999999999996,0.003999999999999999,-0.030920860974538215,-0.030119396649677794,-0.3333333333333333,0.0,0.0,0.0,-0.3333333333333333,0.3333333333333333,0.3333333333333333,0.3333333333333333,-0.3333333333333333,-0.01863709453545363,0.04482261304116202,-0.008988275577479367,0.02409874160208281,-0.015125959566303731,0.05318551189063075,0.07213139861864239,0.06878369331603679,-0.07652413873853177,-0.033881116209860236,-0.07191171978302903,-0.02324410386754591,-0.008677615870315212,0.00411065697337418,-0.023462535940573025,-0.061022681845717276,-0.04752747465734969,-0.021479650283539282,2023-02-28,True,-0.6,-0.026920860974538215,-0.026119396649677794,3.9999999999999996,0.003999999999999999,-0.030920860974538215,-0.030119396649677794,-0.3333333333333333,0.0,0.0,0.0,-0.3333333333333333,0.3333333333333333,0.3333333333333333,0.3333333333333333,-0.3333333333333333,-0.01863709453545363,0.04482261304116202,-0.008988275577479367,0.02409874160208281,-0.015125959566303731,0.05318551189063075,0.07213139861864239,0.06878369331603679,-0.07652413873853177,-0.033881116209860236,-0.07191171978302903,-0.02324410386754591,-0.008677615870315212,0.00411065697337418,-0.023462535940573025,-0.061022681845717276,-0.04752747465734969,-0.021479650283539282,0.0
2023-02-28,2023-03-31,True,-0.25,-0.02324143187323736,-0.024766451218087536,1.3333333333333333,0.0013333333333333333,-0.024574765206570693,-0.026099784551420868,0.0,0.3333333333333333,0.0,-0.3333333333333333,-0.3333333333333333,0.0,0.3333333333333333,0.3333333333333333,-0.3333333333333333,0.00277407247905622,0.09836441893884217,-0.006867078773992126,-0.010233927059658605,-0.03087530297448781,0.000889834556750047,0.05092833959876103,0.034655748727779795,-0.02265216077514224,-0.010061127982923145,5.2886571052931756e-05,-0.1003472692026764,0.0061721503621342075,0.10307982693970542,0.04132680477889653,0.04789463464411079,0.021740030398965465,0.030159869932001652,2023-03-31,True,-0.25,-0.02324143187323736,-0.024766451218087536,1.3333333333333333,0.0013333333333333333,-0.024574765206570693,-0.026099784551420868,0.0,0.3333333333333333,0.0,-0.3333333333333333,-0.3333333333333333,0.0,0.3333333333333333,0.3333333333333333,-0.3333333333333333,0.00277407247905622,0.09836441893884217,-0.006867078773992126,-0.010233927059658605,-0.03087530297448781,0.000889834556750047,0.05092833959876103,0.034655748727779795,-0.02265216077514224,-0.010061127982923145,5.2886571052931756e-05,-0.1003472692026764,0.0061721503621342075,0.10307982693970542,0.04132680477889653,0.04789463464411079,0.021740030398965465,0.030159869932001652,0.0
2023-03-31,2023-04-28,True,0.21666666666666667,0.01695675944537645,0.017166334981804057,2.0,0.002,0.01495675944537645,0.015166334981804057,0.3333333333333333,0.3333333333333333,0.3333333333333333,0.0,-0.3333333333333333,0.0,-0.3333333333333333,0.0,-0.3333333333333333,0.06235181475744789,0.07081440396633903,0.1174691720496526,0.043583875211180276,-0.05279298822099958,-0.012658629267187145,-0.024492481694848762,0.0051521343189834135,-0.012863875204444899,-0.001364907307833738,0.02738944989059955,0.03123326933190731,-0.011730812444832808,-0.001192598097152029,0.0358897638436283,0.018878393915438812,0.030954070316156726,-0.011298262239743003,2023-04-28,True,0.21666666666666667,0.01695675944537645,0.017166334981804057,2.0,0.002,0.01495675944537645,0.015166334981804057,0.3333333333333333,0.3333333333333333,0.3333333333333333,0.0,-0.3333333333333333,0.0,-0.3333333333333333,0.0,-0.3333333333333333,0.06235181475744789,0.07081440396633903,0.1174691720496526,0.043583875211180276,-0.05279298822099958,-0.012658629267187145,-0.024492481694848762,0.0051521343189834135,-0.012863875204444899,-0.001364907307833738,0.02738944989059955,0.03123326933190731,-0.011730812444832808,-0.001192598097152029,0.0358897638436283,0.018878393915438812,0.030954070316156726,-0.011298262239743003,0.0
2023-04-28,2023-05-31,True,0.5,0.07636520223198388,0.07660883028804823,3.9999999999999996,0.003999999999999999,0.07236520223198388,0.07260883028804822,0.0,0.0,-0.3333333333333333,0.3333333333333333,0.3333333333333333,-0.3333333333333333,0.0,-0.3333333333333333,0.3333333333333333,0.011093616904654205,0.005988182952375033,-0.012669527718137553,0.03243143817129595,0.02643653771718304,-0.024286704126641218,-0.009679027142925749,-0.022890744434778558,0.011436397247369164,-0.07112327981101803,-0.10571308631254003,-0.04343811798891055,-0.032006975958939525,0.08541897872631034,-0.06357502755144624,-0.06050684376014241,-0.043624713279598035,0.025045745108626016,2023-05-31,True,0.5,0.07636520223198388,0.07660883028804823,3.9999999999999996,0.003999999999999999,0.07236520223198388,0.07260883028804822,0.0,0.0,-0.3333333333333333,0.3333333333333333,0.3333333333333333,-0.3333333333333333,0.0,-0.3333333333333333,0.3333333333333333,0.011093616904654205,0.005988182952375033,-0.012669527718137553,0.03243143817129595,0.02643653771718304,-0.024286704126641218,-0.009679027142925749,-0.022890744434778558,0.011436397247369164,-0.07112327981101803,-0.10571308631254003,-0.04343811798891055,-0.032006975958939525,0.08541897872631034,-0.06357502755144624,-0.06050684376014241,-0.043624713279598035,0.025045745108626016,0.0
2023-05-31,2023-06-30,True,-0.18333333333333335,-0.013150686571313713,-0.01397245161484209,3.333333333333333,0.003333333333333333,-0.016484019904647047,-0.017305784948175425,0.3333333333333333,0.3333333333333333,-0.3333333333333333,0.0,-0.3333333333333333,0.3333333333333333,0.0,0.0,-0.3333333333333333,0.0691158754696665,0.09818438443946348,0.03997908646205626,0.04571247044132509,-0.07169905522693286,0.06841148180932896,0.060594010143758543,0.05263293234544593,-0.03324406634759952,0.10441116840568665,0.06684876568197594,0.0640639747097824,0.10664265718407362,0.05877030688663662,0.027500474575571,0.015835092766380274,0.04172359205546496,0.1153781867807557,2023-06-30,True,-0.18333333333333335,-0.013150686571313713,-0.01397245161484209,3.333333333333333,0.003333333333333333,-0.016484019904647047,-0.017305784948175425,0.3333333333333333,0.3333333333333333,-0.3333333333333333,0.0,-0.3333333333333333,0.3333333333333333,0.0,0.0,-0.3333333333333333,0.0691158754696665,0.09818438443946348,0.03997908646205626,0.04571247044132509,-0.07169905522693286,0.06841148180932896,0.060594010143758543,0.05263293234544593,-0.03324406634759952,0.10441116840568665,0.06684876568197594,0.0640639747097824,0.10664265718407362,0.05877030688663662,0.027500474575571,0.015835092766380274,0.04172359205546496,0.1153781867807557,0.0
2023-06-30,2023-07-31,True,-0.39999999999999997,-0.004663162460546422,-0.004794663866533259,2.6666666666666665,0.0026666666666666666,-0.0073298291272130885,-0.007461330533199926,-0.3333333333333333,0.0,0.0,-0.3333333333333333,0.3333333333333333,0.3333333333333333,0.3333333333333333,0.0,-0.3333333333333333,-0.05098423489251754,-0.023161353317330522,-0.011487607965754962,-0.047011474169152995,0.029660120415269192,0.004672200566323587,0.016930416400985766,-0.0046072882277175785,-0.040337706068795595,0.03381294631493065,0.07486448712388705,0.046937693766239255,0.028476159859803903,0.025497723024716205,0.021078650940792785,0.024602998684100704,0.01064172160954235,0.02287975385651441,2023-07-31,True,-0.39999999999999997,-0.004663162460546422,-0.004794663866533259,2.6666666666666665,0.0026666666666666666,-0.0073298291272130885,-0.007461330533199926,-0.3333333333333333,0.0,0.0,-0.3333333333333333,0.3333333333333333,0.3333333333333333,0.3333333333333333,0.0,-0.3333333333333333,-0.05098423489251754,-0.023161353317330522,-0.011487607965754962,-0.047011474169152995,0.029660120415269192,0.004672200566323587,0.016930416400985766,-0.0046072882277175785,-0.040337706068795595,0.03381294631493065,0.07486448712388705,0.046937693766239255,0.028476159859803903,0.025497723024716205,0.021078650940792785,0.024602998684100704,0.01064172160954235,0.02287975385651441,0.0
2023-07-31,2023-08-31,True,0.19999999999999998,0.007114559437321363,0.006450549720107372,3.333333333333333,0.003333333333333333,0.0037812261039880295,0.003117216386774039,0.0,-0.3333333333333333,-0.3333333333333333,0.3333333333333333,0.3333333333333333,0.0,-0.3333333333333333,0.0,0.3333333333333333,-0.001244236695504573,-0.04115684988655677,-0.01855303421246776,0.00900331377848992,0.021844824281820725,-0.009302485448285092,-0.01654349512985719,0.0011092722282398208,0.015611517334776585,-0.03357188480055964,0.01632679611194782,-0.027257392589852766,-0.020032629754974725,-0.015197538299909418,-0.04027216129365027,-0.06323708930130824,-0.007031935233597943,-0.017593839412364948,2023-08-31,True,0.19999999999999998,0.007114559437321363,0.006450549720107372,3.333333333333333,0.003333333333333333,0.0037812261039880295,0.003117216386774039,0.0,-0.3333333333333333,-0.3333333333333333,0.3333333333333333,0.3333333333333333,0.0,-0.3333333333333333,0.0,0.3333333333333333,-0.001244236695504573,-0.04115684988655677,-0.01855303421246776,0.00900331377848992,0.021844824281820725,-0.009302485448285092,-0.01654349512985719,0.0011092722282398208,0.015611517334776585,-0.03357188480055964,0.01632679611194782,-0.027257392589852766,-0.020032629754974725,-0.015197538299909418,-0.04027216129365027,-0.06323708930130824,-0.007031935233597943,-0.017593839412364948,0.0
2023-08-31,2023-09-29,True,-0.31666666666666665,-0.022773955685606098,-0.022569425831709504,2.6666666666666665,0.0026666666666666666,-0.025440622352272766,-0.025236092498376172,0.0,-0.3333333333333333,0.0,0.3333333333333333,-0.3333333333333333,0.3333333333333333,0.3333333333333333,0.0,-0.3333333333333333,0.015452431271619101,-0.025269815363531126,0.014580400316894095,0.016803856352009743,-0.0028911227281438363,0.03514050709197008,0.03481621636222893,0.0017836744697249055,-0.0175206607161545,-0.04896973094834971,0.023748957954247522,-0.031369143260588234,-0.061317416683704204,-0.06697735274573678,-0.04906314153282198,-0.05807868090883995,-0.030038238770419605,-0.05690897727705859,2023-09-29,True,-0.31666666666666665,-0.022773955685606098,-0.022569425831709504,2.6666666666666665,0.0026666666666666666,-0.025440622352272766,-0.025236092498376172,0.0,-0.3333333333333333,0.0,0.3333333333333333,-0.3333333333333333,0.3333333333333333,0.3333333333333333,0.0,-0.3333333333333333,0.015452431271619101,-0.025269815363531126,0.014580400316894095,0.016803856352009743,-0.0028911227281438363,0.03514050709197008,0.03481621636222893,0.0017836744697249055,-0.0175206607161545,-0.04896973094834971,0.023748957954247522,-0.031369143260588234,-0.061317416683704204,-0.06697735274573678,-0.04906314153282198,-0.05807868090883995,-0.030038238770419605,-0.05690897727705859,0.0
2023-09-29,2023-10-31,True,0.5333333333333333,0.03646150404770841,0.035470619100556655,0.6666666666666666,0.0006666666666666666,0.03579483738104174,0.034803952433889986,0.0,-0.3333333333333333,-0.3333333333333333,0.3333333333333333,0.0,0.3333333333333333,0.3333333333333333,0.0,-0.3333333333333333,-0.003203482193627796,-0.060767689557761635,-0.01850464944012614,0.02462540854998058,0.0035624686262588356,0.022309486027424,0.013218892938733618,0.010753466028154825,-0.013796971093334113,-0.032213289930825416,-0.05924963320081675,-0.024722614522491027,-0.03024159763507696,0.0004881796499519881,-0.013902125673709173,0.012814157403646186,-0.03316817963969153,-0.056741830324957415,2023-10-31,True,0.5333333333333333,0.03646150404770841,0.035470619100556655,0.6666666666666666,0.0006666666666666666,0.03579483738104174,0.034803952433889986,0.0,-0.3333333333333333,-0.3333333333333333,0.3333333333333333,0.0,0.3333333333333333,0.3333333333333333,0.0,-0.3333333333333333,-0.003203482193627796,-0.060767689557761635,-0.01850464944012614,0.02462540854998058,0.0035624686262588356,0.022309486027424,0.013218892938733618,0.010753466028154825,-0.013796971093334113,-0.032213289930825416,-0.05924963320081675,-0.024722614522491027,-0.03024159763507696,0.0004881796499519881,-0.013902125673709173,0.012814157403646186,-0.03316817963969153,-0.056741830324957415,0.0
2023-10-31,2023-11-30,True,-0.18333333333333335,-0.041818231830749404,-0.044305927865092555,3.333333333333333,0.003333333333333333,-0.04515156516408274,-0.04763926119842589,0.0,0.3333333333333333,-0.3333333333333333,0.0,-0.3333333333333333,0.0,-0.3333333333333333,0.3333333333333333,0.3333333333333333,-0.0066604265387138085,0.02359900090966381,-0.0114126380159435,0.0029309400797965382,-0.01008090753030385,-0.00978882121189533,-0.08774895378963804,0.01582086236177281,0.02326111800273295,0.08018446088426508,-0.007186173468028168,0.10381416738031429,0.08466196688670441,0.121292828162312,0.04043272404266843,0.05015350413939277,0.0529340279540559,0.10405794970374314,2023-11-30,True,-0.18333333333333335,-0.041818231830749404,-0.044305927865092555,3.333333333333333,0.003333333333333333,-0.04515156516408274,-0.04763926119842589,0.0,0.3333333333333333,-0.3333333333333333,0.0,-0.3333333333333333,0.0,-0.3333333333333333,0.3333333333333333,0.3333333333333333,-0.0066604265387138085,0.02359900090966381,-0.0114126380159435,0.0029309400797965382,-0.01008090753030385,-0.00978882121189533,-0.08774895378963804,0.01582086236177281,0.02326111800273295,0.08018446088426508,-0.007186173468028168,0.10381416738031429,0.08466196688670441,0.121292828162312,0.04043272404266843,0.05015350413939277,0.0529340279540559,0.10405794970374314,0.0
2023-11-30,2023-12-29,True,-0.41666666666666663,-0.02018862363151832,-0.020845168700535585,1.9999999999999998,0.0019999999999999996,-0.022188623631518318,-0.022845168700535583,0.0,0.3333333333333333,-0.3333333333333333,-0.3333333333333333,0.3333333333333333,0.0,0.0,-0.3333333333333333,0.3333333333333333,-0.004072574929370635,0.0602992850341605,-0.03351459286842427,-0.012267040428401824,0.005866562506845008,-0.006868017470950534,-0.011714297263282441,-0.012709608864533074,0.005045525141912479,0.04424055401834237,0.000771338412799649,0.05120528302681776,0.06827094811999897,0.0409758466850874,0.026755508030847957,0.018417512831320672,0.042351591929162,0.059514767083536695,2023-12-29,True,-0.41666666666666663,-0.02018862363151832,-0.020845168700535585,1.9999999999999998,0.0019999999999999996,-0.022188623631518318,-0.022845168700535583,0.0,0.3333333333333333,-0.3333333333333333,-0.3333333333333333,0.3333333333333333,0.0,0.0,-0.3333333333333333,0.3333333333333333,-0.004072574929370635,0.0602992850341605,-0.03351459286842427,-0.012267040428401824,0.005866562506845008,-0.006868017470950534,-0.011714297263282441,-0.012709608864533074,0.005045525141912479,0.04424055401834237,0.000771338412799649,0.05120528302681776,0.06827094811999897,0.0409758466850874,0.026755508030847957,0.018417512831320672,0.042351591929162,0.059514767083536695,0.0
2023-12-29,2024-01-31,True,-0.26666666666666666,-0.02440298208645499,-0.02425640590299883,0.0,0.0,-0.02440298208645499,-0.02425640590299883,0.0,0.3333333333333333,-0.3333333333333333,-0.3333333333333333,0.3333333333333333,0.0,0.0,-0.3333333333333333,0.3333333333333333,-0.01662210365520991,0.01646131343501975,-0.024352575065622335,-0.03845461729809767,0.03164801942467078,-0.0240243594738749,-0.009351984516098252,-0.036930855722997015,0.005387895626000075,-0.03970696402656459,-0.005141979317705759,0.030384817978496598,-0.009696825702254294,0.026657089848055822,0.012280097205914001,-0.03013542972047689,0.02890783649530388,-0.04512822801816885,2024-01-31,True,-0.26666666666666666,-0.02440298208645499,-0.02425640590299883,0.0,0.0,-0.02440298208645499,-0.02425640590299883,0.0,0.3333333333333333,-0.3333333333333333,-0.3333333333333333,0.3333333333333333,0.0,0.0,-0.3333333333333333,0.3333333333333333,-0.01662210365520991,0.01646131343501975,-0.024352575065622335,-0.03845461729809767,0.03164801942467078,-0.0240243594738749,-0.009351984516098252,-0.036930855722997015,0.005387895626000075,-0.03970696402656459,-0.005141979317705759,0.030384817978496598,-0.009696825702254294,0.026657089848055822,0.012280097205914001,-0.03013542972047689,0.02890783649530388,-0.04512822801816885,0.0
2024-01-31,2024-02-29,True,0.5333333333333333,0.01922585474772829,0.020402343208508707,2.0,0.002,0.017225854747728288,0.018402343208508705,0.3333333333333333,0.0,-0.3333333333333333,0.0,0.0,-0.3333333333333333,0.3333333333333333,-0.3333333333333333,0.3333333333333333,0.041279423986998305,0.0009915834182907084,-0.02499730669630432,0.01902153146686098,0.006021964934129963,-0.013066950408702923,0.0216459881777724,-0.025860862558997236,0.06398065148921767,0.06304714862083924,0.03220574914954471,0.03995464555084578,0.06937665440289577,0.04597274725753364,0.020764685442007227,0.010522206198176558,0.03113844919661614,0.07596598961363822,2024-02-29,True,0.5333333333333333,0.01922585474772829,0.020402343208508707,2.0,0.002,0.017225854747728288,0.018402343208508705,0.3333333333333333,0.0,-0.3333333333333333,0.0,0.0,-0.3333333333333333,0.3333333333333333,-0.3333333333333333,0.3333333333333333,0.041279423986998305,0.0009915834182907084,-0.02499730669630432,0.01902153146686098,0.006021964934129963,-0.013066950408702923,0.0216459881777724,-0.025860862558997236,0.06398065148921767,0.06304714862083924,0.03220574914954471,0.03995464555084578,0.06937665440289577,0.04597274725753364,0.020764685442007227,0.010522206198176558,0.03113844919661614,0.07596598961363822,0.0
2024-02-29,2024-03-28,True,0.016666666666666666,0.011654197639762987,0.01257308794910808,3.9999999999999996,0.003999999999999999,0.007654197639762988,0.00857308794910808,-0.3333333333333333,0.3333333333333333,0.0,-0.3333333333333333,0.3333333333333333,0.3333333333333333,0.0,0.0,-0.3333333333333333,-0.030525754028743756,-0.0018111610796606049,-0.003020539001356945,-0.02931540729361497,0.027437001576026743,-0.002710560873069674,-0.004706610543709527,-0.011654659212563175,-0.02113580997274702,0.06267760987396821,0.09972207644829263,0.04693716219362058,0.04325942136294708,0.00786303798898652,0.03266667897202721,0.06381939551515449,0.023499363447518466,-0.000647830746897904,2024-03-28,True,0.016666666666666666,0.011654197639762987,0.01257308794910808,3.9999999999999996,0.003999999999999999,0.007654197639762988,0.00857308794910808,-0.3333333333333333,0.3333333333333333,0.0,-0.3333333333333333,0.3333333333333333,0.3333333333333333,0.0,0.0,-0.3333333333333333,-0.030525754028743756,-0.0018111610796606049,-0.003020539001356945,-0.02931540729361497,0.027437001576026743,-0.002710560873069674,-0.004706610543709527,-0.011654659212563175,-0.02113580997274702,0.06267760987396821,0.09972207644829263,0.04693716219362058,0.04325942136294708,0.00786303798898652,0.03266667897202721,0.06381939551515449,0.023499363447518466,-0.000647830746897904,0.0
2024-03-28,2024-04-30,True,-0.7333333333333334,-0.03893283123853035,-0.03799904755361069,2.6666666666666665,0.0026666666666666666,-0.041599497905197014,-0.04066571422027736,-0.3333333333333333,-0.3333333333333333,0.0,0.0,0.3333333333333333,0.0,-0.3333333333333333,0.3333333333333333,0.3333333333333333,-0.045936760015447914,-0.08623363481897287,-0.01566505558398789,-0.015927851609555402,0.030338440814675637,-0.01931858253611384,-0.05766873129174305,0.0047134588436249176,0.030988911954469914,-0.04694566487193874,-0.009471726438264987,-0.04268336387186511,-0.03588550932995757,-0.059344036039763765,-0.011326376125593837,0.01646697362376921,-0.05138955706744116,-0.046015318294820653,2024-04-30,True,-0.7333333333333334,-0.03893283123853035,-0.03799904755361069,2.6666666666666665,0.0026666666666666666,-0.041599497905197014,-0.04066571422027736,-0.3333333333333333,-0.3333333333333333,0.0,0.0,0.3333333333333333,0.0,-0.3333333333333333,0.3333333333333333,0.3333333333333333,-0.045936760015447914,-0.08623363481897287,-0.01566505558398789,-0.015927851609555402,0.030338440814675637,-0.01931858253611384,-0.05766873129174305,0.0047134588436249176,0.030988911954469914,-0.04694566487193874,-0.009471726438264987,-0.04268336387186511,-0.03588550932995757,-0.059344036039763765,-0.011326376125593837,0.01646697362376921,-0.05138955706744116,-0.046015318294820653,0.0
2024-04-30,2024-05-31,True,0.016666666666666666,0.003816400405217228,0.0035112779998482556,2.0,0.002,0.001816400405217228,0.0015112779998482555,0.0,0.0,0.3333333333333333,0.0,0.3333333333333333,-0.3333333333333333,-0.3333333333333333,0.3333333333333333,-0.3333333333333333,0.0022420743729914,-0.0011405266868745323,0.006403966818353533,-0.006532382408798235,0.01077115850488984,-0.022665692530698417,-0.0543136822527221,0.016420184106480565,-0.021591679356770775,0.03219632069656975,-0.0034277546464951403,0.03122197140206344,0.016243442434269825,0.06837802002038791,0.024078508323484918,0.08581216645783779,0.02373099114247268,0.001991106567949645,2024-05-31,True,0.016666666666666666,0.003816400405217228,0.0035112779998482556,2.0,0.002,0.001816400405217228,0.0015112779998482555,0.0,0.0,0.3333333333333333,0.0,0.3333333333333333,-0.3333333333333333,-0.3333333333333333,0.3333333333333333,-0.3333333333333333,0.0022420743729914,-0.0011405266868745323,0.006403966818353533,-0.006532382408798235,0.01077115850488984,-0.022665692530698417,-0.0543136822527221,0.016420184106480565,-0.021591679356770775,0.03219632069656975,-0.0034277546464951403,0.03122197140206344,0.016243442434269825,0.06837802002038791,0.024078508323484918,0.08581216645783779,0.02373099114247268,0.001991106567949645,0.0
2024-05-31,2024-06-28,True,0.13333333333333333,-0.0007345093335489553,-0.0019456390440057807,2.6666666666666665,0.0026666666666666666,-0.003401176000215622,-0.004612305710672447,0.0,0.3333333333333333,0.0,0.3333333333333333,-0.3333333333333333,-0.3333333333333333,-0.3333333333333333,0.0,0.3333333333333333,0.015290317753372893,0.01900607998570831,0.01754006270921942,0.03038711641857189,-0.009309307584731155,-0.012690291625469037,-0.052278170906684074,0.0037775930805039274,0.048306812585521476,-0.03106081037399594,-0.014242622563320154,-0.008858034476748187,-0.009937816925022169,0.07543572822078914,-0.00235369858158342,-0.05702169119655262,0.01807567671343682,0.03803724993034856,2024-06-28,True,0.13333333333333333,-0.0007345093335489553,-0.0019456390440057807,2.6666666666666665,0.0026666666666666666,-0.003401176000215622,-0.004612305710672447,0.0,0.3333333333333333,0.0,0.3333333333333333,-0.3333333333333333,-0.3333333333333333,-0.3333333333333333,0.0,0.3333333333333333,0.015290317753372893,0.01900607998570831,0.01754006270921942,0.03038711641857189,-0.009309307584731155,-0.012690291625469037,-0.052278170906684074,0.0037775930805039274,0.048306812585521476,-0.03106081037399594,-0.014242622563320154,-0.008858034476748187,-0.009937816925022169,0.07543572822078914,-0.00235369858158342,-0.05702169119655262,0.01807567671343682,0.03803724993034856,0.0
2024-06-28,2024-07-31,True,0.6833333333333333,0.05002638107974025,0.05130072425599958,3.333333333333333,0.003333333333333333,0.04669304774640692,0.04796739092266625,0.3333333333333333,0.0,0.3333333333333333,0.0,-0.3333333333333333,0.0,0.3333333333333333,-0.3333333333333333,-0.3333333333333333,0.037538819327259616,0.008173993789909408,0.022522923859530603,0.022303784297696798,-0.007025796211344935,-0.0012436991204201713,0.04404497745341952,-0.012649262300888165,-0.018082965041630882,0.042455648411550306,0.022348449349160276,0.06201158549537833,0.04798100633006199,-0.033394073324325244,0.01644788631706169,0.06601413837741402,0.02627281818414158,0.02752348418530555,2024-07-31,True,0.6833333333333333,0.05002638107974025,0.05130072425599958,3.333333333333333,0.003333333333333333,0.04669304774640692,0.04796739092266625,0.3333333333333333,0.0,0.3333333333333333,0.0,-0.3333333333333333,0.0,0.3333333333333333,-0.3333333333333333,-0.3333333333333333,0.037538819327259616,0.008173993789909408,0.022522923859530603,0.022303784297696798,-0.007025796211344935,-0.0012436991204201713,0.04404497745341952,-0.012649262300888165,-0.018082965041630882,0.042455648411550306,0.022348449349160276,0.06201158549537833,0.04798100633006199,-0.033394073324325244,0.01644788631706169,0.06601413837741402,0.02627281818414158,0.02752348418530555,0.0
2024-07-31,2024-08-30,True,-0.35,-0.0178364862816629,-0.01777319711069342,4.0,0.004,-0.0218364862816629,-0.02177319711069342,-0.3333333333333333,0.3333333333333333,0.0,-0.3333333333333333,0.3333333333333333,0.3333333333333333,-0.3333333333333333,0.0,0.0,-0.05684867260867877,-0.01426635508858493,-0.04684571621068524,-0.05390471154642233,0.0510688125504654,-0.021654024645070057,-0.0706692426302814,-0.02690924253600034,-0.026743110348233456,0.022960053515231865,-0.020923232466653834,0.044710076490455206,0.027766862053859906,0.006968318347713047,0.05813567150093912,0.046963300657895266,0.0493532598730498,-0.0019751471909630856,2024-08-30,True,-0.35,-0.0178364862816629,-0.01777319711069342,4.0,0.004,-0.0218364862816629,-0.02177319711069342,-0.3333333333333333,0.3333333333333333,0.0,-0.3333333333333333,0.3333333333333333,0.3333333333333333,-0.3333333333333333,0.0,0.0,-0.05684867260867877,-0.01426635508858493,-0.04684571621068524,-0.05390471154642233,0.0510688125504654,-0.021654024645070057,-0.0706692426302814,-0.02690924253600034,-0.026743110348233456,0.022960053515231865,-0.020923232466653834,0.044710076490455206,0.027766862053859906,0.006968318347713047,0.05813567150093912,0.046963300657895266,0.0493532598730498,-0.0019751471909630856,0.0
2024-08-30,2024-09-30,True,0.09999999999999999,0.009095859374200852,0.010002752777259243,1.9999999999999998,0.0019999999999999996,0.007095859374200852,0.008002752777259243,0.0,0.3333333333333333,-0.3333333333333333,-0.3333333333333333,0.3333333333333333,-0.3333333333333333,0.0,0.0,0.3333333333333333,-0.0027337659132913314,0.008615922138385029,-0.023916729451381694,-0.016331417803493106,0.002425522512446085,-0.03183082062608691,-0.004518458292509536,-0.015491756637670969,0.007891694510282118,0.026482942268934953,-0.03064584592053271,-0.0056045742502510145,0.033067419117849065,0.026140697194835295,0.011221080225351338,0.06394109816907846,-0.01671358649332568,0.07047665194124937,2024-09-30,True,0.09999999999999999,0.009095859374200852,0.010002752777259243,1.9999999999999998,0.0019999999999999996,0.007095859374200852,0.008002752777259243,0.0,0.3333333333333333,-0.3333333333333333,-0.3333333333333333,0.3333333333333333,-0.3333333333333333,0.0,0.0,0.3333333333333333,-0.0027337659132913314,0.008615922138385029,-0.023916729451381694,-0.016331417803493106,0.002425522512446085,-0.03183082062608691,-0.004518458292509536,-0.015491756637670969,0.007891694510282118,0.026482942268934953,-0.03064584592053271,-0.0056045742502510145,0.033067419117849065,0.026140697194835295,0.011221080225351338,0.06394109816907846,-0.01671358649332568,0.07047665194124937,0.0
2024-09-30,2024-10-31,True,0.09999999999999999,0.015519956356830848,0.01577728982952408,3.333333333333333,0.003333333333333333,0.012186623023497514,0.012443956496190747,-0.3333333333333333,0.3333333333333333,0.3333333333333333,0.0,0.0,0.0,-0.3333333333333333,0.3333333333333333,-0.3333333333333333,-0.01666559718308773,0.03144142968563698,0.026944978008398426,-0.01592423209049714,-0.0034303696794458164,-0.001576460032877527,-0.04685125852991866,0.028823581608111336,-0.06184619032361986,-0.03151434835622363,0.008957530164675903,0.025273695727298835,-0.011958407328129826,-0.015714606394519853,-0.0353150837710772,-0.010828545303465836,-0.04753471538339279,-0.01752046490222113,2024-10-31,True,0.09999999999999999,0.015519956356830848,0.01577728982952408,3.333333333333333,0.003333333333333333,0.012186623023497514,0.012443956496190747,-0.3333333333333333,0.3333333333333333,0.3333333333333333,0.0,0.0,0.0,-0.3333333333333333,0.3333333333333333,-0.3333333333333333,-0.01666559718308773,0.03144142968563698,0.026944978008398426,-0.01592423209049714,-0.0034303696794458164,-0.001576460032877527,-0.04685125852991866,0.028823581608111336,-0.06184619032361986,-0.03151434835622363,0.008957530164675903,0.025273695727298835,-0.011958407328129826,-0.015714606394519853,-0.0353150837710772,-0.010828545303465836,-0.04753471538339279,-0.01752046490222113,0.0
2024-10-31,2024-11-29,True,-0.75,-0.06417043662730808,-0.06838584931592452,2.6666666666666665,0.0026666666666666666,-0.06683710329397474,-0.07105251598259119,0.0,0.0,-0.3333333333333333,0.0,-0.3333333333333333,0.3333333333333333,0.3333333333333333,0.3333333333333333,-0.3333333333333333,0.025070134193015434,0.016252029535454522,-0.016886577050269823,0.015387347898119061,-0.0175619223253173,0.03328445577015911,0.03897294445073765,0.04231275578227996,-0.00803022956472385,0.01477414774774045,0.07542120422885595,0.09944804628377371,0.07317343157231161,0.050408713418358925,0.03796228198937914,0.037095837570525876,0.0036699948886461387,0.12138266462834278,2024-11-29,True,-0.75,-0.06417043662730808,-0.06838584931592452,2.6666666666666665,0.0026666666666666666,-0.06683710329397474,-0.07105251598259119,0.0,0.0,-0.3333333333333333,0.0,-0.3333333333333333,0.3333333333333333,0.3333333333333333,0.3333333333333333,-0.3333333333333333,0.025070134193015434,0.016252029535454522,-0.016886577050269823,0.015387347898119061,-0.0175619223253173,0.03328445577015911,0.03897294445073765,0.04231275578227996,-0.00803022956472385,0.01477414774774045,0.07542120422885595,0.09944804628377371,0.07317343157231161,0.050408713418358925,0.03796228198937914,0.037095837570525876,0.0036699948886461387,0.12138266462834278,0.0
2024-11-29,2024-12-31,True,-0.08333333333333334,-0.012068688849979355,-0.011476243433098632,2.0,0.002,-0.014068688849979355,-0.013476243433098632,0.3333333333333333,-0.3333333333333333,-0.3333333333333333,0.0,0.3333333333333333,0.0,0.0,0.3333333333333333,-0.3333333333333333,0.023652021109480968,-0.06612749645250716,-0.045601353556281934,-0.024354546346509406,0.0261445795820475,-0.017008421610724803,-0.019903951847037336,0.023525067064877038,-0.06777213173489183,-0.11387472613532883,-0.10069993534673372,-0.05616210935978987,-0.08374245817011522,-0.0035532243256731245,-0.049429840432736634,-0.08310008611528091,-0.06456730580010284,0.011072854995356856,2024-12-31,True,-0.08333333333333334,-0.012068688849979355,-0.011476243433098632,2.0,0.002,-0.014068688849979355,-0.013476243433098632,0.3333333333333333,-0.3333333333333333,-0.3333333333333333,0.0,0.3333333333333333,0.0,0.0,0.3333333333333333,-0.3333333333333333,0.023652021109480968,-0.06612749645250716,-0.045601353556281934,-0.024354546346509406,0.0261445795820475,-0.017008421610724803,-0.019903951847037336,0.023525067064877038,-0.06777213173489183,-0.11387472613532883,-0.10069993534673372,-0.05616210935978987,-0.08374245817011522,-0.0035532243256731245,-0.049429840432736634,-0.08310008611528091,-0.06456730580010284,0.011072854995356856,0.0
2024-12-31,2025-01-31,True,0.06666666666666667,0.004290156545832044,0.004069818981428813,2.6666666666666665,0.0026666666666666666,0.0016234898791653777,0.001403152314762146,0.3333333333333333,0.3333333333333333,0.0,0.0,-0.3333333333333333,0.0,0.3333333333333333,-0.3333333333333333,-0.3333333333333333,0.08852432288961852,0.08805191132635648,0.049828959056546974,0.06275408765892057,-0.0520067424331431,0.05164049697027711,0.09146428954396318,0.04944352394422721,-0.0449606598681083,0.05379189149231915,0.02285140915414683,0.0629465782954908,0.04880468032387631,-0.007381316429233752,0.0046958929340732095,0.02852303143990346,0.06541468049344148,0.03426249838466557,2025-01-31,True,0.06666666666666667,0.004290156545832044,0.004069818981428813,2.6666666666666665,0.0026666666666666666,0.0016234898791653777,0.001403152314762146,0.3333333333333333,0.3333333333333333,0.0,0.0,-0.3333333333333333,0.0,0.3333333333333333,-0.3333333333333333,-0.3333333333333333,0.08852432288961852,0.08805191132635648,0.049828959056546974,0.06275408765892057,-0.0520067424331431,0.05164049697027711,0.09146428954396318,0.04944352394422721,-0.0449606598681083,0.05379189149231915,0.02285140915414683,0.0629465782954908,0.04880468032387631,-0.007381316429233752,0.0046958929340732095,0.02852303143990346,0.06541468049344148,0.03426249838466557,0.0
2025-01-31,2025-02-28,True,-0.08333333333333334,-0.024066676927060254,-0.022755485880548654,3.333333333333333,0.003333333333333333,-0.027400010260393588,-0.026088819213881988,-0.3333333333333333,0.0,-0.3333333333333333,0.0,0.3333333333333333,0.3333333333333333,0.0,-0.3333333333333333,0.3333333333333333,-0.05099520870821482,-0.0247812413508696,-0.03734369376826472,-0.027769239198501064,0.03730887215188119,0.0017354475664491005,-0.0067053429402108905,-0.06377409169719139,0.00012517993120963414,-0.0003378436478847016,0.03762208215010982,0.013700165913183973,-0.014708322894922621,-0.023141759389905328,0.050609144252366386,0.017059681063450436,0.013928525986527183,-0.07237656739181536,2025-02-28,True,-0.08333333333333334,-0.024066676927060254,-0.022755485880548654,3.333333333333333,0.003333333333333333,-0.027400010260393588,-0.026088819213881988,-0.3333333333333333,0.0,-0.3333333333333333,0.0,0.3333333333333333,0.3333333333333333,0.0,-0.3333333333333333,0.3333333333333333,-0.05099520870821482,-0.0247812413508696,-0.03734369376826472,-0.027769239198501064,0.03730887215188119,0.0017354475664491005,-0.0067053429402108905,-0.06377409169719139,0.00012517993120963414,-0.0003378436478847016,0.03762208215010982,0.013700165913183973,-0.014708322894922621,-0.023141759389905328,0.050609144252366386,0.017059681063450436,0.013928525986527183,-0.07237656739181536,0.0
2025-02-28,2025-03-31,True,-0.8166666666666667,-0.07204851942268013,-0.06966380750021037,2.0,0.002,-0.07404851942268013,-0.07166380750021037,0.0,-0.3333333333333333,0.0,0.3333333333333333,0.3333333333333333,-0.3333333333333333,0.0,-0.3333333333333333,0.3333333333333333,-0.015406919464529871,-0.020217405267987043,-0.014829353911544418,0.00044353892560436035,-0.008983199788579409,-0.04714790557694035,-0.01554446262339709,-0.031763174426882944,0.05123778141281829,-0.027065815895692954,0.03433601175128006,-0.042857835588006835,-0.03627960047400712,-0.08649535558573213,-0.011834221097507279,0.002391065075400217,-0.015939650442629193,-0.08680846199715755,2025-03-31,True,-0.8166666666666667,-0.07204851942268013,-0.06966380750021037,2.0,0.002,-0.07404851942268013,-0.07166380750021037,0.0,-0.3333333333333333,0.0,0.3333333333333333,0.3333333333333333,-0.3333333333333333,0.0,-0.3333333333333333,0.3333333333333333,-0.015406919464529871,-0.020217405267987043,-0.014829353911544418,0.00044353892560436035,-0.008983199788579409,-0.04714790557694035,-0.01554446262339709,-0.031763174426882944,0.05123778141281829,-0.027065815895692954,0.03433601175128006,-0.042857835588006835,-0.03627960047400712,-0.08649535558573213,-0.011834221097507279,0.002391065075400217,-0.015939650442629193,-0.08680846199715755,0.0
2025-03-31,2025-04-30,True,0.26666666666666666,0.045551727140419294,0.041949605893281144,2.6666666666666665,0.0026666666666666666,0.04288506047375263,0.03928293922661448,-0.3333333333333333,-0.3333333333333333,0.3333333333333333,0.0,-0.3333333333333333,0.3333333333333333,0.0,0.0,0.3333333333333333,-0.02013724107817802,-0.06361309810004373,0.012524887056005232,-0.011613415287685802,-0.018463098985727046,0.007531710776459928,-0.0031705352458340566,-0.008999681854929232,0.014427700535679879,-0.024608477293704217,-0.1491694147902146,-0.021305604851924162,0.0011436691247446841,0.016761099297992264,0.001957326894807678,0.0006340307733833225,-0.03868133110273055,-0.0010133334075521552,2025-04-30,True,0.26666666666666666,0.045551727140419294,0.041949605893281144,2.6666666666666665,0.0026666666666666666,0.04288506047375263,0.03928293922661448,-0.3333333333333333,-0.3333333333333333,0.3333333333333333,0.0,-0.3333333333333333,0.3333333333333333,0.0,0.0,0.3333333333333333,-0.02013724107817802,-0.06361309810004373,0.012524887056005232,-0.011613415287685802,-0.018463098985727046,0.007531710776459928,-0.0031705352458340566,-0.008999681854929232,0.014427700535679879,-0.024608477293704217,-0.1491694147902146,-0.021305604851924162,0.0011436691247446841,0.016761099297992264,0.001957326894807678,0.0006340307733833225,-0.03868133110273055,-0.0010133334075521552,0.0
2025-04-30,2025-05-30,True,-0.7166666666666667,-0.08693392595178917,-0.08993515762165134,2.6666666666666665,0.0026666666666666666,-0.08960059261845583,-0.09260182428831801,0.0,0.3333333333333333,0.3333333333333333,-0.3333333333333333,-0.3333333333333333,0.0,0.0,0.3333333333333333,-0.3333333333333333,0.014162659358243923,0.15171034208898565,0.03067907154449025,-0.007665438581522694,-0.04813959889069131,0.011858594155517878,0.021764552434001255,0.04019542884143991,-0.016384163442869505,0.028786586657761026,0.012713949426490477,0.044130860209839924,0.08470974334962512,0.09506338091360328,0.0121463933089402,0.0375618332335321,-0.0573551512800063,0.08051831194846323,2025-05-30,True,-0.7166666666666667,-0.08693392595178917,-0.08993515762165134,2.6666666666666665,0.0026666666666666666,-0.08960059261845583,-0.09260182428831801,0.0,0.3333333333333333,0.3333333333333333,-0.3333333333333333,-0.3333333333333333,0.0,0.0,0.3333333333333333,-0.3333333333333333,0.014162659358243923,0.15171034208898565,0.03067907154449025,-0.007665438581522694,-0.04813959889069131,0.011858594155517878,0.021764552434001255,0.04019542884143991,-0.016384163442869505,0.028786586657761026,0.012713949426490477,0.044130860209839924,0.08470974334962512,0.09506338091360328,0.0121463933089402,0.0375618332335321,-0.0573551512800063,0.08051831194846323,0.0
2025-05-30,2025-06-30,True,-0.16666666666666669,-0.01624780527148912,-0.01741971020778863,0.0,0.0,-0.01624780527148912,-0.01741971020778863,0.0,0.3333333333333333,0.3333333333333333,-0.3333333333333333,-0.3333333333333333,0.0,0.0,0.3333333333333333,-0.3333333333333333,0.00829307911603562,0.020821649243057714,0.015034690214063805,-0.02966299659861131,-0.015922931470724135,0.00829994832164127,-0.003984221006147196,0.07653182237633283,-0.00880867836741297,0.021963466222804776,0.047544324845636886,0.030714050260734965,0.03541765187769859,0.09392609709133365,-0.0158751616310185,0.003740219417303696,0.020841796811153376,0.018499838762960356,2025-06-30,True,-0.16666666666666669,-0.01624780527148912,-0.01741971020778863,0.0,0.0,-0.01624780527148912,-0.01741971020778863,0.0,0.3333333333333333,0.3333333333333333,-0.3333333333333333,-0.3333333333333333,0.0,0.0,0.3333333333333333,-0.3333333333333333,0.00829307911603562,0.020821649243057714,0.015034690214063805,-0.02966299659861131,-0.015922931470724135,0.00829994832164127,-0.003984221006147196,0.07653182237633283,-0.00880867836741297,0.021963466222804776,0.047544324845636886,0.030714050260734965,0.03541765187769859,0.09392609709133365,-0.0158751616310185,0.003740219417303696,0.020841796811153376,0.018499838762960356,0.0
2025-06-30,2025-07-31,True,-0.19999999999999998,-0.009335767353323917,-0.009779408628143799,2.6666666666666665,0.0026666666666666666,-0.012002434019990583,-0.012446075294810465,0.0,-0.3333333333333333,0.3333333333333333,0.0,-0.3333333333333333,0.3333333333333333,0.0,-0.3333333333333333,0.3333333333333333,0.008092009861552245,-0.010277309276834413,0.017882630927070552,0.012292172576192232,-0.029102777105084944,0.02401968162899197,0.014780686646152145,-0.009899769786835483,0.04715558359102732,-0.0009114587306445297,0.02790553804690816,1.3010426069826053e-17,0.029982587192119277,0.036866804403144514,-0.014805917991890644,0.047938494999491696,-0.032881453817610685,0.01868950456436086,2025-07-31,True,-0.19999999999999998,-0.009335767353323917,-0.009779408628143799,2.6666666666666665,0.0026666666666666666,-0.012002434019990583,-0.012446075294810465,0.0,-0.3333333333333333,0.3333333333333333,0.0,-0.3333333333333333,0.3333333333333333,0.0,-0.3333333333333333,0.3333333333333333,0.008092009861552245,-0.010277309276834413,0.017882630927070552,0.012292172576192232,-0.029102777105084944,0.02401968162899197,0.014780686646152145,-0.009899769786835483,0.04715558359102732,-0.0009114587306445297,0.02790553804690816,1.3010426069826053e-17,0.029982587192119277,0.036866804403144514,-0.014805917991890644,0.047938494999491696,-0.032881453817610685,0.01868950456436086,0.0
2025-07-31,2025-08-29,True,0.7999999999999999,0.03215720082447071,0.03282170902349829,1.9999999999999998,0.0019999999999999996,0.030157200824470713,0.030821709023498293,0.3333333333333333,-0.3333333333333333,0.0,0.0,-0.3333333333333333,0.3333333333333333,-0.3333333333333333,0.3333333333333333,0.0,0.038645852679594056,-0.012365876341409688,0.03439469702046777,0.0012654142657204247,-0.01869225665165148,0.0363046427578955,-0.02316925574897372,0.04644095032063837,0.013404837026314105,0.05056351106242566,0.03581473919946401,0.03046496542334134,-5.0306980803327406e-17,-0.0011044663311328886,0.01245647912369846,-0.01588374951347762,0.05227813564214154,0.04550954814611684,2025-08-29,True,0.7999999999999999,0.03215720082447071,0.03282170902349829,1.9999999999999998,0.0019999999999999996,0.030157200824470713,0.030821709023498293,0.3333333333333333,-0.3333333333333333,0.0,0.0,-0.3333333333333333,0.3333333333333333,-0.3333333333333333,0.3333333333333333,0.0,0.038645852679594056,-0.012365876341409688,0.03439469702046777,0.0012654142657204247,-0.01869225665165148,0.0363046427578955,-0.02316925574897372,0.04644095032063837,0.013404837026314105,0.05056351106242566,0.03581473919946401,0.03046496542334134,-5.0306980803327406e-17,-0.0011044663311328886,0.01245647912369846,-0.01588374951347762,0.05227813564214154,0.04550954814611684,0.0
2025-08-29,2025-09-30,True,0.6166666666666666,0.04740735032634492,0.048492017389640915,3.333333333333333,0.003333333333333333,0.04407401699301158,0.04515868405630758,-0.3333333333333333,-0.3333333333333333,0.0,0.3333333333333333,0.3333333333333333,0.0,0.3333333333333333,-0.3333333333333333,0.0,-0.044771393757068394,-0.03175959588913334,-0.0075923449218183465,0.02195187402228121,0.027075078833941897,-0.006715897287637917,0.033061068422806816,-0.05809912888963845,-0.01907851839036228,-0.024514527420538904,-0.0031871717990215355,0.0010614394827431544,0.01862157077051583,0.0726343338169346,-0.023449450564441886,0.04040877127931798,0.01714432410729408,0.03528400141357539,2025-09-30,True,0.6166666666666666,0.04740735032634492,0.048492017389640915,3.333333333333333,0.003333333333333333,0.04407401699301158,0.04515868405630758,-0.3333333333333333,-0.3333333333333333,0.0,0.3333333333333333,0.3333333333333333,0.0,0.3333333333333333,-0.3333333333333333,0.0,-0.044771393757068394,-0.03175959588913334,-0.0075923449218183465,0.02195187402228121,0.027075078833941897,-0.006715897287637917,0.033061068422806816,-0.05809912888963845,-0.01907851839036228,-0.024514527420538904,-0.0031871717990215355,0.0010614394827431544,0.01862157077051583,0.0726343338169346,-0.023449450564441886,0.04040877127931798,0.01714432410729408,0.03528400141357539,0.0
2025-09-30,2025-10-31,True,-0.9666666666666667,-0.07409144184052945,-0.0745110003298455,3.333333333333333,0.003333333333333333,-0.07742477517386277,-0.07784433366317883,0.3333333333333333,0.0,0.3333333333333333,0.0,-0.3333333333333333,0.3333333333333333,-0.3333333333333333,-0.3333333333333333,0.0,0.04106092979601725,0.024115870095802294,0.03282601616486601,0.013600561970959279,-0.02621668720953467,0.027800771154559513,-0.02238307337383455,-0.015822370398025403,0.0071473155896566685,-0.045075906722981125,-0.013636219303351363,-0.02823992380936445,0.005367079790924423,0.06463611594997934,-0.02703042427970083,0.02144028387047007,0.035851670889092524,0.0012093415946812756,2025-10-31,True,-0.9666666666666667,-0.07409144184052945,-0.0745110003298455,3.333333333333333,0.003333333333333333,-0.07742477517386277,-0.07784433366317883,0.3333333333333333,0.0,0.3333333333333333,0.0,-0.3333333333333333,0.3333333333333333,-0.3333333333333333,-0.3333333333333333,0.0,0.04106092979601725,0.024115870095802294,0.03282601616486601,0.013600561970959279,-0.02621668720953467,0.027800771154559513,-0.02238307337383455,-0.015822370398025403,0.0071473155896566685,-0.045075906722981125,-0.013636219303351363,-0.02823992380936445,0.005367079790924423,0.06463611594997934,-0.02703042427970083,0.02144028387047007,0.035851670889092524,0.0012093415946812756,0.0
2025-10-31,2025-11-28,True,0.3,0.014641168407639831,0.013468087234563712,0.0,0.0,0.014641168407639831,0.013468087234563712,0.3333333333333333,0.0,0.3333333333333333,0.0,-0.3333333333333333,0.3333333333333333,-0.3333333333333333,-0.3333333333333333,0.0,0.04585218196356075,0.008006808986536218,0.035557722909405856,0.010239534015798548,-0.02205170613138187,0.021491497939266455,0.000380488529915882,-0.00772174827987379,0.01949685916270591,0.04261810949834807,0.02598424223742259,0.018165241714270197,-0.00887453742636993,-0.049285786082059836,0.03970968343817436,0.017025884041613815,0.08882943146831915,-0.014568111093985994,2025-11-28,True,0.3,0.014641168407639831,0.013468087234563712,0.0,0.0,0.014641168407639831,0.013468087234563712,0.3333333333333333,0.0,0.3333333333333333,0.0,-0.3333333333333333,0.3333333333333333,-0.3333333333333333,-0.3333333333333333,0.0,0.04585218196356075,0.008006808986536218,0.035557722909405856,0.010239534015798548,-0.02205170613138187,0.021491497939266455,0.000380488529915882,-0.00772174827987379,0.01949685916270591,0.04261810949834807,0.02598424223742259,0.018165241714270197,-0.00887453742636993,-0.049285786082059836,0.03970968343817436,0.017025884041613815,0.08882943146831915,-0.014568111093985994,0.0
2025-11-28,2025-12-31,True,0.18333333333333335,0.009823925852837593,0.009785693705391525,3.3333333333333335,0.0033333333333333335,0.006490592519504259,0.0064523603720581905,-0.3333333333333333,-0.3333333333333333,0.0,0.3333333333333333,0.3333333333333333,0.0,0.0,-0.3333333333333333,0.3333333333333333,-0.04317871773288436,-0.04295267484789896,-0.031785042413108776,0.002039145248611754,0.055822114959947065,-0.042602742978113825,-0.001075693328130468,-0.09655539211763912,0.0006965423926567887,0.019585355502497112,-0.0029646344323709098,0.030132467258658622,0.012680604435595625,0.007506955184206831,-0.013532010496160693,-0.052209465120553314,-0.01399397542596393,0.011910963582872594,2025-12-31,True,0.18333333333333335,0.009823925852837593,0.009785693705391525,3.3333333333333335,0.0033333333333333335,0.006490592519504259,0.0064523603720581905,-0.3333333333333333,-0.3333333333333333,0.0,0.3333333333333333,0.3333333333333333,0.0,0.0,-0.3333333333333333,0.3333333333333333,-0.04317871773288436,-0.04295267484789896,-0.031785042413108776,0.002039145248611754,0.055822114959947065,-0.042602742978113825,-0.001075693328130468,-0.09655539211763912,0.0006965423926567887,0.019585355502497112,-0.0029646344323709098,0.030132467258658622,0.012680604435595625,0.007506955184206831,-0.013532010496160693,-0.052209465120553314,-0.01399397542596393,0.011910963582872594,0.0
2025-12-31,2026-01-30,True,0.25,0.03175926989843637,0.03376251214670894,3.3333333333333335,0.0033333333333333335,0.028425936565103033,0.030429178813375604,-0.3333333333333333,0.3333333333333333,-0.3333333333333333,-0.3333333333333333,0.0,0.3333333333333333,0.3333333333333333,0.0,0.0,-0.025789303903434257,0.010710766980228277,-0.03489905117704917,-0.021945610655797212,0.0017662589169199203,0.01010298850133941,0.036192820200817113,0.003986425147313039,-0.013861984286880598,0.08290522044337398,0.13260830663432338,-0.024583094702544953,0.06440965722850653,-0.000625230077768605,0.07236870356861133,0.01303258246170995,-0.0003875858817717877,0.014631543360680021,2026-01-30,True,0.25,0.03175926989843637,0.03376251214670894,3.3333333333333335,0.0033333333333333335,0.028425936565103033,0.030429178813375604,-0.3333333333333333,0.3333333333333333,-0.3333333333333333,-0.3333333333333333,0.0,0.3333333333333333,0.3333333333333333,0.0,0.0,-0.025789303903434257,0.010710766980228277,-0.03489905117704917,-0.021945610655797212,0.0017662589169199203,0.01010298850133941,0.036192820200817113,0.003986425147313039,-0.013861984286880598,0.08290522044337398,0.13260830663432338,-0.024583094702544953,0.06440965722850653,-0.000625230077768605,0.07236870356861133,0.01303258246170995,-0.0003875858817717877,0.014631543360680021,0.0
2026-01-30,2026-02-27,True,-0.7166666666666667,-0.09554948348930643,-0.0983903018536291,3.333333333333333,0.003333333333333333,-0.09888281682263976,-0.10172363518696242,-0.3333333333333333,-0.3333333333333333,0.3333333333333333,0.0,0.3333333333333333,-0.3333333333333333,0.0,0.3333333333333333,0.0,-0.06864483242408398,-0.12439074246465326,0.03640120493408463,-0.045109156543895565,0.020984704623431792,-0.0628931257336217,0.0021248881240839576,0.013165358151234858,-0.007043389902166134,0.08068260233299346,0.09111651320191928,-0.038337805266384764,0.06833168914086701,-0.03623384738356057,0.07495434499445541,0.09856284937994383,0.034676662711394204,-0.036217909333615114,2026-02-27,True,-0.7166666666666667,-0.09554948348930643,-0.0983903018536291,3.333333333333333,0.003333333333333333,-0.09888281682263976,-0.10172363518696242,-0.3333333333333333,-0.3333333333333333,0.3333333333333333,0.0,0.3333333333333333,-0.3333333333333333,0.0,0.3333333333333333,0.0,-0.06864483242408398,-0.12439074246465326,0.03640120493408463,-0.045109156543895565,0.020984704623431792,-0.0628931257336217,0.0021248881240839576,0.013165358151234858,-0.007043389902166134,0.08068260233299346,0.09111651320191928,-0.038337805266384764,0.06833168914086701,-0.03623384738356057,0.07495434499445541,0.09856284937994383,0.034676662711394204,-0.036217909333615114,0.0
2026-02-27,2026-03-31,True,-0.19999999999999998,-0.041000830541877545,-0.04281845857395068,1.3333333333333333,0.0013333333333333333,-0.04233416387521088,-0.044151791907284015,0.0,-0.3333333333333333,0.3333333333333333,0.0,0.3333333333333333,-0.3333333333333333,-0.3333333333333333,0.0,0.3333333333333333,-0.07382017925495958,-0.11474417154461802,0.011494452882498441,-0.07903399652217441,0.05517058275474884,-0.08664581723527386,-0.09390836830765889,-0.043550496691352844,0.01674634135963659,-0.06213782893937286,0.09771752844274145,-0.035751513242302274,-0.08820613116919199,-0.04190635504194676,-0.08783244545547769,-0.03234585492404122,-0.0845445440923774,-0.06780539527816107,2026-03-31,True,-0.19999999999999998,-0.041000830541877545,-0.04281845857395068,1.3333333333333333,0.0013333333333333333,-0.04233416387521088,-0.044151791907284015,0.0,-0.3333333333333333,0.3333333333333333,0.0,0.3333333333333333,-0.3333333333333333,-0.3333333333333333,0.0,0.3333333333333333,-0.07382017925495958,-0.11474417154461802,0.011494452882498441,-0.07903399652217441,0.05517058275474884,-0.08664581723527386,-0.09390836830765889,-0.043550496691352844,0.01674634135963659,-0.06213782893937286,0.09771752844274145,-0.035751513242302274,-0.08820613116919199,-0.04190635504194676,-0.08783244545547769,-0.03234585492404122,-0.0845445440923774,-0.06780539527816107,0.0
2026-03-31,2026-04-30,True,-0.03333333333333333,-0.036656561172450336,-0.042042514256102385,3.3333333333333335,0.0033333333333333335,-0.03998989450578367,-0.04537584758943572,0.0,-0.3333333333333333,-0.3333333333333333,0.3333333333333333,-0.3333333333333333,0.3333333333333333,0.0,0.3333333333333333,0.0,0.01711070130090723,-0.10508033180709768,-0.02131732934258063,0.05993696768487057,-0.01794972660363994,0.06277452307313643,0.01654606175677796,0.04365375048129432,-0.007569743446413176,0.02957627188780303,-0.026632895839940298,0.054397658884414495,0.07645483253687957,0.1824470179089751,0.02802504343840382,0.020703824097586983,-0.004237778539185076,0.08248187476263304,2026-04-30,True,-0.03333333333333333,-0.036656561172450336,-0.042042514256102385,3.3333333333333335,0.0033333333333333335,-0.03998989450578367,-0.04537584758943572,0.0,-0.3333333333333333,-0.3333333333333333,0.3333333333333333,-0.3333333333333333,0.3333333333333333,0.0,0.3333333333333333,0.0,0.01711070130090723,-0.10508033180709768,-0.02131732934258063,0.05993696768487057,-0.01794972660363994,0.06277452307313643,0.01654606175677796,0.04365375048129432,-0.007569743446413176,0.02957627188780303,-0.026632895839940298,0.054397658884414495,0.07645483253687957,0.1824470179089751,0.02802504343840382,0.020703824097586983,-0.004237778539185076,0.08248187476263304,0.0
2026-04-30,2026-05-29,True,-0.3,-0.06454645486792379,-0.06972347882802839,2.0,0.002,-0.0665464548679238,-0.07172347882802839,0.3333333333333333,0.3333333333333333,-0.3333333333333333,0.0,-0.3333333333333333,-0.3333333333333333,0.0,0.3333333333333333,0.0,0.054458616099577944,0.09294954095870814,0.018831527742531218,0.020388522946488172,-0.04160008617678307,-0.007998333484157133,0.024155827219543884,0.054114015706006366,0.023285912372696976,-0.006236651780145596,-0.05797723530208476,-0.010606604989596816,-0.008340333824146423,0.18033424604675255,-0.01674467677075634,-0.05326126699643113,0.023557486764858394,0.02106934339025608,2026-05-29,True,-0.3,-0.06454645486792379,-0.06972347882802839,2.0,0.002,-0.0665464548679238,-0.07172347882802839,0.3333333333333333,0.3333333333333333,-0.3333333333333333,0.0,-0.3333333333333333,-0.3333333333333333,0.0,0.3333333333333333,0.0,0.054458616099577944,0.09294954095870814,0.018831527742531218,0.020388522946488172,-0.04160008617678307,-0.007998333484157133,0.024155827219543884,0.054114015706006366,0.023285912372696976,-0.006236651780145596,-0.05797723530208476,-0.010606604989596816,-0.008340333824146423,0.18033424604675255,-0.01674467677075634,-0.05326126699643113,0.023557486764858394,0.02106934339025608,0.0
2026-05-29,2026-06-30,True,-0.2833333333333333,-0.03270865212592074,-0.03287292976911774,1.3333333333333333,0.0013333333333333333,-0.03404198545925407,-0.03420626310245107,0.3333333333333333,0.3333333333333333,0.0,0.0,-0.3333333333333333,-0.3333333333333333,0.3333333333333333,-0.3333333333333333,0.0,0.04438157142484193,0.07972697530665777,0.042821162305972646,0.038960914708050326,-0.08675383551777824,0.010009866986202941,0.050294500899863356,-0.01597428276030645,0.027388024458723414,-0.0025435961087575303,-0.05096581678427989,0.04209846610011003,0.07001279568304378,-0.0014293092901751549,0.008842494819811473,0.02686509089824317,0.06406844885333166,-0.028160723254317517,2026-06-30,True,-0.2833333333333333,-0.03270865212592074,-0.03287292976911774,1.3333333333333333,0.0013333333333333333,-0.03404198545925407,-0.03420626310245107,0.3333333333333333,0.3333333333333333,0.0,0.0,-0.3333333333333333,-0.3333333333333333,0.3333333333333333,-0.3333333333333333,0.0,0.04438157142484193,0.07972697530665777,0.042821162305972646,0.038960914708050326,-0.08675383551777824,0.010009866986202941,0.050294500899863356,-0.01597428276030645,0.027388024458723414,-0.0025435961087575303,-0.05096581678427989,0.04209846610011003,0.07001279568304378,-0.0014293092901751549,0.008842494819811473,0.02686509089824317,0.06406844885333166,-0.028160723254317517,0.0
2026-06-30,2026-07-31,True,0.18333333333333335,0.013799402815519406,0.015235848866642256,1.9999999999999998,0.0019999999999999996,0.011799402815519406,0.013235848866642256,0.3333333333333333,0.3333333333333333,-0.3333333333333333,-0.3333333333333333,0.0,0.0,0.0,-0.3333333333333333,0.3333333333333333,-0.005764246147444502,0.08173986924455832,-0.06179666210085348,-0.07901937945422381,-0.005932809436377945,-0.007421093546929616,-0.024831084191799017,-0.06619305908999364,-8.694493004489726e-05,-0.007900525341814107,0.11445103706304058,0.06026242850720034,-0.029530726726750695,-0.08297318696411808,0.02355573254653448,-0.022076974094596462,0.02422209456883791,-0.010198506925380713,2026-07-31,True,0.18333333333333335,0.013799402815519406,0.015235848866642256,1.9999999999999998,0.0019999999999999996,0.011799402815519406,0.013235848866642256,0.3333333333333333,0.3333333333333333,-0.3333333333333333,-0.3333333333333333,0.0,0.0,0.0,-0.3333333333333333,0.3333333333333333,-0.005764246147444502,0.08173986924455832,-0.06179666210085348,-0.07901937945422381,-0.005932809436377945,-0.007421093546929616,-0.024831084191799017,-0.06619305908999364,-8.694493004489726e-05,-0.007900525341814107,0.11445103706304058,0.06026242850720034,-0.029530726726750695,-0.08297318696411808,0.02355573254653448,-0.022076974094596462,0.02422209456883791,-0.010198506925380713,0.0
2026-07-31,2026-08-10,False,0.43333333333333335,0.011466878495153836,0.012279141310921738,3.3333333333333335,0.0033333333333333335,0.008133545161820502,0.008945807977588404,0.0,-0.3333333333333333,-0.3333333333333333,0.3333333333333333,0.3333333333333333,-0.3333333333333333,0.3333333333333333,0.0,0.0,0.01225187726606989,-0.09306186665934535,-0.04084173269439951,0.022537234931027838,0.061553535475986174,-0.014305112956593598,0.01747672010029757,-0.006633702830690575,0.004483227318551351,0.05309614941331099,0.010523793283385666,0.015163737117956134,0.026123808790042533,0.0606816534921716,-0.001176542530020511,-0.027893838925431326,0.0355939522637603,0.030372218480048084,,,,,,,,,,,,,,,,,,,,,,,,,,,,,,,,,,,,,
